2025-10-28 17:03:43,361 | INFO | Device: cuda
2025-10-28 17:03:59,050 | INFO | Training epoch 1, Batch 1000/1000: LR=1.00e-04, Loss=2.43e-01 BER=1.10e-01 FER=7.28e-01
2025-10-28 17:03:59,082 | INFO | Epoch 1 Train Time 14.518604755401611s

2025-10-28 17:03:59,082 | INFO | [P1] saving best_model with loss 0.242531 at epoch 1
2025-10-28 17:04:13,827 | INFO | Training epoch 2, Batch 1000/1000: LR=1.00e-04, Loss=8.87e-02 BER=1.76e-02 FER=5.89e-01
2025-10-28 17:04:13,880 | INFO | Epoch 2 Train Time 14.782856225967407s

2025-10-28 17:04:13,881 | INFO | [P1] saving best_model with loss 0.088656 at epoch 2
2025-10-28 17:04:26,246 | INFO | Training epoch 3, Batch 1000/1000: LR=1.00e-04, Loss=8.77e-02 BER=1.74e-02 FER=5.86e-01
2025-10-28 17:04:26,305 | INFO | Epoch 3 Train Time 12.408361434936523s

2025-10-28 17:04:26,305 | INFO | [P1] saving best_model with loss 0.087719 at epoch 3
2025-10-28 17:04:39,976 | INFO | Training epoch 4, Batch 1000/1000: LR=1.00e-04, Loss=8.55e-02 BER=1.75e-02 FER=5.88e-01
2025-10-28 17:04:40,023 | INFO | Epoch 4 Train Time 13.702382564544678s

2025-10-28 17:04:40,023 | INFO | [P1] saving best_model with loss 0.085482 at epoch 4
2025-10-28 17:04:53,534 | INFO | Training epoch 5, Batch 1000/1000: LR=1.00e-04, Loss=7.96e-02 BER=1.77e-02 FER=5.90e-01
2025-10-28 17:04:53,597 | INFO | Epoch 5 Train Time 13.567168712615967s

2025-10-28 17:04:53,597 | INFO | [P1] saving best_model with loss 0.079564 at epoch 5
2025-10-28 17:05:05,482 | INFO | Training epoch 6, Batch 1000/1000: LR=1.00e-04, Loss=7.82e-02 BER=1.76e-02 FER=5.92e-01
2025-10-28 17:05:05,533 | INFO | Epoch 6 Train Time 11.922408103942871s

2025-10-28 17:05:05,534 | INFO | [P1] saving best_model with loss 0.078215 at epoch 6
2025-10-28 17:05:19,066 | INFO | Training epoch 7, Batch 1000/1000: LR=1.00e-04, Loss=7.72e-02 BER=1.76e-02 FER=5.90e-01
2025-10-28 17:05:19,122 | INFO | Epoch 7 Train Time 13.567257404327393s

2025-10-28 17:05:19,122 | INFO | [P1] saving best_model with loss 0.077219 at epoch 7
2025-10-28 17:05:32,888 | INFO | Training epoch 8, Batch 1000/1000: LR=1.00e-04, Loss=7.60e-02 BER=1.76e-02 FER=5.90e-01
2025-10-28 17:05:32,925 | INFO | Epoch 8 Train Time 13.791247606277466s

2025-10-28 17:05:32,926 | INFO | [P1] saving best_model with loss 0.076011 at epoch 8
2025-10-28 17:05:46,050 | INFO | Training epoch 9, Batch 1000/1000: LR=1.00e-04, Loss=7.39e-02 BER=1.75e-02 FER=5.88e-01
2025-10-28 17:05:46,108 | INFO | Epoch 9 Train Time 13.17000699043274s

2025-10-28 17:05:46,109 | INFO | [P1] saving best_model with loss 0.073948 at epoch 9
2025-10-28 17:05:57,715 | INFO | Training epoch 10, Batch 1000/1000: LR=1.00e-04, Loss=7.20e-02 BER=1.76e-02 FER=5.91e-01
2025-10-28 17:05:57,759 | INFO | Epoch 10 Train Time 11.639410257339478s

2025-10-28 17:05:57,759 | INFO | [P1] saving best_model with loss 0.071984 at epoch 10
2025-10-28 17:06:12,229 | INFO | Training epoch 11, Batch 1000/1000: LR=1.00e-04, Loss=6.88e-02 BER=1.75e-02 FER=5.89e-01
2025-10-28 17:06:12,283 | INFO | Epoch 11 Train Time 14.510320901870728s

2025-10-28 17:06:12,283 | INFO | [P1] saving best_model with loss 0.068823 at epoch 11
2025-10-28 17:06:26,275 | INFO | Training epoch 12, Batch 1000/1000: LR=1.00e-04, Loss=6.56e-02 BER=1.72e-02 FER=5.73e-01
2025-10-28 17:06:26,325 | INFO | Epoch 12 Train Time 14.029867887496948s

2025-10-28 17:06:26,325 | INFO | [P1] saving best_model with loss 0.065563 at epoch 12
2025-10-28 17:06:40,414 | INFO | Training epoch 13, Batch 1000/1000: LR=1.00e-04, Loss=6.32e-02 BER=1.68e-02 FER=5.41e-01
2025-10-28 17:06:40,463 | INFO | Epoch 13 Train Time 14.12917423248291s

2025-10-28 17:06:40,464 | INFO | [P1] saving best_model with loss 0.063176 at epoch 13
2025-10-28 17:06:52,743 | INFO | Training epoch 14, Batch 1000/1000: LR=1.00e-04, Loss=6.12e-02 BER=1.61e-02 FER=4.97e-01
2025-10-28 17:06:52,787 | INFO | Epoch 14 Train Time 12.311485767364502s

2025-10-28 17:06:52,787 | INFO | [P1] saving best_model with loss 0.061150 at epoch 14
2025-10-28 17:07:05,856 | INFO | Training epoch 15, Batch 1000/1000: LR=1.00e-04, Loss=5.93e-02 BER=1.54e-02 FER=4.54e-01
2025-10-28 17:07:05,906 | INFO | Epoch 15 Train Time 13.108718872070312s

2025-10-28 17:07:05,906 | INFO | [P1] saving best_model with loss 0.059282 at epoch 15
2025-10-28 17:07:20,402 | INFO | Training epoch 16, Batch 1000/1000: LR=1.00e-04, Loss=5.75e-02 BER=1.47e-02 FER=4.11e-01
2025-10-28 17:07:20,453 | INFO | Epoch 16 Train Time 14.532440423965454s

2025-10-28 17:07:20,453 | INFO | [P1] saving best_model with loss 0.057540 at epoch 16
2025-10-28 17:07:34,821 | INFO | Training epoch 17, Batch 1000/1000: LR=1.00e-04, Loss=5.61e-02 BER=1.41e-02 FER=3.78e-01
2025-10-28 17:07:34,880 | INFO | Epoch 17 Train Time 14.411882638931274s

2025-10-28 17:07:34,880 | INFO | [P1] saving best_model with loss 0.056139 at epoch 17
2025-10-28 17:07:48,682 | INFO | Training epoch 18, Batch 1000/1000: LR=1.00e-04, Loss=5.49e-02 BER=1.37e-02 FER=3.54e-01
2025-10-28 17:07:48,741 | INFO | Epoch 18 Train Time 13.844889640808105s

2025-10-28 17:07:48,741 | INFO | [P1] saving best_model with loss 0.054858 at epoch 18
2025-10-28 17:08:01,757 | INFO | Training epoch 19, Batch 1000/1000: LR=1.00e-04, Loss=5.39e-02 BER=1.35e-02 FER=3.39e-01
2025-10-28 17:08:01,794 | INFO | Epoch 19 Train Time 13.04613208770752s

2025-10-28 17:08:01,795 | INFO | [P1] saving best_model with loss 0.053927 at epoch 19
2025-10-28 17:08:15,813 | INFO | Training epoch 20, Batch 1000/1000: LR=1.00e-04, Loss=5.29e-02 BER=1.32e-02 FER=3.26e-01
2025-10-28 17:08:15,866 | INFO | Epoch 20 Train Time 14.060013055801392s

2025-10-28 17:08:15,867 | INFO | [P1] saving best_model with loss 0.052876 at epoch 20
2025-10-28 17:08:28,654 | INFO | Training epoch 21, Batch 1000/1000: LR=1.00e-04, Loss=5.16e-02 BER=1.29e-02 FER=3.16e-01
2025-10-28 17:08:28,702 | INFO | Epoch 21 Train Time 12.820521354675293s

2025-10-28 17:08:28,702 | INFO | [P1] saving best_model with loss 0.051563 at epoch 21
2025-10-28 17:08:43,306 | INFO | Training epoch 22, Batch 1000/1000: LR=1.00e-04, Loss=5.11e-02 BER=1.28e-02 FER=3.13e-01
2025-10-28 17:08:43,374 | INFO | Epoch 22 Train Time 14.659505128860474s

2025-10-28 17:08:43,374 | INFO | [P1] saving best_model with loss 0.051051 at epoch 22
2025-10-28 17:08:56,869 | INFO | Training epoch 23, Batch 1000/1000: LR=1.00e-04, Loss=5.06e-02 BER=1.29e-02 FER=3.10e-01
2025-10-28 17:08:56,907 | INFO | Epoch 23 Train Time 13.518927335739136s

2025-10-28 17:08:56,907 | INFO | [P1] saving best_model with loss 0.050593 at epoch 23
2025-10-28 17:09:10,030 | INFO | Training epoch 24, Batch 1000/1000: LR=1.00e-04, Loss=5.02e-02 BER=1.28e-02 FER=3.10e-01
2025-10-28 17:09:10,083 | INFO | Epoch 24 Train Time 13.163807153701782s

2025-10-28 17:09:10,083 | INFO | [P1] saving best_model with loss 0.050221 at epoch 24
2025-10-28 17:09:22,479 | INFO | Training epoch 25, Batch 1000/1000: LR=1.00e-04, Loss=4.89e-02 BER=1.27e-02 FER=3.06e-01
2025-10-28 17:09:22,531 | INFO | Epoch 25 Train Time 12.43834924697876s

2025-10-28 17:09:22,531 | INFO | [P1] saving best_model with loss 0.048864 at epoch 25
2025-10-28 17:09:35,563 | INFO | Training epoch 26, Batch 1000/1000: LR=1.00e-04, Loss=4.85e-02 BER=1.27e-02 FER=3.06e-01
2025-10-28 17:09:35,599 | INFO | Epoch 26 Train Time 13.056727409362793s

2025-10-28 17:09:35,599 | INFO | [P1] saving best_model with loss 0.048464 at epoch 26
2025-10-28 17:09:48,695 | INFO | Training epoch 27, Batch 1000/1000: LR=1.00e-04, Loss=4.76e-02 BER=1.26e-02 FER=3.04e-01
2025-10-28 17:09:48,758 | INFO | Epoch 27 Train Time 13.14505934715271s

2025-10-28 17:09:48,758 | INFO | [P1] saving best_model with loss 0.047631 at epoch 27
2025-10-28 17:10:02,213 | INFO | Training epoch 28, Batch 1000/1000: LR=1.00e-04, Loss=4.67e-02 BER=1.25e-02 FER=3.01e-01
2025-10-28 17:10:02,282 | INFO | Epoch 28 Train Time 13.507373094558716s

2025-10-28 17:10:02,283 | INFO | [P1] saving best_model with loss 0.046691 at epoch 28
2025-10-28 17:10:16,334 | INFO | Training epoch 29, Batch 1000/1000: LR=1.00e-04, Loss=4.57e-02 BER=1.23e-02 FER=3.00e-01
2025-10-28 17:10:16,387 | INFO | Epoch 29 Train Time 14.09046983718872s

2025-10-28 17:10:16,388 | INFO | [P1] saving best_model with loss 0.045675 at epoch 29
2025-10-28 17:10:29,773 | INFO | Training epoch 30, Batch 1000/1000: LR=9.99e-05, Loss=4.56e-02 BER=1.23e-02 FER=3.01e-01
2025-10-28 17:10:29,826 | INFO | Epoch 30 Train Time 13.423706769943237s

2025-10-28 17:10:29,826 | INFO | [P1] saving best_model with loss 0.045566 at epoch 30
2025-10-28 17:10:43,880 | INFO | Training epoch 31, Batch 1000/1000: LR=9.99e-05, Loss=4.55e-02 BER=1.24e-02 FER=3.02e-01
2025-10-28 17:10:43,939 | INFO | Epoch 31 Train Time 14.098516702651978s

2025-10-28 17:10:43,940 | INFO | [P1] saving best_model with loss 0.045510 at epoch 31
2025-10-28 17:10:57,702 | INFO | Training epoch 32, Batch 1000/1000: LR=9.99e-05, Loss=4.42e-02 BER=1.21e-02 FER=2.95e-01
2025-10-28 17:10:57,760 | INFO | Epoch 32 Train Time 13.807600975036621s

2025-10-28 17:10:57,760 | INFO | [P1] saving best_model with loss 0.044216 at epoch 32
2025-10-28 17:11:12,461 | INFO | Training epoch 33, Batch 1000/1000: LR=9.99e-05, Loss=4.34e-02 BER=1.20e-02 FER=2.95e-01
2025-10-28 17:11:12,515 | INFO | Epoch 33 Train Time 14.745383739471436s

2025-10-28 17:11:12,515 | INFO | [P1] saving best_model with loss 0.043417 at epoch 33
2025-10-28 17:11:26,743 | INFO | Training epoch 34, Batch 1000/1000: LR=9.99e-05, Loss=4.29e-02 BER=1.19e-02 FER=2.93e-01
2025-10-28 17:11:26,803 | INFO | Epoch 34 Train Time 14.272632837295532s

2025-10-28 17:11:26,803 | INFO | [P1] saving best_model with loss 0.042946 at epoch 34
2025-10-28 17:11:40,082 | INFO | Training epoch 35, Batch 1000/1000: LR=9.99e-05, Loss=4.25e-02 BER=1.19e-02 FER=2.91e-01
2025-10-28 17:11:40,136 | INFO | Epoch 35 Train Time 13.319437026977539s

2025-10-28 17:11:40,137 | INFO | [P1] saving best_model with loss 0.042472 at epoch 35
2025-10-28 17:11:53,323 | INFO | Training epoch 36, Batch 1000/1000: LR=9.99e-05, Loss=4.18e-02 BER=1.17e-02 FER=2.89e-01
2025-10-28 17:11:53,367 | INFO | Epoch 36 Train Time 13.209576606750488s

2025-10-28 17:11:53,367 | INFO | [P1] saving best_model with loss 0.041797 at epoch 36
2025-10-28 17:12:07,077 | INFO | Training epoch 37, Batch 1000/1000: LR=9.99e-05, Loss=4.11e-02 BER=1.17e-02 FER=2.86e-01
2025-10-28 17:12:07,132 | INFO | Epoch 37 Train Time 13.752737760543823s

2025-10-28 17:12:07,132 | INFO | [P1] saving best_model with loss 0.041129 at epoch 37
2025-10-28 17:12:21,273 | INFO | Training epoch 38, Batch 1000/1000: LR=9.99e-05, Loss=4.05e-02 BER=1.16e-02 FER=2.84e-01
2025-10-28 17:12:21,320 | INFO | Epoch 38 Train Time 14.17679476737976s

2025-10-28 17:12:21,321 | INFO | [P1] saving best_model with loss 0.040538 at epoch 38
2025-10-28 17:12:36,754 | INFO | Training epoch 39, Batch 1000/1000: LR=9.99e-05, Loss=3.95e-02 BER=1.13e-02 FER=2.81e-01
2025-10-28 17:12:36,807 | INFO | Epoch 39 Train Time 15.475612163543701s

2025-10-28 17:12:36,807 | INFO | [P1] saving best_model with loss 0.039457 at epoch 39
2025-10-28 17:12:50,789 | INFO | Training epoch 40, Batch 1000/1000: LR=9.99e-05, Loss=3.88e-02 BER=1.12e-02 FER=2.80e-01
2025-10-28 17:12:50,848 | INFO | Epoch 40 Train Time 14.026060819625854s

2025-10-28 17:12:50,849 | INFO | [P1] saving best_model with loss 0.038808 at epoch 40
2025-10-28 17:13:05,381 | INFO | Training epoch 41, Batch 1000/1000: LR=9.99e-05, Loss=3.81e-02 BER=1.11e-02 FER=2.78e-01
2025-10-28 17:13:05,432 | INFO | Epoch 41 Train Time 14.571336030960083s

2025-10-28 17:13:05,432 | INFO | [P1] saving best_model with loss 0.038083 at epoch 41
2025-10-28 17:13:19,668 | INFO | Training epoch 42, Batch 1000/1000: LR=9.99e-05, Loss=3.72e-02 BER=1.10e-02 FER=2.75e-01
2025-10-28 17:13:19,727 | INFO | Epoch 42 Train Time 14.28319263458252s

2025-10-28 17:13:19,727 | INFO | [P1] saving best_model with loss 0.037233 at epoch 42
2025-10-28 17:13:33,875 | INFO | Training epoch 43, Batch 1000/1000: LR=9.99e-05, Loss=3.58e-02 BER=1.07e-02 FER=2.69e-01
2025-10-28 17:13:33,927 | INFO | Epoch 43 Train Time 14.187861442565918s

2025-10-28 17:13:33,928 | INFO | [P1] saving best_model with loss 0.035780 at epoch 43
2025-10-28 17:13:47,239 | INFO | Training epoch 44, Batch 1000/1000: LR=9.99e-05, Loss=3.51e-02 BER=1.06e-02 FER=2.68e-01
2025-10-28 17:13:47,294 | INFO | Epoch 44 Train Time 13.354976415634155s

2025-10-28 17:13:47,294 | INFO | [P1] saving best_model with loss 0.035101 at epoch 44
2025-10-28 17:14:00,269 | INFO | Training epoch 45, Batch 1000/1000: LR=9.99e-05, Loss=3.40e-02 BER=1.03e-02 FER=2.65e-01
2025-10-28 17:14:00,323 | INFO | Epoch 45 Train Time 13.015045166015625s

2025-10-28 17:14:00,323 | INFO | [P1] saving best_model with loss 0.033968 at epoch 45
2025-10-28 17:14:14,029 | INFO | Training epoch 46, Batch 1000/1000: LR=9.99e-05, Loss=3.31e-02 BER=1.01e-02 FER=2.61e-01
2025-10-28 17:14:14,079 | INFO | Epoch 46 Train Time 13.73999810218811s

2025-10-28 17:14:14,080 | INFO | [P1] saving best_model with loss 0.033051 at epoch 46
2025-10-28 17:14:28,239 | INFO | Training epoch 47, Batch 1000/1000: LR=9.99e-05, Loss=3.26e-02 BER=1.01e-02 FER=2.62e-01
2025-10-28 17:14:28,299 | INFO | Epoch 47 Train Time 14.207795143127441s

2025-10-28 17:14:28,299 | INFO | [P1] saving best_model with loss 0.032629 at epoch 47
2025-10-28 17:14:42,096 | INFO | Training epoch 48, Batch 1000/1000: LR=9.99e-05, Loss=3.18e-02 BER=9.97e-03 FER=2.59e-01
2025-10-28 17:14:42,148 | INFO | Epoch 48 Train Time 13.837024450302124s

2025-10-28 17:14:42,149 | INFO | [P1] saving best_model with loss 0.031806 at epoch 48
2025-10-28 17:14:55,838 | INFO | Training epoch 49, Batch 1000/1000: LR=9.99e-05, Loss=3.08e-02 BER=9.76e-03 FER=2.56e-01
2025-10-28 17:14:55,908 | INFO | Epoch 49 Train Time 13.751861333847046s

2025-10-28 17:14:55,908 | INFO | [P1] saving best_model with loss 0.030833 at epoch 49
2025-10-28 17:15:08,848 | INFO | Training epoch 50, Batch 1000/1000: LR=9.99e-05, Loss=3.02e-02 BER=9.65e-03 FER=2.54e-01
2025-10-28 17:15:08,897 | INFO | Epoch 50 Train Time 12.975758075714111s

2025-10-28 17:15:08,897 | INFO | [P1] saving best_model with loss 0.030165 at epoch 50
2025-10-28 17:15:21,691 | INFO | Training epoch 51, Batch 1000/1000: LR=9.98e-05, Loss=2.94e-02 BER=9.56e-03 FER=2.52e-01
2025-10-28 17:15:21,731 | INFO | Epoch 51 Train Time 12.820112705230713s

2025-10-28 17:15:21,732 | INFO | [P1] saving best_model with loss 0.029425 at epoch 51
2025-10-28 17:15:36,253 | INFO | Training epoch 52, Batch 1000/1000: LR=9.98e-05, Loss=2.87e-02 BER=9.35e-03 FER=2.47e-01
2025-10-28 17:15:36,308 | INFO | Epoch 52 Train Time 14.565512895584106s

2025-10-28 17:15:36,309 | INFO | [P1] saving best_model with loss 0.028695 at epoch 52
2025-10-28 17:15:49,832 | INFO | Training epoch 53, Batch 1000/1000: LR=9.98e-05, Loss=2.80e-02 BER=9.19e-03 FER=2.45e-01
2025-10-28 17:15:49,889 | INFO | Epoch 53 Train Time 13.562759160995483s

2025-10-28 17:15:49,890 | INFO | [P1] saving best_model with loss 0.027976 at epoch 53
2025-10-28 17:16:04,184 | INFO | Training epoch 54, Batch 1000/1000: LR=9.98e-05, Loss=2.79e-02 BER=9.23e-03 FER=2.44e-01
2025-10-28 17:16:04,232 | INFO | Epoch 54 Train Time 14.32519245147705s

2025-10-28 17:16:04,232 | INFO | [P1] saving best_model with loss 0.027867 at epoch 54
2025-10-28 17:16:17,873 | INFO | Training epoch 55, Batch 1000/1000: LR=9.98e-05, Loss=2.67e-02 BER=8.90e-03 FER=2.39e-01
2025-10-28 17:16:17,919 | INFO | Epoch 55 Train Time 13.673375844955444s

2025-10-28 17:16:17,919 | INFO | [P1] saving best_model with loss 0.026737 at epoch 55
2025-10-28 17:16:31,442 | INFO | Training epoch 56, Batch 1000/1000: LR=9.98e-05, Loss=2.67e-02 BER=8.99e-03 FER=2.40e-01
2025-10-28 17:16:31,511 | INFO | Epoch 56 Train Time 13.577132225036621s

2025-10-28 17:16:31,511 | INFO | [P1] saving best_model with loss 0.026712 at epoch 56
2025-10-28 17:16:46,559 | INFO | Training epoch 57, Batch 1000/1000: LR=9.98e-05, Loss=2.62e-02 BER=8.87e-03 FER=2.36e-01
2025-10-28 17:16:46,607 | INFO | Epoch 57 Train Time 15.0813307762146s

2025-10-28 17:16:46,607 | INFO | [P1] saving best_model with loss 0.026205 at epoch 57
2025-10-28 17:16:59,217 | INFO | Training epoch 58, Batch 1000/1000: LR=9.98e-05, Loss=2.56e-02 BER=8.73e-03 FER=2.33e-01
2025-10-28 17:16:59,272 | INFO | Epoch 58 Train Time 12.647411346435547s

2025-10-28 17:16:59,272 | INFO | [P1] saving best_model with loss 0.025620 at epoch 58
2025-10-28 17:17:13,165 | INFO | Training epoch 59, Batch 1000/1000: LR=9.98e-05, Loss=2.53e-02 BER=8.68e-03 FER=2.34e-01
2025-10-28 17:17:13,223 | INFO | Epoch 59 Train Time 13.93266749382019s

2025-10-28 17:17:13,223 | INFO | [P1] saving best_model with loss 0.025341 at epoch 59
2025-10-28 17:17:26,267 | INFO | Training epoch 60, Batch 1000/1000: LR=9.98e-05, Loss=2.50e-02 BER=8.57e-03 FER=2.31e-01
2025-10-28 17:17:26,321 | INFO | Epoch 60 Train Time 13.087889194488525s

2025-10-28 17:17:26,322 | INFO | [P1] saving best_model with loss 0.025031 at epoch 60
2025-10-28 17:17:39,500 | INFO | Training epoch 61, Batch 1000/1000: LR=9.98e-05, Loss=2.47e-02 BER=8.54e-03 FER=2.29e-01
2025-10-28 17:17:39,542 | INFO | Epoch 61 Train Time 13.208641529083252s

2025-10-28 17:17:39,542 | INFO | [P1] saving best_model with loss 0.024699 at epoch 61
2025-10-28 17:17:53,674 | INFO | Training epoch 62, Batch 1000/1000: LR=9.98e-05, Loss=2.46e-02 BER=8.52e-03 FER=2.28e-01
2025-10-28 17:17:53,727 | INFO | Epoch 62 Train Time 14.172133207321167s

2025-10-28 17:17:53,728 | INFO | [P1] saving best_model with loss 0.024568 at epoch 62
2025-10-28 17:18:07,457 | INFO | Training epoch 63, Batch 1000/1000: LR=9.98e-05, Loss=2.43e-02 BER=8.46e-03 FER=2.26e-01
2025-10-28 17:18:07,507 | INFO | Epoch 63 Train Time 13.767834186553955s

2025-10-28 17:18:07,508 | INFO | [P1] saving best_model with loss 0.024267 at epoch 63
2025-10-28 17:18:20,501 | INFO | Training epoch 64, Batch 1000/1000: LR=9.98e-05, Loss=2.42e-02 BER=8.50e-03 FER=2.28e-01
2025-10-28 17:18:20,546 | INFO | Epoch 64 Train Time 13.020334005355835s

2025-10-28 17:18:20,546 | INFO | [P1] saving best_model with loss 0.024198 at epoch 64
2025-10-28 17:18:32,871 | INFO | Training epoch 65, Batch 1000/1000: LR=9.98e-05, Loss=2.41e-02 BER=8.43e-03 FER=2.26e-01
2025-10-28 17:18:32,921 | INFO | Epoch 65 Train Time 12.347789525985718s

2025-10-28 17:18:32,921 | INFO | [P1] saving best_model with loss 0.024067 at epoch 65
2025-10-28 17:18:45,955 | INFO | Training epoch 66, Batch 1000/1000: LR=9.97e-05, Loss=2.35e-02 BER=8.29e-03 FER=2.23e-01
2025-10-28 17:18:46,010 | INFO | Epoch 66 Train Time 13.077912092208862s

2025-10-28 17:18:46,010 | INFO | [P1] saving best_model with loss 0.023547 at epoch 66
2025-10-28 17:18:59,267 | INFO | Training epoch 67, Batch 1000/1000: LR=9.97e-05, Loss=2.37e-02 BER=8.30e-03 FER=2.22e-01
2025-10-28 17:18:59,315 | INFO | Epoch 67 Train Time 13.29182767868042s

2025-10-28 17:19:11,124 | INFO | Training epoch 68, Batch 1000/1000: LR=9.97e-05, Loss=2.33e-02 BER=8.23e-03 FER=2.21e-01
2025-10-28 17:19:11,166 | INFO | Epoch 68 Train Time 11.850112676620483s

2025-10-28 17:19:11,166 | INFO | [P1] saving best_model with loss 0.023272 at epoch 68
2025-10-28 17:19:25,103 | INFO | Training epoch 69, Batch 1000/1000: LR=9.97e-05, Loss=2.30e-02 BER=8.11e-03 FER=2.19e-01
2025-10-28 17:19:25,144 | INFO | Epoch 69 Train Time 13.967658758163452s

2025-10-28 17:19:25,144 | INFO | [P1] saving best_model with loss 0.022950 at epoch 69
2025-10-28 17:19:39,854 | INFO | Training epoch 70, Batch 1000/1000: LR=9.97e-05, Loss=2.30e-02 BER=8.17e-03 FER=2.19e-01
2025-10-28 17:19:39,907 | INFO | Epoch 70 Train Time 14.751181602478027s

2025-10-28 17:19:53,810 | INFO | Training epoch 71, Batch 1000/1000: LR=9.97e-05, Loss=2.27e-02 BER=8.09e-03 FER=2.17e-01
2025-10-28 17:19:53,864 | INFO | Epoch 71 Train Time 13.956413507461548s

2025-10-28 17:19:53,865 | INFO | [P1] saving best_model with loss 0.022711 at epoch 71
2025-10-28 17:20:07,868 | INFO | Training epoch 72, Batch 1000/1000: LR=9.97e-05, Loss=2.25e-02 BER=7.98e-03 FER=2.16e-01
2025-10-28 17:20:07,920 | INFO | Epoch 72 Train Time 14.045278072357178s

2025-10-28 17:20:07,920 | INFO | [P1] saving best_model with loss 0.022452 at epoch 72
2025-10-28 17:20:21,813 | INFO | Training epoch 73, Batch 1000/1000: LR=9.97e-05, Loss=2.27e-02 BER=8.06e-03 FER=2.16e-01
2025-10-28 17:20:21,867 | INFO | Epoch 73 Train Time 13.936801195144653s

2025-10-28 17:20:35,577 | INFO | Training epoch 74, Batch 1000/1000: LR=9.97e-05, Loss=2.23e-02 BER=7.96e-03 FER=2.14e-01
2025-10-28 17:20:35,627 | INFO | Epoch 74 Train Time 13.75961446762085s

2025-10-28 17:20:35,628 | INFO | [P1] saving best_model with loss 0.022339 at epoch 74
2025-10-28 17:20:49,373 | INFO | Training epoch 75, Batch 1000/1000: LR=9.97e-05, Loss=2.23e-02 BER=7.89e-03 FER=2.14e-01
2025-10-28 17:20:49,421 | INFO | Epoch 75 Train Time 13.781668186187744s

2025-10-28 17:20:49,421 | INFO | [P1] saving best_model with loss 0.022270 at epoch 75
2025-10-28 17:21:02,912 | INFO | Training epoch 76, Batch 1000/1000: LR=9.97e-05, Loss=2.24e-02 BER=8.03e-03 FER=2.16e-01
2025-10-28 17:21:02,955 | INFO | Epoch 76 Train Time 13.521234035491943s

2025-10-28 17:21:17,730 | INFO | Training epoch 77, Batch 1000/1000: LR=9.96e-05, Loss=2.22e-02 BER=7.95e-03 FER=2.15e-01
2025-10-28 17:21:17,774 | INFO | Epoch 77 Train Time 14.81811785697937s

2025-10-28 17:21:17,775 | INFO | [P1] saving best_model with loss 0.022173 at epoch 77
2025-10-28 17:21:32,147 | INFO | Training epoch 78, Batch 1000/1000: LR=9.96e-05, Loss=2.18e-02 BER=7.82e-03 FER=2.12e-01
2025-10-28 17:21:32,204 | INFO | Epoch 78 Train Time 14.419305086135864s

2025-10-28 17:21:32,205 | INFO | [P1] saving best_model with loss 0.021820 at epoch 78
2025-10-28 17:21:45,903 | INFO | Training epoch 79, Batch 1000/1000: LR=9.96e-05, Loss=2.18e-02 BER=7.80e-03 FER=2.11e-01
2025-10-28 17:21:45,950 | INFO | Epoch 79 Train Time 13.72538685798645s

2025-10-28 17:21:45,950 | INFO | [P1] saving best_model with loss 0.021754 at epoch 79
2025-10-28 17:22:00,182 | INFO | Training epoch 80, Batch 1000/1000: LR=9.96e-05, Loss=2.22e-02 BER=7.95e-03 FER=2.14e-01
2025-10-28 17:22:00,231 | INFO | Epoch 80 Train Time 14.273878812789917s

2025-10-28 17:22:14,575 | INFO | Training epoch 81, Batch 1000/1000: LR=9.96e-05, Loss=2.20e-02 BER=7.92e-03 FER=2.13e-01
2025-10-28 17:22:14,645 | INFO | Epoch 81 Train Time 14.413139820098877s

2025-10-28 17:22:28,286 | INFO | Training epoch 82, Batch 1000/1000: LR=9.96e-05, Loss=2.18e-02 BER=7.83e-03 FER=2.12e-01
2025-10-28 17:22:28,345 | INFO | Epoch 82 Train Time 13.69867205619812s

2025-10-28 17:22:44,073 | INFO | Training epoch 83, Batch 1000/1000: LR=9.96e-05, Loss=2.16e-02 BER=7.79e-03 FER=2.10e-01
2025-10-28 17:22:44,117 | INFO | Epoch 83 Train Time 15.772306680679321s

2025-10-28 17:22:44,118 | INFO | [P1] saving best_model with loss 0.021584 at epoch 83
2025-10-28 17:22:57,268 | INFO | Training epoch 84, Batch 1000/1000: LR=9.96e-05, Loss=2.15e-02 BER=7.76e-03 FER=2.10e-01
2025-10-28 17:22:57,317 | INFO | Epoch 84 Train Time 13.189151763916016s

2025-10-28 17:22:57,318 | INFO | [P1] saving best_model with loss 0.021539 at epoch 84
2025-10-28 17:23:11,634 | INFO | Training epoch 85, Batch 1000/1000: LR=9.96e-05, Loss=2.17e-02 BER=7.84e-03 FER=2.12e-01
2025-10-28 17:23:11,688 | INFO | Epoch 85 Train Time 14.360785007476807s

2025-10-28 17:23:24,694 | INFO | Training epoch 86, Batch 1000/1000: LR=9.96e-05, Loss=2.14e-02 BER=7.71e-03 FER=2.09e-01
2025-10-28 17:23:24,740 | INFO | Epoch 86 Train Time 13.050563335418701s

2025-10-28 17:23:24,740 | INFO | [P1] saving best_model with loss 0.021409 at epoch 86
2025-10-28 17:23:38,571 | INFO | Training epoch 87, Batch 1000/1000: LR=9.95e-05, Loss=2.14e-02 BER=7.74e-03 FER=2.08e-01
2025-10-28 17:23:38,623 | INFO | Epoch 87 Train Time 13.869554042816162s

2025-10-28 17:23:38,623 | INFO | [P1] saving best_model with loss 0.021369 at epoch 87
2025-10-28 17:23:52,695 | INFO | Training epoch 88, Batch 1000/1000: LR=9.95e-05, Loss=2.13e-02 BER=7.74e-03 FER=2.09e-01
2025-10-28 17:23:52,762 | INFO | Epoch 88 Train Time 14.128180980682373s

2025-10-28 17:23:52,762 | INFO | [P1] saving best_model with loss 0.021342 at epoch 88
2025-10-28 17:24:06,345 | INFO | Training epoch 89, Batch 1000/1000: LR=9.95e-05, Loss=2.10e-02 BER=7.63e-03 FER=2.07e-01
2025-10-28 17:24:06,387 | INFO | Epoch 89 Train Time 13.608393430709839s

2025-10-28 17:24:06,387 | INFO | [P1] saving best_model with loss 0.021035 at epoch 89
2025-10-28 17:24:20,212 | INFO | Training epoch 90, Batch 1000/1000: LR=9.95e-05, Loss=2.12e-02 BER=7.66e-03 FER=2.09e-01
2025-10-28 17:24:20,265 | INFO | Epoch 90 Train Time 13.866668462753296s

2025-10-28 17:24:34,344 | INFO | Training epoch 91, Batch 1000/1000: LR=9.95e-05, Loss=2.13e-02 BER=7.71e-03 FER=2.07e-01
2025-10-28 17:24:34,389 | INFO | Epoch 91 Train Time 14.123890161514282s

2025-10-28 17:24:50,420 | INFO | Training epoch 92, Batch 1000/1000: LR=9.95e-05, Loss=2.11e-02 BER=7.67e-03 FER=2.07e-01
2025-10-28 17:24:50,465 | INFO | Epoch 92 Train Time 16.07520294189453s

2025-10-28 17:25:04,231 | INFO | Training epoch 93, Batch 1000/1000: LR=9.95e-05, Loss=2.09e-02 BER=7.60e-03 FER=2.06e-01
2025-10-28 17:25:04,295 | INFO | Epoch 93 Train Time 13.829139471054077s

2025-10-28 17:25:04,295 | INFO | [P1] saving best_model with loss 0.020924 at epoch 93
2025-10-28 17:25:18,882 | INFO | Training epoch 94, Batch 1000/1000: LR=9.95e-05, Loss=2.09e-02 BER=7.58e-03 FER=2.06e-01
2025-10-28 17:25:18,929 | INFO | Epoch 94 Train Time 14.623514652252197s

2025-10-28 17:25:18,930 | INFO | [P1] saving best_model with loss 0.020898 at epoch 94
2025-10-28 17:25:33,133 | INFO | Training epoch 95, Batch 1000/1000: LR=9.95e-05, Loss=2.12e-02 BER=7.72e-03 FER=2.08e-01
2025-10-28 17:25:33,192 | INFO | Epoch 95 Train Time 14.250513792037964s

2025-10-28 17:25:46,900 | INFO | Training epoch 96, Batch 1000/1000: LR=9.94e-05, Loss=2.09e-02 BER=7.64e-03 FER=2.06e-01
2025-10-28 17:25:46,949 | INFO | Epoch 96 Train Time 13.756023168563843s

2025-10-28 17:25:46,949 | INFO | [P1] saving best_model with loss 0.020882 at epoch 96
2025-10-28 17:25:59,943 | INFO | Training epoch 97, Batch 1000/1000: LR=9.94e-05, Loss=2.09e-02 BER=7.60e-03 FER=2.05e-01
2025-10-28 17:25:59,988 | INFO | Epoch 97 Train Time 13.031275272369385s

2025-10-28 17:26:13,551 | INFO | Training epoch 98, Batch 1000/1000: LR=9.94e-05, Loss=2.09e-02 BER=7.59e-03 FER=2.06e-01
2025-10-28 17:26:13,595 | INFO | Epoch 98 Train Time 13.606495141983032s

2025-10-28 17:26:27,097 | INFO | Training epoch 99, Batch 1000/1000: LR=9.94e-05, Loss=2.10e-02 BER=7.59e-03 FER=2.06e-01
2025-10-28 17:26:27,156 | INFO | Epoch 99 Train Time 13.559614181518555s

2025-10-28 17:26:42,081 | INFO | Training epoch 100, Batch 1000/1000: LR=9.94e-05, Loss=2.09e-02 BER=7.58e-03 FER=2.05e-01
2025-10-28 17:26:42,133 | INFO | Epoch 100 Train Time 14.976194381713867s

2025-10-28 17:26:42,134 | INFO | [P1] saving best_model with loss 0.020879 at epoch 100
2025-10-28 17:26:57,313 | INFO | Training epoch 101, Batch 1000/1000: LR=9.94e-05, Loss=2.08e-02 BER=7.60e-03 FER=2.04e-01
2025-10-28 17:26:57,382 | INFO | Epoch 101 Train Time 15.234249830245972s

2025-10-28 17:26:57,383 | INFO | [P1] saving best_model with loss 0.020818 at epoch 101
2025-10-28 17:27:11,629 | INFO | Training epoch 102, Batch 1000/1000: LR=9.94e-05, Loss=2.04e-02 BER=7.43e-03 FER=2.03e-01
2025-10-28 17:27:11,683 | INFO | Epoch 102 Train Time 14.287636518478394s

2025-10-28 17:27:11,684 | INFO | [P1] saving best_model with loss 0.020419 at epoch 102
2025-10-28 17:27:25,415 | INFO | Training epoch 103, Batch 1000/1000: LR=9.94e-05, Loss=2.07e-02 BER=7.54e-03 FER=2.04e-01
2025-10-28 17:27:25,464 | INFO | Epoch 103 Train Time 13.768584966659546s

2025-10-28 17:27:38,596 | INFO | Training epoch 104, Batch 1000/1000: LR=9.94e-05, Loss=2.08e-02 BER=7.58e-03 FER=2.05e-01
2025-10-28 17:27:38,645 | INFO | Epoch 104 Train Time 13.180035591125488s

2025-10-28 17:27:53,151 | INFO | Training epoch 105, Batch 1000/1000: LR=9.93e-05, Loss=2.08e-02 BER=7.59e-03 FER=2.05e-01
2025-10-28 17:27:53,216 | INFO | Epoch 105 Train Time 14.570595026016235s

2025-10-28 17:28:07,782 | INFO | Training epoch 106, Batch 1000/1000: LR=9.93e-05, Loss=2.04e-02 BER=7.43e-03 FER=2.01e-01
2025-10-28 17:28:07,837 | INFO | Epoch 106 Train Time 14.620249032974243s

2025-10-28 17:28:07,837 | INFO | [P1] saving best_model with loss 0.020400 at epoch 106
2025-10-28 17:28:22,656 | INFO | Training epoch 107, Batch 1000/1000: LR=9.93e-05, Loss=2.06e-02 BER=7.49e-03 FER=2.02e-01
2025-10-28 17:28:22,707 | INFO | Epoch 107 Train Time 14.856749773025513s

2025-10-28 17:28:37,870 | INFO | Training epoch 108, Batch 1000/1000: LR=9.93e-05, Loss=2.05e-02 BER=7.49e-03 FER=2.02e-01
2025-10-28 17:28:37,928 | INFO | Epoch 108 Train Time 15.220056056976318s

2025-10-28 17:28:51,425 | INFO | Training epoch 109, Batch 1000/1000: LR=9.93e-05, Loss=2.04e-02 BER=7.43e-03 FER=2.02e-01
2025-10-28 17:28:51,484 | INFO | Epoch 109 Train Time 13.555502653121948s

2025-10-28 17:28:51,485 | INFO | [P1] saving best_model with loss 0.020396 at epoch 109
2025-10-28 17:29:05,357 | INFO | Training epoch 110, Batch 1000/1000: LR=9.93e-05, Loss=2.03e-02 BER=7.45e-03 FER=2.01e-01
2025-10-28 17:29:05,408 | INFO | Epoch 110 Train Time 13.911221742630005s

2025-10-28 17:29:05,409 | INFO | [P1] saving best_model with loss 0.020310 at epoch 110
2025-10-28 17:29:20,658 | INFO | Training epoch 111, Batch 1000/1000: LR=9.93e-05, Loss=2.05e-02 BER=7.48e-03 FER=2.02e-01
2025-10-28 17:29:20,706 | INFO | Epoch 111 Train Time 15.28918743133545s

2025-10-28 17:29:33,992 | INFO | Training epoch 112, Batch 1000/1000: LR=9.92e-05, Loss=2.04e-02 BER=7.44e-03 FER=2.01e-01
2025-10-28 17:29:34,050 | INFO | Epoch 112 Train Time 13.343571901321411s

2025-10-28 17:29:48,179 | INFO | Training epoch 113, Batch 1000/1000: LR=9.92e-05, Loss=2.03e-02 BER=7.40e-03 FER=2.01e-01
2025-10-28 17:29:48,227 | INFO | Epoch 113 Train Time 14.176231622695923s

2025-10-28 17:30:01,688 | INFO | Training epoch 114, Batch 1000/1000: LR=9.92e-05, Loss=2.03e-02 BER=7.41e-03 FER=2.01e-01
2025-10-28 17:30:01,739 | INFO | Epoch 114 Train Time 13.511168003082275s

2025-10-28 17:30:16,270 | INFO | Training epoch 115, Batch 1000/1000: LR=9.92e-05, Loss=2.01e-02 BER=7.30e-03 FER=1.99e-01
2025-10-28 17:30:16,323 | INFO | Epoch 115 Train Time 14.582870483398438s

2025-10-28 17:30:16,324 | INFO | [P1] saving best_model with loss 0.020081 at epoch 115
2025-10-28 17:30:30,896 | INFO | Training epoch 116, Batch 1000/1000: LR=9.92e-05, Loss=2.03e-02 BER=7.42e-03 FER=2.00e-01
2025-10-28 17:30:30,949 | INFO | Epoch 116 Train Time 14.616209506988525s

2025-10-28 17:30:44,468 | INFO | Training epoch 117, Batch 1000/1000: LR=9.92e-05, Loss=2.02e-02 BER=7.39e-03 FER=2.00e-01
2025-10-28 17:30:44,513 | INFO | Epoch 117 Train Time 13.563006401062012s

2025-10-28 17:30:56,690 | INFO | Training epoch 118, Batch 1000/1000: LR=9.92e-05, Loss=2.02e-02 BER=7.40e-03 FER=1.99e-01
2025-10-28 17:30:56,736 | INFO | Epoch 118 Train Time 12.222372055053711s

2025-10-28 17:31:11,190 | INFO | Training epoch 119, Batch 1000/1000: LR=9.92e-05, Loss=2.00e-02 BER=7.28e-03 FER=1.98e-01
2025-10-28 17:31:11,241 | INFO | Epoch 119 Train Time 14.504801273345947s

2025-10-28 17:31:11,241 | INFO | [P1] saving best_model with loss 0.020014 at epoch 119
2025-10-28 17:31:24,829 | INFO | Training epoch 120, Batch 1000/1000: LR=9.91e-05, Loss=2.01e-02 BER=7.35e-03 FER=1.97e-01
2025-10-28 17:31:24,880 | INFO | Epoch 120 Train Time 13.627342939376831s

2025-10-28 17:31:38,576 | INFO | Training epoch 121, Batch 1000/1000: LR=9.91e-05, Loss=2.01e-02 BER=7.34e-03 FER=2.00e-01
2025-10-28 17:31:38,628 | INFO | Epoch 121 Train Time 13.746480941772461s

2025-10-28 17:31:52,027 | INFO | Training epoch 122, Batch 1000/1000: LR=9.91e-05, Loss=2.01e-02 BER=7.33e-03 FER=1.98e-01
2025-10-28 17:31:52,079 | INFO | Epoch 122 Train Time 13.450257539749146s

2025-10-28 17:32:05,449 | INFO | Training epoch 123, Batch 1000/1000: LR=9.91e-05, Loss=2.03e-02 BER=7.43e-03 FER=1.99e-01
2025-10-28 17:32:05,517 | INFO | Epoch 123 Train Time 13.437381505966187s

2025-10-28 17:32:18,405 | INFO | Training epoch 124, Batch 1000/1000: LR=9.91e-05, Loss=2.02e-02 BER=7.37e-03 FER=1.98e-01
2025-10-28 17:32:18,452 | INFO | Epoch 124 Train Time 12.934515237808228s

2025-10-28 17:32:31,665 | INFO | Training epoch 125, Batch 1000/1000: LR=9.91e-05, Loss=2.00e-02 BER=7.31e-03 FER=1.97e-01
2025-10-28 17:32:31,725 | INFO | Epoch 125 Train Time 13.27140760421753s

2025-10-28 17:32:45,619 | INFO | Training epoch 126, Batch 1000/1000: LR=9.90e-05, Loss=2.00e-02 BER=7.26e-03 FER=1.96e-01
2025-10-28 17:32:45,673 | INFO | Epoch 126 Train Time 13.947869777679443s

2025-10-28 17:32:45,673 | INFO | [P1] saving best_model with loss 0.019952 at epoch 126
2025-10-28 17:32:58,587 | INFO | Training epoch 127, Batch 1000/1000: LR=9.90e-05, Loss=1.99e-02 BER=7.31e-03 FER=1.97e-01
2025-10-28 17:32:58,647 | INFO | Epoch 127 Train Time 12.963350534439087s

2025-10-28 17:32:58,647 | INFO | [P1] saving best_model with loss 0.019939 at epoch 127
2025-10-28 17:33:13,396 | INFO | Training epoch 128, Batch 1000/1000: LR=9.90e-05, Loss=2.01e-02 BER=7.34e-03 FER=1.97e-01
2025-10-28 17:33:13,446 | INFO | Epoch 128 Train Time 14.774495124816895s

2025-10-28 17:33:26,987 | INFO | Training epoch 129, Batch 1000/1000: LR=9.90e-05, Loss=2.00e-02 BER=7.27e-03 FER=1.97e-01
2025-10-28 17:33:27,039 | INFO | Epoch 129 Train Time 13.592036247253418s

2025-10-28 17:33:40,249 | INFO | Training epoch 130, Batch 1000/1000: LR=9.90e-05, Loss=1.97e-02 BER=7.24e-03 FER=1.95e-01
2025-10-28 17:33:40,306 | INFO | Epoch 130 Train Time 13.265782356262207s

2025-10-28 17:33:40,306 | INFO | [P1] saving best_model with loss 0.019738 at epoch 130
2025-10-28 17:33:53,944 | INFO | Training epoch 131, Batch 1000/1000: LR=9.90e-05, Loss=1.98e-02 BER=7.23e-03 FER=1.96e-01
2025-10-28 17:33:54,002 | INFO | Epoch 131 Train Time 13.682950019836426s

2025-10-28 17:34:08,179 | INFO | Training epoch 132, Batch 1000/1000: LR=9.90e-05, Loss=1.98e-02 BER=7.23e-03 FER=1.96e-01
2025-10-28 17:34:08,231 | INFO | Epoch 132 Train Time 14.22800087928772s

2025-10-28 17:34:21,967 | INFO | Training epoch 133, Batch 1000/1000: LR=9.89e-05, Loss=1.96e-02 BER=7.16e-03 FER=1.94e-01
2025-10-28 17:34:22,024 | INFO | Epoch 133 Train Time 13.793059349060059s

2025-10-28 17:34:22,024 | INFO | [P1] saving best_model with loss 0.019597 at epoch 133
2025-10-28 17:34:35,730 | INFO | Training epoch 134, Batch 1000/1000: LR=9.89e-05, Loss=1.98e-02 BER=7.24e-03 FER=1.95e-01
2025-10-28 17:34:35,788 | INFO | Epoch 134 Train Time 13.751908540725708s

2025-10-28 17:34:48,960 | INFO | Training epoch 135, Batch 1000/1000: LR=9.89e-05, Loss=1.98e-02 BER=7.25e-03 FER=1.96e-01
2025-10-28 17:34:49,018 | INFO | Epoch 135 Train Time 13.229393243789673s

2025-10-28 17:35:01,881 | INFO | Training epoch 136, Batch 1000/1000: LR=9.89e-05, Loss=1.97e-02 BER=7.18e-03 FER=1.95e-01
2025-10-28 17:35:01,933 | INFO | Epoch 136 Train Time 12.914601802825928s

2025-10-28 17:35:15,681 | INFO | Training epoch 137, Batch 1000/1000: LR=9.89e-05, Loss=1.97e-02 BER=7.22e-03 FER=1.94e-01
2025-10-28 17:35:15,731 | INFO | Epoch 137 Train Time 13.797355651855469s

2025-10-28 17:35:28,885 | INFO | Training epoch 138, Batch 1000/1000: LR=9.89e-05, Loss=1.98e-02 BER=7.27e-03 FER=1.97e-01
2025-10-28 17:35:28,935 | INFO | Epoch 138 Train Time 13.203392505645752s

2025-10-28 17:35:41,826 | INFO | Training epoch 139, Batch 1000/1000: LR=9.88e-05, Loss=1.98e-02 BER=7.26e-03 FER=1.96e-01
2025-10-28 17:35:41,883 | INFO | Epoch 139 Train Time 12.947407484054565s

2025-10-28 17:35:55,282 | INFO | Training epoch 140, Batch 1000/1000: LR=9.88e-05, Loss=1.98e-02 BER=7.25e-03 FER=1.94e-01
2025-10-28 17:35:55,332 | INFO | Epoch 140 Train Time 13.448122501373291s

2025-10-28 17:36:09,181 | INFO | Training epoch 141, Batch 1000/1000: LR=9.88e-05, Loss=1.97e-02 BER=7.26e-03 FER=1.94e-01
2025-10-28 17:36:09,227 | INFO | Epoch 141 Train Time 13.893969535827637s

2025-10-28 17:36:23,049 | INFO | Training epoch 142, Batch 1000/1000: LR=9.88e-05, Loss=1.97e-02 BER=7.22e-03 FER=1.94e-01
2025-10-28 17:36:23,098 | INFO | Epoch 142 Train Time 13.87036919593811s

2025-10-28 17:36:37,142 | INFO | Training epoch 143, Batch 1000/1000: LR=9.88e-05, Loss=1.96e-02 BER=7.13e-03 FER=1.93e-01
2025-10-28 17:36:37,189 | INFO | Epoch 143 Train Time 14.090853214263916s

2025-10-28 17:36:37,190 | INFO | [P1] saving best_model with loss 0.019567 at epoch 143
2025-10-28 17:36:51,408 | INFO | Training epoch 144, Batch 1000/1000: LR=9.88e-05, Loss=1.95e-02 BER=7.14e-03 FER=1.93e-01
2025-10-28 17:36:51,447 | INFO | Epoch 144 Train Time 14.246367931365967s

2025-10-28 17:36:51,447 | INFO | [P1] saving best_model with loss 0.019459 at epoch 144
2025-10-28 17:37:04,944 | INFO | Training epoch 145, Batch 1000/1000: LR=9.87e-05, Loss=1.94e-02 BER=7.11e-03 FER=1.92e-01
2025-10-28 17:37:05,000 | INFO | Epoch 145 Train Time 13.54346489906311s

2025-10-28 17:37:05,000 | INFO | [P1] saving best_model with loss 0.019448 at epoch 145
2025-10-28 17:37:19,495 | INFO | Training epoch 146, Batch 1000/1000: LR=9.87e-05, Loss=1.95e-02 BER=7.15e-03 FER=1.94e-01
2025-10-28 17:37:19,544 | INFO | Epoch 146 Train Time 14.530582904815674s

2025-10-28 17:37:33,152 | INFO | Training epoch 147, Batch 1000/1000: LR=9.87e-05, Loss=1.96e-02 BER=7.18e-03 FER=1.92e-01
2025-10-28 17:37:33,202 | INFO | Epoch 147 Train Time 13.6570725440979s

2025-10-28 17:37:46,880 | INFO | Training epoch 148, Batch 1000/1000: LR=9.87e-05, Loss=1.96e-02 BER=7.14e-03 FER=1.93e-01
2025-10-28 17:37:46,936 | INFO | Epoch 148 Train Time 13.733519077301025s

2025-10-28 17:38:00,621 | INFO | Training epoch 149, Batch 1000/1000: LR=9.87e-05, Loss=1.96e-02 BER=7.13e-03 FER=1.92e-01
2025-10-28 17:38:00,669 | INFO | Epoch 149 Train Time 13.732164859771729s

2025-10-28 17:38:14,855 | INFO | Training epoch 150, Batch 1000/1000: LR=9.87e-05, Loss=1.98e-02 BER=7.24e-03 FER=1.95e-01
2025-10-28 17:38:14,900 | INFO | Epoch 150 Train Time 14.23025631904602s

2025-10-28 17:38:28,327 | INFO | Training epoch 151, Batch 1000/1000: LR=9.86e-05, Loss=1.94e-02 BER=7.10e-03 FER=1.91e-01
2025-10-28 17:38:28,376 | INFO | Epoch 151 Train Time 13.475744724273682s

2025-10-28 17:38:28,377 | INFO | [P1] saving best_model with loss 0.019443 at epoch 151
2025-10-28 17:38:41,410 | INFO | Training epoch 152, Batch 1000/1000: LR=9.86e-05, Loss=1.95e-02 BER=7.15e-03 FER=1.93e-01
2025-10-28 17:38:41,461 | INFO | Epoch 152 Train Time 13.073365211486816s

2025-10-28 17:38:56,042 | INFO | Training epoch 153, Batch 1000/1000: LR=9.86e-05, Loss=1.93e-02 BER=7.05e-03 FER=1.91e-01
2025-10-28 17:38:56,089 | INFO | Epoch 153 Train Time 14.628038883209229s

2025-10-28 17:38:56,090 | INFO | [P1] saving best_model with loss 0.019256 at epoch 153
2025-10-28 17:39:08,903 | INFO | Training epoch 154, Batch 1000/1000: LR=9.86e-05, Loss=1.95e-02 BER=7.17e-03 FER=1.93e-01
2025-10-28 17:39:08,956 | INFO | Epoch 154 Train Time 12.854989290237427s

2025-10-28 17:39:22,913 | INFO | Training epoch 155, Batch 1000/1000: LR=9.86e-05, Loss=1.95e-02 BER=7.16e-03 FER=1.91e-01
2025-10-28 17:39:22,968 | INFO | Epoch 155 Train Time 14.01144790649414s

2025-10-28 17:39:36,566 | INFO | Training epoch 156, Batch 1000/1000: LR=9.85e-05, Loss=1.95e-02 BER=7.07e-03 FER=1.91e-01
2025-10-28 17:39:36,612 | INFO | Epoch 156 Train Time 13.64325737953186s

2025-10-28 17:39:50,336 | INFO | Training epoch 157, Batch 1000/1000: LR=9.85e-05, Loss=1.95e-02 BER=7.14e-03 FER=1.92e-01
2025-10-28 17:39:50,384 | INFO | Epoch 157 Train Time 13.771527528762817s

2025-10-28 17:40:03,079 | INFO | Training epoch 158, Batch 1000/1000: LR=9.85e-05, Loss=1.94e-02 BER=7.11e-03 FER=1.92e-01
2025-10-28 17:40:03,127 | INFO | Epoch 158 Train Time 12.742439270019531s

2025-10-28 17:40:16,752 | INFO | Training epoch 159, Batch 1000/1000: LR=9.85e-05, Loss=1.93e-02 BER=7.02e-03 FER=1.90e-01
2025-10-28 17:40:16,799 | INFO | Epoch 159 Train Time 13.671413898468018s

2025-10-28 17:40:30,091 | INFO | Training epoch 160, Batch 1000/1000: LR=9.85e-05, Loss=1.93e-02 BER=7.06e-03 FER=1.91e-01
2025-10-28 17:40:30,135 | INFO | Epoch 160 Train Time 13.335292100906372s

2025-10-28 17:40:43,495 | INFO | Training epoch 161, Batch 1000/1000: LR=9.84e-05, Loss=1.95e-02 BER=7.10e-03 FER=1.90e-01
2025-10-28 17:40:43,544 | INFO | Epoch 161 Train Time 13.408546209335327s

2025-10-28 17:40:58,188 | INFO | Training epoch 162, Batch 1000/1000: LR=9.84e-05, Loss=1.93e-02 BER=7.06e-03 FER=1.89e-01
2025-10-28 17:40:58,236 | INFO | Epoch 162 Train Time 14.69198751449585s

2025-10-28 17:40:58,237 | INFO | [P1] saving best_model with loss 0.019254 at epoch 162
2025-10-28 17:41:11,579 | INFO | Training epoch 163, Batch 1000/1000: LR=9.84e-05, Loss=1.93e-02 BER=7.08e-03 FER=1.90e-01
2025-10-28 17:41:11,630 | INFO | Epoch 163 Train Time 13.381885528564453s

2025-10-28 17:41:25,781 | INFO | Training epoch 164, Batch 1000/1000: LR=9.84e-05, Loss=1.93e-02 BER=7.08e-03 FER=1.90e-01
2025-10-28 17:41:25,827 | INFO | Epoch 164 Train Time 14.196977138519287s

2025-10-28 17:41:39,892 | INFO | Training epoch 165, Batch 1000/1000: LR=9.84e-05, Loss=1.92e-02 BER=7.05e-03 FER=1.89e-01
2025-10-28 17:41:39,943 | INFO | Epoch 165 Train Time 14.11468243598938s

2025-10-28 17:41:39,943 | INFO | [P1] saving best_model with loss 0.019229 at epoch 165
2025-10-28 17:41:54,351 | INFO | Training epoch 166, Batch 1000/1000: LR=9.83e-05, Loss=1.93e-02 BER=7.06e-03 FER=1.90e-01
2025-10-28 17:41:54,406 | INFO | Epoch 166 Train Time 14.452278137207031s

2025-10-28 17:42:07,769 | INFO | Training epoch 167, Batch 1000/1000: LR=9.83e-05, Loss=1.92e-02 BER=7.04e-03 FER=1.90e-01
2025-10-28 17:42:07,819 | INFO | Epoch 167 Train Time 13.412290573120117s

2025-10-28 17:42:07,819 | INFO | [P1] saving best_model with loss 0.019192 at epoch 167
2025-10-28 17:42:22,337 | INFO | Training epoch 168, Batch 1000/1000: LR=9.83e-05, Loss=1.93e-02 BER=7.10e-03 FER=1.90e-01
2025-10-28 17:42:22,395 | INFO | Epoch 168 Train Time 14.564001560211182s

2025-10-28 17:42:36,320 | INFO | Training epoch 169, Batch 1000/1000: LR=9.83e-05, Loss=1.93e-02 BER=7.10e-03 FER=1.90e-01
2025-10-28 17:42:36,378 | INFO | Epoch 169 Train Time 13.982230424880981s

2025-10-28 17:42:49,250 | INFO | Training epoch 170, Batch 1000/1000: LR=9.83e-05, Loss=1.93e-02 BER=7.07e-03 FER=1.89e-01
2025-10-28 17:42:49,296 | INFO | Epoch 170 Train Time 12.91800832748413s

2025-10-28 17:43:02,896 | INFO | Training epoch 171, Batch 1000/1000: LR=9.82e-05, Loss=1.93e-02 BER=7.07e-03 FER=1.89e-01
2025-10-28 17:43:02,946 | INFO | Epoch 171 Train Time 13.649097442626953s

2025-10-28 17:43:17,045 | INFO | Training epoch 172, Batch 1000/1000: LR=9.82e-05, Loss=1.91e-02 BER=6.97e-03 FER=1.87e-01
2025-10-28 17:43:17,097 | INFO | Epoch 172 Train Time 14.149705171585083s

2025-10-28 17:43:17,097 | INFO | [P1] saving best_model with loss 0.019051 at epoch 172
2025-10-28 17:43:31,028 | INFO | Training epoch 173, Batch 1000/1000: LR=9.82e-05, Loss=1.93e-02 BER=7.10e-03 FER=1.91e-01
2025-10-28 17:43:31,083 | INFO | Epoch 173 Train Time 13.971187353134155s

2025-10-28 17:43:50,445 | INFO | Training epoch 174, Batch 1000/1000: LR=9.82e-05, Loss=1.92e-02 BER=7.05e-03 FER=1.89e-01
2025-10-28 17:43:50,525 | INFO | Epoch 174 Train Time 19.441272735595703s

2025-10-28 17:44:12,146 | INFO | Training epoch 175, Batch 1000/1000: LR=9.82e-05, Loss=1.92e-02 BER=7.05e-03 FER=1.88e-01
2025-10-28 17:44:12,242 | INFO | Epoch 175 Train Time 21.714685440063477s

2025-10-28 17:44:34,431 | INFO | Training epoch 176, Batch 1000/1000: LR=9.81e-05, Loss=1.89e-02 BER=6.90e-03 FER=1.85e-01
2025-10-28 17:44:34,521 | INFO | Epoch 176 Train Time 22.27782917022705s

2025-10-28 17:44:34,522 | INFO | [P1] saving best_model with loss 0.018863 at epoch 176
2025-10-28 17:44:57,830 | INFO | Training epoch 177, Batch 1000/1000: LR=9.81e-05, Loss=1.90e-02 BER=7.01e-03 FER=1.89e-01
2025-10-28 17:44:57,917 | INFO | Epoch 177 Train Time 23.37549352645874s

2025-10-28 17:45:20,723 | INFO | Training epoch 178, Batch 1000/1000: LR=9.81e-05, Loss=1.91e-02 BER=6.97e-03 FER=1.88e-01
2025-10-28 17:45:20,810 | INFO | Epoch 178 Train Time 22.89279842376709s

2025-10-28 17:45:42,020 | INFO | Training epoch 179, Batch 1000/1000: LR=9.81e-05, Loss=1.90e-02 BER=6.92e-03 FER=1.88e-01
2025-10-28 17:45:42,102 | INFO | Epoch 179 Train Time 21.29006552696228s

2025-10-28 17:46:04,110 | INFO | Training epoch 180, Batch 1000/1000: LR=9.81e-05, Loss=1.90e-02 BER=6.99e-03 FER=1.88e-01
2025-10-28 17:46:04,192 | INFO | Epoch 180 Train Time 22.088908433914185s

2025-10-28 17:46:27,075 | INFO | Training epoch 181, Batch 1000/1000: LR=9.80e-05, Loss=1.91e-02 BER=6.95e-03 FER=1.87e-01
2025-10-28 17:46:27,152 | INFO | Epoch 181 Train Time 22.959378957748413s

2025-10-28 17:46:49,126 | INFO | Training epoch 182, Batch 1000/1000: LR=9.80e-05, Loss=1.92e-02 BER=7.04e-03 FER=1.89e-01
2025-10-28 17:46:49,208 | INFO | Epoch 182 Train Time 22.054649829864502s

2025-10-28 17:47:12,532 | INFO | Training epoch 183, Batch 1000/1000: LR=9.80e-05, Loss=1.90e-02 BER=6.96e-03 FER=1.89e-01
2025-10-28 17:47:12,617 | INFO | Epoch 183 Train Time 23.406718492507935s

2025-10-28 17:47:36,342 | INFO | Training epoch 184, Batch 1000/1000: LR=9.80e-05, Loss=1.90e-02 BER=6.96e-03 FER=1.88e-01
2025-10-28 17:47:36,430 | INFO | Epoch 184 Train Time 23.811901569366455s

2025-10-28 17:48:00,556 | INFO | Training epoch 185, Batch 1000/1000: LR=9.79e-05, Loss=1.89e-02 BER=6.94e-03 FER=1.86e-01
2025-10-28 17:48:00,634 | INFO | Epoch 185 Train Time 24.20248556137085s

2025-10-28 17:48:23,932 | INFO | Training epoch 186, Batch 1000/1000: LR=9.79e-05, Loss=1.93e-02 BER=7.07e-03 FER=1.89e-01
2025-10-28 17:48:24,029 | INFO | Epoch 186 Train Time 23.393807888031006s

2025-10-28 17:48:48,356 | INFO | Training epoch 187, Batch 1000/1000: LR=9.79e-05, Loss=1.91e-02 BER=7.01e-03 FER=1.88e-01
2025-10-28 17:48:48,436 | INFO | Epoch 187 Train Time 24.40570330619812s

2025-10-28 17:49:11,560 | INFO | Training epoch 188, Batch 1000/1000: LR=9.79e-05, Loss=1.91e-02 BER=6.95e-03 FER=1.88e-01
2025-10-28 17:49:11,638 | INFO | Epoch 188 Train Time 23.20085310935974s

2025-10-28 17:49:36,064 | INFO | Training epoch 189, Batch 1000/1000: LR=9.79e-05, Loss=1.91e-02 BER=7.01e-03 FER=1.88e-01
2025-10-28 17:49:36,157 | INFO | Epoch 189 Train Time 24.517080783843994s

2025-10-28 17:49:59,353 | INFO | Training epoch 190, Batch 1000/1000: LR=9.78e-05, Loss=1.90e-02 BER=6.97e-03 FER=1.87e-01
2025-10-28 17:49:59,438 | INFO | Epoch 190 Train Time 23.278430700302124s

2025-10-28 17:50:23,512 | INFO | Training epoch 191, Batch 1000/1000: LR=9.78e-05, Loss=1.88e-02 BER=6.89e-03 FER=1.87e-01
2025-10-28 17:50:23,602 | INFO | Epoch 191 Train Time 24.163721799850464s

2025-10-28 17:50:23,603 | INFO | [P1] saving best_model with loss 0.018797 at epoch 191
2025-10-28 17:50:47,093 | INFO | Training epoch 192, Batch 1000/1000: LR=9.78e-05, Loss=1.89e-02 BER=6.91e-03 FER=1.86e-01
2025-10-28 17:50:47,172 | INFO | Epoch 192 Train Time 23.54200553894043s

2025-10-28 17:51:11,957 | INFO | Training epoch 193, Batch 1000/1000: LR=9.78e-05, Loss=1.89e-02 BER=6.89e-03 FER=1.87e-01
2025-10-28 17:51:12,051 | INFO | Epoch 193 Train Time 24.878583908081055s

2025-10-28 17:51:36,121 | INFO | Training epoch 194, Batch 1000/1000: LR=9.77e-05, Loss=1.90e-02 BER=6.97e-03 FER=1.87e-01
2025-10-28 17:51:36,203 | INFO | Epoch 194 Train Time 24.149479627609253s

2025-10-28 17:52:00,124 | INFO | Training epoch 195, Batch 1000/1000: LR=9.77e-05, Loss=1.89e-02 BER=6.91e-03 FER=1.86e-01
2025-10-28 17:52:00,204 | INFO | Epoch 195 Train Time 23.999406576156616s

2025-10-28 17:52:23,648 | INFO | Training epoch 196, Batch 1000/1000: LR=9.77e-05, Loss=1.89e-02 BER=6.88e-03 FER=1.86e-01
2025-10-28 17:52:23,747 | INFO | Epoch 196 Train Time 23.54187560081482s

2025-10-28 17:52:47,129 | INFO | Training epoch 197, Batch 1000/1000: LR=9.77e-05, Loss=1.90e-02 BER=6.95e-03 FER=1.86e-01
2025-10-28 17:52:47,216 | INFO | Epoch 197 Train Time 23.466334581375122s

2025-10-28 17:53:11,246 | INFO | Training epoch 198, Batch 1000/1000: LR=9.76e-05, Loss=1.89e-02 BER=6.96e-03 FER=1.87e-01
2025-10-28 17:53:11,340 | INFO | Epoch 198 Train Time 24.122012615203857s

2025-10-28 17:53:35,636 | INFO | Training epoch 199, Batch 1000/1000: LR=9.76e-05, Loss=1.90e-02 BER=6.98e-03 FER=1.87e-01
2025-10-28 17:53:35,716 | INFO | Epoch 199 Train Time 24.37399911880493s

2025-10-28 17:53:59,719 | INFO | Training epoch 200, Batch 1000/1000: LR=9.76e-05, Loss=1.91e-02 BER=6.99e-03 FER=1.89e-01
2025-10-28 17:53:59,798 | INFO | Epoch 200 Train Time 24.080854177474976s

2025-10-28 17:54:24,456 | INFO | Training epoch 201, Batch 1000/1000: LR=9.76e-05, Loss=1.88e-02 BER=6.87e-03 FER=1.86e-01
2025-10-28 17:54:24,531 | INFO | Epoch 201 Train Time 24.730968713760376s

2025-10-28 17:54:24,531 | INFO | [P1] saving best_model with loss 0.018752 at epoch 201
2025-10-28 17:54:47,851 | INFO | Training epoch 202, Batch 1000/1000: LR=9.76e-05, Loss=1.88e-02 BER=6.88e-03 FER=1.85e-01
2025-10-28 17:54:47,933 | INFO | Epoch 202 Train Time 23.38379168510437s

2025-10-28 17:55:11,070 | INFO | Training epoch 203, Batch 1000/1000: LR=9.75e-05, Loss=1.87e-02 BER=6.84e-03 FER=1.85e-01
2025-10-28 17:55:11,149 | INFO | Epoch 203 Train Time 23.215636491775513s

2025-10-28 17:55:11,150 | INFO | [P1] saving best_model with loss 0.018652 at epoch 203
2025-10-28 17:55:34,969 | INFO | Training epoch 204, Batch 1000/1000: LR=9.75e-05, Loss=1.89e-02 BER=6.96e-03 FER=1.86e-01
2025-10-28 17:55:35,042 | INFO | Epoch 204 Train Time 23.878583431243896s

2025-10-28 17:55:59,028 | INFO | Training epoch 205, Batch 1000/1000: LR=9.75e-05, Loss=1.87e-02 BER=6.87e-03 FER=1.84e-01
2025-10-28 17:55:59,103 | INFO | Epoch 205 Train Time 24.059144496917725s

2025-10-28 17:56:23,370 | INFO | Training epoch 206, Batch 1000/1000: LR=9.75e-05, Loss=1.89e-02 BER=6.93e-03 FER=1.87e-01
2025-10-28 17:56:23,464 | INFO | Epoch 206 Train Time 24.358226537704468s

2025-10-28 17:56:47,847 | INFO | Training epoch 207, Batch 1000/1000: LR=9.74e-05, Loss=1.88e-02 BER=6.90e-03 FER=1.85e-01
2025-10-28 17:56:47,929 | INFO | Epoch 207 Train Time 24.462930917739868s

2025-10-28 17:57:11,714 | INFO | Training epoch 208, Batch 1000/1000: LR=9.74e-05, Loss=1.89e-02 BER=6.97e-03 FER=1.86e-01
2025-10-28 17:57:11,797 | INFO | Epoch 208 Train Time 23.867010831832886s

2025-10-28 17:57:35,128 | INFO | Training epoch 209, Batch 1000/1000: LR=9.74e-05, Loss=1.88e-02 BER=6.85e-03 FER=1.84e-01
2025-10-28 17:57:35,204 | INFO | Epoch 209 Train Time 23.403631448745728s

2025-10-28 17:57:56,921 | INFO | Training epoch 210, Batch 1000/1000: LR=9.74e-05, Loss=1.88e-02 BER=6.89e-03 FER=1.86e-01
2025-10-28 17:57:56,988 | INFO | Epoch 210 Train Time 21.783137321472168s

2025-10-28 17:58:20,956 | INFO | Training epoch 211, Batch 1000/1000: LR=9.73e-05, Loss=1.90e-02 BER=6.95e-03 FER=1.86e-01
2025-10-28 17:58:21,026 | INFO | Epoch 211 Train Time 24.036324501037598s

2025-10-28 17:58:45,032 | INFO | Training epoch 212, Batch 1000/1000: LR=9.73e-05, Loss=1.87e-02 BER=6.86e-03 FER=1.84e-01
2025-10-28 17:58:45,104 | INFO | Epoch 212 Train Time 24.076505661010742s

2025-10-28 17:59:09,237 | INFO | Training epoch 213, Batch 1000/1000: LR=9.73e-05, Loss=1.89e-02 BER=6.96e-03 FER=1.87e-01
2025-10-28 17:59:09,323 | INFO | Epoch 213 Train Time 24.217702865600586s

2025-10-28 17:59:33,027 | INFO | Training epoch 214, Batch 1000/1000: LR=9.73e-05, Loss=1.87e-02 BER=6.81e-03 FER=1.83e-01
2025-10-28 17:59:33,101 | INFO | Epoch 214 Train Time 23.776549339294434s

2025-10-28 17:59:57,215 | INFO | Training epoch 215, Batch 1000/1000: LR=9.72e-05, Loss=1.87e-02 BER=6.84e-03 FER=1.83e-01
2025-10-28 17:59:57,286 | INFO | Epoch 215 Train Time 24.18399167060852s

2025-10-28 18:00:21,546 | INFO | Training epoch 216, Batch 1000/1000: LR=9.72e-05, Loss=1.87e-02 BER=6.86e-03 FER=1.85e-01
2025-10-28 18:00:21,619 | INFO | Epoch 216 Train Time 24.331162929534912s

2025-10-28 18:00:45,146 | INFO | Training epoch 217, Batch 1000/1000: LR=9.72e-05, Loss=1.86e-02 BER=6.84e-03 FER=1.84e-01
2025-10-28 18:00:45,223 | INFO | Epoch 217 Train Time 23.60326099395752s

2025-10-28 18:00:45,224 | INFO | [P1] saving best_model with loss 0.018605 at epoch 217
2025-10-28 18:01:09,354 | INFO | Training epoch 218, Batch 1000/1000: LR=9.72e-05, Loss=1.88e-02 BER=6.89e-03 FER=1.85e-01
2025-10-28 18:01:09,425 | INFO | Epoch 218 Train Time 24.18589735031128s

2025-10-28 18:01:33,128 | INFO | Training epoch 219, Batch 1000/1000: LR=9.71e-05, Loss=1.87e-02 BER=6.80e-03 FER=1.83e-01
2025-10-28 18:01:33,197 | INFO | Epoch 219 Train Time 23.770787715911865s

2025-10-28 18:01:56,654 | INFO | Training epoch 220, Batch 1000/1000: LR=9.71e-05, Loss=1.84e-02 BER=6.74e-03 FER=1.81e-01
2025-10-28 18:01:56,732 | INFO | Epoch 220 Train Time 23.533613681793213s

2025-10-28 18:01:56,733 | INFO | [P1] saving best_model with loss 0.018415 at epoch 220
2025-10-28 18:02:21,011 | INFO | Training epoch 221, Batch 1000/1000: LR=9.71e-05, Loss=1.87e-02 BER=6.84e-03 FER=1.84e-01
2025-10-28 18:02:21,092 | INFO | Epoch 221 Train Time 24.34476065635681s

2025-10-28 18:02:45,438 | INFO | Training epoch 222, Batch 1000/1000: LR=9.70e-05, Loss=1.86e-02 BER=6.79e-03 FER=1.83e-01
2025-10-28 18:02:45,525 | INFO | Epoch 222 Train Time 24.430325269699097s

2025-10-28 18:03:09,518 | INFO | Training epoch 223, Batch 1000/1000: LR=9.70e-05, Loss=1.86e-02 BER=6.82e-03 FER=1.84e-01
2025-10-28 18:03:09,602 | INFO | Epoch 223 Train Time 24.076555728912354s

2025-10-28 18:03:33,453 | INFO | Training epoch 224, Batch 1000/1000: LR=9.70e-05, Loss=1.86e-02 BER=6.82e-03 FER=1.84e-01
2025-10-28 18:03:33,550 | INFO | Epoch 224 Train Time 23.94670343399048s

2025-10-28 18:03:57,329 | INFO | Training epoch 225, Batch 1000/1000: LR=9.70e-05, Loss=1.87e-02 BER=6.85e-03 FER=1.83e-01
2025-10-28 18:03:57,407 | INFO | Epoch 225 Train Time 23.8554265499115s

2025-10-28 18:04:20,855 | INFO | Training epoch 226, Batch 1000/1000: LR=9.69e-05, Loss=1.84e-02 BER=6.75e-03 FER=1.82e-01
2025-10-28 18:04:20,941 | INFO | Epoch 226 Train Time 23.532304048538208s

2025-10-28 18:04:45,228 | INFO | Training epoch 227, Batch 1000/1000: LR=9.69e-05, Loss=1.86e-02 BER=6.82e-03 FER=1.83e-01
2025-10-28 18:04:45,300 | INFO | Epoch 227 Train Time 24.356714487075806s

2025-10-28 18:05:09,233 | INFO | Training epoch 228, Batch 1000/1000: LR=9.69e-05, Loss=1.84e-02 BER=6.76e-03 FER=1.81e-01
2025-10-28 18:05:09,311 | INFO | Epoch 228 Train Time 24.009561777114868s

2025-10-28 18:05:33,866 | INFO | Training epoch 229, Batch 1000/1000: LR=9.69e-05, Loss=1.86e-02 BER=6.83e-03 FER=1.82e-01
2025-10-28 18:05:33,969 | INFO | Epoch 229 Train Time 24.65661358833313s

2025-10-28 18:05:57,346 | INFO | Training epoch 230, Batch 1000/1000: LR=9.68e-05, Loss=1.87e-02 BER=6.90e-03 FER=1.86e-01
2025-10-28 18:05:57,419 | INFO | Epoch 230 Train Time 23.449538707733154s

2025-10-28 18:06:21,334 | INFO | Training epoch 231, Batch 1000/1000: LR=9.68e-05, Loss=1.88e-02 BER=6.91e-03 FER=1.85e-01
2025-10-28 18:06:21,425 | INFO | Epoch 231 Train Time 24.005372047424316s

2025-10-28 18:06:45,748 | INFO | Training epoch 232, Batch 1000/1000: LR=9.68e-05, Loss=1.86e-02 BER=6.83e-03 FER=1.84e-01
2025-10-28 18:06:45,820 | INFO | Epoch 232 Train Time 24.394038677215576s

2025-10-28 18:07:09,954 | INFO | Training epoch 233, Batch 1000/1000: LR=9.67e-05, Loss=1.86e-02 BER=6.80e-03 FER=1.83e-01
2025-10-28 18:07:10,044 | INFO | Epoch 233 Train Time 24.222222805023193s

2025-10-28 18:07:33,667 | INFO | Training epoch 234, Batch 1000/1000: LR=9.67e-05, Loss=1.87e-02 BER=6.85e-03 FER=1.84e-01
2025-10-28 18:07:33,773 | INFO | Epoch 234 Train Time 23.72784113883972s

2025-10-28 18:07:55,641 | INFO | Training epoch 235, Batch 1000/1000: LR=9.67e-05, Loss=1.86e-02 BER=6.81e-03 FER=1.84e-01
2025-10-28 18:07:55,723 | INFO | Epoch 235 Train Time 21.948808193206787s

2025-10-28 18:08:19,732 | INFO | Training epoch 236, Batch 1000/1000: LR=9.67e-05, Loss=1.83e-02 BER=6.74e-03 FER=1.80e-01
2025-10-28 18:08:19,823 | INFO | Epoch 236 Train Time 24.09884214401245s

2025-10-28 18:08:19,824 | INFO | [P1] saving best_model with loss 0.018338 at epoch 236
2025-10-28 18:08:43,752 | INFO | Training epoch 237, Batch 1000/1000: LR=9.66e-05, Loss=1.86e-02 BER=6.83e-03 FER=1.83e-01
2025-10-28 18:08:43,847 | INFO | Epoch 237 Train Time 24.009894132614136s

2025-10-28 18:09:06,849 | INFO | Training epoch 238, Batch 1000/1000: LR=9.66e-05, Loss=1.84e-02 BER=6.74e-03 FER=1.82e-01
2025-10-28 18:09:06,928 | INFO | Epoch 238 Train Time 23.0797119140625s

2025-10-28 18:09:30,544 | INFO | Training epoch 239, Batch 1000/1000: LR=9.66e-05, Loss=1.83e-02 BER=6.73e-03 FER=1.81e-01
2025-10-28 18:09:30,621 | INFO | Epoch 239 Train Time 23.691325187683105s

2025-10-28 18:09:30,622 | INFO | [P1] saving best_model with loss 0.018305 at epoch 239
2025-10-28 18:09:54,450 | INFO | Training epoch 240, Batch 1000/1000: LR=9.66e-05, Loss=1.85e-02 BER=6.78e-03 FER=1.83e-01
2025-10-28 18:09:54,539 | INFO | Epoch 240 Train Time 23.901774883270264s

2025-10-28 18:10:18,581 | INFO | Training epoch 241, Batch 1000/1000: LR=9.65e-05, Loss=1.83e-02 BER=6.67e-03 FER=1.80e-01
2025-10-28 18:10:18,655 | INFO | Epoch 241 Train Time 24.11419916152954s

2025-10-28 18:10:18,656 | INFO | [P1] saving best_model with loss 0.018269 at epoch 241
2025-10-28 18:10:42,632 | INFO | Training epoch 242, Batch 1000/1000: LR=9.65e-05, Loss=1.83e-02 BER=6.72e-03 FER=1.81e-01
2025-10-28 18:10:42,722 | INFO | Epoch 242 Train Time 24.046783924102783s

2025-10-28 18:11:06,745 | INFO | Training epoch 243, Batch 1000/1000: LR=9.65e-05, Loss=1.83e-02 BER=6.70e-03 FER=1.80e-01
2025-10-28 18:11:06,819 | INFO | Epoch 243 Train Time 24.094325065612793s

2025-10-28 18:11:30,438 | INFO | Training epoch 244, Batch 1000/1000: LR=9.64e-05, Loss=1.83e-02 BER=6.73e-03 FER=1.81e-01
2025-10-28 18:11:30,528 | INFO | Epoch 244 Train Time 23.707383155822754s

2025-10-28 18:11:54,838 | INFO | Training epoch 245, Batch 1000/1000: LR=9.64e-05, Loss=1.86e-02 BER=6.81e-03 FER=1.83e-01
2025-10-28 18:11:54,919 | INFO | Epoch 245 Train Time 24.38800549507141s

2025-10-28 18:12:18,164 | INFO | Training epoch 246, Batch 1000/1000: LR=9.64e-05, Loss=1.84e-02 BER=6.75e-03 FER=1.81e-01
2025-10-28 18:12:18,253 | INFO | Epoch 246 Train Time 23.33310580253601s

2025-10-28 18:12:41,364 | INFO | Training epoch 247, Batch 1000/1000: LR=9.64e-05, Loss=1.84e-02 BER=6.74e-03 FER=1.80e-01
2025-10-28 18:12:41,445 | INFO | Epoch 247 Train Time 23.189887285232544s

2025-10-28 18:13:05,538 | INFO | Training epoch 248, Batch 1000/1000: LR=9.63e-05, Loss=1.85e-02 BER=6.75e-03 FER=1.82e-01
2025-10-28 18:13:05,596 | INFO | Epoch 248 Train Time 24.15054702758789s

2025-10-28 18:13:28,559 | INFO | Training epoch 249, Batch 1000/1000: LR=9.63e-05, Loss=1.85e-02 BER=6.79e-03 FER=1.82e-01
2025-10-28 18:13:28,634 | INFO | Epoch 249 Train Time 23.036332368850708s

2025-10-28 18:13:52,417 | INFO | Training epoch 250, Batch 1000/1000: LR=9.63e-05, Loss=1.86e-02 BER=6.81e-03 FER=1.83e-01
2025-10-28 18:13:52,490 | INFO | Epoch 250 Train Time 23.85450768470764s

2025-10-28 18:14:17,346 | INFO | Training epoch 251, Batch 1000/1000: LR=9.62e-05, Loss=1.83e-02 BER=6.72e-03 FER=1.81e-01
2025-10-28 18:14:17,428 | INFO | Epoch 251 Train Time 24.937185525894165s

2025-10-28 18:14:41,619 | INFO | Training epoch 252, Batch 1000/1000: LR=9.62e-05, Loss=1.83e-02 BER=6.68e-03 FER=1.80e-01
2025-10-28 18:14:41,706 | INFO | Epoch 252 Train Time 24.27533721923828s

2025-10-28 18:14:41,707 | INFO | [P1] saving best_model with loss 0.018252 at epoch 252
2025-10-28 18:15:04,922 | INFO | Training epoch 253, Batch 1000/1000: LR=9.62e-05, Loss=1.82e-02 BER=6.68e-03 FER=1.79e-01
2025-10-28 18:15:04,992 | INFO | Epoch 253 Train Time 23.269347190856934s

2025-10-28 18:15:04,993 | INFO | [P1] saving best_model with loss 0.018235 at epoch 253
2025-10-28 18:15:29,050 | INFO | Training epoch 254, Batch 1000/1000: LR=9.61e-05, Loss=1.81e-02 BER=6.61e-03 FER=1.79e-01
2025-10-28 18:15:29,123 | INFO | Epoch 254 Train Time 24.11655855178833s

2025-10-28 18:15:29,123 | INFO | [P1] saving best_model with loss 0.018092 at epoch 254
2025-10-28 18:15:52,971 | INFO | Training epoch 255, Batch 1000/1000: LR=9.61e-05, Loss=1.84e-02 BER=6.74e-03 FER=1.81e-01
2025-10-28 18:15:53,048 | INFO | Epoch 255 Train Time 23.907800674438477s

2025-10-28 18:16:17,142 | INFO | Training epoch 256, Batch 1000/1000: LR=9.61e-05, Loss=1.85e-02 BER=6.74e-03 FER=1.81e-01
2025-10-28 18:16:17,241 | INFO | Epoch 256 Train Time 24.19200873374939s

2025-10-28 18:16:41,434 | INFO | Training epoch 257, Batch 1000/1000: LR=9.61e-05, Loss=1.82e-02 BER=6.65e-03 FER=1.79e-01
2025-10-28 18:16:41,507 | INFO | Epoch 257 Train Time 24.265434503555298s

2025-10-28 18:17:05,643 | INFO | Training epoch 258, Batch 1000/1000: LR=9.60e-05, Loss=1.83e-02 BER=6.66e-03 FER=1.79e-01
2025-10-28 18:17:05,726 | INFO | Epoch 258 Train Time 24.21834421157837s

2025-10-28 18:17:30,266 | INFO | Training epoch 259, Batch 1000/1000: LR=9.60e-05, Loss=1.83e-02 BER=6.68e-03 FER=1.79e-01
2025-10-28 18:17:30,343 | INFO | Epoch 259 Train Time 24.61544942855835s

2025-10-28 18:17:54,063 | INFO | Training epoch 260, Batch 1000/1000: LR=9.60e-05, Loss=1.85e-02 BER=6.73e-03 FER=1.81e-01
2025-10-28 18:17:54,143 | INFO | Epoch 260 Train Time 23.798327684402466s

2025-10-28 18:18:17,740 | INFO | Training epoch 261, Batch 1000/1000: LR=9.59e-05, Loss=1.82e-02 BER=6.68e-03 FER=1.80e-01
2025-10-28 18:18:17,836 | INFO | Epoch 261 Train Time 23.6919047832489s

2025-10-28 18:18:39,936 | INFO | Training epoch 262, Batch 1000/1000: LR=9.59e-05, Loss=1.83e-02 BER=6.71e-03 FER=1.79e-01
2025-10-28 18:18:40,010 | INFO | Epoch 262 Train Time 22.17298674583435s

2025-10-28 18:19:04,826 | INFO | Training epoch 263, Batch 1000/1000: LR=9.59e-05, Loss=1.82e-02 BER=6.68e-03 FER=1.80e-01
2025-10-28 18:19:04,903 | INFO | Epoch 263 Train Time 24.89194083213806s

2025-10-28 18:19:29,118 | INFO | Training epoch 264, Batch 1000/1000: LR=9.58e-05, Loss=1.84e-02 BER=6.72e-03 FER=1.80e-01
2025-10-28 18:19:29,211 | INFO | Epoch 264 Train Time 24.306511640548706s

2025-10-28 18:19:53,336 | INFO | Training epoch 265, Batch 1000/1000: LR=9.58e-05, Loss=1.84e-02 BER=6.70e-03 FER=1.79e-01
2025-10-28 18:19:53,414 | INFO | Epoch 265 Train Time 24.20158839225769s

2025-10-28 18:20:17,752 | INFO | Training epoch 266, Batch 1000/1000: LR=9.58e-05, Loss=1.81e-02 BER=6.60e-03 FER=1.79e-01
2025-10-28 18:20:17,840 | INFO | Epoch 266 Train Time 24.424036264419556s

2025-10-28 18:20:17,841 | INFO | [P1] saving best_model with loss 0.018069 at epoch 266
2025-10-28 18:20:41,312 | INFO | Training epoch 267, Batch 1000/1000: LR=9.57e-05, Loss=1.83e-02 BER=6.69e-03 FER=1.80e-01
2025-10-28 18:20:41,399 | INFO | Epoch 267 Train Time 23.533570051193237s

2025-10-28 18:21:04,653 | INFO | Training epoch 268, Batch 1000/1000: LR=9.57e-05, Loss=1.81e-02 BER=6.62e-03 FER=1.78e-01
2025-10-28 18:21:04,732 | INFO | Epoch 268 Train Time 23.33045196533203s

2025-10-28 18:21:29,042 | INFO | Training epoch 269, Batch 1000/1000: LR=9.57e-05, Loss=1.80e-02 BER=6.59e-03 FER=1.79e-01
2025-10-28 18:21:29,122 | INFO | Epoch 269 Train Time 24.387621879577637s

2025-10-28 18:21:29,123 | INFO | [P1] saving best_model with loss 0.017961 at epoch 269
2025-10-28 18:21:50,216 | INFO | Training epoch 270, Batch 1000/1000: LR=9.56e-05, Loss=1.82e-02 BER=6.65e-03 FER=1.80e-01
2025-10-28 18:21:50,297 | INFO | Epoch 270 Train Time 21.15946125984192s

2025-10-28 18:22:14,740 | INFO | Training epoch 271, Batch 1000/1000: LR=9.56e-05, Loss=1.83e-02 BER=6.72e-03 FER=1.80e-01
2025-10-28 18:22:14,830 | INFO | Epoch 271 Train Time 24.53175115585327s

2025-10-28 18:22:39,571 | INFO | Training epoch 272, Batch 1000/1000: LR=9.56e-05, Loss=1.83e-02 BER=6.70e-03 FER=1.81e-01
2025-10-28 18:22:39,650 | INFO | Epoch 272 Train Time 24.817655563354492s

2025-10-28 18:23:03,649 | INFO | Training epoch 273, Batch 1000/1000: LR=9.56e-05, Loss=1.83e-02 BER=6.67e-03 FER=1.80e-01
2025-10-28 18:23:03,735 | INFO | Epoch 273 Train Time 24.084063053131104s

2025-10-28 18:23:27,657 | INFO | Training epoch 274, Batch 1000/1000: LR=9.55e-05, Loss=1.82e-02 BER=6.67e-03 FER=1.80e-01
2025-10-28 18:23:27,732 | INFO | Epoch 274 Train Time 23.99552011489868s

2025-10-28 18:23:51,538 | INFO | Training epoch 275, Batch 1000/1000: LR=9.55e-05, Loss=1.83e-02 BER=6.72e-03 FER=1.79e-01
2025-10-28 18:23:51,605 | INFO | Epoch 275 Train Time 23.871154069900513s

2025-10-28 18:24:15,772 | INFO | Training epoch 276, Batch 1000/1000: LR=9.55e-05, Loss=1.82e-02 BER=6.66e-03 FER=1.79e-01
2025-10-28 18:24:15,842 | INFO | Epoch 276 Train Time 24.234511852264404s

2025-10-28 18:24:39,921 | INFO | Training epoch 277, Batch 1000/1000: LR=9.54e-05, Loss=1.82e-02 BER=6.64e-03 FER=1.78e-01
2025-10-28 18:24:40,004 | INFO | Epoch 277 Train Time 24.160699129104614s

2025-10-28 18:25:03,841 | INFO | Training epoch 278, Batch 1000/1000: LR=9.54e-05, Loss=1.82e-02 BER=6.68e-03 FER=1.79e-01
2025-10-28 18:25:03,920 | INFO | Epoch 278 Train Time 23.915512323379517s

2025-10-28 18:25:27,725 | INFO | Training epoch 279, Batch 1000/1000: LR=9.54e-05, Loss=1.82e-02 BER=6.66e-03 FER=1.79e-01
2025-10-28 18:25:27,810 | INFO | Epoch 279 Train Time 23.888291120529175s

2025-10-28 18:25:52,351 | INFO | Training epoch 280, Batch 1000/1000: LR=9.53e-05, Loss=1.83e-02 BER=6.71e-03 FER=1.80e-01
2025-10-28 18:25:52,424 | INFO | Epoch 280 Train Time 24.61349654197693s

2025-10-28 18:26:16,558 | INFO | Training epoch 281, Batch 1000/1000: LR=9.53e-05, Loss=1.82e-02 BER=6.65e-03 FER=1.78e-01
2025-10-28 18:26:16,633 | INFO | Epoch 281 Train Time 24.207419395446777s

2025-10-28 18:26:41,031 | INFO | Training epoch 282, Batch 1000/1000: LR=9.53e-05, Loss=1.82e-02 BER=6.69e-03 FER=1.80e-01
2025-10-28 18:26:41,112 | INFO | Epoch 282 Train Time 24.47758984565735s

2025-10-28 18:27:04,436 | INFO | Training epoch 283, Batch 1000/1000: LR=9.52e-05, Loss=1.81e-02 BER=6.66e-03 FER=1.79e-01
2025-10-28 18:27:04,517 | INFO | Epoch 283 Train Time 23.402585983276367s

2025-10-28 18:27:28,352 | INFO | Training epoch 284, Batch 1000/1000: LR=9.52e-05, Loss=1.84e-02 BER=6.75e-03 FER=1.81e-01
2025-10-28 18:27:28,436 | INFO | Epoch 284 Train Time 23.91650390625s

2025-10-28 18:27:52,350 | INFO | Training epoch 285, Batch 1000/1000: LR=9.52e-05, Loss=1.82e-02 BER=6.65e-03 FER=1.79e-01
2025-10-28 18:27:52,441 | INFO | Epoch 285 Train Time 24.003058671951294s

2025-10-28 18:28:15,952 | INFO | Training epoch 286, Batch 1000/1000: LR=9.51e-05, Loss=1.80e-02 BER=6.56e-03 FER=1.78e-01
2025-10-28 18:28:16,035 | INFO | Epoch 286 Train Time 23.59241533279419s

2025-10-28 18:28:16,036 | INFO | [P1] saving best_model with loss 0.017959 at epoch 286
2025-10-28 18:28:39,924 | INFO | Training epoch 287, Batch 1000/1000: LR=9.51e-05, Loss=1.81e-02 BER=6.66e-03 FER=1.79e-01
2025-10-28 18:28:40,009 | INFO | Epoch 287 Train Time 23.958061933517456s

2025-10-28 18:29:03,741 | INFO | Training epoch 288, Batch 1000/1000: LR=9.51e-05, Loss=1.81e-02 BER=6.63e-03 FER=1.78e-01
2025-10-28 18:29:03,814 | INFO | Epoch 288 Train Time 23.803622245788574s

2025-10-28 18:29:27,724 | INFO | Training epoch 289, Batch 1000/1000: LR=9.50e-05, Loss=1.80e-02 BER=6.61e-03 FER=1.78e-01
2025-10-28 18:29:27,809 | INFO | Epoch 289 Train Time 23.993886709213257s

2025-10-28 18:29:52,218 | INFO | Training epoch 290, Batch 1000/1000: LR=9.50e-05, Loss=1.80e-02 BER=6.60e-03 FER=1.77e-01
2025-10-28 18:29:52,294 | INFO | Epoch 290 Train Time 24.48499083518982s

2025-10-28 18:30:16,846 | INFO | Training epoch 291, Batch 1000/1000: LR=9.50e-05, Loss=1.79e-02 BER=6.53e-03 FER=1.76e-01
2025-10-28 18:30:16,926 | INFO | Epoch 291 Train Time 24.630404233932495s

2025-10-28 18:30:16,927 | INFO | [P1] saving best_model with loss 0.017904 at epoch 291
2025-10-28 18:30:41,138 | INFO | Training epoch 292, Batch 1000/1000: LR=9.49e-05, Loss=1.82e-02 BER=6.67e-03 FER=1.80e-01
2025-10-28 18:30:41,210 | INFO | Epoch 292 Train Time 24.26240301132202s

2025-10-28 18:31:05,115 | INFO | Training epoch 293, Batch 1000/1000: LR=9.49e-05, Loss=1.79e-02 BER=6.52e-03 FER=1.75e-01
2025-10-28 18:31:05,189 | INFO | Epoch 293 Train Time 23.977753400802612s

2025-10-28 18:31:05,191 | INFO | [P1] saving best_model with loss 0.017878 at epoch 293
2025-10-28 18:31:30,071 | INFO | Training epoch 294, Batch 1000/1000: LR=9.48e-05, Loss=1.80e-02 BER=6.63e-03 FER=1.77e-01
2025-10-28 18:31:30,143 | INFO | Epoch 294 Train Time 24.939053297042847s

2025-10-28 18:31:53,265 | INFO | Training epoch 295, Batch 1000/1000: LR=9.48e-05, Loss=1.82e-02 BER=6.65e-03 FER=1.79e-01
2025-10-28 18:31:53,347 | INFO | Epoch 295 Train Time 23.20233917236328s

2025-10-28 18:32:17,563 | INFO | Training epoch 296, Batch 1000/1000: LR=9.48e-05, Loss=1.81e-02 BER=6.60e-03 FER=1.78e-01
2025-10-28 18:32:17,640 | INFO | Epoch 296 Train Time 24.29177951812744s

2025-10-28 18:32:41,210 | INFO | Training epoch 297, Batch 1000/1000: LR=9.47e-05, Loss=1.79e-02 BER=6.55e-03 FER=1.76e-01
2025-10-28 18:32:41,294 | INFO | Epoch 297 Train Time 23.653581380844116s

2025-10-28 18:33:05,132 | INFO | Training epoch 298, Batch 1000/1000: LR=9.47e-05, Loss=1.80e-02 BER=6.62e-03 FER=1.77e-01
2025-10-28 18:33:05,205 | INFO | Epoch 298 Train Time 23.910250902175903s

2025-10-28 18:33:29,098 | INFO | Training epoch 299, Batch 1000/1000: LR=9.47e-05, Loss=1.82e-02 BER=6.68e-03 FER=1.78e-01
2025-10-28 18:33:29,178 | INFO | Epoch 299 Train Time 23.971441745758057s

2025-10-28 18:33:53,445 | INFO | Training epoch 300, Batch 1000/1000: LR=9.46e-05, Loss=1.81e-02 BER=6.58e-03 FER=1.77e-01
2025-10-28 18:33:53,529 | INFO | Epoch 300 Train Time 24.35007929801941s

2025-10-28 18:34:16,657 | INFO | Training epoch 301, Batch 1000/1000: LR=9.46e-05, Loss=1.80e-02 BER=6.61e-03 FER=1.77e-01
2025-10-28 18:34:16,734 | INFO | Epoch 301 Train Time 23.20200490951538s

2025-10-28 18:34:39,843 | INFO | Training epoch 302, Batch 1000/1000: LR=9.46e-05, Loss=1.81e-02 BER=6.61e-03 FER=1.77e-01
2025-10-28 18:34:39,923 | INFO | Epoch 302 Train Time 23.188929557800293s

2025-10-28 18:35:02,647 | INFO | Training epoch 303, Batch 1000/1000: LR=9.45e-05, Loss=1.80e-02 BER=6.59e-03 FER=1.78e-01
2025-10-28 18:35:02,724 | INFO | Epoch 303 Train Time 22.799118757247925s

2025-10-28 18:35:24,713 | INFO | Training epoch 304, Batch 1000/1000: LR=9.45e-05, Loss=1.78e-02 BER=6.51e-03 FER=1.76e-01
2025-10-28 18:35:24,785 | INFO | Epoch 304 Train Time 22.059037446975708s

2025-10-28 18:35:24,785 | INFO | [P1] saving best_model with loss 0.017752 at epoch 304
2025-10-28 18:35:47,235 | INFO | Training epoch 305, Batch 1000/1000: LR=9.45e-05, Loss=1.80e-02 BER=6.60e-03 FER=1.77e-01
2025-10-28 18:35:47,309 | INFO | Epoch 305 Train Time 22.50922656059265s

2025-10-28 18:36:08,207 | INFO | Training epoch 306, Batch 1000/1000: LR=9.44e-05, Loss=1.81e-02 BER=6.61e-03 FER=1.77e-01
2025-10-28 18:36:08,274 | INFO | Epoch 306 Train Time 20.96338725090027s

2025-10-28 18:36:30,144 | INFO | Training epoch 307, Batch 1000/1000: LR=9.44e-05, Loss=1.80e-02 BER=6.58e-03 FER=1.77e-01
2025-10-28 18:36:30,224 | INFO | Epoch 307 Train Time 21.948451280593872s

2025-10-28 18:36:53,219 | INFO | Training epoch 308, Batch 1000/1000: LR=9.44e-05, Loss=1.80e-02 BER=6.56e-03 FER=1.77e-01
2025-10-28 18:36:53,297 | INFO | Epoch 308 Train Time 23.070744276046753s

2025-10-28 18:37:15,209 | INFO | Training epoch 309, Batch 1000/1000: LR=9.43e-05, Loss=1.79e-02 BER=6.55e-03 FER=1.77e-01
2025-10-28 18:37:15,290 | INFO | Epoch 309 Train Time 21.991362810134888s

2025-10-28 18:37:36,711 | INFO | Training epoch 310, Batch 1000/1000: LR=9.43e-05, Loss=1.77e-02 BER=6.49e-03 FER=1.74e-01
2025-10-28 18:37:36,783 | INFO | Epoch 310 Train Time 21.49229097366333s

2025-10-28 18:37:36,784 | INFO | [P1] saving best_model with loss 0.017743 at epoch 310
2025-10-28 18:37:57,924 | INFO | Training epoch 311, Batch 1000/1000: LR=9.42e-05, Loss=1.81e-02 BER=6.64e-03 FER=1.78e-01
2025-10-28 18:37:58,002 | INFO | Epoch 311 Train Time 21.204850435256958s

2025-10-28 18:38:19,525 | INFO | Training epoch 312, Batch 1000/1000: LR=9.42e-05, Loss=1.78e-02 BER=6.49e-03 FER=1.75e-01
2025-10-28 18:38:19,592 | INFO | Epoch 312 Train Time 21.589337825775146s

2025-10-28 18:38:42,848 | INFO | Training epoch 313, Batch 1000/1000: LR=9.42e-05, Loss=1.81e-02 BER=6.59e-03 FER=1.77e-01
2025-10-28 18:38:42,916 | INFO | Epoch 313 Train Time 23.322750091552734s

2025-10-28 18:39:05,357 | INFO | Training epoch 314, Batch 1000/1000: LR=9.41e-05, Loss=1.81e-02 BER=6.62e-03 FER=1.78e-01
2025-10-28 18:39:05,432 | INFO | Epoch 314 Train Time 22.514601469039917s

2025-10-28 18:39:26,931 | INFO | Training epoch 315, Batch 1000/1000: LR=9.41e-05, Loss=1.79e-02 BER=6.53e-03 FER=1.77e-01
2025-10-28 18:39:27,015 | INFO | Epoch 315 Train Time 21.58188819885254s

2025-10-28 18:39:49,556 | INFO | Training epoch 316, Batch 1000/1000: LR=9.41e-05, Loss=1.81e-02 BER=6.60e-03 FER=1.78e-01
2025-10-28 18:39:49,631 | INFO | Epoch 316 Train Time 22.61391568183899s

2025-10-28 18:40:11,537 | INFO | Training epoch 317, Batch 1000/1000: LR=9.40e-05, Loss=1.78e-02 BER=6.46e-03 FER=1.74e-01
2025-10-28 18:40:11,617 | INFO | Epoch 317 Train Time 21.9856219291687s

2025-10-28 18:40:33,960 | INFO | Training epoch 318, Batch 1000/1000: LR=9.40e-05, Loss=1.81e-02 BER=6.59e-03 FER=1.77e-01
2025-10-28 18:40:34,028 | INFO | Epoch 318 Train Time 22.409789323806763s

2025-10-28 18:40:56,534 | INFO | Training epoch 319, Batch 1000/1000: LR=9.40e-05, Loss=1.80e-02 BER=6.55e-03 FER=1.77e-01
2025-10-28 18:40:56,622 | INFO | Epoch 319 Train Time 22.593320846557617s

2025-10-28 18:41:18,850 | INFO | Training epoch 320, Batch 1000/1000: LR=9.39e-05, Loss=1.78e-02 BER=6.53e-03 FER=1.76e-01
2025-10-28 18:41:18,934 | INFO | Epoch 320 Train Time 22.31024193763733s

2025-10-28 18:41:41,020 | INFO | Training epoch 321, Batch 1000/1000: LR=9.39e-05, Loss=1.79e-02 BER=6.51e-03 FER=1.76e-01
2025-10-28 18:41:41,110 | INFO | Epoch 321 Train Time 22.17497992515564s

2025-10-28 18:42:03,345 | INFO | Training epoch 322, Batch 1000/1000: LR=9.38e-05, Loss=1.80e-02 BER=6.58e-03 FER=1.76e-01
2025-10-28 18:42:03,411 | INFO | Epoch 322 Train Time 22.29892587661743s

2025-10-28 18:42:25,122 | INFO | Training epoch 323, Batch 1000/1000: LR=9.38e-05, Loss=1.79e-02 BER=6.53e-03 FER=1.76e-01
2025-10-28 18:42:25,201 | INFO | Epoch 323 Train Time 21.788665294647217s

2025-10-28 18:42:47,538 | INFO | Training epoch 324, Batch 1000/1000: LR=9.38e-05, Loss=1.79e-02 BER=6.56e-03 FER=1.76e-01
2025-10-28 18:42:47,615 | INFO | Epoch 324 Train Time 22.412875413894653s

2025-10-28 18:43:09,327 | INFO | Training epoch 325, Batch 1000/1000: LR=9.37e-05, Loss=1.79e-02 BER=6.55e-03 FER=1.76e-01
2025-10-28 18:43:09,395 | INFO | Epoch 325 Train Time 21.77855134010315s

2025-10-28 18:43:31,935 | INFO | Training epoch 326, Batch 1000/1000: LR=9.37e-05, Loss=1.77e-02 BER=6.50e-03 FER=1.75e-01
2025-10-28 18:43:32,020 | INFO | Epoch 326 Train Time 22.6240394115448s

2025-10-28 18:43:32,021 | INFO | [P1] saving best_model with loss 0.017705 at epoch 326
2025-10-28 18:43:54,634 | INFO | Training epoch 327, Batch 1000/1000: LR=9.37e-05, Loss=1.78e-02 BER=6.45e-03 FER=1.74e-01
2025-10-28 18:43:54,703 | INFO | Epoch 327 Train Time 22.66931128501892s

2025-10-28 18:44:15,935 | INFO | Training epoch 328, Batch 1000/1000: LR=9.36e-05, Loss=1.79e-02 BER=6.52e-03 FER=1.75e-01
2025-10-28 18:44:16,015 | INFO | Epoch 328 Train Time 21.30986475944519s

2025-10-28 18:44:38,236 | INFO | Training epoch 329, Batch 1000/1000: LR=9.36e-05, Loss=1.78e-02 BER=6.54e-03 FER=1.76e-01
2025-10-28 18:44:38,301 | INFO | Epoch 329 Train Time 22.285629272460938s

2025-10-28 18:45:00,771 | INFO | Training epoch 330, Batch 1000/1000: LR=9.35e-05, Loss=1.78e-02 BER=6.50e-03 FER=1.75e-01
2025-10-28 18:45:00,858 | INFO | Epoch 330 Train Time 22.5561101436615s

2025-10-28 18:45:23,222 | INFO | Training epoch 331, Batch 1000/1000: LR=9.35e-05, Loss=1.78e-02 BER=6.51e-03 FER=1.75e-01
2025-10-28 18:45:23,306 | INFO | Epoch 331 Train Time 22.445988416671753s

2025-10-28 18:45:46,135 | INFO | Training epoch 332, Batch 1000/1000: LR=9.35e-05, Loss=1.78e-02 BER=6.53e-03 FER=1.75e-01
2025-10-28 18:45:46,216 | INFO | Epoch 332 Train Time 22.9093976020813s

2025-10-28 18:46:08,422 | INFO | Training epoch 333, Batch 1000/1000: LR=9.34e-05, Loss=1.78e-02 BER=6.50e-03 FER=1.74e-01
2025-10-28 18:46:08,501 | INFO | Epoch 333 Train Time 22.2821786403656s

2025-10-28 18:46:28,821 | INFO | Training epoch 334, Batch 1000/1000: LR=9.34e-05, Loss=1.79e-02 BER=6.55e-03 FER=1.75e-01
2025-10-28 18:46:28,904 | INFO | Epoch 334 Train Time 20.4015691280365s

2025-10-28 18:46:50,120 | INFO | Training epoch 335, Batch 1000/1000: LR=9.33e-05, Loss=1.78e-02 BER=6.49e-03 FER=1.74e-01
2025-10-28 18:46:50,203 | INFO | Epoch 335 Train Time 21.297839879989624s

2025-10-28 18:47:11,909 | INFO | Training epoch 336, Batch 1000/1000: LR=9.33e-05, Loss=1.79e-02 BER=6.50e-03 FER=1.75e-01
2025-10-28 18:47:11,973 | INFO | Epoch 336 Train Time 21.76981544494629s

2025-10-28 18:47:33,972 | INFO | Training epoch 337, Batch 1000/1000: LR=9.33e-05, Loss=1.78e-02 BER=6.51e-03 FER=1.76e-01
2025-10-28 18:47:34,041 | INFO | Epoch 337 Train Time 22.065972805023193s

2025-10-28 18:47:55,713 | INFO | Training epoch 338, Batch 1000/1000: LR=9.32e-05, Loss=1.79e-02 BER=6.56e-03 FER=1.75e-01
2025-10-28 18:47:55,780 | INFO | Epoch 338 Train Time 21.738237380981445s

2025-10-28 18:48:18,642 | INFO | Training epoch 339, Batch 1000/1000: LR=9.32e-05, Loss=1.76e-02 BER=6.46e-03 FER=1.74e-01
2025-10-28 18:48:18,731 | INFO | Epoch 339 Train Time 22.94992232322693s

2025-10-28 18:48:18,731 | INFO | [P1] saving best_model with loss 0.017632 at epoch 339
2025-10-28 18:48:40,725 | INFO | Training epoch 340, Batch 1000/1000: LR=9.31e-05, Loss=1.80e-02 BER=6.61e-03 FER=1.75e-01
2025-10-28 18:48:40,800 | INFO | Epoch 340 Train Time 22.048011779785156s

2025-10-28 18:49:03,214 | INFO | Training epoch 341, Batch 1000/1000: LR=9.31e-05, Loss=1.81e-02 BER=6.60e-03 FER=1.78e-01
2025-10-28 18:49:03,279 | INFO | Epoch 341 Train Time 22.478211879730225s

2025-10-28 18:49:25,325 | INFO | Training epoch 342, Batch 1000/1000: LR=9.31e-05, Loss=1.78e-02 BER=6.50e-03 FER=1.74e-01
2025-10-28 18:49:25,410 | INFO | Epoch 342 Train Time 22.12934947013855s

2025-10-28 18:49:45,944 | INFO | Training epoch 343, Batch 1000/1000: LR=9.30e-05, Loss=1.78e-02 BER=6.49e-03 FER=1.76e-01
2025-10-28 18:49:46,008 | INFO | Epoch 343 Train Time 20.597768306732178s

2025-10-28 18:50:07,786 | INFO | Training epoch 344, Batch 1000/1000: LR=9.30e-05, Loss=1.77e-02 BER=6.47e-03 FER=1.75e-01
2025-10-28 18:50:07,846 | INFO | Epoch 344 Train Time 21.83651375770569s

2025-10-28 18:50:29,853 | INFO | Training epoch 345, Batch 1000/1000: LR=9.29e-05, Loss=1.77e-02 BER=6.50e-03 FER=1.76e-01
2025-10-28 18:50:29,932 | INFO | Epoch 345 Train Time 22.083897590637207s

2025-10-28 18:50:52,608 | INFO | Training epoch 346, Batch 1000/1000: LR=9.29e-05, Loss=1.78e-02 BER=6.50e-03 FER=1.73e-01
2025-10-28 18:50:52,694 | INFO | Epoch 346 Train Time 22.761457204818726s

2025-10-28 18:51:15,638 | INFO | Training epoch 347, Batch 1000/1000: LR=9.29e-05, Loss=1.80e-02 BER=6.61e-03 FER=1.76e-01
2025-10-28 18:51:15,712 | INFO | Epoch 347 Train Time 23.016944885253906s

2025-10-28 18:51:38,086 | INFO | Training epoch 348, Batch 1000/1000: LR=9.28e-05, Loss=1.78e-02 BER=6.54e-03 FER=1.76e-01
2025-10-28 18:51:38,170 | INFO | Epoch 348 Train Time 22.456499576568604s

2025-10-28 18:51:59,837 | INFO | Training epoch 349, Batch 1000/1000: LR=9.28e-05, Loss=1.76e-02 BER=6.43e-03 FER=1.73e-01
2025-10-28 18:51:59,920 | INFO | Epoch 349 Train Time 21.749328136444092s

2025-10-28 18:51:59,921 | INFO | [P1] saving best_model with loss 0.017622 at epoch 349
2025-10-28 18:52:21,425 | INFO | Training epoch 350, Batch 1000/1000: LR=9.27e-05, Loss=1.75e-02 BER=6.44e-03 FER=1.73e-01
2025-10-28 18:52:21,507 | INFO | Epoch 350 Train Time 21.56177544593811s

2025-10-28 18:52:21,507 | INFO | [P1] saving best_model with loss 0.017517 at epoch 350
2025-10-28 18:52:43,517 | INFO | Training epoch 351, Batch 1000/1000: LR=9.27e-05, Loss=1.77e-02 BER=6.46e-03 FER=1.73e-01
2025-10-28 18:52:43,600 | INFO | Epoch 351 Train Time 22.07633113861084s

2025-10-28 18:53:06,527 | INFO | Training epoch 352, Batch 1000/1000: LR=9.27e-05, Loss=1.76e-02 BER=6.46e-03 FER=1.74e-01
2025-10-28 18:53:06,597 | INFO | Epoch 352 Train Time 22.995161294937134s

2025-10-28 18:53:28,931 | INFO | Training epoch 353, Batch 1000/1000: LR=9.26e-05, Loss=1.78e-02 BER=6.48e-03 FER=1.75e-01
2025-10-28 18:53:29,005 | INFO | Epoch 353 Train Time 22.406402826309204s

2025-10-28 18:53:51,224 | INFO | Training epoch 354, Batch 1000/1000: LR=9.26e-05, Loss=1.78e-02 BER=6.49e-03 FER=1.74e-01
2025-10-28 18:53:51,315 | INFO | Epoch 354 Train Time 22.309155702590942s

2025-10-28 18:54:12,852 | INFO | Training epoch 355, Batch 1000/1000: LR=9.25e-05, Loss=1.77e-02 BER=6.52e-03 FER=1.75e-01
2025-10-28 18:54:12,925 | INFO | Epoch 355 Train Time 21.6080584526062s

2025-10-28 18:54:34,456 | INFO | Training epoch 356, Batch 1000/1000: LR=9.25e-05, Loss=1.77e-02 BER=6.48e-03 FER=1.74e-01
2025-10-28 18:54:34,542 | INFO | Epoch 356 Train Time 21.615124464035034s

2025-10-28 18:54:56,197 | INFO | Training epoch 357, Batch 1000/1000: LR=9.25e-05, Loss=1.76e-02 BER=6.47e-03 FER=1.74e-01
2025-10-28 18:54:56,271 | INFO | Epoch 357 Train Time 21.72697353363037s

2025-10-28 18:55:17,105 | INFO | Training epoch 358, Batch 1000/1000: LR=9.24e-05, Loss=1.78e-02 BER=6.52e-03 FER=1.75e-01
2025-10-28 18:55:17,174 | INFO | Epoch 358 Train Time 20.90187931060791s

2025-10-28 18:55:39,157 | INFO | Training epoch 359, Batch 1000/1000: LR=9.24e-05, Loss=1.76e-02 BER=6.46e-03 FER=1.73e-01
2025-10-28 18:55:39,227 | INFO | Epoch 359 Train Time 22.052687406539917s

2025-10-28 18:56:00,968 | INFO | Training epoch 360, Batch 1000/1000: LR=9.23e-05, Loss=1.78e-02 BER=6.50e-03 FER=1.75e-01
2025-10-28 18:56:01,039 | INFO | Epoch 360 Train Time 21.809768199920654s

2025-10-28 18:56:23,208 | INFO | Training epoch 361, Batch 1000/1000: LR=9.23e-05, Loss=1.76e-02 BER=6.43e-03 FER=1.73e-01
2025-10-28 18:56:23,296 | INFO | Epoch 361 Train Time 22.255783081054688s

2025-10-28 18:56:44,971 | INFO | Training epoch 362, Batch 1000/1000: LR=9.23e-05, Loss=1.76e-02 BER=6.49e-03 FER=1.74e-01
2025-10-28 18:56:45,036 | INFO | Epoch 362 Train Time 21.737065315246582s

2025-10-28 18:57:07,620 | INFO | Training epoch 363, Batch 1000/1000: LR=9.22e-05, Loss=1.77e-02 BER=6.47e-03 FER=1.75e-01
2025-10-28 18:57:07,692 | INFO | Epoch 363 Train Time 22.655808448791504s

2025-10-28 18:57:29,179 | INFO | Training epoch 364, Batch 1000/1000: LR=9.22e-05, Loss=1.79e-02 BER=6.51e-03 FER=1.74e-01
2025-10-28 18:57:29,257 | INFO | Epoch 364 Train Time 21.562543392181396s

2025-10-28 18:57:51,409 | INFO | Training epoch 365, Batch 1000/1000: LR=9.21e-05, Loss=1.75e-02 BER=6.42e-03 FER=1.72e-01
2025-10-28 18:57:51,488 | INFO | Epoch 365 Train Time 22.22951364517212s

2025-10-28 18:58:13,730 | INFO | Training epoch 366, Batch 1000/1000: LR=9.21e-05, Loss=1.79e-02 BER=6.53e-03 FER=1.74e-01
2025-10-28 18:58:13,797 | INFO | Epoch 366 Train Time 22.30753231048584s

2025-10-28 18:58:36,050 | INFO | Training epoch 367, Batch 1000/1000: LR=9.20e-05, Loss=1.77e-02 BER=6.46e-03 FER=1.73e-01
2025-10-28 18:58:36,136 | INFO | Epoch 367 Train Time 22.33661150932312s

2025-10-28 18:58:56,156 | INFO | Training epoch 368, Batch 1000/1000: LR=9.20e-05, Loss=1.77e-02 BER=6.51e-03 FER=1.74e-01
2025-10-28 18:58:56,240 | INFO | Epoch 368 Train Time 20.103106021881104s

2025-10-28 18:59:18,354 | INFO | Training epoch 369, Batch 1000/1000: LR=9.20e-05, Loss=1.75e-02 BER=6.35e-03 FER=1.72e-01
2025-10-28 18:59:18,434 | INFO | Epoch 369 Train Time 22.19301700592041s

2025-10-28 18:59:18,435 | INFO | [P1] saving best_model with loss 0.017477 at epoch 369
2025-10-28 18:59:40,349 | INFO | Training epoch 370, Batch 1000/1000: LR=9.19e-05, Loss=1.76e-02 BER=6.41e-03 FER=1.73e-01
2025-10-28 18:59:40,431 | INFO | Epoch 370 Train Time 21.97371768951416s

2025-10-28 19:00:02,519 | INFO | Training epoch 371, Batch 1000/1000: LR=9.19e-05, Loss=1.78e-02 BER=6.49e-03 FER=1.74e-01
2025-10-28 19:00:02,600 | INFO | Epoch 371 Train Time 22.167884826660156s

2025-10-28 19:00:23,635 | INFO | Training epoch 372, Batch 1000/1000: LR=9.18e-05, Loss=1.75e-02 BER=6.35e-03 FER=1.72e-01
2025-10-28 19:00:23,702 | INFO | Epoch 372 Train Time 21.10121464729309s

2025-10-28 19:00:47,237 | INFO | Training epoch 373, Batch 1000/1000: LR=9.18e-05, Loss=1.77e-02 BER=6.50e-03 FER=1.74e-01
2025-10-28 19:00:47,316 | INFO | Epoch 373 Train Time 23.612801551818848s

2025-10-28 19:01:08,762 | INFO | Training epoch 374, Batch 1000/1000: LR=9.17e-05, Loss=1.76e-02 BER=6.45e-03 FER=1.73e-01
2025-10-28 19:01:08,844 | INFO | Epoch 374 Train Time 21.52721905708313s

2025-10-28 19:01:30,027 | INFO | Training epoch 375, Batch 1000/1000: LR=9.17e-05, Loss=1.77e-02 BER=6.46e-03 FER=1.72e-01
2025-10-28 19:01:30,111 | INFO | Epoch 375 Train Time 21.2647967338562s

2025-10-28 19:01:53,854 | INFO | Training epoch 376, Batch 1000/1000: LR=9.17e-05, Loss=1.75e-02 BER=6.41e-03 FER=1.73e-01
2025-10-28 19:01:53,932 | INFO | Epoch 376 Train Time 23.819888591766357s

2025-10-28 19:02:16,356 | INFO | Training epoch 377, Batch 1000/1000: LR=9.16e-05, Loss=1.76e-02 BER=6.44e-03 FER=1.72e-01
2025-10-28 19:02:16,436 | INFO | Epoch 377 Train Time 22.50271439552307s

2025-10-28 19:02:38,255 | INFO | Training epoch 378, Batch 1000/1000: LR=9.16e-05, Loss=1.77e-02 BER=6.48e-03 FER=1.73e-01
2025-10-28 19:02:38,330 | INFO | Epoch 378 Train Time 21.893620252609253s

2025-10-28 19:02:59,417 | INFO | Training epoch 379, Batch 1000/1000: LR=9.15e-05, Loss=1.76e-02 BER=6.46e-03 FER=1.73e-01
2025-10-28 19:02:59,481 | INFO | Epoch 379 Train Time 21.149369955062866s

2025-10-28 19:03:21,025 | INFO | Training epoch 380, Batch 1000/1000: LR=9.15e-05, Loss=1.76e-02 BER=6.41e-03 FER=1.73e-01
2025-10-28 19:03:21,103 | INFO | Epoch 380 Train Time 21.62093687057495s

2025-10-28 19:03:42,524 | INFO | Training epoch 381, Batch 1000/1000: LR=9.14e-05, Loss=1.76e-02 BER=6.45e-03 FER=1.73e-01
2025-10-28 19:03:42,608 | INFO | Epoch 381 Train Time 21.503248691558838s

2025-10-28 19:04:05,453 | INFO | Training epoch 382, Batch 1000/1000: LR=9.14e-05, Loss=1.75e-02 BER=6.40e-03 FER=1.71e-01
2025-10-28 19:04:05,536 | INFO | Epoch 382 Train Time 22.92686629295349s

2025-10-28 19:04:27,355 | INFO | Training epoch 383, Batch 1000/1000: LR=9.14e-05, Loss=1.77e-02 BER=6.46e-03 FER=1.73e-01
2025-10-28 19:04:27,421 | INFO | Epoch 383 Train Time 21.8847234249115s

2025-10-28 19:04:50,412 | INFO | Training epoch 384, Batch 1000/1000: LR=9.13e-05, Loss=1.75e-02 BER=6.38e-03 FER=1.72e-01
2025-10-28 19:04:50,487 | INFO | Epoch 384 Train Time 23.06369137763977s

2025-10-28 19:05:09,425 | INFO | Training epoch 385, Batch 1000/1000: LR=9.13e-05, Loss=1.74e-02 BER=6.38e-03 FER=1.72e-01
2025-10-28 19:05:09,499 | INFO | Epoch 385 Train Time 19.00934886932373s

2025-10-28 19:05:09,499 | INFO | [P1] saving best_model with loss 0.017442 at epoch 385
2025-10-28 19:05:31,707 | INFO | Training epoch 386, Batch 1000/1000: LR=9.12e-05, Loss=1.76e-02 BER=6.39e-03 FER=1.72e-01
2025-10-28 19:05:31,785 | INFO | Epoch 386 Train Time 22.261133432388306s

2025-10-28 19:05:54,032 | INFO | Training epoch 387, Batch 1000/1000: LR=9.12e-05, Loss=1.76e-02 BER=6.47e-03 FER=1.75e-01
2025-10-28 19:05:54,114 | INFO | Epoch 387 Train Time 22.328229904174805s

2025-10-28 19:06:16,217 | INFO | Training epoch 388, Batch 1000/1000: LR=9.11e-05, Loss=1.74e-02 BER=6.35e-03 FER=1.71e-01
2025-10-28 19:06:16,294 | INFO | Epoch 388 Train Time 22.179276704788208s

2025-10-28 19:06:16,294 | INFO | [P1] saving best_model with loss 0.017422 at epoch 388
2025-10-28 19:06:39,256 | INFO | Training epoch 389, Batch 1000/1000: LR=9.11e-05, Loss=1.77e-02 BER=6.46e-03 FER=1.73e-01
2025-10-28 19:06:39,325 | INFO | Epoch 389 Train Time 23.013981580734253s

2025-10-28 19:06:58,344 | INFO | Training epoch 390, Batch 1000/1000: LR=9.10e-05, Loss=1.75e-02 BER=6.40e-03 FER=1.72e-01
2025-10-28 19:06:58,407 | INFO | Epoch 390 Train Time 19.081525325775146s

2025-10-28 19:07:20,015 | INFO | Training epoch 391, Batch 1000/1000: LR=9.10e-05, Loss=1.74e-02 BER=6.33e-03 FER=1.71e-01
2025-10-28 19:07:20,082 | INFO | Epoch 391 Train Time 21.67265272140503s

2025-10-28 19:07:20,085 | INFO | [P1] saving best_model with loss 0.017362 at epoch 391
2025-10-28 19:07:42,637 | INFO | Training epoch 392, Batch 1000/1000: LR=9.10e-05, Loss=1.74e-02 BER=6.36e-03 FER=1.70e-01
2025-10-28 19:07:42,710 | INFO | Epoch 392 Train Time 22.603071451187134s

2025-10-28 19:08:05,446 | INFO | Training epoch 393, Batch 1000/1000: LR=9.09e-05, Loss=1.74e-02 BER=6.33e-03 FER=1.71e-01
2025-10-28 19:08:05,523 | INFO | Epoch 393 Train Time 22.81014323234558s

2025-10-28 19:08:27,126 | INFO | Training epoch 394, Batch 1000/1000: LR=9.09e-05, Loss=1.76e-02 BER=6.45e-03 FER=1.73e-01
2025-10-28 19:08:27,207 | INFO | Epoch 394 Train Time 21.683639526367188s

2025-10-28 19:08:48,926 | INFO | Training epoch 395, Batch 1000/1000: LR=9.08e-05, Loss=1.76e-02 BER=6.43e-03 FER=1.73e-01
2025-10-28 19:08:49,004 | INFO | Epoch 395 Train Time 21.79562020301819s

2025-10-28 19:09:12,614 | INFO | Training epoch 396, Batch 1000/1000: LR=9.08e-05, Loss=1.74e-02 BER=6.37e-03 FER=1.71e-01
2025-10-28 19:09:12,706 | INFO | Epoch 396 Train Time 23.7013840675354s

2025-10-28 19:09:35,029 | INFO | Training epoch 397, Batch 1000/1000: LR=9.07e-05, Loss=1.74e-02 BER=6.38e-03 FER=1.72e-01
2025-10-28 19:09:35,099 | INFO | Epoch 397 Train Time 22.391502618789673s

2025-10-28 19:09:57,545 | INFO | Training epoch 398, Batch 1000/1000: LR=9.07e-05, Loss=1.76e-02 BER=6.41e-03 FER=1.72e-01
2025-10-28 19:09:57,622 | INFO | Epoch 398 Train Time 22.522538423538208s

2025-10-28 19:10:20,246 | INFO | Training epoch 399, Batch 1000/1000: LR=9.06e-05, Loss=1.75e-02 BER=6.38e-03 FER=1.71e-01
2025-10-28 19:10:20,324 | INFO | Epoch 399 Train Time 22.6998393535614s

2025-10-28 19:10:41,840 | INFO | Training epoch 400, Batch 1000/1000: LR=9.06e-05, Loss=1.76e-02 BER=6.42e-03 FER=1.72e-01
2025-10-28 19:10:41,909 | INFO | Epoch 400 Train Time 21.583929777145386s

2025-10-28 19:11:05,236 | INFO | Training epoch 401, Batch 1000/1000: LR=9.05e-05, Loss=1.73e-02 BER=6.33e-03 FER=1.71e-01
2025-10-28 19:11:05,306 | INFO | Epoch 401 Train Time 23.3962345123291s

2025-10-28 19:11:05,307 | INFO | [P1] saving best_model with loss 0.017289 at epoch 401
2025-10-28 19:11:28,100 | INFO | Training epoch 402, Batch 1000/1000: LR=9.05e-05, Loss=1.76e-02 BER=6.42e-03 FER=1.72e-01
2025-10-28 19:11:28,181 | INFO | Epoch 402 Train Time 22.860745906829834s

2025-10-28 19:11:51,003 | INFO | Training epoch 403, Batch 1000/1000: LR=9.05e-05, Loss=1.75e-02 BER=6.39e-03 FER=1.72e-01
2025-10-28 19:11:51,073 | INFO | Epoch 403 Train Time 22.891864776611328s

2025-10-28 19:12:13,403 | INFO | Training epoch 404, Batch 1000/1000: LR=9.04e-05, Loss=1.73e-02 BER=6.32e-03 FER=1.70e-01
2025-10-28 19:12:13,476 | INFO | Epoch 404 Train Time 22.40100383758545s

2025-10-28 19:12:35,761 | INFO | Training epoch 405, Batch 1000/1000: LR=9.04e-05, Loss=1.76e-02 BER=6.42e-03 FER=1.73e-01
2025-10-28 19:12:35,851 | INFO | Epoch 405 Train Time 22.37399911880493s

2025-10-28 19:12:58,230 | INFO | Training epoch 406, Batch 1000/1000: LR=9.03e-05, Loss=1.74e-02 BER=6.36e-03 FER=1.70e-01
2025-10-28 19:12:58,297 | INFO | Epoch 406 Train Time 22.445057153701782s

2025-10-28 19:13:21,094 | INFO | Training epoch 407, Batch 1000/1000: LR=9.03e-05, Loss=1.73e-02 BER=6.33e-03 FER=1.70e-01
2025-10-28 19:13:21,173 | INFO | Epoch 407 Train Time 22.87482762336731s

2025-10-28 19:13:44,352 | INFO | Training epoch 408, Batch 1000/1000: LR=9.02e-05, Loss=1.76e-02 BER=6.36e-03 FER=1.71e-01
2025-10-28 19:13:44,431 | INFO | Epoch 408 Train Time 23.25764560699463s

2025-10-28 19:14:04,458 | INFO | Training epoch 409, Batch 1000/1000: LR=9.02e-05, Loss=1.76e-02 BER=6.44e-03 FER=1.73e-01
2025-10-28 19:14:04,524 | INFO | Epoch 409 Train Time 20.09207010269165s

2025-10-28 19:14:26,305 | INFO | Training epoch 410, Batch 1000/1000: LR=9.01e-05, Loss=1.75e-02 BER=6.38e-03 FER=1.72e-01
2025-10-28 19:14:26,386 | INFO | Epoch 410 Train Time 21.860875844955444s

2025-10-28 19:14:48,656 | INFO | Training epoch 411, Batch 1000/1000: LR=9.01e-05, Loss=1.74e-02 BER=6.35e-03 FER=1.71e-01
2025-10-28 19:14:48,736 | INFO | Epoch 411 Train Time 22.34844422340393s

2025-10-28 19:15:10,920 | INFO | Training epoch 412, Batch 1000/1000: LR=9.00e-05, Loss=1.75e-02 BER=6.39e-03 FER=1.71e-01
2025-10-28 19:15:10,987 | INFO | Epoch 412 Train Time 22.249077081680298s

2025-10-28 19:15:33,430 | INFO | Training epoch 413, Batch 1000/1000: LR=9.00e-05, Loss=1.73e-02 BER=6.31e-03 FER=1.70e-01
2025-10-28 19:15:33,495 | INFO | Epoch 413 Train Time 22.505462408065796s

2025-10-28 19:15:33,495 | INFO | [P1] saving best_model with loss 0.017279 at epoch 413
2025-10-28 19:15:56,044 | INFO | Training epoch 414, Batch 1000/1000: LR=8.99e-05, Loss=1.73e-02 BER=6.34e-03 FER=1.71e-01
2025-10-28 19:15:56,125 | INFO | Epoch 414 Train Time 22.615341424942017s

2025-10-28 19:16:18,060 | INFO | Training epoch 415, Batch 1000/1000: LR=8.99e-05, Loss=1.73e-02 BER=6.34e-03 FER=1.70e-01
2025-10-28 19:16:18,150 | INFO | Epoch 415 Train Time 22.023332834243774s

2025-10-28 19:16:41,909 | INFO | Training epoch 416, Batch 1000/1000: LR=8.98e-05, Loss=1.72e-02 BER=6.32e-03 FER=1.71e-01
2025-10-28 19:16:41,992 | INFO | Epoch 416 Train Time 23.841774463653564s

2025-10-28 19:16:41,993 | INFO | [P1] saving best_model with loss 0.017227 at epoch 416
2025-10-28 19:17:06,582 | INFO | Training epoch 417, Batch 1000/1000: LR=8.98e-05, Loss=1.74e-02 BER=6.34e-03 FER=1.71e-01
2025-10-28 19:17:06,655 | INFO | Epoch 417 Train Time 24.648316860198975s

2025-10-28 19:17:30,357 | INFO | Training epoch 418, Batch 1000/1000: LR=8.98e-05, Loss=1.73e-02 BER=6.32e-03 FER=1.69e-01
2025-10-28 19:17:30,443 | INFO | Epoch 418 Train Time 23.786338567733765s

2025-10-28 19:17:54,165 | INFO | Training epoch 419, Batch 1000/1000: LR=8.97e-05, Loss=1.73e-02 BER=6.32e-03 FER=1.69e-01
2025-10-28 19:17:54,251 | INFO | Epoch 419 Train Time 23.806697845458984s

2025-10-28 19:18:18,166 | INFO | Training epoch 420, Batch 1000/1000: LR=8.97e-05, Loss=1.74e-02 BER=6.39e-03 FER=1.71e-01
2025-10-28 19:18:18,245 | INFO | Epoch 420 Train Time 23.992090702056885s

2025-10-28 19:18:42,734 | INFO | Training epoch 421, Batch 1000/1000: LR=8.96e-05, Loss=1.75e-02 BER=6.38e-03 FER=1.70e-01
2025-10-28 19:18:42,803 | INFO | Epoch 421 Train Time 24.55707287788391s

2025-10-28 19:19:07,244 | INFO | Training epoch 422, Batch 1000/1000: LR=8.96e-05, Loss=1.75e-02 BER=6.37e-03 FER=1.71e-01
2025-10-28 19:19:07,354 | INFO | Epoch 422 Train Time 24.549663305282593s

2025-10-28 19:19:30,663 | INFO | Training epoch 423, Batch 1000/1000: LR=8.95e-05, Loss=1.70e-02 BER=6.18e-03 FER=1.68e-01
2025-10-28 19:19:30,736 | INFO | Epoch 423 Train Time 23.381613969802856s

2025-10-28 19:19:30,738 | INFO | [P1] saving best_model with loss 0.016999 at epoch 423
2025-10-28 19:19:54,657 | INFO | Training epoch 424, Batch 1000/1000: LR=8.95e-05, Loss=1.75e-02 BER=6.39e-03 FER=1.71e-01
2025-10-28 19:19:54,728 | INFO | Epoch 424 Train Time 23.974043607711792s

2025-10-28 19:20:19,065 | INFO | Training epoch 425, Batch 1000/1000: LR=8.94e-05, Loss=1.71e-02 BER=6.24e-03 FER=1.68e-01
2025-10-28 19:20:19,169 | INFO | Epoch 425 Train Time 24.439366340637207s

2025-10-28 19:20:41,328 | INFO | Training epoch 426, Batch 1000/1000: LR=8.94e-05, Loss=1.72e-02 BER=6.25e-03 FER=1.68e-01
2025-10-28 19:20:41,416 | INFO | Epoch 426 Train Time 22.246084213256836s

2025-10-28 19:21:05,946 | INFO | Training epoch 427, Batch 1000/1000: LR=8.93e-05, Loss=1.74e-02 BER=6.33e-03 FER=1.70e-01
2025-10-28 19:21:06,030 | INFO | Epoch 427 Train Time 24.612340688705444s

2025-10-28 19:21:29,927 | INFO | Training epoch 428, Batch 1000/1000: LR=8.93e-05, Loss=1.74e-02 BER=6.37e-03 FER=1.70e-01
2025-10-28 19:21:30,014 | INFO | Epoch 428 Train Time 23.982596397399902s

2025-10-28 19:21:54,054 | INFO | Training epoch 429, Batch 1000/1000: LR=8.92e-05, Loss=1.74e-02 BER=6.40e-03 FER=1.72e-01
2025-10-28 19:21:54,139 | INFO | Epoch 429 Train Time 24.12344789505005s

2025-10-28 19:22:17,947 | INFO | Training epoch 430, Batch 1000/1000: LR=8.92e-05, Loss=1.76e-02 BER=6.40e-03 FER=1.71e-01
2025-10-28 19:22:18,022 | INFO | Epoch 430 Train Time 23.88161563873291s

2025-10-28 19:22:41,320 | INFO | Training epoch 431, Batch 1000/1000: LR=8.91e-05, Loss=1.76e-02 BER=6.39e-03 FER=1.70e-01
2025-10-28 19:22:41,390 | INFO | Epoch 431 Train Time 23.366865873336792s

2025-10-28 19:23:04,511 | INFO | Training epoch 432, Batch 1000/1000: LR=8.91e-05, Loss=1.73e-02 BER=6.33e-03 FER=1.69e-01
2025-10-28 19:23:04,590 | INFO | Epoch 432 Train Time 23.197964668273926s

2025-10-28 19:23:26,473 | INFO | Training epoch 433, Batch 1000/1000: LR=8.90e-05, Loss=1.76e-02 BER=6.40e-03 FER=1.71e-01
2025-10-28 19:23:26,544 | INFO | Epoch 433 Train Time 21.95363688468933s

2025-10-28 19:23:48,741 | INFO | Training epoch 434, Batch 1000/1000: LR=8.90e-05, Loss=1.73e-02 BER=6.32e-03 FER=1.70e-01
2025-10-28 19:23:48,812 | INFO | Epoch 434 Train Time 22.267351150512695s

2025-10-28 19:24:12,032 | INFO | Training epoch 435, Batch 1000/1000: LR=8.89e-05, Loss=1.74e-02 BER=6.37e-03 FER=1.71e-01
2025-10-28 19:24:12,103 | INFO | Epoch 435 Train Time 23.289523363113403s

2025-10-28 19:24:35,218 | INFO | Training epoch 436, Batch 1000/1000: LR=8.89e-05, Loss=1.72e-02 BER=6.27e-03 FER=1.68e-01
2025-10-28 19:24:35,288 | INFO | Epoch 436 Train Time 23.183659315109253s

2025-10-28 19:24:56,621 | INFO | Training epoch 437, Batch 1000/1000: LR=8.88e-05, Loss=1.73e-02 BER=6.32e-03 FER=1.70e-01
2025-10-28 19:24:56,691 | INFO | Epoch 437 Train Time 21.402538299560547s

2025-10-28 19:25:15,812 | INFO | Training epoch 438, Batch 1000/1000: LR=8.88e-05, Loss=1.73e-02 BER=6.36e-03 FER=1.70e-01
2025-10-28 19:25:15,884 | INFO | Epoch 438 Train Time 19.191572189331055s

2025-10-28 19:25:39,544 | INFO | Training epoch 439, Batch 1000/1000: LR=8.87e-05, Loss=1.73e-02 BER=6.32e-03 FER=1.70e-01
2025-10-28 19:25:39,626 | INFO | Epoch 439 Train Time 23.7408287525177s

2025-10-28 19:26:00,121 | INFO | Training epoch 440, Batch 1000/1000: LR=8.87e-05, Loss=1.73e-02 BER=6.28e-03 FER=1.70e-01
2025-10-28 19:26:00,191 | INFO | Epoch 440 Train Time 20.56362247467041s

2025-10-28 19:26:22,533 | INFO | Training epoch 441, Batch 1000/1000: LR=8.86e-05, Loss=1.71e-02 BER=6.24e-03 FER=1.67e-01
2025-10-28 19:26:22,600 | INFO | Epoch 441 Train Time 22.408615589141846s

2025-10-28 19:26:44,315 | INFO | Training epoch 442, Batch 1000/1000: LR=8.86e-05, Loss=1.72e-02 BER=6.29e-03 FER=1.68e-01
2025-10-28 19:26:44,379 | INFO | Epoch 442 Train Time 21.778398990631104s

2025-10-28 19:27:05,840 | INFO | Training epoch 443, Batch 1000/1000: LR=8.85e-05, Loss=1.73e-02 BER=6.34e-03 FER=1.70e-01
2025-10-28 19:27:05,919 | INFO | Epoch 443 Train Time 21.537505626678467s

2025-10-28 19:27:26,708 | INFO | Training epoch 444, Batch 1000/1000: LR=8.85e-05, Loss=1.72e-02 BER=6.29e-03 FER=1.69e-01
2025-10-28 19:27:26,782 | INFO | Epoch 444 Train Time 20.861907243728638s

2025-10-28 19:27:47,896 | INFO | Training epoch 445, Batch 1000/1000: LR=8.84e-05, Loss=1.71e-02 BER=6.25e-03 FER=1.68e-01
2025-10-28 19:27:47,980 | INFO | Epoch 445 Train Time 21.195841073989868s

2025-10-28 19:28:09,500 | INFO | Training epoch 446, Batch 1000/1000: LR=8.84e-05, Loss=1.72e-02 BER=6.27e-03 FER=1.68e-01
2025-10-28 19:28:09,568 | INFO | Epoch 446 Train Time 21.587302684783936s

2025-10-28 19:28:32,242 | INFO | Training epoch 447, Batch 1000/1000: LR=8.83e-05, Loss=1.71e-02 BER=6.27e-03 FER=1.68e-01
2025-10-28 19:28:32,315 | INFO | Epoch 447 Train Time 22.74559450149536s

2025-10-28 19:28:54,145 | INFO | Training epoch 448, Batch 1000/1000: LR=8.83e-05, Loss=1.73e-02 BER=6.31e-03 FER=1.70e-01
2025-10-28 19:28:54,215 | INFO | Epoch 448 Train Time 21.89848232269287s

2025-10-28 19:29:16,633 | INFO | Training epoch 449, Batch 1000/1000: LR=8.82e-05, Loss=1.72e-02 BER=6.27e-03 FER=1.67e-01
2025-10-28 19:29:16,725 | INFO | Epoch 449 Train Time 22.508284330368042s

2025-10-28 19:29:34,884 | INFO | Training epoch 450, Batch 1000/1000: LR=8.82e-05, Loss=1.70e-02 BER=6.20e-03 FER=1.67e-01
2025-10-28 19:29:34,959 | INFO | Epoch 450 Train Time 18.232926845550537s

2025-10-28 19:29:57,799 | INFO | Training epoch 451, Batch 1000/1000: LR=8.81e-05, Loss=1.72e-02 BER=6.23e-03 FER=1.68e-01
2025-10-28 19:29:57,866 | INFO | Epoch 451 Train Time 22.90615153312683s

2025-10-28 19:30:18,945 | INFO | Training epoch 452, Batch 1000/1000: LR=8.81e-05, Loss=1.73e-02 BER=6.32e-03 FER=1.69e-01
2025-10-28 19:30:19,016 | INFO | Epoch 452 Train Time 21.14922285079956s

2025-10-28 19:30:42,150 | INFO | Training epoch 453, Batch 1000/1000: LR=8.80e-05, Loss=1.73e-02 BER=6.31e-03 FER=1.69e-01
2025-10-28 19:30:42,233 | INFO | Epoch 453 Train Time 23.215620279312134s

2025-10-28 19:31:04,445 | INFO | Training epoch 454, Batch 1000/1000: LR=8.80e-05, Loss=1.73e-02 BER=6.28e-03 FER=1.67e-01
2025-10-28 19:31:04,529 | INFO | Epoch 454 Train Time 22.295517444610596s

2025-10-28 19:31:26,822 | INFO | Training epoch 455, Batch 1000/1000: LR=8.79e-05, Loss=1.72e-02 BER=6.28e-03 FER=1.68e-01
2025-10-28 19:31:26,895 | INFO | Epoch 455 Train Time 22.364399671554565s

2025-10-28 19:31:48,814 | INFO | Training epoch 456, Batch 1000/1000: LR=8.79e-05, Loss=1.74e-02 BER=6.35e-03 FER=1.68e-01
2025-10-28 19:31:48,879 | INFO | Epoch 456 Train Time 21.983193159103394s

2025-10-28 19:32:10,546 | INFO | Training epoch 457, Batch 1000/1000: LR=8.78e-05, Loss=1.72e-02 BER=6.28e-03 FER=1.68e-01
2025-10-28 19:32:10,617 | INFO | Epoch 457 Train Time 21.73683452606201s

2025-10-28 19:32:32,217 | INFO | Training epoch 458, Batch 1000/1000: LR=8.78e-05, Loss=1.73e-02 BER=6.27e-03 FER=1.68e-01
2025-10-28 19:32:32,281 | INFO | Epoch 458 Train Time 21.662095546722412s

2025-10-28 19:32:55,261 | INFO | Training epoch 459, Batch 1000/1000: LR=8.77e-05, Loss=1.74e-02 BER=6.35e-03 FER=1.70e-01
2025-10-28 19:32:55,337 | INFO | Epoch 459 Train Time 23.05490779876709s

2025-10-28 19:33:16,827 | INFO | Training epoch 460, Batch 1000/1000: LR=8.77e-05, Loss=1.72e-02 BER=6.26e-03 FER=1.69e-01
2025-10-28 19:33:16,901 | INFO | Epoch 460 Train Time 21.5638165473938s

2025-10-28 19:33:38,141 | INFO | Training epoch 461, Batch 1000/1000: LR=8.76e-05, Loss=1.70e-02 BER=6.24e-03 FER=1.68e-01
2025-10-28 19:33:38,221 | INFO | Epoch 461 Train Time 21.317214012145996s

2025-10-28 19:33:59,927 | INFO | Training epoch 462, Batch 1000/1000: LR=8.76e-05, Loss=1.72e-02 BER=6.26e-03 FER=1.68e-01
2025-10-28 19:34:00,010 | INFO | Epoch 462 Train Time 21.789098739624023s

2025-10-28 19:34:21,727 | INFO | Training epoch 463, Batch 1000/1000: LR=8.75e-05, Loss=1.73e-02 BER=6.30e-03 FER=1.69e-01
2025-10-28 19:34:21,790 | INFO | Epoch 463 Train Time 21.779381275177002s

2025-10-28 19:34:42,955 | INFO | Training epoch 464, Batch 1000/1000: LR=8.75e-05, Loss=1.71e-02 BER=6.21e-03 FER=1.67e-01
2025-10-28 19:34:43,042 | INFO | Epoch 464 Train Time 21.25038170814514s

2025-10-28 19:35:04,552 | INFO | Training epoch 465, Batch 1000/1000: LR=8.74e-05, Loss=1.71e-02 BER=6.23e-03 FER=1.66e-01
2025-10-28 19:35:04,629 | INFO | Epoch 465 Train Time 21.584288358688354s

2025-10-28 19:35:26,652 | INFO | Training epoch 466, Batch 1000/1000: LR=8.74e-05, Loss=1.70e-02 BER=6.16e-03 FER=1.66e-01
2025-10-28 19:35:26,727 | INFO | Epoch 466 Train Time 22.097742795944214s

2025-10-28 19:35:26,728 | INFO | [P1] saving best_model with loss 0.016994 at epoch 466
2025-10-28 19:35:44,532 | INFO | Training epoch 467, Batch 1000/1000: LR=8.73e-05, Loss=1.70e-02 BER=6.22e-03 FER=1.67e-01
2025-10-28 19:35:44,609 | INFO | Epoch 467 Train Time 17.86177372932434s

2025-10-28 19:36:06,370 | INFO | Training epoch 468, Batch 1000/1000: LR=8.73e-05, Loss=1.72e-02 BER=6.26e-03 FER=1.68e-01
2025-10-28 19:36:06,440 | INFO | Epoch 468 Train Time 21.830586671829224s

2025-10-28 19:36:28,843 | INFO | Training epoch 469, Batch 1000/1000: LR=8.72e-05, Loss=1.71e-02 BER=6.26e-03 FER=1.68e-01
2025-10-28 19:36:28,939 | INFO | Epoch 469 Train Time 22.497664213180542s

2025-10-28 19:36:50,551 | INFO | Training epoch 470, Batch 1000/1000: LR=8.72e-05, Loss=1.71e-02 BER=6.24e-03 FER=1.67e-01
2025-10-28 19:36:50,629 | INFO | Epoch 470 Train Time 21.688832998275757s

2025-10-28 19:37:12,374 | INFO | Training epoch 471, Batch 1000/1000: LR=8.71e-05, Loss=1.70e-02 BER=6.18e-03 FER=1.66e-01
2025-10-28 19:37:12,455 | INFO | Epoch 471 Train Time 21.824219703674316s

2025-10-28 19:37:12,456 | INFO | [P1] saving best_model with loss 0.016956 at epoch 471
2025-10-28 19:37:33,707 | INFO | Training epoch 472, Batch 1000/1000: LR=8.71e-05, Loss=1.71e-02 BER=6.24e-03 FER=1.66e-01
2025-10-28 19:37:33,776 | INFO | Epoch 472 Train Time 21.301254510879517s

2025-10-28 19:37:55,225 | INFO | Training epoch 473, Batch 1000/1000: LR=8.70e-05, Loss=1.69e-02 BER=6.17e-03 FER=1.65e-01
2025-10-28 19:37:55,310 | INFO | Epoch 473 Train Time 21.532068014144897s

2025-10-28 19:37:55,311 | INFO | [P1] saving best_model with loss 0.016938 at epoch 473
2025-10-28 19:38:17,123 | INFO | Training epoch 474, Batch 1000/1000: LR=8.70e-05, Loss=1.69e-02 BER=6.15e-03 FER=1.65e-01
2025-10-28 19:38:17,208 | INFO | Epoch 474 Train Time 21.881457567214966s

2025-10-28 19:38:17,209 | INFO | [P1] saving best_model with loss 0.016921 at epoch 474
2025-10-28 19:38:38,714 | INFO | Training epoch 475, Batch 1000/1000: LR=8.69e-05, Loss=1.70e-02 BER=6.21e-03 FER=1.66e-01
2025-10-28 19:38:38,791 | INFO | Epoch 475 Train Time 21.556427478790283s

2025-10-28 19:39:01,415 | INFO | Training epoch 476, Batch 1000/1000: LR=8.68e-05, Loss=1.73e-02 BER=6.32e-03 FER=1.68e-01
2025-10-28 19:39:01,502 | INFO | Epoch 476 Train Time 22.710700511932373s

2025-10-28 19:39:23,102 | INFO | Training epoch 477, Batch 1000/1000: LR=8.68e-05, Loss=1.69e-02 BER=6.16e-03 FER=1.65e-01
2025-10-28 19:39:23,177 | INFO | Epoch 477 Train Time 21.67394208908081s

2025-10-28 19:39:44,428 | INFO | Training epoch 478, Batch 1000/1000: LR=8.67e-05, Loss=1.71e-02 BER=6.22e-03 FER=1.67e-01
2025-10-28 19:39:44,508 | INFO | Epoch 478 Train Time 21.330214500427246s

2025-10-28 19:40:07,636 | INFO | Training epoch 479, Batch 1000/1000: LR=8.67e-05, Loss=1.70e-02 BER=6.16e-03 FER=1.65e-01
2025-10-28 19:40:07,708 | INFO | Epoch 479 Train Time 23.199477434158325s

2025-10-28 19:40:30,654 | INFO | Training epoch 480, Batch 1000/1000: LR=8.66e-05, Loss=1.70e-02 BER=6.21e-03 FER=1.68e-01
2025-10-28 19:40:30,732 | INFO | Epoch 480 Train Time 23.021510124206543s

2025-10-28 19:40:52,743 | INFO | Training epoch 481, Batch 1000/1000: LR=8.66e-05, Loss=1.71e-02 BER=6.23e-03 FER=1.66e-01
2025-10-28 19:40:52,807 | INFO | Epoch 481 Train Time 22.073622465133667s

2025-10-28 19:41:15,586 | INFO | Training epoch 482, Batch 1000/1000: LR=8.65e-05, Loss=1.70e-02 BER=6.21e-03 FER=1.66e-01
2025-10-28 19:41:15,667 | INFO | Epoch 482 Train Time 22.859464645385742s

2025-10-28 19:41:37,947 | INFO | Training epoch 483, Batch 1000/1000: LR=8.65e-05, Loss=1.71e-02 BER=6.29e-03 FER=1.67e-01
2025-10-28 19:41:38,013 | INFO | Epoch 483 Train Time 22.344531297683716s

2025-10-28 19:41:59,816 | INFO | Training epoch 484, Batch 1000/1000: LR=8.64e-05, Loss=1.70e-02 BER=6.20e-03 FER=1.67e-01
2025-10-28 19:41:59,907 | INFO | Epoch 484 Train Time 21.89257788658142s

2025-10-28 19:42:22,751 | INFO | Training epoch 485, Batch 1000/1000: LR=8.64e-05, Loss=1.72e-02 BER=6.27e-03 FER=1.67e-01
2025-10-28 19:42:22,823 | INFO | Epoch 485 Train Time 22.91468071937561s

2025-10-28 19:42:44,924 | INFO | Training epoch 486, Batch 1000/1000: LR=8.63e-05, Loss=1.72e-02 BER=6.28e-03 FER=1.68e-01
2025-10-28 19:42:44,989 | INFO | Epoch 486 Train Time 22.164565086364746s

2025-10-28 19:43:07,136 | INFO | Training epoch 487, Batch 1000/1000: LR=8.63e-05, Loss=1.68e-02 BER=6.13e-03 FER=1.64e-01
2025-10-28 19:43:07,212 | INFO | Epoch 487 Train Time 22.221559524536133s

2025-10-28 19:43:07,212 | INFO | [P1] saving best_model with loss 0.016830 at epoch 487
2025-10-28 19:43:28,993 | INFO | Training epoch 488, Batch 1000/1000: LR=8.62e-05, Loss=1.71e-02 BER=6.23e-03 FER=1.66e-01
2025-10-28 19:43:29,072 | INFO | Epoch 488 Train Time 21.833462476730347s

2025-10-28 19:43:47,804 | INFO | Training epoch 489, Batch 1000/1000: LR=8.62e-05, Loss=1.70e-02 BER=6.17e-03 FER=1.64e-01
2025-10-28 19:43:47,893 | INFO | Epoch 489 Train Time 18.81971287727356s

2025-10-28 19:44:07,964 | INFO | Training epoch 490, Batch 1000/1000: LR=8.61e-05, Loss=1.72e-02 BER=6.29e-03 FER=1.67e-01
2025-10-28 19:44:08,034 | INFO | Epoch 490 Train Time 20.139902353286743s

2025-10-28 19:44:30,639 | INFO | Training epoch 491, Batch 1000/1000: LR=8.60e-05, Loss=1.69e-02 BER=6.17e-03 FER=1.65e-01
2025-10-28 19:44:30,710 | INFO | Epoch 491 Train Time 22.674753189086914s

2025-10-28 19:44:53,233 | INFO | Training epoch 492, Batch 1000/1000: LR=8.60e-05, Loss=1.70e-02 BER=6.21e-03 FER=1.65e-01
2025-10-28 19:44:53,317 | INFO | Epoch 492 Train Time 22.606014013290405s

2025-10-28 19:45:15,807 | INFO | Training epoch 493, Batch 1000/1000: LR=8.59e-05, Loss=1.69e-02 BER=6.18e-03 FER=1.66e-01
2025-10-28 19:45:15,898 | INFO | Epoch 493 Train Time 22.58039116859436s

2025-10-28 19:45:38,430 | INFO | Training epoch 494, Batch 1000/1000: LR=8.59e-05, Loss=1.69e-02 BER=6.19e-03 FER=1.65e-01
2025-10-28 19:45:38,507 | INFO | Epoch 494 Train Time 22.607239723205566s

2025-10-28 19:45:59,948 | INFO | Training epoch 495, Batch 1000/1000: LR=8.58e-05, Loss=1.69e-02 BER=6.18e-03 FER=1.65e-01
2025-10-28 19:46:00,026 | INFO | Epoch 495 Train Time 21.517534494400024s

2025-10-28 19:46:21,943 | INFO | Training epoch 496, Batch 1000/1000: LR=8.58e-05, Loss=1.70e-02 BER=6.20e-03 FER=1.66e-01
2025-10-28 19:46:22,022 | INFO | Epoch 496 Train Time 21.995269298553467s

2025-10-28 19:46:43,719 | INFO | Training epoch 497, Batch 1000/1000: LR=8.57e-05, Loss=1.68e-02 BER=6.09e-03 FER=1.65e-01
2025-10-28 19:46:43,795 | INFO | Epoch 497 Train Time 21.77232599258423s

2025-10-28 19:46:43,796 | INFO | [P1] saving best_model with loss 0.016767 at epoch 497
2025-10-28 19:47:05,344 | INFO | Training epoch 498, Batch 1000/1000: LR=8.57e-05, Loss=1.72e-02 BER=6.26e-03 FER=1.67e-01
2025-10-28 19:47:05,429 | INFO | Epoch 498 Train Time 21.619849681854248s

2025-10-28 19:47:27,205 | INFO | Training epoch 499, Batch 1000/1000: LR=8.56e-05, Loss=1.70e-02 BER=6.21e-03 FER=1.66e-01
2025-10-28 19:47:27,286 | INFO | Epoch 499 Train Time 21.855766773223877s

2025-10-28 19:47:47,157 | INFO | Training epoch 500, Batch 1000/1000: LR=8.56e-05, Loss=1.70e-02 BER=6.17e-03 FER=1.65e-01
2025-10-28 19:47:47,259 | INFO | Epoch 500 Train Time 19.971340894699097s

2025-10-28 19:48:08,942 | INFO | Training epoch 501, Batch 1000/1000: LR=8.55e-05, Loss=1.71e-02 BER=6.22e-03 FER=1.66e-01
2025-10-28 19:48:09,022 | INFO | Epoch 501 Train Time 21.76158833503723s

2025-10-28 19:48:30,662 | INFO | Training epoch 502, Batch 1000/1000: LR=8.54e-05, Loss=1.70e-02 BER=6.17e-03 FER=1.64e-01
2025-10-28 19:48:30,747 | INFO | Epoch 502 Train Time 21.724080324172974s

2025-10-28 19:48:52,777 | INFO | Training epoch 503, Batch 1000/1000: LR=8.54e-05, Loss=1.70e-02 BER=6.20e-03 FER=1.65e-01
2025-10-28 19:48:52,861 | INFO | Epoch 503 Train Time 22.112651109695435s

2025-10-28 19:49:15,526 | INFO | Training epoch 504, Batch 1000/1000: LR=8.53e-05, Loss=1.70e-02 BER=6.16e-03 FER=1.65e-01
2025-10-28 19:49:15,596 | INFO | Epoch 504 Train Time 22.733973264694214s

2025-10-28 19:49:36,728 | INFO | Training epoch 505, Batch 1000/1000: LR=8.53e-05, Loss=1.71e-02 BER=6.23e-03 FER=1.66e-01
2025-10-28 19:49:36,797 | INFO | Epoch 505 Train Time 21.199039697647095s

2025-10-28 19:49:59,428 | INFO | Training epoch 506, Batch 1000/1000: LR=8.52e-05, Loss=1.69e-02 BER=6.13e-03 FER=1.65e-01
2025-10-28 19:49:59,511 | INFO | Epoch 506 Train Time 22.712220668792725s

2025-10-28 19:50:22,254 | INFO | Training epoch 507, Batch 1000/1000: LR=8.52e-05, Loss=1.72e-02 BER=6.23e-03 FER=1.67e-01
2025-10-28 19:50:22,329 | INFO | Epoch 507 Train Time 22.817211389541626s

2025-10-28 19:50:43,336 | INFO | Training epoch 508, Batch 1000/1000: LR=8.51e-05, Loss=1.67e-02 BER=6.13e-03 FER=1.64e-01
2025-10-28 19:50:43,416 | INFO | Epoch 508 Train Time 21.086748600006104s

2025-10-28 19:50:43,418 | INFO | [P1] saving best_model with loss 0.016730 at epoch 508
2025-10-28 19:51:04,827 | INFO | Training epoch 509, Batch 1000/1000: LR=8.51e-05, Loss=1.70e-02 BER=6.19e-03 FER=1.65e-01
2025-10-28 19:51:04,895 | INFO | Epoch 509 Train Time 21.46019983291626s

2025-10-28 19:51:26,533 | INFO | Training epoch 510, Batch 1000/1000: LR=8.50e-05, Loss=1.69e-02 BER=6.16e-03 FER=1.65e-01
2025-10-28 19:51:26,622 | INFO | Epoch 510 Train Time 21.72559118270874s

2025-10-28 19:51:49,049 | INFO | Training epoch 511, Batch 1000/1000: LR=8.49e-05, Loss=1.68e-02 BER=6.09e-03 FER=1.65e-01
2025-10-28 19:51:49,132 | INFO | Epoch 511 Train Time 22.50891900062561s

2025-10-28 19:52:11,670 | INFO | Training epoch 512, Batch 1000/1000: LR=8.49e-05, Loss=1.67e-02 BER=6.09e-03 FER=1.63e-01
2025-10-28 19:52:11,745 | INFO | Epoch 512 Train Time 22.612056255340576s

2025-10-28 19:52:11,745 | INFO | [P1] saving best_model with loss 0.016714 at epoch 512
2025-10-28 19:52:33,953 | INFO | Training epoch 513, Batch 1000/1000: LR=8.48e-05, Loss=1.70e-02 BER=6.20e-03 FER=1.65e-01
2025-10-28 19:52:34,038 | INFO | Epoch 513 Train Time 22.27662181854248s

2025-10-28 19:52:55,312 | INFO | Training epoch 514, Batch 1000/1000: LR=8.48e-05, Loss=1.70e-02 BER=6.20e-03 FER=1.65e-01
2025-10-28 19:52:55,393 | INFO | Epoch 514 Train Time 21.352646827697754s

2025-10-28 19:53:17,724 | INFO | Training epoch 515, Batch 1000/1000: LR=8.47e-05, Loss=1.69e-02 BER=6.16e-03 FER=1.64e-01
2025-10-28 19:53:17,802 | INFO | Epoch 515 Train Time 22.40834617614746s

2025-10-28 19:53:40,046 | INFO | Training epoch 516, Batch 1000/1000: LR=8.47e-05, Loss=1.68e-02 BER=6.10e-03 FER=1.63e-01
2025-10-28 19:53:40,115 | INFO | Epoch 516 Train Time 22.312341690063477s

2025-10-28 19:54:00,457 | INFO | Training epoch 517, Batch 1000/1000: LR=8.46e-05, Loss=1.68e-02 BER=6.13e-03 FER=1.64e-01
2025-10-28 19:54:00,525 | INFO | Epoch 517 Train Time 20.40875792503357s

2025-10-28 19:54:19,899 | INFO | Training epoch 518, Batch 1000/1000: LR=8.46e-05, Loss=1.70e-02 BER=6.19e-03 FER=1.65e-01
2025-10-28 19:54:19,965 | INFO | Epoch 518 Train Time 19.439122676849365s

2025-10-28 19:54:41,907 | INFO | Training epoch 519, Batch 1000/1000: LR=8.45e-05, Loss=1.69e-02 BER=6.16e-03 FER=1.65e-01
2025-10-28 19:54:41,973 | INFO | Epoch 519 Train Time 22.007327795028687s

2025-10-28 19:55:04,255 | INFO | Training epoch 520, Batch 1000/1000: LR=8.44e-05, Loss=1.72e-02 BER=6.27e-03 FER=1.66e-01
2025-10-28 19:55:04,325 | INFO | Epoch 520 Train Time 22.349968194961548s

2025-10-28 19:55:26,512 | INFO | Training epoch 521, Batch 1000/1000: LR=8.44e-05, Loss=1.71e-02 BER=6.23e-03 FER=1.67e-01
2025-10-28 19:55:26,581 | INFO | Epoch 521 Train Time 22.25506567955017s

2025-10-28 19:55:48,551 | INFO | Training epoch 522, Batch 1000/1000: LR=8.43e-05, Loss=1.68e-02 BER=6.10e-03 FER=1.64e-01
2025-10-28 19:55:48,629 | INFO | Epoch 522 Train Time 22.04671812057495s

2025-10-28 19:56:10,320 | INFO | Training epoch 523, Batch 1000/1000: LR=8.43e-05, Loss=1.69e-02 BER=6.16e-03 FER=1.65e-01
2025-10-28 19:56:10,416 | INFO | Epoch 523 Train Time 21.784065008163452s

2025-10-28 19:56:30,992 | INFO | Training epoch 524, Batch 1000/1000: LR=8.42e-05, Loss=1.70e-02 BER=6.20e-03 FER=1.65e-01
2025-10-28 19:56:31,062 | INFO | Epoch 524 Train Time 20.64512610435486s

2025-10-28 19:56:53,749 | INFO | Training epoch 525, Batch 1000/1000: LR=8.42e-05, Loss=1.67e-02 BER=6.08e-03 FER=1.63e-01
2025-10-28 19:56:53,817 | INFO | Epoch 525 Train Time 22.753880262374878s

2025-10-28 19:57:15,243 | INFO | Training epoch 526, Batch 1000/1000: LR=8.41e-05, Loss=1.69e-02 BER=6.19e-03 FER=1.64e-01
2025-10-28 19:57:15,308 | INFO | Epoch 526 Train Time 21.489373207092285s

2025-10-28 19:57:37,732 | INFO | Training epoch 527, Batch 1000/1000: LR=8.40e-05, Loss=1.69e-02 BER=6.18e-03 FER=1.64e-01
2025-10-28 19:57:37,814 | INFO | Epoch 527 Train Time 22.503867149353027s

2025-10-28 19:58:01,439 | INFO | Training epoch 528, Batch 1000/1000: LR=8.40e-05, Loss=1.71e-02 BER=6.22e-03 FER=1.65e-01
2025-10-28 19:58:01,521 | INFO | Epoch 528 Train Time 23.70506453514099s

2025-10-28 19:58:24,033 | INFO | Training epoch 529, Batch 1000/1000: LR=8.39e-05, Loss=1.69e-02 BER=6.13e-03 FER=1.63e-01
2025-10-28 19:58:24,114 | INFO | Epoch 529 Train Time 22.592195749282837s

2025-10-28 19:58:46,805 | INFO | Training epoch 530, Batch 1000/1000: LR=8.39e-05, Loss=1.70e-02 BER=6.20e-03 FER=1.65e-01
2025-10-28 19:58:46,890 | INFO | Epoch 530 Train Time 22.775223970413208s

2025-10-28 19:59:08,157 | INFO | Training epoch 531, Batch 1000/1000: LR=8.38e-05, Loss=1.68e-02 BER=6.12e-03 FER=1.65e-01
2025-10-28 19:59:08,235 | INFO | Epoch 531 Train Time 21.34261202812195s

2025-10-28 19:59:29,234 | INFO | Training epoch 532, Batch 1000/1000: LR=8.38e-05, Loss=1.70e-02 BER=6.20e-03 FER=1.66e-01
2025-10-28 19:59:29,300 | INFO | Epoch 532 Train Time 21.06342077255249s

2025-10-28 19:59:50,112 | INFO | Training epoch 533, Batch 1000/1000: LR=8.37e-05, Loss=1.71e-02 BER=6.25e-03 FER=1.66e-01
2025-10-28 19:59:50,196 | INFO | Epoch 533 Train Time 20.893498182296753s

2025-10-28 20:00:12,830 | INFO | Training epoch 534, Batch 1000/1000: LR=8.36e-05, Loss=1.69e-02 BER=6.15e-03 FER=1.64e-01
2025-10-28 20:00:12,898 | INFO | Epoch 534 Train Time 22.699905395507812s

2025-10-28 20:00:34,920 | INFO | Training epoch 535, Batch 1000/1000: LR=8.36e-05, Loss=1.70e-02 BER=6.21e-03 FER=1.65e-01
2025-10-28 20:00:35,000 | INFO | Epoch 535 Train Time 22.10105323791504s

2025-10-28 20:00:54,522 | INFO | Training epoch 536, Batch 1000/1000: LR=8.35e-05, Loss=1.68e-02 BER=6.14e-03 FER=1.64e-01
2025-10-28 20:00:54,595 | INFO | Epoch 536 Train Time 19.594201803207397s

2025-10-28 20:01:17,513 | INFO | Training epoch 537, Batch 1000/1000: LR=8.35e-05, Loss=1.69e-02 BER=6.17e-03 FER=1.65e-01
2025-10-28 20:01:17,587 | INFO | Epoch 537 Train Time 22.99136996269226s

2025-10-28 20:01:39,412 | INFO | Training epoch 538, Batch 1000/1000: LR=8.34e-05, Loss=1.69e-02 BER=6.15e-03 FER=1.65e-01
2025-10-28 20:01:39,490 | INFO | Epoch 538 Train Time 21.899813413619995s

2025-10-28 20:02:00,402 | INFO | Training epoch 539, Batch 1000/1000: LR=8.34e-05, Loss=1.68e-02 BER=6.14e-03 FER=1.64e-01
2025-10-28 20:02:00,489 | INFO | Epoch 539 Train Time 20.99803066253662s

2025-10-28 20:02:22,962 | INFO | Training epoch 540, Batch 1000/1000: LR=8.33e-05, Loss=1.70e-02 BER=6.18e-03 FER=1.66e-01
2025-10-28 20:02:23,048 | INFO | Epoch 540 Train Time 22.55661702156067s

2025-10-28 20:02:46,242 | INFO | Training epoch 541, Batch 1000/1000: LR=8.32e-05, Loss=1.67e-02 BER=6.11e-03 FER=1.64e-01
2025-10-28 20:02:46,310 | INFO | Epoch 541 Train Time 23.259493589401245s

2025-10-28 20:02:46,311 | INFO | [P1] saving best_model with loss 0.016693 at epoch 541
2025-10-28 20:03:09,037 | INFO | Training epoch 542, Batch 1000/1000: LR=8.32e-05, Loss=1.67e-02 BER=6.08e-03 FER=1.63e-01
2025-10-28 20:03:09,138 | INFO | Epoch 542 Train Time 22.809643745422363s

2025-10-28 20:03:09,139 | INFO | [P1] saving best_model with loss 0.016667 at epoch 542
2025-10-28 20:03:31,200 | INFO | Training epoch 543, Batch 1000/1000: LR=8.31e-05, Loss=1.70e-02 BER=6.19e-03 FER=1.65e-01
2025-10-28 20:03:31,299 | INFO | Epoch 543 Train Time 22.14546513557434s

2025-10-28 20:03:52,806 | INFO | Training epoch 544, Batch 1000/1000: LR=8.31e-05, Loss=1.72e-02 BER=6.30e-03 FER=1.67e-01
2025-10-28 20:03:52,869 | INFO | Epoch 544 Train Time 21.569887399673462s

2025-10-28 20:04:15,256 | INFO | Training epoch 545, Batch 1000/1000: LR=8.30e-05, Loss=1.67e-02 BER=6.07e-03 FER=1.63e-01
2025-10-28 20:04:15,347 | INFO | Epoch 545 Train Time 22.47645926475525s

2025-10-28 20:04:35,713 | INFO | Training epoch 546, Batch 1000/1000: LR=8.29e-05, Loss=1.68e-02 BER=6.08e-03 FER=1.63e-01
2025-10-28 20:04:35,797 | INFO | Epoch 546 Train Time 20.448381185531616s

2025-10-28 20:04:58,450 | INFO | Training epoch 547, Batch 1000/1000: LR=8.29e-05, Loss=1.69e-02 BER=6.12e-03 FER=1.64e-01
2025-10-28 20:04:58,535 | INFO | Epoch 547 Train Time 22.737300395965576s

2025-10-28 20:05:20,638 | INFO | Training epoch 548, Batch 1000/1000: LR=8.28e-05, Loss=1.67e-02 BER=6.10e-03 FER=1.63e-01
2025-10-28 20:05:20,718 | INFO | Epoch 548 Train Time 22.181934595108032s

2025-10-28 20:05:43,239 | INFO | Training epoch 549, Batch 1000/1000: LR=8.28e-05, Loss=1.69e-02 BER=6.19e-03 FER=1.66e-01
2025-10-28 20:05:43,320 | INFO | Epoch 549 Train Time 22.601353406906128s

2025-10-28 20:06:02,721 | INFO | Training epoch 550, Batch 1000/1000: LR=8.27e-05, Loss=1.70e-02 BER=6.19e-03 FER=1.64e-01
2025-10-28 20:06:02,806 | INFO | Epoch 550 Train Time 19.484506368637085s

2025-10-28 20:06:24,032 | INFO | Training epoch 551, Batch 1000/1000: LR=8.26e-05, Loss=1.68e-02 BER=6.13e-03 FER=1.64e-01
2025-10-28 20:06:24,106 | INFO | Epoch 551 Train Time 21.29873275756836s

2025-10-28 20:06:46,239 | INFO | Training epoch 552, Batch 1000/1000: LR=8.26e-05, Loss=1.71e-02 BER=6.24e-03 FER=1.66e-01
2025-10-28 20:06:46,302 | INFO | Epoch 552 Train Time 22.195152521133423s

2025-10-28 20:07:08,154 | INFO | Training epoch 553, Batch 1000/1000: LR=8.25e-05, Loss=1.67e-02 BER=6.08e-03 FER=1.63e-01
2025-10-28 20:07:08,246 | INFO | Epoch 553 Train Time 21.94157123565674s

2025-10-28 20:07:32,059 | INFO | Training epoch 554, Batch 1000/1000: LR=8.25e-05, Loss=1.68e-02 BER=6.11e-03 FER=1.64e-01
2025-10-28 20:07:32,161 | INFO | Epoch 554 Train Time 23.913523197174072s

2025-10-28 20:07:52,539 | INFO | Training epoch 555, Batch 1000/1000: LR=8.24e-05, Loss=1.68e-02 BER=6.15e-03 FER=1.64e-01
2025-10-28 20:07:52,616 | INFO | Epoch 555 Train Time 20.454012870788574s

2025-10-28 20:08:14,443 | INFO | Training epoch 556, Batch 1000/1000: LR=8.24e-05, Loss=1.67e-02 BER=6.07e-03 FER=1.62e-01
2025-10-28 20:08:14,527 | INFO | Epoch 556 Train Time 21.910083055496216s

2025-10-28 20:08:37,356 | INFO | Training epoch 557, Batch 1000/1000: LR=8.23e-05, Loss=1.69e-02 BER=6.16e-03 FER=1.65e-01
2025-10-28 20:08:37,432 | INFO | Epoch 557 Train Time 22.903881549835205s

2025-10-28 20:08:59,710 | INFO | Training epoch 558, Batch 1000/1000: LR=8.22e-05, Loss=1.67e-02 BER=6.08e-03 FER=1.62e-01
2025-10-28 20:08:59,775 | INFO | Epoch 558 Train Time 22.342552185058594s

2025-10-28 20:09:21,250 | INFO | Training epoch 559, Batch 1000/1000: LR=8.22e-05, Loss=1.69e-02 BER=6.18e-03 FER=1.65e-01
2025-10-28 20:09:21,326 | INFO | Epoch 559 Train Time 21.549349784851074s

2025-10-28 20:09:42,755 | INFO | Training epoch 560, Batch 1000/1000: LR=8.21e-05, Loss=1.69e-02 BER=6.13e-03 FER=1.64e-01
2025-10-28 20:09:42,840 | INFO | Epoch 560 Train Time 21.512359857559204s

2025-10-28 20:10:05,121 | INFO | Training epoch 561, Batch 1000/1000: LR=8.21e-05, Loss=1.68e-02 BER=6.11e-03 FER=1.63e-01
2025-10-28 20:10:05,200 | INFO | Epoch 561 Train Time 22.3587486743927s

2025-10-28 20:10:27,456 | INFO | Training epoch 562, Batch 1000/1000: LR=8.20e-05, Loss=1.69e-02 BER=6.13e-03 FER=1.64e-01
2025-10-28 20:10:27,530 | INFO | Epoch 562 Train Time 22.329562187194824s

2025-10-28 20:10:48,890 | INFO | Training epoch 563, Batch 1000/1000: LR=8.19e-05, Loss=1.66e-02 BER=6.03e-03 FER=1.62e-01
2025-10-28 20:10:48,964 | INFO | Epoch 563 Train Time 21.43250036239624s

2025-10-28 20:10:48,965 | INFO | [P1] saving best_model with loss 0.016601 at epoch 563
2025-10-28 20:11:10,943 | INFO | Training epoch 564, Batch 1000/1000: LR=8.19e-05, Loss=1.69e-02 BER=6.15e-03 FER=1.64e-01
2025-10-28 20:11:11,017 | INFO | Epoch 564 Train Time 22.039605855941772s

2025-10-28 20:11:33,213 | INFO | Training epoch 565, Batch 1000/1000: LR=8.18e-05, Loss=1.70e-02 BER=6.19e-03 FER=1.64e-01
2025-10-28 20:11:33,277 | INFO | Epoch 565 Train Time 22.259534120559692s

2025-10-28 20:11:53,316 | INFO | Training epoch 566, Batch 1000/1000: LR=8.18e-05, Loss=1.68e-02 BER=6.10e-03 FER=1.63e-01
2025-10-28 20:11:53,382 | INFO | Epoch 566 Train Time 20.104024171829224s

2025-10-28 20:12:15,412 | INFO | Training epoch 567, Batch 1000/1000: LR=8.17e-05, Loss=1.69e-02 BER=6.16e-03 FER=1.64e-01
2025-10-28 20:12:15,501 | INFO | Epoch 567 Train Time 22.11708402633667s

2025-10-28 20:12:38,848 | INFO | Training epoch 568, Batch 1000/1000: LR=8.16e-05, Loss=1.66e-02 BER=6.05e-03 FER=1.62e-01
2025-10-28 20:12:38,918 | INFO | Epoch 568 Train Time 23.415552854537964s

2025-10-28 20:13:01,068 | INFO | Training epoch 569, Batch 1000/1000: LR=8.16e-05, Loss=1.66e-02 BER=6.05e-03 FER=1.62e-01
2025-10-28 20:13:01,147 | INFO | Epoch 569 Train Time 22.22704553604126s

2025-10-28 20:13:01,147 | INFO | [P1] saving best_model with loss 0.016593 at epoch 569
2025-10-28 20:13:23,259 | INFO | Training epoch 570, Batch 1000/1000: LR=8.15e-05, Loss=1.67e-02 BER=6.05e-03 FER=1.63e-01
2025-10-28 20:13:23,335 | INFO | Epoch 570 Train Time 22.170194387435913s

2025-10-28 20:13:42,520 | INFO | Training epoch 571, Batch 1000/1000: LR=8.14e-05, Loss=1.70e-02 BER=6.17e-03 FER=1.65e-01
2025-10-28 20:13:42,581 | INFO | Epoch 571 Train Time 19.244336366653442s

2025-10-28 20:14:05,425 | INFO | Training epoch 572, Batch 1000/1000: LR=8.14e-05, Loss=1.68e-02 BER=6.13e-03 FER=1.62e-01
2025-10-28 20:14:05,499 | INFO | Epoch 572 Train Time 22.91699528694153s

2025-10-28 20:14:28,749 | INFO | Training epoch 573, Batch 1000/1000: LR=8.13e-05, Loss=1.67e-02 BER=6.09e-03 FER=1.62e-01
2025-10-28 20:14:28,821 | INFO | Epoch 573 Train Time 23.320820569992065s

2025-10-28 20:14:51,029 | INFO | Training epoch 574, Batch 1000/1000: LR=8.13e-05, Loss=1.69e-02 BER=6.16e-03 FER=1.64e-01
2025-10-28 20:14:51,093 | INFO | Epoch 574 Train Time 22.270284175872803s

2025-10-28 20:15:13,396 | INFO | Training epoch 575, Batch 1000/1000: LR=8.12e-05, Loss=1.67e-02 BER=6.09e-03 FER=1.63e-01
2025-10-28 20:15:13,461 | INFO | Epoch 575 Train Time 22.367790699005127s

2025-10-28 20:15:34,623 | INFO | Training epoch 576, Batch 1000/1000: LR=8.11e-05, Loss=1.67e-02 BER=6.09e-03 FER=1.62e-01
2025-10-28 20:15:34,701 | INFO | Epoch 576 Train Time 21.23841619491577s

2025-10-28 20:15:56,448 | INFO | Training epoch 577, Batch 1000/1000: LR=8.11e-05, Loss=1.69e-02 BER=6.17e-03 FER=1.64e-01
2025-10-28 20:15:56,521 | INFO | Epoch 577 Train Time 21.817570447921753s

2025-10-28 20:16:18,024 | INFO | Training epoch 578, Batch 1000/1000: LR=8.10e-05, Loss=1.68e-02 BER=6.12e-03 FER=1.64e-01
2025-10-28 20:16:18,125 | INFO | Epoch 578 Train Time 21.603661060333252s

2025-10-28 20:16:40,116 | INFO | Training epoch 579, Batch 1000/1000: LR=8.10e-05, Loss=1.68e-02 BER=6.10e-03 FER=1.64e-01
2025-10-28 20:16:40,186 | INFO | Epoch 579 Train Time 22.059927463531494s

2025-10-28 20:17:02,941 | INFO | Training epoch 580, Batch 1000/1000: LR=8.09e-05, Loss=1.68e-02 BER=6.13e-03 FER=1.64e-01
2025-10-28 20:17:03,009 | INFO | Epoch 580 Train Time 22.82116198539734s

2025-10-28 20:17:25,122 | INFO | Training epoch 581, Batch 1000/1000: LR=8.08e-05, Loss=1.67e-02 BER=6.11e-03 FER=1.62e-01
2025-10-28 20:17:25,207 | INFO | Epoch 581 Train Time 22.196497201919556s

2025-10-28 20:17:47,401 | INFO | Training epoch 582, Batch 1000/1000: LR=8.08e-05, Loss=1.67e-02 BER=6.08e-03 FER=1.63e-01
2025-10-28 20:17:47,477 | INFO | Epoch 582 Train Time 22.269060611724854s

2025-10-28 20:18:09,413 | INFO | Training epoch 583, Batch 1000/1000: LR=8.07e-05, Loss=1.67e-02 BER=6.06e-03 FER=1.61e-01
2025-10-28 20:18:09,479 | INFO | Epoch 583 Train Time 22.001196146011353s

2025-10-28 20:18:31,627 | INFO | Training epoch 584, Batch 1000/1000: LR=8.07e-05, Loss=1.67e-02 BER=6.09e-03 FER=1.63e-01
2025-10-28 20:18:31,708 | INFO | Epoch 584 Train Time 22.228036165237427s

2025-10-28 20:18:53,225 | INFO | Training epoch 585, Batch 1000/1000: LR=8.06e-05, Loss=1.67e-02 BER=6.05e-03 FER=1.63e-01
2025-10-28 20:18:53,302 | INFO | Epoch 585 Train Time 21.591995239257812s

2025-10-28 20:19:16,150 | INFO | Training epoch 586, Batch 1000/1000: LR=8.05e-05, Loss=1.64e-02 BER=6.03e-03 FER=1.61e-01
2025-10-28 20:19:16,216 | INFO | Epoch 586 Train Time 22.912879943847656s

2025-10-28 20:19:16,217 | INFO | [P1] saving best_model with loss 0.016439 at epoch 586
2025-10-28 20:19:38,202 | INFO | Training epoch 587, Batch 1000/1000: LR=8.05e-05, Loss=1.68e-02 BER=6.08e-03 FER=1.63e-01
2025-10-28 20:19:38,277 | INFO | Epoch 587 Train Time 22.04638671875s

2025-10-28 20:20:00,550 | INFO | Training epoch 588, Batch 1000/1000: LR=8.04e-05, Loss=1.65e-02 BER=6.00e-03 FER=1.62e-01
2025-10-28 20:20:00,636 | INFO | Epoch 588 Train Time 22.358789205551147s

2025-10-28 20:20:21,033 | INFO | Training epoch 589, Batch 1000/1000: LR=8.03e-05, Loss=1.64e-02 BER=5.99e-03 FER=1.60e-01
2025-10-28 20:20:21,124 | INFO | Epoch 589 Train Time 20.486481428146362s

2025-10-28 20:20:21,127 | INFO | [P1] saving best_model with loss 0.016415 at epoch 589
2025-10-28 20:20:41,533 | INFO | Training epoch 590, Batch 1000/1000: LR=8.03e-05, Loss=1.68e-02 BER=6.10e-03 FER=1.63e-01
2025-10-28 20:20:41,588 | INFO | Epoch 590 Train Time 20.435575246810913s

2025-10-28 20:20:57,619 | INFO | Training epoch 591, Batch 1000/1000: LR=8.02e-05, Loss=1.67e-02 BER=6.06e-03 FER=1.62e-01
2025-10-28 20:20:57,661 | INFO | Epoch 591 Train Time 16.071624040603638s

2025-10-28 20:21:10,591 | INFO | Training epoch 592, Batch 1000/1000: LR=8.02e-05, Loss=1.67e-02 BER=6.08e-03 FER=1.62e-01
2025-10-28 20:21:10,633 | INFO | Epoch 592 Train Time 12.971383094787598s

2025-10-28 20:21:24,853 | INFO | Training epoch 593, Batch 1000/1000: LR=8.01e-05, Loss=1.65e-02 BER=5.99e-03 FER=1.61e-01
2025-10-28 20:21:24,909 | INFO | Epoch 593 Train Time 14.275559663772583s

2025-10-28 20:21:36,881 | INFO | Training epoch 594, Batch 1000/1000: LR=8.00e-05, Loss=1.69e-02 BER=6.17e-03 FER=1.64e-01
2025-10-28 20:21:36,930 | INFO | Epoch 594 Train Time 12.020269632339478s

2025-10-28 20:21:50,791 | INFO | Training epoch 595, Batch 1000/1000: LR=8.00e-05, Loss=1.67e-02 BER=6.08e-03 FER=1.61e-01
2025-10-28 20:21:50,830 | INFO | Epoch 595 Train Time 13.899874448776245s

2025-10-28 20:22:04,776 | INFO | Training epoch 596, Batch 1000/1000: LR=7.99e-05, Loss=1.66e-02 BER=6.06e-03 FER=1.61e-01
2025-10-28 20:22:04,820 | INFO | Epoch 596 Train Time 13.98907732963562s

2025-10-28 20:22:17,879 | INFO | Training epoch 597, Batch 1000/1000: LR=7.98e-05, Loss=1.65e-02 BER=6.03e-03 FER=1.62e-01
2025-10-28 20:22:17,925 | INFO | Epoch 597 Train Time 13.104702949523926s

2025-10-28 20:22:30,464 | INFO | Training epoch 598, Batch 1000/1000: LR=7.98e-05, Loss=1.65e-02 BER=6.02e-03 FER=1.61e-01
2025-10-28 20:22:30,508 | INFO | Epoch 598 Train Time 12.582114696502686s

2025-10-28 20:22:43,025 | INFO | Training epoch 599, Batch 1000/1000: LR=7.97e-05, Loss=1.66e-02 BER=6.04e-03 FER=1.61e-01
2025-10-28 20:22:43,072 | INFO | Epoch 599 Train Time 12.563207387924194s

2025-10-28 20:22:57,063 | INFO | Training epoch 600, Batch 1000/1000: LR=7.97e-05, Loss=1.68e-02 BER=6.13e-03 FER=1.63e-01
2025-10-28 20:22:57,102 | INFO | Epoch 600 Train Time 14.029635429382324s

2025-10-28 20:23:11,227 | INFO | Training epoch 601, Batch 1000/1000: LR=7.96e-05, Loss=1.66e-02 BER=6.04e-03 FER=1.62e-01
2025-10-28 20:23:11,285 | INFO | Epoch 601 Train Time 14.181492567062378s

2025-10-28 20:23:25,566 | INFO | Training epoch 602, Batch 1000/1000: LR=7.95e-05, Loss=1.64e-02 BER=6.01e-03 FER=1.61e-01
2025-10-28 20:23:25,615 | INFO | Epoch 602 Train Time 14.329564332962036s

2025-10-28 20:23:39,459 | INFO | Training epoch 603, Batch 1000/1000: LR=7.95e-05, Loss=1.65e-02 BER=6.02e-03 FER=1.61e-01
2025-10-28 20:23:39,504 | INFO | Epoch 603 Train Time 13.888667583465576s

2025-10-28 20:23:54,322 | INFO | Training epoch 604, Batch 1000/1000: LR=7.94e-05, Loss=1.67e-02 BER=6.06e-03 FER=1.62e-01
2025-10-28 20:23:54,371 | INFO | Epoch 604 Train Time 14.866571426391602s

2025-10-28 20:24:08,897 | INFO | Training epoch 605, Batch 1000/1000: LR=7.93e-05, Loss=1.68e-02 BER=6.14e-03 FER=1.63e-01
2025-10-28 20:24:08,942 | INFO | Epoch 605 Train Time 14.57012414932251s

2025-10-28 20:24:22,997 | INFO | Training epoch 606, Batch 1000/1000: LR=7.93e-05, Loss=1.66e-02 BER=6.02e-03 FER=1.62e-01
2025-10-28 20:24:23,052 | INFO | Epoch 606 Train Time 14.109147310256958s

2025-10-28 20:24:37,297 | INFO | Training epoch 607, Batch 1000/1000: LR=7.92e-05, Loss=1.67e-02 BER=6.06e-03 FER=1.61e-01
2025-10-28 20:24:37,350 | INFO | Epoch 607 Train Time 14.29713749885559s

2025-10-28 20:24:50,423 | INFO | Training epoch 608, Batch 1000/1000: LR=7.92e-05, Loss=1.66e-02 BER=6.08e-03 FER=1.62e-01
2025-10-28 20:24:50,480 | INFO | Epoch 608 Train Time 13.129414796829224s

2025-10-28 20:25:04,224 | INFO | Training epoch 609, Batch 1000/1000: LR=7.91e-05, Loss=1.63e-02 BER=5.95e-03 FER=1.59e-01
2025-10-28 20:25:04,270 | INFO | Epoch 609 Train Time 13.789670944213867s

2025-10-28 20:25:04,271 | INFO | [P1] saving best_model with loss 0.016338 at epoch 609
2025-10-28 20:25:18,262 | INFO | Training epoch 610, Batch 1000/1000: LR=7.90e-05, Loss=1.68e-02 BER=6.12e-03 FER=1.62e-01
2025-10-28 20:25:18,304 | INFO | Epoch 610 Train Time 14.020589590072632s

2025-10-28 20:25:31,887 | INFO | Training epoch 611, Batch 1000/1000: LR=7.90e-05, Loss=1.67e-02 BER=6.10e-03 FER=1.62e-01
2025-10-28 20:25:31,931 | INFO | Epoch 611 Train Time 13.62686038017273s

2025-10-28 20:25:45,876 | INFO | Training epoch 612, Batch 1000/1000: LR=7.89e-05, Loss=1.66e-02 BER=6.05e-03 FER=1.61e-01
2025-10-28 20:25:45,928 | INFO | Epoch 612 Train Time 13.99587106704712s

2025-10-28 20:26:00,064 | INFO | Training epoch 613, Batch 1000/1000: LR=7.88e-05, Loss=1.69e-02 BER=6.15e-03 FER=1.63e-01
2025-10-28 20:26:00,116 | INFO | Epoch 613 Train Time 14.18734622001648s

2025-10-28 20:26:14,389 | INFO | Training epoch 614, Batch 1000/1000: LR=7.88e-05, Loss=1.67e-02 BER=6.10e-03 FER=1.62e-01
2025-10-28 20:26:14,433 | INFO | Epoch 614 Train Time 14.316445112228394s

2025-10-28 20:26:28,342 | INFO | Training epoch 615, Batch 1000/1000: LR=7.87e-05, Loss=1.67e-02 BER=6.07e-03 FER=1.61e-01
2025-10-28 20:26:28,383 | INFO | Epoch 615 Train Time 13.9494948387146s

2025-10-28 20:26:42,081 | INFO | Training epoch 616, Batch 1000/1000: LR=7.86e-05, Loss=1.67e-02 BER=6.08e-03 FER=1.63e-01
2025-10-28 20:26:42,125 | INFO | Epoch 616 Train Time 13.741348266601562s

2025-10-28 20:26:57,141 | INFO | Training epoch 617, Batch 1000/1000: LR=7.86e-05, Loss=1.67e-02 BER=6.07e-03 FER=1.60e-01
2025-10-28 20:26:57,184 | INFO | Epoch 617 Train Time 15.058106899261475s

2025-10-28 20:27:12,277 | INFO | Training epoch 618, Batch 1000/1000: LR=7.85e-05, Loss=1.66e-02 BER=6.05e-03 FER=1.62e-01
2025-10-28 20:27:12,322 | INFO | Epoch 618 Train Time 15.137825727462769s

2025-10-28 20:27:26,547 | INFO | Training epoch 619, Batch 1000/1000: LR=7.85e-05, Loss=1.67e-02 BER=6.13e-03 FER=1.62e-01
2025-10-28 20:27:26,590 | INFO | Epoch 619 Train Time 14.26792287826538s

2025-10-28 20:27:41,158 | INFO | Training epoch 620, Batch 1000/1000: LR=7.84e-05, Loss=1.66e-02 BER=6.05e-03 FER=1.61e-01
2025-10-28 20:27:41,211 | INFO | Epoch 620 Train Time 14.620259761810303s

2025-10-28 20:27:55,177 | INFO | Training epoch 621, Batch 1000/1000: LR=7.83e-05, Loss=1.67e-02 BER=6.09e-03 FER=1.63e-01
2025-10-28 20:27:55,218 | INFO | Epoch 621 Train Time 14.00608205795288s

2025-10-28 20:28:09,533 | INFO | Training epoch 622, Batch 1000/1000: LR=7.83e-05, Loss=1.66e-02 BER=6.05e-03 FER=1.62e-01
2025-10-28 20:28:09,579 | INFO | Epoch 622 Train Time 14.360748529434204s

2025-10-28 20:28:22,589 | INFO | Training epoch 623, Batch 1000/1000: LR=7.82e-05, Loss=1.65e-02 BER=6.01e-03 FER=1.62e-01
2025-10-28 20:28:22,632 | INFO | Epoch 623 Train Time 13.052174806594849s

2025-10-28 20:28:36,024 | INFO | Training epoch 624, Batch 1000/1000: LR=7.81e-05, Loss=1.65e-02 BER=5.99e-03 FER=1.61e-01
2025-10-28 20:28:36,072 | INFO | Epoch 624 Train Time 13.439797639846802s

2025-10-28 20:28:49,776 | INFO | Training epoch 625, Batch 1000/1000: LR=7.81e-05, Loss=1.67e-02 BER=6.07e-03 FER=1.62e-01
2025-10-28 20:28:49,811 | INFO | Epoch 625 Train Time 13.737828493118286s

2025-10-28 20:29:02,752 | INFO | Training epoch 626, Batch 1000/1000: LR=7.80e-05, Loss=1.65e-02 BER=6.02e-03 FER=1.61e-01
2025-10-28 20:29:02,786 | INFO | Epoch 626 Train Time 12.975083589553833s

2025-10-28 20:29:15,879 | INFO | Training epoch 627, Batch 1000/1000: LR=7.79e-05, Loss=1.65e-02 BER=6.04e-03 FER=1.61e-01
2025-10-28 20:29:15,929 | INFO | Epoch 627 Train Time 13.142559051513672s

2025-10-28 20:29:29,274 | INFO | Training epoch 628, Batch 1000/1000: LR=7.79e-05, Loss=1.66e-02 BER=6.06e-03 FER=1.61e-01
2025-10-28 20:29:29,317 | INFO | Epoch 628 Train Time 13.387165784835815s

2025-10-28 20:29:42,063 | INFO | Training epoch 629, Batch 1000/1000: LR=7.78e-05, Loss=1.65e-02 BER=6.01e-03 FER=1.60e-01
2025-10-28 20:29:42,107 | INFO | Epoch 629 Train Time 12.78983211517334s

2025-10-28 20:29:55,331 | INFO | Training epoch 630, Batch 1000/1000: LR=7.77e-05, Loss=1.64e-02 BER=5.98e-03 FER=1.59e-01
2025-10-28 20:29:55,373 | INFO | Epoch 630 Train Time 13.265113830566406s

2025-10-28 20:30:10,388 | INFO | Training epoch 631, Batch 1000/1000: LR=7.77e-05, Loss=1.65e-02 BER=6.01e-03 FER=1.59e-01
2025-10-28 20:30:10,426 | INFO | Epoch 631 Train Time 15.05178451538086s

2025-10-28 20:30:23,885 | INFO | Training epoch 632, Batch 1000/1000: LR=7.76e-05, Loss=1.66e-02 BER=6.03e-03 FER=1.61e-01
2025-10-28 20:30:23,934 | INFO | Epoch 632 Train Time 13.507732152938843s

2025-10-28 20:30:37,552 | INFO | Training epoch 633, Batch 1000/1000: LR=7.75e-05, Loss=1.67e-02 BER=6.07e-03 FER=1.62e-01
2025-10-28 20:30:37,596 | INFO | Epoch 633 Train Time 13.66131591796875s

2025-10-28 20:30:50,876 | INFO | Training epoch 634, Batch 1000/1000: LR=7.75e-05, Loss=1.65e-02 BER=6.03e-03 FER=1.60e-01
2025-10-28 20:30:50,923 | INFO | Epoch 634 Train Time 13.326701879501343s

2025-10-28 20:31:04,598 | INFO | Training epoch 635, Batch 1000/1000: LR=7.74e-05, Loss=1.68e-02 BER=6.07e-03 FER=1.62e-01
2025-10-28 20:31:04,648 | INFO | Epoch 635 Train Time 13.72438359260559s

2025-10-28 20:31:18,042 | INFO | Training epoch 636, Batch 1000/1000: LR=7.74e-05, Loss=1.64e-02 BER=5.93e-03 FER=1.59e-01
2025-10-28 20:31:18,094 | INFO | Epoch 636 Train Time 13.445777893066406s

2025-10-28 20:31:31,879 | INFO | Training epoch 637, Batch 1000/1000: LR=7.73e-05, Loss=1.66e-02 BER=6.05e-03 FER=1.61e-01
2025-10-28 20:31:31,928 | INFO | Epoch 637 Train Time 13.833004713058472s

2025-10-28 20:31:45,684 | INFO | Training epoch 638, Batch 1000/1000: LR=7.72e-05, Loss=1.66e-02 BER=6.04e-03 FER=1.60e-01
2025-10-28 20:31:45,722 | INFO | Epoch 638 Train Time 13.793928623199463s

2025-10-28 20:31:59,058 | INFO | Training epoch 639, Batch 1000/1000: LR=7.72e-05, Loss=1.67e-02 BER=6.11e-03 FER=1.62e-01
2025-10-28 20:31:59,099 | INFO | Epoch 639 Train Time 13.376597166061401s

2025-10-28 20:32:11,563 | INFO | Training epoch 640, Batch 1000/1000: LR=7.71e-05, Loss=1.66e-02 BER=6.04e-03 FER=1.62e-01
2025-10-28 20:32:11,616 | INFO | Epoch 640 Train Time 12.51629900932312s

2025-10-28 20:32:26,719 | INFO | Training epoch 641, Batch 1000/1000: LR=7.70e-05, Loss=1.64e-02 BER=6.00e-03 FER=1.60e-01
2025-10-28 20:32:26,765 | INFO | Epoch 641 Train Time 15.148064136505127s

2025-10-28 20:32:39,779 | INFO | Training epoch 642, Batch 1000/1000: LR=7.70e-05, Loss=1.65e-02 BER=6.02e-03 FER=1.61e-01
2025-10-28 20:32:39,834 | INFO | Epoch 642 Train Time 13.068872690200806s

2025-10-28 20:32:53,013 | INFO | Training epoch 643, Batch 1000/1000: LR=7.69e-05, Loss=1.63e-02 BER=5.91e-03 FER=1.58e-01
2025-10-28 20:32:53,064 | INFO | Epoch 643 Train Time 13.229336977005005s

2025-10-28 20:33:07,619 | INFO | Training epoch 644, Batch 1000/1000: LR=7.68e-05, Loss=1.65e-02 BER=6.03e-03 FER=1.59e-01
2025-10-28 20:33:07,667 | INFO | Epoch 644 Train Time 14.60121488571167s

2025-10-28 20:33:21,281 | INFO | Training epoch 645, Batch 1000/1000: LR=7.68e-05, Loss=1.65e-02 BER=6.00e-03 FER=1.60e-01
2025-10-28 20:33:21,316 | INFO | Epoch 645 Train Time 13.648536205291748s

2025-10-28 20:33:35,325 | INFO | Training epoch 646, Batch 1000/1000: LR=7.67e-05, Loss=1.68e-02 BER=6.12e-03 FER=1.63e-01
2025-10-28 20:33:35,365 | INFO | Epoch 646 Train Time 14.048564195632935s

2025-10-28 20:33:51,084 | INFO | Training epoch 647, Batch 1000/1000: LR=7.66e-05, Loss=1.67e-02 BER=6.09e-03 FER=1.62e-01
2025-10-28 20:33:51,132 | INFO | Epoch 647 Train Time 15.766982555389404s

2025-10-28 20:34:05,789 | INFO | Training epoch 648, Batch 1000/1000: LR=7.66e-05, Loss=1.67e-02 BER=6.09e-03 FER=1.61e-01
2025-10-28 20:34:05,836 | INFO | Epoch 648 Train Time 14.703091859817505s

2025-10-28 20:34:20,106 | INFO | Training epoch 649, Batch 1000/1000: LR=7.65e-05, Loss=1.66e-02 BER=6.06e-03 FER=1.61e-01
2025-10-28 20:34:20,154 | INFO | Epoch 649 Train Time 14.317029237747192s

2025-10-28 20:34:33,336 | INFO | Training epoch 650, Batch 1000/1000: LR=7.64e-05, Loss=1.66e-02 BER=6.03e-03 FER=1.61e-01
2025-10-28 20:34:33,384 | INFO | Epoch 650 Train Time 13.229408979415894s

2025-10-28 20:34:47,771 | INFO | Training epoch 651, Batch 1000/1000: LR=7.64e-05, Loss=1.66e-02 BER=6.02e-03 FER=1.60e-01
2025-10-28 20:34:47,826 | INFO | Epoch 651 Train Time 14.440834045410156s

2025-10-28 20:35:00,948 | INFO | Training epoch 652, Batch 1000/1000: LR=7.63e-05, Loss=1.63e-02 BER=5.88e-03 FER=1.58e-01
2025-10-28 20:35:00,985 | INFO | Epoch 652 Train Time 13.158653974533081s

2025-10-28 20:35:00,985 | INFO | [P1] saving best_model with loss 0.016269 at epoch 652
2025-10-28 20:35:13,927 | INFO | Training epoch 653, Batch 1000/1000: LR=7.62e-05, Loss=1.66e-02 BER=6.05e-03 FER=1.61e-01
2025-10-28 20:35:13,988 | INFO | Epoch 653 Train Time 12.992329835891724s

2025-10-28 20:35:27,816 | INFO | Training epoch 654, Batch 1000/1000: LR=7.62e-05, Loss=1.66e-02 BER=6.06e-03 FER=1.61e-01
2025-10-28 20:35:27,867 | INFO | Epoch 654 Train Time 13.877662181854248s

2025-10-28 20:35:41,804 | INFO | Training epoch 655, Batch 1000/1000: LR=7.61e-05, Loss=1.65e-02 BER=6.01e-03 FER=1.61e-01
2025-10-28 20:35:41,846 | INFO | Epoch 655 Train Time 13.97887110710144s

2025-10-28 20:35:56,686 | INFO | Training epoch 656, Batch 1000/1000: LR=7.60e-05, Loss=1.64e-02 BER=5.96e-03 FER=1.60e-01
2025-10-28 20:35:56,731 | INFO | Epoch 656 Train Time 14.883794069290161s

2025-10-28 20:36:10,807 | INFO | Training epoch 657, Batch 1000/1000: LR=7.60e-05, Loss=1.65e-02 BER=6.01e-03 FER=1.60e-01
2025-10-28 20:36:10,854 | INFO | Epoch 657 Train Time 14.122219800949097s

2025-10-28 20:36:24,826 | INFO | Training epoch 658, Batch 1000/1000: LR=7.59e-05, Loss=1.67e-02 BER=6.09e-03 FER=1.62e-01
2025-10-28 20:36:24,870 | INFO | Epoch 658 Train Time 14.015737771987915s

2025-10-28 20:36:37,492 | INFO | Training epoch 659, Batch 1000/1000: LR=7.58e-05, Loss=1.63e-02 BER=5.95e-03 FER=1.59e-01
2025-10-28 20:36:37,533 | INFO | Epoch 659 Train Time 12.662815809249878s

2025-10-28 20:36:51,646 | INFO | Training epoch 660, Batch 1000/1000: LR=7.58e-05, Loss=1.67e-02 BER=6.10e-03 FER=1.62e-01
2025-10-28 20:36:51,703 | INFO | Epoch 660 Train Time 14.169291019439697s

2025-10-28 20:37:05,158 | INFO | Training epoch 661, Batch 1000/1000: LR=7.57e-05, Loss=1.64e-02 BER=5.93e-03 FER=1.59e-01
2025-10-28 20:37:05,196 | INFO | Epoch 661 Train Time 13.49242353439331s

2025-10-28 20:37:18,490 | INFO | Training epoch 662, Batch 1000/1000: LR=7.56e-05, Loss=1.65e-02 BER=6.02e-03 FER=1.61e-01
2025-10-28 20:37:18,531 | INFO | Epoch 662 Train Time 13.335058689117432s

2025-10-28 20:37:31,682 | INFO | Training epoch 663, Batch 1000/1000: LR=7.56e-05, Loss=1.67e-02 BER=6.10e-03 FER=1.62e-01
2025-10-28 20:37:31,727 | INFO | Epoch 663 Train Time 13.195343732833862s

2025-10-28 20:37:46,339 | INFO | Training epoch 664, Batch 1000/1000: LR=7.55e-05, Loss=1.65e-02 BER=6.01e-03 FER=1.60e-01
2025-10-28 20:37:46,383 | INFO | Epoch 664 Train Time 14.65538239479065s

2025-10-28 20:37:59,920 | INFO | Training epoch 665, Batch 1000/1000: LR=7.54e-05, Loss=1.66e-02 BER=6.01e-03 FER=1.60e-01
2025-10-28 20:37:59,973 | INFO | Epoch 665 Train Time 13.58931040763855s

2025-10-28 20:38:14,532 | INFO | Training epoch 666, Batch 1000/1000: LR=7.54e-05, Loss=1.67e-02 BER=6.08e-03 FER=1.61e-01
2025-10-28 20:38:14,585 | INFO | Epoch 666 Train Time 14.611206531524658s

2025-10-28 20:38:28,137 | INFO | Training epoch 667, Batch 1000/1000: LR=7.53e-05, Loss=1.67e-02 BER=6.07e-03 FER=1.61e-01
2025-10-28 20:38:28,180 | INFO | Epoch 667 Train Time 13.593900680541992s

2025-10-28 20:38:42,441 | INFO | Training epoch 668, Batch 1000/1000: LR=7.52e-05, Loss=1.65e-02 BER=6.04e-03 FER=1.61e-01
2025-10-28 20:38:42,492 | INFO | Epoch 668 Train Time 14.311843156814575s

2025-10-28 20:38:56,166 | INFO | Training epoch 669, Batch 1000/1000: LR=7.52e-05, Loss=1.65e-02 BER=6.00e-03 FER=1.60e-01
2025-10-28 20:38:56,220 | INFO | Epoch 669 Train Time 13.726727962493896s

2025-10-28 20:39:09,885 | INFO | Training epoch 670, Batch 1000/1000: LR=7.51e-05, Loss=1.65e-02 BER=6.01e-03 FER=1.60e-01
2025-10-28 20:39:09,925 | INFO | Epoch 670 Train Time 13.70431661605835s

2025-10-28 20:39:23,608 | INFO | Training epoch 671, Batch 1000/1000: LR=7.50e-05, Loss=1.63e-02 BER=5.90e-03 FER=1.59e-01
2025-10-28 20:39:23,662 | INFO | Epoch 671 Train Time 13.735783815383911s

2025-10-28 20:39:37,082 | INFO | Training epoch 672, Batch 1000/1000: LR=7.50e-05, Loss=1.62e-02 BER=5.90e-03 FER=1.59e-01
2025-10-28 20:39:37,141 | INFO | Epoch 672 Train Time 13.479193687438965s

2025-10-28 20:39:37,142 | INFO | [P1] saving best_model with loss 0.016220 at epoch 672
2025-10-28 20:39:50,150 | INFO | Training epoch 673, Batch 1000/1000: LR=7.49e-05, Loss=1.66e-02 BER=6.06e-03 FER=1.62e-01
2025-10-28 20:39:50,190 | INFO | Epoch 673 Train Time 13.037010192871094s

2025-10-28 20:40:04,543 | INFO | Training epoch 674, Batch 1000/1000: LR=7.48e-05, Loss=1.64e-02 BER=5.96e-03 FER=1.60e-01
2025-10-28 20:40:04,593 | INFO | Epoch 674 Train Time 14.402394533157349s

2025-10-28 20:40:18,898 | INFO | Training epoch 675, Batch 1000/1000: LR=7.48e-05, Loss=1.63e-02 BER=5.94e-03 FER=1.59e-01
2025-10-28 20:40:18,948 | INFO | Epoch 675 Train Time 14.353578329086304s

2025-10-28 20:40:31,876 | INFO | Training epoch 676, Batch 1000/1000: LR=7.47e-05, Loss=1.64e-02 BER=5.98e-03 FER=1.59e-01
2025-10-28 20:40:31,925 | INFO | Epoch 676 Train Time 12.97649359703064s

2025-10-28 20:40:46,088 | INFO | Training epoch 677, Batch 1000/1000: LR=7.46e-05, Loss=1.64e-02 BER=5.99e-03 FER=1.60e-01
2025-10-28 20:40:46,137 | INFO | Epoch 677 Train Time 14.21082353591919s

2025-10-28 20:40:59,357 | INFO | Training epoch 678, Batch 1000/1000: LR=7.46e-05, Loss=1.64e-02 BER=5.98e-03 FER=1.59e-01
2025-10-28 20:40:59,407 | INFO | Epoch 678 Train Time 13.268932819366455s

2025-10-28 20:41:14,583 | INFO | Training epoch 679, Batch 1000/1000: LR=7.45e-05, Loss=1.63e-02 BER=5.94e-03 FER=1.59e-01
2025-10-28 20:41:14,634 | INFO | Epoch 679 Train Time 15.227054595947266s

2025-10-28 20:41:28,546 | INFO | Training epoch 680, Batch 1000/1000: LR=7.44e-05, Loss=1.64e-02 BER=5.98e-03 FER=1.60e-01
2025-10-28 20:41:28,593 | INFO | Epoch 680 Train Time 13.958341598510742s

2025-10-28 20:41:41,556 | INFO | Training epoch 681, Batch 1000/1000: LR=7.43e-05, Loss=1.66e-02 BER=6.04e-03 FER=1.60e-01
2025-10-28 20:41:41,596 | INFO | Epoch 681 Train Time 13.002455472946167s

2025-10-28 20:41:55,422 | INFO | Training epoch 682, Batch 1000/1000: LR=7.43e-05, Loss=1.67e-02 BER=6.08e-03 FER=1.60e-01
2025-10-28 20:41:55,464 | INFO | Epoch 682 Train Time 13.86812710762024s

2025-10-28 20:42:09,282 | INFO | Training epoch 683, Batch 1000/1000: LR=7.42e-05, Loss=1.65e-02 BER=6.05e-03 FER=1.61e-01
2025-10-28 20:42:09,321 | INFO | Epoch 683 Train Time 13.856096506118774s

2025-10-28 20:42:24,110 | INFO | Training epoch 684, Batch 1000/1000: LR=7.41e-05, Loss=1.65e-02 BER=6.01e-03 FER=1.61e-01
2025-10-28 20:42:24,155 | INFO | Epoch 684 Train Time 14.833454847335815s

2025-10-28 20:42:37,062 | INFO | Training epoch 685, Batch 1000/1000: LR=7.41e-05, Loss=1.66e-02 BER=6.06e-03 FER=1.61e-01
2025-10-28 20:42:37,115 | INFO | Epoch 685 Train Time 12.958462715148926s

2025-10-28 20:42:49,291 | INFO | Training epoch 686, Batch 1000/1000: LR=7.40e-05, Loss=1.66e-02 BER=6.02e-03 FER=1.60e-01
2025-10-28 20:42:49,330 | INFO | Epoch 686 Train Time 12.21489691734314s

2025-10-28 20:43:03,036 | INFO | Training epoch 687, Batch 1000/1000: LR=7.39e-05, Loss=1.63e-02 BER=5.93e-03 FER=1.59e-01
2025-10-28 20:43:03,088 | INFO | Epoch 687 Train Time 13.756945610046387s

2025-10-28 20:43:18,066 | INFO | Training epoch 688, Batch 1000/1000: LR=7.39e-05, Loss=1.65e-02 BER=5.98e-03 FER=1.59e-01
2025-10-28 20:43:18,104 | INFO | Epoch 688 Train Time 15.016123533248901s

2025-10-28 20:43:31,525 | INFO | Training epoch 689, Batch 1000/1000: LR=7.38e-05, Loss=1.62e-02 BER=5.86e-03 FER=1.57e-01
2025-10-28 20:43:31,570 | INFO | Epoch 689 Train Time 13.464732885360718s

2025-10-28 20:43:31,570 | INFO | [P1] saving best_model with loss 0.016181 at epoch 689
2025-10-28 20:43:45,918 | INFO | Training epoch 690, Batch 1000/1000: LR=7.37e-05, Loss=1.64e-02 BER=5.93e-03 FER=1.59e-01
2025-10-28 20:43:45,960 | INFO | Epoch 690 Train Time 14.381052017211914s

2025-10-28 20:43:59,872 | INFO | Training epoch 691, Batch 1000/1000: LR=7.37e-05, Loss=1.62e-02 BER=5.89e-03 FER=1.59e-01
2025-10-28 20:43:59,916 | INFO | Epoch 691 Train Time 13.95543098449707s

2025-10-28 20:44:13,531 | INFO | Training epoch 692, Batch 1000/1000: LR=7.36e-05, Loss=1.66e-02 BER=6.04e-03 FER=1.61e-01
2025-10-28 20:44:13,579 | INFO | Epoch 692 Train Time 13.6624014377594s

2025-10-28 20:44:26,929 | INFO | Training epoch 693, Batch 1000/1000: LR=7.35e-05, Loss=1.64e-02 BER=6.01e-03 FER=1.60e-01
2025-10-28 20:44:26,973 | INFO | Epoch 693 Train Time 13.393078088760376s

2025-10-28 20:44:41,192 | INFO | Training epoch 694, Batch 1000/1000: LR=7.35e-05, Loss=1.64e-02 BER=5.98e-03 FER=1.58e-01
2025-10-28 20:44:41,232 | INFO | Epoch 694 Train Time 14.258880138397217s

2025-10-28 20:44:55,094 | INFO | Training epoch 695, Batch 1000/1000: LR=7.34e-05, Loss=1.64e-02 BER=6.00e-03 FER=1.59e-01
2025-10-28 20:44:55,140 | INFO | Epoch 695 Train Time 13.907328844070435s

2025-10-28 20:45:09,973 | INFO | Training epoch 696, Batch 1000/1000: LR=7.33e-05, Loss=1.66e-02 BER=6.03e-03 FER=1.59e-01
2025-10-28 20:45:10,025 | INFO | Epoch 696 Train Time 14.883900165557861s

2025-10-28 20:45:23,167 | INFO | Training epoch 697, Batch 1000/1000: LR=7.32e-05, Loss=1.65e-02 BER=5.99e-03 FER=1.60e-01
2025-10-28 20:45:23,201 | INFO | Epoch 697 Train Time 13.175438642501831s

2025-10-28 20:45:37,249 | INFO | Training epoch 698, Batch 1000/1000: LR=7.32e-05, Loss=1.65e-02 BER=6.00e-03 FER=1.61e-01
2025-10-28 20:45:37,295 | INFO | Epoch 698 Train Time 14.093699216842651s

2025-10-28 20:45:51,510 | INFO | Training epoch 699, Batch 1000/1000: LR=7.31e-05, Loss=1.64e-02 BER=5.95e-03 FER=1.59e-01
2025-10-28 20:45:51,555 | INFO | Epoch 699 Train Time 14.259006977081299s

2025-10-28 20:46:05,291 | INFO | Training epoch 700, Batch 1000/1000: LR=7.30e-05, Loss=1.65e-02 BER=6.01e-03 FER=1.60e-01
2025-10-28 20:46:05,341 | INFO | Epoch 700 Train Time 13.7854585647583s

2025-10-28 20:46:18,266 | INFO | Training epoch 701, Batch 1000/1000: LR=7.30e-05, Loss=1.66e-02 BER=6.04e-03 FER=1.61e-01
2025-10-28 20:46:18,309 | INFO | Epoch 701 Train Time 12.967809200286865s

2025-10-28 20:46:31,154 | INFO | Training epoch 702, Batch 1000/1000: LR=7.29e-05, Loss=1.64e-02 BER=5.96e-03 FER=1.60e-01
2025-10-28 20:46:31,212 | INFO | Epoch 702 Train Time 12.90243673324585s

2025-10-28 20:46:45,028 | INFO | Training epoch 703, Batch 1000/1000: LR=7.28e-05, Loss=1.62e-02 BER=5.86e-03 FER=1.57e-01
2025-10-28 20:46:45,072 | INFO | Epoch 703 Train Time 13.85929560661316s

2025-10-28 20:46:45,072 | INFO | [P1] saving best_model with loss 0.016160 at epoch 703
2025-10-28 20:46:58,087 | INFO | Training epoch 704, Batch 1000/1000: LR=7.28e-05, Loss=1.66e-02 BER=6.05e-03 FER=1.61e-01
2025-10-28 20:46:58,129 | INFO | Epoch 704 Train Time 13.044955253601074s

2025-10-28 20:47:11,498 | INFO | Training epoch 705, Batch 1000/1000: LR=7.27e-05, Loss=1.65e-02 BER=5.97e-03 FER=1.59e-01
2025-10-28 20:47:11,540 | INFO | Epoch 705 Train Time 13.41037917137146s

2025-10-28 20:47:23,929 | INFO | Training epoch 706, Batch 1000/1000: LR=7.26e-05, Loss=1.65e-02 BER=6.02e-03 FER=1.60e-01
2025-10-28 20:47:23,966 | INFO | Epoch 706 Train Time 12.425895690917969s

2025-10-28 20:47:37,197 | INFO | Training epoch 707, Batch 1000/1000: LR=7.26e-05, Loss=1.67e-02 BER=6.08e-03 FER=1.62e-01
2025-10-28 20:47:37,239 | INFO | Epoch 707 Train Time 13.271985292434692s

2025-10-28 20:47:49,972 | INFO | Training epoch 708, Batch 1000/1000: LR=7.25e-05, Loss=1.65e-02 BER=6.03e-03 FER=1.61e-01
2025-10-28 20:47:50,015 | INFO | Epoch 708 Train Time 12.775519609451294s

2025-10-28 20:48:04,065 | INFO | Training epoch 709, Batch 1000/1000: LR=7.24e-05, Loss=1.64e-02 BER=5.98e-03 FER=1.59e-01
2025-10-28 20:48:04,106 | INFO | Epoch 709 Train Time 14.090718269348145s

2025-10-28 20:48:19,060 | INFO | Training epoch 710, Batch 1000/1000: LR=7.23e-05, Loss=1.65e-02 BER=6.01e-03 FER=1.61e-01
2025-10-28 20:48:19,118 | INFO | Epoch 710 Train Time 15.01076889038086s

2025-10-28 20:48:33,036 | INFO | Training epoch 711, Batch 1000/1000: LR=7.23e-05, Loss=1.65e-02 BER=6.05e-03 FER=1.60e-01
2025-10-28 20:48:33,091 | INFO | Epoch 711 Train Time 13.972350358963013s

2025-10-28 20:48:46,106 | INFO | Training epoch 712, Batch 1000/1000: LR=7.22e-05, Loss=1.62e-02 BER=5.92e-03 FER=1.58e-01
2025-10-28 20:48:46,146 | INFO | Epoch 712 Train Time 13.054692268371582s

2025-10-28 20:48:59,934 | INFO | Training epoch 713, Batch 1000/1000: LR=7.21e-05, Loss=1.65e-02 BER=5.99e-03 FER=1.59e-01
2025-10-28 20:48:59,984 | INFO | Epoch 713 Train Time 13.837059497833252s

2025-10-28 20:49:13,594 | INFO | Training epoch 714, Batch 1000/1000: LR=7.21e-05, Loss=1.61e-02 BER=5.89e-03 FER=1.57e-01
2025-10-28 20:49:13,661 | INFO | Epoch 714 Train Time 13.67636775970459s

2025-10-28 20:49:13,662 | INFO | [P1] saving best_model with loss 0.016113 at epoch 714
2025-10-28 20:49:27,709 | INFO | Training epoch 715, Batch 1000/1000: LR=7.20e-05, Loss=1.65e-02 BER=6.03e-03 FER=1.60e-01
2025-10-28 20:49:27,762 | INFO | Epoch 715 Train Time 14.089043617248535s

2025-10-28 20:49:41,490 | INFO | Training epoch 716, Batch 1000/1000: LR=7.19e-05, Loss=1.64e-02 BER=5.97e-03 FER=1.59e-01
2025-10-28 20:49:41,523 | INFO | Epoch 716 Train Time 13.760214805603027s

2025-10-28 20:49:54,266 | INFO | Training epoch 717, Batch 1000/1000: LR=7.19e-05, Loss=1.64e-02 BER=5.98e-03 FER=1.59e-01
2025-10-28 20:49:54,312 | INFO | Epoch 717 Train Time 12.788675308227539s

2025-10-28 20:50:08,102 | INFO | Training epoch 718, Batch 1000/1000: LR=7.18e-05, Loss=1.65e-02 BER=5.99e-03 FER=1.60e-01
2025-10-28 20:50:08,150 | INFO | Epoch 718 Train Time 13.837430238723755s

2025-10-28 20:50:22,180 | INFO | Training epoch 719, Batch 1000/1000: LR=7.17e-05, Loss=1.63e-02 BER=5.90e-03 FER=1.57e-01
2025-10-28 20:50:22,233 | INFO | Epoch 719 Train Time 14.081757307052612s

2025-10-28 20:50:36,732 | INFO | Training epoch 720, Batch 1000/1000: LR=7.16e-05, Loss=1.65e-02 BER=6.01e-03 FER=1.60e-01
2025-10-28 20:50:36,785 | INFO | Epoch 720 Train Time 14.551058053970337s

2025-10-28 20:50:49,512 | INFO | Training epoch 721, Batch 1000/1000: LR=7.16e-05, Loss=1.64e-02 BER=5.99e-03 FER=1.60e-01
2025-10-28 20:50:49,579 | INFO | Epoch 721 Train Time 12.793899536132812s

2025-10-28 20:51:03,724 | INFO | Training epoch 722, Batch 1000/1000: LR=7.15e-05, Loss=1.63e-02 BER=5.94e-03 FER=1.59e-01
2025-10-28 20:51:03,782 | INFO | Epoch 722 Train Time 14.202182054519653s

2025-10-28 20:51:17,705 | INFO | Training epoch 723, Batch 1000/1000: LR=7.14e-05, Loss=1.63e-02 BER=5.94e-03 FER=1.58e-01
2025-10-28 20:51:17,753 | INFO | Epoch 723 Train Time 13.970869302749634s

2025-10-28 20:51:31,859 | INFO | Training epoch 724, Batch 1000/1000: LR=7.14e-05, Loss=1.65e-02 BER=6.00e-03 FER=1.61e-01
2025-10-28 20:51:31,909 | INFO | Epoch 724 Train Time 14.154613256454468s

2025-10-28 20:51:46,325 | INFO | Training epoch 725, Batch 1000/1000: LR=7.13e-05, Loss=1.66e-02 BER=6.06e-03 FER=1.61e-01
2025-10-28 20:51:46,366 | INFO | Epoch 725 Train Time 14.456429958343506s

2025-10-28 20:51:59,787 | INFO | Training epoch 726, Batch 1000/1000: LR=7.12e-05, Loss=1.65e-02 BER=6.00e-03 FER=1.60e-01
2025-10-28 20:51:59,833 | INFO | Epoch 726 Train Time 13.466092348098755s

2025-10-28 20:52:13,501 | INFO | Training epoch 727, Batch 1000/1000: LR=7.12e-05, Loss=1.63e-02 BER=5.94e-03 FER=1.58e-01
2025-10-28 20:52:13,547 | INFO | Epoch 727 Train Time 13.714235782623291s

2025-10-28 20:52:26,681 | INFO | Training epoch 728, Batch 1000/1000: LR=7.11e-05, Loss=1.63e-02 BER=5.96e-03 FER=1.59e-01
2025-10-28 20:52:26,729 | INFO | Epoch 728 Train Time 13.180988311767578s

2025-10-28 20:52:39,924 | INFO | Training epoch 729, Batch 1000/1000: LR=7.10e-05, Loss=1.64e-02 BER=5.92e-03 FER=1.58e-01
2025-10-28 20:52:39,969 | INFO | Epoch 729 Train Time 13.23935317993164s

2025-10-28 20:52:53,399 | INFO | Training epoch 730, Batch 1000/1000: LR=7.09e-05, Loss=1.66e-02 BER=6.03e-03 FER=1.60e-01
2025-10-28 20:52:53,455 | INFO | Epoch 730 Train Time 13.485448122024536s

2025-10-28 20:53:07,280 | INFO | Training epoch 731, Batch 1000/1000: LR=7.09e-05, Loss=1.63e-02 BER=5.94e-03 FER=1.58e-01
2025-10-28 20:53:07,330 | INFO | Epoch 731 Train Time 13.874149084091187s

2025-10-28 20:53:22,044 | INFO | Training epoch 732, Batch 1000/1000: LR=7.08e-05, Loss=1.65e-02 BER=5.99e-03 FER=1.60e-01
2025-10-28 20:53:22,080 | INFO | Epoch 732 Train Time 14.750060796737671s

2025-10-28 20:53:35,984 | INFO | Training epoch 733, Batch 1000/1000: LR=7.07e-05, Loss=1.65e-02 BER=6.01e-03 FER=1.60e-01
2025-10-28 20:53:36,029 | INFO | Epoch 733 Train Time 13.947777032852173s

2025-10-28 20:53:48,997 | INFO | Training epoch 734, Batch 1000/1000: LR=7.07e-05, Loss=1.64e-02 BER=5.93e-03 FER=1.58e-01
2025-10-28 20:53:49,038 | INFO | Epoch 734 Train Time 13.009135007858276s

2025-10-28 20:54:02,895 | INFO | Training epoch 735, Batch 1000/1000: LR=7.06e-05, Loss=1.64e-02 BER=5.95e-03 FER=1.59e-01
2025-10-28 20:54:02,942 | INFO | Epoch 735 Train Time 13.902891397476196s

2025-10-28 20:54:16,920 | INFO | Training epoch 736, Batch 1000/1000: LR=7.05e-05, Loss=1.63e-02 BER=5.97e-03 FER=1.60e-01
2025-10-28 20:54:16,975 | INFO | Epoch 736 Train Time 14.032796382904053s

2025-10-28 20:54:31,331 | INFO | Training epoch 737, Batch 1000/1000: LR=7.04e-05, Loss=1.63e-02 BER=5.91e-03 FER=1.58e-01
2025-10-28 20:54:31,371 | INFO | Epoch 737 Train Time 14.394649505615234s

2025-10-28 20:54:45,381 | INFO | Training epoch 738, Batch 1000/1000: LR=7.04e-05, Loss=1.65e-02 BER=6.00e-03 FER=1.60e-01
2025-10-28 20:54:45,431 | INFO | Epoch 738 Train Time 14.059574604034424s

2025-10-28 20:54:59,074 | INFO | Training epoch 739, Batch 1000/1000: LR=7.03e-05, Loss=1.65e-02 BER=6.03e-03 FER=1.60e-01
2025-10-28 20:54:59,120 | INFO | Epoch 739 Train Time 13.688405752182007s

2025-10-28 20:55:13,047 | INFO | Training epoch 740, Batch 1000/1000: LR=7.02e-05, Loss=1.64e-02 BER=5.96e-03 FER=1.59e-01
2025-10-28 20:55:13,082 | INFO | Epoch 740 Train Time 13.961907625198364s

2025-10-28 20:55:27,130 | INFO | Training epoch 741, Batch 1000/1000: LR=7.02e-05, Loss=1.63e-02 BER=5.94e-03 FER=1.58e-01
2025-10-28 20:55:27,178 | INFO | Epoch 741 Train Time 14.094838380813599s

2025-10-28 20:55:40,800 | INFO | Training epoch 742, Batch 1000/1000: LR=7.01e-05, Loss=1.63e-02 BER=5.96e-03 FER=1.59e-01
2025-10-28 20:55:40,852 | INFO | Epoch 742 Train Time 13.674017667770386s

2025-10-28 20:55:54,538 | INFO | Training epoch 743, Batch 1000/1000: LR=7.00e-05, Loss=1.64e-02 BER=6.00e-03 FER=1.60e-01
2025-10-28 20:55:54,572 | INFO | Epoch 743 Train Time 13.719251871109009s

2025-10-28 20:56:09,288 | INFO | Training epoch 744, Batch 1000/1000: LR=6.99e-05, Loss=1.63e-02 BER=5.94e-03 FER=1.59e-01
2025-10-28 20:56:09,326 | INFO | Epoch 744 Train Time 14.753562927246094s

2025-10-28 20:56:23,516 | INFO | Training epoch 745, Batch 1000/1000: LR=6.99e-05, Loss=1.63e-02 BER=5.94e-03 FER=1.59e-01
2025-10-28 20:56:23,563 | INFO | Epoch 745 Train Time 14.236514329910278s

2025-10-28 20:56:36,330 | INFO | Training epoch 746, Batch 1000/1000: LR=6.98e-05, Loss=1.64e-02 BER=5.95e-03 FER=1.59e-01
2025-10-28 20:56:36,378 | INFO | Epoch 746 Train Time 12.813413619995117s

2025-10-28 20:56:49,795 | INFO | Training epoch 747, Batch 1000/1000: LR=6.97e-05, Loss=1.63e-02 BER=5.95e-03 FER=1.58e-01
2025-10-28 20:56:49,851 | INFO | Epoch 747 Train Time 13.47267198562622s

2025-10-28 20:57:04,008 | INFO | Training epoch 748, Batch 1000/1000: LR=6.97e-05, Loss=1.65e-02 BER=6.01e-03 FER=1.60e-01
2025-10-28 20:57:04,056 | INFO | Epoch 748 Train Time 14.202990770339966s

2025-10-28 20:57:17,797 | INFO | Training epoch 749, Batch 1000/1000: LR=6.96e-05, Loss=1.66e-02 BER=6.02e-03 FER=1.61e-01
2025-10-28 20:57:17,843 | INFO | Epoch 749 Train Time 13.786765575408936s

2025-10-28 20:57:31,669 | INFO | Training epoch 750, Batch 1000/1000: LR=6.95e-05, Loss=1.64e-02 BER=5.97e-03 FER=1.60e-01
2025-10-28 20:57:31,712 | INFO | Epoch 750 Train Time 13.867518424987793s

2025-10-28 20:57:44,503 | INFO | Training epoch 751, Batch 1000/1000: LR=6.94e-05, Loss=1.62e-02 BER=5.91e-03 FER=1.59e-01
2025-10-28 20:57:44,556 | INFO | Epoch 751 Train Time 12.843887090682983s

2025-10-28 20:57:58,149 | INFO | Training epoch 752, Batch 1000/1000: LR=6.94e-05, Loss=1.65e-02 BER=6.00e-03 FER=1.58e-01
2025-10-28 20:57:58,193 | INFO | Epoch 752 Train Time 13.636160850524902s

2025-10-28 20:58:13,338 | INFO | Training epoch 753, Batch 1000/1000: LR=6.93e-05, Loss=1.62e-02 BER=5.86e-03 FER=1.58e-01
2025-10-28 20:58:13,381 | INFO | Epoch 753 Train Time 15.18778395652771s

2025-10-28 20:58:28,501 | INFO | Training epoch 754, Batch 1000/1000: LR=6.92e-05, Loss=1.65e-02 BER=6.02e-03 FER=1.60e-01
2025-10-28 20:58:28,542 | INFO | Epoch 754 Train Time 15.160191297531128s

2025-10-28 20:58:42,736 | INFO | Training epoch 755, Batch 1000/1000: LR=6.92e-05, Loss=1.65e-02 BER=6.02e-03 FER=1.60e-01
2025-10-28 20:58:42,778 | INFO | Epoch 755 Train Time 14.235374212265015s

2025-10-28 20:58:56,341 | INFO | Training epoch 756, Batch 1000/1000: LR=6.91e-05, Loss=1.61e-02 BER=5.87e-03 FER=1.56e-01
2025-10-28 20:58:56,387 | INFO | Epoch 756 Train Time 13.60855770111084s

2025-10-28 20:59:10,348 | INFO | Training epoch 757, Batch 1000/1000: LR=6.90e-05, Loss=1.63e-02 BER=5.94e-03 FER=1.59e-01
2025-10-28 20:59:10,402 | INFO | Epoch 757 Train Time 14.014270782470703s

2025-10-28 20:59:23,569 | INFO | Training epoch 758, Batch 1000/1000: LR=6.89e-05, Loss=1.61e-02 BER=5.88e-03 FER=1.57e-01
2025-10-28 20:59:23,612 | INFO | Epoch 758 Train Time 13.209735870361328s

2025-10-28 20:59:37,814 | INFO | Training epoch 759, Batch 1000/1000: LR=6.89e-05, Loss=1.63e-02 BER=5.90e-03 FER=1.58e-01
2025-10-28 20:59:37,855 | INFO | Epoch 759 Train Time 14.24233102798462s

2025-10-28 20:59:52,446 | INFO | Training epoch 760, Batch 1000/1000: LR=6.88e-05, Loss=1.64e-02 BER=5.99e-03 FER=1.59e-01
2025-10-28 20:59:52,491 | INFO | Epoch 760 Train Time 14.635640859603882s

2025-10-28 21:00:06,257 | INFO | Training epoch 761, Batch 1000/1000: LR=6.87e-05, Loss=1.63e-02 BER=5.94e-03 FER=1.58e-01
2025-10-28 21:00:06,298 | INFO | Epoch 761 Train Time 13.806369066238403s

2025-10-28 21:00:19,442 | INFO | Training epoch 762, Batch 1000/1000: LR=6.86e-05, Loss=1.64e-02 BER=5.96e-03 FER=1.59e-01
2025-10-28 21:00:19,510 | INFO | Epoch 762 Train Time 13.211234331130981s

2025-10-28 21:00:33,552 | INFO | Training epoch 763, Batch 1000/1000: LR=6.86e-05, Loss=1.64e-02 BER=5.98e-03 FER=1.60e-01
2025-10-28 21:00:33,595 | INFO | Epoch 763 Train Time 14.08517575263977s

2025-10-28 21:00:47,487 | INFO | Training epoch 764, Batch 1000/1000: LR=6.85e-05, Loss=1.62e-02 BER=5.92e-03 FER=1.57e-01
2025-10-28 21:00:47,540 | INFO | Epoch 764 Train Time 13.943991899490356s

2025-10-28 21:01:00,696 | INFO | Training epoch 765, Batch 1000/1000: LR=6.84e-05, Loss=1.62e-02 BER=5.89e-03 FER=1.58e-01
2025-10-28 21:01:00,744 | INFO | Epoch 765 Train Time 13.202687501907349s

2025-10-28 21:01:13,997 | INFO | Training epoch 766, Batch 1000/1000: LR=6.84e-05, Loss=1.62e-02 BER=5.93e-03 FER=1.58e-01
2025-10-28 21:01:14,039 | INFO | Epoch 766 Train Time 13.294905662536621s

2025-10-28 21:01:28,386 | INFO | Training epoch 767, Batch 1000/1000: LR=6.83e-05, Loss=1.64e-02 BER=5.95e-03 FER=1.59e-01
2025-10-28 21:01:28,431 | INFO | Epoch 767 Train Time 14.390710353851318s

2025-10-28 21:01:41,561 | INFO | Training epoch 768, Batch 1000/1000: LR=6.82e-05, Loss=1.65e-02 BER=6.02e-03 FER=1.60e-01
2025-10-28 21:01:41,608 | INFO | Epoch 768 Train Time 13.177415609359741s

2025-10-28 21:01:55,164 | INFO | Training epoch 769, Batch 1000/1000: LR=6.81e-05, Loss=1.62e-02 BER=5.91e-03 FER=1.57e-01
2025-10-28 21:01:55,221 | INFO | Epoch 769 Train Time 13.612430572509766s

2025-10-28 21:02:09,139 | INFO | Training epoch 770, Batch 1000/1000: LR=6.81e-05, Loss=1.63e-02 BER=5.92e-03 FER=1.59e-01
2025-10-28 21:02:09,169 | INFO | Epoch 770 Train Time 13.947317123413086s

2025-10-28 21:02:23,688 | INFO | Training epoch 771, Batch 1000/1000: LR=6.80e-05, Loss=1.66e-02 BER=6.06e-03 FER=1.61e-01
2025-10-28 21:02:23,724 | INFO | Epoch 771 Train Time 14.554514169692993s

2025-10-28 21:02:37,487 | INFO | Training epoch 772, Batch 1000/1000: LR=6.79e-05, Loss=1.64e-02 BER=5.97e-03 FER=1.59e-01
2025-10-28 21:02:37,535 | INFO | Epoch 772 Train Time 13.810231447219849s

2025-10-28 21:02:52,227 | INFO | Training epoch 773, Batch 1000/1000: LR=6.79e-05, Loss=1.64e-02 BER=5.95e-03 FER=1.59e-01
2025-10-28 21:02:52,275 | INFO | Epoch 773 Train Time 14.737750053405762s

2025-10-28 21:03:06,160 | INFO | Training epoch 774, Batch 1000/1000: LR=6.78e-05, Loss=1.62e-02 BER=5.89e-03 FER=1.57e-01
2025-10-28 21:03:06,192 | INFO | Epoch 774 Train Time 13.91660761833191s

2025-10-28 21:03:19,660 | INFO | Training epoch 775, Batch 1000/1000: LR=6.77e-05, Loss=1.60e-02 BER=5.83e-03 FER=1.57e-01
2025-10-28 21:03:19,716 | INFO | Epoch 775 Train Time 13.523416757583618s

2025-10-28 21:03:19,716 | INFO | [P1] saving best_model with loss 0.016008 at epoch 775
2025-10-28 21:03:32,478 | INFO | Training epoch 776, Batch 1000/1000: LR=6.76e-05, Loss=1.66e-02 BER=6.03e-03 FER=1.59e-01
2025-10-28 21:03:32,528 | INFO | Epoch 776 Train Time 12.804435968399048s

2025-10-28 21:03:46,115 | INFO | Training epoch 777, Batch 1000/1000: LR=6.76e-05, Loss=1.65e-02 BER=5.99e-03 FER=1.59e-01
2025-10-28 21:03:46,168 | INFO | Epoch 777 Train Time 13.63940715789795s

2025-10-28 21:03:59,600 | INFO | Training epoch 778, Batch 1000/1000: LR=6.75e-05, Loss=1.65e-02 BER=6.03e-03 FER=1.60e-01
2025-10-28 21:03:59,639 | INFO | Epoch 778 Train Time 13.469545841217041s

2025-10-28 21:04:12,179 | INFO | Training epoch 779, Batch 1000/1000: LR=6.74e-05, Loss=1.64e-02 BER=5.93e-03 FER=1.58e-01
2025-10-28 21:04:12,224 | INFO | Epoch 779 Train Time 12.584660053253174s

2025-10-28 21:04:25,599 | INFO | Training epoch 780, Batch 1000/1000: LR=6.73e-05, Loss=1.65e-02 BER=6.03e-03 FER=1.59e-01
2025-10-28 21:04:25,651 | INFO | Epoch 780 Train Time 13.426064014434814s

2025-10-28 21:04:39,378 | INFO | Training epoch 781, Batch 1000/1000: LR=6.73e-05, Loss=1.65e-02 BER=6.02e-03 FER=1.60e-01
2025-10-28 21:04:39,419 | INFO | Epoch 781 Train Time 13.767240285873413s

2025-10-28 21:04:53,394 | INFO | Training epoch 782, Batch 1000/1000: LR=6.72e-05, Loss=1.66e-02 BER=6.03e-03 FER=1.60e-01
2025-10-28 21:04:53,430 | INFO | Epoch 782 Train Time 14.011135339736938s

2025-10-28 21:05:07,075 | INFO | Training epoch 783, Batch 1000/1000: LR=6.71e-05, Loss=1.64e-02 BER=5.95e-03 FER=1.59e-01
2025-10-28 21:05:07,123 | INFO | Epoch 783 Train Time 13.691756963729858s

2025-10-28 21:05:21,004 | INFO | Training epoch 784, Batch 1000/1000: LR=6.70e-05, Loss=1.63e-02 BER=5.91e-03 FER=1.58e-01
2025-10-28 21:05:21,047 | INFO | Epoch 784 Train Time 13.924044132232666s

2025-10-28 21:05:33,985 | INFO | Training epoch 785, Batch 1000/1000: LR=6.70e-05, Loss=1.62e-02 BER=5.86e-03 FER=1.57e-01
2025-10-28 21:05:34,026 | INFO | Epoch 785 Train Time 12.978044033050537s

2025-10-28 21:05:47,530 | INFO | Training epoch 786, Batch 1000/1000: LR=6.69e-05, Loss=1.63e-02 BER=5.98e-03 FER=1.59e-01
2025-10-28 21:05:47,575 | INFO | Epoch 786 Train Time 13.548469543457031s

2025-10-28 21:06:00,133 | INFO | Training epoch 787, Batch 1000/1000: LR=6.68e-05, Loss=1.63e-02 BER=5.89e-03 FER=1.57e-01
2025-10-28 21:06:00,174 | INFO | Epoch 787 Train Time 12.59785532951355s

2025-10-28 21:06:14,028 | INFO | Training epoch 788, Batch 1000/1000: LR=6.68e-05, Loss=1.63e-02 BER=5.93e-03 FER=1.58e-01
2025-10-28 21:06:14,072 | INFO | Epoch 788 Train Time 13.89817190170288s

2025-10-28 21:06:27,201 | INFO | Training epoch 789, Batch 1000/1000: LR=6.67e-05, Loss=1.63e-02 BER=5.94e-03 FER=1.58e-01
2025-10-28 21:06:27,240 | INFO | Epoch 789 Train Time 13.166600942611694s

2025-10-28 21:06:41,351 | INFO | Training epoch 790, Batch 1000/1000: LR=6.66e-05, Loss=1.63e-02 BER=5.93e-03 FER=1.58e-01
2025-10-28 21:06:41,405 | INFO | Epoch 790 Train Time 14.164462804794312s

2025-10-28 21:06:55,349 | INFO | Training epoch 791, Batch 1000/1000: LR=6.65e-05, Loss=1.66e-02 BER=6.03e-03 FER=1.60e-01
2025-10-28 21:06:55,395 | INFO | Epoch 791 Train Time 13.989630699157715s

2025-10-28 21:07:08,639 | INFO | Training epoch 792, Batch 1000/1000: LR=6.65e-05, Loss=1.65e-02 BER=6.01e-03 FER=1.59e-01
2025-10-28 21:07:08,688 | INFO | Epoch 792 Train Time 13.292151689529419s

2025-10-28 21:07:22,833 | INFO | Training epoch 793, Batch 1000/1000: LR=6.64e-05, Loss=1.63e-02 BER=5.91e-03 FER=1.58e-01
2025-10-28 21:07:22,877 | INFO | Epoch 793 Train Time 14.188363313674927s

2025-10-28 21:07:35,445 | INFO | Training epoch 794, Batch 1000/1000: LR=6.63e-05, Loss=1.64e-02 BER=5.99e-03 FER=1.58e-01
2025-10-28 21:07:35,492 | INFO | Epoch 794 Train Time 12.614360809326172s

2025-10-28 21:07:48,884 | INFO | Training epoch 795, Batch 1000/1000: LR=6.62e-05, Loss=1.64e-02 BER=5.97e-03 FER=1.59e-01
2025-10-28 21:07:48,926 | INFO | Epoch 795 Train Time 13.43308138847351s

2025-10-28 21:08:02,463 | INFO | Training epoch 796, Batch 1000/1000: LR=6.62e-05, Loss=1.64e-02 BER=5.94e-03 FER=1.57e-01
2025-10-28 21:08:02,509 | INFO | Epoch 796 Train Time 13.58297848701477s

2025-10-28 21:08:16,128 | INFO | Training epoch 797, Batch 1000/1000: LR=6.61e-05, Loss=1.63e-02 BER=5.95e-03 FER=1.58e-01
2025-10-28 21:08:16,184 | INFO | Epoch 797 Train Time 13.674674987792969s

2025-10-28 21:08:30,287 | INFO | Training epoch 798, Batch 1000/1000: LR=6.60e-05, Loss=1.63e-02 BER=5.92e-03 FER=1.60e-01
2025-10-28 21:08:30,335 | INFO | Epoch 798 Train Time 14.150080919265747s

2025-10-28 21:08:43,577 | INFO | Training epoch 799, Batch 1000/1000: LR=6.59e-05, Loss=1.63e-02 BER=5.94e-03 FER=1.59e-01
2025-10-28 21:08:43,623 | INFO | Epoch 799 Train Time 13.28748083114624s

2025-10-28 21:08:56,270 | INFO | Training epoch 800, Batch 1000/1000: LR=6.59e-05, Loss=1.63e-02 BER=5.93e-03 FER=1.58e-01
2025-10-28 21:08:56,321 | INFO | Epoch 800 Train Time 12.697349548339844s

2025-10-28 21:09:09,993 | INFO | Training epoch 801, Batch 1000/1000: LR=6.58e-05, Loss=1.64e-02 BER=5.97e-03 FER=1.59e-01
2025-10-28 21:09:10,060 | INFO | Epoch 801 Train Time 13.738201379776001s

2025-10-28 21:09:23,207 | INFO | Training epoch 802, Batch 1000/1000: LR=6.57e-05, Loss=1.64e-02 BER=5.99e-03 FER=1.58e-01
2025-10-28 21:09:23,252 | INFO | Epoch 802 Train Time 13.191298246383667s

2025-10-28 21:09:35,968 | INFO | Training epoch 803, Batch 1000/1000: LR=6.56e-05, Loss=1.64e-02 BER=5.97e-03 FER=1.59e-01
2025-10-28 21:09:36,032 | INFO | Epoch 803 Train Time 12.7791268825531s

2025-10-28 21:09:49,479 | INFO | Training epoch 804, Batch 1000/1000: LR=6.56e-05, Loss=1.62e-02 BER=5.88e-03 FER=1.57e-01
2025-10-28 21:09:49,527 | INFO | Epoch 804 Train Time 13.493778467178345s

2025-10-28 21:10:02,866 | INFO | Training epoch 805, Batch 1000/1000: LR=6.55e-05, Loss=1.66e-02 BER=6.00e-03 FER=1.59e-01
2025-10-28 21:10:02,902 | INFO | Epoch 805 Train Time 13.374505519866943s

2025-10-28 21:10:16,007 | INFO | Training epoch 806, Batch 1000/1000: LR=6.54e-05, Loss=1.64e-02 BER=5.98e-03 FER=1.60e-01
2025-10-28 21:10:16,051 | INFO | Epoch 806 Train Time 13.148311853408813s

2025-10-28 21:10:30,156 | INFO | Training epoch 807, Batch 1000/1000: LR=6.54e-05, Loss=1.62e-02 BER=5.91e-03 FER=1.57e-01
2025-10-28 21:10:30,208 | INFO | Epoch 807 Train Time 14.156456708908081s

2025-10-28 21:10:43,139 | INFO | Training epoch 808, Batch 1000/1000: LR=6.53e-05, Loss=1.64e-02 BER=5.95e-03 FER=1.58e-01
2025-10-28 21:10:43,187 | INFO | Epoch 808 Train Time 12.978784799575806s

2025-10-28 21:10:56,149 | INFO | Training epoch 809, Batch 1000/1000: LR=6.52e-05, Loss=1.66e-02 BER=6.03e-03 FER=1.60e-01
2025-10-28 21:10:56,191 | INFO | Epoch 809 Train Time 13.002544164657593s

2025-10-28 21:11:09,026 | INFO | Training epoch 810, Batch 1000/1000: LR=6.51e-05, Loss=1.64e-02 BER=5.96e-03 FER=1.59e-01
2025-10-28 21:11:09,071 | INFO | Epoch 810 Train Time 12.880480289459229s

2025-10-28 21:11:23,217 | INFO | Training epoch 811, Batch 1000/1000: LR=6.51e-05, Loss=1.64e-02 BER=5.98e-03 FER=1.59e-01
2025-10-28 21:11:23,261 | INFO | Epoch 811 Train Time 14.188960790634155s

2025-10-28 21:11:36,287 | INFO | Training epoch 812, Batch 1000/1000: LR=6.50e-05, Loss=1.65e-02 BER=6.00e-03 FER=1.60e-01
2025-10-28 21:11:36,332 | INFO | Epoch 812 Train Time 13.070356845855713s

2025-10-28 21:11:49,736 | INFO | Training epoch 813, Batch 1000/1000: LR=6.49e-05, Loss=1.63e-02 BER=5.95e-03 FER=1.57e-01
2025-10-28 21:11:49,792 | INFO | Epoch 813 Train Time 13.459344625473022s

2025-10-28 21:12:03,880 | INFO | Training epoch 814, Batch 1000/1000: LR=6.48e-05, Loss=1.61e-02 BER=5.85e-03 FER=1.57e-01
2025-10-28 21:12:03,938 | INFO | Epoch 814 Train Time 14.145376920700073s

2025-10-28 21:12:16,775 | INFO | Training epoch 815, Batch 1000/1000: LR=6.48e-05, Loss=1.62e-02 BER=5.90e-03 FER=1.58e-01
2025-10-28 21:12:16,820 | INFO | Epoch 815 Train Time 12.881770372390747s

2025-10-28 21:12:29,763 | INFO | Training epoch 816, Batch 1000/1000: LR=6.47e-05, Loss=1.61e-02 BER=5.85e-03 FER=1.56e-01
2025-10-28 21:12:29,807 | INFO | Epoch 816 Train Time 12.985938310623169s

2025-10-28 21:12:43,054 | INFO | Training epoch 817, Batch 1000/1000: LR=6.46e-05, Loss=1.63e-02 BER=5.93e-03 FER=1.57e-01
2025-10-28 21:12:43,104 | INFO | Epoch 817 Train Time 13.297106981277466s

2025-10-28 21:12:57,406 | INFO | Training epoch 818, Batch 1000/1000: LR=6.45e-05, Loss=1.63e-02 BER=5.92e-03 FER=1.57e-01
2025-10-28 21:12:57,457 | INFO | Epoch 818 Train Time 14.352007150650024s

2025-10-28 21:13:11,782 | INFO | Training epoch 819, Batch 1000/1000: LR=6.45e-05, Loss=1.65e-02 BER=6.00e-03 FER=1.59e-01
2025-10-28 21:13:11,840 | INFO | Epoch 819 Train Time 14.381791830062866s

2025-10-28 21:13:25,639 | INFO | Training epoch 820, Batch 1000/1000: LR=6.44e-05, Loss=1.60e-02 BER=5.87e-03 FER=1.56e-01
2025-10-28 21:13:25,685 | INFO | Epoch 820 Train Time 13.844518661499023s

2025-10-28 21:13:25,685 | INFO | [P1] saving best_model with loss 0.015982 at epoch 820
2025-10-28 21:13:38,722 | INFO | Training epoch 821, Batch 1000/1000: LR=6.43e-05, Loss=1.64e-02 BER=5.97e-03 FER=1.58e-01
2025-10-28 21:13:38,776 | INFO | Epoch 821 Train Time 13.078130722045898s

2025-10-28 21:13:52,754 | INFO | Training epoch 822, Batch 1000/1000: LR=6.42e-05, Loss=1.61e-02 BER=5.85e-03 FER=1.56e-01
2025-10-28 21:13:52,811 | INFO | Epoch 822 Train Time 14.034191370010376s

2025-10-28 21:14:06,206 | INFO | Training epoch 823, Batch 1000/1000: LR=6.42e-05, Loss=1.62e-02 BER=5.86e-03 FER=1.57e-01
2025-10-28 21:14:06,251 | INFO | Epoch 823 Train Time 13.439380168914795s

2025-10-28 21:14:21,007 | INFO | Training epoch 824, Batch 1000/1000: LR=6.41e-05, Loss=1.65e-02 BER=5.99e-03 FER=1.58e-01
2025-10-28 21:14:21,051 | INFO | Epoch 824 Train Time 14.799814224243164s

2025-10-28 21:14:33,880 | INFO | Training epoch 825, Batch 1000/1000: LR=6.40e-05, Loss=1.63e-02 BER=5.90e-03 FER=1.57e-01
2025-10-28 21:14:33,929 | INFO | Epoch 825 Train Time 12.876760959625244s

2025-10-28 21:14:47,755 | INFO | Training epoch 826, Batch 1000/1000: LR=6.39e-05, Loss=1.62e-02 BER=5.85e-03 FER=1.56e-01
2025-10-28 21:14:47,808 | INFO | Epoch 826 Train Time 13.878888845443726s

2025-10-28 21:15:02,339 | INFO | Training epoch 827, Batch 1000/1000: LR=6.39e-05, Loss=1.64e-02 BER=5.99e-03 FER=1.59e-01
2025-10-28 21:15:02,397 | INFO | Epoch 827 Train Time 14.587984085083008s

2025-10-28 21:15:16,227 | INFO | Training epoch 828, Batch 1000/1000: LR=6.38e-05, Loss=1.63e-02 BER=5.97e-03 FER=1.58e-01
2025-10-28 21:15:16,275 | INFO | Epoch 828 Train Time 13.877568244934082s

2025-10-28 21:15:29,553 | INFO | Training epoch 829, Batch 1000/1000: LR=6.37e-05, Loss=1.61e-02 BER=5.89e-03 FER=1.57e-01
2025-10-28 21:15:29,605 | INFO | Epoch 829 Train Time 13.328418254852295s

2025-10-28 21:15:43,443 | INFO | Training epoch 830, Batch 1000/1000: LR=6.36e-05, Loss=1.61e-02 BER=5.85e-03 FER=1.56e-01
2025-10-28 21:15:43,499 | INFO | Epoch 830 Train Time 13.893670797348022s

2025-10-28 21:15:57,589 | INFO | Training epoch 831, Batch 1000/1000: LR=6.36e-05, Loss=1.62e-02 BER=5.92e-03 FER=1.58e-01
2025-10-28 21:15:57,635 | INFO | Epoch 831 Train Time 14.135505676269531s

2025-10-28 21:16:11,497 | INFO | Training epoch 832, Batch 1000/1000: LR=6.35e-05, Loss=1.63e-02 BER=5.97e-03 FER=1.58e-01
2025-10-28 21:16:11,543 | INFO | Epoch 832 Train Time 13.906544208526611s

2025-10-28 21:16:26,313 | INFO | Training epoch 833, Batch 1000/1000: LR=6.34e-05, Loss=1.64e-02 BER=5.97e-03 FER=1.59e-01
2025-10-28 21:16:26,360 | INFO | Epoch 833 Train Time 14.816653490066528s

2025-10-28 21:16:40,745 | INFO | Training epoch 834, Batch 1000/1000: LR=6.33e-05, Loss=1.62e-02 BER=5.87e-03 FER=1.56e-01
2025-10-28 21:16:40,791 | INFO | Epoch 834 Train Time 14.430556774139404s

2025-10-28 21:16:54,907 | INFO | Training epoch 835, Batch 1000/1000: LR=6.33e-05, Loss=1.63e-02 BER=5.88e-03 FER=1.57e-01
2025-10-28 21:16:54,952 | INFO | Epoch 835 Train Time 14.159884691238403s

2025-10-28 21:17:09,549 | INFO | Training epoch 836, Batch 1000/1000: LR=6.32e-05, Loss=1.64e-02 BER=5.95e-03 FER=1.58e-01
2025-10-28 21:17:09,606 | INFO | Epoch 836 Train Time 14.653352499008179s

2025-10-28 21:17:23,914 | INFO | Training epoch 837, Batch 1000/1000: LR=6.31e-05, Loss=1.64e-02 BER=5.94e-03 FER=1.58e-01
2025-10-28 21:17:23,965 | INFO | Epoch 837 Train Time 14.358898878097534s

2025-10-28 21:17:36,666 | INFO | Training epoch 838, Batch 1000/1000: LR=6.30e-05, Loss=1.64e-02 BER=5.97e-03 FER=1.58e-01
2025-10-28 21:17:36,710 | INFO | Epoch 838 Train Time 12.743689060211182s

2025-10-28 21:17:50,783 | INFO | Training epoch 839, Batch 1000/1000: LR=6.30e-05, Loss=1.62e-02 BER=5.89e-03 FER=1.58e-01
2025-10-28 21:17:50,834 | INFO | Epoch 839 Train Time 14.123315811157227s

2025-10-28 21:18:05,272 | INFO | Training epoch 840, Batch 1000/1000: LR=6.29e-05, Loss=1.65e-02 BER=6.02e-03 FER=1.60e-01
2025-10-28 21:18:05,320 | INFO | Epoch 840 Train Time 14.485297679901123s

2025-10-28 21:18:20,073 | INFO | Training epoch 841, Batch 1000/1000: LR=6.28e-05, Loss=1.64e-02 BER=5.99e-03 FER=1.59e-01
2025-10-28 21:18:20,120 | INFO | Epoch 841 Train Time 14.799791097640991s

2025-10-28 21:18:35,449 | INFO | Training epoch 842, Batch 1000/1000: LR=6.27e-05, Loss=1.62e-02 BER=5.90e-03 FER=1.57e-01
2025-10-28 21:18:35,495 | INFO | Epoch 842 Train Time 15.373043775558472s

2025-10-28 21:18:50,268 | INFO | Training epoch 843, Batch 1000/1000: LR=6.27e-05, Loss=1.62e-02 BER=5.88e-03 FER=1.57e-01
2025-10-28 21:18:50,305 | INFO | Epoch 843 Train Time 14.80964732170105s

2025-10-28 21:19:03,847 | INFO | Training epoch 844, Batch 1000/1000: LR=6.26e-05, Loss=1.65e-02 BER=6.00e-03 FER=1.59e-01
2025-10-28 21:19:03,907 | INFO | Epoch 844 Train Time 13.600344181060791s

2025-10-28 21:19:16,946 | INFO | Training epoch 845, Batch 1000/1000: LR=6.25e-05, Loss=1.62e-02 BER=5.92e-03 FER=1.58e-01
2025-10-28 21:19:16,991 | INFO | Epoch 845 Train Time 13.084152460098267s

2025-10-28 21:19:30,909 | INFO | Training epoch 846, Batch 1000/1000: LR=6.24e-05, Loss=1.63e-02 BER=5.94e-03 FER=1.59e-01
2025-10-28 21:19:30,965 | INFO | Epoch 846 Train Time 13.97331166267395s

2025-10-28 21:19:43,993 | INFO | Training epoch 847, Batch 1000/1000: LR=6.24e-05, Loss=1.61e-02 BER=5.87e-03 FER=1.57e-01
2025-10-28 21:19:44,036 | INFO | Epoch 847 Train Time 13.070718765258789s

2025-10-28 21:19:57,443 | INFO | Training epoch 848, Batch 1000/1000: LR=6.23e-05, Loss=1.64e-02 BER=5.95e-03 FER=1.58e-01
2025-10-28 21:19:57,507 | INFO | Epoch 848 Train Time 13.470242738723755s

2025-10-28 21:20:11,686 | INFO | Training epoch 849, Batch 1000/1000: LR=6.22e-05, Loss=1.63e-02 BER=5.94e-03 FER=1.58e-01
2025-10-28 21:20:11,735 | INFO | Epoch 849 Train Time 14.227035522460938s

2025-10-28 21:20:25,772 | INFO | Training epoch 850, Batch 1000/1000: LR=6.21e-05, Loss=1.62e-02 BER=5.89e-03 FER=1.57e-01
2025-10-28 21:20:25,856 | INFO | Epoch 850 Train Time 14.120255947113037s

2025-10-28 21:20:39,864 | INFO | Training epoch 851, Batch 1000/1000: LR=6.21e-05, Loss=1.62e-02 BER=5.93e-03 FER=1.57e-01
2025-10-28 21:20:39,921 | INFO | Epoch 851 Train Time 14.064882755279541s

2025-10-28 21:20:52,871 | INFO | Training epoch 852, Batch 1000/1000: LR=6.20e-05, Loss=1.65e-02 BER=5.98e-03 FER=1.59e-01
2025-10-28 21:20:52,917 | INFO | Epoch 852 Train Time 12.994698524475098s

2025-10-28 21:21:07,268 | INFO | Training epoch 853, Batch 1000/1000: LR=6.19e-05, Loss=1.64e-02 BER=5.99e-03 FER=1.59e-01
2025-10-28 21:21:07,324 | INFO | Epoch 853 Train Time 14.406838417053223s

2025-10-28 21:21:21,286 | INFO | Training epoch 854, Batch 1000/1000: LR=6.18e-05, Loss=1.64e-02 BER=5.96e-03 FER=1.59e-01
2025-10-28 21:21:21,327 | INFO | Epoch 854 Train Time 14.00243353843689s

2025-10-28 21:21:34,666 | INFO | Training epoch 855, Batch 1000/1000: LR=6.18e-05, Loss=1.63e-02 BER=5.92e-03 FER=1.58e-01
2025-10-28 21:21:34,707 | INFO | Epoch 855 Train Time 13.379595518112183s

2025-10-28 21:21:47,274 | INFO | Training epoch 856, Batch 1000/1000: LR=6.17e-05, Loss=1.63e-02 BER=5.95e-03 FER=1.58e-01
2025-10-28 21:21:47,315 | INFO | Epoch 856 Train Time 12.606900215148926s

2025-10-28 21:22:00,582 | INFO | Training epoch 857, Batch 1000/1000: LR=6.16e-05, Loss=1.62e-02 BER=5.90e-03 FER=1.57e-01
2025-10-28 21:22:00,637 | INFO | Epoch 857 Train Time 13.321552991867065s

2025-10-28 21:22:13,882 | INFO | Training epoch 858, Batch 1000/1000: LR=6.15e-05, Loss=1.63e-02 BER=5.91e-03 FER=1.57e-01
2025-10-28 21:22:13,938 | INFO | Epoch 858 Train Time 13.300056219100952s

2025-10-28 21:22:28,194 | INFO | Training epoch 859, Batch 1000/1000: LR=6.14e-05, Loss=1.61e-02 BER=5.86e-03 FER=1.56e-01
2025-10-28 21:22:28,249 | INFO | Epoch 859 Train Time 14.310526609420776s

2025-10-28 21:22:40,789 | INFO | Training epoch 860, Batch 1000/1000: LR=6.14e-05, Loss=1.64e-02 BER=5.96e-03 FER=1.59e-01
2025-10-28 21:22:40,829 | INFO | Epoch 860 Train Time 12.5796537399292s

2025-10-28 21:22:54,405 | INFO | Training epoch 861, Batch 1000/1000: LR=6.13e-05, Loss=1.63e-02 BER=5.90e-03 FER=1.57e-01
2025-10-28 21:22:54,453 | INFO | Epoch 861 Train Time 13.623013973236084s

2025-10-28 21:23:08,411 | INFO | Training epoch 862, Batch 1000/1000: LR=6.12e-05, Loss=1.61e-02 BER=5.85e-03 FER=1.56e-01
2025-10-28 21:23:08,476 | INFO | Epoch 862 Train Time 14.022538661956787s

2025-10-28 21:23:22,334 | INFO | Training epoch 863, Batch 1000/1000: LR=6.11e-05, Loss=1.63e-02 BER=5.93e-03 FER=1.57e-01
2025-10-28 21:23:22,381 | INFO | Epoch 863 Train Time 13.903893947601318s

2025-10-28 21:23:34,956 | INFO | Training epoch 864, Batch 1000/1000: LR=6.11e-05, Loss=1.63e-02 BER=5.93e-03 FER=1.58e-01
2025-10-28 21:23:35,006 | INFO | Epoch 864 Train Time 12.624306201934814s

2025-10-28 21:23:48,443 | INFO | Training epoch 865, Batch 1000/1000: LR=6.10e-05, Loss=1.62e-02 BER=5.88e-03 FER=1.56e-01
2025-10-28 21:23:48,492 | INFO | Epoch 865 Train Time 13.485998392105103s

2025-10-28 21:24:01,109 | INFO | Training epoch 866, Batch 1000/1000: LR=6.09e-05, Loss=1.62e-02 BER=5.89e-03 FER=1.58e-01
2025-10-28 21:24:01,152 | INFO | Epoch 866 Train Time 12.659236192703247s

2025-10-28 21:24:14,406 | INFO | Training epoch 867, Batch 1000/1000: LR=6.08e-05, Loss=1.60e-02 BER=5.81e-03 FER=1.55e-01
2025-10-28 21:24:14,458 | INFO | Epoch 867 Train Time 13.305264234542847s

2025-10-28 21:24:14,458 | INFO | [P1] saving best_model with loss 0.015955 at epoch 867
2025-10-28 21:24:27,797 | INFO | Training epoch 868, Batch 1000/1000: LR=6.08e-05, Loss=1.61e-02 BER=5.85e-03 FER=1.57e-01
2025-10-28 21:24:27,839 | INFO | Epoch 868 Train Time 13.365556955337524s

2025-10-28 21:24:40,599 | INFO | Training epoch 869, Batch 1000/1000: LR=6.07e-05, Loss=1.61e-02 BER=5.84e-03 FER=1.56e-01
2025-10-28 21:24:40,644 | INFO | Epoch 869 Train Time 12.804433345794678s

2025-10-28 21:24:53,582 | INFO | Training epoch 870, Batch 1000/1000: LR=6.06e-05, Loss=1.62e-02 BER=5.86e-03 FER=1.56e-01
2025-10-28 21:24:53,635 | INFO | Epoch 870 Train Time 12.990456342697144s

2025-10-28 21:25:06,746 | INFO | Training epoch 871, Batch 1000/1000: LR=6.05e-05, Loss=1.60e-02 BER=5.79e-03 FER=1.56e-01
2025-10-28 21:25:06,806 | INFO | Epoch 871 Train Time 13.17036771774292s

2025-10-28 21:25:19,531 | INFO | Training epoch 872, Batch 1000/1000: LR=6.05e-05, Loss=1.62e-02 BER=5.91e-03 FER=1.58e-01
2025-10-28 21:25:19,583 | INFO | Epoch 872 Train Time 12.776263236999512s

2025-10-28 21:25:32,859 | INFO | Training epoch 873, Batch 1000/1000: LR=6.04e-05, Loss=1.63e-02 BER=5.93e-03 FER=1.58e-01
2025-10-28 21:25:32,910 | INFO | Epoch 873 Train Time 13.326253414154053s

2025-10-28 21:25:46,020 | INFO | Training epoch 874, Batch 1000/1000: LR=6.03e-05, Loss=1.61e-02 BER=5.88e-03 FER=1.57e-01
2025-10-28 21:25:46,069 | INFO | Epoch 874 Train Time 13.158393859863281s

2025-10-28 21:26:00,132 | INFO | Training epoch 875, Batch 1000/1000: LR=6.02e-05, Loss=1.64e-02 BER=6.00e-03 FER=1.59e-01
2025-10-28 21:26:00,181 | INFO | Epoch 875 Train Time 14.11180329322815s

2025-10-28 21:26:12,856 | INFO | Training epoch 876, Batch 1000/1000: LR=6.02e-05, Loss=1.63e-02 BER=5.90e-03 FER=1.59e-01
2025-10-28 21:26:12,897 | INFO | Epoch 876 Train Time 12.715168476104736s

2025-10-28 21:26:24,852 | INFO | Training epoch 877, Batch 1000/1000: LR=6.01e-05, Loss=1.61e-02 BER=5.86e-03 FER=1.55e-01
2025-10-28 21:26:24,895 | INFO | Epoch 877 Train Time 11.997759103775024s

2025-10-28 21:26:37,002 | INFO | Training epoch 878, Batch 1000/1000: LR=6.00e-05, Loss=1.62e-02 BER=5.88e-03 FER=1.57e-01
2025-10-28 21:26:37,043 | INFO | Epoch 878 Train Time 12.147444248199463s

2025-10-28 21:26:49,180 | INFO | Training epoch 879, Batch 1000/1000: LR=5.99e-05, Loss=1.62e-02 BER=5.91e-03 FER=1.56e-01
2025-10-28 21:26:49,218 | INFO | Epoch 879 Train Time 12.17455267906189s

2025-10-28 21:27:01,982 | INFO | Training epoch 880, Batch 1000/1000: LR=5.99e-05, Loss=1.61e-02 BER=5.86e-03 FER=1.57e-01
2025-10-28 21:27:02,036 | INFO | Epoch 880 Train Time 12.816624402999878s

2025-10-28 21:27:15,257 | INFO | Training epoch 881, Batch 1000/1000: LR=5.98e-05, Loss=1.62e-02 BER=5.91e-03 FER=1.57e-01
2025-10-28 21:27:15,292 | INFO | Epoch 881 Train Time 13.255536556243896s

2025-10-28 21:27:28,725 | INFO | Training epoch 882, Batch 1000/1000: LR=5.97e-05, Loss=1.62e-02 BER=5.92e-03 FER=1.57e-01
2025-10-28 21:27:28,782 | INFO | Epoch 882 Train Time 13.488630056381226s

2025-10-28 21:27:41,059 | INFO | Training epoch 883, Batch 1000/1000: LR=5.96e-05, Loss=1.62e-02 BER=5.89e-03 FER=1.57e-01
2025-10-28 21:27:41,101 | INFO | Epoch 883 Train Time 12.319042444229126s

2025-10-28 21:27:54,061 | INFO | Training epoch 884, Batch 1000/1000: LR=5.95e-05, Loss=1.62e-02 BER=5.88e-03 FER=1.57e-01
2025-10-28 21:27:54,110 | INFO | Epoch 884 Train Time 13.008487701416016s

2025-10-28 21:28:06,850 | INFO | Training epoch 885, Batch 1000/1000: LR=5.95e-05, Loss=1.63e-02 BER=5.94e-03 FER=1.58e-01
2025-10-28 21:28:06,894 | INFO | Epoch 885 Train Time 12.783815383911133s

2025-10-28 21:28:20,484 | INFO | Training epoch 886, Batch 1000/1000: LR=5.94e-05, Loss=1.64e-02 BER=5.98e-03 FER=1.60e-01
2025-10-28 21:28:20,531 | INFO | Epoch 886 Train Time 13.635782957077026s

2025-10-28 21:28:34,769 | INFO | Training epoch 887, Batch 1000/1000: LR=5.93e-05, Loss=1.63e-02 BER=5.97e-03 FER=1.58e-01
2025-10-28 21:28:34,814 | INFO | Epoch 887 Train Time 14.282437562942505s

2025-10-28 21:28:48,260 | INFO | Training epoch 888, Batch 1000/1000: LR=5.92e-05, Loss=1.62e-02 BER=5.87e-03 FER=1.56e-01
2025-10-28 21:28:48,310 | INFO | Epoch 888 Train Time 13.495863437652588s

2025-10-28 21:29:00,771 | INFO | Training epoch 889, Batch 1000/1000: LR=5.92e-05, Loss=1.62e-02 BER=5.89e-03 FER=1.57e-01
2025-10-28 21:29:00,813 | INFO | Epoch 889 Train Time 12.502380609512329s

2025-10-28 21:29:12,706 | INFO | Training epoch 890, Batch 1000/1000: LR=5.91e-05, Loss=1.62e-02 BER=5.87e-03 FER=1.57e-01
2025-10-28 21:29:12,758 | INFO | Epoch 890 Train Time 11.943713665008545s

2025-10-28 21:29:25,637 | INFO | Training epoch 891, Batch 1000/1000: LR=5.90e-05, Loss=1.62e-02 BER=5.89e-03 FER=1.56e-01
2025-10-28 21:29:25,686 | INFO | Epoch 891 Train Time 12.928046703338623s

2025-10-28 21:29:39,224 | INFO | Training epoch 892, Batch 1000/1000: LR=5.89e-05, Loss=1.63e-02 BER=5.94e-03 FER=1.57e-01
2025-10-28 21:29:39,275 | INFO | Epoch 892 Train Time 13.588549137115479s

2025-10-28 21:29:53,759 | INFO | Training epoch 893, Batch 1000/1000: LR=5.89e-05, Loss=1.61e-02 BER=5.89e-03 FER=1.57e-01
2025-10-28 21:29:53,807 | INFO | Epoch 893 Train Time 14.530760526657104s

2025-10-28 21:30:07,968 | INFO | Training epoch 894, Batch 1000/1000: LR=5.88e-05, Loss=1.63e-02 BER=5.92e-03 FER=1.58e-01
2025-10-28 21:30:08,014 | INFO | Epoch 894 Train Time 14.206339597702026s

2025-10-28 21:30:22,767 | INFO | Training epoch 895, Batch 1000/1000: LR=5.87e-05, Loss=1.63e-02 BER=5.92e-03 FER=1.58e-01
2025-10-28 21:30:22,817 | INFO | Epoch 895 Train Time 14.802682161331177s

2025-10-28 21:30:35,300 | INFO | Training epoch 896, Batch 1000/1000: LR=5.86e-05, Loss=1.60e-02 BER=5.86e-03 FER=1.57e-01
2025-10-28 21:30:35,339 | INFO | Epoch 896 Train Time 12.521754026412964s

2025-10-28 21:30:49,002 | INFO | Training epoch 897, Batch 1000/1000: LR=5.86e-05, Loss=1.62e-02 BER=5.92e-03 FER=1.56e-01
2025-10-28 21:30:49,043 | INFO | Epoch 897 Train Time 13.703750848770142s

2025-10-28 21:31:03,334 | INFO | Training epoch 898, Batch 1000/1000: LR=5.85e-05, Loss=1.61e-02 BER=5.87e-03 FER=1.57e-01
2025-10-28 21:31:03,388 | INFO | Epoch 898 Train Time 14.343919277191162s

2025-10-28 21:31:17,284 | INFO | Training epoch 899, Batch 1000/1000: LR=5.84e-05, Loss=1.63e-02 BER=5.94e-03 FER=1.57e-01
2025-10-28 21:31:17,333 | INFO | Epoch 899 Train Time 13.944191455841064s

2025-10-28 21:31:31,836 | INFO | Training epoch 900, Batch 1000/1000: LR=5.83e-05, Loss=1.62e-02 BER=5.88e-03 FER=1.57e-01
2025-10-28 21:31:31,892 | INFO | Epoch 900 Train Time 14.558376550674438s

2025-10-28 21:31:46,064 | INFO | Training epoch 901, Batch 1000/1000: LR=5.82e-05, Loss=1.63e-02 BER=5.92e-03 FER=1.57e-01
2025-10-28 21:31:46,109 | INFO | Epoch 901 Train Time 14.216162204742432s

2025-10-28 21:31:58,678 | INFO | Training epoch 902, Batch 1000/1000: LR=5.82e-05, Loss=1.62e-02 BER=5.88e-03 FER=1.56e-01
2025-10-28 21:31:58,731 | INFO | Epoch 902 Train Time 12.621617794036865s

2025-10-28 21:32:11,832 | INFO | Training epoch 903, Batch 1000/1000: LR=5.81e-05, Loss=1.61e-02 BER=5.83e-03 FER=1.56e-01
2025-10-28 21:32:11,887 | INFO | Epoch 903 Train Time 13.154480934143066s

2025-10-28 21:32:25,743 | INFO | Training epoch 904, Batch 1000/1000: LR=5.80e-05, Loss=1.61e-02 BER=5.84e-03 FER=1.56e-01
2025-10-28 21:32:25,789 | INFO | Epoch 904 Train Time 13.901498079299927s

2025-10-28 21:32:40,335 | INFO | Training epoch 905, Batch 1000/1000: LR=5.79e-05, Loss=1.62e-02 BER=5.89e-03 FER=1.56e-01
2025-10-28 21:32:40,416 | INFO | Epoch 905 Train Time 14.625613689422607s

2025-10-28 21:32:54,741 | INFO | Training epoch 906, Batch 1000/1000: LR=5.79e-05, Loss=1.62e-02 BER=5.92e-03 FER=1.57e-01
2025-10-28 21:32:54,789 | INFO | Epoch 906 Train Time 14.372987508773804s

2025-10-28 21:33:09,585 | INFO | Training epoch 907, Batch 1000/1000: LR=5.78e-05, Loss=1.63e-02 BER=5.97e-03 FER=1.58e-01
2025-10-28 21:33:09,623 | INFO | Epoch 907 Train Time 14.832727670669556s

2025-10-28 21:33:22,942 | INFO | Training epoch 908, Batch 1000/1000: LR=5.77e-05, Loss=1.61e-02 BER=5.89e-03 FER=1.56e-01
2025-10-28 21:33:22,993 | INFO | Epoch 908 Train Time 13.370115756988525s

2025-10-28 21:33:37,132 | INFO | Training epoch 909, Batch 1000/1000: LR=5.76e-05, Loss=1.62e-02 BER=5.89e-03 FER=1.57e-01
2025-10-28 21:33:37,177 | INFO | Epoch 909 Train Time 14.182764530181885s

2025-10-28 21:33:50,708 | INFO | Training epoch 910, Batch 1000/1000: LR=5.76e-05, Loss=1.61e-02 BER=5.84e-03 FER=1.55e-01
2025-10-28 21:33:50,761 | INFO | Epoch 910 Train Time 13.58331561088562s

2025-10-28 21:34:04,549 | INFO | Training epoch 911, Batch 1000/1000: LR=5.75e-05, Loss=1.60e-02 BER=5.82e-03 FER=1.55e-01
2025-10-28 21:34:04,605 | INFO | Epoch 911 Train Time 13.843873262405396s

2025-10-28 21:34:17,566 | INFO | Training epoch 912, Batch 1000/1000: LR=5.74e-05, Loss=1.61e-02 BER=5.86e-03 FER=1.56e-01
2025-10-28 21:34:17,621 | INFO | Epoch 912 Train Time 13.01539659500122s

2025-10-28 21:34:31,691 | INFO | Training epoch 913, Batch 1000/1000: LR=5.73e-05, Loss=1.62e-02 BER=5.93e-03 FER=1.58e-01
2025-10-28 21:34:31,734 | INFO | Epoch 913 Train Time 14.112742185592651s

2025-10-28 21:34:43,518 | INFO | Training epoch 914, Batch 1000/1000: LR=5.72e-05, Loss=1.63e-02 BER=5.91e-03 FER=1.57e-01
2025-10-28 21:34:43,554 | INFO | Epoch 914 Train Time 11.819368362426758s

2025-10-28 21:34:57,937 | INFO | Training epoch 915, Batch 1000/1000: LR=5.72e-05, Loss=1.61e-02 BER=5.86e-03 FER=1.56e-01
2025-10-28 21:34:57,973 | INFO | Epoch 915 Train Time 14.418464422225952s

2025-10-28 21:35:11,254 | INFO | Training epoch 916, Batch 1000/1000: LR=5.71e-05, Loss=1.62e-02 BER=5.91e-03 FER=1.56e-01
2025-10-28 21:35:11,298 | INFO | Epoch 916 Train Time 13.325234413146973s

2025-10-28 21:35:23,935 | INFO | Training epoch 917, Batch 1000/1000: LR=5.70e-05, Loss=1.61e-02 BER=5.86e-03 FER=1.55e-01
2025-10-28 21:35:23,985 | INFO | Epoch 917 Train Time 12.685542583465576s

2025-10-28 21:35:37,639 | INFO | Training epoch 918, Batch 1000/1000: LR=5.69e-05, Loss=1.63e-02 BER=5.95e-03 FER=1.58e-01
2025-10-28 21:35:37,688 | INFO | Epoch 918 Train Time 13.702562093734741s

2025-10-28 21:35:51,319 | INFO | Training epoch 919, Batch 1000/1000: LR=5.69e-05, Loss=1.62e-02 BER=5.85e-03 FER=1.56e-01
2025-10-28 21:35:51,369 | INFO | Epoch 919 Train Time 13.680479764938354s

2025-10-28 21:36:04,955 | INFO | Training epoch 920, Batch 1000/1000: LR=5.68e-05, Loss=1.61e-02 BER=5.82e-03 FER=1.55e-01
2025-10-28 21:36:04,995 | INFO | Epoch 920 Train Time 13.625356912612915s

2025-10-28 21:36:18,575 | INFO | Training epoch 921, Batch 1000/1000: LR=5.67e-05, Loss=1.63e-02 BER=5.93e-03 FER=1.58e-01
2025-10-28 21:36:18,633 | INFO | Epoch 921 Train Time 13.637458562850952s

2025-10-28 21:36:32,722 | INFO | Training epoch 922, Batch 1000/1000: LR=5.66e-05, Loss=1.63e-02 BER=5.91e-03 FER=1.56e-01
2025-10-28 21:36:32,768 | INFO | Epoch 922 Train Time 14.134415626525879s

2025-10-28 21:36:46,249 | INFO | Training epoch 923, Batch 1000/1000: LR=5.65e-05, Loss=1.63e-02 BER=5.95e-03 FER=1.57e-01
2025-10-28 21:36:46,296 | INFO | Epoch 923 Train Time 13.527602195739746s

2025-10-28 21:37:00,163 | INFO | Training epoch 924, Batch 1000/1000: LR=5.65e-05, Loss=1.62e-02 BER=5.85e-03 FER=1.57e-01
2025-10-28 21:37:00,213 | INFO | Epoch 924 Train Time 13.916460752487183s

2025-10-28 21:37:13,927 | INFO | Training epoch 925, Batch 1000/1000: LR=5.64e-05, Loss=1.59e-02 BER=5.79e-03 FER=1.55e-01
2025-10-28 21:37:13,976 | INFO | Epoch 925 Train Time 13.761373519897461s

2025-10-28 21:37:13,976 | INFO | [P1] saving best_model with loss 0.015898 at epoch 925
2025-10-28 21:37:25,960 | INFO | Training epoch 926, Batch 1000/1000: LR=5.63e-05, Loss=1.61e-02 BER=5.85e-03 FER=1.56e-01
2025-10-28 21:37:26,008 | INFO | Epoch 926 Train Time 12.018499851226807s

2025-10-28 21:37:38,552 | INFO | Training epoch 927, Batch 1000/1000: LR=5.62e-05, Loss=1.63e-02 BER=5.94e-03 FER=1.56e-01
2025-10-28 21:37:38,599 | INFO | Epoch 927 Train Time 12.59101414680481s

2025-10-28 21:37:51,671 | INFO | Training epoch 928, Batch 1000/1000: LR=5.62e-05, Loss=1.64e-02 BER=5.97e-03 FER=1.57e-01
2025-10-28 21:37:51,718 | INFO | Epoch 928 Train Time 13.118053913116455s

2025-10-28 21:38:04,320 | INFO | Training epoch 929, Batch 1000/1000: LR=5.61e-05, Loss=1.63e-02 BER=5.93e-03 FER=1.58e-01
2025-10-28 21:38:04,362 | INFO | Epoch 929 Train Time 12.642903804779053s

2025-10-28 21:38:18,344 | INFO | Training epoch 930, Batch 1000/1000: LR=5.60e-05, Loss=1.61e-02 BER=5.84e-03 FER=1.56e-01
2025-10-28 21:38:18,400 | INFO | Epoch 930 Train Time 14.038321018218994s

2025-10-28 21:38:31,140 | INFO | Training epoch 931, Batch 1000/1000: LR=5.59e-05, Loss=1.62e-02 BER=5.89e-03 FER=1.58e-01
2025-10-28 21:38:31,189 | INFO | Epoch 931 Train Time 12.788013458251953s

2025-10-28 21:38:44,000 | INFO | Training epoch 932, Batch 1000/1000: LR=5.59e-05, Loss=1.63e-02 BER=5.94e-03 FER=1.57e-01
2025-10-28 21:38:44,047 | INFO | Epoch 932 Train Time 12.856906175613403s

2025-10-28 21:38:55,944 | INFO | Training epoch 933, Batch 1000/1000: LR=5.58e-05, Loss=1.61e-02 BER=5.85e-03 FER=1.56e-01
2025-10-28 21:38:55,991 | INFO | Epoch 933 Train Time 11.944077491760254s

2025-10-28 21:39:09,782 | INFO | Training epoch 934, Batch 1000/1000: LR=5.57e-05, Loss=1.62e-02 BER=5.93e-03 FER=1.59e-01
2025-10-28 21:39:09,839 | INFO | Epoch 934 Train Time 13.84753680229187s

2025-10-28 21:39:23,849 | INFO | Training epoch 935, Batch 1000/1000: LR=5.56e-05, Loss=1.63e-02 BER=5.93e-03 FER=1.57e-01
2025-10-28 21:39:23,907 | INFO | Epoch 935 Train Time 14.066796779632568s

2025-10-28 21:39:38,010 | INFO | Training epoch 936, Batch 1000/1000: LR=5.55e-05, Loss=1.60e-02 BER=5.83e-03 FER=1.55e-01
2025-10-28 21:39:38,059 | INFO | Epoch 936 Train Time 14.152307748794556s

2025-10-28 21:39:51,444 | INFO | Training epoch 937, Batch 1000/1000: LR=5.55e-05, Loss=1.59e-02 BER=5.81e-03 FER=1.55e-01
2025-10-28 21:39:51,492 | INFO | Epoch 937 Train Time 13.432525873184204s

2025-10-28 21:40:04,582 | INFO | Training epoch 938, Batch 1000/1000: LR=5.54e-05, Loss=1.61e-02 BER=5.84e-03 FER=1.57e-01
2025-10-28 21:40:04,626 | INFO | Epoch 938 Train Time 13.133461713790894s

2025-10-28 21:40:17,575 | INFO | Training epoch 939, Batch 1000/1000: LR=5.53e-05, Loss=1.62e-02 BER=5.90e-03 FER=1.56e-01
2025-10-28 21:40:17,622 | INFO | Epoch 939 Train Time 12.994455814361572s

2025-10-28 21:40:30,950 | INFO | Training epoch 940, Batch 1000/1000: LR=5.52e-05, Loss=1.61e-02 BER=5.86e-03 FER=1.54e-01
2025-10-28 21:40:30,995 | INFO | Epoch 940 Train Time 13.372411012649536s

2025-10-28 21:40:43,157 | INFO | Training epoch 941, Batch 1000/1000: LR=5.52e-05, Loss=1.62e-02 BER=5.90e-03 FER=1.58e-01
2025-10-28 21:40:43,218 | INFO | Epoch 941 Train Time 12.222111225128174s

2025-10-28 21:40:56,137 | INFO | Training epoch 942, Batch 1000/1000: LR=5.51e-05, Loss=1.62e-02 BER=5.94e-03 FER=1.57e-01
2025-10-28 21:40:56,176 | INFO | Epoch 942 Train Time 12.957821607589722s

2025-10-28 21:41:10,026 | INFO | Training epoch 943, Batch 1000/1000: LR=5.50e-05, Loss=1.61e-02 BER=5.85e-03 FER=1.55e-01
2025-10-28 21:41:10,071 | INFO | Epoch 943 Train Time 13.894785404205322s

2025-10-28 21:41:23,963 | INFO | Training epoch 944, Batch 1000/1000: LR=5.49e-05, Loss=1.60e-02 BER=5.85e-03 FER=1.56e-01
2025-10-28 21:41:24,017 | INFO | Epoch 944 Train Time 13.945147275924683s

2025-10-28 21:41:36,773 | INFO | Training epoch 945, Batch 1000/1000: LR=5.48e-05, Loss=1.60e-02 BER=5.82e-03 FER=1.55e-01
2025-10-28 21:41:36,826 | INFO | Epoch 945 Train Time 12.808863878250122s

2025-10-28 21:41:49,949 | INFO | Training epoch 946, Batch 1000/1000: LR=5.48e-05, Loss=1.61e-02 BER=5.84e-03 FER=1.56e-01
2025-10-28 21:41:49,997 | INFO | Epoch 946 Train Time 13.170125246047974s

2025-10-28 21:42:02,642 | INFO | Training epoch 947, Batch 1000/1000: LR=5.47e-05, Loss=1.63e-02 BER=5.95e-03 FER=1.58e-01
2025-10-28 21:42:02,680 | INFO | Epoch 947 Train Time 12.681987762451172s

2025-10-28 21:42:15,825 | INFO | Training epoch 948, Batch 1000/1000: LR=5.46e-05, Loss=1.62e-02 BER=5.89e-03 FER=1.56e-01
2025-10-28 21:42:15,892 | INFO | Epoch 948 Train Time 13.21189022064209s

2025-10-28 21:42:29,789 | INFO | Training epoch 949, Batch 1000/1000: LR=5.45e-05, Loss=1.61e-02 BER=5.87e-03 FER=1.56e-01
2025-10-28 21:42:29,835 | INFO | Epoch 949 Train Time 13.942461490631104s

2025-10-28 21:42:42,635 | INFO | Training epoch 950, Batch 1000/1000: LR=5.45e-05, Loss=1.60e-02 BER=5.80e-03 FER=1.55e-01
2025-10-28 21:42:42,689 | INFO | Epoch 950 Train Time 12.853221654891968s

2025-10-28 21:42:56,618 | INFO | Training epoch 951, Batch 1000/1000: LR=5.44e-05, Loss=1.62e-02 BER=5.90e-03 FER=1.57e-01
2025-10-28 21:42:56,667 | INFO | Epoch 951 Train Time 13.977338552474976s

2025-10-28 21:43:10,127 | INFO | Training epoch 952, Batch 1000/1000: LR=5.43e-05, Loss=1.61e-02 BER=5.89e-03 FER=1.55e-01
2025-10-28 21:43:10,173 | INFO | Epoch 952 Train Time 13.505397319793701s

2025-10-28 21:43:22,688 | INFO | Training epoch 953, Batch 1000/1000: LR=5.42e-05, Loss=1.61e-02 BER=5.86e-03 FER=1.56e-01
2025-10-28 21:43:22,733 | INFO | Epoch 953 Train Time 12.559571504592896s

2025-10-28 21:43:35,581 | INFO | Training epoch 954, Batch 1000/1000: LR=5.42e-05, Loss=1.59e-02 BER=5.83e-03 FER=1.55e-01
2025-10-28 21:43:35,630 | INFO | Epoch 954 Train Time 12.896037817001343s

2025-10-28 21:43:48,973 | INFO | Training epoch 955, Batch 1000/1000: LR=5.41e-05, Loss=1.61e-02 BER=5.87e-03 FER=1.55e-01
2025-10-28 21:43:49,022 | INFO | Epoch 955 Train Time 13.391711473464966s

2025-10-28 21:44:02,133 | INFO | Training epoch 956, Batch 1000/1000: LR=5.40e-05, Loss=1.60e-02 BER=5.81e-03 FER=1.56e-01
2025-10-28 21:44:02,182 | INFO | Epoch 956 Train Time 13.158995389938354s

2025-10-28 21:44:15,224 | INFO | Training epoch 957, Batch 1000/1000: LR=5.39e-05, Loss=1.60e-02 BER=5.85e-03 FER=1.57e-01
2025-10-28 21:44:15,278 | INFO | Epoch 957 Train Time 13.09580135345459s

2025-10-28 21:44:29,589 | INFO | Training epoch 958, Batch 1000/1000: LR=5.38e-05, Loss=1.61e-02 BER=5.87e-03 FER=1.56e-01
2025-10-28 21:44:29,637 | INFO | Epoch 958 Train Time 14.358071565628052s

2025-10-28 21:44:44,101 | INFO | Training epoch 959, Batch 1000/1000: LR=5.38e-05, Loss=1.62e-02 BER=5.90e-03 FER=1.56e-01
2025-10-28 21:44:44,149 | INFO | Epoch 959 Train Time 14.510929822921753s

2025-10-28 21:44:58,219 | INFO | Training epoch 960, Batch 1000/1000: LR=5.37e-05, Loss=1.60e-02 BER=5.82e-03 FER=1.55e-01
2025-10-28 21:44:58,258 | INFO | Epoch 960 Train Time 14.108668088912964s

2025-10-28 21:45:12,422 | INFO | Training epoch 961, Batch 1000/1000: LR=5.36e-05, Loss=1.61e-02 BER=5.86e-03 FER=1.56e-01
2025-10-28 21:45:12,487 | INFO | Epoch 961 Train Time 14.228042602539062s

2025-10-28 21:45:26,789 | INFO | Training epoch 962, Batch 1000/1000: LR=5.35e-05, Loss=1.62e-02 BER=5.92e-03 FER=1.57e-01
2025-10-28 21:45:26,835 | INFO | Epoch 962 Train Time 14.348033428192139s

2025-10-28 21:45:41,070 | INFO | Training epoch 963, Batch 1000/1000: LR=5.35e-05, Loss=1.60e-02 BER=5.79e-03 FER=1.56e-01
2025-10-28 21:45:41,121 | INFO | Epoch 963 Train Time 14.284573078155518s

2025-10-28 21:45:55,271 | INFO | Training epoch 964, Batch 1000/1000: LR=5.34e-05, Loss=1.62e-02 BER=5.89e-03 FER=1.56e-01
2025-10-28 21:45:55,315 | INFO | Epoch 964 Train Time 14.19390606880188s

2025-10-28 21:46:10,880 | INFO | Training epoch 965, Batch 1000/1000: LR=5.33e-05, Loss=1.58e-02 BER=5.75e-03 FER=1.54e-01
2025-10-28 21:46:10,929 | INFO | Epoch 965 Train Time 15.61374044418335s

2025-10-28 21:46:10,930 | INFO | [P1] saving best_model with loss 0.015841 at epoch 965
2025-10-28 21:46:25,085 | INFO | Training epoch 966, Batch 1000/1000: LR=5.32e-05, Loss=1.60e-02 BER=5.80e-03 FER=1.55e-01
2025-10-28 21:46:25,126 | INFO | Epoch 966 Train Time 14.184210538864136s

2025-10-28 21:46:39,476 | INFO | Training epoch 967, Batch 1000/1000: LR=5.31e-05, Loss=1.61e-02 BER=5.90e-03 FER=1.56e-01
2025-10-28 21:46:39,520 | INFO | Epoch 967 Train Time 14.393742084503174s

2025-10-28 21:46:52,880 | INFO | Training epoch 968, Batch 1000/1000: LR=5.31e-05, Loss=1.58e-02 BER=5.73e-03 FER=1.53e-01
2025-10-28 21:46:52,928 | INFO | Epoch 968 Train Time 13.406949520111084s

2025-10-28 21:46:52,928 | INFO | [P1] saving best_model with loss 0.015832 at epoch 968
2025-10-28 21:47:06,255 | INFO | Training epoch 969, Batch 1000/1000: LR=5.30e-05, Loss=1.61e-02 BER=5.90e-03 FER=1.56e-01
2025-10-28 21:47:06,310 | INFO | Epoch 969 Train Time 13.374534845352173s

2025-10-28 21:47:21,500 | INFO | Training epoch 970, Batch 1000/1000: LR=5.29e-05, Loss=1.61e-02 BER=5.87e-03 FER=1.57e-01
2025-10-28 21:47:21,546 | INFO | Epoch 970 Train Time 15.235316753387451s

2025-10-28 21:47:35,723 | INFO | Training epoch 971, Batch 1000/1000: LR=5.28e-05, Loss=1.62e-02 BER=5.89e-03 FER=1.56e-01
2025-10-28 21:47:35,769 | INFO | Epoch 971 Train Time 14.222525119781494s

2025-10-28 21:47:48,717 | INFO | Training epoch 972, Batch 1000/1000: LR=5.28e-05, Loss=1.61e-02 BER=5.82e-03 FER=1.56e-01
2025-10-28 21:47:48,763 | INFO | Epoch 972 Train Time 12.993692874908447s

2025-10-28 21:48:02,553 | INFO | Training epoch 973, Batch 1000/1000: LR=5.27e-05, Loss=1.61e-02 BER=5.85e-03 FER=1.56e-01
2025-10-28 21:48:02,605 | INFO | Epoch 973 Train Time 13.841320991516113s

2025-10-28 21:48:16,879 | INFO | Training epoch 974, Batch 1000/1000: LR=5.26e-05, Loss=1.60e-02 BER=5.80e-03 FER=1.56e-01
2025-10-28 21:48:16,928 | INFO | Epoch 974 Train Time 14.322263956069946s

2025-10-28 21:48:30,538 | INFO | Training epoch 975, Batch 1000/1000: LR=5.25e-05, Loss=1.59e-02 BER=5.79e-03 FER=1.53e-01
2025-10-28 21:48:30,586 | INFO | Epoch 975 Train Time 13.657063961029053s

2025-10-28 21:48:45,792 | INFO | Training epoch 976, Batch 1000/1000: LR=5.24e-05, Loss=1.63e-02 BER=5.93e-03 FER=1.58e-01
2025-10-28 21:48:45,831 | INFO | Epoch 976 Train Time 15.244763851165771s

2025-10-28 21:48:59,019 | INFO | Training epoch 977, Batch 1000/1000: LR=5.24e-05, Loss=1.62e-02 BER=5.88e-03 FER=1.56e-01
2025-10-28 21:48:59,072 | INFO | Epoch 977 Train Time 13.240001916885376s

2025-10-28 21:49:13,028 | INFO | Training epoch 978, Batch 1000/1000: LR=5.23e-05, Loss=1.59e-02 BER=5.81e-03 FER=1.54e-01
2025-10-28 21:49:13,081 | INFO | Epoch 978 Train Time 14.0087411403656s

2025-10-28 21:49:27,379 | INFO | Training epoch 979, Batch 1000/1000: LR=5.22e-05, Loss=1.60e-02 BER=5.81e-03 FER=1.55e-01
2025-10-28 21:49:27,427 | INFO | Epoch 979 Train Time 14.345666885375977s

2025-10-28 21:49:42,913 | INFO | Training epoch 980, Batch 1000/1000: LR=5.21e-05, Loss=1.62e-02 BER=5.88e-03 FER=1.55e-01
2025-10-28 21:49:42,958 | INFO | Epoch 980 Train Time 15.52998399734497s

2025-10-28 21:49:56,015 | INFO | Training epoch 981, Batch 1000/1000: LR=5.21e-05, Loss=1.60e-02 BER=5.79e-03 FER=1.54e-01
2025-10-28 21:49:56,062 | INFO | Epoch 981 Train Time 13.103397846221924s

2025-10-28 21:50:08,782 | INFO | Training epoch 982, Batch 1000/1000: LR=5.20e-05, Loss=1.64e-02 BER=5.99e-03 FER=1.58e-01
2025-10-28 21:50:08,830 | INFO | Epoch 982 Train Time 12.767762899398804s

2025-10-28 21:50:22,261 | INFO | Training epoch 983, Batch 1000/1000: LR=5.19e-05, Loss=1.61e-02 BER=5.89e-03 FER=1.57e-01
2025-10-28 21:50:22,304 | INFO | Epoch 983 Train Time 13.47317361831665s

2025-10-28 21:50:35,642 | INFO | Training epoch 984, Batch 1000/1000: LR=5.18e-05, Loss=1.62e-02 BER=5.88e-03 FER=1.56e-01
2025-10-28 21:50:35,691 | INFO | Epoch 984 Train Time 13.385960102081299s

2025-10-28 21:50:49,096 | INFO | Training epoch 985, Batch 1000/1000: LR=5.17e-05, Loss=1.61e-02 BER=5.84e-03 FER=1.56e-01
2025-10-28 21:50:49,142 | INFO | Epoch 985 Train Time 13.451127052307129s

2025-10-28 21:51:03,367 | INFO | Training epoch 986, Batch 1000/1000: LR=5.17e-05, Loss=1.60e-02 BER=5.81e-03 FER=1.55e-01
2025-10-28 21:51:03,421 | INFO | Epoch 986 Train Time 14.27797269821167s

2025-10-28 21:51:18,156 | INFO | Training epoch 987, Batch 1000/1000: LR=5.16e-05, Loss=1.60e-02 BER=5.84e-03 FER=1.54e-01
2025-10-28 21:51:18,193 | INFO | Epoch 987 Train Time 14.771677732467651s

2025-10-28 21:51:31,514 | INFO | Training epoch 988, Batch 1000/1000: LR=5.15e-05, Loss=1.58e-02 BER=5.75e-03 FER=1.53e-01
2025-10-28 21:51:31,559 | INFO | Epoch 988 Train Time 13.365456581115723s

2025-10-28 21:51:45,433 | INFO | Training epoch 989, Batch 1000/1000: LR=5.14e-05, Loss=1.62e-02 BER=5.92e-03 FER=1.58e-01
2025-10-28 21:51:45,491 | INFO | Epoch 989 Train Time 13.93060302734375s

2025-10-28 21:51:59,440 | INFO | Training epoch 990, Batch 1000/1000: LR=5.14e-05, Loss=1.60e-02 BER=5.86e-03 FER=1.56e-01
2025-10-28 21:51:59,500 | INFO | Epoch 990 Train Time 14.008394479751587s

2025-10-28 21:52:12,172 | INFO | Training epoch 991, Batch 1000/1000: LR=5.13e-05, Loss=1.61e-02 BER=5.86e-03 FER=1.55e-01
2025-10-28 21:52:12,228 | INFO | Epoch 991 Train Time 12.727789402008057s

2025-10-28 21:52:26,140 | INFO | Training epoch 992, Batch 1000/1000: LR=5.12e-05, Loss=1.60e-02 BER=5.82e-03 FER=1.55e-01
2025-10-28 21:52:26,199 | INFO | Epoch 992 Train Time 13.970691680908203s

2025-10-28 21:52:39,876 | INFO | Training epoch 993, Batch 1000/1000: LR=5.11e-05, Loss=1.59e-02 BER=5.79e-03 FER=1.55e-01
2025-10-28 21:52:39,929 | INFO | Epoch 993 Train Time 13.728999614715576s

2025-10-28 21:52:54,606 | INFO | Training epoch 994, Batch 1000/1000: LR=5.10e-05, Loss=1.63e-02 BER=5.91e-03 FER=1.57e-01
2025-10-28 21:52:54,651 | INFO | Epoch 994 Train Time 14.7215735912323s

2025-10-28 21:53:08,349 | INFO | Training epoch 995, Batch 1000/1000: LR=5.10e-05, Loss=1.61e-02 BER=5.83e-03 FER=1.55e-01
2025-10-28 21:53:08,400 | INFO | Epoch 995 Train Time 13.74833607673645s

2025-10-28 21:53:22,735 | INFO | Training epoch 996, Batch 1000/1000: LR=5.09e-05, Loss=1.61e-02 BER=5.87e-03 FER=1.56e-01
2025-10-28 21:53:22,788 | INFO | Epoch 996 Train Time 14.386808633804321s

2025-10-28 21:53:37,152 | INFO | Training epoch 997, Batch 1000/1000: LR=5.08e-05, Loss=1.59e-02 BER=5.76e-03 FER=1.53e-01
2025-10-28 21:53:37,197 | INFO | Epoch 997 Train Time 14.409013748168945s

2025-10-28 21:53:50,448 | INFO | Training epoch 998, Batch 1000/1000: LR=5.07e-05, Loss=1.60e-02 BER=5.84e-03 FER=1.55e-01
2025-10-28 21:53:50,505 | INFO | Epoch 998 Train Time 13.30756664276123s

2025-10-28 21:54:05,523 | INFO | Training epoch 999, Batch 1000/1000: LR=5.07e-05, Loss=1.60e-02 BER=5.81e-03 FER=1.55e-01
2025-10-28 21:54:05,593 | INFO | Epoch 999 Train Time 15.086942672729492s

2025-10-28 21:54:20,189 | INFO | Training epoch 1000, Batch 1000/1000: LR=5.06e-05, Loss=1.60e-02 BER=5.79e-03 FER=1.55e-01
2025-10-28 21:54:20,246 | INFO | Epoch 1000 Train Time 14.652697563171387s

2025-10-28 21:54:34,551 | INFO | Training epoch 1001, Batch 1000/1000: LR=5.05e-05, Loss=1.61e-02 BER=5.88e-03 FER=1.56e-01
2025-10-28 21:54:34,605 | INFO | Epoch 1001 Train Time 14.357873439788818s

2025-10-28 21:54:48,776 | INFO | Training epoch 1002, Batch 1000/1000: LR=5.04e-05, Loss=1.63e-02 BER=5.92e-03 FER=1.58e-01
2025-10-28 21:54:48,824 | INFO | Epoch 1002 Train Time 14.21891188621521s

2025-10-28 21:55:02,548 | INFO | Training epoch 1003, Batch 1000/1000: LR=5.03e-05, Loss=1.61e-02 BER=5.87e-03 FER=1.55e-01
2025-10-28 21:55:02,610 | INFO | Epoch 1003 Train Time 13.785688161849976s

2025-10-28 21:55:16,203 | INFO | Training epoch 1004, Batch 1000/1000: LR=5.03e-05, Loss=1.61e-02 BER=5.82e-03 FER=1.56e-01
2025-10-28 21:55:16,261 | INFO | Epoch 1004 Train Time 13.650176286697388s

2025-10-28 21:55:30,582 | INFO | Training epoch 1005, Batch 1000/1000: LR=5.02e-05, Loss=1.61e-02 BER=5.86e-03 FER=1.57e-01
2025-10-28 21:55:30,627 | INFO | Epoch 1005 Train Time 14.364405393600464s

2025-10-28 21:55:43,795 | INFO | Training epoch 1006, Batch 1000/1000: LR=5.01e-05, Loss=1.60e-02 BER=5.81e-03 FER=1.55e-01
2025-10-28 21:55:43,837 | INFO | Epoch 1006 Train Time 13.209507942199707s

2025-10-28 21:55:58,752 | INFO | Training epoch 1007, Batch 1000/1000: LR=5.00e-05, Loss=1.58e-02 BER=5.77e-03 FER=1.54e-01
2025-10-28 21:55:58,801 | INFO | Epoch 1007 Train Time 14.963123559951782s

2025-10-28 21:56:12,657 | INFO | Training epoch 1008, Batch 1000/1000: LR=5.00e-05, Loss=1.62e-02 BER=5.89e-03 FER=1.55e-01
2025-10-28 21:56:12,719 | INFO | Epoch 1008 Train Time 13.917236566543579s

2025-10-28 21:56:26,317 | INFO | Training epoch 1009, Batch 1000/1000: LR=4.99e-05, Loss=1.60e-02 BER=5.87e-03 FER=1.56e-01
2025-10-28 21:56:26,371 | INFO | Epoch 1009 Train Time 13.651924848556519s

2025-10-28 21:56:39,988 | INFO | Training epoch 1010, Batch 1000/1000: LR=4.98e-05, Loss=1.58e-02 BER=5.77e-03 FER=1.54e-01
2025-10-28 21:56:40,037 | INFO | Epoch 1010 Train Time 13.664593935012817s

2025-10-28 21:56:53,216 | INFO | Training epoch 1011, Batch 1000/1000: LR=4.97e-05, Loss=1.58e-02 BER=5.75e-03 FER=1.55e-01
2025-10-28 21:56:53,261 | INFO | Epoch 1011 Train Time 13.223634481430054s

2025-10-28 21:56:53,261 | INFO | [P1] saving best_model with loss 0.015792 at epoch 1011
2025-10-28 21:57:06,102 | INFO | Training epoch 1012, Batch 1000/1000: LR=4.96e-05, Loss=1.59e-02 BER=5.77e-03 FER=1.54e-01
2025-10-28 21:57:06,146 | INFO | Epoch 1012 Train Time 12.875406503677368s

2025-10-28 21:57:19,414 | INFO | Training epoch 1013, Batch 1000/1000: LR=4.96e-05, Loss=1.60e-02 BER=5.84e-03 FER=1.56e-01
2025-10-28 21:57:19,471 | INFO | Epoch 1013 Train Time 13.324663162231445s

2025-10-28 21:57:32,753 | INFO | Training epoch 1014, Batch 1000/1000: LR=4.95e-05, Loss=1.62e-02 BER=5.91e-03 FER=1.57e-01
2025-10-28 21:57:32,799 | INFO | Epoch 1014 Train Time 13.327252626419067s

2025-10-28 21:57:45,852 | INFO | Training epoch 1015, Batch 1000/1000: LR=4.94e-05, Loss=1.59e-02 BER=5.82e-03 FER=1.54e-01
2025-10-28 21:57:45,901 | INFO | Epoch 1015 Train Time 13.101470470428467s

2025-10-28 21:57:58,386 | INFO | Training epoch 1016, Batch 1000/1000: LR=4.93e-05, Loss=1.60e-02 BER=5.83e-03 FER=1.56e-01
2025-10-28 21:57:58,433 | INFO | Epoch 1016 Train Time 12.531078100204468s

2025-10-28 21:58:11,584 | INFO | Training epoch 1017, Batch 1000/1000: LR=4.93e-05, Loss=1.63e-02 BER=5.93e-03 FER=1.57e-01
2025-10-28 21:58:11,632 | INFO | Epoch 1017 Train Time 13.198338270187378s

2025-10-28 21:58:25,772 | INFO | Training epoch 1018, Batch 1000/1000: LR=4.92e-05, Loss=1.60e-02 BER=5.81e-03 FER=1.55e-01
2025-10-28 21:58:25,821 | INFO | Epoch 1018 Train Time 14.188209533691406s

2025-10-28 21:58:39,417 | INFO | Training epoch 1019, Batch 1000/1000: LR=4.91e-05, Loss=1.60e-02 BER=5.84e-03 FER=1.55e-01
2025-10-28 21:58:39,471 | INFO | Epoch 1019 Train Time 13.649372577667236s

2025-10-28 21:58:53,690 | INFO | Training epoch 1020, Batch 1000/1000: LR=4.90e-05, Loss=1.60e-02 BER=5.79e-03 FER=1.54e-01
2025-10-28 21:58:53,732 | INFO | Epoch 1020 Train Time 14.260677814483643s

2025-10-28 21:59:07,314 | INFO | Training epoch 1021, Batch 1000/1000: LR=4.89e-05, Loss=1.61e-02 BER=5.89e-03 FER=1.55e-01
2025-10-28 21:59:07,365 | INFO | Epoch 1021 Train Time 13.632012367248535s

2025-10-28 21:59:22,136 | INFO | Training epoch 1022, Batch 1000/1000: LR=4.89e-05, Loss=1.60e-02 BER=5.82e-03 FER=1.54e-01
2025-10-28 21:59:22,196 | INFO | Epoch 1022 Train Time 14.831159114837646s

2025-10-28 21:59:35,591 | INFO | Training epoch 1023, Batch 1000/1000: LR=4.88e-05, Loss=1.61e-02 BER=5.90e-03 FER=1.57e-01
2025-10-28 21:59:35,635 | INFO | Epoch 1023 Train Time 13.438158750534058s

2025-10-28 21:59:49,157 | INFO | Training epoch 1024, Batch 1000/1000: LR=4.87e-05, Loss=1.60e-02 BER=5.83e-03 FER=1.55e-01
2025-10-28 21:59:49,202 | INFO | Epoch 1024 Train Time 13.566711187362671s

2025-10-28 22:00:02,717 | INFO | Training epoch 1025, Batch 1000/1000: LR=4.86e-05, Loss=1.60e-02 BER=5.83e-03 FER=1.56e-01
2025-10-28 22:00:02,763 | INFO | Epoch 1025 Train Time 13.55952000617981s

2025-10-28 22:00:16,910 | INFO | Training epoch 1026, Batch 1000/1000: LR=4.86e-05, Loss=1.60e-02 BER=5.82e-03 FER=1.55e-01
2025-10-28 22:00:16,955 | INFO | Epoch 1026 Train Time 14.19194221496582s

2025-10-28 22:00:31,841 | INFO | Training epoch 1027, Batch 1000/1000: LR=4.85e-05, Loss=1.61e-02 BER=5.88e-03 FER=1.58e-01
2025-10-28 22:00:31,888 | INFO | Epoch 1027 Train Time 14.932031631469727s

2025-10-28 22:00:45,694 | INFO | Training epoch 1028, Batch 1000/1000: LR=4.84e-05, Loss=1.59e-02 BER=5.81e-03 FER=1.55e-01
2025-10-28 22:00:45,741 | INFO | Epoch 1028 Train Time 13.852626085281372s

2025-10-28 22:00:59,181 | INFO | Training epoch 1029, Batch 1000/1000: LR=4.83e-05, Loss=1.60e-02 BER=5.85e-03 FER=1.55e-01
2025-10-28 22:00:59,232 | INFO | Epoch 1029 Train Time 13.490254402160645s

2025-10-28 22:01:12,350 | INFO | Training epoch 1030, Batch 1000/1000: LR=4.82e-05, Loss=1.60e-02 BER=5.82e-03 FER=1.55e-01
2025-10-28 22:01:12,417 | INFO | Epoch 1030 Train Time 13.184253692626953s

2025-10-28 22:01:26,820 | INFO | Training epoch 1031, Batch 1000/1000: LR=4.82e-05, Loss=1.61e-02 BER=5.84e-03 FER=1.56e-01
2025-10-28 22:01:26,877 | INFO | Epoch 1031 Train Time 14.459641933441162s

2025-10-28 22:01:42,061 | INFO | Training epoch 1032, Batch 1000/1000: LR=4.81e-05, Loss=1.62e-02 BER=5.89e-03 FER=1.57e-01
2025-10-28 22:01:42,107 | INFO | Epoch 1032 Train Time 15.229356288909912s

2025-10-28 22:01:55,196 | INFO | Training epoch 1033, Batch 1000/1000: LR=4.80e-05, Loss=1.60e-02 BER=5.83e-03 FER=1.54e-01
2025-10-28 22:01:55,245 | INFO | Epoch 1033 Train Time 13.13709282875061s

2025-10-28 22:02:08,856 | INFO | Training epoch 1034, Batch 1000/1000: LR=4.79e-05, Loss=1.61e-02 BER=5.81e-03 FER=1.55e-01
2025-10-28 22:02:08,897 | INFO | Epoch 1034 Train Time 13.651346921920776s

2025-10-28 22:02:22,631 | INFO | Training epoch 1035, Batch 1000/1000: LR=4.79e-05, Loss=1.60e-02 BER=5.84e-03 FER=1.55e-01
2025-10-28 22:02:22,669 | INFO | Epoch 1035 Train Time 13.771210670471191s

2025-10-28 22:02:36,633 | INFO | Training epoch 1036, Batch 1000/1000: LR=4.78e-05, Loss=1.62e-02 BER=5.90e-03 FER=1.56e-01
2025-10-28 22:02:36,678 | INFO | Epoch 1036 Train Time 14.008922815322876s

2025-10-28 22:02:49,588 | INFO | Training epoch 1037, Batch 1000/1000: LR=4.77e-05, Loss=1.60e-02 BER=5.82e-03 FER=1.55e-01
2025-10-28 22:02:49,638 | INFO | Epoch 1037 Train Time 12.959993600845337s

2025-10-28 22:03:03,469 | INFO | Training epoch 1038, Batch 1000/1000: LR=4.76e-05, Loss=1.60e-02 BER=5.84e-03 FER=1.55e-01
2025-10-28 22:03:03,517 | INFO | Epoch 1038 Train Time 13.877978086471558s

2025-10-28 22:03:17,280 | INFO | Training epoch 1039, Batch 1000/1000: LR=4.75e-05, Loss=1.62e-02 BER=5.91e-03 FER=1.57e-01
2025-10-28 22:03:17,328 | INFO | Epoch 1039 Train Time 13.810341119766235s

2025-10-28 22:03:31,159 | INFO | Training epoch 1040, Batch 1000/1000: LR=4.75e-05, Loss=1.61e-02 BER=5.84e-03 FER=1.55e-01
2025-10-28 22:03:31,216 | INFO | Epoch 1040 Train Time 13.886861801147461s

2025-10-28 22:03:45,665 | INFO | Training epoch 1041, Batch 1000/1000: LR=4.74e-05, Loss=1.61e-02 BER=5.86e-03 FER=1.56e-01
2025-10-28 22:03:45,699 | INFO | Epoch 1041 Train Time 14.48128366470337s

2025-10-28 22:03:58,815 | INFO | Training epoch 1042, Batch 1000/1000: LR=4.73e-05, Loss=1.61e-02 BER=5.91e-03 FER=1.57e-01
2025-10-28 22:03:58,860 | INFO | Epoch 1042 Train Time 13.160158157348633s

2025-10-28 22:04:13,795 | INFO | Training epoch 1043, Batch 1000/1000: LR=4.72e-05, Loss=1.61e-02 BER=5.83e-03 FER=1.55e-01
2025-10-28 22:04:13,843 | INFO | Epoch 1043 Train Time 14.983182191848755s

2025-10-28 22:04:29,368 | INFO | Training epoch 1044, Batch 1000/1000: LR=4.72e-05, Loss=1.57e-02 BER=5.71e-03 FER=1.52e-01
2025-10-28 22:04:29,428 | INFO | Epoch 1044 Train Time 15.584479808807373s

2025-10-28 22:04:29,429 | INFO | [P1] saving best_model with loss 0.015660 at epoch 1044
2025-10-28 22:04:43,616 | INFO | Training epoch 1045, Batch 1000/1000: LR=4.71e-05, Loss=1.61e-02 BER=5.86e-03 FER=1.55e-01
2025-10-28 22:04:43,660 | INFO | Epoch 1045 Train Time 14.219674587249756s

2025-10-28 22:04:56,934 | INFO | Training epoch 1046, Batch 1000/1000: LR=4.70e-05, Loss=1.60e-02 BER=5.89e-03 FER=1.55e-01
2025-10-28 22:04:56,980 | INFO | Epoch 1046 Train Time 13.319111585617065s

2025-10-28 22:05:10,955 | INFO | Training epoch 1047, Batch 1000/1000: LR=4.69e-05, Loss=1.59e-02 BER=5.78e-03 FER=1.55e-01
2025-10-28 22:05:11,015 | INFO | Epoch 1047 Train Time 14.034821271896362s

2025-10-28 22:05:24,851 | INFO | Training epoch 1048, Batch 1000/1000: LR=4.68e-05, Loss=1.59e-02 BER=5.79e-03 FER=1.55e-01
2025-10-28 22:05:24,916 | INFO | Epoch 1048 Train Time 13.899994134902954s

2025-10-28 22:05:39,181 | INFO | Training epoch 1049, Batch 1000/1000: LR=4.68e-05, Loss=1.58e-02 BER=5.78e-03 FER=1.54e-01
2025-10-28 22:05:39,226 | INFO | Epoch 1049 Train Time 14.309701919555664s

2025-10-28 22:05:52,385 | INFO | Training epoch 1050, Batch 1000/1000: LR=4.67e-05, Loss=1.58e-02 BER=5.71e-03 FER=1.54e-01
2025-10-28 22:05:52,432 | INFO | Epoch 1050 Train Time 13.205116271972656s

2025-10-28 22:06:06,631 | INFO | Training epoch 1051, Batch 1000/1000: LR=4.66e-05, Loss=1.61e-02 BER=5.85e-03 FER=1.55e-01
2025-10-28 22:06:06,678 | INFO | Epoch 1051 Train Time 14.245672941207886s

2025-10-28 22:06:20,680 | INFO | Training epoch 1052, Batch 1000/1000: LR=4.65e-05, Loss=1.60e-02 BER=5.85e-03 FER=1.54e-01
2025-10-28 22:06:20,728 | INFO | Epoch 1052 Train Time 14.049546480178833s

2025-10-28 22:06:35,970 | INFO | Training epoch 1053, Batch 1000/1000: LR=4.65e-05, Loss=1.61e-02 BER=5.85e-03 FER=1.55e-01
2025-10-28 22:06:36,022 | INFO | Epoch 1053 Train Time 15.29264783859253s

2025-10-28 22:06:50,042 | INFO | Training epoch 1054, Batch 1000/1000: LR=4.64e-05, Loss=1.60e-02 BER=5.81e-03 FER=1.54e-01
2025-10-28 22:06:50,096 | INFO | Epoch 1054 Train Time 14.07331109046936s

2025-10-28 22:07:04,006 | INFO | Training epoch 1055, Batch 1000/1000: LR=4.63e-05, Loss=1.61e-02 BER=5.83e-03 FER=1.55e-01
2025-10-28 22:07:04,043 | INFO | Epoch 1055 Train Time 13.946356773376465s

2025-10-28 22:07:18,075 | INFO | Training epoch 1056, Batch 1000/1000: LR=4.62e-05, Loss=1.60e-02 BER=5.85e-03 FER=1.55e-01
2025-10-28 22:07:18,123 | INFO | Epoch 1056 Train Time 14.08011794090271s

2025-10-28 22:07:32,214 | INFO | Training epoch 1057, Batch 1000/1000: LR=4.62e-05, Loss=1.60e-02 BER=5.80e-03 FER=1.55e-01
2025-10-28 22:07:32,269 | INFO | Epoch 1057 Train Time 14.144787073135376s

2025-10-28 22:07:45,283 | INFO | Training epoch 1058, Batch 1000/1000: LR=4.61e-05, Loss=1.60e-02 BER=5.79e-03 FER=1.54e-01
2025-10-28 22:07:45,335 | INFO | Epoch 1058 Train Time 13.065505027770996s

2025-10-28 22:07:58,644 | INFO | Training epoch 1059, Batch 1000/1000: LR=4.60e-05, Loss=1.58e-02 BER=5.76e-03 FER=1.54e-01
2025-10-28 22:07:58,694 | INFO | Epoch 1059 Train Time 13.358116149902344s

2025-10-28 22:08:12,129 | INFO | Training epoch 1060, Batch 1000/1000: LR=4.59e-05, Loss=1.60e-02 BER=5.80e-03 FER=1.55e-01
2025-10-28 22:08:12,186 | INFO | Epoch 1060 Train Time 13.49185824394226s

2025-10-28 22:08:24,739 | INFO | Training epoch 1061, Batch 1000/1000: LR=4.58e-05, Loss=1.59e-02 BER=5.77e-03 FER=1.55e-01
2025-10-28 22:08:24,794 | INFO | Epoch 1061 Train Time 12.607527494430542s

2025-10-28 22:08:39,448 | INFO | Training epoch 1062, Batch 1000/1000: LR=4.58e-05, Loss=1.60e-02 BER=5.81e-03 FER=1.55e-01
2025-10-28 22:08:39,498 | INFO | Epoch 1062 Train Time 14.7027907371521s

2025-10-28 22:08:53,031 | INFO | Training epoch 1063, Batch 1000/1000: LR=4.57e-05, Loss=1.62e-02 BER=5.85e-03 FER=1.55e-01
2025-10-28 22:08:53,074 | INFO | Epoch 1063 Train Time 13.575781106948853s

2025-10-28 22:09:06,660 | INFO | Training epoch 1064, Batch 1000/1000: LR=4.56e-05, Loss=1.59e-02 BER=5.79e-03 FER=1.54e-01
2025-10-28 22:09:06,713 | INFO | Epoch 1064 Train Time 13.637772798538208s

2025-10-28 22:09:20,418 | INFO | Training epoch 1065, Batch 1000/1000: LR=4.55e-05, Loss=1.58e-02 BER=5.77e-03 FER=1.53e-01
2025-10-28 22:09:20,473 | INFO | Epoch 1065 Train Time 13.759427785873413s

2025-10-28 22:09:33,713 | INFO | Training epoch 1066, Batch 1000/1000: LR=4.55e-05, Loss=1.60e-02 BER=5.82e-03 FER=1.55e-01
2025-10-28 22:09:33,760 | INFO | Epoch 1066 Train Time 13.287347078323364s

2025-10-28 22:09:46,883 | INFO | Training epoch 1067, Batch 1000/1000: LR=4.54e-05, Loss=1.60e-02 BER=5.85e-03 FER=1.56e-01
2025-10-28 22:09:46,927 | INFO | Epoch 1067 Train Time 13.165660381317139s

2025-10-28 22:10:00,846 | INFO | Training epoch 1068, Batch 1000/1000: LR=4.53e-05, Loss=1.60e-02 BER=5.85e-03 FER=1.54e-01
2025-10-28 22:10:00,894 | INFO | Epoch 1068 Train Time 13.966237545013428s

2025-10-28 22:10:16,176 | INFO | Training epoch 1069, Batch 1000/1000: LR=4.52e-05, Loss=1.60e-02 BER=5.83e-03 FER=1.56e-01
2025-10-28 22:10:16,234 | INFO | Epoch 1069 Train Time 15.339509725570679s

2025-10-28 22:10:30,292 | INFO | Training epoch 1070, Batch 1000/1000: LR=4.51e-05, Loss=1.61e-02 BER=5.82e-03 FER=1.56e-01
2025-10-28 22:10:30,341 | INFO | Epoch 1070 Train Time 14.106751918792725s

2025-10-28 22:10:44,026 | INFO | Training epoch 1071, Batch 1000/1000: LR=4.51e-05, Loss=1.58e-02 BER=5.77e-03 FER=1.54e-01
2025-10-28 22:10:44,070 | INFO | Epoch 1071 Train Time 13.728195905685425s

2025-10-28 22:10:57,709 | INFO | Training epoch 1072, Batch 1000/1000: LR=4.50e-05, Loss=1.61e-02 BER=5.85e-03 FER=1.56e-01
2025-10-28 22:10:57,751 | INFO | Epoch 1072 Train Time 13.68047833442688s

2025-10-28 22:11:11,116 | INFO | Training epoch 1073, Batch 1000/1000: LR=4.49e-05, Loss=1.59e-02 BER=5.77e-03 FER=1.54e-01
2025-10-28 22:11:11,166 | INFO | Epoch 1073 Train Time 13.414169549942017s

2025-10-28 22:11:25,998 | INFO | Training epoch 1074, Batch 1000/1000: LR=4.48e-05, Loss=1.60e-02 BER=5.85e-03 FER=1.56e-01
2025-10-28 22:11:26,050 | INFO | Epoch 1074 Train Time 14.883761644363403s

2025-10-28 22:11:40,019 | INFO | Training epoch 1075, Batch 1000/1000: LR=4.48e-05, Loss=1.60e-02 BER=5.79e-03 FER=1.55e-01
2025-10-28 22:11:40,071 | INFO | Epoch 1075 Train Time 14.020610332489014s

2025-10-28 22:11:53,859 | INFO | Training epoch 1076, Batch 1000/1000: LR=4.47e-05, Loss=1.58e-02 BER=5.79e-03 FER=1.54e-01
2025-10-28 22:11:53,919 | INFO | Epoch 1076 Train Time 13.84765887260437s

2025-10-28 22:12:09,195 | INFO | Training epoch 1077, Batch 1000/1000: LR=4.46e-05, Loss=1.59e-02 BER=5.74e-03 FER=1.54e-01
2025-10-28 22:12:09,234 | INFO | Epoch 1077 Train Time 15.314306259155273s

2025-10-28 22:12:23,182 | INFO | Training epoch 1078, Batch 1000/1000: LR=4.45e-05, Loss=1.61e-02 BER=5.88e-03 FER=1.56e-01
2025-10-28 22:12:23,233 | INFO | Epoch 1078 Train Time 13.997968673706055s

2025-10-28 22:12:37,166 | INFO | Training epoch 1079, Batch 1000/1000: LR=4.45e-05, Loss=1.63e-02 BER=5.95e-03 FER=1.57e-01
2025-10-28 22:12:37,213 | INFO | Epoch 1079 Train Time 13.978639125823975s

2025-10-28 22:12:50,802 | INFO | Training epoch 1080, Batch 1000/1000: LR=4.44e-05, Loss=1.59e-02 BER=5.77e-03 FER=1.53e-01
2025-10-28 22:12:50,845 | INFO | Epoch 1080 Train Time 13.63124680519104s

2025-10-28 22:13:04,480 | INFO | Training epoch 1081, Batch 1000/1000: LR=4.43e-05, Loss=1.59e-02 BER=5.80e-03 FER=1.54e-01
2025-10-28 22:13:04,528 | INFO | Epoch 1081 Train Time 13.68216323852539s

2025-10-28 22:13:18,820 | INFO | Training epoch 1082, Batch 1000/1000: LR=4.42e-05, Loss=1.62e-02 BER=5.90e-03 FER=1.56e-01
2025-10-28 22:13:18,871 | INFO | Epoch 1082 Train Time 14.342722654342651s

2025-10-28 22:13:33,101 | INFO | Training epoch 1083, Batch 1000/1000: LR=4.41e-05, Loss=1.60e-02 BER=5.84e-03 FER=1.56e-01
2025-10-28 22:13:33,149 | INFO | Epoch 1083 Train Time 14.276528358459473s

2025-10-28 22:13:47,766 | INFO | Training epoch 1084, Batch 1000/1000: LR=4.41e-05, Loss=1.61e-02 BER=5.87e-03 FER=1.55e-01
2025-10-28 22:13:47,827 | INFO | Epoch 1084 Train Time 14.678044557571411s

2025-10-28 22:14:01,595 | INFO | Training epoch 1085, Batch 1000/1000: LR=4.40e-05, Loss=1.61e-02 BER=5.83e-03 FER=1.56e-01
2025-10-28 22:14:01,644 | INFO | Epoch 1085 Train Time 13.814972162246704s

2025-10-28 22:14:15,745 | INFO | Training epoch 1086, Batch 1000/1000: LR=4.39e-05, Loss=1.60e-02 BER=5.81e-03 FER=1.55e-01
2025-10-28 22:14:15,791 | INFO | Epoch 1086 Train Time 14.14573359489441s

2025-10-28 22:14:29,245 | INFO | Training epoch 1087, Batch 1000/1000: LR=4.38e-05, Loss=1.61e-02 BER=5.91e-03 FER=1.56e-01
2025-10-28 22:14:29,296 | INFO | Epoch 1087 Train Time 13.504035949707031s

2025-10-28 22:14:42,460 | INFO | Training epoch 1088, Batch 1000/1000: LR=4.38e-05, Loss=1.58e-02 BER=5.73e-03 FER=1.53e-01
2025-10-28 22:14:42,507 | INFO | Epoch 1088 Train Time 13.210940599441528s

2025-10-28 22:14:56,068 | INFO | Training epoch 1089, Batch 1000/1000: LR=4.37e-05, Loss=1.60e-02 BER=5.81e-03 FER=1.55e-01
2025-10-28 22:14:56,122 | INFO | Epoch 1089 Train Time 13.614203214645386s

2025-10-28 22:15:09,979 | INFO | Training epoch 1090, Batch 1000/1000: LR=4.36e-05, Loss=1.60e-02 BER=5.81e-03 FER=1.53e-01
2025-10-28 22:15:10,023 | INFO | Epoch 1090 Train Time 13.899352550506592s

2025-10-28 22:15:22,779 | INFO | Training epoch 1091, Batch 1000/1000: LR=4.35e-05, Loss=1.60e-02 BER=5.80e-03 FER=1.55e-01
2025-10-28 22:15:22,826 | INFO | Epoch 1091 Train Time 12.80309247970581s

2025-10-28 22:15:36,128 | INFO | Training epoch 1092, Batch 1000/1000: LR=4.34e-05, Loss=1.60e-02 BER=5.84e-03 FER=1.55e-01
2025-10-28 22:15:36,173 | INFO | Epoch 1092 Train Time 13.346496105194092s

2025-10-28 22:15:50,602 | INFO | Training epoch 1093, Batch 1000/1000: LR=4.34e-05, Loss=1.59e-02 BER=5.81e-03 FER=1.56e-01
2025-10-28 22:15:50,651 | INFO | Epoch 1093 Train Time 14.476503133773804s

2025-10-28 22:16:03,746 | INFO | Training epoch 1094, Batch 1000/1000: LR=4.33e-05, Loss=1.61e-02 BER=5.87e-03 FER=1.56e-01
2025-10-28 22:16:03,801 | INFO | Epoch 1094 Train Time 13.149467706680298s

2025-10-28 22:16:17,658 | INFO | Training epoch 1095, Batch 1000/1000: LR=4.32e-05, Loss=1.59e-02 BER=5.79e-03 FER=1.55e-01
2025-10-28 22:16:17,704 | INFO | Epoch 1095 Train Time 13.902428150177002s

2025-10-28 22:16:31,508 | INFO | Training epoch 1096, Batch 1000/1000: LR=4.31e-05, Loss=1.60e-02 BER=5.81e-03 FER=1.55e-01
2025-10-28 22:16:31,556 | INFO | Epoch 1096 Train Time 13.851656436920166s

2025-10-28 22:16:44,769 | INFO | Training epoch 1097, Batch 1000/1000: LR=4.31e-05, Loss=1.57e-02 BER=5.70e-03 FER=1.53e-01
2025-10-28 22:16:44,809 | INFO | Epoch 1097 Train Time 13.251469135284424s

2025-10-28 22:16:57,911 | INFO | Training epoch 1098, Batch 1000/1000: LR=4.30e-05, Loss=1.60e-02 BER=5.85e-03 FER=1.56e-01
2025-10-28 22:16:57,960 | INFO | Epoch 1098 Train Time 13.150864124298096s

2025-10-28 22:17:12,198 | INFO | Training epoch 1099, Batch 1000/1000: LR=4.29e-05, Loss=1.60e-02 BER=5.80e-03 FER=1.55e-01
2025-10-28 22:17:12,246 | INFO | Epoch 1099 Train Time 14.285080432891846s

2025-10-28 22:17:27,643 | INFO | Training epoch 1100, Batch 1000/1000: LR=4.28e-05, Loss=1.58e-02 BER=5.74e-03 FER=1.53e-01
2025-10-28 22:17:27,707 | INFO | Epoch 1100 Train Time 15.460024118423462s

2025-10-28 22:17:41,160 | INFO | Training epoch 1101, Batch 1000/1000: LR=4.28e-05, Loss=1.58e-02 BER=5.75e-03 FER=1.53e-01
2025-10-28 22:17:41,202 | INFO | Epoch 1101 Train Time 13.495187044143677s

2025-10-28 22:17:54,539 | INFO | Training epoch 1102, Batch 1000/1000: LR=4.27e-05, Loss=1.59e-02 BER=5.76e-03 FER=1.53e-01
2025-10-28 22:17:54,584 | INFO | Epoch 1102 Train Time 13.380964517593384s

2025-10-28 22:18:07,079 | INFO | Training epoch 1103, Batch 1000/1000: LR=4.26e-05, Loss=1.60e-02 BER=5.84e-03 FER=1.55e-01
2025-10-28 22:18:07,117 | INFO | Epoch 1103 Train Time 12.533015727996826s

2025-10-28 22:18:20,597 | INFO | Training epoch 1104, Batch 1000/1000: LR=4.25e-05, Loss=1.61e-02 BER=5.82e-03 FER=1.56e-01
2025-10-28 22:18:20,648 | INFO | Epoch 1104 Train Time 13.529564619064331s

2025-10-28 22:18:35,422 | INFO | Training epoch 1105, Batch 1000/1000: LR=4.24e-05, Loss=1.60e-02 BER=5.80e-03 FER=1.55e-01
2025-10-28 22:18:35,466 | INFO | Epoch 1105 Train Time 14.817463636398315s

2025-10-28 22:18:48,814 | INFO | Training epoch 1106, Batch 1000/1000: LR=4.24e-05, Loss=1.59e-02 BER=5.79e-03 FER=1.54e-01
2025-10-28 22:18:48,866 | INFO | Epoch 1106 Train Time 13.398848056793213s

2025-10-28 22:19:00,617 | INFO | Training epoch 1107, Batch 1000/1000: LR=4.23e-05, Loss=1.59e-02 BER=5.78e-03 FER=1.53e-01
2025-10-28 22:19:00,658 | INFO | Epoch 1107 Train Time 11.791820764541626s

2025-10-28 22:19:13,579 | INFO | Training epoch 1108, Batch 1000/1000: LR=4.22e-05, Loss=1.59e-02 BER=5.78e-03 FER=1.53e-01
2025-10-28 22:19:13,624 | INFO | Epoch 1108 Train Time 12.965216636657715s

2025-10-28 22:19:26,554 | INFO | Training epoch 1109, Batch 1000/1000: LR=4.21e-05, Loss=1.61e-02 BER=5.81e-03 FER=1.54e-01
2025-10-28 22:19:26,614 | INFO | Epoch 1109 Train Time 12.989533424377441s

2025-10-28 22:19:39,684 | INFO | Training epoch 1110, Batch 1000/1000: LR=4.21e-05, Loss=1.58e-02 BER=5.72e-03 FER=1.53e-01
2025-10-28 22:19:39,733 | INFO | Epoch 1110 Train Time 13.118963718414307s

2025-10-28 22:19:53,097 | INFO | Training epoch 1111, Batch 1000/1000: LR=4.20e-05, Loss=1.60e-02 BER=5.85e-03 FER=1.55e-01
2025-10-28 22:19:53,140 | INFO | Epoch 1111 Train Time 13.40638279914856s

2025-10-28 22:20:05,394 | INFO | Training epoch 1112, Batch 1000/1000: LR=4.19e-05, Loss=1.59e-02 BER=5.80e-03 FER=1.55e-01
2025-10-28 22:20:05,440 | INFO | Epoch 1112 Train Time 12.298718690872192s

2025-10-28 22:20:19,465 | INFO | Training epoch 1113, Batch 1000/1000: LR=4.18e-05, Loss=1.59e-02 BER=5.80e-03 FER=1.54e-01
2025-10-28 22:20:19,513 | INFO | Epoch 1113 Train Time 14.072482347488403s

2025-10-28 22:20:33,307 | INFO | Training epoch 1114, Batch 1000/1000: LR=4.18e-05, Loss=1.61e-02 BER=5.84e-03 FER=1.55e-01
2025-10-28 22:20:33,359 | INFO | Epoch 1114 Train Time 13.845160007476807s

2025-10-28 22:20:47,288 | INFO | Training epoch 1115, Batch 1000/1000: LR=4.17e-05, Loss=1.59e-02 BER=5.77e-03 FER=1.54e-01
2025-10-28 22:20:47,339 | INFO | Epoch 1115 Train Time 13.979697465896606s

2025-10-28 22:21:00,380 | INFO | Training epoch 1116, Batch 1000/1000: LR=4.16e-05, Loss=1.60e-02 BER=5.83e-03 FER=1.55e-01
2025-10-28 22:21:00,423 | INFO | Epoch 1116 Train Time 13.083632469177246s

2025-10-28 22:21:14,121 | INFO | Training epoch 1117, Batch 1000/1000: LR=4.15e-05, Loss=1.61e-02 BER=5.85e-03 FER=1.55e-01
2025-10-28 22:21:14,181 | INFO | Epoch 1117 Train Time 13.757508754730225s

2025-10-28 22:21:26,361 | INFO | Training epoch 1118, Batch 1000/1000: LR=4.15e-05, Loss=1.58e-02 BER=5.78e-03 FER=1.53e-01
2025-10-28 22:21:26,413 | INFO | Epoch 1118 Train Time 12.230785131454468s

2025-10-28 22:21:40,075 | INFO | Training epoch 1119, Batch 1000/1000: LR=4.14e-05, Loss=1.58e-02 BER=5.75e-03 FER=1.52e-01
2025-10-28 22:21:40,120 | INFO | Epoch 1119 Train Time 13.707181692123413s

2025-10-28 22:21:52,922 | INFO | Training epoch 1120, Batch 1000/1000: LR=4.13e-05, Loss=1.61e-02 BER=5.85e-03 FER=1.56e-01
2025-10-28 22:21:52,970 | INFO | Epoch 1120 Train Time 12.849151134490967s

2025-10-28 22:22:07,187 | INFO | Training epoch 1121, Batch 1000/1000: LR=4.12e-05, Loss=1.61e-02 BER=5.84e-03 FER=1.55e-01
2025-10-28 22:22:07,232 | INFO | Epoch 1121 Train Time 14.261110782623291s

2025-10-28 22:22:20,294 | INFO | Training epoch 1122, Batch 1000/1000: LR=4.11e-05, Loss=1.58e-02 BER=5.74e-03 FER=1.53e-01
2025-10-28 22:22:20,332 | INFO | Epoch 1122 Train Time 13.098856210708618s

2025-10-28 22:22:32,159 | INFO | Training epoch 1123, Batch 1000/1000: LR=4.11e-05, Loss=1.58e-02 BER=5.77e-03 FER=1.53e-01
2025-10-28 22:22:32,208 | INFO | Epoch 1123 Train Time 11.876128196716309s

2025-10-28 22:22:45,480 | INFO | Training epoch 1124, Batch 1000/1000: LR=4.10e-05, Loss=1.59e-02 BER=5.81e-03 FER=1.54e-01
2025-10-28 22:22:45,523 | INFO | Epoch 1124 Train Time 13.313696146011353s

2025-10-28 22:22:59,251 | INFO | Training epoch 1125, Batch 1000/1000: LR=4.09e-05, Loss=1.59e-02 BER=5.79e-03 FER=1.54e-01
2025-10-28 22:22:59,295 | INFO | Epoch 1125 Train Time 13.770946502685547s

2025-10-28 22:23:11,824 | INFO | Training epoch 1126, Batch 1000/1000: LR=4.08e-05, Loss=1.59e-02 BER=5.79e-03 FER=1.55e-01
2025-10-28 22:23:11,867 | INFO | Epoch 1126 Train Time 12.572131633758545s

2025-10-28 22:23:25,210 | INFO | Training epoch 1127, Batch 1000/1000: LR=4.08e-05, Loss=1.60e-02 BER=5.82e-03 FER=1.54e-01
2025-10-28 22:23:25,252 | INFO | Epoch 1127 Train Time 13.383730411529541s

2025-10-28 22:23:38,266 | INFO | Training epoch 1128, Batch 1000/1000: LR=4.07e-05, Loss=1.59e-02 BER=5.77e-03 FER=1.54e-01
2025-10-28 22:23:38,314 | INFO | Epoch 1128 Train Time 13.061766147613525s

2025-10-28 22:23:50,994 | INFO | Training epoch 1129, Batch 1000/1000: LR=4.06e-05, Loss=1.60e-02 BER=5.83e-03 FER=1.56e-01
2025-10-28 22:23:51,032 | INFO | Epoch 1129 Train Time 12.717105150222778s

2025-10-28 22:24:03,065 | INFO | Training epoch 1130, Batch 1000/1000: LR=4.05e-05, Loss=1.58e-02 BER=5.75e-03 FER=1.53e-01
2025-10-28 22:24:03,107 | INFO | Epoch 1130 Train Time 12.074870586395264s

2025-10-28 22:24:12,395 | INFO | Training epoch 1131, Batch 1000/1000: LR=4.05e-05, Loss=1.58e-02 BER=5.77e-03 FER=1.56e-01
2025-10-28 22:24:12,433 | INFO | Epoch 1131 Train Time 9.32475757598877s

2025-10-28 22:24:21,376 | INFO | Training epoch 1132, Batch 1000/1000: LR=4.04e-05, Loss=1.60e-02 BER=5.83e-03 FER=1.55e-01
2025-10-28 22:24:21,416 | INFO | Epoch 1132 Train Time 8.983057975769043s

2025-10-28 22:24:30,345 | INFO | Training epoch 1133, Batch 1000/1000: LR=4.03e-05, Loss=1.61e-02 BER=5.83e-03 FER=1.54e-01
2025-10-28 22:24:30,380 | INFO | Epoch 1133 Train Time 8.963783740997314s

2025-10-28 22:24:39,466 | INFO | Training epoch 1134, Batch 1000/1000: LR=4.02e-05, Loss=1.58e-02 BER=5.73e-03 FER=1.53e-01
2025-10-28 22:24:39,519 | INFO | Epoch 1134 Train Time 9.138381958007812s

2025-10-28 22:24:48,289 | INFO | Training epoch 1135, Batch 1000/1000: LR=4.02e-05, Loss=1.60e-02 BER=5.83e-03 FER=1.54e-01
2025-10-28 22:24:48,331 | INFO | Epoch 1135 Train Time 8.811548233032227s

2025-10-28 22:25:00,048 | INFO | Training epoch 1136, Batch 1000/1000: LR=4.01e-05, Loss=1.59e-02 BER=5.77e-03 FER=1.53e-01
2025-10-28 22:25:00,102 | INFO | Epoch 1136 Train Time 11.770189762115479s

2025-10-28 22:25:14,151 | INFO | Training epoch 1137, Batch 1000/1000: LR=4.00e-05, Loss=1.58e-02 BER=5.77e-03 FER=1.53e-01
2025-10-28 22:25:14,194 | INFO | Epoch 1137 Train Time 14.091150522232056s

2025-10-28 22:25:27,426 | INFO | Training epoch 1138, Batch 1000/1000: LR=3.99e-05, Loss=1.60e-02 BER=5.84e-03 FER=1.54e-01
2025-10-28 22:25:27,466 | INFO | Epoch 1138 Train Time 13.271496534347534s

2025-10-28 22:25:41,483 | INFO | Training epoch 1139, Batch 1000/1000: LR=3.99e-05, Loss=1.58e-02 BER=5.75e-03 FER=1.53e-01
2025-10-28 22:25:41,521 | INFO | Epoch 1139 Train Time 14.0544273853302s

2025-10-28 22:25:54,891 | INFO | Training epoch 1140, Batch 1000/1000: LR=3.98e-05, Loss=1.59e-02 BER=5.79e-03 FER=1.55e-01
2025-10-28 22:25:54,928 | INFO | Epoch 1140 Train Time 13.407118558883667s

2025-10-28 22:26:07,281 | INFO | Training epoch 1141, Batch 1000/1000: LR=3.97e-05, Loss=1.57e-02 BER=5.69e-03 FER=1.52e-01
2025-10-28 22:26:07,323 | INFO | Epoch 1141 Train Time 12.394111156463623s

2025-10-28 22:26:19,984 | INFO | Training epoch 1142, Batch 1000/1000: LR=3.96e-05, Loss=1.59e-02 BER=5.78e-03 FER=1.55e-01
2025-10-28 22:26:20,019 | INFO | Epoch 1142 Train Time 12.694809675216675s

2025-10-28 22:26:32,232 | INFO | Training epoch 1143, Batch 1000/1000: LR=3.96e-05, Loss=1.61e-02 BER=5.82e-03 FER=1.54e-01
2025-10-28 22:26:32,275 | INFO | Epoch 1143 Train Time 12.25495719909668s

2025-10-28 22:26:45,843 | INFO | Training epoch 1144, Batch 1000/1000: LR=3.95e-05, Loss=1.60e-02 BER=5.82e-03 FER=1.55e-01
2025-10-28 22:26:45,882 | INFO | Epoch 1144 Train Time 13.60689640045166s

2025-10-28 22:26:59,062 | INFO | Training epoch 1145, Batch 1000/1000: LR=3.94e-05, Loss=1.59e-02 BER=5.78e-03 FER=1.53e-01
2025-10-28 22:26:59,117 | INFO | Epoch 1145 Train Time 13.235102891921997s

2025-10-28 22:27:13,661 | INFO | Training epoch 1146, Batch 1000/1000: LR=3.93e-05, Loss=1.58e-02 BER=5.74e-03 FER=1.53e-01
2025-10-28 22:27:13,705 | INFO | Epoch 1146 Train Time 14.587010860443115s

2025-10-28 22:27:27,840 | INFO | Training epoch 1147, Batch 1000/1000: LR=3.92e-05, Loss=1.59e-02 BER=5.77e-03 FER=1.54e-01
2025-10-28 22:27:27,881 | INFO | Epoch 1147 Train Time 14.175678253173828s

2025-10-28 22:27:41,326 | INFO | Training epoch 1148, Batch 1000/1000: LR=3.92e-05, Loss=1.59e-02 BER=5.80e-03 FER=1.55e-01
2025-10-28 22:27:41,377 | INFO | Epoch 1148 Train Time 13.495010375976562s

2025-10-28 22:27:53,579 | INFO | Training epoch 1149, Batch 1000/1000: LR=3.91e-05, Loss=1.60e-02 BER=5.83e-03 FER=1.56e-01
2025-10-28 22:27:53,617 | INFO | Epoch 1149 Train Time 12.239433765411377s

2025-10-28 22:28:07,672 | INFO | Training epoch 1150, Batch 1000/1000: LR=3.90e-05, Loss=1.60e-02 BER=5.82e-03 FER=1.55e-01
2025-10-28 22:28:07,714 | INFO | Epoch 1150 Train Time 14.096943616867065s

2025-10-28 22:28:21,697 | INFO | Training epoch 1151, Batch 1000/1000: LR=3.89e-05, Loss=1.60e-02 BER=5.82e-03 FER=1.56e-01
2025-10-28 22:28:21,736 | INFO | Epoch 1151 Train Time 14.02098560333252s

2025-10-28 22:28:36,334 | INFO | Training epoch 1152, Batch 1000/1000: LR=3.89e-05, Loss=1.61e-02 BER=5.85e-03 FER=1.55e-01
2025-10-28 22:28:36,378 | INFO | Epoch 1152 Train Time 14.641714572906494s

2025-10-28 22:28:49,352 | INFO | Training epoch 1153, Batch 1000/1000: LR=3.88e-05, Loss=1.57e-02 BER=5.71e-03 FER=1.52e-01
2025-10-28 22:28:49,399 | INFO | Epoch 1153 Train Time 13.019557476043701s

2025-10-28 22:29:01,776 | INFO | Training epoch 1154, Batch 1000/1000: LR=3.87e-05, Loss=1.59e-02 BER=5.78e-03 FER=1.55e-01
2025-10-28 22:29:01,818 | INFO | Epoch 1154 Train Time 12.418564558029175s

2025-10-28 22:29:15,167 | INFO | Training epoch 1155, Batch 1000/1000: LR=3.86e-05, Loss=1.56e-02 BER=5.70e-03 FER=1.52e-01
2025-10-28 22:29:15,209 | INFO | Epoch 1155 Train Time 13.390697717666626s

2025-10-28 22:29:15,210 | INFO | [P1] saving best_model with loss 0.015645 at epoch 1155
2025-10-28 22:29:29,075 | INFO | Training epoch 1156, Batch 1000/1000: LR=3.86e-05, Loss=1.61e-02 BER=5.87e-03 FER=1.55e-01
2025-10-28 22:29:29,118 | INFO | Epoch 1156 Train Time 13.89664888381958s

2025-10-28 22:29:42,559 | INFO | Training epoch 1157, Batch 1000/1000: LR=3.85e-05, Loss=1.60e-02 BER=5.81e-03 FER=1.55e-01
2025-10-28 22:29:42,599 | INFO | Epoch 1157 Train Time 13.480170249938965s

2025-10-28 22:29:55,363 | INFO | Training epoch 1158, Batch 1000/1000: LR=3.84e-05, Loss=1.59e-02 BER=5.76e-03 FER=1.53e-01
2025-10-28 22:29:55,403 | INFO | Epoch 1158 Train Time 12.80337142944336s

2025-10-28 22:30:08,599 | INFO | Training epoch 1159, Batch 1000/1000: LR=3.83e-05, Loss=1.61e-02 BER=5.84e-03 FER=1.54e-01
2025-10-28 22:30:08,640 | INFO | Epoch 1159 Train Time 13.236073732376099s

2025-10-28 22:30:22,466 | INFO | Training epoch 1160, Batch 1000/1000: LR=3.83e-05, Loss=1.61e-02 BER=5.86e-03 FER=1.55e-01
2025-10-28 22:30:22,496 | INFO | Epoch 1160 Train Time 13.855679988861084s

2025-10-28 22:30:35,337 | INFO | Training epoch 1161, Batch 1000/1000: LR=3.82e-05, Loss=1.59e-02 BER=5.81e-03 FER=1.55e-01
2025-10-28 22:30:35,379 | INFO | Epoch 1161 Train Time 12.882870197296143s

2025-10-28 22:30:49,343 | INFO | Training epoch 1162, Batch 1000/1000: LR=3.81e-05, Loss=1.59e-02 BER=5.76e-03 FER=1.53e-01
2025-10-28 22:30:49,395 | INFO | Epoch 1162 Train Time 14.014746904373169s

2025-10-28 22:31:02,400 | INFO | Training epoch 1163, Batch 1000/1000: LR=3.80e-05, Loss=1.58e-02 BER=5.76e-03 FER=1.54e-01
2025-10-28 22:31:02,443 | INFO | Epoch 1163 Train Time 13.047830581665039s

2025-10-28 22:31:16,152 | INFO | Training epoch 1164, Batch 1000/1000: LR=3.80e-05, Loss=1.60e-02 BER=5.82e-03 FER=1.55e-01
2025-10-28 22:31:16,184 | INFO | Epoch 1164 Train Time 13.740772008895874s

2025-10-28 22:31:29,662 | INFO | Training epoch 1165, Batch 1000/1000: LR=3.79e-05, Loss=1.60e-02 BER=5.79e-03 FER=1.54e-01
2025-10-28 22:31:29,709 | INFO | Epoch 1165 Train Time 13.523964166641235s

2025-10-28 22:31:43,591 | INFO | Training epoch 1166, Batch 1000/1000: LR=3.78e-05, Loss=1.62e-02 BER=5.90e-03 FER=1.57e-01
2025-10-28 22:31:43,625 | INFO | Epoch 1166 Train Time 13.91513180732727s

2025-10-28 22:31:56,053 | INFO | Training epoch 1167, Batch 1000/1000: LR=3.77e-05, Loss=1.58e-02 BER=5.70e-03 FER=1.53e-01
2025-10-28 22:31:56,098 | INFO | Epoch 1167 Train Time 12.472230434417725s

2025-10-28 22:32:09,103 | INFO | Training epoch 1168, Batch 1000/1000: LR=3.77e-05, Loss=1.58e-02 BER=5.71e-03 FER=1.53e-01
2025-10-28 22:32:09,144 | INFO | Epoch 1168 Train Time 13.045575141906738s

2025-10-28 22:32:23,925 | INFO | Training epoch 1169, Batch 1000/1000: LR=3.76e-05, Loss=1.59e-02 BER=5.81e-03 FER=1.54e-01
2025-10-28 22:32:23,978 | INFO | Epoch 1169 Train Time 14.833836555480957s

2025-10-28 22:32:37,786 | INFO | Training epoch 1170, Batch 1000/1000: LR=3.75e-05, Loss=1.59e-02 BER=5.79e-03 FER=1.55e-01
2025-10-28 22:32:37,830 | INFO | Epoch 1170 Train Time 13.850926399230957s

2025-10-28 22:32:50,548 | INFO | Training epoch 1171, Batch 1000/1000: LR=3.74e-05, Loss=1.59e-02 BER=5.73e-03 FER=1.54e-01
2025-10-28 22:32:50,594 | INFO | Epoch 1171 Train Time 12.762759685516357s

2025-10-28 22:33:03,447 | INFO | Training epoch 1172, Batch 1000/1000: LR=3.74e-05, Loss=1.59e-02 BER=5.79e-03 FER=1.55e-01
2025-10-28 22:33:03,488 | INFO | Epoch 1172 Train Time 12.89360499382019s

2025-10-28 22:33:16,784 | INFO | Training epoch 1173, Batch 1000/1000: LR=3.73e-05, Loss=1.60e-02 BER=5.81e-03 FER=1.55e-01
2025-10-28 22:33:16,827 | INFO | Epoch 1173 Train Time 13.338670492172241s

2025-10-28 22:33:30,034 | INFO | Training epoch 1174, Batch 1000/1000: LR=3.72e-05, Loss=1.60e-02 BER=5.80e-03 FER=1.54e-01
2025-10-28 22:33:30,075 | INFO | Epoch 1174 Train Time 13.247379302978516s

2025-10-28 22:33:43,580 | INFO | Training epoch 1175, Batch 1000/1000: LR=3.71e-05, Loss=1.59e-02 BER=5.76e-03 FER=1.54e-01
2025-10-28 22:33:43,629 | INFO | Epoch 1175 Train Time 13.552237510681152s

2025-10-28 22:33:56,590 | INFO | Training epoch 1176, Batch 1000/1000: LR=3.71e-05, Loss=1.61e-02 BER=5.86e-03 FER=1.55e-01
2025-10-28 22:33:56,631 | INFO | Epoch 1176 Train Time 13.001304149627686s

2025-10-28 22:34:09,192 | INFO | Training epoch 1177, Batch 1000/1000: LR=3.70e-05, Loss=1.61e-02 BER=5.81e-03 FER=1.55e-01
2025-10-28 22:34:09,237 | INFO | Epoch 1177 Train Time 12.605079174041748s

2025-10-28 22:34:21,671 | INFO | Training epoch 1178, Batch 1000/1000: LR=3.69e-05, Loss=1.60e-02 BER=5.82e-03 FER=1.55e-01
2025-10-28 22:34:21,718 | INFO | Epoch 1178 Train Time 12.48121166229248s

2025-10-28 22:34:36,275 | INFO | Training epoch 1179, Batch 1000/1000: LR=3.68e-05, Loss=1.61e-02 BER=5.84e-03 FER=1.56e-01
2025-10-28 22:34:36,316 | INFO | Epoch 1179 Train Time 14.597520112991333s

2025-10-28 22:34:49,622 | INFO | Training epoch 1180, Batch 1000/1000: LR=3.68e-05, Loss=1.60e-02 BER=5.82e-03 FER=1.55e-01
2025-10-28 22:34:49,671 | INFO | Epoch 1180 Train Time 13.35347604751587s

2025-10-28 22:35:02,721 | INFO | Training epoch 1181, Batch 1000/1000: LR=3.67e-05, Loss=1.57e-02 BER=5.72e-03 FER=1.53e-01
2025-10-28 22:35:02,771 | INFO | Epoch 1181 Train Time 13.100119590759277s

2025-10-28 22:35:16,671 | INFO | Training epoch 1182, Batch 1000/1000: LR=3.66e-05, Loss=1.61e-02 BER=5.84e-03 FER=1.55e-01
2025-10-28 22:35:16,720 | INFO | Epoch 1182 Train Time 13.947861433029175s

2025-10-28 22:35:30,471 | INFO | Training epoch 1183, Batch 1000/1000: LR=3.65e-05, Loss=1.57e-02 BER=5.68e-03 FER=1.52e-01
2025-10-28 22:35:30,514 | INFO | Epoch 1183 Train Time 13.794130325317383s

2025-10-28 22:35:44,168 | INFO | Training epoch 1184, Batch 1000/1000: LR=3.65e-05, Loss=1.58e-02 BER=5.73e-03 FER=1.53e-01
2025-10-28 22:35:44,207 | INFO | Epoch 1184 Train Time 13.691840887069702s

2025-10-28 22:35:56,832 | INFO | Training epoch 1185, Batch 1000/1000: LR=3.64e-05, Loss=1.61e-02 BER=5.89e-03 FER=1.55e-01
2025-10-28 22:35:56,871 | INFO | Epoch 1185 Train Time 12.663480758666992s

2025-10-28 22:36:10,632 | INFO | Training epoch 1186, Batch 1000/1000: LR=3.63e-05, Loss=1.59e-02 BER=5.83e-03 FER=1.54e-01
2025-10-28 22:36:10,679 | INFO | Epoch 1186 Train Time 13.806723594665527s

2025-10-28 22:36:24,272 | INFO | Training epoch 1187, Batch 1000/1000: LR=3.62e-05, Loss=1.59e-02 BER=5.79e-03 FER=1.55e-01
2025-10-28 22:36:24,309 | INFO | Epoch 1187 Train Time 13.629542589187622s

2025-10-28 22:36:38,285 | INFO | Training epoch 1188, Batch 1000/1000: LR=3.62e-05, Loss=1.58e-02 BER=5.76e-03 FER=1.53e-01
2025-10-28 22:36:38,327 | INFO | Epoch 1188 Train Time 14.017801761627197s

2025-10-28 22:36:51,209 | INFO | Training epoch 1189, Batch 1000/1000: LR=3.61e-05, Loss=1.56e-02 BER=5.67e-03 FER=1.52e-01
2025-10-28 22:36:51,261 | INFO | Epoch 1189 Train Time 12.933669328689575s

2025-10-28 22:37:04,702 | INFO | Training epoch 1190, Batch 1000/1000: LR=3.60e-05, Loss=1.57e-02 BER=5.71e-03 FER=1.53e-01
2025-10-28 22:37:04,740 | INFO | Epoch 1190 Train Time 13.478307485580444s

2025-10-28 22:37:17,343 | INFO | Training epoch 1191, Batch 1000/1000: LR=3.59e-05, Loss=1.60e-02 BER=5.80e-03 FER=1.54e-01
2025-10-28 22:37:17,384 | INFO | Epoch 1191 Train Time 12.643641948699951s

2025-10-28 22:37:31,713 | INFO | Training epoch 1192, Batch 1000/1000: LR=3.59e-05, Loss=1.60e-02 BER=5.83e-03 FER=1.55e-01
2025-10-28 22:37:31,755 | INFO | Epoch 1192 Train Time 14.369890689849854s

2025-10-28 22:37:45,171 | INFO | Training epoch 1193, Batch 1000/1000: LR=3.58e-05, Loss=1.60e-02 BER=5.82e-03 FER=1.55e-01
2025-10-28 22:37:45,217 | INFO | Epoch 1193 Train Time 13.461766242980957s

2025-10-28 22:37:59,479 | INFO | Training epoch 1194, Batch 1000/1000: LR=3.57e-05, Loss=1.57e-02 BER=5.72e-03 FER=1.53e-01
2025-10-28 22:37:59,526 | INFO | Epoch 1194 Train Time 14.308039665222168s

2025-10-28 22:38:12,667 | INFO | Training epoch 1195, Batch 1000/1000: LR=3.56e-05, Loss=1.61e-02 BER=5.82e-03 FER=1.55e-01
2025-10-28 22:38:12,719 | INFO | Epoch 1195 Train Time 13.192138195037842s

2025-10-28 22:38:25,470 | INFO | Training epoch 1196, Batch 1000/1000: LR=3.56e-05, Loss=1.58e-02 BER=5.75e-03 FER=1.53e-01
2025-10-28 22:38:25,509 | INFO | Epoch 1196 Train Time 12.789391994476318s

2025-10-28 22:38:38,465 | INFO | Training epoch 1197, Batch 1000/1000: LR=3.55e-05, Loss=1.59e-02 BER=5.78e-03 FER=1.55e-01
2025-10-28 22:38:38,508 | INFO | Epoch 1197 Train Time 12.998396635055542s

2025-10-28 22:38:50,977 | INFO | Training epoch 1198, Batch 1000/1000: LR=3.54e-05, Loss=1.60e-02 BER=5.82e-03 FER=1.55e-01
2025-10-28 22:38:51,014 | INFO | Epoch 1198 Train Time 12.504847288131714s

2025-10-28 22:39:03,356 | INFO | Training epoch 1199, Batch 1000/1000: LR=3.54e-05, Loss=1.61e-02 BER=5.84e-03 FER=1.54e-01
2025-10-28 22:39:03,408 | INFO | Epoch 1199 Train Time 12.394250869750977s

2025-10-28 22:39:16,981 | INFO | Training epoch 1200, Batch 1000/1000: LR=3.53e-05, Loss=1.61e-02 BER=5.88e-03 FER=1.55e-01
2025-10-28 22:39:17,023 | INFO | Epoch 1200 Train Time 13.614055156707764s

2025-10-28 22:39:30,459 | INFO | Training epoch 1201, Batch 1000/1000: LR=3.52e-05, Loss=1.59e-02 BER=5.81e-03 FER=1.54e-01
2025-10-28 22:39:30,502 | INFO | Epoch 1201 Train Time 13.478950262069702s

2025-10-28 22:39:43,544 | INFO | Training epoch 1202, Batch 1000/1000: LR=3.51e-05, Loss=1.59e-02 BER=5.78e-03 FER=1.54e-01
2025-10-28 22:39:43,589 | INFO | Epoch 1202 Train Time 13.085789203643799s

2025-10-28 22:39:56,794 | INFO | Training epoch 1203, Batch 1000/1000: LR=3.51e-05, Loss=1.60e-02 BER=5.84e-03 FER=1.55e-01
2025-10-28 22:39:56,846 | INFO | Epoch 1203 Train Time 13.256308317184448s

2025-10-28 22:40:08,605 | INFO | Training epoch 1204, Batch 1000/1000: LR=3.50e-05, Loss=1.61e-02 BER=5.88e-03 FER=1.55e-01
2025-10-28 22:40:08,649 | INFO | Epoch 1204 Train Time 11.802619934082031s

2025-10-28 22:40:20,760 | INFO | Training epoch 1205, Batch 1000/1000: LR=3.49e-05, Loss=1.59e-02 BER=5.74e-03 FER=1.53e-01
2025-10-28 22:40:20,797 | INFO | Epoch 1205 Train Time 12.147400140762329s

2025-10-28 22:40:32,329 | INFO | Training epoch 1206, Batch 1000/1000: LR=3.48e-05, Loss=1.58e-02 BER=5.73e-03 FER=1.53e-01
2025-10-28 22:40:32,373 | INFO | Epoch 1206 Train Time 11.575018405914307s

2025-10-28 22:40:46,067 | INFO | Training epoch 1207, Batch 1000/1000: LR=3.48e-05, Loss=1.59e-02 BER=5.79e-03 FER=1.55e-01
2025-10-28 22:40:46,106 | INFO | Epoch 1207 Train Time 13.7320077419281s

2025-10-28 22:40:58,551 | INFO | Training epoch 1208, Batch 1000/1000: LR=3.47e-05, Loss=1.60e-02 BER=5.81e-03 FER=1.54e-01
2025-10-28 22:40:58,595 | INFO | Epoch 1208 Train Time 12.488920450210571s

2025-10-28 22:41:12,146 | INFO | Training epoch 1209, Batch 1000/1000: LR=3.46e-05, Loss=1.59e-02 BER=5.79e-03 FER=1.53e-01
2025-10-28 22:41:12,194 | INFO | Epoch 1209 Train Time 13.598074674606323s

2025-10-28 22:41:25,489 | INFO | Training epoch 1210, Batch 1000/1000: LR=3.45e-05, Loss=1.58e-02 BER=5.77e-03 FER=1.55e-01
2025-10-28 22:41:25,533 | INFO | Epoch 1210 Train Time 13.339096307754517s

2025-10-28 22:41:38,664 | INFO | Training epoch 1211, Batch 1000/1000: LR=3.45e-05, Loss=1.57e-02 BER=5.68e-03 FER=1.52e-01
2025-10-28 22:41:38,703 | INFO | Epoch 1211 Train Time 13.169288635253906s

2025-10-28 22:41:51,048 | INFO | Training epoch 1212, Batch 1000/1000: LR=3.44e-05, Loss=1.60e-02 BER=5.82e-03 FER=1.55e-01
2025-10-28 22:41:51,086 | INFO | Epoch 1212 Train Time 12.382026433944702s

2025-10-28 22:42:04,687 | INFO | Training epoch 1213, Batch 1000/1000: LR=3.43e-05, Loss=1.59e-02 BER=5.81e-03 FER=1.54e-01
2025-10-28 22:42:04,742 | INFO | Epoch 1213 Train Time 13.655644416809082s

2025-10-28 22:42:16,785 | INFO | Training epoch 1214, Batch 1000/1000: LR=3.42e-05, Loss=1.59e-02 BER=5.78e-03 FER=1.54e-01
2025-10-28 22:42:16,820 | INFO | Epoch 1214 Train Time 12.077181816101074s

2025-10-28 22:42:29,543 | INFO | Training epoch 1215, Batch 1000/1000: LR=3.42e-05, Loss=1.60e-02 BER=5.78e-03 FER=1.53e-01
2025-10-28 22:42:29,581 | INFO | Epoch 1215 Train Time 12.759896516799927s

2025-10-28 22:42:42,528 | INFO | Training epoch 1216, Batch 1000/1000: LR=3.41e-05, Loss=1.60e-02 BER=5.85e-03 FER=1.55e-01
2025-10-28 22:42:42,575 | INFO | Epoch 1216 Train Time 12.994290590286255s

2025-10-28 22:42:55,643 | INFO | Training epoch 1217, Batch 1000/1000: LR=3.40e-05, Loss=1.59e-02 BER=5.79e-03 FER=1.54e-01
2025-10-28 22:42:55,692 | INFO | Epoch 1217 Train Time 13.116061925888062s

2025-10-28 22:43:07,766 | INFO | Training epoch 1218, Batch 1000/1000: LR=3.40e-05, Loss=1.58e-02 BER=5.75e-03 FER=1.53e-01
2025-10-28 22:43:07,807 | INFO | Epoch 1218 Train Time 12.113806009292603s

2025-10-28 22:43:19,309 | INFO | Training epoch 1219, Batch 1000/1000: LR=3.39e-05, Loss=1.59e-02 BER=5.78e-03 FER=1.54e-01
2025-10-28 22:43:19,348 | INFO | Epoch 1219 Train Time 11.541149616241455s

2025-10-28 22:43:33,589 | INFO | Training epoch 1220, Batch 1000/1000: LR=3.38e-05, Loss=1.58e-02 BER=5.74e-03 FER=1.53e-01
2025-10-28 22:43:33,630 | INFO | Epoch 1220 Train Time 14.281355142593384s

2025-10-28 22:43:47,037 | INFO | Training epoch 1221, Batch 1000/1000: LR=3.37e-05, Loss=1.61e-02 BER=5.87e-03 FER=1.54e-01
2025-10-28 22:43:47,070 | INFO | Epoch 1221 Train Time 13.439682006835938s

2025-10-28 22:43:59,799 | INFO | Training epoch 1222, Batch 1000/1000: LR=3.37e-05, Loss=1.57e-02 BER=5.71e-03 FER=1.53e-01
2025-10-28 22:43:59,841 | INFO | Epoch 1222 Train Time 12.770597457885742s

2025-10-28 22:44:13,485 | INFO | Training epoch 1223, Batch 1000/1000: LR=3.36e-05, Loss=1.58e-02 BER=5.79e-03 FER=1.53e-01
2025-10-28 22:44:13,530 | INFO | Epoch 1223 Train Time 13.687625885009766s

2025-10-28 22:44:26,300 | INFO | Training epoch 1224, Batch 1000/1000: LR=3.35e-05, Loss=1.59e-02 BER=5.77e-03 FER=1.54e-01
2025-10-28 22:44:26,343 | INFO | Epoch 1224 Train Time 12.812458515167236s

2025-10-28 22:44:38,969 | INFO | Training epoch 1225, Batch 1000/1000: LR=3.34e-05, Loss=1.60e-02 BER=5.81e-03 FER=1.54e-01
2025-10-28 22:44:39,007 | INFO | Epoch 1225 Train Time 12.663186311721802s

2025-10-28 22:44:52,962 | INFO | Training epoch 1226, Batch 1000/1000: LR=3.34e-05, Loss=1.58e-02 BER=5.76e-03 FER=1.54e-01
2025-10-28 22:44:53,002 | INFO | Epoch 1226 Train Time 13.994007587432861s

2025-10-28 22:45:07,239 | INFO | Training epoch 1227, Batch 1000/1000: LR=3.33e-05, Loss=1.59e-02 BER=5.81e-03 FER=1.54e-01
2025-10-28 22:45:07,295 | INFO | Epoch 1227 Train Time 14.29232668876648s

2025-10-28 22:45:20,879 | INFO | Training epoch 1228, Batch 1000/1000: LR=3.32e-05, Loss=1.60e-02 BER=5.85e-03 FER=1.56e-01
2025-10-28 22:45:20,917 | INFO | Epoch 1228 Train Time 13.621783018112183s

2025-10-28 22:45:35,363 | INFO | Training epoch 1229, Batch 1000/1000: LR=3.31e-05, Loss=1.58e-02 BER=5.73e-03 FER=1.52e-01
2025-10-28 22:45:35,406 | INFO | Epoch 1229 Train Time 14.48827338218689s

2025-10-28 22:45:48,740 | INFO | Training epoch 1230, Batch 1000/1000: LR=3.31e-05, Loss=1.60e-02 BER=5.87e-03 FER=1.55e-01
2025-10-28 22:45:48,792 | INFO | Epoch 1230 Train Time 13.3853280544281s

2025-10-28 22:46:03,983 | INFO | Training epoch 1231, Batch 1000/1000: LR=3.30e-05, Loss=1.58e-02 BER=5.72e-03 FER=1.54e-01
2025-10-28 22:46:04,027 | INFO | Epoch 1231 Train Time 15.23432993888855s

2025-10-28 22:46:17,992 | INFO | Training epoch 1232, Batch 1000/1000: LR=3.29e-05, Loss=1.59e-02 BER=5.80e-03 FER=1.54e-01
2025-10-28 22:46:18,036 | INFO | Epoch 1232 Train Time 14.007432699203491s

2025-10-28 22:46:31,268 | INFO | Training epoch 1233, Batch 1000/1000: LR=3.29e-05, Loss=1.59e-02 BER=5.79e-03 FER=1.54e-01
2025-10-28 22:46:31,310 | INFO | Epoch 1233 Train Time 13.274120807647705s

2025-10-28 22:46:44,155 | INFO | Training epoch 1234, Batch 1000/1000: LR=3.28e-05, Loss=1.58e-02 BER=5.76e-03 FER=1.54e-01
2025-10-28 22:46:44,193 | INFO | Epoch 1234 Train Time 12.882810831069946s

2025-10-28 22:46:58,364 | INFO | Training epoch 1235, Batch 1000/1000: LR=3.27e-05, Loss=1.58e-02 BER=5.75e-03 FER=1.53e-01
2025-10-28 22:46:58,417 | INFO | Epoch 1235 Train Time 14.223154544830322s

2025-10-28 22:47:13,032 | INFO | Training epoch 1236, Batch 1000/1000: LR=3.26e-05, Loss=1.59e-02 BER=5.77e-03 FER=1.54e-01
2025-10-28 22:47:13,062 | INFO | Epoch 1236 Train Time 14.643412351608276s

2025-10-28 22:47:26,575 | INFO | Training epoch 1237, Batch 1000/1000: LR=3.26e-05, Loss=1.59e-02 BER=5.74e-03 FER=1.54e-01
2025-10-28 22:47:26,620 | INFO | Epoch 1237 Train Time 13.558425426483154s

2025-10-28 22:47:40,147 | INFO | Training epoch 1238, Batch 1000/1000: LR=3.25e-05, Loss=1.58e-02 BER=5.77e-03 FER=1.53e-01
2025-10-28 22:47:40,188 | INFO | Epoch 1238 Train Time 13.567124366760254s

2025-10-28 22:47:53,905 | INFO | Training epoch 1239, Batch 1000/1000: LR=3.24e-05, Loss=1.57e-02 BER=5.69e-03 FER=1.53e-01
2025-10-28 22:47:53,945 | INFO | Epoch 1239 Train Time 13.756117343902588s

2025-10-28 22:48:08,816 | INFO | Training epoch 1240, Batch 1000/1000: LR=3.24e-05, Loss=1.56e-02 BER=5.68e-03 FER=1.52e-01
2025-10-28 22:48:08,857 | INFO | Epoch 1240 Train Time 14.911161184310913s

2025-10-28 22:48:08,858 | INFO | [P1] saving best_model with loss 0.015643 at epoch 1240
2025-10-28 22:48:22,638 | INFO | Training epoch 1241, Batch 1000/1000: LR=3.23e-05, Loss=1.58e-02 BER=5.76e-03 FER=1.53e-01
2025-10-28 22:48:22,693 | INFO | Epoch 1241 Train Time 13.822707414627075s

2025-10-28 22:48:36,639 | INFO | Training epoch 1242, Batch 1000/1000: LR=3.22e-05, Loss=1.58e-02 BER=5.72e-03 FER=1.54e-01
2025-10-28 22:48:36,685 | INFO | Epoch 1242 Train Time 13.992373704910278s

2025-10-28 22:48:49,005 | INFO | Training epoch 1243, Batch 1000/1000: LR=3.21e-05, Loss=1.58e-02 BER=5.73e-03 FER=1.53e-01
2025-10-28 22:48:49,042 | INFO | Epoch 1243 Train Time 12.356237888336182s

2025-10-28 22:49:01,435 | INFO | Training epoch 1244, Batch 1000/1000: LR=3.21e-05, Loss=1.59e-02 BER=5.76e-03 FER=1.54e-01
2025-10-28 22:49:01,469 | INFO | Epoch 1244 Train Time 12.42662763595581s

2025-10-28 22:49:14,963 | INFO | Training epoch 1245, Batch 1000/1000: LR=3.20e-05, Loss=1.59e-02 BER=5.79e-03 FER=1.53e-01
2025-10-28 22:49:15,006 | INFO | Epoch 1245 Train Time 13.53586459159851s

2025-10-28 22:49:28,677 | INFO | Training epoch 1246, Batch 1000/1000: LR=3.19e-05, Loss=1.58e-02 BER=5.75e-03 FER=1.53e-01
2025-10-28 22:49:28,715 | INFO | Epoch 1246 Train Time 13.708293199539185s

2025-10-28 22:49:43,267 | INFO | Training epoch 1247, Batch 1000/1000: LR=3.18e-05, Loss=1.59e-02 BER=5.81e-03 FER=1.54e-01
2025-10-28 22:49:43,301 | INFO | Epoch 1247 Train Time 14.585363626480103s

2025-10-28 22:49:55,836 | INFO | Training epoch 1248, Batch 1000/1000: LR=3.18e-05, Loss=1.57e-02 BER=5.72e-03 FER=1.54e-01
2025-10-28 22:49:55,882 | INFO | Epoch 1248 Train Time 12.580783128738403s

2025-10-28 22:50:10,105 | INFO | Training epoch 1249, Batch 1000/1000: LR=3.17e-05, Loss=1.58e-02 BER=5.71e-03 FER=1.53e-01
2025-10-28 22:50:10,156 | INFO | Epoch 1249 Train Time 14.273295402526855s

2025-10-28 22:50:23,808 | INFO | Training epoch 1250, Batch 1000/1000: LR=3.16e-05, Loss=1.56e-02 BER=5.67e-03 FER=1.52e-01
2025-10-28 22:50:23,858 | INFO | Epoch 1250 Train Time 13.70132565498352s

2025-10-28 22:50:23,858 | INFO | [P1] saving best_model with loss 0.015596 at epoch 1250
2025-10-28 22:50:37,939 | INFO | Training epoch 1251, Batch 1000/1000: LR=3.16e-05, Loss=1.58e-02 BER=5.74e-03 FER=1.52e-01
2025-10-28 22:50:37,983 | INFO | Epoch 1251 Train Time 14.112362384796143s

2025-10-28 22:50:50,791 | INFO | Training epoch 1252, Batch 1000/1000: LR=3.15e-05, Loss=1.57e-02 BER=5.74e-03 FER=1.52e-01
2025-10-28 22:50:50,836 | INFO | Epoch 1252 Train Time 12.852233409881592s

2025-10-28 22:51:04,145 | INFO | Training epoch 1253, Batch 1000/1000: LR=3.14e-05, Loss=1.59e-02 BER=5.78e-03 FER=1.54e-01
2025-10-28 22:51:04,187 | INFO | Epoch 1253 Train Time 13.351303100585938s

2025-10-28 22:51:16,297 | INFO | Training epoch 1254, Batch 1000/1000: LR=3.13e-05, Loss=1.58e-02 BER=5.76e-03 FER=1.53e-01
2025-10-28 22:51:16,343 | INFO | Epoch 1254 Train Time 12.155420541763306s

2025-10-28 22:51:30,046 | INFO | Training epoch 1255, Batch 1000/1000: LR=3.13e-05, Loss=1.58e-02 BER=5.77e-03 FER=1.54e-01
2025-10-28 22:51:30,088 | INFO | Epoch 1255 Train Time 13.744286298751831s

2025-10-28 22:51:43,365 | INFO | Training epoch 1256, Batch 1000/1000: LR=3.12e-05, Loss=1.59e-02 BER=5.80e-03 FER=1.54e-01
2025-10-28 22:51:43,404 | INFO | Epoch 1256 Train Time 13.31520128250122s

2025-10-28 22:51:55,743 | INFO | Training epoch 1257, Batch 1000/1000: LR=3.11e-05, Loss=1.59e-02 BER=5.79e-03 FER=1.55e-01
2025-10-28 22:51:55,783 | INFO | Epoch 1257 Train Time 12.37882137298584s

2025-10-28 22:52:09,291 | INFO | Training epoch 1258, Batch 1000/1000: LR=3.11e-05, Loss=1.60e-02 BER=5.82e-03 FER=1.54e-01
2025-10-28 22:52:09,343 | INFO | Epoch 1258 Train Time 13.55870771408081s

2025-10-28 22:52:22,718 | INFO | Training epoch 1259, Batch 1000/1000: LR=3.10e-05, Loss=1.60e-02 BER=5.80e-03 FER=1.54e-01
2025-10-28 22:52:22,759 | INFO | Epoch 1259 Train Time 13.416104078292847s

2025-10-28 22:52:37,498 | INFO | Training epoch 1260, Batch 1000/1000: LR=3.09e-05, Loss=1.59e-02 BER=5.75e-03 FER=1.53e-01
2025-10-28 22:52:37,543 | INFO | Epoch 1260 Train Time 14.783366918563843s

2025-10-28 22:52:50,426 | INFO | Training epoch 1261, Batch 1000/1000: LR=3.08e-05, Loss=1.58e-02 BER=5.75e-03 FER=1.54e-01
2025-10-28 22:52:50,468 | INFO | Epoch 1261 Train Time 12.92497444152832s

2025-10-28 22:53:02,419 | INFO | Training epoch 1262, Batch 1000/1000: LR=3.08e-05, Loss=1.60e-02 BER=5.80e-03 FER=1.53e-01
2025-10-28 22:53:02,459 | INFO | Epoch 1262 Train Time 11.989675521850586s

2025-10-28 22:53:15,286 | INFO | Training epoch 1263, Batch 1000/1000: LR=3.07e-05, Loss=1.57e-02 BER=5.70e-03 FER=1.52e-01
2025-10-28 22:53:15,325 | INFO | Epoch 1263 Train Time 12.86638855934143s

2025-10-28 22:53:28,522 | INFO | Training epoch 1264, Batch 1000/1000: LR=3.06e-05, Loss=1.59e-02 BER=5.80e-03 FER=1.54e-01
2025-10-28 22:53:28,564 | INFO | Epoch 1264 Train Time 13.238476037979126s

2025-10-28 22:53:41,091 | INFO | Training epoch 1265, Batch 1000/1000: LR=3.06e-05, Loss=1.62e-02 BER=5.88e-03 FER=1.55e-01
2025-10-28 22:53:41,133 | INFO | Epoch 1265 Train Time 12.567676782608032s

2025-10-28 22:53:54,442 | INFO | Training epoch 1266, Batch 1000/1000: LR=3.05e-05, Loss=1.56e-02 BER=5.68e-03 FER=1.51e-01
2025-10-28 22:53:54,494 | INFO | Epoch 1266 Train Time 13.36085057258606s

2025-10-28 22:54:07,706 | INFO | Training epoch 1267, Batch 1000/1000: LR=3.04e-05, Loss=1.60e-02 BER=5.79e-03 FER=1.54e-01
2025-10-28 22:54:07,750 | INFO | Epoch 1267 Train Time 13.25497031211853s

2025-10-28 22:54:21,171 | INFO | Training epoch 1268, Batch 1000/1000: LR=3.03e-05, Loss=1.60e-02 BER=5.80e-03 FER=1.54e-01
2025-10-28 22:54:21,214 | INFO | Epoch 1268 Train Time 13.46319317817688s

2025-10-28 22:54:34,688 | INFO | Training epoch 1269, Batch 1000/1000: LR=3.03e-05, Loss=1.58e-02 BER=5.74e-03 FER=1.54e-01
2025-10-28 22:54:34,751 | INFO | Epoch 1269 Train Time 13.537079334259033s

2025-10-28 22:54:48,273 | INFO | Training epoch 1270, Batch 1000/1000: LR=3.02e-05, Loss=1.60e-02 BER=5.82e-03 FER=1.55e-01
2025-10-28 22:54:48,323 | INFO | Epoch 1270 Train Time 13.57102370262146s

2025-10-28 22:55:00,904 | INFO | Training epoch 1271, Batch 1000/1000: LR=3.01e-05, Loss=1.58e-02 BER=5.75e-03 FER=1.54e-01
2025-10-28 22:55:00,939 | INFO | Epoch 1271 Train Time 12.616061210632324s

2025-10-28 22:55:14,998 | INFO | Training epoch 1272, Batch 1000/1000: LR=3.01e-05, Loss=1.57e-02 BER=5.75e-03 FER=1.53e-01
2025-10-28 22:55:15,038 | INFO | Epoch 1272 Train Time 14.097912311553955s

2025-10-28 22:55:28,677 | INFO | Training epoch 1273, Batch 1000/1000: LR=3.00e-05, Loss=1.59e-02 BER=5.76e-03 FER=1.54e-01
2025-10-28 22:55:28,717 | INFO | Epoch 1273 Train Time 13.678735971450806s

2025-10-28 22:55:42,775 | INFO | Training epoch 1274, Batch 1000/1000: LR=2.99e-05, Loss=1.60e-02 BER=5.79e-03 FER=1.55e-01
2025-10-28 22:55:42,814 | INFO | Epoch 1274 Train Time 14.096637964248657s

2025-10-28 22:55:57,131 | INFO | Training epoch 1275, Batch 1000/1000: LR=2.98e-05, Loss=1.60e-02 BER=5.80e-03 FER=1.53e-01
2025-10-28 22:55:57,172 | INFO | Epoch 1275 Train Time 14.35683798789978s

2025-10-28 22:56:10,177 | INFO | Training epoch 1276, Batch 1000/1000: LR=2.98e-05, Loss=1.61e-02 BER=5.82e-03 FER=1.54e-01
2025-10-28 22:56:10,218 | INFO | Epoch 1276 Train Time 13.045776844024658s

2025-10-28 22:56:23,463 | INFO | Training epoch 1277, Batch 1000/1000: LR=2.97e-05, Loss=1.57e-02 BER=5.72e-03 FER=1.54e-01
2025-10-28 22:56:23,510 | INFO | Epoch 1277 Train Time 13.291406393051147s

2025-10-28 22:56:38,286 | INFO | Training epoch 1278, Batch 1000/1000: LR=2.96e-05, Loss=1.60e-02 BER=5.79e-03 FER=1.54e-01
2025-10-28 22:56:38,339 | INFO | Epoch 1278 Train Time 14.827993154525757s

2025-10-28 22:56:51,685 | INFO | Training epoch 1279, Batch 1000/1000: LR=2.96e-05, Loss=1.56e-02 BER=5.67e-03 FER=1.51e-01
2025-10-28 22:56:51,729 | INFO | Epoch 1279 Train Time 13.389711856842041s

2025-10-28 22:57:05,379 | INFO | Training epoch 1280, Batch 1000/1000: LR=2.95e-05, Loss=1.56e-02 BER=5.71e-03 FER=1.52e-01
2025-10-28 22:57:05,422 | INFO | Epoch 1280 Train Time 13.692619800567627s

2025-10-28 22:57:05,423 | INFO | [P1] saving best_model with loss 0.015562 at epoch 1280
2025-10-28 22:57:18,652 | INFO | Training epoch 1281, Batch 1000/1000: LR=2.94e-05, Loss=1.57e-02 BER=5.70e-03 FER=1.52e-01
2025-10-28 22:57:18,686 | INFO | Epoch 1281 Train Time 13.249564170837402s

2025-10-28 22:57:31,630 | INFO | Training epoch 1282, Batch 1000/1000: LR=2.94e-05, Loss=1.58e-02 BER=5.75e-03 FER=1.53e-01
2025-10-28 22:57:31,665 | INFO | Epoch 1282 Train Time 12.978723049163818s

2025-10-28 22:57:45,124 | INFO | Training epoch 1283, Batch 1000/1000: LR=2.93e-05, Loss=1.61e-02 BER=5.87e-03 FER=1.55e-01
2025-10-28 22:57:45,161 | INFO | Epoch 1283 Train Time 13.494727611541748s

2025-10-28 22:57:56,934 | INFO | Training epoch 1284, Batch 1000/1000: LR=2.92e-05, Loss=1.60e-02 BER=5.81e-03 FER=1.54e-01
2025-10-28 22:57:56,973 | INFO | Epoch 1284 Train Time 11.811450958251953s

2025-10-28 22:58:10,359 | INFO | Training epoch 1285, Batch 1000/1000: LR=2.91e-05, Loss=1.59e-02 BER=5.74e-03 FER=1.53e-01
2025-10-28 22:58:10,414 | INFO | Epoch 1285 Train Time 13.44001030921936s

2025-10-28 22:58:24,169 | INFO | Training epoch 1286, Batch 1000/1000: LR=2.91e-05, Loss=1.57e-02 BER=5.73e-03 FER=1.52e-01
2025-10-28 22:58:24,210 | INFO | Epoch 1286 Train Time 13.796279907226562s

2025-10-28 22:58:38,922 | INFO | Training epoch 1287, Batch 1000/1000: LR=2.90e-05, Loss=1.58e-02 BER=5.78e-03 FER=1.54e-01
2025-10-28 22:58:38,966 | INFO | Epoch 1287 Train Time 14.754667282104492s

2025-10-28 22:58:51,956 | INFO | Training epoch 1288, Batch 1000/1000: LR=2.89e-05, Loss=1.58e-02 BER=5.77e-03 FER=1.53e-01
2025-10-28 22:58:52,004 | INFO | Epoch 1288 Train Time 13.037880420684814s

2025-10-28 22:59:05,872 | INFO | Training epoch 1289, Batch 1000/1000: LR=2.89e-05, Loss=1.61e-02 BER=5.85e-03 FER=1.55e-01
2025-10-28 22:59:05,920 | INFO | Epoch 1289 Train Time 13.915732860565186s

2025-10-28 22:59:19,517 | INFO | Training epoch 1290, Batch 1000/1000: LR=2.88e-05, Loss=1.60e-02 BER=5.82e-03 FER=1.54e-01
2025-10-28 22:59:19,559 | INFO | Epoch 1290 Train Time 13.637723207473755s

2025-10-28 22:59:33,719 | INFO | Training epoch 1291, Batch 1000/1000: LR=2.87e-05, Loss=1.57e-02 BER=5.75e-03 FER=1.53e-01
2025-10-28 22:59:33,770 | INFO | Epoch 1291 Train Time 14.210273265838623s

2025-10-28 22:59:47,015 | INFO | Training epoch 1292, Batch 1000/1000: LR=2.87e-05, Loss=1.58e-02 BER=5.76e-03 FER=1.54e-01
2025-10-28 22:59:47,057 | INFO | Epoch 1292 Train Time 13.286437273025513s

2025-10-28 22:59:59,804 | INFO | Training epoch 1293, Batch 1000/1000: LR=2.86e-05, Loss=1.60e-02 BER=5.78e-03 FER=1.54e-01
2025-10-28 22:59:59,842 | INFO | Epoch 1293 Train Time 12.78532075881958s

2025-10-28 23:00:12,980 | INFO | Training epoch 1294, Batch 1000/1000: LR=2.85e-05, Loss=1.59e-02 BER=5.77e-03 FER=1.53e-01
2025-10-28 23:00:13,016 | INFO | Epoch 1294 Train Time 13.173157215118408s

2025-10-28 23:00:26,876 | INFO | Training epoch 1295, Batch 1000/1000: LR=2.84e-05, Loss=1.59e-02 BER=5.79e-03 FER=1.53e-01
2025-10-28 23:00:26,921 | INFO | Epoch 1295 Train Time 13.904720306396484s

2025-10-28 23:00:40,482 | INFO | Training epoch 1296, Batch 1000/1000: LR=2.84e-05, Loss=1.57e-02 BER=5.74e-03 FER=1.53e-01
2025-10-28 23:00:40,523 | INFO | Epoch 1296 Train Time 13.600808143615723s

2025-10-28 23:00:54,788 | INFO | Training epoch 1297, Batch 1000/1000: LR=2.83e-05, Loss=1.60e-02 BER=5.81e-03 FER=1.55e-01
2025-10-28 23:00:54,828 | INFO | Epoch 1297 Train Time 14.304738521575928s

2025-10-28 23:01:07,274 | INFO | Training epoch 1298, Batch 1000/1000: LR=2.82e-05, Loss=1.59e-02 BER=5.77e-03 FER=1.53e-01
2025-10-28 23:01:07,313 | INFO | Epoch 1298 Train Time 12.485025405883789s

2025-10-28 23:01:20,063 | INFO | Training epoch 1299, Batch 1000/1000: LR=2.82e-05, Loss=1.56e-02 BER=5.65e-03 FER=1.50e-01
2025-10-28 23:01:20,114 | INFO | Epoch 1299 Train Time 12.800025939941406s

2025-10-28 23:01:34,067 | INFO | Training epoch 1300, Batch 1000/1000: LR=2.81e-05, Loss=1.58e-02 BER=5.73e-03 FER=1.52e-01
2025-10-28 23:01:34,112 | INFO | Epoch 1300 Train Time 13.99723505973816s

2025-10-28 23:01:48,583 | INFO | Training epoch 1301, Batch 1000/1000: LR=2.80e-05, Loss=1.57e-02 BER=5.72e-03 FER=1.53e-01
2025-10-28 23:01:48,630 | INFO | Epoch 1301 Train Time 14.517435789108276s

2025-10-28 23:02:03,051 | INFO | Training epoch 1302, Batch 1000/1000: LR=2.80e-05, Loss=1.61e-02 BER=5.87e-03 FER=1.56e-01
2025-10-28 23:02:03,109 | INFO | Epoch 1302 Train Time 14.478361129760742s

2025-10-28 23:02:17,111 | INFO | Training epoch 1303, Batch 1000/1000: LR=2.79e-05, Loss=1.57e-02 BER=5.71e-03 FER=1.52e-01
2025-10-28 23:02:17,154 | INFO | Epoch 1303 Train Time 14.04504108428955s

2025-10-28 23:02:30,272 | INFO | Training epoch 1304, Batch 1000/1000: LR=2.78e-05, Loss=1.58e-02 BER=5.76e-03 FER=1.54e-01
2025-10-28 23:02:30,323 | INFO | Epoch 1304 Train Time 13.168476104736328s

2025-10-28 23:02:44,218 | INFO | Training epoch 1305, Batch 1000/1000: LR=2.78e-05, Loss=1.58e-02 BER=5.74e-03 FER=1.53e-01
2025-10-28 23:02:44,272 | INFO | Epoch 1305 Train Time 13.947736978530884s

2025-10-28 23:02:56,274 | INFO | Training epoch 1306, Batch 1000/1000: LR=2.77e-05, Loss=1.58e-02 BER=5.79e-03 FER=1.54e-01
2025-10-28 23:02:56,315 | INFO | Epoch 1306 Train Time 12.041916847229004s

2025-10-28 23:03:10,040 | INFO | Training epoch 1307, Batch 1000/1000: LR=2.76e-05, Loss=1.59e-02 BER=5.76e-03 FER=1.54e-01
2025-10-28 23:03:10,093 | INFO | Epoch 1307 Train Time 13.777615308761597s

2025-10-28 23:03:23,159 | INFO | Training epoch 1308, Batch 1000/1000: LR=2.75e-05, Loss=1.59e-02 BER=5.77e-03 FER=1.54e-01
2025-10-28 23:03:23,212 | INFO | Epoch 1308 Train Time 13.11804461479187s

2025-10-28 23:03:35,900 | INFO | Training epoch 1309, Batch 1000/1000: LR=2.75e-05, Loss=1.57e-02 BER=5.73e-03 FER=1.52e-01
2025-10-28 23:03:35,943 | INFO | Epoch 1309 Train Time 12.72984504699707s

2025-10-28 23:03:50,266 | INFO | Training epoch 1310, Batch 1000/1000: LR=2.74e-05, Loss=1.59e-02 BER=5.75e-03 FER=1.53e-01
2025-10-28 23:03:50,308 | INFO | Epoch 1310 Train Time 14.364247560501099s

2025-10-28 23:04:03,639 | INFO | Training epoch 1311, Batch 1000/1000: LR=2.73e-05, Loss=1.59e-02 BER=5.75e-03 FER=1.53e-01
2025-10-28 23:04:03,685 | INFO | Epoch 1311 Train Time 13.376144647598267s

2025-10-28 23:04:16,424 | INFO | Training epoch 1312, Batch 1000/1000: LR=2.73e-05, Loss=1.58e-02 BER=5.74e-03 FER=1.53e-01
2025-10-28 23:04:16,467 | INFO | Epoch 1312 Train Time 12.78126835823059s

2025-10-28 23:04:29,532 | INFO | Training epoch 1313, Batch 1000/1000: LR=2.72e-05, Loss=1.59e-02 BER=5.76e-03 FER=1.52e-01
2025-10-28 23:04:29,576 | INFO | Epoch 1313 Train Time 13.108419179916382s

2025-10-28 23:04:43,349 | INFO | Training epoch 1314, Batch 1000/1000: LR=2.71e-05, Loss=1.58e-02 BER=5.75e-03 FER=1.54e-01
2025-10-28 23:04:43,401 | INFO | Epoch 1314 Train Time 13.825157165527344s

2025-10-28 23:04:57,325 | INFO | Training epoch 1315, Batch 1000/1000: LR=2.71e-05, Loss=1.57e-02 BER=5.73e-03 FER=1.53e-01
2025-10-28 23:04:57,376 | INFO | Epoch 1315 Train Time 13.973626136779785s

2025-10-28 23:05:11,841 | INFO | Training epoch 1316, Batch 1000/1000: LR=2.70e-05, Loss=1.56e-02 BER=5.72e-03 FER=1.52e-01
2025-10-28 23:05:11,895 | INFO | Epoch 1316 Train Time 14.518980503082275s

2025-10-28 23:05:25,578 | INFO | Training epoch 1317, Batch 1000/1000: LR=2.69e-05, Loss=1.58e-02 BER=5.74e-03 FER=1.52e-01
2025-10-28 23:05:25,619 | INFO | Epoch 1317 Train Time 13.723244667053223s

2025-10-28 23:05:38,429 | INFO | Training epoch 1318, Batch 1000/1000: LR=2.69e-05, Loss=1.58e-02 BER=5.76e-03 FER=1.52e-01
2025-10-28 23:05:38,468 | INFO | Epoch 1318 Train Time 12.848302841186523s

2025-10-28 23:05:51,281 | INFO | Training epoch 1319, Batch 1000/1000: LR=2.68e-05, Loss=1.59e-02 BER=5.77e-03 FER=1.52e-01
2025-10-28 23:05:51,329 | INFO | Epoch 1319 Train Time 12.860641717910767s

2025-10-28 23:06:04,132 | INFO | Training epoch 1320, Batch 1000/1000: LR=2.67e-05, Loss=1.60e-02 BER=5.81e-03 FER=1.54e-01
2025-10-28 23:06:04,181 | INFO | Epoch 1320 Train Time 12.851056337356567s

2025-10-28 23:06:17,729 | INFO | Training epoch 1321, Batch 1000/1000: LR=2.67e-05, Loss=1.59e-02 BER=5.82e-03 FER=1.54e-01
2025-10-28 23:06:17,781 | INFO | Epoch 1321 Train Time 13.599340677261353s

2025-10-28 23:06:31,590 | INFO | Training epoch 1322, Batch 1000/1000: LR=2.66e-05, Loss=1.60e-02 BER=5.80e-03 FER=1.55e-01
2025-10-28 23:06:31,640 | INFO | Epoch 1322 Train Time 13.858665466308594s

2025-10-28 23:06:45,172 | INFO | Training epoch 1323, Batch 1000/1000: LR=2.65e-05, Loss=1.59e-02 BER=5.82e-03 FER=1.54e-01
2025-10-28 23:06:45,211 | INFO | Epoch 1323 Train Time 13.570436954498291s

2025-10-28 23:06:58,259 | INFO | Training epoch 1324, Batch 1000/1000: LR=2.64e-05, Loss=1.58e-02 BER=5.72e-03 FER=1.52e-01
2025-10-28 23:06:58,306 | INFO | Epoch 1324 Train Time 13.093616485595703s

2025-10-28 23:07:11,523 | INFO | Training epoch 1325, Batch 1000/1000: LR=2.64e-05, Loss=1.58e-02 BER=5.76e-03 FER=1.52e-01
2025-10-28 23:07:11,562 | INFO | Epoch 1325 Train Time 13.255958080291748s

2025-10-28 23:07:25,662 | INFO | Training epoch 1326, Batch 1000/1000: LR=2.63e-05, Loss=1.56e-02 BER=5.69e-03 FER=1.52e-01
2025-10-28 23:07:25,707 | INFO | Epoch 1326 Train Time 14.144115447998047s

2025-10-28 23:07:39,342 | INFO | Training epoch 1327, Batch 1000/1000: LR=2.62e-05, Loss=1.58e-02 BER=5.75e-03 FER=1.52e-01
2025-10-28 23:07:39,385 | INFO | Epoch 1327 Train Time 13.678292036056519s

2025-10-28 23:07:51,946 | INFO | Training epoch 1328, Batch 1000/1000: LR=2.62e-05, Loss=1.60e-02 BER=5.80e-03 FER=1.54e-01
2025-10-28 23:07:51,988 | INFO | Epoch 1328 Train Time 12.602421998977661s

2025-10-28 23:08:04,025 | INFO | Training epoch 1329, Batch 1000/1000: LR=2.61e-05, Loss=1.58e-02 BER=5.78e-03 FER=1.53e-01
2025-10-28 23:08:04,062 | INFO | Epoch 1329 Train Time 12.073435068130493s

2025-10-28 23:08:16,540 | INFO | Training epoch 1330, Batch 1000/1000: LR=2.60e-05, Loss=1.58e-02 BER=5.75e-03 FER=1.53e-01
2025-10-28 23:08:16,577 | INFO | Epoch 1330 Train Time 12.514819383621216s

2025-10-28 23:08:29,312 | INFO | Training epoch 1331, Batch 1000/1000: LR=2.60e-05, Loss=1.59e-02 BER=5.79e-03 FER=1.54e-01
2025-10-28 23:08:29,357 | INFO | Epoch 1331 Train Time 12.7789626121521s

2025-10-28 23:08:42,945 | INFO | Training epoch 1332, Batch 1000/1000: LR=2.59e-05, Loss=1.58e-02 BER=5.76e-03 FER=1.53e-01
2025-10-28 23:08:42,987 | INFO | Epoch 1332 Train Time 13.629717350006104s

2025-10-28 23:08:55,574 | INFO | Training epoch 1333, Batch 1000/1000: LR=2.58e-05, Loss=1.59e-02 BER=5.81e-03 FER=1.55e-01
2025-10-28 23:08:55,609 | INFO | Epoch 1333 Train Time 12.621775150299072s

2025-10-28 23:09:08,071 | INFO | Training epoch 1334, Batch 1000/1000: LR=2.58e-05, Loss=1.57e-02 BER=5.69e-03 FER=1.52e-01
2025-10-28 23:09:08,114 | INFO | Epoch 1334 Train Time 12.503777742385864s

2025-10-28 23:09:21,173 | INFO | Training epoch 1335, Batch 1000/1000: LR=2.57e-05, Loss=1.62e-02 BER=5.90e-03 FER=1.55e-01
2025-10-28 23:09:21,223 | INFO | Epoch 1335 Train Time 13.108474731445312s

2025-10-28 23:09:33,469 | INFO | Training epoch 1336, Batch 1000/1000: LR=2.56e-05, Loss=1.57e-02 BER=5.72e-03 FER=1.51e-01
2025-10-28 23:09:33,509 | INFO | Epoch 1336 Train Time 12.285999059677124s

2025-10-28 23:09:47,030 | INFO | Training epoch 1337, Batch 1000/1000: LR=2.56e-05, Loss=1.60e-02 BER=5.79e-03 FER=1.54e-01
2025-10-28 23:09:47,075 | INFO | Epoch 1337 Train Time 13.565317392349243s

2025-10-28 23:10:00,445 | INFO | Training epoch 1338, Batch 1000/1000: LR=2.55e-05, Loss=1.60e-02 BER=5.81e-03 FER=1.55e-01
2025-10-28 23:10:00,490 | INFO | Epoch 1338 Train Time 13.41357946395874s

2025-10-28 23:10:13,996 | INFO | Training epoch 1339, Batch 1000/1000: LR=2.54e-05, Loss=1.58e-02 BER=5.76e-03 FER=1.54e-01
2025-10-28 23:10:14,045 | INFO | Epoch 1339 Train Time 13.554957151412964s

2025-10-28 23:10:27,737 | INFO | Training epoch 1340, Batch 1000/1000: LR=2.54e-05, Loss=1.58e-02 BER=5.76e-03 FER=1.53e-01
2025-10-28 23:10:27,787 | INFO | Epoch 1340 Train Time 13.741009950637817s

2025-10-28 23:10:41,573 | INFO | Training epoch 1341, Batch 1000/1000: LR=2.53e-05, Loss=1.58e-02 BER=5.74e-03 FER=1.52e-01
2025-10-28 23:10:41,611 | INFO | Epoch 1341 Train Time 13.823532342910767s

2025-10-28 23:10:55,381 | INFO | Training epoch 1342, Batch 1000/1000: LR=2.52e-05, Loss=1.57e-02 BER=5.70e-03 FER=1.53e-01
2025-10-28 23:10:55,422 | INFO | Epoch 1342 Train Time 13.810133934020996s

2025-10-28 23:11:08,372 | INFO | Training epoch 1343, Batch 1000/1000: LR=2.52e-05, Loss=1.56e-02 BER=5.67e-03 FER=1.52e-01
2025-10-28 23:11:08,415 | INFO | Epoch 1343 Train Time 12.992945909500122s

2025-10-28 23:11:08,416 | INFO | [P1] saving best_model with loss 0.015552 at epoch 1343
2025-10-28 23:11:22,112 | INFO | Training epoch 1344, Batch 1000/1000: LR=2.51e-05, Loss=1.59e-02 BER=5.80e-03 FER=1.53e-01
2025-10-28 23:11:22,156 | INFO | Epoch 1344 Train Time 13.729302644729614s

2025-10-28 23:11:36,239 | INFO | Training epoch 1345, Batch 1000/1000: LR=2.50e-05, Loss=1.58e-02 BER=5.72e-03 FER=1.52e-01
2025-10-28 23:11:36,280 | INFO | Epoch 1345 Train Time 14.123242139816284s

2025-10-28 23:11:50,961 | INFO | Training epoch 1346, Batch 1000/1000: LR=2.50e-05, Loss=1.60e-02 BER=5.78e-03 FER=1.54e-01
2025-10-28 23:11:51,000 | INFO | Epoch 1346 Train Time 14.718530416488647s

2025-10-28 23:12:04,260 | INFO | Training epoch 1347, Batch 1000/1000: LR=2.49e-05, Loss=1.60e-02 BER=5.83e-03 FER=1.55e-01
2025-10-28 23:12:04,310 | INFO | Epoch 1347 Train Time 13.309675931930542s

2025-10-28 23:12:18,116 | INFO | Training epoch 1348, Batch 1000/1000: LR=2.48e-05, Loss=1.60e-02 BER=5.82e-03 FER=1.55e-01
2025-10-28 23:12:18,156 | INFO | Epoch 1348 Train Time 13.84592056274414s

2025-10-28 23:12:31,085 | INFO | Training epoch 1349, Batch 1000/1000: LR=2.48e-05, Loss=1.58e-02 BER=5.76e-03 FER=1.53e-01
2025-10-28 23:12:31,126 | INFO | Epoch 1349 Train Time 12.968662738800049s

2025-10-28 23:12:45,009 | INFO | Training epoch 1350, Batch 1000/1000: LR=2.47e-05, Loss=1.56e-02 BER=5.70e-03 FER=1.52e-01
2025-10-28 23:12:45,052 | INFO | Epoch 1350 Train Time 13.926037549972534s

2025-10-28 23:12:58,294 | INFO | Training epoch 1351, Batch 1000/1000: LR=2.46e-05, Loss=1.58e-02 BER=5.76e-03 FER=1.53e-01
2025-10-28 23:12:58,335 | INFO | Epoch 1351 Train Time 13.28181529045105s

2025-10-28 23:13:11,864 | INFO | Training epoch 1352, Batch 1000/1000: LR=2.46e-05, Loss=1.57e-02 BER=5.73e-03 FER=1.52e-01
2025-10-28 23:13:11,902 | INFO | Epoch 1352 Train Time 13.566904067993164s

2025-10-28 23:13:25,319 | INFO | Training epoch 1353, Batch 1000/1000: LR=2.45e-05, Loss=1.57e-02 BER=5.72e-03 FER=1.52e-01
2025-10-28 23:13:25,358 | INFO | Epoch 1353 Train Time 13.455196380615234s

2025-10-28 23:13:38,153 | INFO | Training epoch 1354, Batch 1000/1000: LR=2.44e-05, Loss=1.57e-02 BER=5.70e-03 FER=1.52e-01
2025-10-28 23:13:38,199 | INFO | Epoch 1354 Train Time 12.840327024459839s

2025-10-28 23:13:50,963 | INFO | Training epoch 1355, Batch 1000/1000: LR=2.44e-05, Loss=1.57e-02 BER=5.73e-03 FER=1.52e-01
2025-10-28 23:13:51,003 | INFO | Epoch 1355 Train Time 12.803155422210693s

2025-10-28 23:14:04,181 | INFO | Training epoch 1356, Batch 1000/1000: LR=2.43e-05, Loss=1.59e-02 BER=5.81e-03 FER=1.54e-01
2025-10-28 23:14:04,224 | INFO | Epoch 1356 Train Time 13.220674514770508s

2025-10-28 23:14:18,571 | INFO | Training epoch 1357, Batch 1000/1000: LR=2.42e-05, Loss=1.57e-02 BER=5.72e-03 FER=1.53e-01
2025-10-28 23:14:18,606 | INFO | Epoch 1357 Train Time 14.381735563278198s

2025-10-28 23:14:31,994 | INFO | Training epoch 1358, Batch 1000/1000: LR=2.42e-05, Loss=1.58e-02 BER=5.75e-03 FER=1.53e-01
2025-10-28 23:14:32,034 | INFO | Epoch 1358 Train Time 13.42766284942627s

2025-10-28 23:14:44,559 | INFO | Training epoch 1359, Batch 1000/1000: LR=2.41e-05, Loss=1.58e-02 BER=5.73e-03 FER=1.53e-01
2025-10-28 23:14:44,604 | INFO | Epoch 1359 Train Time 12.568947553634644s

2025-10-28 23:14:57,990 | INFO | Training epoch 1360, Batch 1000/1000: LR=2.40e-05, Loss=1.57e-02 BER=5.68e-03 FER=1.53e-01
2025-10-28 23:14:58,034 | INFO | Epoch 1360 Train Time 13.429000616073608s

2025-10-28 23:15:12,297 | INFO | Training epoch 1361, Batch 1000/1000: LR=2.40e-05, Loss=1.57e-02 BER=5.71e-03 FER=1.52e-01
2025-10-28 23:15:12,350 | INFO | Epoch 1361 Train Time 14.315810441970825s

2025-10-28 23:15:25,311 | INFO | Training epoch 1362, Batch 1000/1000: LR=2.39e-05, Loss=1.59e-02 BER=5.74e-03 FER=1.53e-01
2025-10-28 23:15:25,352 | INFO | Epoch 1362 Train Time 13.001076459884644s

2025-10-28 23:15:37,638 | INFO | Training epoch 1363, Batch 1000/1000: LR=2.38e-05, Loss=1.56e-02 BER=5.67e-03 FER=1.51e-01
2025-10-28 23:15:37,682 | INFO | Epoch 1363 Train Time 12.329731225967407s

2025-10-28 23:15:51,776 | INFO | Training epoch 1364, Batch 1000/1000: LR=2.38e-05, Loss=1.59e-02 BER=5.77e-03 FER=1.53e-01
2025-10-28 23:15:51,823 | INFO | Epoch 1364 Train Time 14.139914751052856s

2025-10-28 23:16:05,483 | INFO | Training epoch 1365, Batch 1000/1000: LR=2.37e-05, Loss=1.57e-02 BER=5.72e-03 FER=1.52e-01
2025-10-28 23:16:05,528 | INFO | Epoch 1365 Train Time 13.70486831665039s

2025-10-28 23:16:18,812 | INFO | Training epoch 1366, Batch 1000/1000: LR=2.36e-05, Loss=1.60e-02 BER=5.80e-03 FER=1.54e-01
2025-10-28 23:16:18,856 | INFO | Epoch 1366 Train Time 13.32712459564209s

2025-10-28 23:16:30,971 | INFO | Training epoch 1367, Batch 1000/1000: LR=2.36e-05, Loss=1.58e-02 BER=5.75e-03 FER=1.53e-01
2025-10-28 23:16:31,006 | INFO | Epoch 1367 Train Time 12.149389743804932s

2025-10-28 23:16:44,295 | INFO | Training epoch 1368, Batch 1000/1000: LR=2.35e-05, Loss=1.59e-02 BER=5.78e-03 FER=1.53e-01
2025-10-28 23:16:44,339 | INFO | Epoch 1368 Train Time 13.332507848739624s

2025-10-28 23:16:57,887 | INFO | Training epoch 1369, Batch 1000/1000: LR=2.35e-05, Loss=1.57e-02 BER=5.75e-03 FER=1.53e-01
2025-10-28 23:16:57,946 | INFO | Epoch 1369 Train Time 13.6066312789917s

2025-10-28 23:17:11,987 | INFO | Training epoch 1370, Batch 1000/1000: LR=2.34e-05, Loss=1.57e-02 BER=5.69e-03 FER=1.52e-01
2025-10-28 23:17:12,033 | INFO | Epoch 1370 Train Time 14.0856614112854s

2025-10-28 23:17:25,614 | INFO | Training epoch 1371, Batch 1000/1000: LR=2.33e-05, Loss=1.58e-02 BER=5.76e-03 FER=1.53e-01
2025-10-28 23:17:25,656 | INFO | Epoch 1371 Train Time 13.6221342086792s

2025-10-28 23:17:40,023 | INFO | Training epoch 1372, Batch 1000/1000: LR=2.33e-05, Loss=1.57e-02 BER=5.75e-03 FER=1.53e-01
2025-10-28 23:17:40,063 | INFO | Epoch 1372 Train Time 14.406648874282837s

2025-10-28 23:17:52,624 | INFO | Training epoch 1373, Batch 1000/1000: LR=2.32e-05, Loss=1.58e-02 BER=5.78e-03 FER=1.54e-01
2025-10-28 23:17:52,666 | INFO | Epoch 1373 Train Time 12.60239052772522s

2025-10-28 23:18:05,474 | INFO | Training epoch 1374, Batch 1000/1000: LR=2.31e-05, Loss=1.58e-02 BER=5.76e-03 FER=1.53e-01
2025-10-28 23:18:05,515 | INFO | Epoch 1374 Train Time 12.848467111587524s

2025-10-28 23:18:19,237 | INFO | Training epoch 1375, Batch 1000/1000: LR=2.31e-05, Loss=1.59e-02 BER=5.79e-03 FER=1.53e-01
2025-10-28 23:18:19,274 | INFO | Epoch 1375 Train Time 13.758490562438965s

2025-10-28 23:18:33,863 | INFO | Training epoch 1376, Batch 1000/1000: LR=2.30e-05, Loss=1.61e-02 BER=5.85e-03 FER=1.55e-01
2025-10-28 23:18:33,903 | INFO | Epoch 1376 Train Time 14.628251552581787s

2025-10-28 23:18:46,686 | INFO | Training epoch 1377, Batch 1000/1000: LR=2.29e-05, Loss=1.57e-02 BER=5.71e-03 FER=1.52e-01
2025-10-28 23:18:46,729 | INFO | Epoch 1377 Train Time 12.824939250946045s

2025-10-28 23:18:59,229 | INFO | Training epoch 1378, Batch 1000/1000: LR=2.29e-05, Loss=1.56e-02 BER=5.71e-03 FER=1.52e-01
2025-10-28 23:18:59,274 | INFO | Epoch 1378 Train Time 12.54503846168518s

2025-10-28 23:19:12,049 | INFO | Training epoch 1379, Batch 1000/1000: LR=2.28e-05, Loss=1.58e-02 BER=5.74e-03 FER=1.52e-01
2025-10-28 23:19:12,099 | INFO | Epoch 1379 Train Time 12.824603796005249s

2025-10-28 23:19:25,509 | INFO | Training epoch 1380, Batch 1000/1000: LR=2.27e-05, Loss=1.58e-02 BER=5.76e-03 FER=1.52e-01
2025-10-28 23:19:25,551 | INFO | Epoch 1380 Train Time 13.450916528701782s

2025-10-28 23:19:38,622 | INFO | Training epoch 1381, Batch 1000/1000: LR=2.27e-05, Loss=1.58e-02 BER=5.74e-03 FER=1.54e-01
2025-10-28 23:19:38,667 | INFO | Epoch 1381 Train Time 13.114650011062622s

2025-10-28 23:19:52,257 | INFO | Training epoch 1382, Batch 1000/1000: LR=2.26e-05, Loss=1.56e-02 BER=5.67e-03 FER=1.52e-01
2025-10-28 23:19:52,309 | INFO | Epoch 1382 Train Time 13.641547918319702s

2025-10-28 23:20:05,353 | INFO | Training epoch 1383, Batch 1000/1000: LR=2.25e-05, Loss=1.58e-02 BER=5.74e-03 FER=1.53e-01
2025-10-28 23:20:05,398 | INFO | Epoch 1383 Train Time 13.088054656982422s

2025-10-28 23:20:19,799 | INFO | Training epoch 1384, Batch 1000/1000: LR=2.25e-05, Loss=1.55e-02 BER=5.62e-03 FER=1.50e-01
2025-10-28 23:20:19,839 | INFO | Epoch 1384 Train Time 14.440439701080322s

2025-10-28 23:20:19,839 | INFO | [P1] saving best_model with loss 0.015550 at epoch 1384
2025-10-28 23:20:33,273 | INFO | Training epoch 1385, Batch 1000/1000: LR=2.24e-05, Loss=1.59e-02 BER=5.77e-03 FER=1.53e-01
2025-10-28 23:20:33,314 | INFO | Epoch 1385 Train Time 13.462971210479736s

2025-10-28 23:20:47,475 | INFO | Training epoch 1386, Batch 1000/1000: LR=2.24e-05, Loss=1.57e-02 BER=5.69e-03 FER=1.52e-01
2025-10-28 23:20:47,529 | INFO | Epoch 1386 Train Time 14.21467900276184s

2025-10-28 23:21:00,411 | INFO | Training epoch 1387, Batch 1000/1000: LR=2.23e-05, Loss=1.56e-02 BER=5.67e-03 FER=1.52e-01
2025-10-28 23:21:00,448 | INFO | Epoch 1387 Train Time 12.918348789215088s

2025-10-28 23:21:13,877 | INFO | Training epoch 1388, Batch 1000/1000: LR=2.22e-05, Loss=1.57e-02 BER=5.68e-03 FER=1.51e-01
2025-10-28 23:21:13,916 | INFO | Epoch 1388 Train Time 13.466875076293945s

2025-10-28 23:21:27,894 | INFO | Training epoch 1389, Batch 1000/1000: LR=2.22e-05, Loss=1.57e-02 BER=5.70e-03 FER=1.52e-01
2025-10-28 23:21:27,941 | INFO | Epoch 1389 Train Time 14.024952173233032s

2025-10-28 23:21:41,040 | INFO | Training epoch 1390, Batch 1000/1000: LR=2.21e-05, Loss=1.59e-02 BER=5.77e-03 FER=1.55e-01
2025-10-28 23:21:41,083 | INFO | Epoch 1390 Train Time 13.14115309715271s

2025-10-28 23:21:54,085 | INFO | Training epoch 1391, Batch 1000/1000: LR=2.20e-05, Loss=1.59e-02 BER=5.82e-03 FER=1.54e-01
2025-10-28 23:21:54,121 | INFO | Epoch 1391 Train Time 13.036704540252686s

2025-10-28 23:22:07,050 | INFO | Training epoch 1392, Batch 1000/1000: LR=2.20e-05, Loss=1.58e-02 BER=5.75e-03 FER=1.53e-01
2025-10-28 23:22:07,090 | INFO | Epoch 1392 Train Time 12.968584060668945s

2025-10-28 23:22:19,922 | INFO | Training epoch 1393, Batch 1000/1000: LR=2.19e-05, Loss=1.58e-02 BER=5.73e-03 FER=1.53e-01
2025-10-28 23:22:19,964 | INFO | Epoch 1393 Train Time 12.8728506565094s

2025-10-28 23:22:33,656 | INFO | Training epoch 1394, Batch 1000/1000: LR=2.18e-05, Loss=1.59e-02 BER=5.75e-03 FER=1.53e-01
2025-10-28 23:22:33,698 | INFO | Epoch 1394 Train Time 13.733589887619019s

2025-10-28 23:22:47,685 | INFO | Training epoch 1395, Batch 1000/1000: LR=2.18e-05, Loss=1.60e-02 BER=5.81e-03 FER=1.55e-01
2025-10-28 23:22:47,726 | INFO | Epoch 1395 Train Time 14.026728391647339s

2025-10-28 23:23:00,791 | INFO | Training epoch 1396, Batch 1000/1000: LR=2.17e-05, Loss=1.57e-02 BER=5.71e-03 FER=1.52e-01
2025-10-28 23:23:00,833 | INFO | Epoch 1396 Train Time 13.106884956359863s

2025-10-28 23:23:13,576 | INFO | Training epoch 1397, Batch 1000/1000: LR=2.17e-05, Loss=1.59e-02 BER=5.79e-03 FER=1.53e-01
2025-10-28 23:23:13,620 | INFO | Epoch 1397 Train Time 12.78658938407898s

2025-10-28 23:23:26,287 | INFO | Training epoch 1398, Batch 1000/1000: LR=2.16e-05, Loss=1.59e-02 BER=5.78e-03 FER=1.53e-01
2025-10-28 23:23:26,332 | INFO | Epoch 1398 Train Time 12.710763216018677s

2025-10-28 23:23:38,965 | INFO | Training epoch 1399, Batch 1000/1000: LR=2.15e-05, Loss=1.58e-02 BER=5.76e-03 FER=1.53e-01
2025-10-28 23:23:39,004 | INFO | Epoch 1399 Train Time 12.671433925628662s

2025-10-28 23:23:51,025 | INFO | Training epoch 1400, Batch 1000/1000: LR=2.15e-05, Loss=1.57e-02 BER=5.73e-03 FER=1.53e-01
2025-10-28 23:23:51,059 | INFO | Epoch 1400 Train Time 12.05413293838501s

2025-10-28 23:24:03,909 | INFO | Training epoch 1401, Batch 1000/1000: LR=2.14e-05, Loss=1.57e-02 BER=5.71e-03 FER=1.52e-01
2025-10-28 23:24:03,944 | INFO | Epoch 1401 Train Time 12.884470701217651s

2025-10-28 23:24:16,223 | INFO | Training epoch 1402, Batch 1000/1000: LR=2.13e-05, Loss=1.57e-02 BER=5.73e-03 FER=1.52e-01
2025-10-28 23:24:16,253 | INFO | Epoch 1402 Train Time 12.308496236801147s

2025-10-28 23:24:28,986 | INFO | Training epoch 1403, Batch 1000/1000: LR=2.13e-05, Loss=1.58e-02 BER=5.77e-03 FER=1.53e-01
2025-10-28 23:24:29,025 | INFO | Epoch 1403 Train Time 12.771337509155273s

2025-10-28 23:24:42,841 | INFO | Training epoch 1404, Batch 1000/1000: LR=2.12e-05, Loss=1.59e-02 BER=5.77e-03 FER=1.53e-01
2025-10-28 23:24:42,883 | INFO | Epoch 1404 Train Time 13.857566356658936s

2025-10-28 23:24:56,285 | INFO | Training epoch 1405, Batch 1000/1000: LR=2.12e-05, Loss=1.57e-02 BER=5.74e-03 FER=1.52e-01
2025-10-28 23:24:56,330 | INFO | Epoch 1405 Train Time 13.446448802947998s

2025-10-28 23:25:10,619 | INFO | Training epoch 1406, Batch 1000/1000: LR=2.11e-05, Loss=1.59e-02 BER=5.76e-03 FER=1.54e-01
2025-10-28 23:25:10,674 | INFO | Epoch 1406 Train Time 14.343710899353027s

2025-10-28 23:25:24,429 | INFO | Training epoch 1407, Batch 1000/1000: LR=2.10e-05, Loss=1.59e-02 BER=5.76e-03 FER=1.53e-01
2025-10-28 23:25:24,484 | INFO | Epoch 1407 Train Time 13.808624744415283s

2025-10-28 23:25:36,730 | INFO | Training epoch 1408, Batch 1000/1000: LR=2.10e-05, Loss=1.57e-02 BER=5.72e-03 FER=1.53e-01
2025-10-28 23:25:36,767 | INFO | Epoch 1408 Train Time 12.282358407974243s

2025-10-28 23:25:49,589 | INFO | Training epoch 1409, Batch 1000/1000: LR=2.09e-05, Loss=1.59e-02 BER=5.79e-03 FER=1.53e-01
2025-10-28 23:25:49,627 | INFO | Epoch 1409 Train Time 12.860347270965576s

2025-10-28 23:26:01,717 | INFO | Training epoch 1410, Batch 1000/1000: LR=2.08e-05, Loss=1.55e-02 BER=5.60e-03 FER=1.50e-01
2025-10-28 23:26:01,765 | INFO | Epoch 1410 Train Time 12.136840105056763s

2025-10-28 23:26:01,766 | INFO | [P1] saving best_model with loss 0.015467 at epoch 1410
2025-10-28 23:26:16,507 | INFO | Training epoch 1411, Batch 1000/1000: LR=2.08e-05, Loss=1.58e-02 BER=5.75e-03 FER=1.52e-01
2025-10-28 23:26:16,558 | INFO | Epoch 1411 Train Time 14.77705979347229s

2025-10-28 23:26:28,601 | INFO | Training epoch 1412, Batch 1000/1000: LR=2.07e-05, Loss=1.58e-02 BER=5.72e-03 FER=1.53e-01
2025-10-28 23:26:28,638 | INFO | Epoch 1412 Train Time 12.079369068145752s

2025-10-28 23:26:41,916 | INFO | Training epoch 1413, Batch 1000/1000: LR=2.07e-05, Loss=1.59e-02 BER=5.79e-03 FER=1.53e-01
2025-10-28 23:26:41,966 | INFO | Epoch 1413 Train Time 13.327521800994873s

2025-10-28 23:26:55,364 | INFO | Training epoch 1414, Batch 1000/1000: LR=2.06e-05, Loss=1.57e-02 BER=5.72e-03 FER=1.53e-01
2025-10-28 23:26:55,404 | INFO | Epoch 1414 Train Time 13.436731576919556s

2025-10-28 23:27:08,353 | INFO | Training epoch 1415, Batch 1000/1000: LR=2.05e-05, Loss=1.59e-02 BER=5.75e-03 FER=1.53e-01
2025-10-28 23:27:08,400 | INFO | Epoch 1415 Train Time 12.996150493621826s

2025-10-28 23:27:21,479 | INFO | Training epoch 1416, Batch 1000/1000: LR=2.05e-05, Loss=1.58e-02 BER=5.74e-03 FER=1.53e-01
2025-10-28 23:27:21,516 | INFO | Epoch 1416 Train Time 13.114551305770874s

2025-10-28 23:27:34,486 | INFO | Training epoch 1417, Batch 1000/1000: LR=2.04e-05, Loss=1.57e-02 BER=5.70e-03 FER=1.52e-01
2025-10-28 23:27:34,525 | INFO | Epoch 1417 Train Time 13.007711410522461s

2025-10-28 23:27:47,519 | INFO | Training epoch 1418, Batch 1000/1000: LR=2.03e-05, Loss=1.57e-02 BER=5.74e-03 FER=1.53e-01
2025-10-28 23:27:47,562 | INFO | Epoch 1418 Train Time 13.036750793457031s

2025-10-28 23:28:01,279 | INFO | Training epoch 1419, Batch 1000/1000: LR=2.03e-05, Loss=1.57e-02 BER=5.70e-03 FER=1.52e-01
2025-10-28 23:28:01,324 | INFO | Epoch 1419 Train Time 13.76180624961853s

2025-10-28 23:28:16,123 | INFO | Training epoch 1420, Batch 1000/1000: LR=2.02e-05, Loss=1.58e-02 BER=5.77e-03 FER=1.53e-01
2025-10-28 23:28:16,156 | INFO | Epoch 1420 Train Time 14.831575155258179s

2025-10-28 23:28:29,406 | INFO | Training epoch 1421, Batch 1000/1000: LR=2.02e-05, Loss=1.58e-02 BER=5.72e-03 FER=1.52e-01
2025-10-28 23:28:29,447 | INFO | Epoch 1421 Train Time 13.289803743362427s

2025-10-28 23:28:42,431 | INFO | Training epoch 1422, Batch 1000/1000: LR=2.01e-05, Loss=1.58e-02 BER=5.78e-03 FER=1.54e-01
2025-10-28 23:28:42,474 | INFO | Epoch 1422 Train Time 13.027201652526855s

2025-10-28 23:28:55,963 | INFO | Training epoch 1423, Batch 1000/1000: LR=2.00e-05, Loss=1.57e-02 BER=5.71e-03 FER=1.53e-01
2025-10-28 23:28:56,003 | INFO | Epoch 1423 Train Time 13.528037548065186s

2025-10-28 23:29:08,404 | INFO | Training epoch 1424, Batch 1000/1000: LR=2.00e-05, Loss=1.58e-02 BER=5.71e-03 FER=1.52e-01
2025-10-28 23:29:08,443 | INFO | Epoch 1424 Train Time 12.439166069030762s

2025-10-28 23:29:20,784 | INFO | Training epoch 1425, Batch 1000/1000: LR=1.99e-05, Loss=1.59e-02 BER=5.75e-03 FER=1.53e-01
2025-10-28 23:29:20,830 | INFO | Epoch 1425 Train Time 12.386361360549927s

2025-10-28 23:29:34,311 | INFO | Training epoch 1426, Batch 1000/1000: LR=1.99e-05, Loss=1.56e-02 BER=5.69e-03 FER=1.53e-01
2025-10-28 23:29:34,358 | INFO | Epoch 1426 Train Time 13.527220487594604s

2025-10-28 23:29:47,922 | INFO | Training epoch 1427, Batch 1000/1000: LR=1.98e-05, Loss=1.55e-02 BER=5.65e-03 FER=1.51e-01
2025-10-28 23:29:47,967 | INFO | Epoch 1427 Train Time 13.608527421951294s

2025-10-28 23:30:00,793 | INFO | Training epoch 1428, Batch 1000/1000: LR=1.97e-05, Loss=1.56e-02 BER=5.68e-03 FER=1.52e-01
2025-10-28 23:30:00,846 | INFO | Epoch 1428 Train Time 12.877816915512085s

2025-10-28 23:30:13,780 | INFO | Training epoch 1429, Batch 1000/1000: LR=1.97e-05, Loss=1.57e-02 BER=5.71e-03 FER=1.52e-01
2025-10-28 23:30:13,833 | INFO | Epoch 1429 Train Time 12.986651420593262s

2025-10-28 23:30:27,898 | INFO | Training epoch 1430, Batch 1000/1000: LR=1.96e-05, Loss=1.57e-02 BER=5.70e-03 FER=1.54e-01
2025-10-28 23:30:27,946 | INFO | Epoch 1430 Train Time 14.112478733062744s

2025-10-28 23:30:41,354 | INFO | Training epoch 1431, Batch 1000/1000: LR=1.96e-05, Loss=1.59e-02 BER=5.78e-03 FER=1.53e-01
2025-10-28 23:30:41,400 | INFO | Epoch 1431 Train Time 13.453036785125732s

2025-10-28 23:30:55,261 | INFO | Training epoch 1432, Batch 1000/1000: LR=1.95e-05, Loss=1.57e-02 BER=5.74e-03 FER=1.52e-01
2025-10-28 23:30:55,293 | INFO | Epoch 1432 Train Time 13.892843008041382s

2025-10-28 23:31:09,785 | INFO | Training epoch 1433, Batch 1000/1000: LR=1.94e-05, Loss=1.58e-02 BER=5.78e-03 FER=1.54e-01
2025-10-28 23:31:09,828 | INFO | Epoch 1433 Train Time 14.534078359603882s

2025-10-28 23:31:22,692 | INFO | Training epoch 1434, Batch 1000/1000: LR=1.94e-05, Loss=1.55e-02 BER=5.65e-03 FER=1.50e-01
2025-10-28 23:31:22,740 | INFO | Epoch 1434 Train Time 12.911590814590454s

2025-10-28 23:31:36,115 | INFO | Training epoch 1435, Batch 1000/1000: LR=1.93e-05, Loss=1.58e-02 BER=5.76e-03 FER=1.53e-01
2025-10-28 23:31:36,151 | INFO | Epoch 1435 Train Time 13.410039901733398s

2025-10-28 23:31:49,930 | INFO | Training epoch 1436, Batch 1000/1000: LR=1.92e-05, Loss=1.56e-02 BER=5.66e-03 FER=1.52e-01
2025-10-28 23:31:49,972 | INFO | Epoch 1436 Train Time 13.820187330245972s

2025-10-28 23:32:03,536 | INFO | Training epoch 1437, Batch 1000/1000: LR=1.92e-05, Loss=1.58e-02 BER=5.75e-03 FER=1.54e-01
2025-10-28 23:32:03,580 | INFO | Epoch 1437 Train Time 13.607397317886353s

2025-10-28 23:32:18,053 | INFO | Training epoch 1438, Batch 1000/1000: LR=1.91e-05, Loss=1.60e-02 BER=5.84e-03 FER=1.54e-01
2025-10-28 23:32:18,117 | INFO | Epoch 1438 Train Time 14.537064790725708s

2025-10-28 23:32:32,362 | INFO | Training epoch 1439, Batch 1000/1000: LR=1.91e-05, Loss=1.59e-02 BER=5.80e-03 FER=1.53e-01
2025-10-28 23:32:32,416 | INFO | Epoch 1439 Train Time 14.298022747039795s

2025-10-28 23:32:45,630 | INFO | Training epoch 1440, Batch 1000/1000: LR=1.90e-05, Loss=1.60e-02 BER=5.81e-03 FER=1.54e-01
2025-10-28 23:32:45,674 | INFO | Epoch 1440 Train Time 13.257412910461426s

2025-10-28 23:32:59,156 | INFO | Training epoch 1441, Batch 1000/1000: LR=1.89e-05, Loss=1.58e-02 BER=5.70e-03 FER=1.52e-01
2025-10-28 23:32:59,204 | INFO | Epoch 1441 Train Time 13.529142618179321s

2025-10-28 23:33:13,197 | INFO | Training epoch 1442, Batch 1000/1000: LR=1.89e-05, Loss=1.59e-02 BER=5.78e-03 FER=1.54e-01
2025-10-28 23:33:13,243 | INFO | Epoch 1442 Train Time 14.03873085975647s

2025-10-28 23:33:27,993 | INFO | Training epoch 1443, Batch 1000/1000: LR=1.88e-05, Loss=1.59e-02 BER=5.81e-03 FER=1.55e-01
2025-10-28 23:33:28,046 | INFO | Epoch 1443 Train Time 14.802302360534668s

2025-10-28 23:33:41,536 | INFO | Training epoch 1444, Batch 1000/1000: LR=1.88e-05, Loss=1.59e-02 BER=5.78e-03 FER=1.54e-01
2025-10-28 23:33:41,586 | INFO | Epoch 1444 Train Time 13.53958535194397s

2025-10-28 23:33:54,556 | INFO | Training epoch 1445, Batch 1000/1000: LR=1.87e-05, Loss=1.56e-02 BER=5.69e-03 FER=1.52e-01
2025-10-28 23:33:54,606 | INFO | Epoch 1445 Train Time 13.018900632858276s

2025-10-28 23:34:07,760 | INFO | Training epoch 1446, Batch 1000/1000: LR=1.86e-05, Loss=1.58e-02 BER=5.75e-03 FER=1.53e-01
2025-10-28 23:34:07,799 | INFO | Epoch 1446 Train Time 13.192374229431152s

2025-10-28 23:34:20,749 | INFO | Training epoch 1447, Batch 1000/1000: LR=1.86e-05, Loss=1.60e-02 BER=5.81e-03 FER=1.54e-01
2025-10-28 23:34:20,788 | INFO | Epoch 1447 Train Time 12.988334894180298s

2025-10-28 23:34:33,652 | INFO | Training epoch 1448, Batch 1000/1000: LR=1.85e-05, Loss=1.55e-02 BER=5.63e-03 FER=1.52e-01
2025-10-28 23:34:33,693 | INFO | Epoch 1448 Train Time 12.904661178588867s

2025-10-28 23:34:47,267 | INFO | Training epoch 1449, Batch 1000/1000: LR=1.85e-05, Loss=1.59e-02 BER=5.78e-03 FER=1.53e-01
2025-10-28 23:34:47,314 | INFO | Epoch 1449 Train Time 13.62029767036438s

2025-10-28 23:35:00,794 | INFO | Training epoch 1450, Batch 1000/1000: LR=1.84e-05, Loss=1.57e-02 BER=5.75e-03 FER=1.53e-01
2025-10-28 23:35:00,850 | INFO | Epoch 1450 Train Time 13.536026000976562s

2025-10-28 23:35:14,235 | INFO | Training epoch 1451, Batch 1000/1000: LR=1.84e-05, Loss=1.58e-02 BER=5.73e-03 FER=1.52e-01
2025-10-28 23:35:14,277 | INFO | Epoch 1451 Train Time 13.426391124725342s

2025-10-28 23:35:27,537 | INFO | Training epoch 1452, Batch 1000/1000: LR=1.83e-05, Loss=1.59e-02 BER=5.76e-03 FER=1.53e-01
2025-10-28 23:35:27,588 | INFO | Epoch 1452 Train Time 13.310083627700806s

2025-10-28 23:35:41,322 | INFO | Training epoch 1453, Batch 1000/1000: LR=1.82e-05, Loss=1.58e-02 BER=5.73e-03 FER=1.52e-01
2025-10-28 23:35:41,363 | INFO | Epoch 1453 Train Time 13.774098634719849s

2025-10-28 23:35:54,422 | INFO | Training epoch 1454, Batch 1000/1000: LR=1.82e-05, Loss=1.58e-02 BER=5.76e-03 FER=1.53e-01
2025-10-28 23:35:54,465 | INFO | Epoch 1454 Train Time 13.10193157196045s

2025-10-28 23:36:08,101 | INFO | Training epoch 1455, Batch 1000/1000: LR=1.81e-05, Loss=1.58e-02 BER=5.69e-03 FER=1.52e-01
2025-10-28 23:36:08,152 | INFO | Epoch 1455 Train Time 13.685778379440308s

2025-10-28 23:36:21,661 | INFO | Training epoch 1456, Batch 1000/1000: LR=1.81e-05, Loss=1.58e-02 BER=5.74e-03 FER=1.53e-01
2025-10-28 23:36:21,714 | INFO | Epoch 1456 Train Time 13.561177730560303s

2025-10-28 23:36:35,116 | INFO | Training epoch 1457, Batch 1000/1000: LR=1.80e-05, Loss=1.57e-02 BER=5.70e-03 FER=1.52e-01
2025-10-28 23:36:35,156 | INFO | Epoch 1457 Train Time 13.441532373428345s

2025-10-28 23:36:49,107 | INFO | Training epoch 1458, Batch 1000/1000: LR=1.79e-05, Loss=1.58e-02 BER=5.72e-03 FER=1.52e-01
2025-10-28 23:36:49,147 | INFO | Epoch 1458 Train Time 13.991102695465088s

2025-10-28 23:37:02,871 | INFO | Training epoch 1459, Batch 1000/1000: LR=1.79e-05, Loss=1.58e-02 BER=5.76e-03 FER=1.54e-01
2025-10-28 23:37:02,904 | INFO | Epoch 1459 Train Time 13.75605297088623s

2025-10-28 23:37:15,989 | INFO | Training epoch 1460, Batch 1000/1000: LR=1.78e-05, Loss=1.57e-02 BER=5.71e-03 FER=1.52e-01
2025-10-28 23:37:16,030 | INFO | Epoch 1460 Train Time 13.126164436340332s

2025-10-28 23:37:28,912 | INFO | Training epoch 1461, Batch 1000/1000: LR=1.78e-05, Loss=1.57e-02 BER=5.69e-03 FER=1.52e-01
2025-10-28 23:37:28,957 | INFO | Epoch 1461 Train Time 12.925949573516846s

2025-10-28 23:37:42,782 | INFO | Training epoch 1462, Batch 1000/1000: LR=1.77e-05, Loss=1.57e-02 BER=5.66e-03 FER=1.52e-01
2025-10-28 23:37:42,824 | INFO | Epoch 1462 Train Time 13.866853952407837s

2025-10-28 23:37:56,974 | INFO | Training epoch 1463, Batch 1000/1000: LR=1.76e-05, Loss=1.58e-02 BER=5.78e-03 FER=1.53e-01
2025-10-28 23:37:57,021 | INFO | Epoch 1463 Train Time 14.19642186164856s

2025-10-28 23:38:10,058 | INFO | Training epoch 1464, Batch 1000/1000: LR=1.76e-05, Loss=1.56e-02 BER=5.69e-03 FER=1.52e-01
2025-10-28 23:38:10,101 | INFO | Epoch 1464 Train Time 13.078750133514404s

2025-10-28 23:38:24,299 | INFO | Training epoch 1465, Batch 1000/1000: LR=1.75e-05, Loss=1.56e-02 BER=5.73e-03 FER=1.52e-01
2025-10-28 23:38:24,335 | INFO | Epoch 1465 Train Time 14.233649492263794s

2025-10-28 23:38:38,332 | INFO | Training epoch 1466, Batch 1000/1000: LR=1.75e-05, Loss=1.57e-02 BER=5.65e-03 FER=1.52e-01
2025-10-28 23:38:38,403 | INFO | Epoch 1466 Train Time 14.067278385162354s

2025-10-28 23:38:51,838 | INFO | Training epoch 1467, Batch 1000/1000: LR=1.74e-05, Loss=1.60e-02 BER=5.80e-03 FER=1.53e-01
2025-10-28 23:38:51,882 | INFO | Epoch 1467 Train Time 13.478176355361938s

2025-10-28 23:39:05,316 | INFO | Training epoch 1468, Batch 1000/1000: LR=1.74e-05, Loss=1.58e-02 BER=5.75e-03 FER=1.52e-01
2025-10-28 23:39:05,357 | INFO | Epoch 1468 Train Time 13.473989009857178s

2025-10-28 23:39:19,044 | INFO | Training epoch 1469, Batch 1000/1000: LR=1.73e-05, Loss=1.55e-02 BER=5.64e-03 FER=1.51e-01
2025-10-28 23:39:19,087 | INFO | Epoch 1469 Train Time 13.72937297821045s

2025-10-28 23:39:31,634 | INFO | Training epoch 1470, Batch 1000/1000: LR=1.72e-05, Loss=1.58e-02 BER=5.75e-03 FER=1.55e-01
2025-10-28 23:39:31,669 | INFO | Epoch 1470 Train Time 12.581186294555664s

2025-10-28 23:39:45,920 | INFO | Training epoch 1471, Batch 1000/1000: LR=1.72e-05, Loss=1.58e-02 BER=5.73e-03 FER=1.53e-01
2025-10-28 23:39:45,967 | INFO | Epoch 1471 Train Time 14.29605770111084s

2025-10-28 23:40:00,186 | INFO | Training epoch 1472, Batch 1000/1000: LR=1.71e-05, Loss=1.59e-02 BER=5.77e-03 FER=1.54e-01
2025-10-28 23:40:00,233 | INFO | Epoch 1472 Train Time 14.266064643859863s

2025-10-28 23:40:15,014 | INFO | Training epoch 1473, Batch 1000/1000: LR=1.71e-05, Loss=1.57e-02 BER=5.72e-03 FER=1.52e-01
2025-10-28 23:40:15,058 | INFO | Epoch 1473 Train Time 14.823673725128174s

2025-10-28 23:40:28,866 | INFO | Training epoch 1474, Batch 1000/1000: LR=1.70e-05, Loss=1.58e-02 BER=5.72e-03 FER=1.53e-01
2025-10-28 23:40:28,917 | INFO | Epoch 1474 Train Time 13.859356880187988s

2025-10-28 23:40:42,154 | INFO | Training epoch 1475, Batch 1000/1000: LR=1.70e-05, Loss=1.59e-02 BER=5.76e-03 FER=1.53e-01
2025-10-28 23:40:42,207 | INFO | Epoch 1475 Train Time 13.28855299949646s

2025-10-28 23:40:55,839 | INFO | Training epoch 1476, Batch 1000/1000: LR=1.69e-05, Loss=1.58e-02 BER=5.73e-03 FER=1.53e-01
2025-10-28 23:40:55,880 | INFO | Epoch 1476 Train Time 13.673206567764282s

2025-10-28 23:41:10,631 | INFO | Training epoch 1477, Batch 1000/1000: LR=1.68e-05, Loss=1.55e-02 BER=5.65e-03 FER=1.51e-01
2025-10-28 23:41:10,672 | INFO | Epoch 1477 Train Time 14.790711641311646s

2025-10-28 23:41:23,719 | INFO | Training epoch 1478, Batch 1000/1000: LR=1.68e-05, Loss=1.58e-02 BER=5.74e-03 FER=1.52e-01
2025-10-28 23:41:23,768 | INFO | Epoch 1478 Train Time 13.095711469650269s

2025-10-28 23:41:36,382 | INFO | Training epoch 1479, Batch 1000/1000: LR=1.67e-05, Loss=1.57e-02 BER=5.72e-03 FER=1.53e-01
2025-10-28 23:41:36,418 | INFO | Epoch 1479 Train Time 12.649619817733765s

2025-10-28 23:41:49,569 | INFO | Training epoch 1480, Batch 1000/1000: LR=1.67e-05, Loss=1.58e-02 BER=5.76e-03 FER=1.53e-01
2025-10-28 23:41:49,608 | INFO | Epoch 1480 Train Time 13.18930172920227s

2025-10-28 23:42:03,594 | INFO | Training epoch 1481, Batch 1000/1000: LR=1.66e-05, Loss=1.59e-02 BER=5.80e-03 FER=1.54e-01
2025-10-28 23:42:03,631 | INFO | Epoch 1481 Train Time 14.021239042282104s

2025-10-28 23:42:17,489 | INFO | Training epoch 1482, Batch 1000/1000: LR=1.66e-05, Loss=1.58e-02 BER=5.76e-03 FER=1.53e-01
2025-10-28 23:42:17,528 | INFO | Epoch 1482 Train Time 13.896976947784424s

2025-10-28 23:42:30,546 | INFO | Training epoch 1483, Batch 1000/1000: LR=1.65e-05, Loss=1.56e-02 BER=5.72e-03 FER=1.52e-01
2025-10-28 23:42:30,601 | INFO | Epoch 1483 Train Time 13.071974754333496s

2025-10-28 23:42:44,585 | INFO | Training epoch 1484, Batch 1000/1000: LR=1.64e-05, Loss=1.59e-02 BER=5.76e-03 FER=1.53e-01
2025-10-28 23:42:44,630 | INFO | Epoch 1484 Train Time 14.028557062149048s

2025-10-28 23:42:58,236 | INFO | Training epoch 1485, Batch 1000/1000: LR=1.64e-05, Loss=1.58e-02 BER=5.74e-03 FER=1.54e-01
2025-10-28 23:42:58,286 | INFO | Epoch 1485 Train Time 13.655771255493164s

2025-10-28 23:43:10,929 | INFO | Training epoch 1486, Batch 1000/1000: LR=1.63e-05, Loss=1.57e-02 BER=5.71e-03 FER=1.52e-01
2025-10-28 23:43:10,968 | INFO | Epoch 1486 Train Time 12.681483268737793s

2025-10-28 23:43:23,259 | INFO | Training epoch 1487, Batch 1000/1000: LR=1.63e-05, Loss=1.57e-02 BER=5.73e-03 FER=1.53e-01
2025-10-28 23:43:23,299 | INFO | Epoch 1487 Train Time 12.329763412475586s

2025-10-28 23:43:36,628 | INFO | Training epoch 1488, Batch 1000/1000: LR=1.62e-05, Loss=1.58e-02 BER=5.74e-03 FER=1.51e-01
2025-10-28 23:43:36,673 | INFO | Epoch 1488 Train Time 13.373762845993042s

2025-10-28 23:43:49,861 | INFO | Training epoch 1489, Batch 1000/1000: LR=1.62e-05, Loss=1.56e-02 BER=5.67e-03 FER=1.51e-01
2025-10-28 23:43:49,903 | INFO | Epoch 1489 Train Time 13.229668140411377s

2025-10-28 23:44:04,062 | INFO | Training epoch 1490, Batch 1000/1000: LR=1.61e-05, Loss=1.60e-02 BER=5.82e-03 FER=1.54e-01
2025-10-28 23:44:04,112 | INFO | Epoch 1490 Train Time 14.208145141601562s

2025-10-28 23:44:16,467 | INFO | Training epoch 1491, Batch 1000/1000: LR=1.61e-05, Loss=1.56e-02 BER=5.68e-03 FER=1.52e-01
2025-10-28 23:44:16,513 | INFO | Epoch 1491 Train Time 12.400635242462158s

2025-10-28 23:44:29,936 | INFO | Training epoch 1492, Batch 1000/1000: LR=1.60e-05, Loss=1.59e-02 BER=5.78e-03 FER=1.54e-01
2025-10-28 23:44:29,979 | INFO | Epoch 1492 Train Time 13.465246677398682s

2025-10-28 23:44:44,780 | INFO | Training epoch 1493, Batch 1000/1000: LR=1.59e-05, Loss=1.59e-02 BER=5.76e-03 FER=1.53e-01
2025-10-28 23:44:44,826 | INFO | Epoch 1493 Train Time 14.847090244293213s

2025-10-28 23:44:57,431 | INFO | Training epoch 1494, Batch 1000/1000: LR=1.59e-05, Loss=1.58e-02 BER=5.74e-03 FER=1.52e-01
2025-10-28 23:44:57,478 | INFO | Epoch 1494 Train Time 12.651563882827759s

2025-10-28 23:45:11,325 | INFO | Training epoch 1495, Batch 1000/1000: LR=1.58e-05, Loss=1.57e-02 BER=5.71e-03 FER=1.52e-01
2025-10-28 23:45:11,377 | INFO | Epoch 1495 Train Time 13.897610187530518s

2025-10-28 23:45:24,669 | INFO | Training epoch 1496, Batch 1000/1000: LR=1.58e-05, Loss=1.59e-02 BER=5.78e-03 FER=1.52e-01
2025-10-28 23:45:24,703 | INFO | Epoch 1496 Train Time 13.325116395950317s

2025-10-28 23:45:37,479 | INFO | Training epoch 1497, Batch 1000/1000: LR=1.57e-05, Loss=1.57e-02 BER=5.71e-03 FER=1.52e-01
2025-10-28 23:45:37,526 | INFO | Epoch 1497 Train Time 12.822457551956177s

2025-10-28 23:45:50,923 | INFO | Training epoch 1498, Batch 1000/1000: LR=1.57e-05, Loss=1.58e-02 BER=5.77e-03 FER=1.53e-01
2025-10-28 23:45:50,964 | INFO | Epoch 1498 Train Time 13.43735384941101s

2025-10-28 23:46:04,383 | INFO | Training epoch 1499, Batch 1000/1000: LR=1.56e-05, Loss=1.57e-02 BER=5.72e-03 FER=1.52e-01
2025-10-28 23:46:04,424 | INFO | Epoch 1499 Train Time 13.460188388824463s

2025-10-28 23:46:17,592 | INFO | Training epoch 1500, Batch 1000/1000: LR=1.56e-05, Loss=1.59e-02 BER=5.78e-03 FER=1.54e-01
2025-10-28 23:46:17,651 | INFO | Epoch 1500 Train Time 13.225746154785156s

2025-10-28 23:46:31,720 | INFO | Training epoch 1501, Batch 1000/1000: LR=1.55e-05, Loss=1.57e-02 BER=5.74e-03 FER=1.52e-01
2025-10-28 23:46:31,771 | INFO | Epoch 1501 Train Time 14.119645595550537s

2025-10-28 23:46:45,639 | INFO | Training epoch 1502, Batch 1000/1000: LR=1.54e-05, Loss=1.57e-02 BER=5.69e-03 FER=1.51e-01
2025-10-28 23:46:45,692 | INFO | Epoch 1502 Train Time 13.92130184173584s

2025-10-28 23:46:58,482 | INFO | Training epoch 1503, Batch 1000/1000: LR=1.54e-05, Loss=1.58e-02 BER=5.74e-03 FER=1.52e-01
2025-10-28 23:46:58,523 | INFO | Epoch 1503 Train Time 12.830329179763794s

2025-10-28 23:47:12,738 | INFO | Training epoch 1504, Batch 1000/1000: LR=1.53e-05, Loss=1.55e-02 BER=5.65e-03 FER=1.51e-01
2025-10-28 23:47:12,786 | INFO | Epoch 1504 Train Time 14.26159405708313s

2025-10-28 23:47:12,786 | INFO | [P1] saving best_model with loss 0.015460 at epoch 1504
2025-10-28 23:47:26,232 | INFO | Training epoch 1505, Batch 1000/1000: LR=1.53e-05, Loss=1.58e-02 BER=5.73e-03 FER=1.53e-01
2025-10-28 23:47:26,278 | INFO | Epoch 1505 Train Time 13.47451663017273s

2025-10-28 23:47:40,629 | INFO | Training epoch 1506, Batch 1000/1000: LR=1.52e-05, Loss=1.57e-02 BER=5.73e-03 FER=1.52e-01
2025-10-28 23:47:40,673 | INFO | Epoch 1506 Train Time 14.39353346824646s

2025-10-28 23:47:55,286 | INFO | Training epoch 1507, Batch 1000/1000: LR=1.52e-05, Loss=1.59e-02 BER=5.82e-03 FER=1.54e-01
2025-10-28 23:47:55,326 | INFO | Epoch 1507 Train Time 14.6529860496521s

2025-10-28 23:48:08,896 | INFO | Training epoch 1508, Batch 1000/1000: LR=1.51e-05, Loss=1.57e-02 BER=5.72e-03 FER=1.52e-01
2025-10-28 23:48:08,942 | INFO | Epoch 1508 Train Time 13.615102052688599s

2025-10-28 23:48:23,304 | INFO | Training epoch 1509, Batch 1000/1000: LR=1.51e-05, Loss=1.58e-02 BER=5.76e-03 FER=1.53e-01
2025-10-28 23:48:23,358 | INFO | Epoch 1509 Train Time 14.416206359863281s

2025-10-28 23:48:37,133 | INFO | Training epoch 1510, Batch 1000/1000: LR=1.50e-05, Loss=1.58e-02 BER=5.70e-03 FER=1.52e-01
2025-10-28 23:48:37,184 | INFO | Epoch 1510 Train Time 13.824527502059937s

2025-10-28 23:48:50,897 | INFO | Training epoch 1511, Batch 1000/1000: LR=1.50e-05, Loss=1.58e-02 BER=5.73e-03 FER=1.52e-01
2025-10-28 23:48:50,944 | INFO | Epoch 1511 Train Time 13.759970664978027s

2025-10-28 23:49:03,995 | INFO | Training epoch 1512, Batch 1000/1000: LR=1.49e-05, Loss=1.58e-02 BER=5.70e-03 FER=1.53e-01
2025-10-28 23:49:04,048 | INFO | Epoch 1512 Train Time 13.102521181106567s

2025-10-28 23:49:18,305 | INFO | Training epoch 1513, Batch 1000/1000: LR=1.48e-05, Loss=1.57e-02 BER=5.72e-03 FER=1.52e-01
2025-10-28 23:49:18,358 | INFO | Epoch 1513 Train Time 14.30896520614624s

2025-10-28 23:49:31,964 | INFO | Training epoch 1514, Batch 1000/1000: LR=1.48e-05, Loss=1.59e-02 BER=5.77e-03 FER=1.54e-01
2025-10-28 23:49:32,011 | INFO | Epoch 1514 Train Time 13.652134656906128s

2025-10-28 23:49:44,798 | INFO | Training epoch 1515, Batch 1000/1000: LR=1.47e-05, Loss=1.57e-02 BER=5.70e-03 FER=1.52e-01
2025-10-28 23:49:44,841 | INFO | Epoch 1515 Train Time 12.829330921173096s

2025-10-28 23:49:58,668 | INFO | Training epoch 1516, Batch 1000/1000: LR=1.47e-05, Loss=1.58e-02 BER=5.77e-03 FER=1.54e-01
2025-10-28 23:49:58,724 | INFO | Epoch 1516 Train Time 13.8824942111969s

2025-10-28 23:50:11,870 | INFO | Training epoch 1517, Batch 1000/1000: LR=1.46e-05, Loss=1.54e-02 BER=5.66e-03 FER=1.51e-01
2025-10-28 23:50:11,915 | INFO | Epoch 1517 Train Time 13.190030813217163s

2025-10-28 23:50:11,915 | INFO | [P1] saving best_model with loss 0.015445 at epoch 1517
2025-10-28 23:50:25,402 | INFO | Training epoch 1518, Batch 1000/1000: LR=1.46e-05, Loss=1.60e-02 BER=5.79e-03 FER=1.53e-01
2025-10-28 23:50:25,458 | INFO | Epoch 1518 Train Time 13.529781341552734s

2025-10-28 23:50:39,752 | INFO | Training epoch 1519, Batch 1000/1000: LR=1.45e-05, Loss=1.56e-02 BER=5.70e-03 FER=1.51e-01
2025-10-28 23:50:39,789 | INFO | Epoch 1519 Train Time 14.329835176467896s

2025-10-28 23:50:53,916 | INFO | Training epoch 1520, Batch 1000/1000: LR=1.45e-05, Loss=1.59e-02 BER=5.77e-03 FER=1.53e-01
2025-10-28 23:50:53,950 | INFO | Epoch 1520 Train Time 14.161118984222412s

2025-10-28 23:51:07,226 | INFO | Training epoch 1521, Batch 1000/1000: LR=1.44e-05, Loss=1.56e-02 BER=5.66e-03 FER=1.52e-01
2025-10-28 23:51:07,276 | INFO | Epoch 1521 Train Time 13.325638771057129s

2025-10-28 23:51:21,661 | INFO | Training epoch 1522, Batch 1000/1000: LR=1.44e-05, Loss=1.57e-02 BER=5.71e-03 FER=1.52e-01
2025-10-28 23:51:21,708 | INFO | Epoch 1522 Train Time 14.431067705154419s

2025-10-28 23:51:36,414 | INFO | Training epoch 1523, Batch 1000/1000: LR=1.43e-05, Loss=1.57e-02 BER=5.69e-03 FER=1.52e-01
2025-10-28 23:51:36,469 | INFO | Epoch 1523 Train Time 14.760488510131836s

2025-10-28 23:51:50,264 | INFO | Training epoch 1524, Batch 1000/1000: LR=1.43e-05, Loss=1.56e-02 BER=5.63e-03 FER=1.51e-01
2025-10-28 23:51:50,316 | INFO | Epoch 1524 Train Time 13.845584154129028s

2025-10-28 23:52:03,048 | INFO | Training epoch 1525, Batch 1000/1000: LR=1.42e-05, Loss=1.57e-02 BER=5.72e-03 FER=1.52e-01
2025-10-28 23:52:03,109 | INFO | Epoch 1525 Train Time 12.792177438735962s

2025-10-28 23:52:15,679 | INFO | Training epoch 1526, Batch 1000/1000: LR=1.42e-05, Loss=1.56e-02 BER=5.70e-03 FER=1.52e-01
2025-10-28 23:52:15,722 | INFO | Epoch 1526 Train Time 12.612426042556763s

2025-10-28 23:52:27,647 | INFO | Training epoch 1527, Batch 1000/1000: LR=1.41e-05, Loss=1.57e-02 BER=5.74e-03 FER=1.52e-01
2025-10-28 23:52:27,689 | INFO | Epoch 1527 Train Time 11.966550350189209s

2025-10-28 23:52:40,423 | INFO | Training epoch 1528, Batch 1000/1000: LR=1.40e-05, Loss=1.57e-02 BER=5.72e-03 FER=1.51e-01
2025-10-28 23:52:40,470 | INFO | Epoch 1528 Train Time 12.780268430709839s

2025-10-28 23:52:53,844 | INFO | Training epoch 1529, Batch 1000/1000: LR=1.40e-05, Loss=1.56e-02 BER=5.64e-03 FER=1.51e-01
2025-10-28 23:52:53,878 | INFO | Epoch 1529 Train Time 13.407783508300781s

2025-10-28 23:53:07,642 | INFO | Training epoch 1530, Batch 1000/1000: LR=1.39e-05, Loss=1.59e-02 BER=5.78e-03 FER=1.53e-01
2025-10-28 23:53:07,694 | INFO | Epoch 1530 Train Time 13.815715312957764s

2025-10-28 23:53:21,453 | INFO | Training epoch 1531, Batch 1000/1000: LR=1.39e-05, Loss=1.55e-02 BER=5.62e-03 FER=1.50e-01
2025-10-28 23:53:21,488 | INFO | Epoch 1531 Train Time 13.79271149635315s

2025-10-28 23:53:36,039 | INFO | Training epoch 1532, Batch 1000/1000: LR=1.38e-05, Loss=1.58e-02 BER=5.74e-03 FER=1.51e-01
2025-10-28 23:53:36,086 | INFO | Epoch 1532 Train Time 14.597314834594727s

2025-10-28 23:53:50,466 | INFO | Training epoch 1533, Batch 1000/1000: LR=1.38e-05, Loss=1.56e-02 BER=5.62e-03 FER=1.51e-01
2025-10-28 23:53:50,506 | INFO | Epoch 1533 Train Time 14.419613361358643s

2025-10-28 23:54:03,080 | INFO | Training epoch 1534, Batch 1000/1000: LR=1.37e-05, Loss=1.58e-02 BER=5.75e-03 FER=1.53e-01
2025-10-28 23:54:03,126 | INFO | Epoch 1534 Train Time 12.619862794876099s

2025-10-28 23:54:16,786 | INFO | Training epoch 1535, Batch 1000/1000: LR=1.37e-05, Loss=1.58e-02 BER=5.81e-03 FER=1.53e-01
2025-10-28 23:54:16,827 | INFO | Epoch 1535 Train Time 13.700388193130493s

2025-10-28 23:54:30,972 | INFO | Training epoch 1536, Batch 1000/1000: LR=1.36e-05, Loss=1.56e-02 BER=5.65e-03 FER=1.51e-01
2025-10-28 23:54:31,006 | INFO | Epoch 1536 Train Time 14.178470134735107s

2025-10-28 23:54:46,376 | INFO | Training epoch 1537, Batch 1000/1000: LR=1.36e-05, Loss=1.58e-02 BER=5.73e-03 FER=1.53e-01
2025-10-28 23:54:46,418 | INFO | Epoch 1537 Train Time 15.411106824874878s

2025-10-28 23:55:01,068 | INFO | Training epoch 1538, Batch 1000/1000: LR=1.35e-05, Loss=1.57e-02 BER=5.75e-03 FER=1.52e-01
2025-10-28 23:55:01,124 | INFO | Epoch 1538 Train Time 14.705623388290405s

2025-10-28 23:55:13,894 | INFO | Training epoch 1539, Batch 1000/1000: LR=1.35e-05, Loss=1.56e-02 BER=5.67e-03 FER=1.51e-01
2025-10-28 23:55:13,939 | INFO | Epoch 1539 Train Time 12.813907623291016s

2025-10-28 23:55:27,225 | INFO | Training epoch 1540, Batch 1000/1000: LR=1.34e-05, Loss=1.59e-02 BER=5.79e-03 FER=1.55e-01
2025-10-28 23:55:27,279 | INFO | Epoch 1540 Train Time 13.339477300643921s

2025-10-28 23:55:42,075 | INFO | Training epoch 1541, Batch 1000/1000: LR=1.34e-05, Loss=1.58e-02 BER=5.77e-03 FER=1.53e-01
2025-10-28 23:55:42,122 | INFO | Epoch 1541 Train Time 14.842849731445312s

2025-10-28 23:55:55,873 | INFO | Training epoch 1542, Batch 1000/1000: LR=1.33e-05, Loss=1.58e-02 BER=5.73e-03 FER=1.53e-01
2025-10-28 23:55:55,916 | INFO | Epoch 1542 Train Time 13.79318618774414s

2025-10-28 23:56:09,417 | INFO | Training epoch 1543, Batch 1000/1000: LR=1.33e-05, Loss=1.57e-02 BER=5.72e-03 FER=1.52e-01
2025-10-28 23:56:09,460 | INFO | Epoch 1543 Train Time 13.543903589248657s

2025-10-28 23:56:23,337 | INFO | Training epoch 1544, Batch 1000/1000: LR=1.32e-05, Loss=1.56e-02 BER=5.66e-03 FER=1.51e-01
2025-10-28 23:56:23,387 | INFO | Epoch 1544 Train Time 13.926090002059937s

2025-10-28 23:56:37,394 | INFO | Training epoch 1545, Batch 1000/1000: LR=1.32e-05, Loss=1.57e-02 BER=5.69e-03 FER=1.52e-01
2025-10-28 23:56:37,435 | INFO | Epoch 1545 Train Time 14.0473153591156s

2025-10-28 23:56:50,777 | INFO | Training epoch 1546, Batch 1000/1000: LR=1.31e-05, Loss=1.58e-02 BER=5.72e-03 FER=1.53e-01
2025-10-28 23:56:50,827 | INFO | Epoch 1546 Train Time 13.391689538955688s

2025-10-28 23:57:05,191 | INFO | Training epoch 1547, Batch 1000/1000: LR=1.31e-05, Loss=1.56e-02 BER=5.69e-03 FER=1.51e-01
2025-10-28 23:57:05,230 | INFO | Epoch 1547 Train Time 14.401853084564209s

2025-10-28 23:57:20,848 | INFO | Training epoch 1548, Batch 1000/1000: LR=1.30e-05, Loss=1.57e-02 BER=5.71e-03 FER=1.52e-01
2025-10-28 23:57:20,894 | INFO | Epoch 1548 Train Time 15.663257360458374s

2025-10-28 23:57:35,125 | INFO | Training epoch 1549, Batch 1000/1000: LR=1.30e-05, Loss=1.58e-02 BER=5.75e-03 FER=1.53e-01
2025-10-28 23:57:35,165 | INFO | Epoch 1549 Train Time 14.271302700042725s

2025-10-28 23:57:48,339 | INFO | Training epoch 1550, Batch 1000/1000: LR=1.29e-05, Loss=1.56e-02 BER=5.68e-03 FER=1.52e-01
2025-10-28 23:57:48,378 | INFO | Epoch 1550 Train Time 13.211790323257446s

2025-10-28 23:58:01,834 | INFO | Training epoch 1551, Batch 1000/1000: LR=1.29e-05, Loss=1.57e-02 BER=5.69e-03 FER=1.53e-01
2025-10-28 23:58:01,888 | INFO | Epoch 1551 Train Time 13.509273290634155s

2025-10-28 23:58:15,511 | INFO | Training epoch 1552, Batch 1000/1000: LR=1.28e-05, Loss=1.55e-02 BER=5.68e-03 FER=1.51e-01
2025-10-28 23:58:15,544 | INFO | Epoch 1552 Train Time 13.655341386795044s

2025-10-28 23:58:28,041 | INFO | Training epoch 1553, Batch 1000/1000: LR=1.28e-05, Loss=1.57e-02 BER=5.72e-03 FER=1.52e-01
2025-10-28 23:58:28,084 | INFO | Epoch 1553 Train Time 12.540200233459473s

2025-10-28 23:58:42,126 | INFO | Training epoch 1554, Batch 1000/1000: LR=1.27e-05, Loss=1.57e-02 BER=5.70e-03 FER=1.51e-01
2025-10-28 23:58:42,174 | INFO | Epoch 1554 Train Time 14.08923053741455s

2025-10-28 23:58:55,172 | INFO | Training epoch 1555, Batch 1000/1000: LR=1.27e-05, Loss=1.56e-02 BER=5.63e-03 FER=1.51e-01
2025-10-28 23:58:55,215 | INFO | Epoch 1555 Train Time 13.04011845588684s

2025-10-28 23:59:07,986 | INFO | Training epoch 1556, Batch 1000/1000: LR=1.26e-05, Loss=1.58e-02 BER=5.75e-03 FER=1.53e-01
2025-10-28 23:59:08,032 | INFO | Epoch 1556 Train Time 12.816784858703613s

2025-10-28 23:59:21,360 | INFO | Training epoch 1557, Batch 1000/1000: LR=1.26e-05, Loss=1.57e-02 BER=5.68e-03 FER=1.51e-01
2025-10-28 23:59:21,403 | INFO | Epoch 1557 Train Time 13.370241403579712s

2025-10-28 23:59:35,473 | INFO | Training epoch 1558, Batch 1000/1000: LR=1.25e-05, Loss=1.56e-02 BER=5.69e-03 FER=1.52e-01
2025-10-28 23:59:35,512 | INFO | Epoch 1558 Train Time 14.108447074890137s

2025-10-28 23:59:49,625 | INFO | Training epoch 1559, Batch 1000/1000: LR=1.25e-05, Loss=1.58e-02 BER=5.77e-03 FER=1.54e-01
2025-10-28 23:59:49,676 | INFO | Epoch 1559 Train Time 14.163806676864624s

2025-10-29 00:00:02,906 | INFO | Training epoch 1560, Batch 1000/1000: LR=1.24e-05, Loss=1.56e-02 BER=5.65e-03 FER=1.51e-01
2025-10-29 00:00:02,948 | INFO | Epoch 1560 Train Time 13.27118968963623s

2025-10-29 00:00:15,626 | INFO | Training epoch 1561, Batch 1000/1000: LR=1.24e-05, Loss=1.59e-02 BER=5.77e-03 FER=1.53e-01
2025-10-29 00:00:15,664 | INFO | Epoch 1561 Train Time 12.715255975723267s

2025-10-29 00:00:28,577 | INFO | Training epoch 1562, Batch 1000/1000: LR=1.23e-05, Loss=1.57e-02 BER=5.70e-03 FER=1.53e-01
2025-10-29 00:00:28,618 | INFO | Epoch 1562 Train Time 12.953888177871704s

2025-10-29 00:00:43,071 | INFO | Training epoch 1563, Batch 1000/1000: LR=1.23e-05, Loss=1.58e-02 BER=5.78e-03 FER=1.53e-01
2025-10-29 00:00:43,120 | INFO | Epoch 1563 Train Time 14.500807046890259s

2025-10-29 00:00:57,362 | INFO | Training epoch 1564, Batch 1000/1000: LR=1.22e-05, Loss=1.59e-02 BER=5.77e-03 FER=1.52e-01
2025-10-29 00:00:57,414 | INFO | Epoch 1564 Train Time 14.292702198028564s

2025-10-29 00:01:11,282 | INFO | Training epoch 1565, Batch 1000/1000: LR=1.22e-05, Loss=1.56e-02 BER=5.66e-03 FER=1.51e-01
2025-10-29 00:01:11,319 | INFO | Epoch 1565 Train Time 13.90430498123169s

2025-10-29 00:01:25,720 | INFO | Training epoch 1566, Batch 1000/1000: LR=1.21e-05, Loss=1.57e-02 BER=5.70e-03 FER=1.52e-01
2025-10-29 00:01:25,773 | INFO | Epoch 1566 Train Time 14.453935623168945s

2025-10-29 00:01:40,043 | INFO | Training epoch 1567, Batch 1000/1000: LR=1.21e-05, Loss=1.58e-02 BER=5.73e-03 FER=1.53e-01
2025-10-29 00:01:40,078 | INFO | Epoch 1567 Train Time 14.304622650146484s

2025-10-29 00:01:53,012 | INFO | Training epoch 1568, Batch 1000/1000: LR=1.20e-05, Loss=1.57e-02 BER=5.72e-03 FER=1.52e-01
2025-10-29 00:01:53,054 | INFO | Epoch 1568 Train Time 12.97486162185669s

2025-10-29 00:02:06,302 | INFO | Training epoch 1569, Batch 1000/1000: LR=1.20e-05, Loss=1.58e-02 BER=5.75e-03 FER=1.52e-01
2025-10-29 00:02:06,345 | INFO | Epoch 1569 Train Time 13.29069447517395s

2025-10-29 00:02:20,223 | INFO | Training epoch 1570, Batch 1000/1000: LR=1.19e-05, Loss=1.59e-02 BER=5.78e-03 FER=1.54e-01
2025-10-29 00:02:20,288 | INFO | Epoch 1570 Train Time 13.943027019500732s

2025-10-29 00:02:34,195 | INFO | Training epoch 1571, Batch 1000/1000: LR=1.19e-05, Loss=1.57e-02 BER=5.70e-03 FER=1.52e-01
2025-10-29 00:02:34,244 | INFO | Epoch 1571 Train Time 13.954847574234009s

2025-10-29 00:02:47,962 | INFO | Training epoch 1572, Batch 1000/1000: LR=1.18e-05, Loss=1.55e-02 BER=5.65e-03 FER=1.51e-01
2025-10-29 00:02:48,030 | INFO | Epoch 1572 Train Time 13.784509181976318s

2025-10-29 00:03:00,660 | INFO | Training epoch 1573, Batch 1000/1000: LR=1.18e-05, Loss=1.57e-02 BER=5.70e-03 FER=1.51e-01
2025-10-29 00:03:00,694 | INFO | Epoch 1573 Train Time 12.662756443023682s

2025-10-29 00:03:13,590 | INFO | Training epoch 1574, Batch 1000/1000: LR=1.17e-05, Loss=1.57e-02 BER=5.74e-03 FER=1.52e-01
2025-10-29 00:03:13,624 | INFO | Epoch 1574 Train Time 12.928385019302368s

2025-10-29 00:03:27,178 | INFO | Training epoch 1575, Batch 1000/1000: LR=1.17e-05, Loss=1.60e-02 BER=5.83e-03 FER=1.54e-01
2025-10-29 00:03:27,224 | INFO | Epoch 1575 Train Time 13.600285530090332s

2025-10-29 00:03:40,370 | INFO | Training epoch 1576, Batch 1000/1000: LR=1.16e-05, Loss=1.58e-02 BER=5.73e-03 FER=1.52e-01
2025-10-29 00:03:40,413 | INFO | Epoch 1576 Train Time 13.188217401504517s

2025-10-29 00:03:54,039 | INFO | Training epoch 1577, Batch 1000/1000: LR=1.16e-05, Loss=1.57e-02 BER=5.72e-03 FER=1.53e-01
2025-10-29 00:03:54,083 | INFO | Epoch 1577 Train Time 13.669181108474731s

2025-10-29 00:04:06,352 | INFO | Training epoch 1578, Batch 1000/1000: LR=1.15e-05, Loss=1.59e-02 BER=5.76e-03 FER=1.53e-01
2025-10-29 00:04:06,401 | INFO | Epoch 1578 Train Time 12.317445039749146s

2025-10-29 00:04:19,674 | INFO | Training epoch 1579, Batch 1000/1000: LR=1.15e-05, Loss=1.58e-02 BER=5.74e-03 FER=1.52e-01
2025-10-29 00:04:19,723 | INFO | Epoch 1579 Train Time 13.321597576141357s

2025-10-29 00:04:32,832 | INFO | Training epoch 1580, Batch 1000/1000: LR=1.14e-05, Loss=1.58e-02 BER=5.76e-03 FER=1.53e-01
2025-10-29 00:04:32,877 | INFO | Epoch 1580 Train Time 13.15292477607727s

2025-10-29 00:04:45,926 | INFO | Training epoch 1581, Batch 1000/1000: LR=1.14e-05, Loss=1.59e-02 BER=5.80e-03 FER=1.54e-01
2025-10-29 00:04:45,970 | INFO | Epoch 1581 Train Time 13.09247612953186s

2025-10-29 00:04:59,393 | INFO | Training epoch 1582, Batch 1000/1000: LR=1.13e-05, Loss=1.57e-02 BER=5.73e-03 FER=1.53e-01
2025-10-29 00:04:59,430 | INFO | Epoch 1582 Train Time 13.458905935287476s

2025-10-29 00:05:12,436 | INFO | Training epoch 1583, Batch 1000/1000: LR=1.13e-05, Loss=1.56e-02 BER=5.67e-03 FER=1.52e-01
2025-10-29 00:05:12,480 | INFO | Epoch 1583 Train Time 13.04977035522461s

2025-10-29 00:05:27,073 | INFO | Training epoch 1584, Batch 1000/1000: LR=1.12e-05, Loss=1.57e-02 BER=5.70e-03 FER=1.52e-01
2025-10-29 00:05:27,119 | INFO | Epoch 1584 Train Time 14.638347625732422s

2025-10-29 00:05:40,304 | INFO | Training epoch 1585, Batch 1000/1000: LR=1.12e-05, Loss=1.58e-02 BER=5.71e-03 FER=1.52e-01
2025-10-29 00:05:40,350 | INFO | Epoch 1585 Train Time 13.230190515518188s

2025-10-29 00:05:53,290 | INFO | Training epoch 1586, Batch 1000/1000: LR=1.12e-05, Loss=1.57e-02 BER=5.70e-03 FER=1.52e-01
2025-10-29 00:05:53,344 | INFO | Epoch 1586 Train Time 12.993266344070435s

2025-10-29 00:06:07,483 | INFO | Training epoch 1587, Batch 1000/1000: LR=1.11e-05, Loss=1.54e-02 BER=5.60e-03 FER=1.50e-01
2025-10-29 00:06:07,523 | INFO | Epoch 1587 Train Time 14.178077697753906s

2025-10-29 00:06:07,523 | INFO | [P1] saving best_model with loss 0.015430 at epoch 1587
2025-10-29 00:06:21,886 | INFO | Training epoch 1588, Batch 1000/1000: LR=1.11e-05, Loss=1.59e-02 BER=5.72e-03 FER=1.53e-01
2025-10-29 00:06:21,933 | INFO | Epoch 1588 Train Time 14.396238803863525s

2025-10-29 00:06:34,678 | INFO | Training epoch 1589, Batch 1000/1000: LR=1.10e-05, Loss=1.57e-02 BER=5.72e-03 FER=1.51e-01
2025-10-29 00:06:34,717 | INFO | Epoch 1589 Train Time 12.783135890960693s

2025-10-29 00:06:49,412 | INFO | Training epoch 1590, Batch 1000/1000: LR=1.10e-05, Loss=1.57e-02 BER=5.68e-03 FER=1.51e-01
2025-10-29 00:06:49,450 | INFO | Epoch 1590 Train Time 14.732784271240234s

2025-10-29 00:07:04,040 | INFO | Training epoch 1591, Batch 1000/1000: LR=1.09e-05, Loss=1.56e-02 BER=5.65e-03 FER=1.52e-01
2025-10-29 00:07:04,089 | INFO | Epoch 1591 Train Time 14.637819528579712s

2025-10-29 00:07:17,082 | INFO | Training epoch 1592, Batch 1000/1000: LR=1.09e-05, Loss=1.56e-02 BER=5.68e-03 FER=1.52e-01
2025-10-29 00:07:17,129 | INFO | Epoch 1592 Train Time 13.039645671844482s

2025-10-29 00:07:31,601 | INFO | Training epoch 1593, Batch 1000/1000: LR=1.08e-05, Loss=1.56e-02 BER=5.65e-03 FER=1.52e-01
2025-10-29 00:07:31,658 | INFO | Epoch 1593 Train Time 14.528693914413452s

2025-10-29 00:07:45,659 | INFO | Training epoch 1594, Batch 1000/1000: LR=1.08e-05, Loss=1.57e-02 BER=5.68e-03 FER=1.51e-01
2025-10-29 00:07:45,707 | INFO | Epoch 1594 Train Time 14.047979354858398s

2025-10-29 00:07:59,022 | INFO | Training epoch 1595, Batch 1000/1000: LR=1.07e-05, Loss=1.58e-02 BER=5.79e-03 FER=1.54e-01
2025-10-29 00:07:59,078 | INFO | Epoch 1595 Train Time 13.370490550994873s

2025-10-29 00:08:12,436 | INFO | Training epoch 1596, Batch 1000/1000: LR=1.07e-05, Loss=1.57e-02 BER=5.69e-03 FER=1.51e-01
2025-10-29 00:08:12,489 | INFO | Epoch 1596 Train Time 13.410494089126587s

2025-10-29 00:08:25,618 | INFO | Training epoch 1597, Batch 1000/1000: LR=1.06e-05, Loss=1.55e-02 BER=5.65e-03 FER=1.53e-01
2025-10-29 00:08:25,664 | INFO | Epoch 1597 Train Time 13.174474954605103s

2025-10-29 00:08:40,007 | INFO | Training epoch 1598, Batch 1000/1000: LR=1.06e-05, Loss=1.59e-02 BER=5.79e-03 FER=1.53e-01
2025-10-29 00:08:40,049 | INFO | Epoch 1598 Train Time 14.384819269180298s

2025-10-29 00:08:54,601 | INFO | Training epoch 1599, Batch 1000/1000: LR=1.05e-05, Loss=1.57e-02 BER=5.71e-03 FER=1.52e-01
2025-10-29 00:08:54,651 | INFO | Epoch 1599 Train Time 14.601143836975098s

2025-10-29 00:09:08,015 | INFO | Training epoch 1600, Batch 1000/1000: LR=1.05e-05, Loss=1.58e-02 BER=5.70e-03 FER=1.52e-01
2025-10-29 00:09:08,054 | INFO | Epoch 1600 Train Time 13.401904582977295s

2025-10-29 00:09:20,783 | INFO | Training epoch 1601, Batch 1000/1000: LR=1.05e-05, Loss=1.57e-02 BER=5.70e-03 FER=1.51e-01
2025-10-29 00:09:20,832 | INFO | Epoch 1601 Train Time 12.778475761413574s

2025-10-29 00:09:34,034 | INFO | Training epoch 1602, Batch 1000/1000: LR=1.04e-05, Loss=1.58e-02 BER=5.74e-03 FER=1.51e-01
2025-10-29 00:09:34,088 | INFO | Epoch 1602 Train Time 13.255559921264648s

2025-10-29 00:09:47,733 | INFO | Training epoch 1603, Batch 1000/1000: LR=1.04e-05, Loss=1.58e-02 BER=5.73e-03 FER=1.53e-01
2025-10-29 00:09:47,767 | INFO | Epoch 1603 Train Time 13.677970170974731s

2025-10-29 00:10:00,862 | INFO | Training epoch 1604, Batch 1000/1000: LR=1.03e-05, Loss=1.56e-02 BER=5.69e-03 FER=1.52e-01
2025-10-29 00:10:00,914 | INFO | Epoch 1604 Train Time 13.146207571029663s

2025-10-29 00:10:14,563 | INFO | Training epoch 1605, Batch 1000/1000: LR=1.03e-05, Loss=1.58e-02 BER=5.73e-03 FER=1.53e-01
2025-10-29 00:10:14,623 | INFO | Epoch 1605 Train Time 13.709302186965942s

2025-10-29 00:10:28,862 | INFO | Training epoch 1606, Batch 1000/1000: LR=1.02e-05, Loss=1.59e-02 BER=5.77e-03 FER=1.53e-01
2025-10-29 00:10:28,905 | INFO | Epoch 1606 Train Time 14.281319856643677s

2025-10-29 00:10:41,572 | INFO | Training epoch 1607, Batch 1000/1000: LR=1.02e-05, Loss=1.56e-02 BER=5.67e-03 FER=1.51e-01
2025-10-29 00:10:41,613 | INFO | Epoch 1607 Train Time 12.707684993743896s

2025-10-29 00:10:54,675 | INFO | Training epoch 1608, Batch 1000/1000: LR=1.01e-05, Loss=1.57e-02 BER=5.74e-03 FER=1.53e-01
2025-10-29 00:10:54,726 | INFO | Epoch 1608 Train Time 13.111782312393188s

2025-10-29 00:11:08,177 | INFO | Training epoch 1609, Batch 1000/1000: LR=1.01e-05, Loss=1.56e-02 BER=5.68e-03 FER=1.51e-01
2025-10-29 00:11:08,213 | INFO | Epoch 1609 Train Time 13.486478328704834s

2025-10-29 00:11:22,731 | INFO | Training epoch 1610, Batch 1000/1000: LR=1.00e-05, Loss=1.57e-02 BER=5.68e-03 FER=1.52e-01
2025-10-29 00:11:22,765 | INFO | Epoch 1610 Train Time 14.550393104553223s

2025-10-29 00:11:37,074 | INFO | Training epoch 1611, Batch 1000/1000: LR=1.00e-05, Loss=1.56e-02 BER=5.69e-03 FER=1.52e-01
2025-10-29 00:11:37,116 | INFO | Epoch 1611 Train Time 14.351095914840698s

2025-10-29 00:11:49,346 | INFO | Training epoch 1612, Batch 1000/1000: LR=9.96e-06, Loss=1.59e-02 BER=5.78e-03 FER=1.53e-01
2025-10-29 00:11:49,383 | INFO | Epoch 1612 Train Time 12.266363620758057s

2025-10-29 00:12:02,461 | INFO | Training epoch 1613, Batch 1000/1000: LR=9.91e-06, Loss=1.57e-02 BER=5.74e-03 FER=1.52e-01
2025-10-29 00:12:02,515 | INFO | Epoch 1613 Train Time 13.131199836730957s

2025-10-29 00:12:15,779 | INFO | Training epoch 1614, Batch 1000/1000: LR=9.87e-06, Loss=1.58e-02 BER=5.75e-03 FER=1.51e-01
2025-10-29 00:12:15,814 | INFO | Epoch 1614 Train Time 13.29833984375s

2025-10-29 00:12:29,142 | INFO | Training epoch 1615, Batch 1000/1000: LR=9.82e-06, Loss=1.57e-02 BER=5.72e-03 FER=1.52e-01
2025-10-29 00:12:29,180 | INFO | Epoch 1615 Train Time 13.365776777267456s

2025-10-29 00:12:43,564 | INFO | Training epoch 1616, Batch 1000/1000: LR=9.78e-06, Loss=1.56e-02 BER=5.66e-03 FER=1.50e-01
2025-10-29 00:12:43,612 | INFO | Epoch 1616 Train Time 14.431559562683105s

2025-10-29 00:12:57,640 | INFO | Training epoch 1617, Batch 1000/1000: LR=9.74e-06, Loss=1.58e-02 BER=5.72e-03 FER=1.53e-01
2025-10-29 00:12:57,674 | INFO | Epoch 1617 Train Time 14.061285972595215s

2025-10-29 00:13:10,358 | INFO | Training epoch 1618, Batch 1000/1000: LR=9.69e-06, Loss=1.57e-02 BER=5.66e-03 FER=1.51e-01
2025-10-29 00:13:10,400 | INFO | Epoch 1618 Train Time 12.725223779678345s

2025-10-29 00:13:22,917 | INFO | Training epoch 1619, Batch 1000/1000: LR=9.65e-06, Loss=1.57e-02 BER=5.73e-03 FER=1.52e-01
2025-10-29 00:13:22,968 | INFO | Epoch 1619 Train Time 12.568083047866821s

2025-10-29 00:13:36,711 | INFO | Training epoch 1620, Batch 1000/1000: LR=9.60e-06, Loss=1.57e-02 BER=5.66e-03 FER=1.52e-01
2025-10-29 00:13:36,760 | INFO | Epoch 1620 Train Time 13.790802240371704s

2025-10-29 00:13:52,622 | INFO | Training epoch 1621, Batch 1000/1000: LR=9.56e-06, Loss=1.59e-02 BER=5.78e-03 FER=1.53e-01
2025-10-29 00:13:52,666 | INFO | Epoch 1621 Train Time 15.905935525894165s

2025-10-29 00:14:05,753 | INFO | Training epoch 1622, Batch 1000/1000: LR=9.52e-06, Loss=1.57e-02 BER=5.73e-03 FER=1.52e-01
2025-10-29 00:14:05,796 | INFO | Epoch 1622 Train Time 13.129303693771362s

2025-10-29 00:14:19,108 | INFO | Training epoch 1623, Batch 1000/1000: LR=9.47e-06, Loss=1.56e-02 BER=5.66e-03 FER=1.50e-01
2025-10-29 00:14:19,151 | INFO | Epoch 1623 Train Time 13.354127407073975s

2025-10-29 00:14:32,279 | INFO | Training epoch 1624, Batch 1000/1000: LR=9.43e-06, Loss=1.57e-02 BER=5.72e-03 FER=1.51e-01
2025-10-29 00:14:32,319 | INFO | Epoch 1624 Train Time 13.166880130767822s

2025-10-29 00:14:46,712 | INFO | Training epoch 1625, Batch 1000/1000: LR=9.39e-06, Loss=1.59e-02 BER=5.74e-03 FER=1.52e-01
2025-10-29 00:14:46,767 | INFO | Epoch 1625 Train Time 14.447670459747314s

2025-10-29 00:15:00,990 | INFO | Training epoch 1626, Batch 1000/1000: LR=9.34e-06, Loss=1.57e-02 BER=5.70e-03 FER=1.51e-01
2025-10-29 00:15:01,032 | INFO | Epoch 1626 Train Time 14.26407241821289s

2025-10-29 00:15:16,448 | INFO | Training epoch 1627, Batch 1000/1000: LR=9.30e-06, Loss=1.58e-02 BER=5.74e-03 FER=1.52e-01
2025-10-29 00:15:16,492 | INFO | Epoch 1627 Train Time 15.459701776504517s

2025-10-29 00:15:30,188 | INFO | Training epoch 1628, Batch 1000/1000: LR=9.26e-06, Loss=1.57e-02 BER=5.69e-03 FER=1.52e-01
2025-10-29 00:15:30,249 | INFO | Epoch 1628 Train Time 13.755995035171509s

2025-10-29 00:15:44,581 | INFO | Training epoch 1629, Batch 1000/1000: LR=9.21e-06, Loss=1.56e-02 BER=5.68e-03 FER=1.51e-01
2025-10-29 00:15:44,619 | INFO | Epoch 1629 Train Time 14.369922637939453s

2025-10-29 00:15:58,276 | INFO | Training epoch 1630, Batch 1000/1000: LR=9.17e-06, Loss=1.57e-02 BER=5.75e-03 FER=1.52e-01
2025-10-29 00:15:58,327 | INFO | Epoch 1630 Train Time 13.707147121429443s

2025-10-29 00:16:12,233 | INFO | Training epoch 1631, Batch 1000/1000: LR=9.13e-06, Loss=1.56e-02 BER=5.66e-03 FER=1.50e-01
2025-10-29 00:16:12,283 | INFO | Epoch 1631 Train Time 13.955406665802002s

2025-10-29 00:16:26,091 | INFO | Training epoch 1632, Batch 1000/1000: LR=9.08e-06, Loss=1.56e-02 BER=5.67e-03 FER=1.52e-01
2025-10-29 00:16:26,141 | INFO | Epoch 1632 Train Time 13.857640504837036s

2025-10-29 00:16:39,038 | INFO | Training epoch 1633, Batch 1000/1000: LR=9.04e-06, Loss=1.56e-02 BER=5.69e-03 FER=1.51e-01
2025-10-29 00:16:39,076 | INFO | Epoch 1633 Train Time 12.933792352676392s

2025-10-29 00:16:52,125 | INFO | Training epoch 1634, Batch 1000/1000: LR=9.00e-06, Loss=1.57e-02 BER=5.66e-03 FER=1.52e-01
2025-10-29 00:16:52,181 | INFO | Epoch 1634 Train Time 13.104145526885986s

2025-10-29 00:17:05,537 | INFO | Training epoch 1635, Batch 1000/1000: LR=8.96e-06, Loss=1.57e-02 BER=5.71e-03 FER=1.51e-01
2025-10-29 00:17:05,578 | INFO | Epoch 1635 Train Time 13.396852731704712s

2025-10-29 00:17:18,684 | INFO | Training epoch 1636, Batch 1000/1000: LR=8.92e-06, Loss=1.58e-02 BER=5.75e-03 FER=1.53e-01
2025-10-29 00:17:18,730 | INFO | Epoch 1636 Train Time 13.150578022003174s

2025-10-29 00:17:32,504 | INFO | Training epoch 1637, Batch 1000/1000: LR=8.87e-06, Loss=1.59e-02 BER=5.78e-03 FER=1.54e-01
2025-10-29 00:17:32,548 | INFO | Epoch 1637 Train Time 13.81796932220459s

2025-10-29 00:17:46,489 | INFO | Training epoch 1638, Batch 1000/1000: LR=8.83e-06, Loss=1.56e-02 BER=5.67e-03 FER=1.52e-01
2025-10-29 00:17:46,528 | INFO | Epoch 1638 Train Time 13.979177713394165s

2025-10-29 00:18:00,198 | INFO | Training epoch 1639, Batch 1000/1000: LR=8.79e-06, Loss=1.57e-02 BER=5.71e-03 FER=1.52e-01
2025-10-29 00:18:00,238 | INFO | Epoch 1639 Train Time 13.709409236907959s

2025-10-29 00:18:14,592 | INFO | Training epoch 1640, Batch 1000/1000: LR=8.75e-06, Loss=1.59e-02 BER=5.75e-03 FER=1.52e-01
2025-10-29 00:18:14,630 | INFO | Epoch 1640 Train Time 14.39088749885559s

2025-10-29 00:18:27,396 | INFO | Training epoch 1641, Batch 1000/1000: LR=8.71e-06, Loss=1.58e-02 BER=5.75e-03 FER=1.54e-01
2025-10-29 00:18:27,437 | INFO | Epoch 1641 Train Time 12.806569576263428s

2025-10-29 00:18:40,793 | INFO | Training epoch 1642, Batch 1000/1000: LR=8.66e-06, Loss=1.57e-02 BER=5.71e-03 FER=1.51e-01
2025-10-29 00:18:40,835 | INFO | Epoch 1642 Train Time 13.397275447845459s

2025-10-29 00:18:53,940 | INFO | Training epoch 1643, Batch 1000/1000: LR=8.62e-06, Loss=1.57e-02 BER=5.71e-03 FER=1.52e-01
2025-10-29 00:18:53,982 | INFO | Epoch 1643 Train Time 13.14666223526001s

2025-10-29 00:19:06,778 | INFO | Training epoch 1644, Batch 1000/1000: LR=8.58e-06, Loss=1.57e-02 BER=5.70e-03 FER=1.52e-01
2025-10-29 00:19:06,817 | INFO | Epoch 1644 Train Time 12.834833145141602s

2025-10-29 00:19:21,096 | INFO | Training epoch 1645, Batch 1000/1000: LR=8.54e-06, Loss=1.58e-02 BER=5.76e-03 FER=1.53e-01
2025-10-29 00:19:21,155 | INFO | Epoch 1645 Train Time 14.337350845336914s

2025-10-29 00:19:35,146 | INFO | Training epoch 1646, Batch 1000/1000: LR=8.50e-06, Loss=1.55e-02 BER=5.62e-03 FER=1.50e-01
2025-10-29 00:19:35,187 | INFO | Epoch 1646 Train Time 14.030989408493042s

2025-10-29 00:19:49,243 | INFO | Training epoch 1647, Batch 1000/1000: LR=8.46e-06, Loss=1.55e-02 BER=5.64e-03 FER=1.50e-01
2025-10-29 00:19:49,292 | INFO | Epoch 1647 Train Time 14.104828357696533s

2025-10-29 00:20:03,083 | INFO | Training epoch 1648, Batch 1000/1000: LR=8.42e-06, Loss=1.56e-02 BER=5.66e-03 FER=1.50e-01
2025-10-29 00:20:03,136 | INFO | Epoch 1648 Train Time 13.842884540557861s

2025-10-29 00:20:17,688 | INFO | Training epoch 1649, Batch 1000/1000: LR=8.38e-06, Loss=1.57e-02 BER=5.70e-03 FER=1.52e-01
2025-10-29 00:20:17,735 | INFO | Epoch 1649 Train Time 14.598576307296753s

2025-10-29 00:20:32,025 | INFO | Training epoch 1650, Batch 1000/1000: LR=8.33e-06, Loss=1.58e-02 BER=5.73e-03 FER=1.53e-01
2025-10-29 00:20:32,080 | INFO | Epoch 1650 Train Time 14.344051122665405s

2025-10-29 00:20:45,781 | INFO | Training epoch 1651, Batch 1000/1000: LR=8.29e-06, Loss=1.58e-02 BER=5.72e-03 FER=1.52e-01
2025-10-29 00:20:45,828 | INFO | Epoch 1651 Train Time 13.747603416442871s

2025-10-29 00:20:59,355 | INFO | Training epoch 1652, Batch 1000/1000: LR=8.25e-06, Loss=1.59e-02 BER=5.78e-03 FER=1.53e-01
2025-10-29 00:20:59,399 | INFO | Epoch 1652 Train Time 13.570668458938599s

2025-10-29 00:21:12,152 | INFO | Training epoch 1653, Batch 1000/1000: LR=8.21e-06, Loss=1.58e-02 BER=5.75e-03 FER=1.53e-01
2025-10-29 00:21:12,197 | INFO | Epoch 1653 Train Time 12.79776930809021s

2025-10-29 00:21:26,338 | INFO | Training epoch 1654, Batch 1000/1000: LR=8.17e-06, Loss=1.57e-02 BER=5.69e-03 FER=1.52e-01
2025-10-29 00:21:26,385 | INFO | Epoch 1654 Train Time 14.18753433227539s

2025-10-29 00:21:40,875 | INFO | Training epoch 1655, Batch 1000/1000: LR=8.13e-06, Loss=1.58e-02 BER=5.76e-03 FER=1.52e-01
2025-10-29 00:21:40,921 | INFO | Epoch 1655 Train Time 14.535229206085205s

2025-10-29 00:21:54,168 | INFO | Training epoch 1656, Batch 1000/1000: LR=8.09e-06, Loss=1.59e-02 BER=5.80e-03 FER=1.53e-01
2025-10-29 00:21:54,203 | INFO | Epoch 1656 Train Time 13.280851364135742s

2025-10-29 00:22:07,793 | INFO | Training epoch 1657, Batch 1000/1000: LR=8.05e-06, Loss=1.59e-02 BER=5.80e-03 FER=1.54e-01
2025-10-29 00:22:07,839 | INFO | Epoch 1657 Train Time 13.63575530052185s

2025-10-29 00:22:20,636 | INFO | Training epoch 1658, Batch 1000/1000: LR=8.01e-06, Loss=1.59e-02 BER=5.77e-03 FER=1.52e-01
2025-10-29 00:22:20,691 | INFO | Epoch 1658 Train Time 12.851401805877686s

2025-10-29 00:22:34,463 | INFO | Training epoch 1659, Batch 1000/1000: LR=7.97e-06, Loss=1.57e-02 BER=5.73e-03 FER=1.53e-01
2025-10-29 00:22:34,505 | INFO | Epoch 1659 Train Time 13.813154220581055s

2025-10-29 00:22:46,642 | INFO | Training epoch 1660, Batch 1000/1000: LR=7.93e-06, Loss=1.58e-02 BER=5.76e-03 FER=1.53e-01
2025-10-29 00:22:46,683 | INFO | Epoch 1660 Train Time 12.178178787231445s

2025-10-29 00:23:00,797 | INFO | Training epoch 1661, Batch 1000/1000: LR=7.89e-06, Loss=1.57e-02 BER=5.75e-03 FER=1.52e-01
2025-10-29 00:23:00,847 | INFO | Epoch 1661 Train Time 14.162417888641357s

2025-10-29 00:23:14,736 | INFO | Training epoch 1662, Batch 1000/1000: LR=7.85e-06, Loss=1.57e-02 BER=5.70e-03 FER=1.52e-01
2025-10-29 00:23:14,790 | INFO | Epoch 1662 Train Time 13.942418098449707s

2025-10-29 00:23:27,266 | INFO | Training epoch 1663, Batch 1000/1000: LR=7.81e-06, Loss=1.57e-02 BER=5.73e-03 FER=1.51e-01
2025-10-29 00:23:27,301 | INFO | Epoch 1663 Train Time 12.510331153869629s

2025-10-29 00:23:41,782 | INFO | Training epoch 1664, Batch 1000/1000: LR=7.78e-06, Loss=1.57e-02 BER=5.69e-03 FER=1.50e-01
2025-10-29 00:23:41,829 | INFO | Epoch 1664 Train Time 14.527236700057983s

2025-10-29 00:23:56,155 | INFO | Training epoch 1665, Batch 1000/1000: LR=7.74e-06, Loss=1.57e-02 BER=5.74e-03 FER=1.52e-01
2025-10-29 00:23:56,209 | INFO | Epoch 1665 Train Time 14.380126953125s

2025-10-29 00:24:09,558 | INFO | Training epoch 1666, Batch 1000/1000: LR=7.70e-06, Loss=1.58e-02 BER=5.74e-03 FER=1.53e-01
2025-10-29 00:24:09,611 | INFO | Epoch 1666 Train Time 13.400802373886108s

2025-10-29 00:24:22,112 | INFO | Training epoch 1667, Batch 1000/1000: LR=7.66e-06, Loss=1.58e-02 BER=5.77e-03 FER=1.54e-01
2025-10-29 00:24:22,160 | INFO | Epoch 1667 Train Time 12.548768043518066s

2025-10-29 00:24:34,953 | INFO | Training epoch 1668, Batch 1000/1000: LR=7.62e-06, Loss=1.57e-02 BER=5.69e-03 FER=1.52e-01
2025-10-29 00:24:34,992 | INFO | Epoch 1668 Train Time 12.831541776657104s

2025-10-29 00:24:49,545 | INFO | Training epoch 1669, Batch 1000/1000: LR=7.58e-06, Loss=1.56e-02 BER=5.71e-03 FER=1.51e-01
2025-10-29 00:24:49,577 | INFO | Epoch 1669 Train Time 14.584068298339844s

2025-10-29 00:25:02,864 | INFO | Training epoch 1670, Batch 1000/1000: LR=7.54e-06, Loss=1.57e-02 BER=5.71e-03 FER=1.51e-01
2025-10-29 00:25:02,903 | INFO | Epoch 1670 Train Time 13.32532024383545s

2025-10-29 00:25:16,850 | INFO | Training epoch 1671, Batch 1000/1000: LR=7.50e-06, Loss=1.58e-02 BER=5.74e-03 FER=1.53e-01
2025-10-29 00:25:16,893 | INFO | Epoch 1671 Train Time 13.989487886428833s

2025-10-29 00:25:31,095 | INFO | Training epoch 1672, Batch 1000/1000: LR=7.46e-06, Loss=1.58e-02 BER=5.74e-03 FER=1.53e-01
2025-10-29 00:25:31,146 | INFO | Epoch 1672 Train Time 14.252722263336182s

2025-10-29 00:25:45,606 | INFO | Training epoch 1673, Batch 1000/1000: LR=7.43e-06, Loss=1.58e-02 BER=5.77e-03 FER=1.53e-01
2025-10-29 00:25:45,658 | INFO | Epoch 1673 Train Time 14.511284828186035s

2025-10-29 00:25:59,233 | INFO | Training epoch 1674, Batch 1000/1000: LR=7.39e-06, Loss=1.58e-02 BER=5.79e-03 FER=1.54e-01
2025-10-29 00:25:59,272 | INFO | Epoch 1674 Train Time 13.613274812698364s

2025-10-29 00:26:13,500 | INFO | Training epoch 1675, Batch 1000/1000: LR=7.35e-06, Loss=1.56e-02 BER=5.68e-03 FER=1.50e-01
2025-10-29 00:26:13,549 | INFO | Epoch 1675 Train Time 14.27579927444458s

2025-10-29 00:26:27,186 | INFO | Training epoch 1676, Batch 1000/1000: LR=7.31e-06, Loss=1.59e-02 BER=5.73e-03 FER=1.52e-01
2025-10-29 00:26:27,235 | INFO | Epoch 1676 Train Time 13.686232566833496s

2025-10-29 00:26:40,418 | INFO | Training epoch 1677, Batch 1000/1000: LR=7.27e-06, Loss=1.55e-02 BER=5.61e-03 FER=1.50e-01
2025-10-29 00:26:40,472 | INFO | Epoch 1677 Train Time 13.235520839691162s

2025-10-29 00:26:54,374 | INFO | Training epoch 1678, Batch 1000/1000: LR=7.24e-06, Loss=1.57e-02 BER=5.75e-03 FER=1.53e-01
2025-10-29 00:26:54,426 | INFO | Epoch 1678 Train Time 13.952980518341064s

2025-10-29 00:27:07,805 | INFO | Training epoch 1679, Batch 1000/1000: LR=7.20e-06, Loss=1.58e-02 BER=5.72e-03 FER=1.52e-01
2025-10-29 00:27:07,864 | INFO | Epoch 1679 Train Time 13.437287092208862s

2025-10-29 00:27:21,733 | INFO | Training epoch 1680, Batch 1000/1000: LR=7.16e-06, Loss=1.57e-02 BER=5.69e-03 FER=1.51e-01
2025-10-29 00:27:21,778 | INFO | Epoch 1680 Train Time 13.914013385772705s

2025-10-29 00:27:35,900 | INFO | Training epoch 1681, Batch 1000/1000: LR=7.12e-06, Loss=1.56e-02 BER=5.70e-03 FER=1.51e-01
2025-10-29 00:27:35,944 | INFO | Epoch 1681 Train Time 14.165138483047485s

2025-10-29 00:27:49,656 | INFO | Training epoch 1682, Batch 1000/1000: LR=7.09e-06, Loss=1.55e-02 BER=5.64e-03 FER=1.51e-01
2025-10-29 00:27:49,699 | INFO | Epoch 1682 Train Time 13.754733324050903s

2025-10-29 00:28:03,428 | INFO | Training epoch 1683, Batch 1000/1000: LR=7.05e-06, Loss=1.57e-02 BER=5.77e-03 FER=1.53e-01
2025-10-29 00:28:03,475 | INFO | Epoch 1683 Train Time 13.775846242904663s

2025-10-29 00:28:15,832 | INFO | Training epoch 1684, Batch 1000/1000: LR=7.01e-06, Loss=1.58e-02 BER=5.75e-03 FER=1.52e-01
2025-10-29 00:28:15,869 | INFO | Epoch 1684 Train Time 12.393418550491333s

2025-10-29 00:28:30,485 | INFO | Training epoch 1685, Batch 1000/1000: LR=6.97e-06, Loss=1.56e-02 BER=5.68e-03 FER=1.52e-01
2025-10-29 00:28:30,537 | INFO | Epoch 1685 Train Time 14.666813850402832s

2025-10-29 00:28:44,014 | INFO | Training epoch 1686, Batch 1000/1000: LR=6.94e-06, Loss=1.57e-02 BER=5.69e-03 FER=1.53e-01
2025-10-29 00:28:44,061 | INFO | Epoch 1686 Train Time 13.523997783660889s

2025-10-29 00:28:57,549 | INFO | Training epoch 1687, Batch 1000/1000: LR=6.90e-06, Loss=1.58e-02 BER=5.73e-03 FER=1.52e-01
2025-10-29 00:28:57,594 | INFO | Epoch 1687 Train Time 13.531974077224731s

2025-10-29 00:29:11,217 | INFO | Training epoch 1688, Batch 1000/1000: LR=6.86e-06, Loss=1.58e-02 BER=5.71e-03 FER=1.52e-01
2025-10-29 00:29:11,251 | INFO | Epoch 1688 Train Time 13.657046556472778s

2025-10-29 00:29:25,085 | INFO | Training epoch 1689, Batch 1000/1000: LR=6.83e-06, Loss=1.59e-02 BER=5.77e-03 FER=1.53e-01
2025-10-29 00:29:25,134 | INFO | Epoch 1689 Train Time 13.882202625274658s

2025-10-29 00:29:38,559 | INFO | Training epoch 1690, Batch 1000/1000: LR=6.79e-06, Loss=1.55e-02 BER=5.60e-03 FER=1.51e-01
2025-10-29 00:29:38,612 | INFO | Epoch 1690 Train Time 13.477619409561157s

2025-10-29 00:29:51,524 | INFO | Training epoch 1691, Batch 1000/1000: LR=6.75e-06, Loss=1.58e-02 BER=5.79e-03 FER=1.53e-01
2025-10-29 00:29:51,576 | INFO | Epoch 1691 Train Time 12.96290111541748s

2025-10-29 00:30:04,694 | INFO | Training epoch 1692, Batch 1000/1000: LR=6.72e-06, Loss=1.58e-02 BER=5.76e-03 FER=1.52e-01
2025-10-29 00:30:04,738 | INFO | Epoch 1692 Train Time 13.161486625671387s

2025-10-29 00:30:17,864 | INFO | Training epoch 1693, Batch 1000/1000: LR=6.68e-06, Loss=1.58e-02 BER=5.74e-03 FER=1.53e-01
2025-10-29 00:30:17,905 | INFO | Epoch 1693 Train Time 13.166173696517944s

2025-10-29 00:30:30,837 | INFO | Training epoch 1694, Batch 1000/1000: LR=6.64e-06, Loss=1.57e-02 BER=5.72e-03 FER=1.53e-01
2025-10-29 00:30:30,872 | INFO | Epoch 1694 Train Time 12.966396808624268s

2025-10-29 00:30:45,849 | INFO | Training epoch 1695, Batch 1000/1000: LR=6.61e-06, Loss=1.56e-02 BER=5.66e-03 FER=1.51e-01
2025-10-29 00:30:45,895 | INFO | Epoch 1695 Train Time 15.022656440734863s

2025-10-29 00:30:59,582 | INFO | Training epoch 1696, Batch 1000/1000: LR=6.57e-06, Loss=1.56e-02 BER=5.68e-03 FER=1.51e-01
2025-10-29 00:30:59,635 | INFO | Epoch 1696 Train Time 13.739656925201416s

2025-10-29 00:31:13,262 | INFO | Training epoch 1697, Batch 1000/1000: LR=6.54e-06, Loss=1.59e-02 BER=5.77e-03 FER=1.54e-01
2025-10-29 00:31:13,317 | INFO | Epoch 1697 Train Time 13.68138599395752s

2025-10-29 00:31:27,540 | INFO | Training epoch 1698, Batch 1000/1000: LR=6.50e-06, Loss=1.56e-02 BER=5.68e-03 FER=1.52e-01
2025-10-29 00:31:27,596 | INFO | Epoch 1698 Train Time 14.278522253036499s

2025-10-29 00:31:40,994 | INFO | Training epoch 1699, Batch 1000/1000: LR=6.47e-06, Loss=1.58e-02 BER=5.74e-03 FER=1.53e-01
2025-10-29 00:31:41,031 | INFO | Epoch 1699 Train Time 13.434039115905762s

2025-10-29 00:31:55,481 | INFO | Training epoch 1700, Batch 1000/1000: LR=6.43e-06, Loss=1.58e-02 BER=5.74e-03 FER=1.53e-01
2025-10-29 00:31:55,514 | INFO | Epoch 1700 Train Time 14.482381343841553s

2025-10-29 00:32:09,731 | INFO | Training epoch 1701, Batch 1000/1000: LR=6.40e-06, Loss=1.55e-02 BER=5.66e-03 FER=1.51e-01
2025-10-29 00:32:09,792 | INFO | Epoch 1701 Train Time 14.27703046798706s

2025-10-29 00:32:23,258 | INFO | Training epoch 1702, Batch 1000/1000: LR=6.36e-06, Loss=1.58e-02 BER=5.73e-03 FER=1.53e-01
2025-10-29 00:32:23,297 | INFO | Epoch 1702 Train Time 13.50400686264038s

2025-10-29 00:32:37,006 | INFO | Training epoch 1703, Batch 1000/1000: LR=6.32e-06, Loss=1.59e-02 BER=5.81e-03 FER=1.52e-01
2025-10-29 00:32:37,047 | INFO | Epoch 1703 Train Time 13.7500901222229s

2025-10-29 00:32:50,635 | INFO | Training epoch 1704, Batch 1000/1000: LR=6.29e-06, Loss=1.57e-02 BER=5.72e-03 FER=1.53e-01
2025-10-29 00:32:50,694 | INFO | Epoch 1704 Train Time 13.645873069763184s

2025-10-29 00:33:04,075 | INFO | Training epoch 1705, Batch 1000/1000: LR=6.25e-06, Loss=1.58e-02 BER=5.79e-03 FER=1.53e-01
2025-10-29 00:33:04,127 | INFO | Epoch 1705 Train Time 13.432790040969849s

2025-10-29 00:33:18,335 | INFO | Training epoch 1706, Batch 1000/1000: LR=6.22e-06, Loss=1.57e-02 BER=5.70e-03 FER=1.53e-01
2025-10-29 00:33:18,386 | INFO | Epoch 1706 Train Time 14.25786828994751s

2025-10-29 00:33:31,544 | INFO | Training epoch 1707, Batch 1000/1000: LR=6.19e-06, Loss=1.58e-02 BER=5.72e-03 FER=1.53e-01
2025-10-29 00:33:31,591 | INFO | Epoch 1707 Train Time 13.204642057418823s

2025-10-29 00:33:44,849 | INFO | Training epoch 1708, Batch 1000/1000: LR=6.15e-06, Loss=1.55e-02 BER=5.65e-03 FER=1.51e-01
2025-10-29 00:33:44,890 | INFO | Epoch 1708 Train Time 13.299057960510254s

2025-10-29 00:33:59,113 | INFO | Training epoch 1709, Batch 1000/1000: LR=6.12e-06, Loss=1.57e-02 BER=5.75e-03 FER=1.53e-01
2025-10-29 00:33:59,147 | INFO | Epoch 1709 Train Time 14.25580906867981s

2025-10-29 00:34:12,619 | INFO | Training epoch 1710, Batch 1000/1000: LR=6.08e-06, Loss=1.57e-02 BER=5.71e-03 FER=1.52e-01
2025-10-29 00:34:12,666 | INFO | Epoch 1710 Train Time 13.51800537109375s

2025-10-29 00:34:27,823 | INFO | Training epoch 1711, Batch 1000/1000: LR=6.05e-06, Loss=1.57e-02 BER=5.67e-03 FER=1.50e-01
2025-10-29 00:34:27,864 | INFO | Epoch 1711 Train Time 15.197396993637085s

2025-10-29 00:34:42,617 | INFO | Training epoch 1712, Batch 1000/1000: LR=6.01e-06, Loss=1.59e-02 BER=5.78e-03 FER=1.53e-01
2025-10-29 00:34:42,658 | INFO | Epoch 1712 Train Time 14.793251991271973s

2025-10-29 00:34:55,766 | INFO | Training epoch 1713, Batch 1000/1000: LR=5.98e-06, Loss=1.57e-02 BER=5.73e-03 FER=1.52e-01
2025-10-29 00:34:55,811 | INFO | Epoch 1713 Train Time 13.152015686035156s

2025-10-29 00:35:08,922 | INFO | Training epoch 1714, Batch 1000/1000: LR=5.95e-06, Loss=1.56e-02 BER=5.65e-03 FER=1.51e-01
2025-10-29 00:35:08,961 | INFO | Epoch 1714 Train Time 13.150013208389282s

2025-10-29 00:35:21,908 | INFO | Training epoch 1715, Batch 1000/1000: LR=5.91e-06, Loss=1.59e-02 BER=5.77e-03 FER=1.53e-01
2025-10-29 00:35:21,949 | INFO | Epoch 1715 Train Time 12.987221956253052s

2025-10-29 00:35:35,793 | INFO | Training epoch 1716, Batch 1000/1000: LR=5.88e-06, Loss=1.56e-02 BER=5.71e-03 FER=1.52e-01
2025-10-29 00:35:35,839 | INFO | Epoch 1716 Train Time 13.889164686203003s

2025-10-29 00:35:49,933 | INFO | Training epoch 1717, Batch 1000/1000: LR=5.84e-06, Loss=1.57e-02 BER=5.75e-03 FER=1.53e-01
2025-10-29 00:35:49,978 | INFO | Epoch 1717 Train Time 14.13896107673645s

2025-10-29 00:36:03,727 | INFO | Training epoch 1718, Batch 1000/1000: LR=5.81e-06, Loss=1.56e-02 BER=5.68e-03 FER=1.51e-01
2025-10-29 00:36:03,773 | INFO | Epoch 1718 Train Time 13.794219255447388s

2025-10-29 00:36:16,678 | INFO | Training epoch 1719, Batch 1000/1000: LR=5.78e-06, Loss=1.57e-02 BER=5.72e-03 FER=1.52e-01
2025-10-29 00:36:16,721 | INFO | Epoch 1719 Train Time 12.947970390319824s

2025-10-29 00:36:29,994 | INFO | Training epoch 1720, Batch 1000/1000: LR=5.74e-06, Loss=1.57e-02 BER=5.71e-03 FER=1.52e-01
2025-10-29 00:36:30,043 | INFO | Epoch 1720 Train Time 13.321788311004639s

2025-10-29 00:36:44,344 | INFO | Training epoch 1721, Batch 1000/1000: LR=5.71e-06, Loss=1.56e-02 BER=5.67e-03 FER=1.52e-01
2025-10-29 00:36:44,384 | INFO | Epoch 1721 Train Time 14.340180397033691s

2025-10-29 00:36:58,159 | INFO | Training epoch 1722, Batch 1000/1000: LR=5.68e-06, Loss=1.57e-02 BER=5.71e-03 FER=1.52e-01
2025-10-29 00:36:58,210 | INFO | Epoch 1722 Train Time 13.824830293655396s

2025-10-29 00:37:12,106 | INFO | Training epoch 1723, Batch 1000/1000: LR=5.65e-06, Loss=1.57e-02 BER=5.72e-03 FER=1.52e-01
2025-10-29 00:37:12,156 | INFO | Epoch 1723 Train Time 13.945489168167114s

2025-10-29 00:37:25,601 | INFO | Training epoch 1724, Batch 1000/1000: LR=5.61e-06, Loss=1.56e-02 BER=5.67e-03 FER=1.51e-01
2025-10-29 00:37:25,661 | INFO | Epoch 1724 Train Time 13.504790306091309s

2025-10-29 00:37:38,448 | INFO | Training epoch 1725, Batch 1000/1000: LR=5.58e-06, Loss=1.57e-02 BER=5.73e-03 FER=1.53e-01
2025-10-29 00:37:38,488 | INFO | Epoch 1725 Train Time 12.826721668243408s

2025-10-29 00:37:52,326 | INFO | Training epoch 1726, Batch 1000/1000: LR=5.55e-06, Loss=1.57e-02 BER=5.69e-03 FER=1.52e-01
2025-10-29 00:37:52,376 | INFO | Epoch 1726 Train Time 13.886698007583618s

2025-10-29 00:38:06,095 | INFO | Training epoch 1727, Batch 1000/1000: LR=5.51e-06, Loss=1.56e-02 BER=5.70e-03 FER=1.51e-01
2025-10-29 00:38:06,152 | INFO | Epoch 1727 Train Time 13.775465965270996s

2025-10-29 00:38:19,674 | INFO | Training epoch 1728, Batch 1000/1000: LR=5.48e-06, Loss=1.56e-02 BER=5.67e-03 FER=1.51e-01
2025-10-29 00:38:19,719 | INFO | Epoch 1728 Train Time 13.566606283187866s

2025-10-29 00:38:33,447 | INFO | Training epoch 1729, Batch 1000/1000: LR=5.45e-06, Loss=1.58e-02 BER=5.74e-03 FER=1.52e-01
2025-10-29 00:38:33,494 | INFO | Epoch 1729 Train Time 13.774619817733765s

2025-10-29 00:38:46,348 | INFO | Training epoch 1730, Batch 1000/1000: LR=5.42e-06, Loss=1.57e-02 BER=5.73e-03 FER=1.52e-01
2025-10-29 00:38:46,402 | INFO | Epoch 1730 Train Time 12.90721321105957s

2025-10-29 00:38:59,778 | INFO | Training epoch 1731, Batch 1000/1000: LR=5.39e-06, Loss=1.59e-02 BER=5.78e-03 FER=1.52e-01
2025-10-29 00:38:59,839 | INFO | Epoch 1731 Train Time 13.436784267425537s

2025-10-29 00:39:13,193 | INFO | Training epoch 1732, Batch 1000/1000: LR=5.35e-06, Loss=1.56e-02 BER=5.67e-03 FER=1.51e-01
2025-10-29 00:39:13,238 | INFO | Epoch 1732 Train Time 13.39800214767456s

2025-10-29 00:39:26,511 | INFO | Training epoch 1733, Batch 1000/1000: LR=5.32e-06, Loss=1.55e-02 BER=5.67e-03 FER=1.52e-01
2025-10-29 00:39:26,558 | INFO | Epoch 1733 Train Time 13.319146633148193s

2025-10-29 00:39:39,397 | INFO | Training epoch 1734, Batch 1000/1000: LR=5.29e-06, Loss=1.57e-02 BER=5.70e-03 FER=1.51e-01
2025-10-29 00:39:39,449 | INFO | Epoch 1734 Train Time 12.89026689529419s

2025-10-29 00:39:53,121 | INFO | Training epoch 1735, Batch 1000/1000: LR=5.26e-06, Loss=1.57e-02 BER=5.72e-03 FER=1.52e-01
2025-10-29 00:39:53,179 | INFO | Epoch 1735 Train Time 13.729793787002563s

2025-10-29 00:40:06,179 | INFO | Training epoch 1736, Batch 1000/1000: LR=5.23e-06, Loss=1.58e-02 BER=5.72e-03 FER=1.51e-01
2025-10-29 00:40:06,228 | INFO | Epoch 1736 Train Time 13.048854351043701s

2025-10-29 00:40:19,526 | INFO | Training epoch 1737, Batch 1000/1000: LR=5.20e-06, Loss=1.58e-02 BER=5.74e-03 FER=1.53e-01
2025-10-29 00:40:19,575 | INFO | Epoch 1737 Train Time 13.345572471618652s

2025-10-29 00:40:33,300 | INFO | Training epoch 1738, Batch 1000/1000: LR=5.16e-06, Loss=1.59e-02 BER=5.76e-03 FER=1.53e-01
2025-10-29 00:40:33,352 | INFO | Epoch 1738 Train Time 13.776262760162354s

2025-10-29 00:40:48,048 | INFO | Training epoch 1739, Batch 1000/1000: LR=5.13e-06, Loss=1.58e-02 BER=5.71e-03 FER=1.52e-01
2025-10-29 00:40:48,094 | INFO | Epoch 1739 Train Time 14.740214824676514s

2025-10-29 00:41:00,975 | INFO | Training epoch 1740, Batch 1000/1000: LR=5.10e-06, Loss=1.57e-02 BER=5.68e-03 FER=1.51e-01
2025-10-29 00:41:01,013 | INFO | Epoch 1740 Train Time 12.918971300125122s

2025-10-29 00:41:14,798 | INFO | Training epoch 1741, Batch 1000/1000: LR=5.07e-06, Loss=1.58e-02 BER=5.72e-03 FER=1.53e-01
2025-10-29 00:41:14,842 | INFO | Epoch 1741 Train Time 13.828148126602173s

2025-10-29 00:41:27,890 | INFO | Training epoch 1742, Batch 1000/1000: LR=5.04e-06, Loss=1.58e-02 BER=5.77e-03 FER=1.52e-01
2025-10-29 00:41:27,939 | INFO | Epoch 1742 Train Time 13.096086502075195s

2025-10-29 00:41:41,825 | INFO | Training epoch 1743, Batch 1000/1000: LR=5.01e-06, Loss=1.55e-02 BER=5.62e-03 FER=1.49e-01
2025-10-29 00:41:41,860 | INFO | Epoch 1743 Train Time 13.92134141921997s

2025-10-29 00:41:54,796 | INFO | Training epoch 1744, Batch 1000/1000: LR=4.98e-06, Loss=1.58e-02 BER=5.76e-03 FER=1.53e-01
2025-10-29 00:41:54,841 | INFO | Epoch 1744 Train Time 12.980407238006592s

2025-10-29 00:42:07,978 | INFO | Training epoch 1745, Batch 1000/1000: LR=4.95e-06, Loss=1.57e-02 BER=5.70e-03 FER=1.52e-01
2025-10-29 00:42:08,031 | INFO | Epoch 1745 Train Time 13.189077615737915s

2025-10-29 00:42:23,152 | INFO | Training epoch 1746, Batch 1000/1000: LR=4.92e-06, Loss=1.55e-02 BER=5.64e-03 FER=1.52e-01
2025-10-29 00:42:23,200 | INFO | Epoch 1746 Train Time 15.16845417022705s

2025-10-29 00:42:37,603 | INFO | Training epoch 1747, Batch 1000/1000: LR=4.89e-06, Loss=1.59e-02 BER=5.80e-03 FER=1.54e-01
2025-10-29 00:42:37,660 | INFO | Epoch 1747 Train Time 14.459264039993286s

2025-10-29 00:42:51,271 | INFO | Training epoch 1748, Batch 1000/1000: LR=4.86e-06, Loss=1.57e-02 BER=5.72e-03 FER=1.52e-01
2025-10-29 00:42:51,319 | INFO | Epoch 1748 Train Time 13.657867193222046s

2025-10-29 00:43:05,259 | INFO | Training epoch 1749, Batch 1000/1000: LR=4.83e-06, Loss=1.57e-02 BER=5.72e-03 FER=1.53e-01
2025-10-29 00:43:05,323 | INFO | Epoch 1749 Train Time 14.003631353378296s

2025-10-29 00:43:18,702 | INFO | Training epoch 1750, Batch 1000/1000: LR=4.80e-06, Loss=1.56e-02 BER=5.67e-03 FER=1.51e-01
2025-10-29 00:43:18,748 | INFO | Epoch 1750 Train Time 13.423943996429443s

2025-10-29 00:43:32,447 | INFO | Training epoch 1751, Batch 1000/1000: LR=4.77e-06, Loss=1.58e-02 BER=5.71e-03 FER=1.53e-01
2025-10-29 00:43:32,483 | INFO | Epoch 1751 Train Time 13.734299421310425s

2025-10-29 00:43:46,932 | INFO | Training epoch 1752, Batch 1000/1000: LR=4.74e-06, Loss=1.57e-02 BER=5.67e-03 FER=1.51e-01
2025-10-29 00:43:46,973 | INFO | Epoch 1752 Train Time 14.489387035369873s

2025-10-29 00:44:00,637 | INFO | Training epoch 1753, Batch 1000/1000: LR=4.71e-06, Loss=1.54e-02 BER=5.60e-03 FER=1.51e-01
2025-10-29 00:44:00,681 | INFO | Epoch 1753 Train Time 13.707198143005371s

2025-10-29 00:44:00,681 | INFO | [P1] saving best_model with loss 0.015428 at epoch 1753
2025-10-29 00:44:14,786 | INFO | Training epoch 1754, Batch 1000/1000: LR=4.68e-06, Loss=1.58e-02 BER=5.77e-03 FER=1.53e-01
2025-10-29 00:44:14,840 | INFO | Epoch 1754 Train Time 14.148043632507324s

2025-10-29 00:44:27,900 | INFO | Training epoch 1755, Batch 1000/1000: LR=4.65e-06, Loss=1.56e-02 BER=5.72e-03 FER=1.52e-01
2025-10-29 00:44:27,944 | INFO | Epoch 1755 Train Time 13.10338830947876s

2025-10-29 00:44:41,783 | INFO | Training epoch 1756, Batch 1000/1000: LR=4.62e-06, Loss=1.58e-02 BER=5.77e-03 FER=1.53e-01
2025-10-29 00:44:41,822 | INFO | Epoch 1756 Train Time 13.877176284790039s

2025-10-29 00:44:55,527 | INFO | Training epoch 1757, Batch 1000/1000: LR=4.59e-06, Loss=1.55e-02 BER=5.63e-03 FER=1.51e-01
2025-10-29 00:44:55,576 | INFO | Epoch 1757 Train Time 13.752915620803833s

2025-10-29 00:45:08,548 | INFO | Training epoch 1758, Batch 1000/1000: LR=4.56e-06, Loss=1.59e-02 BER=5.79e-03 FER=1.53e-01
2025-10-29 00:45:08,609 | INFO | Epoch 1758 Train Time 13.032504081726074s

2025-10-29 00:45:21,530 | INFO | Training epoch 1759, Batch 1000/1000: LR=4.53e-06, Loss=1.59e-02 BER=5.79e-03 FER=1.53e-01
2025-10-29 00:45:21,567 | INFO | Epoch 1759 Train Time 12.95736289024353s

2025-10-29 00:45:35,568 | INFO | Training epoch 1760, Batch 1000/1000: LR=4.50e-06, Loss=1.57e-02 BER=5.70e-03 FER=1.52e-01
2025-10-29 00:45:35,623 | INFO | Epoch 1760 Train Time 14.05487060546875s

2025-10-29 00:45:49,124 | INFO | Training epoch 1761, Batch 1000/1000: LR=4.48e-06, Loss=1.57e-02 BER=5.70e-03 FER=1.52e-01
2025-10-29 00:45:49,203 | INFO | Epoch 1761 Train Time 13.580015420913696s

2025-10-29 00:46:02,587 | INFO | Training epoch 1762, Batch 1000/1000: LR=4.45e-06, Loss=1.56e-02 BER=5.65e-03 FER=1.51e-01
2025-10-29 00:46:02,622 | INFO | Epoch 1762 Train Time 13.418257713317871s

2025-10-29 00:46:16,657 | INFO | Training epoch 1763, Batch 1000/1000: LR=4.42e-06, Loss=1.56e-02 BER=5.65e-03 FER=1.51e-01
2025-10-29 00:46:16,712 | INFO | Epoch 1763 Train Time 14.089935779571533s

2025-10-29 00:46:30,870 | INFO | Training epoch 1764, Batch 1000/1000: LR=4.39e-06, Loss=1.56e-02 BER=5.66e-03 FER=1.50e-01
2025-10-29 00:46:30,910 | INFO | Epoch 1764 Train Time 14.196430444717407s

2025-10-29 00:46:45,091 | INFO | Training epoch 1765, Batch 1000/1000: LR=4.36e-06, Loss=1.56e-02 BER=5.69e-03 FER=1.51e-01
2025-10-29 00:46:45,132 | INFO | Epoch 1765 Train Time 14.222160339355469s

2025-10-29 00:46:59,325 | INFO | Training epoch 1766, Batch 1000/1000: LR=4.33e-06, Loss=1.55e-02 BER=5.65e-03 FER=1.50e-01
2025-10-29 00:46:59,369 | INFO | Epoch 1766 Train Time 14.235956907272339s

2025-10-29 00:47:12,354 | INFO | Training epoch 1767, Batch 1000/1000: LR=4.31e-06, Loss=1.56e-02 BER=5.71e-03 FER=1.51e-01
2025-10-29 00:47:12,415 | INFO | Epoch 1767 Train Time 13.0450279712677s

2025-10-29 00:47:26,175 | INFO | Training epoch 1768, Batch 1000/1000: LR=4.28e-06, Loss=1.58e-02 BER=5.74e-03 FER=1.53e-01
2025-10-29 00:47:26,225 | INFO | Epoch 1768 Train Time 13.809184789657593s

2025-10-29 00:47:40,088 | INFO | Training epoch 1769, Batch 1000/1000: LR=4.25e-06, Loss=1.58e-02 BER=5.75e-03 FER=1.53e-01
2025-10-29 00:47:40,147 | INFO | Epoch 1769 Train Time 13.92122769355774s

2025-10-29 00:47:53,323 | INFO | Training epoch 1770, Batch 1000/1000: LR=4.22e-06, Loss=1.57e-02 BER=5.74e-03 FER=1.52e-01
2025-10-29 00:47:53,371 | INFO | Epoch 1770 Train Time 13.224144458770752s

2025-10-29 00:48:06,353 | INFO | Training epoch 1771, Batch 1000/1000: LR=4.20e-06, Loss=1.56e-02 BER=5.67e-03 FER=1.50e-01
2025-10-29 00:48:06,410 | INFO | Epoch 1771 Train Time 13.037750720977783s

2025-10-29 00:48:20,852 | INFO | Training epoch 1772, Batch 1000/1000: LR=4.17e-06, Loss=1.56e-02 BER=5.69e-03 FER=1.52e-01
2025-10-29 00:48:20,897 | INFO | Epoch 1772 Train Time 14.486684560775757s

2025-10-29 00:48:34,361 | INFO | Training epoch 1773, Batch 1000/1000: LR=4.14e-06, Loss=1.56e-02 BER=5.67e-03 FER=1.51e-01
2025-10-29 00:48:34,399 | INFO | Epoch 1773 Train Time 13.501760244369507s

2025-10-29 00:48:47,436 | INFO | Training epoch 1774, Batch 1000/1000: LR=4.11e-06, Loss=1.58e-02 BER=5.74e-03 FER=1.53e-01
2025-10-29 00:48:47,483 | INFO | Epoch 1774 Train Time 13.083231210708618s

2025-10-29 00:49:00,345 | INFO | Training epoch 1775, Batch 1000/1000: LR=4.09e-06, Loss=1.57e-02 BER=5.69e-03 FER=1.51e-01
2025-10-29 00:49:00,405 | INFO | Epoch 1775 Train Time 12.92122220993042s

2025-10-29 00:49:12,712 | INFO | Training epoch 1776, Batch 1000/1000: LR=4.06e-06, Loss=1.59e-02 BER=5.78e-03 FER=1.53e-01
2025-10-29 00:49:12,750 | INFO | Epoch 1776 Train Time 12.344724655151367s

2025-10-29 00:49:25,688 | INFO | Training epoch 1777, Batch 1000/1000: LR=4.03e-06, Loss=1.57e-02 BER=5.68e-03 FER=1.51e-01
2025-10-29 00:49:25,736 | INFO | Epoch 1777 Train Time 12.985517024993896s

2025-10-29 00:49:39,491 | INFO | Training epoch 1778, Batch 1000/1000: LR=4.01e-06, Loss=1.57e-02 BER=5.69e-03 FER=1.51e-01
2025-10-29 00:49:39,536 | INFO | Epoch 1778 Train Time 13.79936933517456s

2025-10-29 00:49:52,798 | INFO | Training epoch 1779, Batch 1000/1000: LR=3.98e-06, Loss=1.55e-02 BER=5.67e-03 FER=1.52e-01
2025-10-29 00:49:52,842 | INFO | Epoch 1779 Train Time 13.30476450920105s

2025-10-29 00:50:06,419 | INFO | Training epoch 1780, Batch 1000/1000: LR=3.95e-06, Loss=1.58e-02 BER=5.76e-03 FER=1.54e-01
2025-10-29 00:50:06,458 | INFO | Epoch 1780 Train Time 13.615790843963623s

2025-10-29 00:50:21,074 | INFO | Training epoch 1781, Batch 1000/1000: LR=3.93e-06, Loss=1.56e-02 BER=5.67e-03 FER=1.50e-01
2025-10-29 00:50:21,132 | INFO | Epoch 1781 Train Time 14.673338413238525s

2025-10-29 00:50:35,270 | INFO | Training epoch 1782, Batch 1000/1000: LR=3.90e-06, Loss=1.58e-02 BER=5.73e-03 FER=1.53e-01
2025-10-29 00:50:35,324 | INFO | Epoch 1782 Train Time 14.191800594329834s

2025-10-29 00:50:49,326 | INFO | Training epoch 1783, Batch 1000/1000: LR=3.87e-06, Loss=1.57e-02 BER=5.74e-03 FER=1.53e-01
2025-10-29 00:50:49,371 | INFO | Epoch 1783 Train Time 14.04625940322876s

2025-10-29 00:51:02,946 | INFO | Training epoch 1784, Batch 1000/1000: LR=3.85e-06, Loss=1.58e-02 BER=5.74e-03 FER=1.52e-01
2025-10-29 00:51:02,996 | INFO | Epoch 1784 Train Time 13.624009609222412s

2025-10-29 00:51:16,927 | INFO | Training epoch 1785, Batch 1000/1000: LR=3.82e-06, Loss=1.57e-02 BER=5.73e-03 FER=1.52e-01
2025-10-29 00:51:16,973 | INFO | Epoch 1785 Train Time 13.97643494606018s

2025-10-29 00:51:30,019 | INFO | Training epoch 1786, Batch 1000/1000: LR=3.80e-06, Loss=1.58e-02 BER=5.79e-03 FER=1.54e-01
2025-10-29 00:51:30,068 | INFO | Epoch 1786 Train Time 13.093965530395508s

2025-10-29 00:51:43,946 | INFO | Training epoch 1787, Batch 1000/1000: LR=3.77e-06, Loss=1.58e-02 BER=5.76e-03 FER=1.54e-01
2025-10-29 00:51:44,006 | INFO | Epoch 1787 Train Time 13.937463760375977s

2025-10-29 00:51:57,386 | INFO | Training epoch 1788, Batch 1000/1000: LR=3.74e-06, Loss=1.57e-02 BER=5.72e-03 FER=1.52e-01
2025-10-29 00:51:57,444 | INFO | Epoch 1788 Train Time 13.436902046203613s

2025-10-29 00:52:10,883 | INFO | Training epoch 1789, Batch 1000/1000: LR=3.72e-06, Loss=1.55e-02 BER=5.63e-03 FER=1.50e-01
2025-10-29 00:52:10,926 | INFO | Epoch 1789 Train Time 13.481290102005005s

2025-10-29 00:52:24,816 | INFO | Training epoch 1790, Batch 1000/1000: LR=3.69e-06, Loss=1.56e-02 BER=5.68e-03 FER=1.52e-01
2025-10-29 00:52:24,873 | INFO | Epoch 1790 Train Time 13.9464750289917s

2025-10-29 00:52:37,893 | INFO | Training epoch 1791, Batch 1000/1000: LR=3.67e-06, Loss=1.56e-02 BER=5.68e-03 FER=1.52e-01
2025-10-29 00:52:37,930 | INFO | Epoch 1791 Train Time 13.057137966156006s

2025-10-29 00:52:51,360 | INFO | Training epoch 1792, Batch 1000/1000: LR=3.64e-06, Loss=1.58e-02 BER=5.75e-03 FER=1.52e-01
2025-10-29 00:52:51,417 | INFO | Epoch 1792 Train Time 13.48653507232666s

2025-10-29 00:53:06,123 | INFO | Training epoch 1793, Batch 1000/1000: LR=3.62e-06, Loss=1.58e-02 BER=5.74e-03 FER=1.52e-01
2025-10-29 00:53:06,167 | INFO | Epoch 1793 Train Time 14.749377727508545s

2025-10-29 00:53:18,604 | INFO | Training epoch 1794, Batch 1000/1000: LR=3.59e-06, Loss=1.56e-02 BER=5.67e-03 FER=1.52e-01
2025-10-29 00:53:18,650 | INFO | Epoch 1794 Train Time 12.481162309646606s

2025-10-29 00:53:32,495 | INFO | Training epoch 1795, Batch 1000/1000: LR=3.57e-06, Loss=1.56e-02 BER=5.64e-03 FER=1.51e-01
2025-10-29 00:53:32,551 | INFO | Epoch 1795 Train Time 13.900028467178345s

2025-10-29 00:53:46,982 | INFO | Training epoch 1796, Batch 1000/1000: LR=3.54e-06, Loss=1.57e-02 BER=5.74e-03 FER=1.53e-01
2025-10-29 00:53:47,036 | INFO | Epoch 1796 Train Time 14.484926700592041s

2025-10-29 00:54:01,551 | INFO | Training epoch 1797, Batch 1000/1000: LR=3.52e-06, Loss=1.59e-02 BER=5.76e-03 FER=1.52e-01
2025-10-29 00:54:01,589 | INFO | Epoch 1797 Train Time 14.55218243598938s

2025-10-29 00:54:15,316 | INFO | Training epoch 1798, Batch 1000/1000: LR=3.50e-06, Loss=1.58e-02 BER=5.75e-03 FER=1.53e-01
2025-10-29 00:54:15,363 | INFO | Epoch 1798 Train Time 13.77330493927002s

2025-10-29 00:54:28,311 | INFO | Training epoch 1799, Batch 1000/1000: LR=3.47e-06, Loss=1.58e-02 BER=5.74e-03 FER=1.51e-01
2025-10-29 00:54:28,356 | INFO | Epoch 1799 Train Time 12.992630004882812s

2025-10-29 00:54:41,685 | INFO | Training epoch 1800, Batch 1000/1000: LR=3.45e-06, Loss=1.59e-02 BER=5.76e-03 FER=1.52e-01
2025-10-29 00:54:41,735 | INFO | Epoch 1800 Train Time 13.378978252410889s

2025-10-29 00:54:55,969 | INFO | Training epoch 1801, Batch 1000/1000: LR=3.42e-06, Loss=1.58e-02 BER=5.76e-03 FER=1.52e-01
2025-10-29 00:54:56,013 | INFO | Epoch 1801 Train Time 14.277202844619751s

2025-10-29 00:55:09,320 | INFO | Training epoch 1802, Batch 1000/1000: LR=3.40e-06, Loss=1.59e-02 BER=5.75e-03 FER=1.52e-01
2025-10-29 00:55:09,372 | INFO | Epoch 1802 Train Time 13.358055114746094s

2025-10-29 00:55:22,794 | INFO | Training epoch 1803, Batch 1000/1000: LR=3.37e-06, Loss=1.57e-02 BER=5.68e-03 FER=1.52e-01
2025-10-29 00:55:22,844 | INFO | Epoch 1803 Train Time 13.471880912780762s

2025-10-29 00:55:36,551 | INFO | Training epoch 1804, Batch 1000/1000: LR=3.35e-06, Loss=1.55e-02 BER=5.65e-03 FER=1.51e-01
2025-10-29 00:55:36,603 | INFO | Epoch 1804 Train Time 13.757911920547485s

2025-10-29 00:55:50,488 | INFO | Training epoch 1805, Batch 1000/1000: LR=3.33e-06, Loss=1.55e-02 BER=5.61e-03 FER=1.50e-01
2025-10-29 00:55:50,540 | INFO | Epoch 1805 Train Time 13.936957836151123s

2025-10-29 00:56:04,088 | INFO | Training epoch 1806, Batch 1000/1000: LR=3.30e-06, Loss=1.55e-02 BER=5.64e-03 FER=1.50e-01
2025-10-29 00:56:04,142 | INFO | Epoch 1806 Train Time 13.600938558578491s

2025-10-29 00:56:17,307 | INFO | Training epoch 1807, Batch 1000/1000: LR=3.28e-06, Loss=1.58e-02 BER=5.72e-03 FER=1.51e-01
2025-10-29 00:56:17,368 | INFO | Epoch 1807 Train Time 13.225738763809204s

2025-10-29 00:56:30,804 | INFO | Training epoch 1808, Batch 1000/1000: LR=3.26e-06, Loss=1.58e-02 BER=5.74e-03 FER=1.53e-01
2025-10-29 00:56:30,849 | INFO | Epoch 1808 Train Time 13.480087041854858s

2025-10-29 00:56:44,034 | INFO | Training epoch 1809, Batch 1000/1000: LR=3.23e-06, Loss=1.57e-02 BER=5.68e-03 FER=1.51e-01
2025-10-29 00:56:44,079 | INFO | Epoch 1809 Train Time 13.229786157608032s

2025-10-29 00:56:57,081 | INFO | Training epoch 1810, Batch 1000/1000: LR=3.21e-06, Loss=1.56e-02 BER=5.67e-03 FER=1.51e-01
2025-10-29 00:56:57,141 | INFO | Epoch 1810 Train Time 13.061066150665283s

2025-10-29 00:57:10,794 | INFO | Training epoch 1811, Batch 1000/1000: LR=3.19e-06, Loss=1.57e-02 BER=5.70e-03 FER=1.52e-01
2025-10-29 00:57:10,838 | INFO | Epoch 1811 Train Time 13.696749687194824s

2025-10-29 00:57:25,176 | INFO | Training epoch 1812, Batch 1000/1000: LR=3.17e-06, Loss=1.58e-02 BER=5.73e-03 FER=1.52e-01
2025-10-29 00:57:25,227 | INFO | Epoch 1812 Train Time 14.3881254196167s

2025-10-29 00:57:38,979 | INFO | Training epoch 1813, Batch 1000/1000: LR=3.14e-06, Loss=1.56e-02 BER=5.70e-03 FER=1.52e-01
2025-10-29 00:57:39,024 | INFO | Epoch 1813 Train Time 13.796053171157837s

2025-10-29 00:57:52,979 | INFO | Training epoch 1814, Batch 1000/1000: LR=3.12e-06, Loss=1.57e-02 BER=5.69e-03 FER=1.52e-01
2025-10-29 00:57:53,027 | INFO | Epoch 1814 Train Time 14.002472877502441s

2025-10-29 00:58:07,410 | INFO | Training epoch 1815, Batch 1000/1000: LR=3.10e-06, Loss=1.57e-02 BER=5.71e-03 FER=1.52e-01
2025-10-29 00:58:07,456 | INFO | Epoch 1815 Train Time 14.42902946472168s

2025-10-29 00:58:21,175 | INFO | Training epoch 1816, Batch 1000/1000: LR=3.08e-06, Loss=1.57e-02 BER=5.69e-03 FER=1.51e-01
2025-10-29 00:58:21,226 | INFO | Epoch 1816 Train Time 13.768521070480347s

2025-10-29 00:58:33,505 | INFO | Training epoch 1817, Batch 1000/1000: LR=3.05e-06, Loss=1.55e-02 BER=5.65e-03 FER=1.50e-01
2025-10-29 00:58:33,562 | INFO | Epoch 1817 Train Time 12.33511734008789s

2025-10-29 00:58:47,725 | INFO | Training epoch 1818, Batch 1000/1000: LR=3.03e-06, Loss=1.57e-02 BER=5.71e-03 FER=1.51e-01
2025-10-29 00:58:47,778 | INFO | Epoch 1818 Train Time 14.215034484863281s

2025-10-29 00:59:01,406 | INFO | Training epoch 1819, Batch 1000/1000: LR=3.01e-06, Loss=1.56e-02 BER=5.65e-03 FER=1.51e-01
2025-10-29 00:59:01,445 | INFO | Epoch 1819 Train Time 13.665548086166382s

2025-10-29 00:59:14,856 | INFO | Training epoch 1820, Batch 1000/1000: LR=2.99e-06, Loss=1.57e-02 BER=5.72e-03 FER=1.52e-01
2025-10-29 00:59:14,899 | INFO | Epoch 1820 Train Time 13.45353388786316s

2025-10-29 00:59:28,729 | INFO | Training epoch 1821, Batch 1000/1000: LR=2.97e-06, Loss=1.56e-02 BER=5.68e-03 FER=1.52e-01
2025-10-29 00:59:28,784 | INFO | Epoch 1821 Train Time 13.8850839138031s

2025-10-29 00:59:42,642 | INFO | Training epoch 1822, Batch 1000/1000: LR=2.94e-06, Loss=1.55e-02 BER=5.67e-03 FER=1.51e-01
2025-10-29 00:59:42,704 | INFO | Epoch 1822 Train Time 13.918356657028198s

2025-10-29 00:59:56,226 | INFO | Training epoch 1823, Batch 1000/1000: LR=2.92e-06, Loss=1.56e-02 BER=5.68e-03 FER=1.50e-01
2025-10-29 00:59:56,293 | INFO | Epoch 1823 Train Time 13.588644742965698s

2025-10-29 01:00:09,458 | INFO | Training epoch 1824, Batch 1000/1000: LR=2.90e-06, Loss=1.56e-02 BER=5.65e-03 FER=1.51e-01
2025-10-29 01:00:09,508 | INFO | Epoch 1824 Train Time 13.214065074920654s

2025-10-29 01:00:22,789 | INFO | Training epoch 1825, Batch 1000/1000: LR=2.88e-06, Loss=1.58e-02 BER=5.71e-03 FER=1.52e-01
2025-10-29 01:00:22,830 | INFO | Epoch 1825 Train Time 13.32065749168396s

2025-10-29 01:00:36,002 | INFO | Training epoch 1826, Batch 1000/1000: LR=2.86e-06, Loss=1.56e-02 BER=5.68e-03 FER=1.51e-01
2025-10-29 01:00:36,047 | INFO | Epoch 1826 Train Time 13.216783285140991s

2025-10-29 01:00:49,851 | INFO | Training epoch 1827, Batch 1000/1000: LR=2.84e-06, Loss=1.57e-02 BER=5.69e-03 FER=1.52e-01
2025-10-29 01:00:49,902 | INFO | Epoch 1827 Train Time 13.854151248931885s

2025-10-29 01:01:03,959 | INFO | Training epoch 1828, Batch 1000/1000: LR=2.82e-06, Loss=1.55e-02 BER=5.61e-03 FER=1.51e-01
2025-10-29 01:01:04,008 | INFO | Epoch 1828 Train Time 14.10527515411377s

2025-10-29 01:01:18,563 | INFO | Training epoch 1829, Batch 1000/1000: LR=2.80e-06, Loss=1.55e-02 BER=5.62e-03 FER=1.51e-01
2025-10-29 01:01:18,607 | INFO | Epoch 1829 Train Time 14.598836421966553s

2025-10-29 01:01:33,517 | INFO | Training epoch 1830, Batch 1000/1000: LR=2.77e-06, Loss=1.57e-02 BER=5.69e-03 FER=1.52e-01
2025-10-29 01:01:33,562 | INFO | Epoch 1830 Train Time 14.954495906829834s

2025-10-29 01:01:48,474 | INFO | Training epoch 1831, Batch 1000/1000: LR=2.75e-06, Loss=1.57e-02 BER=5.69e-03 FER=1.53e-01
2025-10-29 01:01:48,553 | INFO | Epoch 1831 Train Time 14.989995002746582s

2025-10-29 01:02:03,572 | INFO | Training epoch 1832, Batch 1000/1000: LR=2.73e-06, Loss=1.58e-02 BER=5.75e-03 FER=1.51e-01
2025-10-29 01:02:03,620 | INFO | Epoch 1832 Train Time 15.066781520843506s

2025-10-29 01:02:17,163 | INFO | Training epoch 1833, Batch 1000/1000: LR=2.71e-06, Loss=1.56e-02 BER=5.68e-03 FER=1.51e-01
2025-10-29 01:02:17,219 | INFO | Epoch 1833 Train Time 13.598581314086914s

2025-10-29 01:02:32,225 | INFO | Training epoch 1834, Batch 1000/1000: LR=2.69e-06, Loss=1.57e-02 BER=5.70e-03 FER=1.51e-01
2025-10-29 01:02:32,272 | INFO | Epoch 1834 Train Time 15.051872730255127s

2025-10-29 01:02:46,196 | INFO | Training epoch 1835, Batch 1000/1000: LR=2.67e-06, Loss=1.56e-02 BER=5.67e-03 FER=1.51e-01
2025-10-29 01:02:46,244 | INFO | Epoch 1835 Train Time 13.971341133117676s

2025-10-29 01:02:59,699 | INFO | Training epoch 1836, Batch 1000/1000: LR=2.65e-06, Loss=1.56e-02 BER=5.67e-03 FER=1.51e-01
2025-10-29 01:02:59,752 | INFO | Epoch 1836 Train Time 13.507451295852661s

2025-10-29 01:03:14,485 | INFO | Training epoch 1837, Batch 1000/1000: LR=2.63e-06, Loss=1.57e-02 BER=5.75e-03 FER=1.52e-01
2025-10-29 01:03:14,541 | INFO | Epoch 1837 Train Time 14.788286924362183s

2025-10-29 01:03:27,965 | INFO | Training epoch 1838, Batch 1000/1000: LR=2.61e-06, Loss=1.56e-02 BER=5.69e-03 FER=1.52e-01
2025-10-29 01:03:28,016 | INFO | Epoch 1838 Train Time 13.473971366882324s

2025-10-29 01:03:42,799 | INFO | Training epoch 1839, Batch 1000/1000: LR=2.59e-06, Loss=1.58e-02 BER=5.71e-03 FER=1.53e-01
2025-10-29 01:03:42,844 | INFO | Epoch 1839 Train Time 14.82729983329773s

2025-10-29 01:03:56,646 | INFO | Training epoch 1840, Batch 1000/1000: LR=2.57e-06, Loss=1.57e-02 BER=5.69e-03 FER=1.52e-01
2025-10-29 01:03:56,692 | INFO | Epoch 1840 Train Time 13.84784722328186s

2025-10-29 01:04:10,141 | INFO | Training epoch 1841, Batch 1000/1000: LR=2.56e-06, Loss=1.57e-02 BER=5.70e-03 FER=1.51e-01
2025-10-29 01:04:10,208 | INFO | Epoch 1841 Train Time 13.51559567451477s

2025-10-29 01:04:24,004 | INFO | Training epoch 1842, Batch 1000/1000: LR=2.54e-06, Loss=1.58e-02 BER=5.73e-03 FER=1.50e-01
2025-10-29 01:04:24,062 | INFO | Epoch 1842 Train Time 13.853275060653687s

2025-10-29 01:04:39,904 | INFO | Training epoch 1843, Batch 1000/1000: LR=2.52e-06, Loss=1.59e-02 BER=5.77e-03 FER=1.53e-01
2025-10-29 01:04:39,964 | INFO | Epoch 1843 Train Time 15.901262998580933s

2025-10-29 01:04:54,138 | INFO | Training epoch 1844, Batch 1000/1000: LR=2.50e-06, Loss=1.60e-02 BER=5.82e-03 FER=1.54e-01
2025-10-29 01:04:54,193 | INFO | Epoch 1844 Train Time 14.22787070274353s

2025-10-29 01:05:07,808 | INFO | Training epoch 1845, Batch 1000/1000: LR=2.48e-06, Loss=1.56e-02 BER=5.70e-03 FER=1.52e-01
2025-10-29 01:05:07,852 | INFO | Epoch 1845 Train Time 13.658806800842285s

2025-10-29 01:05:21,198 | INFO | Training epoch 1846, Batch 1000/1000: LR=2.46e-06, Loss=1.56e-02 BER=5.63e-03 FER=1.50e-01
2025-10-29 01:05:21,237 | INFO | Epoch 1846 Train Time 13.384655952453613s

2025-10-29 01:05:35,725 | INFO | Training epoch 1847, Batch 1000/1000: LR=2.44e-06, Loss=1.56e-02 BER=5.67e-03 FER=1.52e-01
2025-10-29 01:05:35,768 | INFO | Epoch 1847 Train Time 14.530496835708618s

2025-10-29 01:05:48,729 | INFO | Training epoch 1848, Batch 1000/1000: LR=2.42e-06, Loss=1.56e-02 BER=5.68e-03 FER=1.51e-01
2025-10-29 01:05:48,785 | INFO | Epoch 1848 Train Time 13.016337871551514s

2025-10-29 01:06:04,086 | INFO | Training epoch 1849, Batch 1000/1000: LR=2.40e-06, Loss=1.56e-02 BER=5.65e-03 FER=1.51e-01
2025-10-29 01:06:04,131 | INFO | Epoch 1849 Train Time 15.34539246559143s

2025-10-29 01:06:17,384 | INFO | Training epoch 1850, Batch 1000/1000: LR=2.39e-06, Loss=1.56e-02 BER=5.65e-03 FER=1.51e-01
2025-10-29 01:06:17,431 | INFO | Epoch 1850 Train Time 13.298261404037476s

2025-10-29 01:06:31,873 | INFO | Training epoch 1851, Batch 1000/1000: LR=2.37e-06, Loss=1.58e-02 BER=5.76e-03 FER=1.53e-01
2025-10-29 01:06:31,926 | INFO | Epoch 1851 Train Time 14.495192050933838s

2025-10-29 01:06:45,685 | INFO | Training epoch 1852, Batch 1000/1000: LR=2.35e-06, Loss=1.57e-02 BER=5.69e-03 FER=1.51e-01
2025-10-29 01:06:45,742 | INFO | Epoch 1852 Train Time 13.815295219421387s

2025-10-29 01:06:59,289 | INFO | Training epoch 1853, Batch 1000/1000: LR=2.33e-06, Loss=1.57e-02 BER=5.68e-03 FER=1.51e-01
2025-10-29 01:06:59,331 | INFO | Epoch 1853 Train Time 13.587759733200073s

2025-10-29 01:07:12,502 | INFO | Training epoch 1854, Batch 1000/1000: LR=2.31e-06, Loss=1.56e-02 BER=5.66e-03 FER=1.51e-01
2025-10-29 01:07:12,546 | INFO | Epoch 1854 Train Time 13.215103387832642s

2025-10-29 01:07:26,456 | INFO | Training epoch 1855, Batch 1000/1000: LR=2.30e-06, Loss=1.58e-02 BER=5.73e-03 FER=1.53e-01
2025-10-29 01:07:26,503 | INFO | Epoch 1855 Train Time 13.955646276473999s

2025-10-29 01:07:39,983 | INFO | Training epoch 1856, Batch 1000/1000: LR=2.28e-06, Loss=1.58e-02 BER=5.74e-03 FER=1.53e-01
2025-10-29 01:07:40,030 | INFO | Epoch 1856 Train Time 13.526563882827759s

2025-10-29 01:07:54,244 | INFO | Training epoch 1857, Batch 1000/1000: LR=2.26e-06, Loss=1.56e-02 BER=5.66e-03 FER=1.51e-01
2025-10-29 01:07:54,309 | INFO | Epoch 1857 Train Time 14.278419971466064s

2025-10-29 01:08:08,760 | INFO | Training epoch 1858, Batch 1000/1000: LR=2.24e-06, Loss=1.55e-02 BER=5.66e-03 FER=1.51e-01
2025-10-29 01:08:08,815 | INFO | Epoch 1858 Train Time 14.505030632019043s

2025-10-29 01:08:21,576 | INFO | Training epoch 1859, Batch 1000/1000: LR=2.23e-06, Loss=1.57e-02 BER=5.71e-03 FER=1.52e-01
2025-10-29 01:08:21,616 | INFO | Epoch 1859 Train Time 12.800498962402344s

2025-10-29 01:08:35,865 | INFO | Training epoch 1860, Batch 1000/1000: LR=2.21e-06, Loss=1.58e-02 BER=5.76e-03 FER=1.54e-01
2025-10-29 01:08:35,911 | INFO | Epoch 1860 Train Time 14.294742584228516s

2025-10-29 01:08:48,865 | INFO | Training epoch 1861, Batch 1000/1000: LR=2.19e-06, Loss=1.56e-02 BER=5.64e-03 FER=1.51e-01
2025-10-29 01:08:48,909 | INFO | Epoch 1861 Train Time 12.997628450393677s

2025-10-29 01:09:03,481 | INFO | Training epoch 1862, Batch 1000/1000: LR=2.18e-06, Loss=1.56e-02 BER=5.68e-03 FER=1.50e-01
2025-10-29 01:09:03,531 | INFO | Epoch 1862 Train Time 14.621748447418213s

2025-10-29 01:09:17,209 | INFO | Training epoch 1863, Batch 1000/1000: LR=2.16e-06, Loss=1.55e-02 BER=5.63e-03 FER=1.51e-01
2025-10-29 01:09:17,251 | INFO | Epoch 1863 Train Time 13.718981504440308s

2025-10-29 01:09:32,105 | INFO | Training epoch 1864, Batch 1000/1000: LR=2.14e-06, Loss=1.56e-02 BER=5.68e-03 FER=1.51e-01
2025-10-29 01:09:32,165 | INFO | Epoch 1864 Train Time 14.913176536560059s

2025-10-29 01:09:47,384 | INFO | Training epoch 1865, Batch 1000/1000: LR=2.13e-06, Loss=1.55e-02 BER=5.64e-03 FER=1.50e-01
2025-10-29 01:09:47,432 | INFO | Epoch 1865 Train Time 15.266423225402832s

2025-10-29 01:10:00,334 | INFO | Training epoch 1866, Batch 1000/1000: LR=2.11e-06, Loss=1.58e-02 BER=5.79e-03 FER=1.53e-01
2025-10-29 01:10:00,385 | INFO | Epoch 1866 Train Time 12.952000141143799s

2025-10-29 01:10:13,142 | INFO | Training epoch 1867, Batch 1000/1000: LR=2.09e-06, Loss=1.55e-02 BER=5.63e-03 FER=1.50e-01
2025-10-29 01:10:13,196 | INFO | Epoch 1867 Train Time 12.811090469360352s

2025-10-29 01:10:26,413 | INFO | Training epoch 1868, Batch 1000/1000: LR=2.08e-06, Loss=1.57e-02 BER=5.77e-03 FER=1.52e-01
2025-10-29 01:10:26,472 | INFO | Epoch 1868 Train Time 13.2747163772583s

2025-10-29 01:10:39,662 | INFO | Training epoch 1869, Batch 1000/1000: LR=2.06e-06, Loss=1.55e-02 BER=5.63e-03 FER=1.50e-01
2025-10-29 01:10:39,713 | INFO | Epoch 1869 Train Time 13.240586280822754s

2025-10-29 01:10:54,083 | INFO | Training epoch 1870, Batch 1000/1000: LR=2.04e-06, Loss=1.56e-02 BER=5.69e-03 FER=1.52e-01
2025-10-29 01:10:54,139 | INFO | Epoch 1870 Train Time 14.425663948059082s

2025-10-29 01:11:08,048 | INFO | Training epoch 1871, Batch 1000/1000: LR=2.03e-06, Loss=1.58e-02 BER=5.71e-03 FER=1.51e-01
2025-10-29 01:11:08,099 | INFO | Epoch 1871 Train Time 13.95925498008728s

2025-10-29 01:11:20,756 | INFO | Training epoch 1872, Batch 1000/1000: LR=2.01e-06, Loss=1.58e-02 BER=5.72e-03 FER=1.52e-01
2025-10-29 01:11:20,811 | INFO | Epoch 1872 Train Time 12.711359739303589s

2025-10-29 01:11:34,110 | INFO | Training epoch 1873, Batch 1000/1000: LR=2.00e-06, Loss=1.55e-02 BER=5.63e-03 FER=1.51e-01
2025-10-29 01:11:34,162 | INFO | Epoch 1873 Train Time 13.350438833236694s

2025-10-29 01:11:47,024 | INFO | Training epoch 1874, Batch 1000/1000: LR=1.98e-06, Loss=1.57e-02 BER=5.69e-03 FER=1.52e-01
2025-10-29 01:11:47,072 | INFO | Epoch 1874 Train Time 12.909363746643066s

2025-10-29 01:12:00,492 | INFO | Training epoch 1875, Batch 1000/1000: LR=1.97e-06, Loss=1.57e-02 BER=5.68e-03 FER=1.51e-01
2025-10-29 01:12:00,538 | INFO | Epoch 1875 Train Time 13.465051651000977s

2025-10-29 01:12:15,089 | INFO | Training epoch 1876, Batch 1000/1000: LR=1.95e-06, Loss=1.59e-02 BER=5.80e-03 FER=1.53e-01
2025-10-29 01:12:15,134 | INFO | Epoch 1876 Train Time 14.596006631851196s

2025-10-29 01:12:29,817 | INFO | Training epoch 1877, Batch 1000/1000: LR=1.94e-06, Loss=1.55e-02 BER=5.64e-03 FER=1.50e-01
2025-10-29 01:12:29,873 | INFO | Epoch 1877 Train Time 14.738327264785767s

2025-10-29 01:12:43,579 | INFO | Training epoch 1878, Batch 1000/1000: LR=1.92e-06, Loss=1.55e-02 BER=5.62e-03 FER=1.51e-01
2025-10-29 01:12:43,627 | INFO | Epoch 1878 Train Time 13.753330707550049s

2025-10-29 01:12:57,458 | INFO | Training epoch 1879, Batch 1000/1000: LR=1.91e-06, Loss=1.55e-02 BER=5.62e-03 FER=1.50e-01
2025-10-29 01:12:57,496 | INFO | Epoch 1879 Train Time 13.868345975875854s

2025-10-29 01:13:10,850 | INFO | Training epoch 1880, Batch 1000/1000: LR=1.89e-06, Loss=1.57e-02 BER=5.73e-03 FER=1.53e-01
2025-10-29 01:13:10,908 | INFO | Epoch 1880 Train Time 13.41168999671936s

2025-10-29 01:13:23,936 | INFO | Training epoch 1881, Batch 1000/1000: LR=1.88e-06, Loss=1.55e-02 BER=5.67e-03 FER=1.51e-01
2025-10-29 01:13:23,982 | INFO | Epoch 1881 Train Time 13.073678016662598s

2025-10-29 01:13:38,710 | INFO | Training epoch 1882, Batch 1000/1000: LR=1.86e-06, Loss=1.56e-02 BER=5.65e-03 FER=1.50e-01
2025-10-29 01:13:38,769 | INFO | Epoch 1882 Train Time 14.786305904388428s

2025-10-29 01:13:53,310 | INFO | Training epoch 1883, Batch 1000/1000: LR=1.85e-06, Loss=1.54e-02 BER=5.60e-03 FER=1.51e-01
2025-10-29 01:13:53,360 | INFO | Epoch 1883 Train Time 14.58962631225586s

2025-10-29 01:14:07,665 | INFO | Training epoch 1884, Batch 1000/1000: LR=1.83e-06, Loss=1.55e-02 BER=5.63e-03 FER=1.50e-01
2025-10-29 01:14:07,707 | INFO | Epoch 1884 Train Time 14.3470938205719s

2025-10-29 01:14:21,070 | INFO | Training epoch 1885, Batch 1000/1000: LR=1.82e-06, Loss=1.57e-02 BER=5.68e-03 FER=1.51e-01
2025-10-29 01:14:21,116 | INFO | Epoch 1885 Train Time 13.4084312915802s

2025-10-29 01:14:35,433 | INFO | Training epoch 1886, Batch 1000/1000: LR=1.81e-06, Loss=1.56e-02 BER=5.65e-03 FER=1.50e-01
2025-10-29 01:14:35,488 | INFO | Epoch 1886 Train Time 14.37121868133545s

2025-10-29 01:14:48,858 | INFO | Training epoch 1887, Batch 1000/1000: LR=1.79e-06, Loss=1.56e-02 BER=5.68e-03 FER=1.51e-01
2025-10-29 01:14:48,909 | INFO | Epoch 1887 Train Time 13.420529127120972s

2025-10-29 01:15:01,879 | INFO | Training epoch 1888, Batch 1000/1000: LR=1.78e-06, Loss=1.57e-02 BER=5.73e-03 FER=1.52e-01
2025-10-29 01:15:01,931 | INFO | Epoch 1888 Train Time 13.021082162857056s

2025-10-29 01:15:15,056 | INFO | Training epoch 1889, Batch 1000/1000: LR=1.76e-06, Loss=1.58e-02 BER=5.79e-03 FER=1.53e-01
2025-10-29 01:15:15,118 | INFO | Epoch 1889 Train Time 13.18660569190979s

2025-10-29 01:15:29,493 | INFO | Training epoch 1890, Batch 1000/1000: LR=1.75e-06, Loss=1.55e-02 BER=5.67e-03 FER=1.50e-01
2025-10-29 01:15:29,547 | INFO | Epoch 1890 Train Time 14.428532361984253s

2025-10-29 01:15:42,333 | INFO | Training epoch 1891, Batch 1000/1000: LR=1.74e-06, Loss=1.57e-02 BER=5.72e-03 FER=1.52e-01
2025-10-29 01:15:42,402 | INFO | Epoch 1891 Train Time 12.853774309158325s

2025-10-29 01:15:57,187 | INFO | Training epoch 1892, Batch 1000/1000: LR=1.72e-06, Loss=1.54e-02 BER=5.57e-03 FER=1.49e-01
2025-10-29 01:15:57,242 | INFO | Epoch 1892 Train Time 14.84011960029602s

2025-10-29 01:15:57,244 | INFO | [P1] saving best_model with loss 0.015370 at epoch 1892
2025-10-29 01:16:11,136 | INFO | Training epoch 1893, Batch 1000/1000: LR=1.71e-06, Loss=1.55e-02 BER=5.67e-03 FER=1.51e-01
2025-10-29 01:16:11,178 | INFO | Epoch 1893 Train Time 13.92262077331543s

2025-10-29 01:16:24,739 | INFO | Training epoch 1894, Batch 1000/1000: LR=1.70e-06, Loss=1.58e-02 BER=5.75e-03 FER=1.53e-01
2025-10-29 01:16:24,791 | INFO | Epoch 1894 Train Time 13.612061023712158s

2025-10-29 01:16:38,884 | INFO | Training epoch 1895, Batch 1000/1000: LR=1.68e-06, Loss=1.58e-02 BER=5.75e-03 FER=1.53e-01
2025-10-29 01:16:38,932 | INFO | Epoch 1895 Train Time 14.140294313430786s

2025-10-29 01:16:51,779 | INFO | Training epoch 1896, Batch 1000/1000: LR=1.67e-06, Loss=1.56e-02 BER=5.69e-03 FER=1.53e-01
2025-10-29 01:16:51,826 | INFO | Epoch 1896 Train Time 12.893630027770996s

2025-10-29 01:17:06,311 | INFO | Training epoch 1897, Batch 1000/1000: LR=1.66e-06, Loss=1.59e-02 BER=5.77e-03 FER=1.54e-01
2025-10-29 01:17:06,354 | INFO | Epoch 1897 Train Time 14.526999473571777s

2025-10-29 01:17:20,715 | INFO | Training epoch 1898, Batch 1000/1000: LR=1.65e-06, Loss=1.55e-02 BER=5.61e-03 FER=1.49e-01
2025-10-29 01:17:20,753 | INFO | Epoch 1898 Train Time 14.398661136627197s

2025-10-29 01:17:35,578 | INFO | Training epoch 1899, Batch 1000/1000: LR=1.63e-06, Loss=1.58e-02 BER=5.75e-03 FER=1.53e-01
2025-10-29 01:17:35,627 | INFO | Epoch 1899 Train Time 14.873268604278564s

2025-10-29 01:17:49,284 | INFO | Training epoch 1900, Batch 1000/1000: LR=1.62e-06, Loss=1.57e-02 BER=5.70e-03 FER=1.52e-01
2025-10-29 01:17:49,323 | INFO | Epoch 1900 Train Time 13.695756912231445s

2025-10-29 01:18:02,228 | INFO | Training epoch 1901, Batch 1000/1000: LR=1.61e-06, Loss=1.56e-02 BER=5.68e-03 FER=1.52e-01
2025-10-29 01:18:02,275 | INFO | Epoch 1901 Train Time 12.951889753341675s

2025-10-29 01:18:15,430 | INFO | Training epoch 1902, Batch 1000/1000: LR=1.60e-06, Loss=1.57e-02 BER=5.68e-03 FER=1.51e-01
2025-10-29 01:18:15,480 | INFO | Epoch 1902 Train Time 13.202461242675781s

2025-10-29 01:18:30,028 | INFO | Training epoch 1903, Batch 1000/1000: LR=1.59e-06, Loss=1.55e-02 BER=5.64e-03 FER=1.50e-01
2025-10-29 01:18:30,067 | INFO | Epoch 1903 Train Time 14.586886167526245s

2025-10-29 01:18:43,246 | INFO | Training epoch 1904, Batch 1000/1000: LR=1.57e-06, Loss=1.56e-02 BER=5.65e-03 FER=1.51e-01
2025-10-29 01:18:43,298 | INFO | Epoch 1904 Train Time 13.230358362197876s

2025-10-29 01:18:56,830 | INFO | Training epoch 1905, Batch 1000/1000: LR=1.56e-06, Loss=1.58e-02 BER=5.72e-03 FER=1.52e-01
2025-10-29 01:18:56,886 | INFO | Epoch 1905 Train Time 13.587578773498535s

2025-10-29 01:19:10,486 | INFO | Training epoch 1906, Batch 1000/1000: LR=1.55e-06, Loss=1.57e-02 BER=5.67e-03 FER=1.50e-01
2025-10-29 01:19:10,560 | INFO | Epoch 1906 Train Time 13.673552513122559s

2025-10-29 01:19:24,277 | INFO | Training epoch 1907, Batch 1000/1000: LR=1.54e-06, Loss=1.59e-02 BER=5.81e-03 FER=1.55e-01
2025-10-29 01:19:24,326 | INFO | Epoch 1907 Train Time 13.76469111442566s

2025-10-29 01:19:37,673 | INFO | Training epoch 1908, Batch 1000/1000: LR=1.53e-06, Loss=1.57e-02 BER=5.74e-03 FER=1.52e-01
2025-10-29 01:19:37,727 | INFO | Epoch 1908 Train Time 13.400463819503784s

2025-10-29 01:19:51,411 | INFO | Training epoch 1909, Batch 1000/1000: LR=1.52e-06, Loss=1.55e-02 BER=5.64e-03 FER=1.51e-01
2025-10-29 01:19:51,457 | INFO | Epoch 1909 Train Time 13.729145288467407s

2025-10-29 01:20:04,532 | INFO | Training epoch 1910, Batch 1000/1000: LR=1.50e-06, Loss=1.57e-02 BER=5.69e-03 FER=1.51e-01
2025-10-29 01:20:04,590 | INFO | Epoch 1910 Train Time 13.13248586654663s

2025-10-29 01:20:17,351 | INFO | Training epoch 1911, Batch 1000/1000: LR=1.49e-06, Loss=1.56e-02 BER=5.68e-03 FER=1.52e-01
2025-10-29 01:20:17,403 | INFO | Epoch 1911 Train Time 12.812703371047974s

2025-10-29 01:20:30,776 | INFO | Training epoch 1912, Batch 1000/1000: LR=1.48e-06, Loss=1.57e-02 BER=5.69e-03 FER=1.51e-01
2025-10-29 01:20:30,822 | INFO | Epoch 1912 Train Time 13.418359994888306s

2025-10-29 01:20:44,295 | INFO | Training epoch 1913, Batch 1000/1000: LR=1.47e-06, Loss=1.56e-02 BER=5.68e-03 FER=1.52e-01
2025-10-29 01:20:44,337 | INFO | Epoch 1913 Train Time 13.514280080795288s

2025-10-29 01:20:57,954 | INFO | Training epoch 1914, Batch 1000/1000: LR=1.46e-06, Loss=1.58e-02 BER=5.76e-03 FER=1.53e-01
2025-10-29 01:20:58,003 | INFO | Epoch 1914 Train Time 13.665164709091187s

2025-10-29 01:21:10,353 | INFO | Training epoch 1915, Batch 1000/1000: LR=1.45e-06, Loss=1.55e-02 BER=5.63e-03 FER=1.50e-01
2025-10-29 01:21:10,403 | INFO | Epoch 1915 Train Time 12.399390459060669s

2025-10-29 01:21:23,180 | INFO | Training epoch 1916, Batch 1000/1000: LR=1.44e-06, Loss=1.56e-02 BER=5.71e-03 FER=1.52e-01
2025-10-29 01:21:23,236 | INFO | Epoch 1916 Train Time 12.833122253417969s

2025-10-29 01:21:36,808 | INFO | Training epoch 1917, Batch 1000/1000: LR=1.43e-06, Loss=1.58e-02 BER=5.74e-03 FER=1.52e-01
2025-10-29 01:21:36,870 | INFO | Epoch 1917 Train Time 13.632601737976074s

2025-10-29 01:21:50,273 | INFO | Training epoch 1918, Batch 1000/1000: LR=1.42e-06, Loss=1.57e-02 BER=5.68e-03 FER=1.51e-01
2025-10-29 01:21:50,321 | INFO | Epoch 1918 Train Time 13.450632810592651s

2025-10-29 01:22:02,888 | INFO | Training epoch 1919, Batch 1000/1000: LR=1.41e-06, Loss=1.56e-02 BER=5.68e-03 FER=1.51e-01
2025-10-29 01:22:02,937 | INFO | Epoch 1919 Train Time 12.61617922782898s

2025-10-29 01:22:16,642 | INFO | Training epoch 1920, Batch 1000/1000: LR=1.40e-06, Loss=1.58e-02 BER=5.74e-03 FER=1.53e-01
2025-10-29 01:22:16,701 | INFO | Epoch 1920 Train Time 13.762988090515137s

2025-10-29 01:22:30,369 | INFO | Training epoch 1921, Batch 1000/1000: LR=1.39e-06, Loss=1.58e-02 BER=5.68e-03 FER=1.51e-01
2025-10-29 01:22:30,424 | INFO | Epoch 1921 Train Time 13.721958875656128s

2025-10-29 01:22:45,517 | INFO | Training epoch 1922, Batch 1000/1000: LR=1.38e-06, Loss=1.56e-02 BER=5.66e-03 FER=1.52e-01
2025-10-29 01:22:45,555 | INFO | Epoch 1922 Train Time 15.13051176071167s

2025-10-29 01:22:58,852 | INFO | Training epoch 1923, Batch 1000/1000: LR=1.37e-06, Loss=1.59e-02 BER=5.74e-03 FER=1.53e-01
2025-10-29 01:22:58,901 | INFO | Epoch 1923 Train Time 13.345752477645874s

2025-10-29 01:23:10,860 | INFO | Training epoch 1924, Batch 1000/1000: LR=1.36e-06, Loss=1.59e-02 BER=5.77e-03 FER=1.53e-01
2025-10-29 01:23:10,903 | INFO | Epoch 1924 Train Time 12.000765562057495s

2025-10-29 01:23:24,535 | INFO | Training epoch 1925, Batch 1000/1000: LR=1.35e-06, Loss=1.58e-02 BER=5.80e-03 FER=1.53e-01
2025-10-29 01:23:24,601 | INFO | Epoch 1925 Train Time 13.697552680969238s

2025-10-29 01:23:39,800 | INFO | Training epoch 1926, Batch 1000/1000: LR=1.34e-06, Loss=1.56e-02 BER=5.65e-03 FER=1.50e-01
2025-10-29 01:23:39,845 | INFO | Epoch 1926 Train Time 15.24297571182251s

2025-10-29 01:23:54,425 | INFO | Training epoch 1927, Batch 1000/1000: LR=1.33e-06, Loss=1.57e-02 BER=5.71e-03 FER=1.53e-01
2025-10-29 01:23:54,492 | INFO | Epoch 1927 Train Time 14.646212100982666s

2025-10-29 01:24:08,129 | INFO | Training epoch 1928, Batch 1000/1000: LR=1.33e-06, Loss=1.57e-02 BER=5.69e-03 FER=1.52e-01
2025-10-29 01:24:08,165 | INFO | Epoch 1928 Train Time 13.672515392303467s

2025-10-29 01:24:21,469 | INFO | Training epoch 1929, Batch 1000/1000: LR=1.32e-06, Loss=1.57e-02 BER=5.68e-03 FER=1.52e-01
2025-10-29 01:24:21,521 | INFO | Epoch 1929 Train Time 13.355812072753906s

2025-10-29 01:24:34,429 | INFO | Training epoch 1930, Batch 1000/1000: LR=1.31e-06, Loss=1.57e-02 BER=5.71e-03 FER=1.52e-01
2025-10-29 01:24:34,499 | INFO | Epoch 1930 Train Time 12.977317094802856s

2025-10-29 01:24:48,633 | INFO | Training epoch 1931, Batch 1000/1000: LR=1.30e-06, Loss=1.57e-02 BER=5.71e-03 FER=1.52e-01
2025-10-29 01:24:48,682 | INFO | Epoch 1931 Train Time 14.181475162506104s

2025-10-29 01:25:02,303 | INFO | Training epoch 1932, Batch 1000/1000: LR=1.29e-06, Loss=1.55e-02 BER=5.67e-03 FER=1.51e-01
2025-10-29 01:25:02,361 | INFO | Epoch 1932 Train Time 13.678723335266113s

2025-10-29 01:25:17,763 | INFO | Training epoch 1933, Batch 1000/1000: LR=1.28e-06, Loss=1.56e-02 BER=5.70e-03 FER=1.52e-01
2025-10-29 01:25:17,819 | INFO | Epoch 1933 Train Time 15.457260131835938s

2025-10-29 01:25:31,877 | INFO | Training epoch 1934, Batch 1000/1000: LR=1.27e-06, Loss=1.57e-02 BER=5.71e-03 FER=1.52e-01
2025-10-29 01:25:31,928 | INFO | Epoch 1934 Train Time 14.10837173461914s

2025-10-29 01:25:46,035 | INFO | Training epoch 1935, Batch 1000/1000: LR=1.27e-06, Loss=1.56e-02 BER=5.68e-03 FER=1.52e-01
2025-10-29 01:25:46,080 | INFO | Epoch 1935 Train Time 14.150456666946411s

2025-10-29 01:26:01,939 | INFO | Training epoch 1936, Batch 1000/1000: LR=1.26e-06, Loss=1.57e-02 BER=5.66e-03 FER=1.51e-01
2025-10-29 01:26:01,991 | INFO | Epoch 1936 Train Time 15.910478115081787s

2025-10-29 01:26:16,826 | INFO | Training epoch 1937, Batch 1000/1000: LR=1.25e-06, Loss=1.56e-02 BER=5.65e-03 FER=1.50e-01
2025-10-29 01:26:16,879 | INFO | Epoch 1937 Train Time 14.88758635520935s

2025-10-29 01:26:29,482 | INFO | Training epoch 1938, Batch 1000/1000: LR=1.24e-06, Loss=1.59e-02 BER=5.79e-03 FER=1.54e-01
2025-10-29 01:26:29,542 | INFO | Epoch 1938 Train Time 12.662397623062134s

2025-10-29 01:26:43,492 | INFO | Training epoch 1939, Batch 1000/1000: LR=1.23e-06, Loss=1.59e-02 BER=5.81e-03 FER=1.54e-01
2025-10-29 01:26:43,546 | INFO | Epoch 1939 Train Time 14.002064228057861s

2025-10-29 01:26:57,845 | INFO | Training epoch 1940, Batch 1000/1000: LR=1.23e-06, Loss=1.58e-02 BER=5.74e-03 FER=1.52e-01
2025-10-29 01:26:57,893 | INFO | Epoch 1940 Train Time 14.346370697021484s

2025-10-29 01:27:11,485 | INFO | Training epoch 1941, Batch 1000/1000: LR=1.22e-06, Loss=1.57e-02 BER=5.70e-03 FER=1.53e-01
2025-10-29 01:27:11,534 | INFO | Epoch 1941 Train Time 13.640275478363037s

2025-10-29 01:27:24,437 | INFO | Training epoch 1942, Batch 1000/1000: LR=1.21e-06, Loss=1.58e-02 BER=5.72e-03 FER=1.52e-01
2025-10-29 01:27:24,489 | INFO | Epoch 1942 Train Time 12.954511165618896s

2025-10-29 01:27:38,077 | INFO | Training epoch 1943, Batch 1000/1000: LR=1.21e-06, Loss=1.56e-02 BER=5.65e-03 FER=1.51e-01
2025-10-29 01:27:38,129 | INFO | Epoch 1943 Train Time 13.639790058135986s

2025-10-29 01:27:51,374 | INFO | Training epoch 1944, Batch 1000/1000: LR=1.20e-06, Loss=1.56e-02 BER=5.67e-03 FER=1.51e-01
2025-10-29 01:27:51,418 | INFO | Epoch 1944 Train Time 13.287916660308838s

2025-10-29 01:28:05,269 | INFO | Training epoch 1945, Batch 1000/1000: LR=1.19e-06, Loss=1.55e-02 BER=5.63e-03 FER=1.51e-01
2025-10-29 01:28:05,329 | INFO | Epoch 1945 Train Time 13.910858154296875s

2025-10-29 01:28:19,530 | INFO | Training epoch 1946, Batch 1000/1000: LR=1.18e-06, Loss=1.59e-02 BER=5.78e-03 FER=1.53e-01
2025-10-29 01:28:19,580 | INFO | Epoch 1946 Train Time 14.250077962875366s

2025-10-29 01:28:34,169 | INFO | Training epoch 1947, Batch 1000/1000: LR=1.18e-06, Loss=1.58e-02 BER=5.72e-03 FER=1.52e-01
2025-10-29 01:28:34,229 | INFO | Epoch 1947 Train Time 14.64900255203247s

2025-10-29 01:28:47,999 | INFO | Training epoch 1948, Batch 1000/1000: LR=1.17e-06, Loss=1.57e-02 BER=5.73e-03 FER=1.52e-01
2025-10-29 01:28:48,072 | INFO | Epoch 1948 Train Time 13.840947389602661s

2025-10-29 01:29:01,857 | INFO | Training epoch 1949, Batch 1000/1000: LR=1.17e-06, Loss=1.56e-02 BER=5.69e-03 FER=1.50e-01
2025-10-29 01:29:01,903 | INFO | Epoch 1949 Train Time 13.830572605133057s

2025-10-29 01:29:15,046 | INFO | Training epoch 1950, Batch 1000/1000: LR=1.16e-06, Loss=1.57e-02 BER=5.73e-03 FER=1.52e-01
2025-10-29 01:29:15,088 | INFO | Epoch 1950 Train Time 13.184743165969849s

2025-10-29 01:29:28,851 | INFO | Training epoch 1951, Batch 1000/1000: LR=1.15e-06, Loss=1.56e-02 BER=5.66e-03 FER=1.51e-01
2025-10-29 01:29:28,909 | INFO | Epoch 1951 Train Time 13.820362567901611s

2025-10-29 01:29:42,977 | INFO | Training epoch 1952, Batch 1000/1000: LR=1.15e-06, Loss=1.57e-02 BER=5.71e-03 FER=1.52e-01
2025-10-29 01:29:43,023 | INFO | Epoch 1952 Train Time 14.112800598144531s

2025-10-29 01:29:56,588 | INFO | Training epoch 1953, Batch 1000/1000: LR=1.14e-06, Loss=1.56e-02 BER=5.68e-03 FER=1.51e-01
2025-10-29 01:29:56,645 | INFO | Epoch 1953 Train Time 13.62105917930603s

2025-10-29 01:30:10,949 | INFO | Training epoch 1954, Batch 1000/1000: LR=1.13e-06, Loss=1.55e-02 BER=5.58e-03 FER=1.49e-01
2025-10-29 01:30:11,005 | INFO | Epoch 1954 Train Time 14.359855651855469s

2025-10-29 01:30:25,092 | INFO | Training epoch 1955, Batch 1000/1000: LR=1.13e-06, Loss=1.55e-02 BER=5.66e-03 FER=1.52e-01
2025-10-29 01:30:25,140 | INFO | Epoch 1955 Train Time 14.13414454460144s

2025-10-29 01:30:38,376 | INFO | Training epoch 1956, Batch 1000/1000: LR=1.12e-06, Loss=1.57e-02 BER=5.67e-03 FER=1.52e-01
2025-10-29 01:30:38,431 | INFO | Epoch 1956 Train Time 13.289687871932983s

2025-10-29 01:30:53,691 | INFO | Training epoch 1957, Batch 1000/1000: LR=1.12e-06, Loss=1.57e-02 BER=5.73e-03 FER=1.52e-01
2025-10-29 01:30:53,731 | INFO | Epoch 1957 Train Time 15.299363851547241s

2025-10-29 01:31:07,681 | INFO | Training epoch 1958, Batch 1000/1000: LR=1.11e-06, Loss=1.57e-02 BER=5.71e-03 FER=1.51e-01
2025-10-29 01:31:07,730 | INFO | Epoch 1958 Train Time 13.999170541763306s

2025-10-29 01:31:21,446 | INFO | Training epoch 1959, Batch 1000/1000: LR=1.11e-06, Loss=1.58e-02 BER=5.72e-03 FER=1.52e-01
2025-10-29 01:31:21,500 | INFO | Epoch 1959 Train Time 13.769222497940063s

2025-10-29 01:31:35,206 | INFO | Training epoch 1960, Batch 1000/1000: LR=1.10e-06, Loss=1.59e-02 BER=5.77e-03 FER=1.53e-01
2025-10-29 01:31:35,254 | INFO | Epoch 1960 Train Time 13.753536224365234s

2025-10-29 01:31:48,693 | INFO | Training epoch 1961, Batch 1000/1000: LR=1.10e-06, Loss=1.57e-02 BER=5.74e-03 FER=1.52e-01
2025-10-29 01:31:48,751 | INFO | Epoch 1961 Train Time 13.495937585830688s

2025-10-29 01:32:02,145 | INFO | Training epoch 1962, Batch 1000/1000: LR=1.09e-06, Loss=1.56e-02 BER=5.66e-03 FER=1.51e-01
2025-10-29 01:32:02,190 | INFO | Epoch 1962 Train Time 13.438652038574219s

2025-10-29 01:32:15,160 | INFO | Training epoch 1963, Batch 1000/1000: LR=1.09e-06, Loss=1.56e-02 BER=5.67e-03 FER=1.51e-01
2025-10-29 01:32:15,209 | INFO | Epoch 1963 Train Time 13.017934083938599s

2025-10-29 01:32:27,492 | INFO | Training epoch 1964, Batch 1000/1000: LR=1.08e-06, Loss=1.55e-02 BER=5.67e-03 FER=1.51e-01
2025-10-29 01:32:27,534 | INFO | Epoch 1964 Train Time 12.324392080307007s

2025-10-29 01:32:41,472 | INFO | Training epoch 1965, Batch 1000/1000: LR=1.08e-06, Loss=1.57e-02 BER=5.70e-03 FER=1.51e-01
2025-10-29 01:32:41,528 | INFO | Epoch 1965 Train Time 13.993709802627563s

2025-10-29 01:32:55,031 | INFO | Training epoch 1966, Batch 1000/1000: LR=1.07e-06, Loss=1.58e-02 BER=5.72e-03 FER=1.52e-01
2025-10-29 01:32:55,076 | INFO | Epoch 1966 Train Time 13.546720743179321s

2025-10-29 01:33:09,742 | INFO | Training epoch 1967, Batch 1000/1000: LR=1.07e-06, Loss=1.57e-02 BER=5.70e-03 FER=1.52e-01
2025-10-29 01:33:09,806 | INFO | Epoch 1967 Train Time 14.729462385177612s

2025-10-29 01:33:23,770 | INFO | Training epoch 1968, Batch 1000/1000: LR=1.07e-06, Loss=1.58e-02 BER=5.74e-03 FER=1.52e-01
2025-10-29 01:33:23,808 | INFO | Epoch 1968 Train Time 14.001426458358765s

2025-10-29 01:33:37,156 | INFO | Training epoch 1969, Batch 1000/1000: LR=1.06e-06, Loss=1.57e-02 BER=5.72e-03 FER=1.53e-01
2025-10-29 01:33:37,213 | INFO | Epoch 1969 Train Time 13.40419316291809s

2025-10-29 01:33:51,220 | INFO | Training epoch 1970, Batch 1000/1000: LR=1.06e-06, Loss=1.54e-02 BER=5.60e-03 FER=1.49e-01
2025-10-29 01:33:51,268 | INFO | Epoch 1970 Train Time 14.054819822311401s

2025-10-29 01:34:05,419 | INFO | Training epoch 1971, Batch 1000/1000: LR=1.05e-06, Loss=1.56e-02 BER=5.63e-03 FER=1.49e-01
2025-10-29 01:34:05,465 | INFO | Epoch 1971 Train Time 14.196126699447632s

2025-10-29 01:34:17,243 | INFO | Training epoch 1972, Batch 1000/1000: LR=1.05e-06, Loss=1.58e-02 BER=5.77e-03 FER=1.53e-01
2025-10-29 01:34:17,293 | INFO | Epoch 1972 Train Time 11.827860832214355s

2025-10-29 01:34:30,365 | INFO | Training epoch 1973, Batch 1000/1000: LR=1.05e-06, Loss=1.59e-02 BER=5.83e-03 FER=1.54e-01
2025-10-29 01:34:30,397 | INFO | Epoch 1973 Train Time 13.103522062301636s

2025-10-29 01:34:43,447 | INFO | Training epoch 1974, Batch 1000/1000: LR=1.04e-06, Loss=1.56e-02 BER=5.65e-03 FER=1.51e-01
2025-10-29 01:34:43,493 | INFO | Epoch 1974 Train Time 13.095206499099731s

2025-10-29 01:34:57,781 | INFO | Training epoch 1975, Batch 1000/1000: LR=1.04e-06, Loss=1.56e-02 BER=5.67e-03 FER=1.51e-01
2025-10-29 01:34:57,839 | INFO | Epoch 1975 Train Time 14.344896793365479s

2025-10-29 01:35:11,623 | INFO | Training epoch 1976, Batch 1000/1000: LR=1.04e-06, Loss=1.56e-02 BER=5.69e-03 FER=1.52e-01
2025-10-29 01:35:11,676 | INFO | Epoch 1976 Train Time 13.836804389953613s

2025-10-29 01:35:24,685 | INFO | Training epoch 1977, Batch 1000/1000: LR=1.04e-06, Loss=1.54e-02 BER=5.59e-03 FER=1.50e-01
2025-10-29 01:35:24,720 | INFO | Epoch 1977 Train Time 13.043733358383179s

2025-10-29 01:35:24,721 | INFO | [P1] saving best_model with loss 0.015361 at epoch 1977
2025-10-29 01:35:39,292 | INFO | Training epoch 1978, Batch 1000/1000: LR=1.03e-06, Loss=1.57e-02 BER=5.69e-03 FER=1.53e-01
2025-10-29 01:35:39,343 | INFO | Epoch 1978 Train Time 14.612553834915161s

2025-10-29 01:35:52,994 | INFO | Training epoch 1979, Batch 1000/1000: LR=1.03e-06, Loss=1.57e-02 BER=5.70e-03 FER=1.52e-01
2025-10-29 01:35:53,035 | INFO | Epoch 1979 Train Time 13.691564798355103s

2025-10-29 01:36:06,872 | INFO | Training epoch 1980, Batch 1000/1000: LR=1.03e-06, Loss=1.57e-02 BER=5.72e-03 FER=1.52e-01
2025-10-29 01:36:06,919 | INFO | Epoch 1980 Train Time 13.883646011352539s

2025-10-29 01:36:20,250 | INFO | Training epoch 1981, Batch 1000/1000: LR=1.02e-06, Loss=1.54e-02 BER=5.59e-03 FER=1.49e-01
2025-10-29 01:36:20,299 | INFO | Epoch 1981 Train Time 13.378537893295288s

2025-10-29 01:36:33,884 | INFO | Training epoch 1982, Batch 1000/1000: LR=1.02e-06, Loss=1.58e-02 BER=5.73e-03 FER=1.53e-01
2025-10-29 01:36:33,933 | INFO | Epoch 1982 Train Time 13.634195566177368s

2025-10-29 01:36:47,615 | INFO | Training epoch 1983, Batch 1000/1000: LR=1.02e-06, Loss=1.54e-02 BER=5.57e-03 FER=1.49e-01
2025-10-29 01:36:47,663 | INFO | Epoch 1983 Train Time 13.72860074043274s

2025-10-29 01:37:02,292 | INFO | Training epoch 1984, Batch 1000/1000: LR=1.02e-06, Loss=1.57e-02 BER=5.67e-03 FER=1.51e-01
2025-10-29 01:37:02,336 | INFO | Epoch 1984 Train Time 14.67225193977356s

2025-10-29 01:37:15,303 | INFO | Training epoch 1985, Batch 1000/1000: LR=1.02e-06, Loss=1.57e-02 BER=5.69e-03 FER=1.52e-01
2025-10-29 01:37:15,345 | INFO | Epoch 1985 Train Time 13.009002923965454s

2025-10-29 01:37:27,664 | INFO | Training epoch 1986, Batch 1000/1000: LR=1.01e-06, Loss=1.55e-02 BER=5.60e-03 FER=1.49e-01
2025-10-29 01:37:27,712 | INFO | Epoch 1986 Train Time 12.365602493286133s

2025-10-29 01:37:40,782 | INFO | Training epoch 1987, Batch 1000/1000: LR=1.01e-06, Loss=1.54e-02 BER=5.64e-03 FER=1.51e-01
2025-10-29 01:37:40,829 | INFO | Epoch 1987 Train Time 13.116657257080078s

2025-10-29 01:37:54,761 | INFO | Training epoch 1988, Batch 1000/1000: LR=1.01e-06, Loss=1.57e-02 BER=5.67e-03 FER=1.52e-01
2025-10-29 01:37:54,813 | INFO | Epoch 1988 Train Time 13.983545780181885s

2025-10-29 01:38:07,861 | INFO | Training epoch 1989, Batch 1000/1000: LR=1.01e-06, Loss=1.56e-02 BER=5.68e-03 FER=1.51e-01
2025-10-29 01:38:07,910 | INFO | Epoch 1989 Train Time 13.095916032791138s

2025-10-29 01:38:21,535 | INFO | Training epoch 1990, Batch 1000/1000: LR=1.01e-06, Loss=1.55e-02 BER=5.66e-03 FER=1.51e-01
2025-10-29 01:38:21,580 | INFO | Epoch 1990 Train Time 13.670032501220703s

2025-10-29 01:38:35,687 | INFO | Training epoch 1991, Batch 1000/1000: LR=1.01e-06, Loss=1.57e-02 BER=5.70e-03 FER=1.51e-01
2025-10-29 01:38:35,728 | INFO | Epoch 1991 Train Time 14.147323846817017s

2025-10-29 01:38:49,755 | INFO | Training epoch 1992, Batch 1000/1000: LR=1.00e-06, Loss=1.56e-02 BER=5.62e-03 FER=1.49e-01
2025-10-29 01:38:49,806 | INFO | Epoch 1992 Train Time 14.07723331451416s

2025-10-29 01:39:04,294 | INFO | Training epoch 1993, Batch 1000/1000: LR=1.00e-06, Loss=1.56e-02 BER=5.65e-03 FER=1.52e-01
2025-10-29 01:39:04,340 | INFO | Epoch 1993 Train Time 14.533044815063477s

2025-10-29 01:39:19,276 | INFO | Training epoch 1994, Batch 1000/1000: LR=1.00e-06, Loss=1.57e-02 BER=5.71e-03 FER=1.51e-01
2025-10-29 01:39:19,321 | INFO | Epoch 1994 Train Time 14.979685068130493s

2025-10-29 01:39:32,493 | INFO | Training epoch 1995, Batch 1000/1000: LR=1.00e-06, Loss=1.58e-02 BER=5.74e-03 FER=1.53e-01
2025-10-29 01:39:32,549 | INFO | Epoch 1995 Train Time 13.227017641067505s

2025-10-29 01:39:47,038 | INFO | Training epoch 1996, Batch 1000/1000: LR=1.00e-06, Loss=1.55e-02 BER=5.61e-03 FER=1.50e-01
2025-10-29 01:39:47,087 | INFO | Epoch 1996 Train Time 14.537838220596313s

2025-10-29 01:40:00,842 | INFO | Training epoch 1997, Batch 1000/1000: LR=1.00e-06, Loss=1.58e-02 BER=5.71e-03 FER=1.52e-01
2025-10-29 01:40:00,892 | INFO | Epoch 1997 Train Time 13.804452657699585s

2025-10-29 01:40:13,755 | INFO | Training epoch 1998, Batch 1000/1000: LR=1.00e-06, Loss=1.57e-02 BER=5.70e-03 FER=1.52e-01
2025-10-29 01:40:13,800 | INFO | Epoch 1998 Train Time 12.906917333602905s

2025-10-29 01:40:28,146 | INFO | Training epoch 1999, Batch 1000/1000: LR=1.00e-06, Loss=1.57e-02 BER=5.69e-03 FER=1.52e-01
2025-10-29 01:40:28,200 | INFO | Epoch 1999 Train Time 14.399718523025513s

2025-10-29 01:40:41,488 | INFO | Training epoch 2000, Batch 1000/1000: LR=1.00e-06, Loss=1.56e-02 BER=5.70e-03 FER=1.51e-01
2025-10-29 01:40:41,536 | INFO | Epoch 2000 Train Time 13.335365295410156s

2025-10-29 01:40:41,540 | INFO | Checkpoint saved: runs/20251028_170342/stage1_fp32__POLAR_n64_k48__Ndec2_d16_h8.pth
2025-10-29 01:40:41,544 | INFO | Checkpoint saved: runs/20251028_170342/stage1_fp32__POLAR_n64_k48__Ndec2_d16_h8__e2000_loss0.015643.pth
2025-10-29 01:40:47,911 | INFO | FER count threshold reached for EbN0:4
2025-10-29 01:40:47,996 | INFO | Test EbN0=4, BER=8.03e-03
2025-10-29 01:40:54,269 | INFO | FER count threshold reached for EbN0:5
2025-10-29 01:40:54,354 | INFO | Test EbN0=5, BER=1.71e-03
2025-10-29 01:41:00,745 | INFO | FER count threshold reached for EbN0:6
2025-10-29 01:41:00,820 | INFO | Test EbN0=6, BER=2.31e-04
2025-10-29 01:41:00,820 | INFO | 
Test Loss 4: 2.2340e-02 5: 5.2470e-03 6: 8.2265e-04
2025-10-29 01:41:00,820 | INFO | Test FER 4: 2.3553e-01 5: 6.3636e-02 6: 1.0473e-02
2025-10-29 01:41:00,821 | INFO | Test BER 4: 8.0255e-03 5: 1.7118e-03 6: 2.3075e-04
2025-10-29 01:41:00,821 | INFO | Test -ln(BER) 4: 4.8251e+00 5: 6.3702e+00 6: 8.3742e+00
2025-10-29 01:41:00,821 | INFO | # of testing samples: [100352.0, 100352.0, 100352.0]
 Test Time 19.27644181251526 s

2025-10-29 01:41:01,542 | INFO | Loaded checkpoint: runs/20251028_170342/stage1_fp32__POLAR_n64_k48__Ndec2_d16_h8.pth (strict=False)
2025-10-29 01:41:28,589 | INFO | Training epoch 1, Batch 1000/1000: LR=1.00e-04, Loss=1.51e-01 BER=3.46e-02 FER=6.00e-01
2025-10-29 01:41:28,647 | INFO | Epoch 1 Train Time 27.10341238975525s

2025-10-29 01:41:28,647 | INFO | [P2] saving best_model (QAT) with loss 0.150622 at epoch 1
2025-10-29 01:41:57,069 | INFO | Training epoch 2, Batch 1000/1000: LR=1.00e-04, Loss=6.04e-02 BER=1.67e-02 FER=5.42e-01
2025-10-29 01:41:57,123 | INFO | Epoch 2 Train Time 28.456279754638672s

2025-10-29 01:41:57,124 | INFO | [P2] saving best_model (QAT) with loss 0.060381 at epoch 2
2025-10-29 01:42:26,404 | INFO | Training epoch 3, Batch 1000/1000: LR=1.00e-04, Loss=4.78e-02 BER=1.47e-02 FER=4.32e-01
2025-10-29 01:42:26,463 | INFO | Epoch 3 Train Time 29.32767128944397s

2025-10-29 01:42:26,463 | INFO | [P2] saving best_model (QAT) with loss 0.047816 at epoch 3
2025-10-29 01:42:53,720 | INFO | Training epoch 4, Batch 1000/1000: LR=1.00e-04, Loss=4.19e-02 BER=1.37e-02 FER=3.92e-01
2025-10-29 01:42:53,790 | INFO | Epoch 4 Train Time 27.311954021453857s

2025-10-29 01:42:53,790 | INFO | [P2] saving best_model (QAT) with loss 0.041900 at epoch 4
2025-10-29 01:43:21,878 | INFO | Training epoch 5, Batch 1000/1000: LR=1.00e-04, Loss=3.90e-02 BER=1.31e-02 FER=3.79e-01
2025-10-29 01:43:21,954 | INFO | Epoch 5 Train Time 28.149516105651855s

2025-10-29 01:43:21,955 | INFO | [P2] saving best_model (QAT) with loss 0.039042 at epoch 5
2025-10-29 01:43:50,195 | INFO | Training epoch 6, Batch 1000/1000: LR=1.00e-04, Loss=3.79e-02 BER=1.30e-02 FER=3.76e-01
2025-10-29 01:43:50,251 | INFO | Epoch 6 Train Time 28.283060550689697s

2025-10-29 01:43:50,252 | INFO | [P2] saving best_model (QAT) with loss 0.037903 at epoch 6
2025-10-29 01:44:18,038 | INFO | Training epoch 7, Batch 1000/1000: LR=1.00e-04, Loss=3.63e-02 BER=1.27e-02 FER=3.66e-01
2025-10-29 01:44:18,111 | INFO | Epoch 7 Train Time 27.845014333724976s

2025-10-29 01:44:18,111 | INFO | [P2] saving best_model (QAT) with loss 0.036330 at epoch 7
2025-10-29 01:44:46,307 | INFO | Training epoch 8, Batch 1000/1000: LR=1.00e-04, Loss=3.68e-02 BER=1.27e-02 FER=3.66e-01
2025-10-29 01:44:46,348 | INFO | Epoch 8 Train Time 28.22322177886963s

2025-10-29 01:45:13,958 | INFO | Training epoch 9, Batch 1000/1000: LR=1.00e-04, Loss=3.60e-02 BER=1.26e-02 FER=3.64e-01
2025-10-29 01:45:14,014 | INFO | Epoch 9 Train Time 27.665254831314087s

2025-10-29 01:45:14,014 | INFO | [P2] saving best_model (QAT) with loss 0.036040 at epoch 9
2025-10-29 01:45:41,511 | INFO | Training epoch 10, Batch 1000/1000: LR=1.00e-04, Loss=3.49e-02 BER=1.24e-02 FER=3.58e-01
2025-10-29 01:45:41,569 | INFO | Epoch 10 Train Time 27.540234804153442s

2025-10-29 01:45:41,569 | INFO | [P2] saving best_model (QAT) with loss 0.034876 at epoch 10
2025-10-29 01:46:08,662 | INFO | Training epoch 11, Batch 1000/1000: LR=1.00e-04, Loss=3.25e-02 BER=1.18e-02 FER=3.41e-01
2025-10-29 01:46:08,715 | INFO | Epoch 11 Train Time 27.132695198059082s

2025-10-29 01:46:08,716 | INFO | [P2] saving best_model (QAT) with loss 0.032495 at epoch 11
2025-10-29 01:46:35,269 | INFO | Training epoch 12, Batch 1000/1000: LR=1.00e-04, Loss=3.04e-02 BER=1.10e-02 FER=3.14e-01
2025-10-29 01:46:35,328 | INFO | Epoch 12 Train Time 26.600016832351685s

2025-10-29 01:46:35,329 | INFO | [P2] saving best_model (QAT) with loss 0.030351 at epoch 12
2025-10-29 01:47:03,331 | INFO | Training epoch 13, Batch 1000/1000: LR=1.00e-04, Loss=2.86e-02 BER=1.03e-02 FER=2.94e-01
2025-10-29 01:47:03,399 | INFO | Epoch 13 Train Time 28.052676677703857s

2025-10-29 01:47:03,400 | INFO | [P2] saving best_model (QAT) with loss 0.028589 at epoch 13
2025-10-29 01:47:31,899 | INFO | Training epoch 14, Batch 1000/1000: LR=1.00e-04, Loss=2.72e-02 BER=9.84e-03 FER=2.77e-01
2025-10-29 01:47:31,966 | INFO | Epoch 14 Train Time 28.550193309783936s

2025-10-29 01:47:31,967 | INFO | [P2] saving best_model (QAT) with loss 0.027243 at epoch 14
2025-10-29 01:47:59,547 | INFO | Training epoch 15, Batch 1000/1000: LR=1.00e-04, Loss=2.69e-02 BER=9.68e-03 FER=2.69e-01
2025-10-29 01:47:59,603 | INFO | Epoch 15 Train Time 27.622913360595703s

2025-10-29 01:47:59,603 | INFO | [P2] saving best_model (QAT) with loss 0.026868 at epoch 15
2025-10-29 01:48:27,088 | INFO | Training epoch 16, Batch 1000/1000: LR=1.00e-04, Loss=2.64e-02 BER=9.55e-03 FER=2.67e-01
2025-10-29 01:48:27,127 | INFO | Epoch 16 Train Time 27.507429122924805s

2025-10-29 01:48:27,127 | INFO | [P2] saving best_model (QAT) with loss 0.026402 at epoch 16
2025-10-29 01:48:54,206 | INFO | Training epoch 17, Batch 1000/1000: LR=1.00e-04, Loss=2.62e-02 BER=9.45e-03 FER=2.64e-01
2025-10-29 01:48:54,258 | INFO | Epoch 17 Train Time 27.115879774093628s

2025-10-29 01:48:54,258 | INFO | [P2] saving best_model (QAT) with loss 0.026162 at epoch 17
2025-10-29 01:49:22,178 | INFO | Training epoch 18, Batch 1000/1000: LR=1.00e-04, Loss=2.58e-02 BER=9.34e-03 FER=2.60e-01
2025-10-29 01:49:22,230 | INFO | Epoch 18 Train Time 27.956175565719604s

2025-10-29 01:49:22,231 | INFO | [P2] saving best_model (QAT) with loss 0.025778 at epoch 18
2025-10-29 01:49:49,668 | INFO | Training epoch 19, Batch 1000/1000: LR=1.00e-04, Loss=2.53e-02 BER=9.18e-03 FER=2.55e-01
2025-10-29 01:49:49,718 | INFO | Epoch 19 Train Time 27.4725980758667s

2025-10-29 01:49:49,718 | INFO | [P2] saving best_model (QAT) with loss 0.025276 at epoch 19
2025-10-29 01:50:16,893 | INFO | Training epoch 20, Batch 1000/1000: LR=1.00e-04, Loss=2.48e-02 BER=9.05e-03 FER=2.50e-01
2025-10-29 01:50:16,939 | INFO | Epoch 20 Train Time 27.21063542366028s

2025-10-29 01:50:16,940 | INFO | [P2] saving best_model (QAT) with loss 0.024808 at epoch 20
2025-10-29 01:50:44,993 | INFO | Training epoch 21, Batch 1000/1000: LR=1.00e-04, Loss=2.44e-02 BER=8.84e-03 FER=2.47e-01
2025-10-29 01:50:45,060 | INFO | Epoch 21 Train Time 28.106054544448853s

2025-10-29 01:50:45,060 | INFO | [P2] saving best_model (QAT) with loss 0.024350 at epoch 21
2025-10-29 01:51:10,927 | INFO | Training epoch 22, Batch 1000/1000: LR=1.00e-04, Loss=2.44e-02 BER=8.86e-03 FER=2.45e-01
2025-10-29 01:51:10,966 | INFO | Epoch 22 Train Time 25.880003452301025s

2025-10-29 01:51:38,568 | INFO | Training epoch 23, Batch 1000/1000: LR=1.00e-04, Loss=2.46e-02 BER=8.93e-03 FER=2.47e-01
2025-10-29 01:51:38,626 | INFO | Epoch 23 Train Time 27.65914750099182s

2025-10-29 01:52:06,364 | INFO | Training epoch 24, Batch 1000/1000: LR=1.00e-04, Loss=2.44e-02 BER=8.89e-03 FER=2.46e-01
2025-10-29 01:52:06,431 | INFO | Epoch 24 Train Time 27.804752588272095s

2025-10-29 01:52:32,982 | INFO | Training epoch 25, Batch 1000/1000: LR=1.00e-04, Loss=2.41e-02 BER=8.78e-03 FER=2.44e-01
2025-10-29 01:52:33,034 | INFO | Epoch 25 Train Time 26.60115385055542s

2025-10-29 01:52:33,035 | INFO | [P2] saving best_model (QAT) with loss 0.024107 at epoch 25
2025-10-29 01:52:59,326 | INFO | Training epoch 26, Batch 1000/1000: LR=1.00e-04, Loss=2.41e-02 BER=8.77e-03 FER=2.42e-01
2025-10-29 01:52:59,375 | INFO | Epoch 26 Train Time 26.32353663444519s

2025-10-29 01:52:59,375 | INFO | [P2] saving best_model (QAT) with loss 0.024057 at epoch 26
2025-10-29 01:53:25,230 | INFO | Training epoch 27, Batch 1000/1000: LR=1.00e-04, Loss=2.40e-02 BER=8.76e-03 FER=2.41e-01
2025-10-29 01:53:25,291 | INFO | Epoch 27 Train Time 25.901007652282715s

2025-10-29 01:53:25,291 | INFO | [P2] saving best_model (QAT) with loss 0.024043 at epoch 27
2025-10-29 01:53:54,014 | INFO | Training epoch 28, Batch 1000/1000: LR=1.00e-04, Loss=2.37e-02 BER=8.63e-03 FER=2.39e-01
2025-10-29 01:53:54,076 | INFO | Epoch 28 Train Time 28.770737171173096s

2025-10-29 01:53:54,076 | INFO | [P2] saving best_model (QAT) with loss 0.023698 at epoch 28
2025-10-29 01:54:21,055 | INFO | Training epoch 29, Batch 1000/1000: LR=1.00e-04, Loss=2.40e-02 BER=8.74e-03 FER=2.41e-01
2025-10-29 01:54:21,092 | INFO | Epoch 29 Train Time 27.002561807632446s

2025-10-29 01:54:50,038 | INFO | Training epoch 30, Batch 1000/1000: LR=9.99e-05, Loss=2.37e-02 BER=8.64e-03 FER=2.39e-01
2025-10-29 01:54:50,105 | INFO | Epoch 30 Train Time 29.011549949645996s

2025-10-29 01:54:50,105 | INFO | [P2] saving best_model (QAT) with loss 0.023660 at epoch 30
2025-10-29 01:55:18,615 | INFO | Training epoch 31, Batch 1000/1000: LR=9.99e-05, Loss=2.37e-02 BER=8.65e-03 FER=2.39e-01
2025-10-29 01:55:18,664 | INFO | Epoch 31 Train Time 28.525476932525635s

2025-10-29 01:55:45,852 | INFO | Training epoch 32, Batch 1000/1000: LR=9.99e-05, Loss=2.33e-02 BER=8.49e-03 FER=2.37e-01
2025-10-29 01:55:45,900 | INFO | Epoch 32 Train Time 27.235233545303345s

2025-10-29 01:55:45,901 | INFO | [P2] saving best_model (QAT) with loss 0.023303 at epoch 32
2025-10-29 01:56:11,999 | INFO | Training epoch 33, Batch 1000/1000: LR=9.99e-05, Loss=2.35e-02 BER=8.59e-03 FER=2.37e-01
2025-10-29 01:56:12,049 | INFO | Epoch 33 Train Time 26.134957790374756s

2025-10-29 01:56:39,781 | INFO | Training epoch 34, Batch 1000/1000: LR=9.99e-05, Loss=2.31e-02 BER=8.45e-03 FER=2.36e-01
2025-10-29 01:56:39,831 | INFO | Epoch 34 Train Time 27.78182029724121s

2025-10-29 01:56:39,832 | INFO | [P2] saving best_model (QAT) with loss 0.023098 at epoch 34
2025-10-29 01:57:07,886 | INFO | Training epoch 35, Batch 1000/1000: LR=9.99e-05, Loss=2.33e-02 BER=8.51e-03 FER=2.35e-01
2025-10-29 01:57:07,935 | INFO | Epoch 35 Train Time 28.091323614120483s

2025-10-29 01:57:34,591 | INFO | Training epoch 36, Batch 1000/1000: LR=9.99e-05, Loss=2.32e-02 BER=8.52e-03 FER=2.36e-01
2025-10-29 01:57:34,641 | INFO | Epoch 36 Train Time 26.705447673797607s

2025-10-29 01:58:01,589 | INFO | Training epoch 37, Batch 1000/1000: LR=9.99e-05, Loss=2.32e-02 BER=8.49e-03 FER=2.35e-01
2025-10-29 01:58:01,639 | INFO | Epoch 37 Train Time 26.99669051170349s

2025-10-29 01:58:30,915 | INFO | Training epoch 38, Batch 1000/1000: LR=9.99e-05, Loss=2.29e-02 BER=8.36e-03 FER=2.33e-01
2025-10-29 01:58:30,989 | INFO | Epoch 38 Train Time 29.349562168121338s

2025-10-29 01:58:30,989 | INFO | [P2] saving best_model (QAT) with loss 0.022907 at epoch 38
2025-10-29 01:58:58,762 | INFO | Training epoch 39, Batch 1000/1000: LR=9.99e-05, Loss=2.27e-02 BER=8.24e-03 FER=2.29e-01
2025-10-29 01:58:58,813 | INFO | Epoch 39 Train Time 27.809931993484497s

2025-10-29 01:58:58,814 | INFO | [P2] saving best_model (QAT) with loss 0.022671 at epoch 39
2025-10-29 01:59:27,631 | INFO | Training epoch 40, Batch 1000/1000: LR=9.99e-05, Loss=2.30e-02 BER=8.38e-03 FER=2.32e-01
2025-10-29 01:59:27,667 | INFO | Epoch 40 Train Time 28.835798740386963s

2025-10-29 01:59:54,333 | INFO | Training epoch 41, Batch 1000/1000: LR=9.99e-05, Loss=2.28e-02 BER=8.32e-03 FER=2.30e-01
2025-10-29 01:59:54,375 | INFO | Epoch 41 Train Time 26.707634687423706s

2025-10-29 02:00:20,247 | INFO | Training epoch 42, Batch 1000/1000: LR=9.99e-05, Loss=2.29e-02 BER=8.36e-03 FER=2.33e-01
2025-10-29 02:00:20,294 | INFO | Epoch 42 Train Time 25.919025421142578s

2025-10-29 02:00:49,129 | INFO | Training epoch 43, Batch 1000/1000: LR=9.99e-05, Loss=2.30e-02 BER=8.37e-03 FER=2.31e-01
2025-10-29 02:00:49,177 | INFO | Epoch 43 Train Time 28.882588863372803s

2025-10-29 02:01:17,272 | INFO | Training epoch 44, Batch 1000/1000: LR=9.99e-05, Loss=2.26e-02 BER=8.24e-03 FER=2.26e-01
2025-10-29 02:01:17,318 | INFO | Epoch 44 Train Time 28.13974118232727s

2025-10-29 02:01:17,318 | INFO | [P2] saving best_model (QAT) with loss 0.022624 at epoch 44
2025-10-29 02:01:45,095 | INFO | Training epoch 45, Batch 1000/1000: LR=9.99e-05, Loss=2.24e-02 BER=8.15e-03 FER=2.26e-01
2025-10-29 02:01:45,142 | INFO | Epoch 45 Train Time 27.81071901321411s

2025-10-29 02:01:45,143 | INFO | [P2] saving best_model (QAT) with loss 0.022398 at epoch 45
2025-10-29 02:02:13,376 | INFO | Training epoch 46, Batch 1000/1000: LR=9.99e-05, Loss=2.27e-02 BER=8.29e-03 FER=2.30e-01
2025-10-29 02:02:13,433 | INFO | Epoch 46 Train Time 28.277036666870117s

2025-10-29 02:02:40,050 | INFO | Training epoch 47, Batch 1000/1000: LR=9.99e-05, Loss=2.26e-02 BER=8.26e-03 FER=2.29e-01
2025-10-29 02:02:40,103 | INFO | Epoch 47 Train Time 26.669663429260254s

2025-10-29 02:03:07,734 | INFO | Training epoch 48, Batch 1000/1000: LR=9.99e-05, Loss=2.29e-02 BER=8.37e-03 FER=2.30e-01
2025-10-29 02:03:07,795 | INFO | Epoch 48 Train Time 27.69132375717163s

2025-10-29 02:03:34,266 | INFO | Training epoch 49, Batch 1000/1000: LR=9.99e-05, Loss=2.26e-02 BER=8.23e-03 FER=2.29e-01
2025-10-29 02:03:34,316 | INFO | Epoch 49 Train Time 26.520914316177368s

2025-10-29 02:04:01,591 | INFO | Training epoch 50, Batch 1000/1000: LR=9.99e-05, Loss=2.25e-02 BER=8.21e-03 FER=2.27e-01
2025-10-29 02:04:01,636 | INFO | Epoch 50 Train Time 27.319172382354736s

2025-10-29 02:04:28,395 | INFO | Training epoch 51, Batch 1000/1000: LR=9.98e-05, Loss=2.22e-02 BER=8.12e-03 FER=2.25e-01
2025-10-29 02:04:28,440 | INFO | Epoch 51 Train Time 26.8031587600708s

2025-10-29 02:04:28,441 | INFO | [P2] saving best_model (QAT) with loss 0.022249 at epoch 51
2025-10-29 02:04:56,178 | INFO | Training epoch 52, Batch 1000/1000: LR=9.98e-05, Loss=2.23e-02 BER=8.15e-03 FER=2.25e-01
2025-10-29 02:04:56,239 | INFO | Epoch 52 Train Time 27.786399126052856s

2025-10-29 02:05:23,131 | INFO | Training epoch 53, Batch 1000/1000: LR=9.98e-05, Loss=2.22e-02 BER=8.09e-03 FER=2.24e-01
2025-10-29 02:05:23,180 | INFO | Epoch 53 Train Time 26.939529180526733s

2025-10-29 02:05:23,180 | INFO | [P2] saving best_model (QAT) with loss 0.022191 at epoch 53
2025-10-29 02:05:50,213 | INFO | Training epoch 54, Batch 1000/1000: LR=9.98e-05, Loss=2.23e-02 BER=8.11e-03 FER=2.25e-01
2025-10-29 02:05:50,264 | INFO | Epoch 54 Train Time 27.07115340232849s

2025-10-29 02:06:17,937 | INFO | Training epoch 55, Batch 1000/1000: LR=9.98e-05, Loss=2.20e-02 BER=8.10e-03 FER=2.24e-01
2025-10-29 02:06:17,988 | INFO | Epoch 55 Train Time 27.72353172302246s

2025-10-29 02:06:17,988 | INFO | [P2] saving best_model (QAT) with loss 0.022038 at epoch 55
2025-10-29 02:06:44,870 | INFO | Training epoch 56, Batch 1000/1000: LR=9.98e-05, Loss=2.22e-02 BER=8.11e-03 FER=2.25e-01
2025-10-29 02:06:44,907 | INFO | Epoch 56 Train Time 26.90540909767151s

2025-10-29 02:07:12,680 | INFO | Training epoch 57, Batch 1000/1000: LR=9.98e-05, Loss=2.18e-02 BER=8.00e-03 FER=2.21e-01
2025-10-29 02:07:12,737 | INFO | Epoch 57 Train Time 27.82963752746582s

2025-10-29 02:07:12,738 | INFO | [P2] saving best_model (QAT) with loss 0.021823 at epoch 57
2025-10-29 02:07:39,330 | INFO | Training epoch 58, Batch 1000/1000: LR=9.98e-05, Loss=2.18e-02 BER=8.00e-03 FER=2.23e-01
2025-10-29 02:07:39,388 | INFO | Epoch 58 Train Time 26.629775047302246s

2025-10-29 02:08:05,254 | INFO | Training epoch 59, Batch 1000/1000: LR=9.98e-05, Loss=2.17e-02 BER=7.97e-03 FER=2.20e-01
2025-10-29 02:08:05,301 | INFO | Epoch 59 Train Time 25.912663221359253s

2025-10-29 02:08:05,302 | INFO | [P2] saving best_model (QAT) with loss 0.021711 at epoch 59
2025-10-29 02:08:31,610 | INFO | Training epoch 60, Batch 1000/1000: LR=9.98e-05, Loss=2.17e-02 BER=7.92e-03 FER=2.20e-01
2025-10-29 02:08:31,647 | INFO | Epoch 60 Train Time 26.330833911895752s

2025-10-29 02:08:31,647 | INFO | [P2] saving best_model (QAT) with loss 0.021703 at epoch 60
2025-10-29 02:08:58,203 | INFO | Training epoch 61, Batch 1000/1000: LR=9.98e-05, Loss=2.19e-02 BER=7.99e-03 FER=2.21e-01
2025-10-29 02:08:58,260 | INFO | Epoch 61 Train Time 26.596909284591675s

2025-10-29 02:09:24,344 | INFO | Training epoch 62, Batch 1000/1000: LR=9.98e-05, Loss=2.17e-02 BER=7.96e-03 FER=2.21e-01
2025-10-29 02:09:24,381 | INFO | Epoch 62 Train Time 26.12063241004944s

2025-10-29 02:09:24,381 | INFO | [P2] saving best_model (QAT) with loss 0.021675 at epoch 62
2025-10-29 02:09:51,651 | INFO | Training epoch 63, Batch 1000/1000: LR=9.98e-05, Loss=2.16e-02 BER=7.96e-03 FER=2.19e-01
2025-10-29 02:09:51,696 | INFO | Epoch 63 Train Time 27.29895281791687s

2025-10-29 02:09:51,697 | INFO | [P2] saving best_model (QAT) with loss 0.021626 at epoch 63
2025-10-29 02:10:20,042 | INFO | Training epoch 64, Batch 1000/1000: LR=9.98e-05, Loss=2.16e-02 BER=7.92e-03 FER=2.20e-01
2025-10-29 02:10:20,106 | INFO | Epoch 64 Train Time 28.395068407058716s

2025-10-29 02:10:20,106 | INFO | [P2] saving best_model (QAT) with loss 0.021601 at epoch 64
2025-10-29 02:10:47,775 | INFO | Training epoch 65, Batch 1000/1000: LR=9.98e-05, Loss=2.19e-02 BER=8.06e-03 FER=2.22e-01
2025-10-29 02:10:47,827 | INFO | Epoch 65 Train Time 27.703133821487427s

2025-10-29 02:11:15,434 | INFO | Training epoch 66, Batch 1000/1000: LR=9.97e-05, Loss=2.18e-02 BER=7.98e-03 FER=2.21e-01
2025-10-29 02:11:15,495 | INFO | Epoch 66 Train Time 27.667377948760986s

2025-10-29 02:11:42,664 | INFO | Training epoch 67, Batch 1000/1000: LR=9.97e-05, Loss=2.15e-02 BER=7.85e-03 FER=2.17e-01
2025-10-29 02:11:42,716 | INFO | Epoch 67 Train Time 27.219743967056274s

2025-10-29 02:11:42,717 | INFO | [P2] saving best_model (QAT) with loss 0.021457 at epoch 67
2025-10-29 02:12:10,027 | INFO | Training epoch 68, Batch 1000/1000: LR=9.97e-05, Loss=2.13e-02 BER=7.80e-03 FER=2.15e-01
2025-10-29 02:12:10,104 | INFO | Epoch 68 Train Time 27.36489772796631s

2025-10-29 02:12:10,105 | INFO | [P2] saving best_model (QAT) with loss 0.021333 at epoch 68
2025-10-29 02:12:38,066 | INFO | Training epoch 69, Batch 1000/1000: LR=9.97e-05, Loss=2.13e-02 BER=7.79e-03 FER=2.16e-01
2025-10-29 02:12:38,115 | INFO | Epoch 69 Train Time 27.990479946136475s

2025-10-29 02:12:38,116 | INFO | [P2] saving best_model (QAT) with loss 0.021314 at epoch 69
2025-10-29 02:13:05,387 | INFO | Training epoch 70, Batch 1000/1000: LR=9.97e-05, Loss=2.15e-02 BER=7.85e-03 FER=2.17e-01
2025-10-29 02:13:05,427 | INFO | Epoch 70 Train Time 27.30111312866211s

2025-10-29 02:13:32,355 | INFO | Training epoch 71, Batch 1000/1000: LR=9.97e-05, Loss=2.16e-02 BER=7.91e-03 FER=2.19e-01
2025-10-29 02:13:32,407 | INFO | Epoch 71 Train Time 26.97898530960083s

2025-10-29 02:13:59,018 | INFO | Training epoch 72, Batch 1000/1000: LR=9.97e-05, Loss=2.12e-02 BER=7.79e-03 FER=2.15e-01
2025-10-29 02:13:59,071 | INFO | Epoch 72 Train Time 26.663395166397095s

2025-10-29 02:13:59,072 | INFO | [P2] saving best_model (QAT) with loss 0.021236 at epoch 72
2025-10-29 02:14:26,201 | INFO | Training epoch 73, Batch 1000/1000: LR=9.97e-05, Loss=2.12e-02 BER=7.78e-03 FER=2.15e-01
2025-10-29 02:14:26,269 | INFO | Epoch 73 Train Time 27.182212829589844s

2025-10-29 02:14:26,269 | INFO | [P2] saving best_model (QAT) with loss 0.021191 at epoch 73
2025-10-29 02:14:52,917 | INFO | Training epoch 74, Batch 1000/1000: LR=9.97e-05, Loss=2.13e-02 BER=7.81e-03 FER=2.15e-01
2025-10-29 02:14:52,978 | INFO | Epoch 74 Train Time 26.689806699752808s

2025-10-29 02:15:19,915 | INFO | Training epoch 75, Batch 1000/1000: LR=9.97e-05, Loss=2.12e-02 BER=7.75e-03 FER=2.14e-01
2025-10-29 02:15:19,960 | INFO | Epoch 75 Train Time 26.981849193572998s

2025-10-29 02:15:19,961 | INFO | [P2] saving best_model (QAT) with loss 0.021173 at epoch 75
2025-10-29 02:15:48,834 | INFO | Training epoch 76, Batch 1000/1000: LR=9.97e-05, Loss=2.14e-02 BER=7.81e-03 FER=2.15e-01
2025-10-29 02:15:48,887 | INFO | Epoch 76 Train Time 28.91399359703064s

2025-10-29 02:16:16,850 | INFO | Training epoch 77, Batch 1000/1000: LR=9.96e-05, Loss=2.14e-02 BER=7.79e-03 FER=2.16e-01
2025-10-29 02:16:16,904 | INFO | Epoch 77 Train Time 28.01607871055603s

2025-10-29 02:16:44,658 | INFO | Training epoch 78, Batch 1000/1000: LR=9.96e-05, Loss=2.15e-02 BER=7.87e-03 FER=2.18e-01
2025-10-29 02:16:44,707 | INFO | Epoch 78 Train Time 27.802345275878906s

2025-10-29 02:17:13,134 | INFO | Training epoch 79, Batch 1000/1000: LR=9.96e-05, Loss=2.12e-02 BER=7.79e-03 FER=2.15e-01
2025-10-29 02:17:13,194 | INFO | Epoch 79 Train Time 28.487038373947144s

2025-10-29 02:17:40,777 | INFO | Training epoch 80, Batch 1000/1000: LR=9.96e-05, Loss=2.12e-02 BER=7.77e-03 FER=2.14e-01
2025-10-29 02:17:40,838 | INFO | Epoch 80 Train Time 27.642529010772705s

2025-10-29 02:18:08,299 | INFO | Training epoch 81, Batch 1000/1000: LR=9.96e-05, Loss=2.11e-02 BER=7.68e-03 FER=2.13e-01
2025-10-29 02:18:08,352 | INFO | Epoch 81 Train Time 27.51440978050232s

2025-10-29 02:18:08,353 | INFO | [P2] saving best_model (QAT) with loss 0.021085 at epoch 81
2025-10-29 02:18:35,415 | INFO | Training epoch 82, Batch 1000/1000: LR=9.96e-05, Loss=2.11e-02 BER=7.73e-03 FER=2.14e-01
2025-10-29 02:18:35,475 | INFO | Epoch 82 Train Time 27.110438108444214s

2025-10-29 02:19:02,736 | INFO | Training epoch 83, Batch 1000/1000: LR=9.96e-05, Loss=2.10e-02 BER=7.71e-03 FER=2.13e-01
2025-10-29 02:19:02,778 | INFO | Epoch 83 Train Time 27.30236315727234s

2025-10-29 02:19:02,778 | INFO | [P2] saving best_model (QAT) with loss 0.021017 at epoch 83
2025-10-29 02:19:29,228 | INFO | Training epoch 84, Batch 1000/1000: LR=9.96e-05, Loss=2.10e-02 BER=7.69e-03 FER=2.12e-01
2025-10-29 02:19:29,275 | INFO | Epoch 84 Train Time 26.481269598007202s

2025-10-29 02:19:29,275 | INFO | [P2] saving best_model (QAT) with loss 0.020954 at epoch 84
2025-10-29 02:19:57,281 | INFO | Training epoch 85, Batch 1000/1000: LR=9.96e-05, Loss=2.09e-02 BER=7.68e-03 FER=2.13e-01
2025-10-29 02:19:57,332 | INFO | Epoch 85 Train Time 28.04583501815796s

2025-10-29 02:19:57,333 | INFO | [P2] saving best_model (QAT) with loss 0.020923 at epoch 85
2025-10-29 02:20:24,600 | INFO | Training epoch 86, Batch 1000/1000: LR=9.96e-05, Loss=2.08e-02 BER=7.61e-03 FER=2.10e-01
2025-10-29 02:20:24,653 | INFO | Epoch 86 Train Time 27.3064067363739s

2025-10-29 02:20:24,654 | INFO | [P2] saving best_model (QAT) with loss 0.020850 at epoch 86
2025-10-29 02:20:51,103 | INFO | Training epoch 87, Batch 1000/1000: LR=9.95e-05, Loss=2.08e-02 BER=7.62e-03 FER=2.11e-01
2025-10-29 02:20:51,143 | INFO | Epoch 87 Train Time 26.47725558280945s

2025-10-29 02:20:51,143 | INFO | [P2] saving best_model (QAT) with loss 0.020813 at epoch 87
2025-10-29 02:21:17,393 | INFO | Training epoch 88, Batch 1000/1000: LR=9.95e-05, Loss=2.10e-02 BER=7.73e-03 FER=2.13e-01
2025-10-29 02:21:17,445 | INFO | Epoch 88 Train Time 26.291053533554077s

2025-10-29 02:21:43,268 | INFO | Training epoch 89, Batch 1000/1000: LR=9.95e-05, Loss=2.09e-02 BER=7.65e-03 FER=2.10e-01
2025-10-29 02:21:43,309 | INFO | Epoch 89 Train Time 25.86332678794861s

2025-10-29 02:22:09,574 | INFO | Training epoch 90, Batch 1000/1000: LR=9.95e-05, Loss=2.07e-02 BER=7.58e-03 FER=2.10e-01
2025-10-29 02:22:09,623 | INFO | Epoch 90 Train Time 26.31347370147705s

2025-10-29 02:22:09,623 | INFO | [P2] saving best_model (QAT) with loss 0.020681 at epoch 90
2025-10-29 02:22:37,368 | INFO | Training epoch 91, Batch 1000/1000: LR=9.95e-05, Loss=2.10e-02 BER=7.63e-03 FER=2.10e-01
2025-10-29 02:22:37,425 | INFO | Epoch 91 Train Time 27.791409015655518s

2025-10-29 02:23:04,160 | INFO | Training epoch 92, Batch 1000/1000: LR=9.95e-05, Loss=2.08e-02 BER=7.61e-03 FER=2.08e-01
2025-10-29 02:23:04,215 | INFO | Epoch 92 Train Time 26.789271593093872s

2025-10-29 02:23:30,292 | INFO | Training epoch 93, Batch 1000/1000: LR=9.95e-05, Loss=2.07e-02 BER=7.54e-03 FER=2.07e-01
2025-10-29 02:23:30,340 | INFO | Epoch 93 Train Time 26.12402606010437s

2025-10-29 02:23:30,340 | INFO | [P2] saving best_model (QAT) with loss 0.020657 at epoch 93
2025-10-29 02:23:57,858 | INFO | Training epoch 94, Batch 1000/1000: LR=9.95e-05, Loss=2.07e-02 BER=7.54e-03 FER=2.07e-01
2025-10-29 02:23:57,891 | INFO | Epoch 94 Train Time 27.54053544998169s

2025-10-29 02:24:25,128 | INFO | Training epoch 95, Batch 1000/1000: LR=9.95e-05, Loss=2.08e-02 BER=7.62e-03 FER=2.09e-01
2025-10-29 02:24:25,179 | INFO | Epoch 95 Train Time 27.287893295288086s

2025-10-29 02:24:53,815 | INFO | Training epoch 96, Batch 1000/1000: LR=9.94e-05, Loss=2.06e-02 BER=7.58e-03 FER=2.08e-01
2025-10-29 02:24:53,864 | INFO | Epoch 96 Train Time 28.683871746063232s

2025-10-29 02:24:53,864 | INFO | [P2] saving best_model (QAT) with loss 0.020598 at epoch 96
2025-10-29 02:25:21,377 | INFO | Training epoch 97, Batch 1000/1000: LR=9.94e-05, Loss=2.06e-02 BER=7.56e-03 FER=2.08e-01
2025-10-29 02:25:21,425 | INFO | Epoch 97 Train Time 27.539119482040405s

2025-10-29 02:25:49,220 | INFO | Training epoch 98, Batch 1000/1000: LR=9.94e-05, Loss=2.05e-02 BER=7.50e-03 FER=2.07e-01
2025-10-29 02:25:49,275 | INFO | Epoch 98 Train Time 27.848764896392822s

2025-10-29 02:25:49,275 | INFO | [P2] saving best_model (QAT) with loss 0.020534 at epoch 98
2025-10-29 02:26:15,344 | INFO | Training epoch 99, Batch 1000/1000: LR=9.94e-05, Loss=2.05e-02 BER=7.50e-03 FER=2.06e-01
2025-10-29 02:26:15,399 | INFO | Epoch 99 Train Time 26.112242460250854s

2025-10-29 02:26:40,893 | INFO | Training epoch 100, Batch 1000/1000: LR=9.94e-05, Loss=2.04e-02 BER=7.50e-03 FER=2.08e-01
2025-10-29 02:26:40,931 | INFO | Epoch 100 Train Time 25.531378507614136s

2025-10-29 02:26:40,932 | INFO | [P2] saving best_model (QAT) with loss 0.020404 at epoch 100
2025-10-29 02:27:06,789 | INFO | Training epoch 101, Batch 1000/1000: LR=9.94e-05, Loss=2.08e-02 BER=7.60e-03 FER=2.09e-01
2025-10-29 02:27:06,833 | INFO | Epoch 101 Train Time 25.89073133468628s

2025-10-29 02:27:32,736 | INFO | Training epoch 102, Batch 1000/1000: LR=9.94e-05, Loss=2.06e-02 BER=7.54e-03 FER=2.07e-01
2025-10-29 02:27:32,778 | INFO | Epoch 102 Train Time 25.944650650024414s

2025-10-29 02:27:59,490 | INFO | Training epoch 103, Batch 1000/1000: LR=9.94e-05, Loss=2.07e-02 BER=7.55e-03 FER=2.08e-01
2025-10-29 02:27:59,547 | INFO | Epoch 103 Train Time 26.76768684387207s

2025-10-29 02:28:27,284 | INFO | Training epoch 104, Batch 1000/1000: LR=9.94e-05, Loss=2.07e-02 BER=7.55e-03 FER=2.07e-01
2025-10-29 02:28:27,332 | INFO | Epoch 104 Train Time 27.783384561538696s

2025-10-29 02:28:54,784 | INFO | Training epoch 105, Batch 1000/1000: LR=9.93e-05, Loss=2.09e-02 BER=7.66e-03 FER=2.11e-01
2025-10-29 02:28:54,832 | INFO | Epoch 105 Train Time 27.500096321105957s

2025-10-29 02:29:22,677 | INFO | Training epoch 106, Batch 1000/1000: LR=9.93e-05, Loss=2.08e-02 BER=7.60e-03 FER=2.09e-01
2025-10-29 02:29:22,725 | INFO | Epoch 106 Train Time 27.89232587814331s

2025-10-29 02:29:49,615 | INFO | Training epoch 107, Batch 1000/1000: LR=9.93e-05, Loss=2.06e-02 BER=7.53e-03 FER=2.08e-01
2025-10-29 02:29:49,668 | INFO | Epoch 107 Train Time 26.9419903755188s

2025-10-29 02:30:17,036 | INFO | Training epoch 108, Batch 1000/1000: LR=9.93e-05, Loss=2.06e-02 BER=7.53e-03 FER=2.08e-01
2025-10-29 02:30:17,111 | INFO | Epoch 108 Train Time 27.442716121673584s

2025-10-29 02:30:43,766 | INFO | Training epoch 109, Batch 1000/1000: LR=9.93e-05, Loss=2.10e-02 BER=7.66e-03 FER=2.11e-01
2025-10-29 02:30:43,816 | INFO | Epoch 109 Train Time 26.703799962997437s

2025-10-29 02:31:11,952 | INFO | Training epoch 110, Batch 1000/1000: LR=9.93e-05, Loss=2.08e-02 BER=7.60e-03 FER=2.09e-01
2025-10-29 02:31:12,019 | INFO | Epoch 110 Train Time 28.20228862762451s

2025-10-29 02:31:39,075 | INFO | Training epoch 111, Batch 1000/1000: LR=9.93e-05, Loss=2.07e-02 BER=7.55e-03 FER=2.08e-01
2025-10-29 02:31:39,119 | INFO | Epoch 111 Train Time 27.099104166030884s

2025-10-29 02:32:06,810 | INFO | Training epoch 112, Batch 1000/1000: LR=9.92e-05, Loss=2.08e-02 BER=7.61e-03 FER=2.10e-01
2025-10-29 02:32:06,846 | INFO | Epoch 112 Train Time 27.7267165184021s

2025-10-29 02:32:33,500 | INFO | Training epoch 113, Batch 1000/1000: LR=9.92e-05, Loss=2.10e-02 BER=7.65e-03 FER=2.12e-01
2025-10-29 02:32:33,549 | INFO | Epoch 113 Train Time 26.7017662525177s

2025-10-29 02:33:01,473 | INFO | Training epoch 114, Batch 1000/1000: LR=9.92e-05, Loss=2.10e-02 BER=7.64e-03 FER=2.11e-01
2025-10-29 02:33:01,513 | INFO | Epoch 114 Train Time 27.96379542350769s

2025-10-29 02:33:29,123 | INFO | Training epoch 115, Batch 1000/1000: LR=9.92e-05, Loss=2.08e-02 BER=7.61e-03 FER=2.11e-01
2025-10-29 02:33:29,166 | INFO | Epoch 115 Train Time 27.652112007141113s

2025-10-29 02:33:55,345 | INFO | Training epoch 116, Batch 1000/1000: LR=9.92e-05, Loss=2.09e-02 BER=7.62e-03 FER=2.10e-01
2025-10-29 02:33:55,380 | INFO | Epoch 116 Train Time 26.213556051254272s

2025-10-29 02:34:23,613 | INFO | Training epoch 117, Batch 1000/1000: LR=9.92e-05, Loss=2.06e-02 BER=7.52e-03 FER=2.09e-01
2025-10-29 02:34:23,672 | INFO | Epoch 117 Train Time 28.290677785873413s

2025-10-29 02:34:50,579 | INFO | Training epoch 118, Batch 1000/1000: LR=9.92e-05, Loss=2.09e-02 BER=7.66e-03 FER=2.12e-01
2025-10-29 02:34:50,637 | INFO | Epoch 118 Train Time 26.964611530303955s

2025-10-29 02:35:18,140 | INFO | Training epoch 119, Batch 1000/1000: LR=9.92e-05, Loss=2.07e-02 BER=7.59e-03 FER=2.10e-01
2025-10-29 02:35:18,194 | INFO | Epoch 119 Train Time 27.556118726730347s

2025-10-29 02:35:47,283 | INFO | Training epoch 120, Batch 1000/1000: LR=9.91e-05, Loss=2.07e-02 BER=7.59e-03 FER=2.08e-01
2025-10-29 02:35:47,335 | INFO | Epoch 120 Train Time 29.140284776687622s

2025-10-29 02:36:13,728 | INFO | Training epoch 121, Batch 1000/1000: LR=9.91e-05, Loss=2.05e-02 BER=7.49e-03 FER=2.07e-01
2025-10-29 02:36:13,775 | INFO | Epoch 121 Train Time 26.439369201660156s

2025-10-29 02:36:39,902 | INFO | Training epoch 122, Batch 1000/1000: LR=9.91e-05, Loss=2.05e-02 BER=7.52e-03 FER=2.07e-01
2025-10-29 02:36:39,955 | INFO | Epoch 122 Train Time 26.179377794265747s

2025-10-29 02:37:06,742 | INFO | Training epoch 123, Batch 1000/1000: LR=9.91e-05, Loss=2.05e-02 BER=7.48e-03 FER=2.06e-01
2025-10-29 02:37:06,792 | INFO | Epoch 123 Train Time 26.83618974685669s

2025-10-29 02:37:34,012 | INFO | Training epoch 124, Batch 1000/1000: LR=9.91e-05, Loss=2.07e-02 BER=7.55e-03 FER=2.10e-01
2025-10-29 02:37:34,056 | INFO | Epoch 124 Train Time 27.263919591903687s

2025-10-29 02:38:01,738 | INFO | Training epoch 125, Batch 1000/1000: LR=9.91e-05, Loss=2.07e-02 BER=7.56e-03 FER=2.10e-01
2025-10-29 02:38:01,784 | INFO | Epoch 125 Train Time 27.727184295654297s

2025-10-29 02:38:27,524 | INFO | Training epoch 126, Batch 1000/1000: LR=9.90e-05, Loss=2.06e-02 BER=7.52e-03 FER=2.07e-01
2025-10-29 02:38:27,592 | INFO | Epoch 126 Train Time 25.80703854560852s

2025-10-29 02:38:53,975 | INFO | Training epoch 127, Batch 1000/1000: LR=9.90e-05, Loss=2.07e-02 BER=7.56e-03 FER=2.09e-01
2025-10-29 02:38:54,028 | INFO | Epoch 127 Train Time 26.435100078582764s

2025-10-29 02:39:21,768 | INFO | Training epoch 128, Batch 1000/1000: LR=9.90e-05, Loss=2.05e-02 BER=7.49e-03 FER=2.09e-01
2025-10-29 02:39:21,819 | INFO | Epoch 128 Train Time 27.790282249450684s

2025-10-29 02:39:48,442 | INFO | Training epoch 129, Batch 1000/1000: LR=9.90e-05, Loss=2.06e-02 BER=7.50e-03 FER=2.07e-01
2025-10-29 02:39:48,500 | INFO | Epoch 129 Train Time 26.680351495742798s

2025-10-29 02:40:16,431 | INFO | Training epoch 130, Batch 1000/1000: LR=9.90e-05, Loss=2.05e-02 BER=7.52e-03 FER=2.07e-01
2025-10-29 02:40:16,480 | INFO | Epoch 130 Train Time 27.978641986846924s

2025-10-29 02:40:45,643 | INFO | Training epoch 131, Batch 1000/1000: LR=9.90e-05, Loss=2.07e-02 BER=7.55e-03 FER=2.08e-01
2025-10-29 02:40:45,698 | INFO | Epoch 131 Train Time 29.217844009399414s

2025-10-29 02:41:13,109 | INFO | Training epoch 132, Batch 1000/1000: LR=9.90e-05, Loss=2.05e-02 BER=7.50e-03 FER=2.07e-01
2025-10-29 02:41:13,157 | INFO | Epoch 132 Train Time 27.458419799804688s

2025-10-29 02:41:40,206 | INFO | Training epoch 133, Batch 1000/1000: LR=9.89e-05, Loss=2.03e-02 BER=7.41e-03 FER=2.05e-01
2025-10-29 02:41:40,250 | INFO | Epoch 133 Train Time 27.092334032058716s

2025-10-29 02:41:40,251 | INFO | [P2] saving best_model (QAT) with loss 0.020280 at epoch 133
2025-10-29 02:42:08,553 | INFO | Training epoch 134, Batch 1000/1000: LR=9.89e-05, Loss=2.03e-02 BER=7.39e-03 FER=2.04e-01
2025-10-29 02:42:08,611 | INFO | Epoch 134 Train Time 28.346620321273804s

2025-10-29 02:42:08,611 | INFO | [P2] saving best_model (QAT) with loss 0.020276 at epoch 134
2025-10-29 02:42:36,664 | INFO | Training epoch 135, Batch 1000/1000: LR=9.89e-05, Loss=2.05e-02 BER=7.50e-03 FER=2.06e-01
2025-10-29 02:42:36,713 | INFO | Epoch 135 Train Time 28.089850425720215s

2025-10-29 02:43:03,376 | INFO | Training epoch 136, Batch 1000/1000: LR=9.89e-05, Loss=2.03e-02 BER=7.41e-03 FER=2.05e-01
2025-10-29 02:43:03,429 | INFO | Epoch 136 Train Time 26.715173482894897s

2025-10-29 02:43:03,429 | INFO | [P2] saving best_model (QAT) with loss 0.020276 at epoch 136
2025-10-29 02:43:30,631 | INFO | Training epoch 137, Batch 1000/1000: LR=9.89e-05, Loss=2.04e-02 BER=7.45e-03 FER=2.06e-01
2025-10-29 02:43:30,684 | INFO | Epoch 137 Train Time 27.241724252700806s

2025-10-29 02:43:59,193 | INFO | Training epoch 138, Batch 1000/1000: LR=9.89e-05, Loss=2.02e-02 BER=7.41e-03 FER=2.05e-01
2025-10-29 02:43:59,250 | INFO | Epoch 138 Train Time 28.56565022468567s

2025-10-29 02:43:59,251 | INFO | [P2] saving best_model (QAT) with loss 0.020242 at epoch 138
2025-10-29 02:44:25,555 | INFO | Training epoch 139, Batch 1000/1000: LR=9.88e-05, Loss=2.03e-02 BER=7.40e-03 FER=2.06e-01
2025-10-29 02:44:25,604 | INFO | Epoch 139 Train Time 26.340079307556152s

2025-10-29 02:44:52,081 | INFO | Training epoch 140, Batch 1000/1000: LR=9.88e-05, Loss=2.04e-02 BER=7.43e-03 FER=2.06e-01
2025-10-29 02:44:52,123 | INFO | Epoch 140 Train Time 26.518126964569092s

2025-10-29 02:45:17,968 | INFO | Training epoch 141, Batch 1000/1000: LR=9.88e-05, Loss=2.04e-02 BER=7.47e-03 FER=2.06e-01
2025-10-29 02:45:18,005 | INFO | Epoch 141 Train Time 25.881545066833496s

2025-10-29 02:45:46,195 | INFO | Training epoch 142, Batch 1000/1000: LR=9.88e-05, Loss=2.02e-02 BER=7.41e-03 FER=2.04e-01
2025-10-29 02:45:46,265 | INFO | Epoch 142 Train Time 28.259533882141113s

2025-10-29 02:45:46,266 | INFO | [P2] saving best_model (QAT) with loss 0.020152 at epoch 142
2025-10-29 02:46:12,165 | INFO | Training epoch 143, Batch 1000/1000: LR=9.88e-05, Loss=2.03e-02 BER=7.45e-03 FER=2.07e-01
2025-10-29 02:46:12,216 | INFO | Epoch 143 Train Time 25.939956188201904s

2025-10-29 02:46:39,796 | INFO | Training epoch 144, Batch 1000/1000: LR=9.88e-05, Loss=2.05e-02 BER=7.47e-03 FER=2.05e-01
2025-10-29 02:46:39,844 | INFO | Epoch 144 Train Time 27.62723159790039s

2025-10-29 02:47:08,359 | INFO | Training epoch 145, Batch 1000/1000: LR=9.87e-05, Loss=2.03e-02 BER=7.40e-03 FER=2.04e-01
2025-10-29 02:47:08,406 | INFO | Epoch 145 Train Time 28.56081795692444s

2025-10-29 02:47:36,527 | INFO | Training epoch 146, Batch 1000/1000: LR=9.87e-05, Loss=2.02e-02 BER=7.39e-03 FER=2.04e-01
2025-10-29 02:47:36,567 | INFO | Epoch 146 Train Time 28.160216093063354s

2025-10-29 02:48:03,484 | INFO | Training epoch 147, Batch 1000/1000: LR=9.87e-05, Loss=2.01e-02 BER=7.33e-03 FER=2.03e-01
2025-10-29 02:48:03,538 | INFO | Epoch 147 Train Time 26.970654249191284s

2025-10-29 02:48:03,538 | INFO | [P2] saving best_model (QAT) with loss 0.020097 at epoch 147
2025-10-29 02:48:30,016 | INFO | Training epoch 148, Batch 1000/1000: LR=9.87e-05, Loss=2.03e-02 BER=7.41e-03 FER=2.05e-01
2025-10-29 02:48:30,064 | INFO | Epoch 148 Train Time 26.502236366271973s

2025-10-29 02:48:55,967 | INFO | Training epoch 149, Batch 1000/1000: LR=9.87e-05, Loss=2.03e-02 BER=7.41e-03 FER=2.05e-01
2025-10-29 02:48:56,018 | INFO | Epoch 149 Train Time 25.95332980155945s

2025-10-29 02:49:24,845 | INFO | Training epoch 150, Batch 1000/1000: LR=9.87e-05, Loss=2.01e-02 BER=7.40e-03 FER=2.04e-01
2025-10-29 02:49:24,884 | INFO | Epoch 150 Train Time 28.865925312042236s

2025-10-29 02:49:50,443 | INFO | Training epoch 151, Batch 1000/1000: LR=9.86e-05, Loss=2.06e-02 BER=7.51e-03 FER=2.08e-01
2025-10-29 02:49:50,492 | INFO | Epoch 151 Train Time 25.60677194595337s

2025-10-29 02:50:17,585 | INFO | Training epoch 152, Batch 1000/1000: LR=9.86e-05, Loss=2.03e-02 BER=7.42e-03 FER=2.04e-01
2025-10-29 02:50:17,629 | INFO | Epoch 152 Train Time 27.13639259338379s

2025-10-29 02:50:44,656 | INFO | Training epoch 153, Batch 1000/1000: LR=9.86e-05, Loss=2.01e-02 BER=7.35e-03 FER=2.03e-01
2025-10-29 02:50:44,697 | INFO | Epoch 153 Train Time 27.066379070281982s

2025-10-29 02:50:44,697 | INFO | [P2] saving best_model (QAT) with loss 0.020094 at epoch 153
2025-10-29 02:51:11,468 | INFO | Training epoch 154, Batch 1000/1000: LR=9.86e-05, Loss=2.05e-02 BER=7.52e-03 FER=2.06e-01
2025-10-29 02:51:11,520 | INFO | Epoch 154 Train Time 26.80888342857361s

2025-10-29 02:51:37,873 | INFO | Training epoch 155, Batch 1000/1000: LR=9.86e-05, Loss=2.01e-02 BER=7.33e-03 FER=2.04e-01
2025-10-29 02:51:37,928 | INFO | Epoch 155 Train Time 26.407144784927368s

2025-10-29 02:52:04,007 | INFO | Training epoch 156, Batch 1000/1000: LR=9.85e-05, Loss=2.04e-02 BER=7.45e-03 FER=2.05e-01
2025-10-29 02:52:04,063 | INFO | Epoch 156 Train Time 26.13434910774231s

2025-10-29 02:52:30,074 | INFO | Training epoch 157, Batch 1000/1000: LR=9.85e-05, Loss=2.02e-02 BER=7.40e-03 FER=2.04e-01
2025-10-29 02:52:30,126 | INFO | Epoch 157 Train Time 26.062309741973877s

2025-10-29 02:52:57,550 | INFO | Training epoch 158, Batch 1000/1000: LR=9.85e-05, Loss=2.03e-02 BER=7.43e-03 FER=2.04e-01
2025-10-29 02:52:57,592 | INFO | Epoch 158 Train Time 27.46578359603882s

2025-10-29 02:53:26,975 | INFO | Training epoch 159, Batch 1000/1000: LR=9.85e-05, Loss=2.01e-02 BER=7.30e-03 FER=2.02e-01
2025-10-29 02:53:27,040 | INFO | Epoch 159 Train Time 29.44665241241455s

2025-10-29 02:53:27,040 | INFO | [P2] saving best_model (QAT) with loss 0.020068 at epoch 159
2025-10-29 02:53:55,971 | INFO | Training epoch 160, Batch 1000/1000: LR=9.85e-05, Loss=2.01e-02 BER=7.33e-03 FER=2.01e-01
2025-10-29 02:53:56,017 | INFO | Epoch 160 Train Time 28.963225841522217s

2025-10-29 02:53:56,017 | INFO | [P2] saving best_model (QAT) with loss 0.020052 at epoch 160
2025-10-29 02:54:23,312 | INFO | Training epoch 161, Batch 1000/1000: LR=9.84e-05, Loss=2.01e-02 BER=7.38e-03 FER=2.02e-01
2025-10-29 02:54:23,376 | INFO | Epoch 161 Train Time 27.339465141296387s

2025-10-29 02:54:52,151 | INFO | Training epoch 162, Batch 1000/1000: LR=9.84e-05, Loss=2.01e-02 BER=7.34e-03 FER=2.02e-01
2025-10-29 02:54:52,201 | INFO | Epoch 162 Train Time 28.823938846588135s

2025-10-29 02:55:19,792 | INFO | Training epoch 163, Batch 1000/1000: LR=9.84e-05, Loss=2.03e-02 BER=7.37e-03 FER=2.03e-01
2025-10-29 02:55:19,846 | INFO | Epoch 163 Train Time 27.645018100738525s

2025-10-29 02:55:47,071 | INFO | Training epoch 164, Batch 1000/1000: LR=9.84e-05, Loss=2.02e-02 BER=7.38e-03 FER=2.03e-01
2025-10-29 02:55:47,119 | INFO | Epoch 164 Train Time 27.272245407104492s

2025-10-29 02:56:12,525 | INFO | Training epoch 165, Batch 1000/1000: LR=9.84e-05, Loss=2.01e-02 BER=7.33e-03 FER=2.01e-01
2025-10-29 02:56:12,563 | INFO | Epoch 165 Train Time 25.443637132644653s

2025-10-29 02:56:39,542 | INFO | Training epoch 166, Batch 1000/1000: LR=9.83e-05, Loss=2.03e-02 BER=7.40e-03 FER=2.03e-01
2025-10-29 02:56:39,591 | INFO | Epoch 166 Train Time 27.02736520767212s

2025-10-29 02:57:07,062 | INFO | Training epoch 167, Batch 1000/1000: LR=9.83e-05, Loss=2.01e-02 BER=7.35e-03 FER=2.02e-01
2025-10-29 02:57:07,123 | INFO | Epoch 167 Train Time 27.531046390533447s

2025-10-29 02:57:34,189 | INFO | Training epoch 168, Batch 1000/1000: LR=9.83e-05, Loss=2.01e-02 BER=7.35e-03 FER=2.02e-01
2025-10-29 02:57:34,245 | INFO | Epoch 168 Train Time 27.121284246444702s

2025-10-29 02:58:02,808 | INFO | Training epoch 169, Batch 1000/1000: LR=9.83e-05, Loss=1.99e-02 BER=7.26e-03 FER=1.99e-01
2025-10-29 02:58:02,856 | INFO | Epoch 169 Train Time 28.6107497215271s

2025-10-29 02:58:02,857 | INFO | [P2] saving best_model (QAT) with loss 0.019856 at epoch 169
2025-10-29 02:58:29,619 | INFO | Training epoch 170, Batch 1000/1000: LR=9.83e-05, Loss=2.00e-02 BER=7.32e-03 FER=2.01e-01
2025-10-29 02:58:29,672 | INFO | Epoch 170 Train Time 26.80536413192749s

2025-10-29 02:58:55,841 | INFO | Training epoch 171, Batch 1000/1000: LR=9.82e-05, Loss=2.00e-02 BER=7.34e-03 FER=2.02e-01
2025-10-29 02:58:55,905 | INFO | Epoch 171 Train Time 26.232545375823975s

2025-10-29 02:59:24,791 | INFO | Training epoch 172, Batch 1000/1000: LR=9.82e-05, Loss=2.01e-02 BER=7.35e-03 FER=2.02e-01
2025-10-29 02:59:24,848 | INFO | Epoch 172 Train Time 28.942405700683594s

2025-10-29 02:59:53,346 | INFO | Training epoch 173, Batch 1000/1000: LR=9.82e-05, Loss=1.99e-02 BER=7.25e-03 FER=2.00e-01
2025-10-29 02:59:53,390 | INFO | Epoch 173 Train Time 28.54124927520752s

2025-10-29 03:00:20,639 | INFO | Training epoch 174, Batch 1000/1000: LR=9.82e-05, Loss=2.02e-02 BER=7.36e-03 FER=2.03e-01
2025-10-29 03:00:20,683 | INFO | Epoch 174 Train Time 27.292658805847168s

2025-10-29 03:00:47,654 | INFO | Training epoch 175, Batch 1000/1000: LR=9.82e-05, Loss=2.00e-02 BER=7.32e-03 FER=2.01e-01
2025-10-29 03:00:47,706 | INFO | Epoch 175 Train Time 27.021541595458984s

2025-10-29 03:01:14,413 | INFO | Training epoch 176, Batch 1000/1000: LR=9.81e-05, Loss=1.98e-02 BER=7.24e-03 FER=2.00e-01
2025-10-29 03:01:14,461 | INFO | Epoch 176 Train Time 26.754486083984375s

2025-10-29 03:01:14,461 | INFO | [P2] saving best_model (QAT) with loss 0.019847 at epoch 176
2025-10-29 03:01:41,880 | INFO | Training epoch 177, Batch 1000/1000: LR=9.81e-05, Loss=1.99e-02 BER=7.27e-03 FER=2.00e-01
2025-10-29 03:01:41,941 | INFO | Epoch 177 Train Time 27.466031312942505s

2025-10-29 03:02:08,586 | INFO | Training epoch 178, Batch 1000/1000: LR=9.81e-05, Loss=2.00e-02 BER=7.29e-03 FER=2.01e-01
2025-10-29 03:02:08,648 | INFO | Epoch 178 Train Time 26.70654320716858s

2025-10-29 03:02:35,669 | INFO | Training epoch 179, Batch 1000/1000: LR=9.81e-05, Loss=1.99e-02 BER=7.25e-03 FER=2.00e-01
2025-10-29 03:02:35,713 | INFO | Epoch 179 Train Time 27.064606189727783s

2025-10-29 03:03:01,537 | INFO | Training epoch 180, Batch 1000/1000: LR=9.81e-05, Loss=1.98e-02 BER=7.22e-03 FER=1.98e-01
2025-10-29 03:03:01,592 | INFO | Epoch 180 Train Time 25.878175497055054s

2025-10-29 03:03:01,593 | INFO | [P2] saving best_model (QAT) with loss 0.019770 at epoch 180
2025-10-29 03:03:27,758 | INFO | Training epoch 181, Batch 1000/1000: LR=9.80e-05, Loss=1.99e-02 BER=7.28e-03 FER=2.01e-01
2025-10-29 03:03:27,818 | INFO | Epoch 181 Train Time 26.206252813339233s

2025-10-29 03:03:56,103 | INFO | Training epoch 182, Batch 1000/1000: LR=9.80e-05, Loss=1.99e-02 BER=7.29e-03 FER=2.02e-01
2025-10-29 03:03:56,146 | INFO | Epoch 182 Train Time 28.32683563232422s

2025-10-29 03:04:22,754 | INFO | Training epoch 183, Batch 1000/1000: LR=9.80e-05, Loss=2.01e-02 BER=7.38e-03 FER=2.02e-01
2025-10-29 03:04:22,807 | INFO | Epoch 183 Train Time 26.660223484039307s

2025-10-29 03:04:48,472 | INFO | Training epoch 184, Batch 1000/1000: LR=9.80e-05, Loss=2.00e-02 BER=7.32e-03 FER=2.01e-01
2025-10-29 03:04:48,520 | INFO | Epoch 184 Train Time 25.713144063949585s

2025-10-29 03:05:15,371 | INFO | Training epoch 185, Batch 1000/1000: LR=9.79e-05, Loss=2.01e-02 BER=7.32e-03 FER=2.02e-01
2025-10-29 03:05:15,414 | INFO | Epoch 185 Train Time 26.893131494522095s

2025-10-29 03:05:43,782 | INFO | Training epoch 186, Batch 1000/1000: LR=9.79e-05, Loss=2.02e-02 BER=7.39e-03 FER=2.02e-01
2025-10-29 03:05:43,837 | INFO | Epoch 186 Train Time 28.42221212387085s

2025-10-29 03:06:10,570 | INFO | Training epoch 187, Batch 1000/1000: LR=9.79e-05, Loss=2.00e-02 BER=7.34e-03 FER=2.03e-01
2025-10-29 03:06:10,621 | INFO | Epoch 187 Train Time 26.7836697101593s

2025-10-29 03:06:39,153 | INFO | Training epoch 188, Batch 1000/1000: LR=9.79e-05, Loss=1.99e-02 BER=7.27e-03 FER=2.02e-01
2025-10-29 03:06:39,211 | INFO | Epoch 188 Train Time 28.589028358459473s

2025-10-29 03:07:06,579 | INFO | Training epoch 189, Batch 1000/1000: LR=9.79e-05, Loss=1.99e-02 BER=7.30e-03 FER=2.01e-01
2025-10-29 03:07:06,640 | INFO | Epoch 189 Train Time 27.42785096168518s

2025-10-29 03:07:33,943 | INFO | Training epoch 190, Batch 1000/1000: LR=9.78e-05, Loss=2.01e-02 BER=7.36e-03 FER=2.03e-01
2025-10-29 03:07:33,998 | INFO | Epoch 190 Train Time 27.35723328590393s

2025-10-29 03:08:00,172 | INFO | Training epoch 191, Batch 1000/1000: LR=9.78e-05, Loss=1.99e-02 BER=7.28e-03 FER=2.01e-01
2025-10-29 03:08:00,221 | INFO | Epoch 191 Train Time 26.222236394882202s

2025-10-29 03:08:27,432 | INFO | Training epoch 192, Batch 1000/1000: LR=9.78e-05, Loss=2.02e-02 BER=7.34e-03 FER=2.02e-01
2025-10-29 03:08:27,498 | INFO | Epoch 192 Train Time 27.2766010761261s

2025-10-29 03:08:53,937 | INFO | Training epoch 193, Batch 1000/1000: LR=9.78e-05, Loss=1.98e-02 BER=7.19e-03 FER=1.98e-01
2025-10-29 03:08:53,981 | INFO | Epoch 193 Train Time 26.482338905334473s

2025-10-29 03:09:21,897 | INFO | Training epoch 194, Batch 1000/1000: LR=9.77e-05, Loss=2.00e-02 BER=7.28e-03 FER=2.01e-01
2025-10-29 03:09:21,944 | INFO | Epoch 194 Train Time 27.962219715118408s

2025-10-29 03:09:49,121 | INFO | Training epoch 195, Batch 1000/1000: LR=9.77e-05, Loss=2.01e-02 BER=7.32e-03 FER=2.00e-01
2025-10-29 03:09:49,157 | INFO | Epoch 195 Train Time 27.211914539337158s

2025-10-29 03:10:15,857 | INFO | Training epoch 196, Batch 1000/1000: LR=9.77e-05, Loss=1.97e-02 BER=7.16e-03 FER=1.98e-01
2025-10-29 03:10:15,915 | INFO | Epoch 196 Train Time 26.757179021835327s

2025-10-29 03:10:15,915 | INFO | [P2] saving best_model (QAT) with loss 0.019702 at epoch 196
2025-10-29 03:10:42,560 | INFO | Training epoch 197, Batch 1000/1000: LR=9.77e-05, Loss=2.01e-02 BER=7.34e-03 FER=2.00e-01
2025-10-29 03:10:42,610 | INFO | Epoch 197 Train Time 26.682761192321777s

2025-10-29 03:11:08,939 | INFO | Training epoch 198, Batch 1000/1000: LR=9.76e-05, Loss=2.01e-02 BER=7.34e-03 FER=2.03e-01
2025-10-29 03:11:09,011 | INFO | Epoch 198 Train Time 26.400059938430786s

2025-10-29 03:11:37,125 | INFO | Training epoch 199, Batch 1000/1000: LR=9.76e-05, Loss=2.01e-02 BER=7.37e-03 FER=2.02e-01
2025-10-29 03:11:37,174 | INFO | Epoch 199 Train Time 28.162110328674316s

2025-10-29 03:12:03,557 | INFO | Training epoch 200, Batch 1000/1000: LR=9.76e-05, Loss=2.02e-02 BER=7.37e-03 FER=2.04e-01
2025-10-29 03:12:03,605 | INFO | Epoch 200 Train Time 26.43074870109558s

2025-10-29 03:12:30,404 | INFO | Training epoch 201, Batch 1000/1000: LR=9.76e-05, Loss=1.99e-02 BER=7.27e-03 FER=1.99e-01
2025-10-29 03:12:30,457 | INFO | Epoch 201 Train Time 26.851431608200073s

2025-10-29 03:12:56,121 | INFO | Training epoch 202, Batch 1000/1000: LR=9.76e-05, Loss=1.98e-02 BER=7.26e-03 FER=1.99e-01
2025-10-29 03:12:56,169 | INFO | Epoch 202 Train Time 25.710662841796875s

2025-10-29 03:13:21,796 | INFO | Training epoch 203, Batch 1000/1000: LR=9.75e-05, Loss=2.00e-02 BER=7.30e-03 FER=2.01e-01
2025-10-29 03:13:21,846 | INFO | Epoch 203 Train Time 25.676679849624634s

2025-10-29 03:13:47,163 | INFO | Training epoch 204, Batch 1000/1000: LR=9.75e-05, Loss=1.97e-02 BER=7.22e-03 FER=1.99e-01
2025-10-29 03:13:47,211 | INFO | Epoch 204 Train Time 25.364034175872803s

2025-10-29 03:14:13,434 | INFO | Training epoch 205, Batch 1000/1000: LR=9.75e-05, Loss=2.00e-02 BER=7.29e-03 FER=2.01e-01
2025-10-29 03:14:13,487 | INFO | Epoch 205 Train Time 26.275389194488525s

2025-10-29 03:14:39,548 | INFO | Training epoch 206, Batch 1000/1000: LR=9.75e-05, Loss=2.00e-02 BER=7.28e-03 FER=2.00e-01
2025-10-29 03:14:39,621 | INFO | Epoch 206 Train Time 26.133448123931885s

2025-10-29 03:15:05,083 | INFO | Training epoch 207, Batch 1000/1000: LR=9.74e-05, Loss=2.00e-02 BER=7.31e-03 FER=2.02e-01
2025-10-29 03:15:05,141 | INFO | Epoch 207 Train Time 25.51977849006653s

2025-10-29 03:15:31,351 | INFO | Training epoch 208, Batch 1000/1000: LR=9.74e-05, Loss=1.98e-02 BER=7.24e-03 FER=2.01e-01
2025-10-29 03:15:31,411 | INFO | Epoch 208 Train Time 26.268833875656128s

2025-10-29 03:15:56,546 | INFO | Training epoch 209, Batch 1000/1000: LR=9.74e-05, Loss=2.00e-02 BER=7.33e-03 FER=2.01e-01
2025-10-29 03:15:56,600 | INFO | Epoch 209 Train Time 25.18837571144104s

2025-10-29 03:16:20,704 | INFO | Training epoch 210, Batch 1000/1000: LR=9.74e-05, Loss=1.99e-02 BER=7.26e-03 FER=2.00e-01
2025-10-29 03:16:20,765 | INFO | Epoch 210 Train Time 24.16416311264038s

2025-10-29 03:16:47,037 | INFO | Training epoch 211, Batch 1000/1000: LR=9.73e-05, Loss=1.98e-02 BER=7.22e-03 FER=1.99e-01
2025-10-29 03:16:47,073 | INFO | Epoch 211 Train Time 26.308050870895386s

2025-10-29 03:17:12,980 | INFO | Training epoch 212, Batch 1000/1000: LR=9.73e-05, Loss=2.02e-02 BER=7.38e-03 FER=2.03e-01
2025-10-29 03:17:13,022 | INFO | Epoch 212 Train Time 25.948343753814697s

2025-10-29 03:17:39,180 | INFO | Training epoch 213, Batch 1000/1000: LR=9.73e-05, Loss=2.01e-02 BER=7.33e-03 FER=2.02e-01
2025-10-29 03:17:39,226 | INFO | Epoch 213 Train Time 26.203566312789917s

2025-10-29 03:18:05,385 | INFO | Training epoch 214, Batch 1000/1000: LR=9.73e-05, Loss=2.00e-02 BER=7.29e-03 FER=2.00e-01
2025-10-29 03:18:05,433 | INFO | Epoch 214 Train Time 26.206324100494385s

2025-10-29 03:18:31,130 | INFO | Training epoch 215, Batch 1000/1000: LR=9.72e-05, Loss=1.99e-02 BER=7.26e-03 FER=2.00e-01
2025-10-29 03:18:31,184 | INFO | Epoch 215 Train Time 25.7498939037323s

2025-10-29 03:18:57,953 | INFO | Training epoch 216, Batch 1000/1000: LR=9.72e-05, Loss=2.00e-02 BER=7.28e-03 FER=2.01e-01
2025-10-29 03:18:58,005 | INFO | Epoch 216 Train Time 26.821197032928467s

2025-10-29 03:19:23,206 | INFO | Training epoch 217, Batch 1000/1000: LR=9.72e-05, Loss=2.01e-02 BER=7.30e-03 FER=2.02e-01
2025-10-29 03:19:23,253 | INFO | Epoch 217 Train Time 25.24656105041504s

2025-10-29 03:19:49,068 | INFO | Training epoch 218, Batch 1000/1000: LR=9.72e-05, Loss=2.01e-02 BER=7.31e-03 FER=2.01e-01
2025-10-29 03:19:49,122 | INFO | Epoch 218 Train Time 25.868420362472534s

2025-10-29 03:20:16,866 | INFO | Training epoch 219, Batch 1000/1000: LR=9.71e-05, Loss=1.98e-02 BER=7.20e-03 FER=1.99e-01
2025-10-29 03:20:16,921 | INFO | Epoch 219 Train Time 27.798526525497437s

2025-10-29 03:20:42,257 | INFO | Training epoch 220, Batch 1000/1000: LR=9.71e-05, Loss=2.00e-02 BER=7.29e-03 FER=2.01e-01
2025-10-29 03:20:42,321 | INFO | Epoch 220 Train Time 25.399718523025513s

2025-10-29 03:21:08,263 | INFO | Training epoch 221, Batch 1000/1000: LR=9.71e-05, Loss=2.03e-02 BER=7.40e-03 FER=2.03e-01
2025-10-29 03:21:08,313 | INFO | Epoch 221 Train Time 25.991634607315063s

2025-10-29 03:21:35,046 | INFO | Training epoch 222, Batch 1000/1000: LR=9.70e-05, Loss=2.01e-02 BER=7.29e-03 FER=2.02e-01
2025-10-29 03:21:35,093 | INFO | Epoch 222 Train Time 26.77918314933777s

2025-10-29 03:22:01,481 | INFO | Training epoch 223, Batch 1000/1000: LR=9.70e-05, Loss=1.96e-02 BER=7.13e-03 FER=1.97e-01
2025-10-29 03:22:01,536 | INFO | Epoch 223 Train Time 26.44206142425537s

2025-10-29 03:22:01,536 | INFO | [P2] saving best_model (QAT) with loss 0.019640 at epoch 223
2025-10-29 03:22:28,310 | INFO | Training epoch 224, Batch 1000/1000: LR=9.70e-05, Loss=1.97e-02 BER=7.18e-03 FER=1.98e-01
2025-10-29 03:22:28,369 | INFO | Epoch 224 Train Time 26.819315910339355s

2025-10-29 03:22:55,252 | INFO | Training epoch 225, Batch 1000/1000: LR=9.70e-05, Loss=2.02e-02 BER=7.37e-03 FER=2.02e-01
2025-10-29 03:22:55,307 | INFO | Epoch 225 Train Time 26.937455415725708s

2025-10-29 03:23:20,992 | INFO | Training epoch 226, Batch 1000/1000: LR=9.69e-05, Loss=2.00e-02 BER=7.27e-03 FER=2.00e-01
2025-10-29 03:23:21,044 | INFO | Epoch 226 Train Time 25.736515760421753s

2025-10-29 03:23:46,233 | INFO | Training epoch 227, Batch 1000/1000: LR=9.69e-05, Loss=1.99e-02 BER=7.24e-03 FER=1.99e-01
2025-10-29 03:23:46,273 | INFO | Epoch 227 Train Time 25.228149890899658s

2025-10-29 03:24:12,990 | INFO | Training epoch 228, Batch 1000/1000: LR=9.69e-05, Loss=1.99e-02 BER=7.27e-03 FER=2.00e-01
2025-10-29 03:24:13,043 | INFO | Epoch 228 Train Time 26.769158840179443s

2025-10-29 03:24:39,155 | INFO | Training epoch 229, Batch 1000/1000: LR=9.69e-05, Loss=1.99e-02 BER=7.23e-03 FER=2.00e-01
2025-10-29 03:24:39,206 | INFO | Epoch 229 Train Time 26.162359714508057s

2025-10-29 03:25:07,683 | INFO | Training epoch 230, Batch 1000/1000: LR=9.68e-05, Loss=1.99e-02 BER=7.25e-03 FER=2.00e-01
2025-10-29 03:25:07,741 | INFO | Epoch 230 Train Time 28.53450107574463s

2025-10-29 03:25:35,293 | INFO | Training epoch 231, Batch 1000/1000: LR=9.68e-05, Loss=1.96e-02 BER=7.13e-03 FER=1.97e-01
2025-10-29 03:25:35,347 | INFO | Epoch 231 Train Time 27.605663061141968s

2025-10-29 03:25:35,348 | INFO | [P2] saving best_model (QAT) with loss 0.019614 at epoch 231
2025-10-29 03:26:01,555 | INFO | Training epoch 232, Batch 1000/1000: LR=9.68e-05, Loss=2.00e-02 BER=7.25e-03 FER=1.99e-01
2025-10-29 03:26:01,616 | INFO | Epoch 232 Train Time 26.252869844436646s

2025-10-29 03:26:28,793 | INFO | Training epoch 233, Batch 1000/1000: LR=9.67e-05, Loss=2.00e-02 BER=7.29e-03 FER=2.01e-01
2025-10-29 03:26:28,848 | INFO | Epoch 233 Train Time 27.23129105567932s

2025-10-29 03:26:56,265 | INFO | Training epoch 234, Batch 1000/1000: LR=9.67e-05, Loss=2.01e-02 BER=7.31e-03 FER=2.00e-01
2025-10-29 03:26:56,321 | INFO | Epoch 234 Train Time 27.47274088859558s

2025-10-29 03:27:22,230 | INFO | Training epoch 235, Batch 1000/1000: LR=9.67e-05, Loss=1.98e-02 BER=7.21e-03 FER=2.00e-01
2025-10-29 03:27:22,291 | INFO | Epoch 235 Train Time 25.96861433982849s

2025-10-29 03:27:50,276 | INFO | Training epoch 236, Batch 1000/1000: LR=9.67e-05, Loss=1.99e-02 BER=7.28e-03 FER=1.99e-01
2025-10-29 03:27:50,335 | INFO | Epoch 236 Train Time 28.04271149635315s

2025-10-29 03:28:18,087 | INFO | Training epoch 237, Batch 1000/1000: LR=9.66e-05, Loss=1.97e-02 BER=7.20e-03 FER=1.98e-01
2025-10-29 03:28:18,135 | INFO | Epoch 237 Train Time 27.799275159835815s

2025-10-29 03:28:45,154 | INFO | Training epoch 238, Batch 1000/1000: LR=9.66e-05, Loss=1.96e-02 BER=7.16e-03 FER=1.98e-01
2025-10-29 03:28:45,201 | INFO | Epoch 238 Train Time 27.06409978866577s

2025-10-29 03:29:12,466 | INFO | Training epoch 239, Batch 1000/1000: LR=9.66e-05, Loss=1.96e-02 BER=7.18e-03 FER=1.97e-01
2025-10-29 03:29:12,520 | INFO | Epoch 239 Train Time 27.31873917579651s

2025-10-29 03:29:38,805 | INFO | Training epoch 240, Batch 1000/1000: LR=9.66e-05, Loss=1.97e-02 BER=7.15e-03 FER=1.97e-01
2025-10-29 03:29:38,853 | INFO | Epoch 240 Train Time 26.33277463912964s

2025-10-29 03:30:06,376 | INFO | Training epoch 241, Batch 1000/1000: LR=9.65e-05, Loss=2.00e-02 BER=7.31e-03 FER=2.00e-01
2025-10-29 03:30:06,432 | INFO | Epoch 241 Train Time 27.577571868896484s

2025-10-29 03:30:33,426 | INFO | Training epoch 242, Batch 1000/1000: LR=9.65e-05, Loss=1.98e-02 BER=7.22e-03 FER=1.98e-01
2025-10-29 03:30:33,475 | INFO | Epoch 242 Train Time 27.042566299438477s

2025-10-29 03:31:00,986 | INFO | Training epoch 243, Batch 1000/1000: LR=9.65e-05, Loss=1.97e-02 BER=7.16e-03 FER=1.97e-01
2025-10-29 03:31:01,050 | INFO | Epoch 243 Train Time 27.574430227279663s

2025-10-29 03:31:27,089 | INFO | Training epoch 244, Batch 1000/1000: LR=9.64e-05, Loss=1.98e-02 BER=7.24e-03 FER=1.99e-01
2025-10-29 03:31:27,136 | INFO | Epoch 244 Train Time 26.085277795791626s

2025-10-29 03:31:55,348 | INFO | Training epoch 245, Batch 1000/1000: LR=9.64e-05, Loss=1.99e-02 BER=7.26e-03 FER=2.00e-01
2025-10-29 03:31:55,404 | INFO | Epoch 245 Train Time 28.266860246658325s

2025-10-29 03:32:20,639 | INFO | Training epoch 246, Batch 1000/1000: LR=9.64e-05, Loss=1.98e-02 BER=7.23e-03 FER=1.99e-01
2025-10-29 03:32:20,678 | INFO | Epoch 246 Train Time 25.2736713886261s

2025-10-29 03:32:47,052 | INFO | Training epoch 247, Batch 1000/1000: LR=9.64e-05, Loss=1.98e-02 BER=7.27e-03 FER=1.99e-01
2025-10-29 03:32:47,106 | INFO | Epoch 247 Train Time 26.42686629295349s

2025-10-29 03:33:13,822 | INFO | Training epoch 248, Batch 1000/1000: LR=9.63e-05, Loss=1.96e-02 BER=7.16e-03 FER=1.99e-01
2025-10-29 03:33:13,885 | INFO | Epoch 248 Train Time 26.778444290161133s

2025-10-29 03:33:40,096 | INFO | Training epoch 249, Batch 1000/1000: LR=9.63e-05, Loss=2.00e-02 BER=7.31e-03 FER=1.99e-01
2025-10-29 03:33:40,135 | INFO | Epoch 249 Train Time 26.249457836151123s

2025-10-29 03:34:07,382 | INFO | Training epoch 250, Batch 1000/1000: LR=9.63e-05, Loss=1.99e-02 BER=7.22e-03 FER=1.99e-01
2025-10-29 03:34:07,429 | INFO | Epoch 250 Train Time 27.293598890304565s

2025-10-29 03:34:35,188 | INFO | Training epoch 251, Batch 1000/1000: LR=9.62e-05, Loss=1.97e-02 BER=7.21e-03 FER=1.98e-01
2025-10-29 03:34:35,237 | INFO | Epoch 251 Train Time 27.806909799575806s

2025-10-29 03:35:01,422 | INFO | Training epoch 252, Batch 1000/1000: LR=9.62e-05, Loss=1.98e-02 BER=7.21e-03 FER=1.97e-01
2025-10-29 03:35:01,460 | INFO | Epoch 252 Train Time 26.22190260887146s

2025-10-29 03:35:28,461 | INFO | Training epoch 253, Batch 1000/1000: LR=9.62e-05, Loss=1.98e-02 BER=7.21e-03 FER=1.99e-01
2025-10-29 03:35:28,519 | INFO | Epoch 253 Train Time 27.058472394943237s

2025-10-29 03:35:55,803 | INFO | Training epoch 254, Batch 1000/1000: LR=9.61e-05, Loss=1.97e-02 BER=7.18e-03 FER=1.98e-01
2025-10-29 03:35:55,854 | INFO | Epoch 254 Train Time 27.334431886672974s

2025-10-29 03:36:22,827 | INFO | Training epoch 255, Batch 1000/1000: LR=9.61e-05, Loss=2.00e-02 BER=7.31e-03 FER=2.01e-01
2025-10-29 03:36:22,878 | INFO | Epoch 255 Train Time 27.023555994033813s

2025-10-29 03:36:49,665 | INFO | Training epoch 256, Batch 1000/1000: LR=9.61e-05, Loss=1.99e-02 BER=7.25e-03 FER=2.00e-01
2025-10-29 03:36:49,715 | INFO | Epoch 256 Train Time 26.83664560317993s

2025-10-29 03:37:17,382 | INFO | Training epoch 257, Batch 1000/1000: LR=9.61e-05, Loss=1.96e-02 BER=7.12e-03 FER=1.97e-01
2025-10-29 03:37:17,432 | INFO | Epoch 257 Train Time 27.71627116203308s

2025-10-29 03:37:17,433 | INFO | [P2] saving best_model (QAT) with loss 0.019605 at epoch 257
2025-10-29 03:37:44,910 | INFO | Training epoch 258, Batch 1000/1000: LR=9.60e-05, Loss=1.96e-02 BER=7.13e-03 FER=1.97e-01
2025-10-29 03:37:44,962 | INFO | Epoch 258 Train Time 27.515608310699463s

2025-10-29 03:37:44,962 | INFO | [P2] saving best_model (QAT) with loss 0.019576 at epoch 258
2025-10-29 03:38:13,214 | INFO | Training epoch 259, Batch 1000/1000: LR=9.60e-05, Loss=1.98e-02 BER=7.19e-03 FER=1.98e-01
2025-10-29 03:38:13,251 | INFO | Epoch 259 Train Time 28.27457284927368s

2025-10-29 03:38:40,308 | INFO | Training epoch 260, Batch 1000/1000: LR=9.60e-05, Loss=1.95e-02 BER=7.12e-03 FER=1.96e-01
2025-10-29 03:38:40,360 | INFO | Epoch 260 Train Time 27.10766363143921s

2025-10-29 03:38:40,360 | INFO | [P2] saving best_model (QAT) with loss 0.019506 at epoch 260
2025-10-29 03:39:06,930 | INFO | Training epoch 261, Batch 1000/1000: LR=9.59e-05, Loss=1.96e-02 BER=7.13e-03 FER=1.97e-01
2025-10-29 03:39:06,981 | INFO | Epoch 261 Train Time 26.60581684112549s

2025-10-29 03:39:32,870 | INFO | Training epoch 262, Batch 1000/1000: LR=9.59e-05, Loss=1.96e-02 BER=7.14e-03 FER=1.96e-01
2025-10-29 03:39:32,921 | INFO | Epoch 262 Train Time 25.93983221054077s

2025-10-29 03:39:59,770 | INFO | Training epoch 263, Batch 1000/1000: LR=9.59e-05, Loss=1.97e-02 BER=7.21e-03 FER=1.98e-01
2025-10-29 03:39:59,815 | INFO | Epoch 263 Train Time 26.893317461013794s

2025-10-29 03:40:25,811 | INFO | Training epoch 264, Batch 1000/1000: LR=9.58e-05, Loss=1.98e-02 BER=7.22e-03 FER=1.98e-01
2025-10-29 03:40:25,886 | INFO | Epoch 264 Train Time 26.070342540740967s

2025-10-29 03:40:50,864 | INFO | Training epoch 265, Batch 1000/1000: LR=9.58e-05, Loss=1.97e-02 BER=7.21e-03 FER=1.98e-01
2025-10-29 03:40:50,904 | INFO | Epoch 265 Train Time 25.016030073165894s

2025-10-29 03:41:16,361 | INFO | Training epoch 266, Batch 1000/1000: LR=9.58e-05, Loss=1.99e-02 BER=7.22e-03 FER=1.98e-01
2025-10-29 03:41:16,409 | INFO | Epoch 266 Train Time 25.50460386276245s

2025-10-29 03:41:42,098 | INFO | Training epoch 267, Batch 1000/1000: LR=9.57e-05, Loss=2.00e-02 BER=7.26e-03 FER=2.00e-01
2025-10-29 03:41:42,145 | INFO | Epoch 267 Train Time 25.735254526138306s

2025-10-29 03:42:09,876 | INFO | Training epoch 268, Batch 1000/1000: LR=9.57e-05, Loss=2.01e-02 BER=7.27e-03 FER=1.99e-01
2025-10-29 03:42:09,933 | INFO | Epoch 268 Train Time 27.787630796432495s

2025-10-29 03:42:36,623 | INFO | Training epoch 269, Batch 1000/1000: LR=9.57e-05, Loss=1.99e-02 BER=7.25e-03 FER=1.99e-01
2025-10-29 03:42:36,674 | INFO | Epoch 269 Train Time 26.74079918861389s

2025-10-29 03:43:03,543 | INFO | Training epoch 270, Batch 1000/1000: LR=9.56e-05, Loss=1.99e-02 BER=7.27e-03 FER=1.98e-01
2025-10-29 03:43:03,593 | INFO | Epoch 270 Train Time 26.917836904525757s

2025-10-29 03:43:30,254 | INFO | Training epoch 271, Batch 1000/1000: LR=9.56e-05, Loss=1.97e-02 BER=7.20e-03 FER=1.99e-01
2025-10-29 03:43:30,316 | INFO | Epoch 271 Train Time 26.722692728042603s

2025-10-29 03:43:56,872 | INFO | Training epoch 272, Batch 1000/1000: LR=9.56e-05, Loss=1.97e-02 BER=7.17e-03 FER=1.97e-01
2025-10-29 03:43:56,921 | INFO | Epoch 272 Train Time 26.603718996047974s

2025-10-29 03:44:22,585 | INFO | Training epoch 273, Batch 1000/1000: LR=9.56e-05, Loss=1.99e-02 BER=7.27e-03 FER=2.00e-01
2025-10-29 03:44:22,627 | INFO | Epoch 273 Train Time 25.705360889434814s

2025-10-29 03:44:48,677 | INFO | Training epoch 274, Batch 1000/1000: LR=9.55e-05, Loss=1.98e-02 BER=7.21e-03 FER=1.98e-01
2025-10-29 03:44:48,727 | INFO | Epoch 274 Train Time 26.099854230880737s

2025-10-29 03:45:15,110 | INFO | Training epoch 275, Batch 1000/1000: LR=9.55e-05, Loss=1.97e-02 BER=7.16e-03 FER=1.98e-01
2025-10-29 03:45:15,148 | INFO | Epoch 275 Train Time 26.419890880584717s

2025-10-29 03:45:40,811 | INFO | Training epoch 276, Batch 1000/1000: LR=9.55e-05, Loss=1.97e-02 BER=7.16e-03 FER=1.98e-01
2025-10-29 03:45:40,853 | INFO | Epoch 276 Train Time 25.7042818069458s

2025-10-29 03:46:07,981 | INFO | Training epoch 277, Batch 1000/1000: LR=9.54e-05, Loss=1.96e-02 BER=7.21e-03 FER=1.98e-01
2025-10-29 03:46:08,026 | INFO | Epoch 277 Train Time 27.172463178634644s

2025-10-29 03:46:34,256 | INFO | Training epoch 278, Batch 1000/1000: LR=9.54e-05, Loss=2.01e-02 BER=7.33e-03 FER=2.01e-01
2025-10-29 03:46:34,308 | INFO | Epoch 278 Train Time 26.281153202056885s

2025-10-29 03:47:00,225 | INFO | Training epoch 279, Batch 1000/1000: LR=9.54e-05, Loss=1.96e-02 BER=7.15e-03 FER=1.98e-01
2025-10-29 03:47:00,276 | INFO | Epoch 279 Train Time 25.967354774475098s

2025-10-29 03:47:25,743 | INFO | Training epoch 280, Batch 1000/1000: LR=9.53e-05, Loss=1.97e-02 BER=7.20e-03 FER=1.98e-01
2025-10-29 03:47:25,807 | INFO | Epoch 280 Train Time 25.531312465667725s

2025-10-29 03:47:53,285 | INFO | Training epoch 281, Batch 1000/1000: LR=9.53e-05, Loss=1.98e-02 BER=7.18e-03 FER=1.97e-01
2025-10-29 03:47:53,336 | INFO | Epoch 281 Train Time 27.527937412261963s

2025-10-29 03:48:21,076 | INFO | Training epoch 282, Batch 1000/1000: LR=9.53e-05, Loss=1.99e-02 BER=7.25e-03 FER=1.99e-01
2025-10-29 03:48:21,145 | INFO | Epoch 282 Train Time 27.808333158493042s

2025-10-29 03:48:47,284 | INFO | Training epoch 283, Batch 1000/1000: LR=9.52e-05, Loss=1.97e-02 BER=7.21e-03 FER=1.98e-01
2025-10-29 03:48:47,332 | INFO | Epoch 283 Train Time 26.186440229415894s

2025-10-29 03:49:13,482 | INFO | Training epoch 284, Batch 1000/1000: LR=9.52e-05, Loss=1.98e-02 BER=7.22e-03 FER=1.99e-01
2025-10-29 03:49:13,531 | INFO | Epoch 284 Train Time 26.19843077659607s

2025-10-29 03:49:38,465 | INFO | Training epoch 285, Batch 1000/1000: LR=9.52e-05, Loss=1.97e-02 BER=7.16e-03 FER=1.97e-01
2025-10-29 03:49:38,505 | INFO | Epoch 285 Train Time 24.972885131835938s

2025-10-29 03:50:04,664 | INFO | Training epoch 286, Batch 1000/1000: LR=9.51e-05, Loss=1.98e-02 BER=7.20e-03 FER=1.97e-01
2025-10-29 03:50:04,711 | INFO | Epoch 286 Train Time 26.205758333206177s

2025-10-29 03:50:31,342 | INFO | Training epoch 287, Batch 1000/1000: LR=9.51e-05, Loss=1.96e-02 BER=7.14e-03 FER=1.97e-01
2025-10-29 03:50:31,388 | INFO | Epoch 287 Train Time 26.676349401474s

2025-10-29 03:50:55,402 | INFO | Training epoch 288, Batch 1000/1000: LR=9.51e-05, Loss=2.01e-02 BER=7.32e-03 FER=2.00e-01
2025-10-29 03:50:55,468 | INFO | Epoch 288 Train Time 24.079626321792603s

2025-10-29 03:51:20,845 | INFO | Training epoch 289, Batch 1000/1000: LR=9.50e-05, Loss=1.99e-02 BER=7.26e-03 FER=1.99e-01
2025-10-29 03:51:20,901 | INFO | Epoch 289 Train Time 25.432024002075195s

2025-10-29 03:51:48,372 | INFO | Training epoch 290, Batch 1000/1000: LR=9.50e-05, Loss=2.00e-02 BER=7.24e-03 FER=1.99e-01
2025-10-29 03:51:48,416 | INFO | Epoch 290 Train Time 27.514492750167847s

2025-10-29 03:52:15,057 | INFO | Training epoch 291, Batch 1000/1000: LR=9.50e-05, Loss=1.96e-02 BER=7.15e-03 FER=1.96e-01
2025-10-29 03:52:15,107 | INFO | Epoch 291 Train Time 26.689716815948486s

2025-10-29 03:52:42,290 | INFO | Training epoch 292, Batch 1000/1000: LR=9.49e-05, Loss=1.96e-02 BER=7.14e-03 FER=1.97e-01
2025-10-29 03:52:42,344 | INFO | Epoch 292 Train Time 27.235987901687622s

2025-10-29 03:53:10,382 | INFO | Training epoch 293, Batch 1000/1000: LR=9.49e-05, Loss=1.98e-02 BER=7.25e-03 FER=1.99e-01
2025-10-29 03:53:10,423 | INFO | Epoch 293 Train Time 28.078306436538696s

2025-10-29 03:53:36,444 | INFO | Training epoch 294, Batch 1000/1000: LR=9.48e-05, Loss=1.98e-02 BER=7.19e-03 FER=1.98e-01
2025-10-29 03:53:36,482 | INFO | Epoch 294 Train Time 26.058871507644653s

2025-10-29 03:54:03,130 | INFO | Training epoch 295, Batch 1000/1000: LR=9.48e-05, Loss=1.97e-02 BER=7.18e-03 FER=1.98e-01
2025-10-29 03:54:03,174 | INFO | Epoch 295 Train Time 26.69019103050232s

2025-10-29 03:54:30,239 | INFO | Training epoch 296, Batch 1000/1000: LR=9.48e-05, Loss=1.96e-02 BER=7.12e-03 FER=1.96e-01
2025-10-29 03:54:30,281 | INFO | Epoch 296 Train Time 27.106971263885498s

2025-10-29 03:54:57,715 | INFO | Training epoch 297, Batch 1000/1000: LR=9.47e-05, Loss=1.98e-02 BER=7.19e-03 FER=1.98e-01
2025-10-29 03:54:57,770 | INFO | Epoch 297 Train Time 27.487845420837402s

2025-10-29 03:55:25,474 | INFO | Training epoch 298, Batch 1000/1000: LR=9.47e-05, Loss=1.97e-02 BER=7.18e-03 FER=1.96e-01
2025-10-29 03:55:25,524 | INFO | Epoch 298 Train Time 27.754220724105835s

2025-10-29 03:55:52,048 | INFO | Training epoch 299, Batch 1000/1000: LR=9.47e-05, Loss=2.00e-02 BER=7.32e-03 FER=2.01e-01
2025-10-29 03:55:52,100 | INFO | Epoch 299 Train Time 26.575238943099976s

2025-10-29 03:56:17,688 | INFO | Training epoch 300, Batch 1000/1000: LR=9.46e-05, Loss=1.99e-02 BER=7.23e-03 FER=1.98e-01
2025-10-29 03:56:17,743 | INFO | Epoch 300 Train Time 25.642428636550903s

2025-10-29 03:56:44,898 | INFO | Training epoch 301, Batch 1000/1000: LR=9.46e-05, Loss=1.98e-02 BER=7.24e-03 FER=1.98e-01
2025-10-29 03:56:44,949 | INFO | Epoch 301 Train Time 27.20458483695984s

2025-10-29 03:57:12,071 | INFO | Training epoch 302, Batch 1000/1000: LR=9.46e-05, Loss=1.98e-02 BER=7.19e-03 FER=1.97e-01
2025-10-29 03:57:12,113 | INFO | Epoch 302 Train Time 27.163223028182983s

2025-10-29 03:57:38,352 | INFO | Training epoch 303, Batch 1000/1000: LR=9.45e-05, Loss=1.97e-02 BER=7.16e-03 FER=1.98e-01
2025-10-29 03:57:38,413 | INFO | Epoch 303 Train Time 26.300063371658325s

2025-10-29 03:58:05,501 | INFO | Training epoch 304, Batch 1000/1000: LR=9.45e-05, Loss=1.96e-02 BER=7.16e-03 FER=1.96e-01
2025-10-29 03:58:05,558 | INFO | Epoch 304 Train Time 27.144525051116943s

2025-10-29 03:58:32,161 | INFO | Training epoch 305, Batch 1000/1000: LR=9.45e-05, Loss=1.95e-02 BER=7.07e-03 FER=1.94e-01
2025-10-29 03:58:32,220 | INFO | Epoch 305 Train Time 26.660293579101562s

2025-10-29 03:58:32,220 | INFO | [P2] saving best_model (QAT) with loss 0.019502 at epoch 305
2025-10-29 03:58:59,000 | INFO | Training epoch 306, Batch 1000/1000: LR=9.44e-05, Loss=1.97e-02 BER=7.18e-03 FER=1.98e-01
2025-10-29 03:58:59,042 | INFO | Epoch 306 Train Time 26.7974636554718s

2025-10-29 03:59:25,342 | INFO | Training epoch 307, Batch 1000/1000: LR=9.44e-05, Loss=1.98e-02 BER=7.15e-03 FER=1.96e-01
2025-10-29 03:59:25,388 | INFO | Epoch 307 Train Time 26.345144987106323s

2025-10-29 03:59:52,511 | INFO | Training epoch 308, Batch 1000/1000: LR=9.44e-05, Loss=1.98e-02 BER=7.18e-03 FER=1.98e-01
2025-10-29 03:59:52,564 | INFO | Epoch 308 Train Time 27.174920320510864s

2025-10-29 04:00:19,717 | INFO | Training epoch 309, Batch 1000/1000: LR=9.43e-05, Loss=1.97e-02 BER=7.14e-03 FER=1.96e-01
2025-10-29 04:00:19,770 | INFO | Epoch 309 Train Time 27.20546269416809s

2025-10-29 04:00:45,257 | INFO | Training epoch 310, Batch 1000/1000: LR=9.43e-05, Loss=1.98e-02 BER=7.20e-03 FER=1.98e-01
2025-10-29 04:00:45,310 | INFO | Epoch 310 Train Time 25.539618730545044s

2025-10-29 04:01:11,871 | INFO | Training epoch 311, Batch 1000/1000: LR=9.42e-05, Loss=1.95e-02 BER=7.10e-03 FER=1.95e-01
2025-10-29 04:01:11,942 | INFO | Epoch 311 Train Time 26.63183069229126s

2025-10-29 04:01:40,075 | INFO | Training epoch 312, Batch 1000/1000: LR=9.42e-05, Loss=1.95e-02 BER=7.11e-03 FER=1.96e-01
2025-10-29 04:01:40,124 | INFO | Epoch 312 Train Time 28.18079710006714s

2025-10-29 04:01:40,124 | INFO | [P2] saving best_model (QAT) with loss 0.019461 at epoch 312
2025-10-29 04:02:08,630 | INFO | Training epoch 313, Batch 1000/1000: LR=9.42e-05, Loss=1.97e-02 BER=7.15e-03 FER=1.96e-01
2025-10-29 04:02:08,684 | INFO | Epoch 313 Train Time 28.549169778823853s

2025-10-29 04:02:35,975 | INFO | Training epoch 314, Batch 1000/1000: LR=9.41e-05, Loss=1.96e-02 BER=7.14e-03 FER=1.97e-01
2025-10-29 04:02:36,026 | INFO | Epoch 314 Train Time 27.34071397781372s

2025-10-29 04:03:02,649 | INFO | Training epoch 315, Batch 1000/1000: LR=9.41e-05, Loss=1.97e-02 BER=7.17e-03 FER=1.97e-01
2025-10-29 04:03:02,708 | INFO | Epoch 315 Train Time 26.68120265007019s

2025-10-29 04:03:29,883 | INFO | Training epoch 316, Batch 1000/1000: LR=9.41e-05, Loss=1.96e-02 BER=7.18e-03 FER=1.96e-01
2025-10-29 04:03:29,928 | INFO | Epoch 316 Train Time 27.218963623046875s

2025-10-29 04:03:57,243 | INFO | Training epoch 317, Batch 1000/1000: LR=9.40e-05, Loss=1.97e-02 BER=7.20e-03 FER=1.97e-01
2025-10-29 04:03:57,308 | INFO | Epoch 317 Train Time 27.3798086643219s

2025-10-29 04:04:22,416 | INFO | Training epoch 318, Batch 1000/1000: LR=9.40e-05, Loss=1.97e-02 BER=7.19e-03 FER=1.97e-01
2025-10-29 04:04:22,468 | INFO | Epoch 318 Train Time 25.159409523010254s

2025-10-29 04:04:49,110 | INFO | Training epoch 319, Batch 1000/1000: LR=9.40e-05, Loss=1.98e-02 BER=7.25e-03 FER=1.98e-01
2025-10-29 04:04:49,155 | INFO | Epoch 319 Train Time 26.685086965560913s

2025-10-29 04:05:16,990 | INFO | Training epoch 320, Batch 1000/1000: LR=9.39e-05, Loss=1.98e-02 BER=7.24e-03 FER=1.98e-01
2025-10-29 04:05:17,038 | INFO | Epoch 320 Train Time 27.88324761390686s

2025-10-29 04:05:44,480 | INFO | Training epoch 321, Batch 1000/1000: LR=9.39e-05, Loss=1.97e-02 BER=7.20e-03 FER=1.98e-01
2025-10-29 04:05:44,531 | INFO | Epoch 321 Train Time 27.492295742034912s

2025-10-29 04:06:12,229 | INFO | Training epoch 322, Batch 1000/1000: LR=9.38e-05, Loss=1.98e-02 BER=7.23e-03 FER=1.98e-01
2025-10-29 04:06:12,302 | INFO | Epoch 322 Train Time 27.769503355026245s

2025-10-29 04:06:38,572 | INFO | Training epoch 323, Batch 1000/1000: LR=9.38e-05, Loss=1.94e-02 BER=7.05e-03 FER=1.95e-01
2025-10-29 04:06:38,631 | INFO | Epoch 323 Train Time 26.328492403030396s

2025-10-29 04:06:38,632 | INFO | [P2] saving best_model (QAT) with loss 0.019361 at epoch 323
2025-10-29 04:07:04,512 | INFO | Training epoch 324, Batch 1000/1000: LR=9.38e-05, Loss=1.96e-02 BER=7.18e-03 FER=1.97e-01
2025-10-29 04:07:04,566 | INFO | Epoch 324 Train Time 25.922255992889404s

2025-10-29 04:07:31,829 | INFO | Training epoch 325, Batch 1000/1000: LR=9.37e-05, Loss=1.96e-02 BER=7.13e-03 FER=1.96e-01
2025-10-29 04:07:31,866 | INFO | Epoch 325 Train Time 27.298682689666748s

2025-10-29 04:07:58,985 | INFO | Training epoch 326, Batch 1000/1000: LR=9.37e-05, Loss=1.95e-02 BER=7.09e-03 FER=1.96e-01
2025-10-29 04:07:59,030 | INFO | Epoch 326 Train Time 27.163301944732666s

2025-10-29 04:08:25,558 | INFO | Training epoch 327, Batch 1000/1000: LR=9.37e-05, Loss=1.94e-02 BER=7.06e-03 FER=1.94e-01
2025-10-29 04:08:25,593 | INFO | Epoch 327 Train Time 26.56196427345276s

2025-10-29 04:08:52,949 | INFO | Training epoch 328, Batch 1000/1000: LR=9.36e-05, Loss=1.95e-02 BER=7.12e-03 FER=1.95e-01
2025-10-29 04:08:53,008 | INFO | Epoch 328 Train Time 27.414570808410645s

2025-10-29 04:09:20,866 | INFO | Training epoch 329, Batch 1000/1000: LR=9.36e-05, Loss=1.95e-02 BER=7.12e-03 FER=1.96e-01
2025-10-29 04:09:20,912 | INFO | Epoch 329 Train Time 27.903308629989624s

2025-10-29 04:09:46,887 | INFO | Training epoch 330, Batch 1000/1000: LR=9.35e-05, Loss=1.96e-02 BER=7.11e-03 FER=1.95e-01
2025-10-29 04:09:46,936 | INFO | Epoch 330 Train Time 26.023513317108154s

2025-10-29 04:10:13,032 | INFO | Training epoch 331, Batch 1000/1000: LR=9.35e-05, Loss=1.94e-02 BER=7.07e-03 FER=1.94e-01
2025-10-29 04:10:13,069 | INFO | Epoch 331 Train Time 26.13251829147339s

2025-10-29 04:10:13,070 | INFO | [P2] saving best_model (QAT) with loss 0.019358 at epoch 331
2025-10-29 04:10:40,647 | INFO | Training epoch 332, Batch 1000/1000: LR=9.35e-05, Loss=1.96e-02 BER=7.14e-03 FER=1.96e-01
2025-10-29 04:10:40,705 | INFO | Epoch 332 Train Time 27.62382197380066s

2025-10-29 04:11:07,546 | INFO | Training epoch 333, Batch 1000/1000: LR=9.34e-05, Loss=1.97e-02 BER=7.20e-03 FER=1.98e-01
2025-10-29 04:11:07,586 | INFO | Epoch 333 Train Time 26.879849195480347s

2025-10-29 04:11:35,333 | INFO | Training epoch 334, Batch 1000/1000: LR=9.34e-05, Loss=1.96e-02 BER=7.16e-03 FER=1.97e-01
2025-10-29 04:11:35,375 | INFO | Epoch 334 Train Time 27.78849506378174s

2025-10-29 04:12:01,864 | INFO | Training epoch 335, Batch 1000/1000: LR=9.33e-05, Loss=1.98e-02 BER=7.22e-03 FER=1.98e-01
2025-10-29 04:12:01,914 | INFO | Epoch 335 Train Time 26.53806710243225s

2025-10-29 04:12:28,485 | INFO | Training epoch 336, Batch 1000/1000: LR=9.33e-05, Loss=1.96e-02 BER=7.12e-03 FER=1.96e-01
2025-10-29 04:12:28,535 | INFO | Epoch 336 Train Time 26.621040105819702s

2025-10-29 04:12:56,170 | INFO | Training epoch 337, Batch 1000/1000: LR=9.33e-05, Loss=1.96e-02 BER=7.17e-03 FER=1.97e-01
2025-10-29 04:12:56,222 | INFO | Epoch 337 Train Time 27.686187982559204s

2025-10-29 04:13:22,577 | INFO | Training epoch 338, Batch 1000/1000: LR=9.32e-05, Loss=1.97e-02 BER=7.20e-03 FER=1.96e-01
2025-10-29 04:13:22,618 | INFO | Epoch 338 Train Time 26.394948959350586s

2025-10-29 04:13:50,383 | INFO | Training epoch 339, Batch 1000/1000: LR=9.32e-05, Loss=1.95e-02 BER=7.09e-03 FER=1.95e-01
2025-10-29 04:13:50,434 | INFO | Epoch 339 Train Time 27.81502604484558s

2025-10-29 04:14:16,563 | INFO | Training epoch 340, Batch 1000/1000: LR=9.31e-05, Loss=1.96e-02 BER=7.15e-03 FER=1.96e-01
2025-10-29 04:14:16,615 | INFO | Epoch 340 Train Time 26.181017637252808s

2025-10-29 04:14:43,562 | INFO | Training epoch 341, Batch 1000/1000: LR=9.31e-05, Loss=1.95e-02 BER=7.13e-03 FER=1.95e-01
2025-10-29 04:14:43,628 | INFO | Epoch 341 Train Time 27.011646270751953s

2025-10-29 04:15:10,073 | INFO | Training epoch 342, Batch 1000/1000: LR=9.31e-05, Loss=1.98e-02 BER=7.18e-03 FER=1.97e-01
2025-10-29 04:15:10,123 | INFO | Epoch 342 Train Time 26.494938850402832s

2025-10-29 04:15:38,391 | INFO | Training epoch 343, Batch 1000/1000: LR=9.30e-05, Loss=1.95e-02 BER=7.14e-03 FER=1.95e-01
2025-10-29 04:15:38,450 | INFO | Epoch 343 Train Time 28.325680255889893s

2025-10-29 04:16:05,224 | INFO | Training epoch 344, Batch 1000/1000: LR=9.30e-05, Loss=1.97e-02 BER=7.17e-03 FER=1.96e-01
2025-10-29 04:16:05,283 | INFO | Epoch 344 Train Time 26.832210302352905s

2025-10-29 04:16:32,105 | INFO | Training epoch 345, Batch 1000/1000: LR=9.29e-05, Loss=1.94e-02 BER=7.10e-03 FER=1.95e-01
2025-10-29 04:16:32,159 | INFO | Epoch 345 Train Time 26.874979734420776s

2025-10-29 04:16:58,331 | INFO | Training epoch 346, Batch 1000/1000: LR=9.29e-05, Loss=1.97e-02 BER=7.17e-03 FER=1.96e-01
2025-10-29 04:16:58,384 | INFO | Epoch 346 Train Time 26.22450304031372s

2025-10-29 04:17:26,492 | INFO | Training epoch 347, Batch 1000/1000: LR=9.29e-05, Loss=1.97e-02 BER=7.17e-03 FER=1.97e-01
2025-10-29 04:17:26,555 | INFO | Epoch 347 Train Time 28.170740842819214s

2025-10-29 04:17:54,195 | INFO | Training epoch 348, Batch 1000/1000: LR=9.28e-05, Loss=1.97e-02 BER=7.17e-03 FER=1.95e-01
2025-10-29 04:17:54,248 | INFO | Epoch 348 Train Time 27.692073583602905s

2025-10-29 04:18:21,369 | INFO | Training epoch 349, Batch 1000/1000: LR=9.28e-05, Loss=1.98e-02 BER=7.22e-03 FER=1.98e-01
2025-10-29 04:18:21,409 | INFO | Epoch 349 Train Time 27.160539388656616s

2025-10-29 04:18:48,166 | INFO | Training epoch 350, Batch 1000/1000: LR=9.27e-05, Loss=1.96e-02 BER=7.15e-03 FER=1.96e-01
2025-10-29 04:18:48,218 | INFO | Epoch 350 Train Time 26.808839559555054s

2025-10-29 04:19:15,219 | INFO | Training epoch 351, Batch 1000/1000: LR=9.27e-05, Loss=1.95e-02 BER=7.14e-03 FER=1.96e-01
2025-10-29 04:19:15,257 | INFO | Epoch 351 Train Time 27.037972927093506s

2025-10-29 04:19:43,249 | INFO | Training epoch 352, Batch 1000/1000: LR=9.27e-05, Loss=1.97e-02 BER=7.17e-03 FER=1.97e-01
2025-10-29 04:19:43,310 | INFO | Epoch 352 Train Time 28.052587747573853s

2025-10-29 04:20:08,641 | INFO | Training epoch 353, Batch 1000/1000: LR=9.26e-05, Loss=1.94e-02 BER=7.07e-03 FER=1.94e-01
2025-10-29 04:20:08,693 | INFO | Epoch 353 Train Time 25.382002353668213s

2025-10-29 04:20:36,416 | INFO | Training epoch 354, Batch 1000/1000: LR=9.26e-05, Loss=1.96e-02 BER=7.15e-03 FER=1.97e-01
2025-10-29 04:20:36,464 | INFO | Epoch 354 Train Time 27.770947217941284s

2025-10-29 04:21:03,513 | INFO | Training epoch 355, Batch 1000/1000: LR=9.25e-05, Loss=1.96e-02 BER=7.17e-03 FER=1.97e-01
2025-10-29 04:21:03,556 | INFO | Epoch 355 Train Time 27.09108829498291s

2025-10-29 04:21:30,277 | INFO | Training epoch 356, Batch 1000/1000: LR=9.25e-05, Loss=1.98e-02 BER=7.24e-03 FER=1.98e-01
2025-10-29 04:21:30,328 | INFO | Epoch 356 Train Time 26.771384239196777s

2025-10-29 04:21:57,560 | INFO | Training epoch 357, Batch 1000/1000: LR=9.25e-05, Loss=1.96e-02 BER=7.16e-03 FER=1.96e-01
2025-10-29 04:21:57,596 | INFO | Epoch 357 Train Time 27.266927242279053s

2025-10-29 04:22:24,378 | INFO | Training epoch 358, Batch 1000/1000: LR=9.24e-05, Loss=1.97e-02 BER=7.17e-03 FER=1.97e-01
2025-10-29 04:22:24,420 | INFO | Epoch 358 Train Time 26.82235336303711s

2025-10-29 04:22:51,531 | INFO | Training epoch 359, Batch 1000/1000: LR=9.24e-05, Loss=1.95e-02 BER=7.09e-03 FER=1.94e-01
2025-10-29 04:22:51,586 | INFO | Epoch 359 Train Time 27.166025161743164s

2025-10-29 04:23:18,649 | INFO | Training epoch 360, Batch 1000/1000: LR=9.23e-05, Loss=1.98e-02 BER=7.19e-03 FER=1.96e-01
2025-10-29 04:23:18,689 | INFO | Epoch 360 Train Time 27.1022367477417s

2025-10-29 04:23:45,199 | INFO | Training epoch 361, Batch 1000/1000: LR=9.23e-05, Loss=1.96e-02 BER=7.12e-03 FER=1.94e-01
2025-10-29 04:23:45,251 | INFO | Epoch 361 Train Time 26.560824632644653s

2025-10-29 04:24:11,550 | INFO | Training epoch 362, Batch 1000/1000: LR=9.23e-05, Loss=1.94e-02 BER=7.07e-03 FER=1.94e-01
2025-10-29 04:24:11,600 | INFO | Epoch 362 Train Time 26.347709894180298s

2025-10-29 04:24:38,406 | INFO | Training epoch 363, Batch 1000/1000: LR=9.22e-05, Loss=1.94e-02 BER=7.04e-03 FER=1.94e-01
2025-10-29 04:24:38,451 | INFO | Epoch 363 Train Time 26.850834131240845s

2025-10-29 04:25:05,172 | INFO | Training epoch 364, Batch 1000/1000: LR=9.22e-05, Loss=1.98e-02 BER=7.25e-03 FER=1.99e-01
2025-10-29 04:25:05,225 | INFO | Epoch 364 Train Time 26.77264165878296s

2025-10-29 04:25:31,717 | INFO | Training epoch 365, Batch 1000/1000: LR=9.21e-05, Loss=1.94e-02 BER=7.09e-03 FER=1.96e-01
2025-10-29 04:25:31,768 | INFO | Epoch 365 Train Time 26.542832851409912s

2025-10-29 04:25:58,140 | INFO | Training epoch 366, Batch 1000/1000: LR=9.21e-05, Loss=1.94e-02 BER=7.07e-03 FER=1.95e-01
2025-10-29 04:25:58,196 | INFO | Epoch 366 Train Time 26.427539825439453s

2025-10-29 04:26:25,278 | INFO | Training epoch 367, Batch 1000/1000: LR=9.20e-05, Loss=1.96e-02 BER=7.16e-03 FER=1.96e-01
2025-10-29 04:26:25,324 | INFO | Epoch 367 Train Time 27.12626600265503s

2025-10-29 04:26:52,527 | INFO | Training epoch 368, Batch 1000/1000: LR=9.20e-05, Loss=1.94e-02 BER=7.12e-03 FER=1.94e-01
2025-10-29 04:26:52,580 | INFO | Epoch 368 Train Time 27.2554349899292s

2025-10-29 04:27:20,624 | INFO | Training epoch 369, Batch 1000/1000: LR=9.20e-05, Loss=1.94e-02 BER=7.04e-03 FER=1.95e-01
2025-10-29 04:27:20,680 | INFO | Epoch 369 Train Time 28.099470138549805s

2025-10-29 04:27:47,399 | INFO | Training epoch 370, Batch 1000/1000: LR=9.19e-05, Loss=1.94e-02 BER=7.09e-03 FER=1.94e-01
2025-10-29 04:27:47,443 | INFO | Epoch 370 Train Time 26.76235842704773s

2025-10-29 04:28:14,312 | INFO | Training epoch 371, Batch 1000/1000: LR=9.19e-05, Loss=1.99e-02 BER=7.22e-03 FER=1.97e-01
2025-10-29 04:28:14,351 | INFO | Epoch 371 Train Time 26.9067165851593s

2025-10-29 04:28:41,431 | INFO | Training epoch 372, Batch 1000/1000: LR=9.18e-05, Loss=1.95e-02 BER=7.09e-03 FER=1.96e-01
2025-10-29 04:28:41,475 | INFO | Epoch 372 Train Time 27.12379240989685s

2025-10-29 04:29:09,369 | INFO | Training epoch 373, Batch 1000/1000: LR=9.18e-05, Loss=1.96e-02 BER=7.17e-03 FER=1.97e-01
2025-10-29 04:29:09,418 | INFO | Epoch 373 Train Time 27.94172215461731s

2025-10-29 04:29:36,189 | INFO | Training epoch 374, Batch 1000/1000: LR=9.17e-05, Loss=1.96e-02 BER=7.16e-03 FER=1.95e-01
2025-10-29 04:29:36,226 | INFO | Epoch 374 Train Time 26.80773138999939s

2025-10-29 04:30:04,089 | INFO | Training epoch 375, Batch 1000/1000: LR=9.17e-05, Loss=1.96e-02 BER=7.14e-03 FER=1.95e-01
2025-10-29 04:30:04,158 | INFO | Epoch 375 Train Time 27.931312084197998s

2025-10-29 04:30:33,008 | INFO | Training epoch 376, Batch 1000/1000: LR=9.17e-05, Loss=1.96e-02 BER=7.18e-03 FER=1.96e-01
2025-10-29 04:30:33,048 | INFO | Epoch 376 Train Time 28.888834714889526s

2025-10-29 04:31:00,591 | INFO | Training epoch 377, Batch 1000/1000: LR=9.16e-05, Loss=1.96e-02 BER=7.17e-03 FER=1.95e-01
2025-10-29 04:31:00,649 | INFO | Epoch 377 Train Time 27.599536180496216s

2025-10-29 04:31:26,748 | INFO | Training epoch 378, Batch 1000/1000: LR=9.16e-05, Loss=1.96e-02 BER=7.14e-03 FER=1.95e-01
2025-10-29 04:31:26,815 | INFO | Epoch 378 Train Time 26.166138887405396s

2025-10-29 04:31:53,275 | INFO | Training epoch 379, Batch 1000/1000: LR=9.15e-05, Loss=1.97e-02 BER=7.20e-03 FER=1.96e-01
2025-10-29 04:31:53,324 | INFO | Epoch 379 Train Time 26.507534503936768s

2025-10-29 04:32:20,703 | INFO | Training epoch 380, Batch 1000/1000: LR=9.15e-05, Loss=1.95e-02 BER=7.04e-03 FER=1.93e-01
2025-10-29 04:32:20,755 | INFO | Epoch 380 Train Time 27.43089199066162s

2025-10-29 04:32:47,449 | INFO | Training epoch 381, Batch 1000/1000: LR=9.14e-05, Loss=1.93e-02 BER=7.01e-03 FER=1.93e-01
2025-10-29 04:32:47,500 | INFO | Epoch 381 Train Time 26.744032382965088s

2025-10-29 04:32:47,500 | INFO | [P2] saving best_model (QAT) with loss 0.019338 at epoch 381
2025-10-29 04:33:12,814 | INFO | Training epoch 382, Batch 1000/1000: LR=9.14e-05, Loss=1.94e-02 BER=7.11e-03 FER=1.95e-01
2025-10-29 04:33:12,884 | INFO | Epoch 382 Train Time 25.37103772163391s

2025-10-29 04:33:39,453 | INFO | Training epoch 383, Batch 1000/1000: LR=9.14e-05, Loss=1.96e-02 BER=7.13e-03 FER=1.96e-01
2025-10-29 04:33:39,511 | INFO | Epoch 383 Train Time 26.62715196609497s

2025-10-29 04:34:04,654 | INFO | Training epoch 384, Batch 1000/1000: LR=9.13e-05, Loss=1.96e-02 BER=7.13e-03 FER=1.96e-01
2025-10-29 04:34:04,692 | INFO | Epoch 384 Train Time 25.179969549179077s

2025-10-29 04:34:30,713 | INFO | Training epoch 385, Batch 1000/1000: LR=9.13e-05, Loss=1.94e-02 BER=7.05e-03 FER=1.93e-01
2025-10-29 04:34:30,780 | INFO | Epoch 385 Train Time 26.087878465652466s

2025-10-29 04:34:56,847 | INFO | Training epoch 386, Batch 1000/1000: LR=9.12e-05, Loss=1.99e-02 BER=7.24e-03 FER=1.97e-01
2025-10-29 04:34:56,907 | INFO | Epoch 386 Train Time 26.125847816467285s

2025-10-29 04:35:24,632 | INFO | Training epoch 387, Batch 1000/1000: LR=9.12e-05, Loss=1.96e-02 BER=7.13e-03 FER=1.95e-01
2025-10-29 04:35:24,683 | INFO | Epoch 387 Train Time 27.77393651008606s

2025-10-29 04:35:50,988 | INFO | Training epoch 388, Batch 1000/1000: LR=9.11e-05, Loss=1.95e-02 BER=7.09e-03 FER=1.94e-01
2025-10-29 04:35:51,034 | INFO | Epoch 388 Train Time 26.34972620010376s

2025-10-29 04:36:17,850 | INFO | Training epoch 389, Batch 1000/1000: LR=9.11e-05, Loss=1.98e-02 BER=7.22e-03 FER=1.98e-01
2025-10-29 04:36:17,906 | INFO | Epoch 389 Train Time 26.871016263961792s

2025-10-29 04:36:45,984 | INFO | Training epoch 390, Batch 1000/1000: LR=9.10e-05, Loss=1.96e-02 BER=7.12e-03 FER=1.95e-01
2025-10-29 04:36:46,024 | INFO | Epoch 390 Train Time 28.117183923721313s

2025-10-29 04:37:15,380 | INFO | Training epoch 391, Batch 1000/1000: LR=9.10e-05, Loss=1.96e-02 BER=7.13e-03 FER=1.96e-01
2025-10-29 04:37:15,428 | INFO | Epoch 391 Train Time 29.403515100479126s

2025-10-29 04:37:43,312 | INFO | Training epoch 392, Batch 1000/1000: LR=9.10e-05, Loss=1.97e-02 BER=7.14e-03 FER=1.96e-01
2025-10-29 04:37:43,366 | INFO | Epoch 392 Train Time 27.937731742858887s

2025-10-29 04:38:10,165 | INFO | Training epoch 393, Batch 1000/1000: LR=9.09e-05, Loss=1.95e-02 BER=7.06e-03 FER=1.94e-01
2025-10-29 04:38:10,218 | INFO | Epoch 393 Train Time 26.851152420043945s

2025-10-29 04:38:38,177 | INFO | Training epoch 394, Batch 1000/1000: LR=9.09e-05, Loss=1.96e-02 BER=7.16e-03 FER=1.96e-01
2025-10-29 04:38:38,216 | INFO | Epoch 394 Train Time 27.997086763381958s

2025-10-29 04:39:05,222 | INFO | Training epoch 395, Batch 1000/1000: LR=9.08e-05, Loss=1.93e-02 BER=7.07e-03 FER=1.95e-01
2025-10-29 04:39:05,258 | INFO | Epoch 395 Train Time 27.04133653640747s

2025-10-29 04:39:05,258 | INFO | [P2] saving best_model (QAT) with loss 0.019336 at epoch 395
2025-10-29 04:39:32,962 | INFO | Training epoch 396, Batch 1000/1000: LR=9.08e-05, Loss=1.95e-02 BER=7.09e-03 FER=1.95e-01
2025-10-29 04:39:33,012 | INFO | Epoch 396 Train Time 27.74234628677368s

2025-10-29 04:40:01,386 | INFO | Training epoch 397, Batch 1000/1000: LR=9.07e-05, Loss=1.95e-02 BER=7.07e-03 FER=1.94e-01
2025-10-29 04:40:01,429 | INFO | Epoch 397 Train Time 28.416674852371216s

2025-10-29 04:40:26,606 | INFO | Training epoch 398, Batch 1000/1000: LR=9.07e-05, Loss=1.95e-02 BER=7.16e-03 FER=1.95e-01
2025-10-29 04:40:26,657 | INFO | Epoch 398 Train Time 25.227118968963623s

2025-10-29 04:40:54,600 | INFO | Training epoch 399, Batch 1000/1000: LR=9.06e-05, Loss=1.95e-02 BER=7.10e-03 FER=1.95e-01
2025-10-29 04:40:54,655 | INFO | Epoch 399 Train Time 27.99812150001526s

2025-10-29 04:41:21,429 | INFO | Training epoch 400, Batch 1000/1000: LR=9.06e-05, Loss=1.93e-02 BER=7.03e-03 FER=1.93e-01
2025-10-29 04:41:21,477 | INFO | Epoch 400 Train Time 26.820934772491455s

2025-10-29 04:41:21,478 | INFO | [P2] saving best_model (QAT) with loss 0.019291 at epoch 400
2025-10-29 04:41:47,321 | INFO | Training epoch 401, Batch 1000/1000: LR=9.05e-05, Loss=1.95e-02 BER=7.09e-03 FER=1.94e-01
2025-10-29 04:41:47,370 | INFO | Epoch 401 Train Time 25.87630867958069s

2025-10-29 04:42:12,267 | INFO | Training epoch 402, Batch 1000/1000: LR=9.05e-05, Loss=1.95e-02 BER=7.10e-03 FER=1.94e-01
2025-10-29 04:42:12,324 | INFO | Epoch 402 Train Time 24.953455686569214s

2025-10-29 04:42:38,577 | INFO | Training epoch 403, Batch 1000/1000: LR=9.05e-05, Loss=1.96e-02 BER=7.13e-03 FER=1.96e-01
2025-10-29 04:42:38,625 | INFO | Epoch 403 Train Time 26.30058741569519s

2025-10-29 04:43:03,756 | INFO | Training epoch 404, Batch 1000/1000: LR=9.04e-05, Loss=1.95e-02 BER=7.11e-03 FER=1.95e-01
2025-10-29 04:43:03,810 | INFO | Epoch 404 Train Time 25.18478536605835s

2025-10-29 04:43:29,877 | INFO | Training epoch 405, Batch 1000/1000: LR=9.04e-05, Loss=1.93e-02 BER=7.04e-03 FER=1.93e-01
2025-10-29 04:43:29,923 | INFO | Epoch 405 Train Time 26.11250615119934s

2025-10-29 04:43:54,367 | INFO | Training epoch 406, Batch 1000/1000: LR=9.03e-05, Loss=1.97e-02 BER=7.18e-03 FER=1.98e-01
2025-10-29 04:43:54,417 | INFO | Epoch 406 Train Time 24.49272918701172s

2025-10-29 04:44:20,096 | INFO | Training epoch 407, Batch 1000/1000: LR=9.03e-05, Loss=1.98e-02 BER=7.19e-03 FER=1.97e-01
2025-10-29 04:44:20,151 | INFO | Epoch 407 Train Time 25.73368263244629s

2025-10-29 04:44:46,910 | INFO | Training epoch 408, Batch 1000/1000: LR=9.02e-05, Loss=1.93e-02 BER=7.08e-03 FER=1.95e-01
2025-10-29 04:44:46,984 | INFO | Epoch 408 Train Time 26.832683324813843s

2025-10-29 04:45:13,640 | INFO | Training epoch 409, Batch 1000/1000: LR=9.02e-05, Loss=1.96e-02 BER=7.13e-03 FER=1.96e-01
2025-10-29 04:45:13,678 | INFO | Epoch 409 Train Time 26.69307017326355s

2025-10-29 04:45:39,459 | INFO | Training epoch 410, Batch 1000/1000: LR=9.01e-05, Loss=1.94e-02 BER=7.07e-03 FER=1.95e-01
2025-10-29 04:45:39,513 | INFO | Epoch 410 Train Time 25.833841562271118s

2025-10-29 04:46:06,397 | INFO | Training epoch 411, Batch 1000/1000: LR=9.01e-05, Loss=1.95e-02 BER=7.10e-03 FER=1.94e-01
2025-10-29 04:46:06,446 | INFO | Epoch 411 Train Time 26.932687759399414s

2025-10-29 04:46:32,229 | INFO | Training epoch 412, Batch 1000/1000: LR=9.00e-05, Loss=1.97e-02 BER=7.18e-03 FER=1.97e-01
2025-10-29 04:46:32,288 | INFO | Epoch 412 Train Time 25.84136962890625s

2025-10-29 04:46:58,466 | INFO | Training epoch 413, Batch 1000/1000: LR=9.00e-05, Loss=1.96e-02 BER=7.12e-03 FER=1.95e-01
2025-10-29 04:46:58,516 | INFO | Epoch 413 Train Time 26.22757077217102s

2025-10-29 04:47:25,344 | INFO | Training epoch 414, Batch 1000/1000: LR=8.99e-05, Loss=1.95e-02 BER=7.11e-03 FER=1.95e-01
2025-10-29 04:47:25,399 | INFO | Epoch 414 Train Time 26.882433891296387s

2025-10-29 04:47:50,868 | INFO | Training epoch 415, Batch 1000/1000: LR=8.99e-05, Loss=1.95e-02 BER=7.08e-03 FER=1.94e-01
2025-10-29 04:47:50,932 | INFO | Epoch 415 Train Time 25.532021284103394s

2025-10-29 04:48:16,549 | INFO | Training epoch 416, Batch 1000/1000: LR=8.98e-05, Loss=1.96e-02 BER=7.11e-03 FER=1.94e-01
2025-10-29 04:48:16,613 | INFO | Epoch 416 Train Time 25.680573225021362s

2025-10-29 04:48:42,145 | INFO | Training epoch 417, Batch 1000/1000: LR=8.98e-05, Loss=1.95e-02 BER=7.11e-03 FER=1.95e-01
2025-10-29 04:48:42,192 | INFO | Epoch 417 Train Time 25.57872223854065s

2025-10-29 04:49:07,526 | INFO | Training epoch 418, Batch 1000/1000: LR=8.98e-05, Loss=1.95e-02 BER=7.09e-03 FER=1.94e-01
2025-10-29 04:49:07,579 | INFO | Epoch 418 Train Time 25.3858003616333s

2025-10-29 04:49:33,331 | INFO | Training epoch 419, Batch 1000/1000: LR=8.97e-05, Loss=1.96e-02 BER=7.13e-03 FER=1.97e-01
2025-10-29 04:49:33,370 | INFO | Epoch 419 Train Time 25.790480375289917s

2025-10-29 04:49:59,785 | INFO | Training epoch 420, Batch 1000/1000: LR=8.97e-05, Loss=1.98e-02 BER=7.24e-03 FER=1.97e-01
2025-10-29 04:49:59,838 | INFO | Epoch 420 Train Time 26.467514514923096s

2025-10-29 04:50:26,334 | INFO | Training epoch 421, Batch 1000/1000: LR=8.96e-05, Loss=1.95e-02 BER=7.12e-03 FER=1.95e-01
2025-10-29 04:50:26,395 | INFO | Epoch 421 Train Time 26.55595898628235s

2025-10-29 04:50:52,311 | INFO | Training epoch 422, Batch 1000/1000: LR=8.96e-05, Loss=1.94e-02 BER=7.07e-03 FER=1.95e-01
2025-10-29 04:50:52,362 | INFO | Epoch 422 Train Time 25.966589212417603s

2025-10-29 04:51:18,538 | INFO | Training epoch 423, Batch 1000/1000: LR=8.95e-05, Loss=1.95e-02 BER=7.15e-03 FER=1.96e-01
2025-10-29 04:51:18,608 | INFO | Epoch 423 Train Time 26.244911193847656s

2025-10-29 04:51:45,671 | INFO | Training epoch 424, Batch 1000/1000: LR=8.95e-05, Loss=1.95e-02 BER=7.12e-03 FER=1.94e-01
2025-10-29 04:51:45,738 | INFO | Epoch 424 Train Time 27.128029584884644s

2025-10-29 04:52:10,329 | INFO | Training epoch 425, Batch 1000/1000: LR=8.94e-05, Loss=1.94e-02 BER=7.06e-03 FER=1.95e-01
2025-10-29 04:52:10,381 | INFO | Epoch 425 Train Time 24.6419780254364s

2025-10-29 04:52:34,946 | INFO | Training epoch 426, Batch 1000/1000: LR=8.94e-05, Loss=1.95e-02 BER=7.12e-03 FER=1.94e-01
2025-10-29 04:52:35,000 | INFO | Epoch 426 Train Time 24.61889958381653s

2025-10-29 04:52:59,003 | INFO | Training epoch 427, Batch 1000/1000: LR=8.93e-05, Loss=1.96e-02 BER=7.18e-03 FER=1.97e-01
2025-10-29 04:52:59,051 | INFO | Epoch 427 Train Time 24.050342082977295s

2025-10-29 04:53:25,352 | INFO | Training epoch 428, Batch 1000/1000: LR=8.93e-05, Loss=1.95e-02 BER=7.14e-03 FER=1.95e-01
2025-10-29 04:53:25,414 | INFO | Epoch 428 Train Time 26.362342357635498s

2025-10-29 04:53:52,557 | INFO | Training epoch 429, Batch 1000/1000: LR=8.92e-05, Loss=1.97e-02 BER=7.18e-03 FER=1.97e-01
2025-10-29 04:53:52,616 | INFO | Epoch 429 Train Time 27.201931953430176s

2025-10-29 04:54:18,116 | INFO | Training epoch 430, Batch 1000/1000: LR=8.92e-05, Loss=1.93e-02 BER=7.04e-03 FER=1.92e-01
2025-10-29 04:54:18,173 | INFO | Epoch 430 Train Time 25.555978536605835s

2025-10-29 04:54:18,174 | INFO | [P2] saving best_model (QAT) with loss 0.019283 at epoch 430
2025-10-29 04:54:44,825 | INFO | Training epoch 431, Batch 1000/1000: LR=8.91e-05, Loss=1.94e-02 BER=7.05e-03 FER=1.94e-01
2025-10-29 04:54:44,871 | INFO | Epoch 431 Train Time 26.68739652633667s

2025-10-29 04:55:11,151 | INFO | Training epoch 432, Batch 1000/1000: LR=8.91e-05, Loss=1.94e-02 BER=7.10e-03 FER=1.95e-01
2025-10-29 04:55:11,216 | INFO | Epoch 432 Train Time 26.34457802772522s

2025-10-29 04:55:36,815 | INFO | Training epoch 433, Batch 1000/1000: LR=8.90e-05, Loss=1.93e-02 BER=7.07e-03 FER=1.94e-01
2025-10-29 04:55:36,874 | INFO | Epoch 433 Train Time 25.656825304031372s

2025-10-29 04:56:02,282 | INFO | Training epoch 434, Batch 1000/1000: LR=8.90e-05, Loss=1.94e-02 BER=7.10e-03 FER=1.94e-01
2025-10-29 04:56:02,326 | INFO | Epoch 434 Train Time 25.451542139053345s

2025-10-29 04:56:27,105 | INFO | Training epoch 435, Batch 1000/1000: LR=8.89e-05, Loss=1.95e-02 BER=7.12e-03 FER=1.95e-01
2025-10-29 04:56:27,151 | INFO | Epoch 435 Train Time 24.82347321510315s

2025-10-29 04:56:52,463 | INFO | Training epoch 436, Batch 1000/1000: LR=8.89e-05, Loss=1.95e-02 BER=7.14e-03 FER=1.95e-01
2025-10-29 04:56:52,519 | INFO | Epoch 436 Train Time 25.366992235183716s

2025-10-29 04:57:18,819 | INFO | Training epoch 437, Batch 1000/1000: LR=8.88e-05, Loss=1.92e-02 BER=7.01e-03 FER=1.93e-01
2025-10-29 04:57:18,861 | INFO | Epoch 437 Train Time 26.341594457626343s

2025-10-29 04:57:18,861 | INFO | [P2] saving best_model (QAT) with loss 0.019204 at epoch 437
2025-10-29 04:57:45,163 | INFO | Training epoch 438, Batch 1000/1000: LR=8.88e-05, Loss=1.95e-02 BER=7.12e-03 FER=1.94e-01
2025-10-29 04:57:45,215 | INFO | Epoch 438 Train Time 26.342177152633667s

2025-10-29 04:58:10,424 | INFO | Training epoch 439, Batch 1000/1000: LR=8.87e-05, Loss=1.93e-02 BER=7.01e-03 FER=1.92e-01
2025-10-29 04:58:10,473 | INFO | Epoch 439 Train Time 25.25749683380127s

2025-10-29 04:58:36,446 | INFO | Training epoch 440, Batch 1000/1000: LR=8.87e-05, Loss=1.97e-02 BER=7.16e-03 FER=1.97e-01
2025-10-29 04:58:36,496 | INFO | Epoch 440 Train Time 26.022555351257324s

2025-10-29 04:59:02,666 | INFO | Training epoch 441, Batch 1000/1000: LR=8.86e-05, Loss=1.95e-02 BER=7.08e-03 FER=1.94e-01
2025-10-29 04:59:02,716 | INFO | Epoch 441 Train Time 26.219889402389526s

2025-10-29 04:59:30,043 | INFO | Training epoch 442, Batch 1000/1000: LR=8.86e-05, Loss=1.95e-02 BER=7.12e-03 FER=1.95e-01
2025-10-29 04:59:30,103 | INFO | Epoch 442 Train Time 27.38663911819458s

2025-10-29 04:59:58,186 | INFO | Training epoch 443, Batch 1000/1000: LR=8.85e-05, Loss=1.94e-02 BER=7.07e-03 FER=1.94e-01
2025-10-29 04:59:58,245 | INFO | Epoch 443 Train Time 28.141115188598633s

2025-10-29 05:00:24,179 | INFO | Training epoch 444, Batch 1000/1000: LR=8.85e-05, Loss=1.96e-02 BER=7.14e-03 FER=1.95e-01
2025-10-29 05:00:24,223 | INFO | Epoch 444 Train Time 25.976961374282837s

2025-10-29 05:00:49,160 | INFO | Training epoch 445, Batch 1000/1000: LR=8.84e-05, Loss=1.95e-02 BER=7.07e-03 FER=1.95e-01
2025-10-29 05:00:49,216 | INFO | Epoch 445 Train Time 24.99316906929016s

2025-10-29 05:01:14,438 | INFO | Training epoch 446, Batch 1000/1000: LR=8.84e-05, Loss=1.96e-02 BER=7.18e-03 FER=1.95e-01
2025-10-29 05:01:14,487 | INFO | Epoch 446 Train Time 25.26896905899048s

2025-10-29 05:01:41,105 | INFO | Training epoch 447, Batch 1000/1000: LR=8.83e-05, Loss=1.93e-02 BER=7.03e-03 FER=1.93e-01
2025-10-29 05:01:41,170 | INFO | Epoch 447 Train Time 26.682777881622314s

2025-10-29 05:02:08,124 | INFO | Training epoch 448, Batch 1000/1000: LR=8.83e-05, Loss=1.97e-02 BER=7.15e-03 FER=1.96e-01
2025-10-29 05:02:08,170 | INFO | Epoch 448 Train Time 26.9985511302948s

2025-10-29 05:02:34,687 | INFO | Training epoch 449, Batch 1000/1000: LR=8.82e-05, Loss=1.94e-02 BER=7.12e-03 FER=1.94e-01
2025-10-29 05:02:34,735 | INFO | Epoch 449 Train Time 26.565050840377808s

2025-10-29 05:03:00,522 | INFO | Training epoch 450, Batch 1000/1000: LR=8.82e-05, Loss=1.93e-02 BER=7.04e-03 FER=1.94e-01
2025-10-29 05:03:00,581 | INFO | Epoch 450 Train Time 25.844504594802856s

2025-10-29 05:03:25,842 | INFO | Training epoch 451, Batch 1000/1000: LR=8.81e-05, Loss=1.94e-02 BER=7.07e-03 FER=1.94e-01
2025-10-29 05:03:25,894 | INFO | Epoch 451 Train Time 25.31344223022461s

2025-10-29 05:03:50,629 | INFO | Training epoch 452, Batch 1000/1000: LR=8.81e-05, Loss=1.95e-02 BER=7.13e-03 FER=1.95e-01
2025-10-29 05:03:50,685 | INFO | Epoch 452 Train Time 24.79004955291748s

2025-10-29 05:04:15,719 | INFO | Training epoch 453, Batch 1000/1000: LR=8.80e-05, Loss=1.93e-02 BER=7.04e-03 FER=1.94e-01
2025-10-29 05:04:15,783 | INFO | Epoch 453 Train Time 25.097245931625366s

2025-10-29 05:04:42,150 | INFO | Training epoch 454, Batch 1000/1000: LR=8.80e-05, Loss=1.92e-02 BER=7.01e-03 FER=1.93e-01
2025-10-29 05:04:42,219 | INFO | Epoch 454 Train Time 26.434012413024902s

2025-10-29 05:05:07,899 | INFO | Training epoch 455, Batch 1000/1000: LR=8.79e-05, Loss=1.95e-02 BER=7.11e-03 FER=1.93e-01
2025-10-29 05:05:07,937 | INFO | Epoch 455 Train Time 25.718016624450684s

2025-10-29 05:05:36,433 | INFO | Training epoch 456, Batch 1000/1000: LR=8.79e-05, Loss=1.95e-02 BER=7.11e-03 FER=1.94e-01
2025-10-29 05:05:36,495 | INFO | Epoch 456 Train Time 28.557026147842407s

2025-10-29 05:06:04,292 | INFO | Training epoch 457, Batch 1000/1000: LR=8.78e-05, Loss=1.93e-02 BER=7.06e-03 FER=1.94e-01
2025-10-29 05:06:04,339 | INFO | Epoch 457 Train Time 27.84410548210144s

2025-10-29 05:06:30,572 | INFO | Training epoch 458, Batch 1000/1000: LR=8.78e-05, Loss=1.94e-02 BER=7.10e-03 FER=1.94e-01
2025-10-29 05:06:30,626 | INFO | Epoch 458 Train Time 26.285802364349365s

2025-10-29 05:06:56,553 | INFO | Training epoch 459, Batch 1000/1000: LR=8.77e-05, Loss=1.93e-02 BER=7.07e-03 FER=1.95e-01
2025-10-29 05:06:56,611 | INFO | Epoch 459 Train Time 25.984113693237305s

2025-10-29 05:07:22,766 | INFO | Training epoch 460, Batch 1000/1000: LR=8.77e-05, Loss=1.95e-02 BER=7.15e-03 FER=1.95e-01
2025-10-29 05:07:22,817 | INFO | Epoch 460 Train Time 26.20618963241577s

2025-10-29 05:07:49,879 | INFO | Training epoch 461, Batch 1000/1000: LR=8.76e-05, Loss=1.94e-02 BER=7.11e-03 FER=1.94e-01
2025-10-29 05:07:49,927 | INFO | Epoch 461 Train Time 27.108893156051636s

2025-10-29 05:08:17,244 | INFO | Training epoch 462, Batch 1000/1000: LR=8.76e-05, Loss=1.93e-02 BER=7.00e-03 FER=1.92e-01
2025-10-29 05:08:17,305 | INFO | Epoch 462 Train Time 27.377318382263184s

2025-10-29 05:08:42,496 | INFO | Training epoch 463, Batch 1000/1000: LR=8.75e-05, Loss=1.94e-02 BER=7.03e-03 FER=1.92e-01
2025-10-29 05:08:42,539 | INFO | Epoch 463 Train Time 25.233312368392944s

2025-10-29 05:09:09,494 | INFO | Training epoch 464, Batch 1000/1000: LR=8.75e-05, Loss=1.93e-02 BER=7.01e-03 FER=1.93e-01
2025-10-29 05:09:09,544 | INFO | Epoch 464 Train Time 27.004870653152466s

2025-10-29 05:09:35,568 | INFO | Training epoch 465, Batch 1000/1000: LR=8.74e-05, Loss=1.94e-02 BER=7.05e-03 FER=1.94e-01
2025-10-29 05:09:35,605 | INFO | Epoch 465 Train Time 26.06052541732788s

2025-10-29 05:10:01,185 | INFO | Training epoch 466, Batch 1000/1000: LR=8.74e-05, Loss=1.95e-02 BER=7.07e-03 FER=1.93e-01
2025-10-29 05:10:01,244 | INFO | Epoch 466 Train Time 25.638559103012085s

2025-10-29 05:10:28,381 | INFO | Training epoch 467, Batch 1000/1000: LR=8.73e-05, Loss=1.93e-02 BER=7.03e-03 FER=1.93e-01
2025-10-29 05:10:28,435 | INFO | Epoch 467 Train Time 27.18941569328308s

2025-10-29 05:10:55,019 | INFO | Training epoch 468, Batch 1000/1000: LR=8.73e-05, Loss=1.95e-02 BER=7.11e-03 FER=1.94e-01
2025-10-29 05:10:55,070 | INFO | Epoch 468 Train Time 26.633820056915283s

2025-10-29 05:11:22,525 | INFO | Training epoch 469, Batch 1000/1000: LR=8.72e-05, Loss=1.93e-02 BER=7.01e-03 FER=1.91e-01
2025-10-29 05:11:22,572 | INFO | Epoch 469 Train Time 27.501330375671387s

2025-10-29 05:11:47,699 | INFO | Training epoch 470, Batch 1000/1000: LR=8.72e-05, Loss=1.93e-02 BER=7.03e-03 FER=1.93e-01
2025-10-29 05:11:47,771 | INFO | Epoch 470 Train Time 25.199309587478638s

2025-10-29 05:12:13,860 | INFO | Training epoch 471, Batch 1000/1000: LR=8.71e-05, Loss=1.93e-02 BER=7.03e-03 FER=1.92e-01
2025-10-29 05:12:13,921 | INFO | Epoch 471 Train Time 26.149364471435547s

2025-10-29 05:12:38,818 | INFO | Training epoch 472, Batch 1000/1000: LR=8.71e-05, Loss=1.97e-02 BER=7.18e-03 FER=1.96e-01
2025-10-29 05:12:38,888 | INFO | Epoch 472 Train Time 24.96657133102417s

2025-10-29 05:13:05,502 | INFO | Training epoch 473, Batch 1000/1000: LR=8.70e-05, Loss=1.94e-02 BER=7.08e-03 FER=1.94e-01
2025-10-29 05:13:05,562 | INFO | Epoch 473 Train Time 26.672155141830444s

2025-10-29 05:13:31,717 | INFO | Training epoch 474, Batch 1000/1000: LR=8.70e-05, Loss=1.96e-02 BER=7.18e-03 FER=1.96e-01
2025-10-29 05:13:31,764 | INFO | Epoch 474 Train Time 26.201878309249878s

2025-10-29 05:13:57,969 | INFO | Training epoch 475, Batch 1000/1000: LR=8.69e-05, Loss=1.94e-02 BER=7.09e-03 FER=1.95e-01
2025-10-29 05:13:58,030 | INFO | Epoch 475 Train Time 26.264668226242065s

2025-10-29 05:14:24,908 | INFO | Training epoch 476, Batch 1000/1000: LR=8.68e-05, Loss=1.96e-02 BER=7.12e-03 FER=1.95e-01
2025-10-29 05:14:24,944 | INFO | Epoch 476 Train Time 26.91419267654419s

2025-10-29 05:14:50,598 | INFO | Training epoch 477, Batch 1000/1000: LR=8.68e-05, Loss=1.93e-02 BER=7.03e-03 FER=1.91e-01
2025-10-29 05:14:50,650 | INFO | Epoch 477 Train Time 25.704800605773926s

2025-10-29 05:15:15,277 | INFO | Training epoch 478, Batch 1000/1000: LR=8.67e-05, Loss=1.93e-02 BER=7.05e-03 FER=1.92e-01
2025-10-29 05:15:15,337 | INFO | Epoch 478 Train Time 24.68713140487671s

2025-10-29 05:15:41,780 | INFO | Training epoch 479, Batch 1000/1000: LR=8.67e-05, Loss=1.96e-02 BER=7.16e-03 FER=1.95e-01
2025-10-29 05:15:41,842 | INFO | Epoch 479 Train Time 26.503572463989258s

2025-10-29 05:16:07,358 | INFO | Training epoch 480, Batch 1000/1000: LR=8.66e-05, Loss=1.92e-02 BER=7.00e-03 FER=1.93e-01
2025-10-29 05:16:07,420 | INFO | Epoch 480 Train Time 25.577391386032104s

2025-10-29 05:16:32,737 | INFO | Training epoch 481, Batch 1000/1000: LR=8.66e-05, Loss=1.95e-02 BER=7.11e-03 FER=1.93e-01
2025-10-29 05:16:32,793 | INFO | Epoch 481 Train Time 25.373143672943115s

2025-10-29 05:16:57,322 | INFO | Training epoch 482, Batch 1000/1000: LR=8.65e-05, Loss=1.95e-02 BER=7.11e-03 FER=1.94e-01
2025-10-29 05:16:57,371 | INFO | Epoch 482 Train Time 24.57713484764099s

2025-10-29 05:17:23,074 | INFO | Training epoch 483, Batch 1000/1000: LR=8.65e-05, Loss=1.94e-02 BER=7.06e-03 FER=1.94e-01
2025-10-29 05:17:23,133 | INFO | Epoch 483 Train Time 25.761656761169434s

2025-10-29 05:17:49,582 | INFO | Training epoch 484, Batch 1000/1000: LR=8.64e-05, Loss=1.91e-02 BER=6.97e-03 FER=1.92e-01
2025-10-29 05:17:49,633 | INFO | Epoch 484 Train Time 26.49952006340027s

2025-10-29 05:17:49,633 | INFO | [P2] saving best_model (QAT) with loss 0.019113 at epoch 484
2025-10-29 05:18:16,196 | INFO | Training epoch 485, Batch 1000/1000: LR=8.64e-05, Loss=1.95e-02 BER=7.10e-03 FER=1.94e-01
2025-10-29 05:18:16,261 | INFO | Epoch 485 Train Time 26.6159930229187s

2025-10-29 05:18:42,715 | INFO | Training epoch 486, Batch 1000/1000: LR=8.63e-05, Loss=1.97e-02 BER=7.14e-03 FER=1.95e-01
2025-10-29 05:18:42,770 | INFO | Epoch 486 Train Time 26.50844645500183s

2025-10-29 05:19:08,619 | INFO | Training epoch 487, Batch 1000/1000: LR=8.63e-05, Loss=1.95e-02 BER=7.07e-03 FER=1.95e-01
2025-10-29 05:19:08,663 | INFO | Epoch 487 Train Time 25.89172101020813s

2025-10-29 05:19:36,135 | INFO | Training epoch 488, Batch 1000/1000: LR=8.62e-05, Loss=1.94e-02 BER=7.06e-03 FER=1.94e-01
2025-10-29 05:19:36,191 | INFO | Epoch 488 Train Time 27.527952909469604s

2025-10-29 05:20:02,475 | INFO | Training epoch 489, Batch 1000/1000: LR=8.62e-05, Loss=1.96e-02 BER=7.11e-03 FER=1.93e-01
2025-10-29 05:20:02,530 | INFO | Epoch 489 Train Time 26.33774185180664s

2025-10-29 05:20:29,282 | INFO | Training epoch 490, Batch 1000/1000: LR=8.61e-05, Loss=1.94e-02 BER=7.10e-03 FER=1.94e-01
2025-10-29 05:20:29,350 | INFO | Epoch 490 Train Time 26.81954860687256s

2025-10-29 05:20:56,309 | INFO | Training epoch 491, Batch 1000/1000: LR=8.60e-05, Loss=1.95e-02 BER=7.11e-03 FER=1.94e-01
2025-10-29 05:20:56,366 | INFO | Epoch 491 Train Time 27.015687465667725s

2025-10-29 05:21:24,951 | INFO | Training epoch 492, Batch 1000/1000: LR=8.60e-05, Loss=1.95e-02 BER=7.12e-03 FER=1.94e-01
2025-10-29 05:21:25,012 | INFO | Epoch 492 Train Time 28.6450514793396s

2025-10-29 05:21:52,824 | INFO | Training epoch 493, Batch 1000/1000: LR=8.59e-05, Loss=1.91e-02 BER=6.95e-03 FER=1.92e-01
2025-10-29 05:21:52,892 | INFO | Epoch 493 Train Time 27.8786780834198s

2025-10-29 05:21:52,892 | INFO | [P2] saving best_model (QAT) with loss 0.019078 at epoch 493
2025-10-29 05:22:20,288 | INFO | Training epoch 494, Batch 1000/1000: LR=8.59e-05, Loss=1.94e-02 BER=7.06e-03 FER=1.92e-01
2025-10-29 05:22:20,352 | INFO | Epoch 494 Train Time 27.446213006973267s

2025-10-29 05:22:46,872 | INFO | Training epoch 495, Batch 1000/1000: LR=8.58e-05, Loss=1.91e-02 BER=6.98e-03 FER=1.92e-01
2025-10-29 05:22:46,927 | INFO | Epoch 495 Train Time 26.573551177978516s

2025-10-29 05:23:13,586 | INFO | Training epoch 496, Batch 1000/1000: LR=8.58e-05, Loss=1.96e-02 BER=7.14e-03 FER=1.95e-01
2025-10-29 05:23:13,655 | INFO | Epoch 496 Train Time 26.727577447891235s

2025-10-29 05:23:41,060 | INFO | Training epoch 497, Batch 1000/1000: LR=8.57e-05, Loss=1.95e-02 BER=7.10e-03 FER=1.95e-01
2025-10-29 05:23:41,111 | INFO | Epoch 497 Train Time 27.455867528915405s

2025-10-29 05:24:08,822 | INFO | Training epoch 498, Batch 1000/1000: LR=8.57e-05, Loss=1.95e-02 BER=7.09e-03 FER=1.94e-01
2025-10-29 05:24:08,883 | INFO | Epoch 498 Train Time 27.771229028701782s

2025-10-29 05:24:36,364 | INFO | Training epoch 499, Batch 1000/1000: LR=8.56e-05, Loss=1.93e-02 BER=7.04e-03 FER=1.93e-01
2025-10-29 05:24:36,415 | INFO | Epoch 499 Train Time 27.529724597930908s

2025-10-29 05:25:03,457 | INFO | Training epoch 500, Batch 1000/1000: LR=8.56e-05, Loss=1.91e-02 BER=6.95e-03 FER=1.91e-01
2025-10-29 05:25:03,522 | INFO | Epoch 500 Train Time 27.106350421905518s

2025-10-29 05:25:29,681 | INFO | Training epoch 501, Batch 1000/1000: LR=8.55e-05, Loss=1.95e-02 BER=7.12e-03 FER=1.94e-01
2025-10-29 05:25:29,743 | INFO | Epoch 501 Train Time 26.21985912322998s

2025-10-29 05:25:55,234 | INFO | Training epoch 502, Batch 1000/1000: LR=8.54e-05, Loss=1.92e-02 BER=7.01e-03 FER=1.92e-01
2025-10-29 05:25:55,291 | INFO | Epoch 502 Train Time 25.547447681427002s

2025-10-29 05:26:22,937 | INFO | Training epoch 503, Batch 1000/1000: LR=8.54e-05, Loss=1.94e-02 BER=7.09e-03 FER=1.93e-01
2025-10-29 05:26:22,983 | INFO | Epoch 503 Train Time 27.691757202148438s

2025-10-29 05:26:49,658 | INFO | Training epoch 504, Batch 1000/1000: LR=8.53e-05, Loss=1.94e-02 BER=7.05e-03 FER=1.93e-01
2025-10-29 05:26:49,724 | INFO | Epoch 504 Train Time 26.739627599716187s

2025-10-29 05:27:17,091 | INFO | Training epoch 505, Batch 1000/1000: LR=8.53e-05, Loss=1.92e-02 BER=7.01e-03 FER=1.91e-01
2025-10-29 05:27:17,158 | INFO | Epoch 505 Train Time 27.433048963546753s

2025-10-29 05:27:44,670 | INFO | Training epoch 506, Batch 1000/1000: LR=8.52e-05, Loss=1.94e-02 BER=7.10e-03 FER=1.94e-01
2025-10-29 05:27:44,730 | INFO | Epoch 506 Train Time 27.571612119674683s

2025-10-29 05:28:11,355 | INFO | Training epoch 507, Batch 1000/1000: LR=8.52e-05, Loss=1.93e-02 BER=7.00e-03 FER=1.92e-01
2025-10-29 05:28:11,413 | INFO | Epoch 507 Train Time 26.682639837265015s

2025-10-29 05:28:39,440 | INFO | Training epoch 508, Batch 1000/1000: LR=8.51e-05, Loss=1.93e-02 BER=7.04e-03 FER=1.94e-01
2025-10-29 05:28:39,496 | INFO | Epoch 508 Train Time 28.08309316635132s

2025-10-29 05:29:06,592 | INFO | Training epoch 509, Batch 1000/1000: LR=8.51e-05, Loss=1.92e-02 BER=6.98e-03 FER=1.91e-01
2025-10-29 05:29:06,651 | INFO | Epoch 509 Train Time 27.153923988342285s

2025-10-29 05:29:32,891 | INFO | Training epoch 510, Batch 1000/1000: LR=8.50e-05, Loss=1.92e-02 BER=7.02e-03 FER=1.93e-01
2025-10-29 05:29:32,948 | INFO | Epoch 510 Train Time 26.296425819396973s

2025-10-29 05:30:01,760 | INFO | Training epoch 511, Batch 1000/1000: LR=8.49e-05, Loss=1.95e-02 BER=7.12e-03 FER=1.93e-01
2025-10-29 05:30:01,822 | INFO | Epoch 511 Train Time 28.873375415802002s

2025-10-29 05:30:27,600 | INFO | Training epoch 512, Batch 1000/1000: LR=8.49e-05, Loss=1.95e-02 BER=7.11e-03 FER=1.94e-01
2025-10-29 05:30:27,665 | INFO | Epoch 512 Train Time 25.841788291931152s

2025-10-29 05:30:54,446 | INFO | Training epoch 513, Batch 1000/1000: LR=8.48e-05, Loss=1.94e-02 BER=7.10e-03 FER=1.93e-01
2025-10-29 05:30:54,522 | INFO | Epoch 513 Train Time 26.856030702590942s

2025-10-29 05:31:21,540 | INFO | Training epoch 514, Batch 1000/1000: LR=8.48e-05, Loss=1.93e-02 BER=7.01e-03 FER=1.92e-01
2025-10-29 05:31:21,591 | INFO | Epoch 514 Train Time 27.06793189048767s

2025-10-29 05:31:48,148 | INFO | Training epoch 515, Batch 1000/1000: LR=8.47e-05, Loss=1.93e-02 BER=7.03e-03 FER=1.92e-01
2025-10-29 05:31:48,208 | INFO | Epoch 515 Train Time 26.61658263206482s

2025-10-29 05:32:13,568 | INFO | Training epoch 516, Batch 1000/1000: LR=8.47e-05, Loss=1.92e-02 BER=7.01e-03 FER=1.90e-01
2025-10-29 05:32:13,623 | INFO | Epoch 516 Train Time 25.41388511657715s

2025-10-29 05:32:41,086 | INFO | Training epoch 517, Batch 1000/1000: LR=8.46e-05, Loss=1.94e-02 BER=7.12e-03 FER=1.95e-01
2025-10-29 05:32:41,151 | INFO | Epoch 517 Train Time 27.52770209312439s

2025-10-29 05:33:06,467 | INFO | Training epoch 518, Batch 1000/1000: LR=8.46e-05, Loss=1.96e-02 BER=7.17e-03 FER=1.96e-01
2025-10-29 05:33:06,538 | INFO | Epoch 518 Train Time 25.385993242263794s

2025-10-29 05:33:33,873 | INFO | Training epoch 519, Batch 1000/1000: LR=8.45e-05, Loss=1.92e-02 BER=7.02e-03 FER=1.93e-01
2025-10-29 05:33:33,949 | INFO | Epoch 519 Train Time 27.41003108024597s

2025-10-29 05:34:01,743 | INFO | Training epoch 520, Batch 1000/1000: LR=8.44e-05, Loss=1.93e-02 BER=7.04e-03 FER=1.92e-01
2025-10-29 05:34:01,808 | INFO | Epoch 520 Train Time 27.85729694366455s

2025-10-29 05:34:28,078 | INFO | Training epoch 521, Batch 1000/1000: LR=8.44e-05, Loss=1.92e-02 BER=6.99e-03 FER=1.93e-01
2025-10-29 05:34:28,137 | INFO | Epoch 521 Train Time 26.32892894744873s

2025-10-29 05:34:56,306 | INFO | Training epoch 522, Batch 1000/1000: LR=8.43e-05, Loss=1.95e-02 BER=7.10e-03 FER=1.94e-01
2025-10-29 05:34:56,362 | INFO | Epoch 522 Train Time 28.224215507507324s

2025-10-29 05:35:23,347 | INFO | Training epoch 523, Batch 1000/1000: LR=8.43e-05, Loss=1.93e-02 BER=7.00e-03 FER=1.92e-01
2025-10-29 05:35:23,409 | INFO | Epoch 523 Train Time 27.04547691345215s

2025-10-29 05:35:51,348 | INFO | Training epoch 524, Batch 1000/1000: LR=8.42e-05, Loss=1.93e-02 BER=7.07e-03 FER=1.93e-01
2025-10-29 05:35:51,409 | INFO | Epoch 524 Train Time 27.999879598617554s

2025-10-29 05:36:17,351 | INFO | Training epoch 525, Batch 1000/1000: LR=8.42e-05, Loss=1.95e-02 BER=7.12e-03 FER=1.93e-01
2025-10-29 05:36:17,410 | INFO | Epoch 525 Train Time 26.000838041305542s

2025-10-29 05:36:45,463 | INFO | Training epoch 526, Batch 1000/1000: LR=8.41e-05, Loss=1.94e-02 BER=7.10e-03 FER=1.94e-01
2025-10-29 05:36:45,525 | INFO | Epoch 526 Train Time 28.113734483718872s

2025-10-29 05:37:12,188 | INFO | Training epoch 527, Batch 1000/1000: LR=8.40e-05, Loss=1.94e-02 BER=7.08e-03 FER=1.92e-01
2025-10-29 05:37:12,241 | INFO | Epoch 527 Train Time 26.715184688568115s

2025-10-29 05:37:40,376 | INFO | Training epoch 528, Batch 1000/1000: LR=8.40e-05, Loss=1.93e-02 BER=7.06e-03 FER=1.93e-01
2025-10-29 05:37:40,436 | INFO | Epoch 528 Train Time 28.194570302963257s

2025-10-29 05:38:09,186 | INFO | Training epoch 529, Batch 1000/1000: LR=8.39e-05, Loss=1.95e-02 BER=7.12e-03 FER=1.94e-01
2025-10-29 05:38:09,241 | INFO | Epoch 529 Train Time 28.80483889579773s

2025-10-29 05:38:36,132 | INFO | Training epoch 530, Batch 1000/1000: LR=8.39e-05, Loss=1.93e-02 BER=7.03e-03 FER=1.93e-01
2025-10-29 05:38:36,196 | INFO | Epoch 530 Train Time 26.953534603118896s

2025-10-29 05:39:03,598 | INFO | Training epoch 531, Batch 1000/1000: LR=8.38e-05, Loss=1.93e-02 BER=7.06e-03 FER=1.93e-01
2025-10-29 05:39:03,658 | INFO | Epoch 531 Train Time 27.462014198303223s

2025-10-29 05:39:30,116 | INFO | Training epoch 532, Batch 1000/1000: LR=8.38e-05, Loss=1.95e-02 BER=7.11e-03 FER=1.95e-01
2025-10-29 05:39:30,198 | INFO | Epoch 532 Train Time 26.538904428482056s

2025-10-29 05:40:00,261 | INFO | Training epoch 533, Batch 1000/1000: LR=8.37e-05, Loss=1.93e-02 BER=7.02e-03 FER=1.92e-01
2025-10-29 05:40:00,322 | INFO | Epoch 533 Train Time 30.12359118461609s

2025-10-29 05:40:27,564 | INFO | Training epoch 534, Batch 1000/1000: LR=8.36e-05, Loss=1.94e-02 BER=7.04e-03 FER=1.94e-01
2025-10-29 05:40:27,632 | INFO | Epoch 534 Train Time 27.30978798866272s

2025-10-29 05:40:55,055 | INFO | Training epoch 535, Batch 1000/1000: LR=8.36e-05, Loss=1.93e-02 BER=7.00e-03 FER=1.92e-01
2025-10-29 05:40:55,112 | INFO | Epoch 535 Train Time 27.47931456565857s

2025-10-29 05:41:22,374 | INFO | Training epoch 536, Batch 1000/1000: LR=8.35e-05, Loss=1.94e-02 BER=7.04e-03 FER=1.93e-01
2025-10-29 05:41:22,426 | INFO | Epoch 536 Train Time 27.31265902519226s

2025-10-29 05:41:50,064 | INFO | Training epoch 537, Batch 1000/1000: LR=8.35e-05, Loss=1.91e-02 BER=7.01e-03 FER=1.92e-01
2025-10-29 05:41:50,120 | INFO | Epoch 537 Train Time 27.692976474761963s

2025-10-29 05:42:16,884 | INFO | Training epoch 538, Batch 1000/1000: LR=8.34e-05, Loss=1.94e-02 BER=7.06e-03 FER=1.94e-01
2025-10-29 05:42:16,939 | INFO | Epoch 538 Train Time 26.81778311729431s

2025-10-29 05:42:43,974 | INFO | Training epoch 539, Batch 1000/1000: LR=8.34e-05, Loss=1.95e-02 BER=7.10e-03 FER=1.94e-01
2025-10-29 05:42:44,028 | INFO | Epoch 539 Train Time 27.08823871612549s

2025-10-29 05:43:11,443 | INFO | Training epoch 540, Batch 1000/1000: LR=8.33e-05, Loss=1.94e-02 BER=7.03e-03 FER=1.93e-01
2025-10-29 05:43:11,516 | INFO | Epoch 540 Train Time 27.488134622573853s

2025-10-29 05:43:38,219 | INFO | Training epoch 541, Batch 1000/1000: LR=8.32e-05, Loss=1.93e-02 BER=7.03e-03 FER=1.93e-01
2025-10-29 05:43:38,283 | INFO | Epoch 541 Train Time 26.765358686447144s

2025-10-29 05:44:04,813 | INFO | Training epoch 542, Batch 1000/1000: LR=8.32e-05, Loss=1.94e-02 BER=7.03e-03 FER=1.93e-01
2025-10-29 05:44:04,874 | INFO | Epoch 542 Train Time 26.590725898742676s

2025-10-29 05:44:32,269 | INFO | Training epoch 543, Batch 1000/1000: LR=8.31e-05, Loss=1.91e-02 BER=6.96e-03 FER=1.91e-01
2025-10-29 05:44:32,330 | INFO | Epoch 543 Train Time 27.455071926116943s

2025-10-29 05:45:00,361 | INFO | Training epoch 544, Batch 1000/1000: LR=8.31e-05, Loss=1.92e-02 BER=7.02e-03 FER=1.92e-01
2025-10-29 05:45:00,429 | INFO | Epoch 544 Train Time 28.098719120025635s

2025-10-29 05:45:27,635 | INFO | Training epoch 545, Batch 1000/1000: LR=8.30e-05, Loss=1.93e-02 BER=7.04e-03 FER=1.92e-01
2025-10-29 05:45:27,704 | INFO | Epoch 545 Train Time 27.273897171020508s

2025-10-29 05:45:55,069 | INFO | Training epoch 546, Batch 1000/1000: LR=8.29e-05, Loss=1.95e-02 BER=7.10e-03 FER=1.94e-01
2025-10-29 05:45:55,115 | INFO | Epoch 546 Train Time 27.41008973121643s

2025-10-29 05:46:22,974 | INFO | Training epoch 547, Batch 1000/1000: LR=8.29e-05, Loss=1.94e-02 BER=7.05e-03 FER=1.94e-01
2025-10-29 05:46:23,030 | INFO | Epoch 547 Train Time 27.914334058761597s

2025-10-29 05:46:49,025 | INFO | Training epoch 548, Batch 1000/1000: LR=8.28e-05, Loss=1.93e-02 BER=7.05e-03 FER=1.93e-01
2025-10-29 05:46:49,091 | INFO | Epoch 548 Train Time 26.060382604599s

2025-10-29 05:47:15,167 | INFO | Training epoch 549, Batch 1000/1000: LR=8.28e-05, Loss=1.95e-02 BER=7.12e-03 FER=1.95e-01
2025-10-29 05:47:15,217 | INFO | Epoch 549 Train Time 26.12579607963562s

2025-10-29 05:47:43,151 | INFO | Training epoch 550, Batch 1000/1000: LR=8.27e-05, Loss=1.94e-02 BER=7.07e-03 FER=1.94e-01
2025-10-29 05:47:43,205 | INFO | Epoch 550 Train Time 27.98673701286316s

2025-10-29 05:48:10,615 | INFO | Training epoch 551, Batch 1000/1000: LR=8.26e-05, Loss=1.94e-02 BER=7.08e-03 FER=1.92e-01
2025-10-29 05:48:10,677 | INFO | Epoch 551 Train Time 27.471251487731934s

2025-10-29 05:48:38,244 | INFO | Training epoch 552, Batch 1000/1000: LR=8.26e-05, Loss=1.95e-02 BER=7.13e-03 FER=1.95e-01
2025-10-29 05:48:38,315 | INFO | Epoch 552 Train Time 27.63745665550232s

2025-10-29 05:49:06,284 | INFO | Training epoch 553, Batch 1000/1000: LR=8.25e-05, Loss=1.92e-02 BER=7.02e-03 FER=1.93e-01
2025-10-29 05:49:06,344 | INFO | Epoch 553 Train Time 28.028881549835205s

2025-10-29 05:49:33,205 | INFO | Training epoch 554, Batch 1000/1000: LR=8.25e-05, Loss=1.95e-02 BER=7.13e-03 FER=1.95e-01
2025-10-29 05:49:33,275 | INFO | Epoch 554 Train Time 26.929263591766357s

2025-10-29 05:50:00,192 | INFO | Training epoch 555, Batch 1000/1000: LR=8.24e-05, Loss=1.94e-02 BER=7.05e-03 FER=1.94e-01
2025-10-29 05:50:00,251 | INFO | Epoch 555 Train Time 26.975730895996094s

2025-10-29 05:50:26,511 | INFO | Training epoch 556, Batch 1000/1000: LR=8.24e-05, Loss=1.96e-02 BER=7.14e-03 FER=1.95e-01
2025-10-29 05:50:26,574 | INFO | Epoch 556 Train Time 26.322357654571533s

2025-10-29 05:50:54,129 | INFO | Training epoch 557, Batch 1000/1000: LR=8.23e-05, Loss=1.93e-02 BER=6.99e-03 FER=1.93e-01
2025-10-29 05:50:54,187 | INFO | Epoch 557 Train Time 27.612602710723877s

2025-10-29 05:51:22,221 | INFO | Training epoch 558, Batch 1000/1000: LR=8.22e-05, Loss=1.93e-02 BER=7.07e-03 FER=1.94e-01
2025-10-29 05:51:22,281 | INFO | Epoch 558 Train Time 28.093181610107422s

2025-10-29 05:51:50,633 | INFO | Training epoch 559, Batch 1000/1000: LR=8.22e-05, Loss=1.91e-02 BER=6.95e-03 FER=1.91e-01
2025-10-29 05:51:50,708 | INFO | Epoch 559 Train Time 28.42601728439331s

2025-10-29 05:51:50,708 | INFO | [P2] saving best_model (QAT) with loss 0.019053 at epoch 559
2025-10-29 05:52:17,639 | INFO | Training epoch 560, Batch 1000/1000: LR=8.21e-05, Loss=1.94e-02 BER=7.08e-03 FER=1.94e-01
2025-10-29 05:52:17,703 | INFO | Epoch 560 Train Time 26.97722554206848s

2025-10-29 05:52:44,385 | INFO | Training epoch 561, Batch 1000/1000: LR=8.21e-05, Loss=1.96e-02 BER=7.15e-03 FER=1.97e-01
2025-10-29 05:52:44,438 | INFO | Epoch 561 Train Time 26.734556674957275s

2025-10-29 05:53:11,187 | INFO | Training epoch 562, Batch 1000/1000: LR=8.20e-05, Loss=1.93e-02 BER=7.03e-03 FER=1.92e-01
2025-10-29 05:53:11,245 | INFO | Epoch 562 Train Time 26.80689239501953s

2025-10-29 05:53:38,581 | INFO | Training epoch 563, Batch 1000/1000: LR=8.19e-05, Loss=1.96e-02 BER=7.13e-03 FER=1.95e-01
2025-10-29 05:53:38,639 | INFO | Epoch 563 Train Time 27.393270015716553s

2025-10-29 05:54:04,793 | INFO | Training epoch 564, Batch 1000/1000: LR=8.19e-05, Loss=1.93e-02 BER=7.04e-03 FER=1.93e-01
2025-10-29 05:54:04,851 | INFO | Epoch 564 Train Time 26.210827589035034s

2025-10-29 05:54:32,371 | INFO | Training epoch 565, Batch 1000/1000: LR=8.18e-05, Loss=1.94e-02 BER=7.08e-03 FER=1.95e-01
2025-10-29 05:54:32,428 | INFO | Epoch 565 Train Time 27.575572729110718s

2025-10-29 05:54:58,739 | INFO | Training epoch 566, Batch 1000/1000: LR=8.18e-05, Loss=1.95e-02 BER=7.12e-03 FER=1.95e-01
2025-10-29 05:54:58,800 | INFO | Epoch 566 Train Time 26.371995210647583s

2025-10-29 05:55:25,896 | INFO | Training epoch 567, Batch 1000/1000: LR=8.17e-05, Loss=1.93e-02 BER=7.05e-03 FER=1.92e-01
2025-10-29 05:55:25,957 | INFO | Epoch 567 Train Time 27.156388998031616s

2025-10-29 05:55:53,611 | INFO | Training epoch 568, Batch 1000/1000: LR=8.16e-05, Loss=1.93e-02 BER=7.00e-03 FER=1.92e-01
2025-10-29 05:55:53,665 | INFO | Epoch 568 Train Time 27.70736813545227s

2025-10-29 05:56:20,088 | INFO | Training epoch 569, Batch 1000/1000: LR=8.16e-05, Loss=1.91e-02 BER=6.94e-03 FER=1.92e-01
2025-10-29 05:56:20,142 | INFO | Epoch 569 Train Time 26.4760639667511s

2025-10-29 05:56:46,712 | INFO | Training epoch 570, Batch 1000/1000: LR=8.15e-05, Loss=1.93e-02 BER=7.03e-03 FER=1.94e-01
2025-10-29 05:56:46,758 | INFO | Epoch 570 Train Time 26.614346504211426s

2025-10-29 05:57:14,061 | INFO | Training epoch 571, Batch 1000/1000: LR=8.14e-05, Loss=1.94e-02 BER=7.07e-03 FER=1.93e-01
2025-10-29 05:57:14,135 | INFO | Epoch 571 Train Time 27.376797914505005s

2025-10-29 05:57:41,050 | INFO | Training epoch 572, Batch 1000/1000: LR=8.14e-05, Loss=1.91e-02 BER=7.00e-03 FER=1.93e-01
2025-10-29 05:57:41,104 | INFO | Epoch 572 Train Time 26.967480182647705s

2025-10-29 05:58:08,017 | INFO | Training epoch 573, Batch 1000/1000: LR=8.13e-05, Loss=1.92e-02 BER=7.02e-03 FER=1.92e-01
2025-10-29 05:58:08,086 | INFO | Epoch 573 Train Time 26.981433153152466s

2025-10-29 05:58:34,533 | INFO | Training epoch 574, Batch 1000/1000: LR=8.13e-05, Loss=1.93e-02 BER=7.04e-03 FER=1.90e-01
2025-10-29 05:58:34,596 | INFO | Epoch 574 Train Time 26.50890040397644s

2025-10-29 05:59:00,051 | INFO | Training epoch 575, Batch 1000/1000: LR=8.12e-05, Loss=1.92e-02 BER=7.02e-03 FER=1.92e-01
2025-10-29 05:59:00,106 | INFO | Epoch 575 Train Time 25.509021043777466s

2025-10-29 05:59:26,289 | INFO | Training epoch 576, Batch 1000/1000: LR=8.11e-05, Loss=1.94e-02 BER=7.10e-03 FER=1.93e-01
2025-10-29 05:59:26,343 | INFO | Epoch 576 Train Time 26.236313581466675s

2025-10-29 05:59:52,436 | INFO | Training epoch 577, Batch 1000/1000: LR=8.11e-05, Loss=1.93e-02 BER=7.06e-03 FER=1.92e-01
2025-10-29 05:59:52,481 | INFO | Epoch 577 Train Time 26.13775062561035s

2025-10-29 06:00:19,288 | INFO | Training epoch 578, Batch 1000/1000: LR=8.10e-05, Loss=1.93e-02 BER=7.04e-03 FER=1.93e-01
2025-10-29 06:00:19,341 | INFO | Epoch 578 Train Time 26.859351873397827s

2025-10-29 06:00:47,336 | INFO | Training epoch 579, Batch 1000/1000: LR=8.10e-05, Loss=1.91e-02 BER=6.95e-03 FER=1.92e-01
2025-10-29 06:00:47,397 | INFO | Epoch 579 Train Time 28.05535316467285s

2025-10-29 06:01:15,884 | INFO | Training epoch 580, Batch 1000/1000: LR=8.09e-05, Loss=1.92e-02 BER=7.00e-03 FER=1.92e-01
2025-10-29 06:01:15,940 | INFO | Epoch 580 Train Time 28.542344093322754s

2025-10-29 06:01:42,165 | INFO | Training epoch 581, Batch 1000/1000: LR=8.08e-05, Loss=1.92e-02 BER=7.02e-03 FER=1.92e-01
2025-10-29 06:01:42,207 | INFO | Epoch 581 Train Time 26.264704704284668s

2025-10-29 06:02:09,040 | INFO | Training epoch 582, Batch 1000/1000: LR=8.08e-05, Loss=1.95e-02 BER=7.12e-03 FER=1.93e-01
2025-10-29 06:02:09,099 | INFO | Epoch 582 Train Time 26.89177966117859s

2025-10-29 06:02:37,574 | INFO | Training epoch 583, Batch 1000/1000: LR=8.07e-05, Loss=1.94e-02 BER=7.08e-03 FER=1.94e-01
2025-10-29 06:02:37,624 | INFO | Epoch 583 Train Time 28.52415418624878s

2025-10-29 06:03:03,096 | INFO | Training epoch 584, Batch 1000/1000: LR=8.07e-05, Loss=1.94e-02 BER=7.08e-03 FER=1.94e-01
2025-10-29 06:03:03,157 | INFO | Epoch 584 Train Time 25.53303098678589s

2025-10-29 06:03:30,147 | INFO | Training epoch 585, Batch 1000/1000: LR=8.06e-05, Loss=1.95e-02 BER=7.14e-03 FER=1.95e-01
2025-10-29 06:03:30,208 | INFO | Epoch 585 Train Time 27.04981803894043s

2025-10-29 06:03:58,830 | INFO | Training epoch 586, Batch 1000/1000: LR=8.05e-05, Loss=1.96e-02 BER=7.13e-03 FER=1.94e-01
2025-10-29 06:03:58,886 | INFO | Epoch 586 Train Time 28.677699089050293s

2025-10-29 06:04:26,998 | INFO | Training epoch 587, Batch 1000/1000: LR=8.05e-05, Loss=1.93e-02 BER=7.01e-03 FER=1.93e-01
2025-10-29 06:04:27,049 | INFO | Epoch 587 Train Time 28.161513328552246s

2025-10-29 06:04:53,547 | INFO | Training epoch 588, Batch 1000/1000: LR=8.04e-05, Loss=1.93e-02 BER=7.05e-03 FER=1.93e-01
2025-10-29 06:04:53,620 | INFO | Epoch 588 Train Time 26.570821046829224s

2025-10-29 06:05:21,534 | INFO | Training epoch 589, Batch 1000/1000: LR=8.03e-05, Loss=1.91e-02 BER=6.96e-03 FER=1.91e-01
2025-10-29 06:05:21,597 | INFO | Epoch 589 Train Time 27.97688055038452s

2025-10-29 06:05:49,799 | INFO | Training epoch 590, Batch 1000/1000: LR=8.03e-05, Loss=1.92e-02 BER=6.99e-03 FER=1.92e-01
2025-10-29 06:05:49,857 | INFO | Epoch 590 Train Time 28.259222507476807s

2025-10-29 06:06:18,013 | INFO | Training epoch 591, Batch 1000/1000: LR=8.02e-05, Loss=1.93e-02 BER=7.08e-03 FER=1.94e-01
2025-10-29 06:06:18,074 | INFO | Epoch 591 Train Time 28.21599292755127s

2025-10-29 06:06:45,284 | INFO | Training epoch 592, Batch 1000/1000: LR=8.02e-05, Loss=1.94e-02 BER=7.05e-03 FER=1.93e-01
2025-10-29 06:06:45,343 | INFO | Epoch 592 Train Time 27.268940210342407s

2025-10-29 06:07:12,049 | INFO | Training epoch 593, Batch 1000/1000: LR=8.01e-05, Loss=1.92e-02 BER=6.98e-03 FER=1.91e-01
2025-10-29 06:07:12,107 | INFO | Epoch 593 Train Time 26.762876987457275s

2025-10-29 06:07:38,433 | INFO | Training epoch 594, Batch 1000/1000: LR=8.00e-05, Loss=1.94e-02 BER=7.07e-03 FER=1.94e-01
2025-10-29 06:07:38,494 | INFO | Epoch 594 Train Time 26.38642406463623s

2025-10-29 06:08:05,090 | INFO | Training epoch 595, Batch 1000/1000: LR=8.00e-05, Loss=1.95e-02 BER=7.13e-03 FER=1.94e-01
2025-10-29 06:08:05,141 | INFO | Epoch 595 Train Time 26.646504640579224s

2025-10-29 06:08:32,973 | INFO | Training epoch 596, Batch 1000/1000: LR=7.99e-05, Loss=1.92e-02 BER=7.04e-03 FER=1.92e-01
2025-10-29 06:08:33,026 | INFO | Epoch 596 Train Time 27.884246349334717s

2025-10-29 06:08:59,513 | INFO | Training epoch 597, Batch 1000/1000: LR=7.98e-05, Loss=1.93e-02 BER=7.01e-03 FER=1.93e-01
2025-10-29 06:08:59,568 | INFO | Epoch 597 Train Time 26.541004419326782s

2025-10-29 06:09:27,369 | INFO | Training epoch 598, Batch 1000/1000: LR=7.98e-05, Loss=1.95e-02 BER=7.10e-03 FER=1.94e-01
2025-10-29 06:09:27,442 | INFO | Epoch 598 Train Time 27.873517751693726s

2025-10-29 06:09:53,524 | INFO | Training epoch 599, Batch 1000/1000: LR=7.97e-05, Loss=1.94e-02 BER=7.10e-03 FER=1.94e-01
2025-10-29 06:09:53,582 | INFO | Epoch 599 Train Time 26.139128923416138s

2025-10-29 06:10:20,961 | INFO | Training epoch 600, Batch 1000/1000: LR=7.97e-05, Loss=1.93e-02 BER=7.04e-03 FER=1.92e-01
2025-10-29 06:10:21,033 | INFO | Epoch 600 Train Time 27.450982809066772s

2025-10-29 06:10:48,393 | INFO | Training epoch 601, Batch 1000/1000: LR=7.96e-05, Loss=1.95e-02 BER=7.13e-03 FER=1.95e-01
2025-10-29 06:10:48,458 | INFO | Epoch 601 Train Time 27.423996686935425s

2025-10-29 06:11:16,010 | INFO | Training epoch 602, Batch 1000/1000: LR=7.95e-05, Loss=1.93e-02 BER=7.07e-03 FER=1.93e-01
2025-10-29 06:11:16,067 | INFO | Epoch 602 Train Time 27.608495950698853s

2025-10-29 06:11:44,098 | INFO | Training epoch 603, Batch 1000/1000: LR=7.95e-05, Loss=1.93e-02 BER=7.05e-03 FER=1.93e-01
2025-10-29 06:11:44,155 | INFO | Epoch 603 Train Time 28.086832523345947s

2025-10-29 06:12:11,486 | INFO | Training epoch 604, Batch 1000/1000: LR=7.94e-05, Loss=1.90e-02 BER=6.93e-03 FER=1.90e-01
2025-10-29 06:12:11,543 | INFO | Epoch 604 Train Time 27.3874089717865s

2025-10-29 06:12:11,543 | INFO | [P2] saving best_model (QAT) with loss 0.019021 at epoch 604
2025-10-29 06:12:38,970 | INFO | Training epoch 605, Batch 1000/1000: LR=7.93e-05, Loss=1.90e-02 BER=6.95e-03 FER=1.90e-01
2025-10-29 06:12:39,024 | INFO | Epoch 605 Train Time 27.46709656715393s

2025-10-29 06:12:39,025 | INFO | [P2] saving best_model (QAT) with loss 0.018998 at epoch 605
2025-10-29 06:13:06,819 | INFO | Training epoch 606, Batch 1000/1000: LR=7.93e-05, Loss=1.95e-02 BER=7.11e-03 FER=1.94e-01
2025-10-29 06:13:06,881 | INFO | Epoch 606 Train Time 27.84355354309082s

2025-10-29 06:13:34,385 | INFO | Training epoch 607, Batch 1000/1000: LR=7.92e-05, Loss=1.94e-02 BER=7.10e-03 FER=1.94e-01
2025-10-29 06:13:34,445 | INFO | Epoch 607 Train Time 27.562856197357178s

2025-10-29 06:14:01,679 | INFO | Training epoch 608, Batch 1000/1000: LR=7.92e-05, Loss=1.90e-02 BER=6.93e-03 FER=1.90e-01
2025-10-29 06:14:01,747 | INFO | Epoch 608 Train Time 27.301397800445557s

2025-10-29 06:14:01,748 | INFO | [P2] saving best_model (QAT) with loss 0.018990 at epoch 608
2025-10-29 06:14:28,868 | INFO | Training epoch 609, Batch 1000/1000: LR=7.91e-05, Loss=1.94e-02 BER=7.06e-03 FER=1.93e-01
2025-10-29 06:14:28,940 | INFO | Epoch 609 Train Time 27.182026624679565s

2025-10-29 06:14:56,836 | INFO | Training epoch 610, Batch 1000/1000: LR=7.90e-05, Loss=1.93e-02 BER=7.04e-03 FER=1.93e-01
2025-10-29 06:14:56,896 | INFO | Epoch 610 Train Time 27.95475149154663s

2025-10-29 06:15:23,004 | INFO | Training epoch 611, Batch 1000/1000: LR=7.90e-05, Loss=1.94e-02 BER=7.04e-03 FER=1.92e-01
2025-10-29 06:15:23,065 | INFO | Epoch 611 Train Time 26.168583631515503s

2025-10-29 06:15:50,171 | INFO | Training epoch 612, Batch 1000/1000: LR=7.89e-05, Loss=1.91e-02 BER=6.99e-03 FER=1.92e-01
2025-10-29 06:15:50,232 | INFO | Epoch 612 Train Time 27.165584087371826s

2025-10-29 06:16:18,479 | INFO | Training epoch 613, Batch 1000/1000: LR=7.88e-05, Loss=1.92e-02 BER=7.01e-03 FER=1.91e-01
2025-10-29 06:16:18,541 | INFO | Epoch 613 Train Time 28.309118270874023s

2025-10-29 06:16:45,688 | INFO | Training epoch 614, Batch 1000/1000: LR=7.88e-05, Loss=1.93e-02 BER=7.07e-03 FER=1.92e-01
2025-10-29 06:16:45,733 | INFO | Epoch 614 Train Time 27.191389083862305s

2025-10-29 06:17:13,597 | INFO | Training epoch 615, Batch 1000/1000: LR=7.87e-05, Loss=1.93e-02 BER=7.05e-03 FER=1.92e-01
2025-10-29 06:17:13,655 | INFO | Epoch 615 Train Time 27.920135974884033s

2025-10-29 06:17:41,261 | INFO | Training epoch 616, Batch 1000/1000: LR=7.86e-05, Loss=1.92e-02 BER=6.98e-03 FER=1.91e-01
2025-10-29 06:17:41,323 | INFO | Epoch 616 Train Time 27.668120622634888s

2025-10-29 06:18:07,293 | INFO | Training epoch 617, Batch 1000/1000: LR=7.86e-05, Loss=1.92e-02 BER=7.00e-03 FER=1.92e-01
2025-10-29 06:18:07,349 | INFO | Epoch 617 Train Time 26.024580717086792s

2025-10-29 06:18:34,729 | INFO | Training epoch 618, Batch 1000/1000: LR=7.85e-05, Loss=1.93e-02 BER=7.01e-03 FER=1.92e-01
2025-10-29 06:18:34,790 | INFO | Epoch 618 Train Time 27.44127321243286s

2025-10-29 06:19:01,916 | INFO | Training epoch 619, Batch 1000/1000: LR=7.85e-05, Loss=1.92e-02 BER=7.01e-03 FER=1.92e-01
2025-10-29 06:19:01,996 | INFO | Epoch 619 Train Time 27.204650163650513s

2025-10-29 06:19:28,429 | INFO | Training epoch 620, Batch 1000/1000: LR=7.84e-05, Loss=1.92e-02 BER=6.96e-03 FER=1.91e-01
2025-10-29 06:19:28,475 | INFO | Epoch 620 Train Time 26.47776746749878s

2025-10-29 06:19:54,855 | INFO | Training epoch 621, Batch 1000/1000: LR=7.83e-05, Loss=1.92e-02 BER=7.03e-03 FER=1.92e-01
2025-10-29 06:19:54,913 | INFO | Epoch 621 Train Time 26.437842845916748s

2025-10-29 06:20:22,227 | INFO | Training epoch 622, Batch 1000/1000: LR=7.83e-05, Loss=1.92e-02 BER=7.00e-03 FER=1.91e-01
2025-10-29 06:20:22,282 | INFO | Epoch 622 Train Time 27.368001461029053s

2025-10-29 06:20:49,985 | INFO | Training epoch 623, Batch 1000/1000: LR=7.82e-05, Loss=1.93e-02 BER=7.02e-03 FER=1.93e-01
2025-10-29 06:20:50,044 | INFO | Epoch 623 Train Time 27.76106858253479s

2025-10-29 06:21:14,822 | INFO | Training epoch 624, Batch 1000/1000: LR=7.81e-05, Loss=1.94e-02 BER=7.02e-03 FER=1.92e-01
2025-10-29 06:21:14,883 | INFO | Epoch 624 Train Time 24.838828802108765s

2025-10-29 06:21:41,324 | INFO | Training epoch 625, Batch 1000/1000: LR=7.81e-05, Loss=1.90e-02 BER=6.94e-03 FER=1.89e-01
2025-10-29 06:21:41,398 | INFO | Epoch 625 Train Time 26.513979196548462s

2025-10-29 06:22:08,953 | INFO | Training epoch 626, Batch 1000/1000: LR=7.80e-05, Loss=1.95e-02 BER=7.10e-03 FER=1.94e-01
2025-10-29 06:22:09,002 | INFO | Epoch 626 Train Time 27.604413986206055s

2025-10-29 06:22:34,459 | INFO | Training epoch 627, Batch 1000/1000: LR=7.79e-05, Loss=1.94e-02 BER=7.09e-03 FER=1.94e-01
2025-10-29 06:22:34,517 | INFO | Epoch 627 Train Time 25.513150453567505s

2025-10-29 06:23:02,772 | INFO | Training epoch 628, Batch 1000/1000: LR=7.79e-05, Loss=1.91e-02 BER=6.94e-03 FER=1.90e-01
2025-10-29 06:23:02,833 | INFO | Epoch 628 Train Time 28.3155996799469s

2025-10-29 06:23:30,168 | INFO | Training epoch 629, Batch 1000/1000: LR=7.78e-05, Loss=1.92e-02 BER=7.04e-03 FER=1.93e-01
2025-10-29 06:23:30,231 | INFO | Epoch 629 Train Time 27.397193670272827s

2025-10-29 06:23:57,637 | INFO | Training epoch 630, Batch 1000/1000: LR=7.77e-05, Loss=1.91e-02 BER=7.00e-03 FER=1.92e-01
2025-10-29 06:23:57,697 | INFO | Epoch 630 Train Time 27.46424651145935s

2025-10-29 06:24:25,477 | INFO | Training epoch 631, Batch 1000/1000: LR=7.77e-05, Loss=1.95e-02 BER=7.10e-03 FER=1.93e-01
2025-10-29 06:24:25,523 | INFO | Epoch 631 Train Time 27.825557708740234s

2025-10-29 06:24:53,051 | INFO | Training epoch 632, Batch 1000/1000: LR=7.76e-05, Loss=1.93e-02 BER=7.02e-03 FER=1.93e-01
2025-10-29 06:24:53,114 | INFO | Epoch 632 Train Time 27.590752601623535s

2025-10-29 06:25:19,871 | INFO | Training epoch 633, Batch 1000/1000: LR=7.75e-05, Loss=1.92e-02 BER=7.06e-03 FER=1.93e-01
2025-10-29 06:25:19,933 | INFO | Epoch 633 Train Time 26.81749725341797s

2025-10-29 06:25:48,024 | INFO | Training epoch 634, Batch 1000/1000: LR=7.75e-05, Loss=1.92e-02 BER=7.00e-03 FER=1.92e-01
2025-10-29 06:25:48,094 | INFO | Epoch 634 Train Time 28.16051959991455s

2025-10-29 06:26:14,919 | INFO | Training epoch 635, Batch 1000/1000: LR=7.74e-05, Loss=1.91e-02 BER=6.96e-03 FER=1.91e-01
2025-10-29 06:26:14,977 | INFO | Epoch 635 Train Time 26.88238787651062s

2025-10-29 06:26:41,366 | INFO | Training epoch 636, Batch 1000/1000: LR=7.74e-05, Loss=1.93e-02 BER=7.08e-03 FER=1.92e-01
2025-10-29 06:26:41,424 | INFO | Epoch 636 Train Time 26.446420192718506s

2025-10-29 06:27:08,892 | INFO | Training epoch 637, Batch 1000/1000: LR=7.73e-05, Loss=1.95e-02 BER=7.09e-03 FER=1.94e-01
2025-10-29 06:27:08,941 | INFO | Epoch 637 Train Time 27.516517639160156s

2025-10-29 06:27:34,676 | INFO | Training epoch 638, Batch 1000/1000: LR=7.72e-05, Loss=1.94e-02 BER=7.06e-03 FER=1.92e-01
2025-10-29 06:27:34,731 | INFO | Epoch 638 Train Time 25.789649963378906s

2025-10-29 06:28:02,818 | INFO | Training epoch 639, Batch 1000/1000: LR=7.72e-05, Loss=1.91e-02 BER=6.96e-03 FER=1.90e-01
2025-10-29 06:28:02,884 | INFO | Epoch 639 Train Time 28.15172028541565s

2025-10-29 06:28:31,655 | INFO | Training epoch 640, Batch 1000/1000: LR=7.71e-05, Loss=1.94e-02 BER=7.07e-03 FER=1.94e-01
2025-10-29 06:28:31,722 | INFO | Epoch 640 Train Time 28.837679147720337s

2025-10-29 06:28:58,661 | INFO | Training epoch 641, Batch 1000/1000: LR=7.70e-05, Loss=1.92e-02 BER=6.99e-03 FER=1.91e-01
2025-10-29 06:28:58,723 | INFO | Epoch 641 Train Time 27.00087833404541s

2025-10-29 06:29:26,686 | INFO | Training epoch 642, Batch 1000/1000: LR=7.70e-05, Loss=1.95e-02 BER=7.10e-03 FER=1.93e-01
2025-10-29 06:29:26,744 | INFO | Epoch 642 Train Time 28.020293712615967s

2025-10-29 06:29:54,397 | INFO | Training epoch 643, Batch 1000/1000: LR=7.69e-05, Loss=1.93e-02 BER=7.04e-03 FER=1.91e-01
2025-10-29 06:29:54,458 | INFO | Epoch 643 Train Time 27.713185787200928s

2025-10-29 06:30:21,261 | INFO | Training epoch 644, Batch 1000/1000: LR=7.68e-05, Loss=1.95e-02 BER=7.11e-03 FER=1.95e-01
2025-10-29 06:30:21,308 | INFO | Epoch 644 Train Time 26.84971332550049s

2025-10-29 06:30:48,070 | INFO | Training epoch 645, Batch 1000/1000: LR=7.68e-05, Loss=1.93e-02 BER=7.03e-03 FER=1.91e-01
2025-10-29 06:30:48,140 | INFO | Epoch 645 Train Time 26.830616235733032s

2025-10-29 06:31:13,304 | INFO | Training epoch 646, Batch 1000/1000: LR=7.67e-05, Loss=1.93e-02 BER=7.03e-03 FER=1.92e-01
2025-10-29 06:31:13,364 | INFO | Epoch 646 Train Time 25.223478078842163s

2025-10-29 06:31:40,460 | INFO | Training epoch 647, Batch 1000/1000: LR=7.66e-05, Loss=1.92e-02 BER=7.01e-03 FER=1.91e-01
2025-10-29 06:31:40,507 | INFO | Epoch 647 Train Time 27.142483949661255s

2025-10-29 06:32:06,770 | INFO | Training epoch 648, Batch 1000/1000: LR=7.66e-05, Loss=1.92e-02 BER=7.03e-03 FER=1.93e-01
2025-10-29 06:32:06,818 | INFO | Epoch 648 Train Time 26.310306310653687s

2025-10-29 06:32:34,937 | INFO | Training epoch 649, Batch 1000/1000: LR=7.65e-05, Loss=1.94e-02 BER=7.08e-03 FER=1.93e-01
2025-10-29 06:32:35,005 | INFO | Epoch 649 Train Time 28.186200380325317s

2025-10-29 06:33:02,412 | INFO | Training epoch 650, Batch 1000/1000: LR=7.64e-05, Loss=1.93e-02 BER=7.02e-03 FER=1.93e-01
2025-10-29 06:33:02,476 | INFO | Epoch 650 Train Time 27.47037935256958s

2025-10-29 06:33:29,631 | INFO | Training epoch 651, Batch 1000/1000: LR=7.64e-05, Loss=1.93e-02 BER=7.01e-03 FER=1.92e-01
2025-10-29 06:33:29,696 | INFO | Epoch 651 Train Time 27.2192804813385s

2025-10-29 06:33:55,089 | INFO | Training epoch 652, Batch 1000/1000: LR=7.63e-05, Loss=1.93e-02 BER=7.01e-03 FER=1.93e-01
2025-10-29 06:33:55,145 | INFO | Epoch 652 Train Time 25.448541164398193s

2025-10-29 06:34:21,976 | INFO | Training epoch 653, Batch 1000/1000: LR=7.62e-05, Loss=1.92e-02 BER=7.00e-03 FER=1.91e-01
2025-10-29 06:34:22,023 | INFO | Epoch 653 Train Time 26.877344608306885s

2025-10-29 06:34:48,923 | INFO | Training epoch 654, Batch 1000/1000: LR=7.62e-05, Loss=1.91e-02 BER=6.97e-03 FER=1.91e-01
2025-10-29 06:34:48,986 | INFO | Epoch 654 Train Time 26.962780475616455s

2025-10-29 06:35:16,977 | INFO | Training epoch 655, Batch 1000/1000: LR=7.61e-05, Loss=1.94e-02 BER=7.06e-03 FER=1.93e-01
2025-10-29 06:35:17,029 | INFO | Epoch 655 Train Time 28.041324615478516s

2025-10-29 06:35:43,410 | INFO | Training epoch 656, Batch 1000/1000: LR=7.60e-05, Loss=1.94e-02 BER=7.06e-03 FER=1.93e-01
2025-10-29 06:35:43,472 | INFO | Epoch 656 Train Time 26.443379878997803s

2025-10-29 06:36:12,093 | INFO | Training epoch 657, Batch 1000/1000: LR=7.60e-05, Loss=1.92e-02 BER=6.97e-03 FER=1.90e-01
2025-10-29 06:36:12,153 | INFO | Epoch 657 Train Time 28.6802921295166s

2025-10-29 06:36:39,513 | INFO | Training epoch 658, Batch 1000/1000: LR=7.59e-05, Loss=1.94e-02 BER=7.06e-03 FER=1.93e-01
2025-10-29 06:36:39,586 | INFO | Epoch 658 Train Time 27.431968927383423s

2025-10-29 06:37:06,904 | INFO | Training epoch 659, Batch 1000/1000: LR=7.58e-05, Loss=1.92e-02 BER=6.98e-03 FER=1.90e-01
2025-10-29 06:37:06,977 | INFO | Epoch 659 Train Time 27.39033794403076s

2025-10-29 06:37:34,991 | INFO | Training epoch 660, Batch 1000/1000: LR=7.58e-05, Loss=1.92e-02 BER=7.03e-03 FER=1.91e-01
2025-10-29 06:37:35,051 | INFO | Epoch 660 Train Time 28.07309341430664s

2025-10-29 06:38:02,685 | INFO | Training epoch 661, Batch 1000/1000: LR=7.57e-05, Loss=1.93e-02 BER=7.03e-03 FER=1.93e-01
2025-10-29 06:38:02,738 | INFO | Epoch 661 Train Time 27.685813665390015s

2025-10-29 06:38:30,635 | INFO | Training epoch 662, Batch 1000/1000: LR=7.56e-05, Loss=1.94e-02 BER=7.10e-03 FER=1.93e-01
2025-10-29 06:38:30,694 | INFO | Epoch 662 Train Time 27.95559787750244s

2025-10-29 06:38:57,467 | INFO | Training epoch 663, Batch 1000/1000: LR=7.56e-05, Loss=1.92e-02 BER=6.99e-03 FER=1.91e-01
2025-10-29 06:38:57,519 | INFO | Epoch 663 Train Time 26.824314832687378s

2025-10-29 06:39:24,766 | INFO | Training epoch 664, Batch 1000/1000: LR=7.55e-05, Loss=1.90e-02 BER=6.96e-03 FER=1.90e-01
2025-10-29 06:39:24,816 | INFO | Epoch 664 Train Time 27.297287225723267s

2025-10-29 06:39:52,156 | INFO | Training epoch 665, Batch 1000/1000: LR=7.54e-05, Loss=1.91e-02 BER=7.00e-03 FER=1.91e-01
2025-10-29 06:39:52,231 | INFO | Epoch 665 Train Time 27.413830995559692s

2025-10-29 06:40:19,389 | INFO | Training epoch 666, Batch 1000/1000: LR=7.54e-05, Loss=1.92e-02 BER=7.06e-03 FER=1.93e-01
2025-10-29 06:40:19,455 | INFO | Epoch 666 Train Time 27.223330974578857s

2025-10-29 06:40:47,316 | INFO | Training epoch 667, Batch 1000/1000: LR=7.53e-05, Loss=1.91e-02 BER=6.96e-03 FER=1.91e-01
2025-10-29 06:40:47,383 | INFO | Epoch 667 Train Time 27.927257776260376s

2025-10-29 06:41:14,892 | INFO | Training epoch 668, Batch 1000/1000: LR=7.52e-05, Loss=1.92e-02 BER=6.97e-03 FER=1.91e-01
2025-10-29 06:41:14,948 | INFO | Epoch 668 Train Time 27.564037322998047s

2025-10-29 06:41:42,784 | INFO | Training epoch 669, Batch 1000/1000: LR=7.52e-05, Loss=1.91e-02 BER=6.96e-03 FER=1.91e-01
2025-10-29 06:41:42,840 | INFO | Epoch 669 Train Time 27.890960454940796s

2025-10-29 06:42:10,498 | INFO | Training epoch 670, Batch 1000/1000: LR=7.51e-05, Loss=1.91e-02 BER=6.96e-03 FER=1.91e-01
2025-10-29 06:42:10,550 | INFO | Epoch 670 Train Time 27.70969247817993s

2025-10-29 06:42:38,664 | INFO | Training epoch 671, Batch 1000/1000: LR=7.50e-05, Loss=1.93e-02 BER=7.03e-03 FER=1.92e-01
2025-10-29 06:42:38,726 | INFO | Epoch 671 Train Time 28.17499566078186s

2025-10-29 06:43:06,329 | INFO | Training epoch 672, Batch 1000/1000: LR=7.50e-05, Loss=1.93e-02 BER=7.03e-03 FER=1.92e-01
2025-10-29 06:43:06,394 | INFO | Epoch 672 Train Time 27.667276859283447s

2025-10-29 06:43:32,932 | INFO | Training epoch 673, Batch 1000/1000: LR=7.49e-05, Loss=1.94e-02 BER=7.01e-03 FER=1.92e-01
2025-10-29 06:43:32,993 | INFO | Epoch 673 Train Time 26.598623991012573s

2025-10-29 06:43:59,601 | INFO | Training epoch 674, Batch 1000/1000: LR=7.48e-05, Loss=1.91e-02 BER=6.92e-03 FER=1.90e-01
2025-10-29 06:43:59,665 | INFO | Epoch 674 Train Time 26.67172646522522s

2025-10-29 06:44:26,423 | INFO | Training epoch 675, Batch 1000/1000: LR=7.48e-05, Loss=1.92e-02 BER=7.02e-03 FER=1.92e-01
2025-10-29 06:44:26,475 | INFO | Epoch 675 Train Time 26.809258222579956s

2025-10-29 06:44:54,800 | INFO | Training epoch 676, Batch 1000/1000: LR=7.47e-05, Loss=1.93e-02 BER=7.03e-03 FER=1.93e-01
2025-10-29 06:44:54,869 | INFO | Epoch 676 Train Time 28.393088817596436s

2025-10-29 06:45:21,096 | INFO | Training epoch 677, Batch 1000/1000: LR=7.46e-05, Loss=1.93e-02 BER=7.03e-03 FER=1.92e-01
2025-10-29 06:45:21,152 | INFO | Epoch 677 Train Time 26.282097339630127s

2025-10-29 06:45:47,342 | INFO | Training epoch 678, Batch 1000/1000: LR=7.46e-05, Loss=1.93e-02 BER=7.03e-03 FER=1.92e-01
2025-10-29 06:45:47,412 | INFO | Epoch 678 Train Time 26.25960087776184s

2025-10-29 06:46:13,872 | INFO | Training epoch 679, Batch 1000/1000: LR=7.45e-05, Loss=1.90e-02 BER=6.92e-03 FER=1.90e-01
2025-10-29 06:46:13,937 | INFO | Epoch 679 Train Time 26.52474069595337s

2025-10-29 06:46:41,702 | INFO | Training epoch 680, Batch 1000/1000: LR=7.44e-05, Loss=1.91e-02 BER=6.94e-03 FER=1.91e-01
2025-10-29 06:46:41,756 | INFO | Epoch 680 Train Time 27.818296670913696s

2025-10-29 06:47:07,268 | INFO | Training epoch 681, Batch 1000/1000: LR=7.43e-05, Loss=1.91e-02 BER=6.99e-03 FER=1.92e-01
2025-10-29 06:47:07,335 | INFO | Epoch 681 Train Time 25.57840061187744s

2025-10-29 06:47:33,342 | INFO | Training epoch 682, Batch 1000/1000: LR=7.43e-05, Loss=1.92e-02 BER=7.02e-03 FER=1.93e-01
2025-10-29 06:47:33,403 | INFO | Epoch 682 Train Time 26.06686544418335s

2025-10-29 06:48:01,565 | INFO | Training epoch 683, Batch 1000/1000: LR=7.42e-05, Loss=1.91e-02 BER=6.94e-03 FER=1.90e-01
2025-10-29 06:48:01,620 | INFO | Epoch 683 Train Time 28.21629786491394s

2025-10-29 06:48:29,090 | INFO | Training epoch 684, Batch 1000/1000: LR=7.41e-05, Loss=1.91e-02 BER=6.95e-03 FER=1.90e-01
2025-10-29 06:48:29,136 | INFO | Epoch 684 Train Time 27.51561450958252s

2025-10-29 06:48:55,312 | INFO | Training epoch 685, Batch 1000/1000: LR=7.41e-05, Loss=1.91e-02 BER=6.99e-03 FER=1.91e-01
2025-10-29 06:48:55,374 | INFO | Epoch 685 Train Time 26.23710823059082s

2025-10-29 06:49:21,460 | INFO | Training epoch 686, Batch 1000/1000: LR=7.40e-05, Loss=1.93e-02 BER=6.99e-03 FER=1.91e-01
2025-10-29 06:49:21,534 | INFO | Epoch 686 Train Time 26.15995740890503s

2025-10-29 06:49:48,818 | INFO | Training epoch 687, Batch 1000/1000: LR=7.39e-05, Loss=1.92e-02 BER=6.97e-03 FER=1.90e-01
2025-10-29 06:49:48,867 | INFO | Epoch 687 Train Time 27.33159565925598s

2025-10-29 06:50:15,088 | INFO | Training epoch 688, Batch 1000/1000: LR=7.39e-05, Loss=1.92e-02 BER=6.95e-03 FER=1.91e-01
2025-10-29 06:50:15,154 | INFO | Epoch 688 Train Time 26.286257028579712s

2025-10-29 06:50:43,096 | INFO | Training epoch 689, Batch 1000/1000: LR=7.38e-05, Loss=1.92e-02 BER=6.98e-03 FER=1.91e-01
2025-10-29 06:50:43,160 | INFO | Epoch 689 Train Time 28.005574464797974s

2025-10-29 06:51:09,493 | INFO | Training epoch 690, Batch 1000/1000: LR=7.37e-05, Loss=1.92e-02 BER=6.96e-03 FER=1.91e-01
2025-10-29 06:51:09,547 | INFO | Epoch 690 Train Time 26.38616108894348s

2025-10-29 06:51:35,628 | INFO | Training epoch 691, Batch 1000/1000: LR=7.37e-05, Loss=1.91e-02 BER=6.98e-03 FER=1.91e-01
2025-10-29 06:51:35,695 | INFO | Epoch 691 Train Time 26.147270441055298s

2025-10-29 06:52:02,611 | INFO | Training epoch 692, Batch 1000/1000: LR=7.36e-05, Loss=1.90e-02 BER=6.89e-03 FER=1.89e-01
2025-10-29 06:52:02,671 | INFO | Epoch 692 Train Time 26.975221157073975s

2025-10-29 06:52:02,672 | INFO | [P2] saving best_model (QAT) with loss 0.018967 at epoch 692
2025-10-29 06:52:30,580 | INFO | Training epoch 693, Batch 1000/1000: LR=7.35e-05, Loss=1.93e-02 BER=7.06e-03 FER=1.92e-01
2025-10-29 06:52:30,641 | INFO | Epoch 693 Train Time 27.956398248672485s

2025-10-29 06:52:58,270 | INFO | Training epoch 694, Batch 1000/1000: LR=7.35e-05, Loss=1.91e-02 BER=6.99e-03 FER=1.91e-01
2025-10-29 06:52:58,335 | INFO | Epoch 694 Train Time 27.69309663772583s

2025-10-29 06:53:24,706 | INFO | Training epoch 695, Batch 1000/1000: LR=7.34e-05, Loss=1.90e-02 BER=6.90e-03 FER=1.89e-01
2025-10-29 06:53:24,768 | INFO | Epoch 695 Train Time 26.432076692581177s

2025-10-29 06:53:24,768 | INFO | [P2] saving best_model (QAT) with loss 0.018953 at epoch 695
2025-10-29 06:53:51,461 | INFO | Training epoch 696, Batch 1000/1000: LR=7.33e-05, Loss=1.92e-02 BER=7.00e-03 FER=1.92e-01
2025-10-29 06:53:51,519 | INFO | Epoch 696 Train Time 26.73465847969055s

2025-10-29 06:54:20,408 | INFO | Training epoch 697, Batch 1000/1000: LR=7.32e-05, Loss=1.92e-02 BER=6.96e-03 FER=1.91e-01
2025-10-29 06:54:20,472 | INFO | Epoch 697 Train Time 28.952366590499878s

2025-10-29 06:54:47,075 | INFO | Training epoch 698, Batch 1000/1000: LR=7.32e-05, Loss=1.91e-02 BER=6.93e-03 FER=1.89e-01
2025-10-29 06:54:47,126 | INFO | Epoch 698 Train Time 26.652469635009766s

2025-10-29 06:55:14,868 | INFO | Training epoch 699, Batch 1000/1000: LR=7.31e-05, Loss=1.90e-02 BER=6.95e-03 FER=1.90e-01
2025-10-29 06:55:14,934 | INFO | Epoch 699 Train Time 27.807331562042236s

2025-10-29 06:55:41,605 | INFO | Training epoch 700, Batch 1000/1000: LR=7.30e-05, Loss=1.93e-02 BER=7.02e-03 FER=1.92e-01
2025-10-29 06:55:41,668 | INFO | Epoch 700 Train Time 26.73339533805847s

2025-10-29 06:56:09,681 | INFO | Training epoch 701, Batch 1000/1000: LR=7.30e-05, Loss=1.93e-02 BER=7.04e-03 FER=1.92e-01
2025-10-29 06:56:09,733 | INFO | Epoch 701 Train Time 28.06417942047119s

2025-10-29 06:56:37,971 | INFO | Training epoch 702, Batch 1000/1000: LR=7.29e-05, Loss=1.89e-02 BER=6.90e-03 FER=1.89e-01
2025-10-29 06:56:38,025 | INFO | Epoch 702 Train Time 28.291361570358276s

2025-10-29 06:56:38,026 | INFO | [P2] saving best_model (QAT) with loss 0.018949 at epoch 702
2025-10-29 06:57:05,951 | INFO | Training epoch 703, Batch 1000/1000: LR=7.28e-05, Loss=1.92e-02 BER=7.00e-03 FER=1.92e-01
2025-10-29 06:57:06,020 | INFO | Epoch 703 Train Time 27.97014617919922s

2025-10-29 06:57:33,079 | INFO | Training epoch 704, Batch 1000/1000: LR=7.28e-05, Loss=1.92e-02 BER=7.01e-03 FER=1.91e-01
2025-10-29 06:57:33,151 | INFO | Epoch 704 Train Time 27.130434274673462s

2025-10-29 06:57:59,304 | INFO | Training epoch 705, Batch 1000/1000: LR=7.27e-05, Loss=1.90e-02 BER=6.89e-03 FER=1.89e-01
2025-10-29 06:57:59,364 | INFO | Epoch 705 Train Time 26.212552070617676s

2025-10-29 06:58:26,247 | INFO | Training epoch 706, Batch 1000/1000: LR=7.26e-05, Loss=1.90e-02 BER=6.95e-03 FER=1.90e-01
2025-10-29 06:58:26,311 | INFO | Epoch 706 Train Time 26.945977449417114s

2025-10-29 06:58:52,867 | INFO | Training epoch 707, Batch 1000/1000: LR=7.26e-05, Loss=1.90e-02 BER=6.95e-03 FER=1.91e-01
2025-10-29 06:58:52,940 | INFO | Epoch 707 Train Time 26.62856149673462s

2025-10-29 06:59:20,700 | INFO | Training epoch 708, Batch 1000/1000: LR=7.25e-05, Loss=1.92e-02 BER=6.95e-03 FER=1.91e-01
2025-10-29 06:59:20,768 | INFO | Epoch 708 Train Time 27.827291011810303s

2025-10-29 06:59:48,453 | INFO | Training epoch 709, Batch 1000/1000: LR=7.24e-05, Loss=1.91e-02 BER=6.95e-03 FER=1.90e-01
2025-10-29 06:59:48,514 | INFO | Epoch 709 Train Time 27.7447190284729s

2025-10-29 07:00:16,171 | INFO | Training epoch 710, Batch 1000/1000: LR=7.23e-05, Loss=1.90e-02 BER=6.95e-03 FER=1.90e-01
2025-10-29 07:00:16,229 | INFO | Epoch 710 Train Time 27.714077711105347s

2025-10-29 07:00:43,070 | INFO | Training epoch 711, Batch 1000/1000: LR=7.23e-05, Loss=1.93e-02 BER=7.08e-03 FER=1.92e-01
2025-10-29 07:00:43,127 | INFO | Epoch 711 Train Time 26.89703893661499s

2025-10-29 07:01:09,847 | INFO | Training epoch 712, Batch 1000/1000: LR=7.22e-05, Loss=1.92e-02 BER=6.97e-03 FER=1.89e-01
2025-10-29 07:01:09,919 | INFO | Epoch 712 Train Time 26.79209613800049s

2025-10-29 07:01:36,948 | INFO | Training epoch 713, Batch 1000/1000: LR=7.21e-05, Loss=1.94e-02 BER=7.08e-03 FER=1.92e-01
2025-10-29 07:01:37,013 | INFO | Epoch 713 Train Time 27.09310793876648s

2025-10-29 07:02:04,458 | INFO | Training epoch 714, Batch 1000/1000: LR=7.21e-05, Loss=1.91e-02 BER=6.98e-03 FER=1.91e-01
2025-10-29 07:02:04,525 | INFO | Epoch 714 Train Time 27.51139235496521s

2025-10-29 07:02:31,774 | INFO | Training epoch 715, Batch 1000/1000: LR=7.20e-05, Loss=1.92e-02 BER=7.01e-03 FER=1.92e-01
2025-10-29 07:02:31,839 | INFO | Epoch 715 Train Time 27.312423706054688s

2025-10-29 07:03:01,120 | INFO | Training epoch 716, Batch 1000/1000: LR=7.19e-05, Loss=1.92e-02 BER=6.99e-03 FER=1.91e-01
2025-10-29 07:03:01,185 | INFO | Epoch 716 Train Time 29.345075130462646s

2025-10-29 07:03:30,269 | INFO | Training epoch 717, Batch 1000/1000: LR=7.19e-05, Loss=1.91e-02 BER=6.95e-03 FER=1.90e-01
2025-10-29 07:03:30,328 | INFO | Epoch 717 Train Time 29.142455101013184s

2025-10-29 07:03:57,981 | INFO | Training epoch 718, Batch 1000/1000: LR=7.18e-05, Loss=1.91e-02 BER=6.96e-03 FER=1.90e-01
2025-10-29 07:03:58,038 | INFO | Epoch 718 Train Time 27.7096266746521s

2025-10-29 07:04:25,028 | INFO | Training epoch 719, Batch 1000/1000: LR=7.17e-05, Loss=1.91e-02 BER=7.00e-03 FER=1.90e-01
2025-10-29 07:04:25,075 | INFO | Epoch 719 Train Time 27.03610873222351s

2025-10-29 07:04:53,074 | INFO | Training epoch 720, Batch 1000/1000: LR=7.16e-05, Loss=1.90e-02 BER=6.94e-03 FER=1.90e-01
2025-10-29 07:04:53,132 | INFO | Epoch 720 Train Time 28.05565047264099s

2025-10-29 07:05:20,001 | INFO | Training epoch 721, Batch 1000/1000: LR=7.16e-05, Loss=1.90e-02 BER=6.97e-03 FER=1.90e-01
2025-10-29 07:05:20,066 | INFO | Epoch 721 Train Time 26.933291912078857s

2025-10-29 07:05:47,271 | INFO | Training epoch 722, Batch 1000/1000: LR=7.15e-05, Loss=1.90e-02 BER=6.90e-03 FER=1.90e-01
2025-10-29 07:05:47,335 | INFO | Epoch 722 Train Time 27.26788091659546s

2025-10-29 07:06:14,862 | INFO | Training epoch 723, Batch 1000/1000: LR=7.14e-05, Loss=1.93e-02 BER=7.03e-03 FER=1.92e-01
2025-10-29 07:06:14,923 | INFO | Epoch 723 Train Time 27.587445974349976s

2025-10-29 07:06:43,020 | INFO | Training epoch 724, Batch 1000/1000: LR=7.14e-05, Loss=1.92e-02 BER=6.98e-03 FER=1.90e-01
2025-10-29 07:06:43,084 | INFO | Epoch 724 Train Time 28.160403728485107s

2025-10-29 07:07:09,275 | INFO | Training epoch 725, Batch 1000/1000: LR=7.13e-05, Loss=1.91e-02 BER=6.94e-03 FER=1.91e-01
2025-10-29 07:07:09,323 | INFO | Epoch 725 Train Time 26.238811016082764s

2025-10-29 07:07:36,083 | INFO | Training epoch 726, Batch 1000/1000: LR=7.12e-05, Loss=1.93e-02 BER=7.05e-03 FER=1.93e-01
2025-10-29 07:07:36,136 | INFO | Epoch 726 Train Time 26.812057495117188s

2025-10-29 07:08:01,969 | INFO | Training epoch 727, Batch 1000/1000: LR=7.12e-05, Loss=1.93e-02 BER=7.04e-03 FER=1.92e-01
2025-10-29 07:08:02,031 | INFO | Epoch 727 Train Time 25.893893003463745s

2025-10-29 07:08:28,360 | INFO | Training epoch 728, Batch 1000/1000: LR=7.11e-05, Loss=1.92e-02 BER=7.00e-03 FER=1.92e-01
2025-10-29 07:08:28,421 | INFO | Epoch 728 Train Time 26.38977336883545s

2025-10-29 07:08:56,302 | INFO | Training epoch 729, Batch 1000/1000: LR=7.10e-05, Loss=1.92e-02 BER=7.04e-03 FER=1.91e-01
2025-10-29 07:08:56,363 | INFO | Epoch 729 Train Time 27.940670013427734s

2025-10-29 07:09:24,137 | INFO | Training epoch 730, Batch 1000/1000: LR=7.09e-05, Loss=1.92e-02 BER=6.99e-03 FER=1.92e-01
2025-10-29 07:09:24,197 | INFO | Epoch 730 Train Time 27.832419872283936s

2025-10-29 07:09:50,501 | INFO | Training epoch 731, Batch 1000/1000: LR=7.09e-05, Loss=1.91e-02 BER=6.95e-03 FER=1.90e-01
2025-10-29 07:09:50,567 | INFO | Epoch 731 Train Time 26.36953592300415s

2025-10-29 07:10:17,903 | INFO | Training epoch 732, Batch 1000/1000: LR=7.08e-05, Loss=1.89e-02 BER=6.89e-03 FER=1.89e-01
2025-10-29 07:10:17,963 | INFO | Epoch 732 Train Time 27.395798683166504s

2025-10-29 07:10:17,964 | INFO | [P2] saving best_model (QAT) with loss 0.018895 at epoch 732
2025-10-29 07:10:45,133 | INFO | Training epoch 733, Batch 1000/1000: LR=7.07e-05, Loss=1.93e-02 BER=7.04e-03 FER=1.93e-01
2025-10-29 07:10:45,213 | INFO | Epoch 733 Train Time 27.229900598526s

2025-10-29 07:11:12,634 | INFO | Training epoch 734, Batch 1000/1000: LR=7.07e-05, Loss=1.91e-02 BER=6.95e-03 FER=1.90e-01
2025-10-29 07:11:12,692 | INFO | Epoch 734 Train Time 27.47907853126526s

2025-10-29 07:11:41,210 | INFO | Training epoch 735, Batch 1000/1000: LR=7.06e-05, Loss=1.89e-02 BER=6.87e-03 FER=1.87e-01
2025-10-29 07:11:41,267 | INFO | Epoch 735 Train Time 28.573835372924805s

2025-10-29 07:11:41,267 | INFO | [P2] saving best_model (QAT) with loss 0.018861 at epoch 735
2025-10-29 07:12:07,498 | INFO | Training epoch 736, Batch 1000/1000: LR=7.05e-05, Loss=1.90e-02 BER=6.97e-03 FER=1.90e-01
2025-10-29 07:12:07,552 | INFO | Epoch 736 Train Time 26.273410081863403s

2025-10-29 07:12:34,266 | INFO | Training epoch 737, Batch 1000/1000: LR=7.04e-05, Loss=1.91e-02 BER=6.96e-03 FER=1.89e-01
2025-10-29 07:12:34,328 | INFO | Epoch 737 Train Time 26.775919198989868s

2025-10-29 07:12:59,245 | INFO | Training epoch 738, Batch 1000/1000: LR=7.04e-05, Loss=1.91e-02 BER=6.98e-03 FER=1.91e-01
2025-10-29 07:12:59,290 | INFO | Epoch 738 Train Time 24.961350679397583s

2025-10-29 07:13:26,616 | INFO | Training epoch 739, Batch 1000/1000: LR=7.03e-05, Loss=1.92e-02 BER=7.03e-03 FER=1.90e-01
2025-10-29 07:13:26,688 | INFO | Epoch 739 Train Time 27.39697551727295s

2025-10-29 07:13:53,335 | INFO | Training epoch 740, Batch 1000/1000: LR=7.02e-05, Loss=1.90e-02 BER=6.97e-03 FER=1.89e-01
2025-10-29 07:13:53,377 | INFO | Epoch 740 Train Time 26.688856601715088s

2025-10-29 07:14:20,744 | INFO | Training epoch 741, Batch 1000/1000: LR=7.02e-05, Loss=1.91e-02 BER=6.97e-03 FER=1.89e-01
2025-10-29 07:14:20,799 | INFO | Epoch 741 Train Time 27.42122459411621s

2025-10-29 07:14:46,451 | INFO | Training epoch 742, Batch 1000/1000: LR=7.01e-05, Loss=1.91e-02 BER=6.96e-03 FER=1.90e-01
2025-10-29 07:14:46,520 | INFO | Epoch 742 Train Time 25.71975064277649s

2025-10-29 07:15:13,209 | INFO | Training epoch 743, Batch 1000/1000: LR=7.00e-05, Loss=1.93e-02 BER=7.04e-03 FER=1.91e-01
2025-10-29 07:15:13,270 | INFO | Epoch 743 Train Time 26.749422550201416s

2025-10-29 07:15:41,037 | INFO | Training epoch 744, Batch 1000/1000: LR=6.99e-05, Loss=1.91e-02 BER=6.99e-03 FER=1.91e-01
2025-10-29 07:15:41,084 | INFO | Epoch 744 Train Time 27.81349802017212s

2025-10-29 07:16:06,847 | INFO | Training epoch 745, Batch 1000/1000: LR=6.99e-05, Loss=1.91e-02 BER=6.94e-03 FER=1.90e-01
2025-10-29 07:16:06,906 | INFO | Epoch 745 Train Time 25.821901559829712s

2025-10-29 07:16:33,132 | INFO | Training epoch 746, Batch 1000/1000: LR=6.98e-05, Loss=1.91e-02 BER=6.96e-03 FER=1.90e-01
2025-10-29 07:16:33,192 | INFO | Epoch 746 Train Time 26.28484320640564s

2025-10-29 07:16:59,260 | INFO | Training epoch 747, Batch 1000/1000: LR=6.97e-05, Loss=1.92e-02 BER=7.02e-03 FER=1.91e-01
2025-10-29 07:16:59,299 | INFO | Epoch 747 Train Time 26.106836318969727s

2025-10-29 07:17:25,650 | INFO | Training epoch 748, Batch 1000/1000: LR=6.97e-05, Loss=1.91e-02 BER=6.94e-03 FER=1.91e-01
2025-10-29 07:17:25,693 | INFO | Epoch 748 Train Time 26.392781972885132s

2025-10-29 07:17:53,111 | INFO | Training epoch 749, Batch 1000/1000: LR=6.96e-05, Loss=1.90e-02 BER=6.90e-03 FER=1.89e-01
2025-10-29 07:17:53,169 | INFO | Epoch 749 Train Time 27.475934982299805s

2025-10-29 07:18:19,202 | INFO | Training epoch 750, Batch 1000/1000: LR=6.95e-05, Loss=1.90e-02 BER=6.95e-03 FER=1.90e-01
2025-10-29 07:18:19,265 | INFO | Epoch 750 Train Time 26.09556746482849s

2025-10-29 07:18:45,871 | INFO | Training epoch 751, Batch 1000/1000: LR=6.94e-05, Loss=1.91e-02 BER=6.97e-03 FER=1.89e-01
2025-10-29 07:18:45,919 | INFO | Epoch 751 Train Time 26.65338635444641s

2025-10-29 07:19:13,245 | INFO | Training epoch 752, Batch 1000/1000: LR=6.94e-05, Loss=1.90e-02 BER=6.97e-03 FER=1.91e-01
2025-10-29 07:19:13,304 | INFO | Epoch 752 Train Time 27.38448214530945s

2025-10-29 07:19:38,925 | INFO | Training epoch 753, Batch 1000/1000: LR=6.93e-05, Loss=1.91e-02 BER=6.93e-03 FER=1.90e-01
2025-10-29 07:19:38,966 | INFO | Epoch 753 Train Time 25.66068172454834s

2025-10-29 07:20:04,973 | INFO | Training epoch 754, Batch 1000/1000: LR=6.92e-05, Loss=1.89e-02 BER=6.92e-03 FER=1.89e-01
2025-10-29 07:20:05,027 | INFO | Epoch 754 Train Time 26.06110668182373s

2025-10-29 07:20:31,368 | INFO | Training epoch 755, Batch 1000/1000: LR=6.92e-05, Loss=1.90e-02 BER=6.93e-03 FER=1.90e-01
2025-10-29 07:20:31,416 | INFO | Epoch 755 Train Time 26.3882474899292s

2025-10-29 07:20:57,451 | INFO | Training epoch 756, Batch 1000/1000: LR=6.91e-05, Loss=1.90e-02 BER=6.92e-03 FER=1.90e-01
2025-10-29 07:20:57,515 | INFO | Epoch 756 Train Time 26.09851360321045s

2025-10-29 07:21:24,219 | INFO | Training epoch 757, Batch 1000/1000: LR=6.90e-05, Loss=1.92e-02 BER=6.99e-03 FER=1.90e-01
2025-10-29 07:21:24,274 | INFO | Epoch 757 Train Time 26.758113145828247s

2025-10-29 07:21:50,563 | INFO | Training epoch 758, Batch 1000/1000: LR=6.89e-05, Loss=1.89e-02 BER=6.88e-03 FER=1.89e-01
2025-10-29 07:21:50,634 | INFO | Epoch 758 Train Time 26.359289169311523s

2025-10-29 07:22:18,241 | INFO | Training epoch 759, Batch 1000/1000: LR=6.89e-05, Loss=1.90e-02 BER=6.93e-03 FER=1.90e-01
2025-10-29 07:22:18,301 | INFO | Epoch 759 Train Time 27.66574192047119s

2025-10-29 07:22:44,195 | INFO | Training epoch 760, Batch 1000/1000: LR=6.88e-05, Loss=1.90e-02 BER=6.93e-03 FER=1.89e-01
2025-10-29 07:22:44,246 | INFO | Epoch 760 Train Time 25.94456672668457s

2025-10-29 07:23:11,375 | INFO | Training epoch 761, Batch 1000/1000: LR=6.87e-05, Loss=1.89e-02 BER=6.91e-03 FER=1.89e-01
2025-10-29 07:23:11,425 | INFO | Epoch 761 Train Time 27.178351163864136s

2025-10-29 07:23:38,445 | INFO | Training epoch 762, Batch 1000/1000: LR=6.86e-05, Loss=1.89e-02 BER=6.92e-03 FER=1.88e-01
2025-10-29 07:23:38,504 | INFO | Epoch 762 Train Time 27.07792019844055s

2025-10-29 07:24:07,327 | INFO | Training epoch 763, Batch 1000/1000: LR=6.86e-05, Loss=1.91e-02 BER=6.96e-03 FER=1.90e-01
2025-10-29 07:24:07,388 | INFO | Epoch 763 Train Time 28.883559942245483s

2025-10-29 07:24:33,758 | INFO | Training epoch 764, Batch 1000/1000: LR=6.85e-05, Loss=1.91e-02 BER=6.96e-03 FER=1.90e-01
2025-10-29 07:24:33,819 | INFO | Epoch 764 Train Time 26.430546283721924s

2025-10-29 07:25:01,096 | INFO | Training epoch 765, Batch 1000/1000: LR=6.84e-05, Loss=1.91e-02 BER=6.94e-03 FER=1.90e-01
2025-10-29 07:25:01,161 | INFO | Epoch 765 Train Time 27.34075427055359s

2025-10-29 07:25:28,240 | INFO | Training epoch 766, Batch 1000/1000: LR=6.84e-05, Loss=1.90e-02 BER=6.95e-03 FER=1.89e-01
2025-10-29 07:25:28,295 | INFO | Epoch 766 Train Time 27.133744716644287s

2025-10-29 07:25:58,008 | INFO | Training epoch 767, Batch 1000/1000: LR=6.83e-05, Loss=1.89e-02 BER=6.88e-03 FER=1.88e-01
2025-10-29 07:25:58,061 | INFO | Epoch 767 Train Time 29.764909029006958s

2025-10-29 07:26:25,561 | INFO | Training epoch 768, Batch 1000/1000: LR=6.82e-05, Loss=1.89e-02 BER=6.91e-03 FER=1.89e-01
2025-10-29 07:26:25,611 | INFO | Epoch 768 Train Time 27.54959750175476s

2025-10-29 07:26:52,992 | INFO | Training epoch 769, Batch 1000/1000: LR=6.81e-05, Loss=1.90e-02 BER=6.94e-03 FER=1.90e-01
2025-10-29 07:26:53,054 | INFO | Epoch 769 Train Time 27.44242215156555s

2025-10-29 07:27:18,916 | INFO | Training epoch 770, Batch 1000/1000: LR=6.81e-05, Loss=1.88e-02 BER=6.84e-03 FER=1.86e-01
2025-10-29 07:27:18,972 | INFO | Epoch 770 Train Time 25.916722059249878s

2025-10-29 07:27:18,972 | INFO | [P2] saving best_model (QAT) with loss 0.018790 at epoch 770
2025-10-29 07:27:45,478 | INFO | Training epoch 771, Batch 1000/1000: LR=6.80e-05, Loss=1.89e-02 BER=6.85e-03 FER=1.87e-01
2025-10-29 07:27:45,524 | INFO | Epoch 771 Train Time 26.53760838508606s

2025-10-29 07:28:13,307 | INFO | Training epoch 772, Batch 1000/1000: LR=6.79e-05, Loss=1.87e-02 BER=6.77e-03 FER=1.88e-01
2025-10-29 07:28:13,360 | INFO | Epoch 772 Train Time 27.835955381393433s

2025-10-29 07:28:13,361 | INFO | [P2] saving best_model (QAT) with loss 0.018680 at epoch 772
2025-10-29 07:28:40,575 | INFO | Training epoch 773, Batch 1000/1000: LR=6.79e-05, Loss=1.90e-02 BER=6.92e-03 FER=1.88e-01
2025-10-29 07:28:40,629 | INFO | Epoch 773 Train Time 27.260202884674072s

2025-10-29 07:29:06,119 | INFO | Training epoch 774, Batch 1000/1000: LR=6.78e-05, Loss=1.92e-02 BER=6.99e-03 FER=1.91e-01
2025-10-29 07:29:06,171 | INFO | Epoch 774 Train Time 25.540695428848267s

2025-10-29 07:29:32,180 | INFO | Training epoch 775, Batch 1000/1000: LR=6.77e-05, Loss=1.91e-02 BER=6.95e-03 FER=1.89e-01
2025-10-29 07:29:32,238 | INFO | Epoch 775 Train Time 26.066450357437134s

2025-10-29 07:29:59,667 | INFO | Training epoch 776, Batch 1000/1000: LR=6.76e-05, Loss=1.89e-02 BER=6.89e-03 FER=1.88e-01
2025-10-29 07:29:59,720 | INFO | Epoch 776 Train Time 27.481119632720947s

2025-10-29 07:30:26,809 | INFO | Training epoch 777, Batch 1000/1000: LR=6.76e-05, Loss=1.88e-02 BER=6.86e-03 FER=1.89e-01
2025-10-29 07:30:26,867 | INFO | Epoch 777 Train Time 27.146130323410034s

2025-10-29 07:30:54,050 | INFO | Training epoch 778, Batch 1000/1000: LR=6.75e-05, Loss=1.88e-02 BER=6.84e-03 FER=1.87e-01
2025-10-29 07:30:54,112 | INFO | Epoch 778 Train Time 27.24426770210266s

2025-10-29 07:31:21,127 | INFO | Training epoch 779, Batch 1000/1000: LR=6.74e-05, Loss=1.89e-02 BER=6.88e-03 FER=1.88e-01
2025-10-29 07:31:21,185 | INFO | Epoch 779 Train Time 27.07218647003174s

2025-10-29 07:31:48,177 | INFO | Training epoch 780, Batch 1000/1000: LR=6.73e-05, Loss=1.90e-02 BER=6.94e-03 FER=1.89e-01
2025-10-29 07:31:48,232 | INFO | Epoch 780 Train Time 27.046577215194702s

2025-10-29 07:32:14,882 | INFO | Training epoch 781, Batch 1000/1000: LR=6.73e-05, Loss=1.90e-02 BER=6.93e-03 FER=1.89e-01
2025-10-29 07:32:14,933 | INFO | Epoch 781 Train Time 26.699917554855347s

2025-10-29 07:32:41,495 | INFO | Training epoch 782, Batch 1000/1000: LR=6.72e-05, Loss=1.91e-02 BER=6.95e-03 FER=1.89e-01
2025-10-29 07:32:41,545 | INFO | Epoch 782 Train Time 26.611388206481934s

2025-10-29 07:33:07,420 | INFO | Training epoch 783, Batch 1000/1000: LR=6.71e-05, Loss=1.90e-02 BER=6.91e-03 FER=1.88e-01
2025-10-29 07:33:07,476 | INFO | Epoch 783 Train Time 25.930684804916382s

2025-10-29 07:33:34,139 | INFO | Training epoch 784, Batch 1000/1000: LR=6.70e-05, Loss=1.93e-02 BER=7.08e-03 FER=1.91e-01
2025-10-29 07:33:34,201 | INFO | Epoch 784 Train Time 26.723517417907715s

2025-10-29 07:34:00,865 | INFO | Training epoch 785, Batch 1000/1000: LR=6.70e-05, Loss=1.89e-02 BER=6.87e-03 FER=1.89e-01
2025-10-29 07:34:00,924 | INFO | Epoch 785 Train Time 26.72214961051941s

2025-10-29 07:34:28,706 | INFO | Training epoch 786, Batch 1000/1000: LR=6.69e-05, Loss=1.89e-02 BER=6.86e-03 FER=1.89e-01
2025-10-29 07:34:28,764 | INFO | Epoch 786 Train Time 27.83926010131836s

2025-10-29 07:34:56,091 | INFO | Training epoch 787, Batch 1000/1000: LR=6.68e-05, Loss=1.90e-02 BER=6.93e-03 FER=1.89e-01
2025-10-29 07:34:56,154 | INFO | Epoch 787 Train Time 27.3899028301239s

2025-10-29 07:35:22,542 | INFO | Training epoch 788, Batch 1000/1000: LR=6.68e-05, Loss=1.91e-02 BER=7.00e-03 FER=1.89e-01
2025-10-29 07:35:22,595 | INFO | Epoch 788 Train Time 26.439916849136353s

2025-10-29 07:35:49,227 | INFO | Training epoch 789, Batch 1000/1000: LR=6.67e-05, Loss=1.89e-02 BER=6.86e-03 FER=1.87e-01
2025-10-29 07:35:49,276 | INFO | Epoch 789 Train Time 26.680203199386597s

2025-10-29 07:36:14,846 | INFO | Training epoch 790, Batch 1000/1000: LR=6.66e-05, Loss=1.90e-02 BER=6.92e-03 FER=1.89e-01
2025-10-29 07:36:14,897 | INFO | Epoch 790 Train Time 25.620296716690063s

2025-10-29 07:36:43,008 | INFO | Training epoch 791, Batch 1000/1000: LR=6.65e-05, Loss=1.90e-02 BER=6.93e-03 FER=1.89e-01
2025-10-29 07:36:43,065 | INFO | Epoch 791 Train Time 28.16799283027649s

2025-10-29 07:37:10,347 | INFO | Training epoch 792, Batch 1000/1000: LR=6.65e-05, Loss=1.90e-02 BER=6.96e-03 FER=1.89e-01
2025-10-29 07:37:10,412 | INFO | Epoch 792 Train Time 27.346614837646484s

2025-10-29 07:37:38,173 | INFO | Training epoch 793, Batch 1000/1000: LR=6.64e-05, Loss=1.90e-02 BER=6.94e-03 FER=1.89e-01
2025-10-29 07:37:38,223 | INFO | Epoch 793 Train Time 27.809921264648438s

2025-10-29 07:38:04,550 | INFO | Training epoch 794, Batch 1000/1000: LR=6.63e-05, Loss=1.89e-02 BER=6.88e-03 FER=1.89e-01
2025-10-29 07:38:04,606 | INFO | Epoch 794 Train Time 26.383136510849s

2025-10-29 07:38:31,389 | INFO | Training epoch 795, Batch 1000/1000: LR=6.62e-05, Loss=1.88e-02 BER=6.88e-03 FER=1.86e-01
2025-10-29 07:38:31,440 | INFO | Epoch 795 Train Time 26.833104610443115s

2025-10-29 07:38:58,991 | INFO | Training epoch 796, Batch 1000/1000: LR=6.62e-05, Loss=1.89e-02 BER=6.88e-03 FER=1.88e-01
2025-10-29 07:38:59,050 | INFO | Epoch 796 Train Time 27.60953640937805s

2025-10-29 07:39:26,810 | INFO | Training epoch 797, Batch 1000/1000: LR=6.61e-05, Loss=1.89e-02 BER=6.88e-03 FER=1.89e-01
2025-10-29 07:39:26,871 | INFO | Epoch 797 Train Time 27.820250034332275s

2025-10-29 07:39:53,192 | INFO | Training epoch 798, Batch 1000/1000: LR=6.60e-05, Loss=1.87e-02 BER=6.83e-03 FER=1.87e-01
2025-10-29 07:39:53,255 | INFO | Epoch 798 Train Time 26.382538080215454s

2025-10-29 07:40:20,414 | INFO | Training epoch 799, Batch 1000/1000: LR=6.59e-05, Loss=1.87e-02 BER=6.81e-03 FER=1.87e-01
2025-10-29 07:40:20,465 | INFO | Epoch 799 Train Time 27.209137201309204s

2025-10-29 07:40:47,239 | INFO | Training epoch 800, Batch 1000/1000: LR=6.59e-05, Loss=1.87e-02 BER=6.87e-03 FER=1.88e-01
2025-10-29 07:40:47,288 | INFO | Epoch 800 Train Time 26.822635889053345s

2025-10-29 07:41:14,922 | INFO | Training epoch 801, Batch 1000/1000: LR=6.58e-05, Loss=1.90e-02 BER=6.94e-03 FER=1.89e-01
2025-10-29 07:41:14,974 | INFO | Epoch 801 Train Time 27.685776948928833s

2025-10-29 07:41:41,518 | INFO | Training epoch 802, Batch 1000/1000: LR=6.57e-05, Loss=1.87e-02 BER=6.80e-03 FER=1.86e-01
2025-10-29 07:41:41,575 | INFO | Epoch 802 Train Time 26.600563526153564s

2025-10-29 07:42:09,786 | INFO | Training epoch 803, Batch 1000/1000: LR=6.56e-05, Loss=1.90e-02 BER=6.92e-03 FER=1.89e-01
2025-10-29 07:42:09,840 | INFO | Epoch 803 Train Time 28.26335573196411s

2025-10-29 07:42:36,939 | INFO | Training epoch 804, Batch 1000/1000: LR=6.56e-05, Loss=1.90e-02 BER=6.91e-03 FER=1.90e-01
2025-10-29 07:42:37,007 | INFO | Epoch 804 Train Time 27.166556358337402s

2025-10-29 07:43:03,432 | INFO | Training epoch 805, Batch 1000/1000: LR=6.55e-05, Loss=1.88e-02 BER=6.86e-03 FER=1.88e-01
2025-10-29 07:43:03,492 | INFO | Epoch 805 Train Time 26.48387598991394s

2025-10-29 07:43:30,543 | INFO | Training epoch 806, Batch 1000/1000: LR=6.54e-05, Loss=1.88e-02 BER=6.89e-03 FER=1.88e-01
2025-10-29 07:43:30,616 | INFO | Epoch 806 Train Time 27.123535871505737s

2025-10-29 07:43:57,421 | INFO | Training epoch 807, Batch 1000/1000: LR=6.54e-05, Loss=1.88e-02 BER=6.85e-03 FER=1.88e-01
2025-10-29 07:43:57,464 | INFO | Epoch 807 Train Time 26.847837209701538s

2025-10-29 07:44:24,628 | INFO | Training epoch 808, Batch 1000/1000: LR=6.53e-05, Loss=1.87e-02 BER=6.83e-03 FER=1.86e-01
2025-10-29 07:44:24,678 | INFO | Epoch 808 Train Time 27.21329140663147s

2025-10-29 07:44:24,678 | INFO | [P2] saving best_model (QAT) with loss 0.018675 at epoch 808
2025-10-29 07:44:52,492 | INFO | Training epoch 809, Batch 1000/1000: LR=6.52e-05, Loss=1.89e-02 BER=6.93e-03 FER=1.90e-01
2025-10-29 07:44:52,544 | INFO | Epoch 809 Train Time 27.85157537460327s

2025-10-29 07:45:18,888 | INFO | Training epoch 810, Batch 1000/1000: LR=6.51e-05, Loss=1.89e-02 BER=6.90e-03 FER=1.88e-01
2025-10-29 07:45:18,946 | INFO | Epoch 810 Train Time 26.401020050048828s

2025-10-29 07:45:45,519 | INFO | Training epoch 811, Batch 1000/1000: LR=6.51e-05, Loss=1.91e-02 BER=7.01e-03 FER=1.90e-01
2025-10-29 07:45:45,584 | INFO | Epoch 811 Train Time 26.637906551361084s

2025-10-29 07:46:11,677 | INFO | Training epoch 812, Batch 1000/1000: LR=6.50e-05, Loss=1.89e-02 BER=6.88e-03 FER=1.88e-01
2025-10-29 07:46:11,727 | INFO | Epoch 812 Train Time 26.14202880859375s

2025-10-29 07:46:39,363 | INFO | Training epoch 813, Batch 1000/1000: LR=6.49e-05, Loss=1.90e-02 BER=6.92e-03 FER=1.89e-01
2025-10-29 07:46:39,416 | INFO | Epoch 813 Train Time 27.688903093338013s

2025-10-29 07:47:05,938 | INFO | Training epoch 814, Batch 1000/1000: LR=6.48e-05, Loss=1.87e-02 BER=6.81e-03 FER=1.86e-01
2025-10-29 07:47:05,994 | INFO | Epoch 814 Train Time 26.576926708221436s

2025-10-29 07:47:33,038 | INFO | Training epoch 815, Batch 1000/1000: LR=6.48e-05, Loss=1.90e-02 BER=6.96e-03 FER=1.88e-01
2025-10-29 07:47:33,108 | INFO | Epoch 815 Train Time 27.113885402679443s

2025-10-29 07:47:59,412 | INFO | Training epoch 816, Batch 1000/1000: LR=6.47e-05, Loss=1.89e-02 BER=6.88e-03 FER=1.88e-01
2025-10-29 07:47:59,472 | INFO | Epoch 816 Train Time 26.362852573394775s

2025-10-29 07:48:25,250 | INFO | Training epoch 817, Batch 1000/1000: LR=6.46e-05, Loss=1.89e-02 BER=6.88e-03 FER=1.87e-01
2025-10-29 07:48:25,298 | INFO | Epoch 817 Train Time 25.82495951652527s

2025-10-29 07:48:52,665 | INFO | Training epoch 818, Batch 1000/1000: LR=6.45e-05, Loss=1.86e-02 BER=6.77e-03 FER=1.86e-01
2025-10-29 07:48:52,726 | INFO | Epoch 818 Train Time 27.42739772796631s

2025-10-29 07:48:52,726 | INFO | [P2] saving best_model (QAT) with loss 0.018560 at epoch 818
2025-10-29 07:49:19,996 | INFO | Training epoch 819, Batch 1000/1000: LR=6.45e-05, Loss=1.89e-02 BER=6.88e-03 FER=1.88e-01
2025-10-29 07:49:20,046 | INFO | Epoch 819 Train Time 27.308759212493896s

2025-10-29 07:49:45,914 | INFO | Training epoch 820, Batch 1000/1000: LR=6.44e-05, Loss=1.92e-02 BER=7.01e-03 FER=1.90e-01
2025-10-29 07:49:45,957 | INFO | Epoch 820 Train Time 25.910953044891357s

2025-10-29 07:50:13,191 | INFO | Training epoch 821, Batch 1000/1000: LR=6.43e-05, Loss=1.89e-02 BER=6.91e-03 FER=1.89e-01
2025-10-29 07:50:13,243 | INFO | Epoch 821 Train Time 27.28496813774109s

2025-10-29 07:50:41,657 | INFO | Training epoch 822, Batch 1000/1000: LR=6.42e-05, Loss=1.90e-02 BER=6.93e-03 FER=1.88e-01
2025-10-29 07:50:41,701 | INFO | Epoch 822 Train Time 28.457088232040405s

2025-10-29 07:51:09,987 | INFO | Training epoch 823, Batch 1000/1000: LR=6.42e-05, Loss=1.90e-02 BER=6.96e-03 FER=1.90e-01
2025-10-29 07:51:10,045 | INFO | Epoch 823 Train Time 28.34338927268982s

2025-10-29 07:51:37,491 | INFO | Training epoch 824, Batch 1000/1000: LR=6.41e-05, Loss=1.90e-02 BER=6.94e-03 FER=1.90e-01
2025-10-29 07:51:37,553 | INFO | Epoch 824 Train Time 27.50792407989502s

2025-10-29 07:52:05,284 | INFO | Training epoch 825, Batch 1000/1000: LR=6.40e-05, Loss=1.88e-02 BER=6.87e-03 FER=1.87e-01
2025-10-29 07:52:05,338 | INFO | Epoch 825 Train Time 27.78408193588257s

2025-10-29 07:52:33,289 | INFO | Training epoch 826, Batch 1000/1000: LR=6.39e-05, Loss=1.88e-02 BER=6.86e-03 FER=1.86e-01
2025-10-29 07:52:33,338 | INFO | Epoch 826 Train Time 27.99933886528015s

2025-10-29 07:53:01,607 | INFO | Training epoch 827, Batch 1000/1000: LR=6.39e-05, Loss=1.88e-02 BER=6.80e-03 FER=1.87e-01
2025-10-29 07:53:01,661 | INFO | Epoch 827 Train Time 28.321718215942383s

2025-10-29 07:53:28,188 | INFO | Training epoch 828, Batch 1000/1000: LR=6.38e-05, Loss=1.90e-02 BER=6.95e-03 FER=1.89e-01
2025-10-29 07:53:28,238 | INFO | Epoch 828 Train Time 26.577210187911987s

2025-10-29 07:53:55,254 | INFO | Training epoch 829, Batch 1000/1000: LR=6.37e-05, Loss=1.89e-02 BER=6.90e-03 FER=1.88e-01
2025-10-29 07:53:55,308 | INFO | Epoch 829 Train Time 27.068609714508057s

2025-10-29 07:54:22,369 | INFO | Training epoch 830, Batch 1000/1000: LR=6.36e-05, Loss=1.90e-02 BER=7.00e-03 FER=1.90e-01
2025-10-29 07:54:22,423 | INFO | Epoch 830 Train Time 27.114681720733643s

2025-10-29 07:54:48,152 | INFO | Training epoch 831, Batch 1000/1000: LR=6.36e-05, Loss=1.88e-02 BER=6.88e-03 FER=1.88e-01
2025-10-29 07:54:48,205 | INFO | Epoch 831 Train Time 25.780797004699707s

2025-10-29 07:55:15,161 | INFO | Training epoch 832, Batch 1000/1000: LR=6.35e-05, Loss=1.87e-02 BER=6.88e-03 FER=1.87e-01
2025-10-29 07:55:15,215 | INFO | Epoch 832 Train Time 27.00962519645691s

2025-10-29 07:55:43,621 | INFO | Training epoch 833, Batch 1000/1000: LR=6.34e-05, Loss=1.86e-02 BER=6.83e-03 FER=1.86e-01
2025-10-29 07:55:43,681 | INFO | Epoch 833 Train Time 28.465017557144165s

2025-10-29 07:56:11,784 | INFO | Training epoch 834, Batch 1000/1000: LR=6.33e-05, Loss=1.90e-02 BER=6.92e-03 FER=1.89e-01
2025-10-29 07:56:11,833 | INFO | Epoch 834 Train Time 28.151323080062866s

2025-10-29 07:56:40,442 | INFO | Training epoch 835, Batch 1000/1000: LR=6.33e-05, Loss=1.87e-02 BER=6.84e-03 FER=1.85e-01
2025-10-29 07:56:40,482 | INFO | Epoch 835 Train Time 28.64802122116089s

2025-10-29 07:57:08,142 | INFO | Training epoch 836, Batch 1000/1000: LR=6.32e-05, Loss=1.91e-02 BER=7.00e-03 FER=1.91e-01
2025-10-29 07:57:08,199 | INFO | Epoch 836 Train Time 27.71704649925232s

2025-10-29 07:57:34,465 | INFO | Training epoch 837, Batch 1000/1000: LR=6.31e-05, Loss=1.88e-02 BER=6.84e-03 FER=1.87e-01
2025-10-29 07:57:34,521 | INFO | Epoch 837 Train Time 26.321046113967896s

2025-10-29 07:58:00,757 | INFO | Training epoch 838, Batch 1000/1000: LR=6.30e-05, Loss=1.89e-02 BER=6.94e-03 FER=1.88e-01
2025-10-29 07:58:00,817 | INFO | Epoch 838 Train Time 26.295169591903687s

2025-10-29 07:58:27,151 | INFO | Training epoch 839, Batch 1000/1000: LR=6.30e-05, Loss=1.89e-02 BER=6.90e-03 FER=1.89e-01
2025-10-29 07:58:27,200 | INFO | Epoch 839 Train Time 26.38133144378662s

2025-10-29 07:58:55,090 | INFO | Training epoch 840, Batch 1000/1000: LR=6.29e-05, Loss=1.89e-02 BER=6.87e-03 FER=1.88e-01
2025-10-29 07:58:55,149 | INFO | Epoch 840 Train Time 27.948681116104126s

2025-10-29 07:59:22,326 | INFO | Training epoch 841, Batch 1000/1000: LR=6.28e-05, Loss=1.90e-02 BER=6.94e-03 FER=1.89e-01
2025-10-29 07:59:22,382 | INFO | Epoch 841 Train Time 27.23177433013916s

2025-10-29 07:59:49,004 | INFO | Training epoch 842, Batch 1000/1000: LR=6.27e-05, Loss=1.89e-02 BER=6.90e-03 FER=1.88e-01
2025-10-29 07:59:49,055 | INFO | Epoch 842 Train Time 26.672656297683716s

2025-10-29 08:00:16,980 | INFO | Training epoch 843, Batch 1000/1000: LR=6.27e-05, Loss=1.88e-02 BER=6.84e-03 FER=1.88e-01
2025-10-29 08:00:17,028 | INFO | Epoch 843 Train Time 27.972349405288696s

2025-10-29 08:00:44,286 | INFO | Training epoch 844, Batch 1000/1000: LR=6.26e-05, Loss=1.90e-02 BER=6.91e-03 FER=1.89e-01
2025-10-29 08:00:44,340 | INFO | Epoch 844 Train Time 27.31114625930786s

2025-10-29 08:01:11,747 | INFO | Training epoch 845, Batch 1000/1000: LR=6.25e-05, Loss=1.89e-02 BER=6.88e-03 FER=1.88e-01
2025-10-29 08:01:11,789 | INFO | Epoch 845 Train Time 27.44783663749695s

2025-10-29 08:01:38,594 | INFO | Training epoch 846, Batch 1000/1000: LR=6.24e-05, Loss=1.88e-02 BER=6.89e-03 FER=1.88e-01
2025-10-29 08:01:38,654 | INFO | Epoch 846 Train Time 26.86432147026062s

2025-10-29 08:02:05,356 | INFO | Training epoch 847, Batch 1000/1000: LR=6.24e-05, Loss=1.88e-02 BER=6.87e-03 FER=1.87e-01
2025-10-29 08:02:05,412 | INFO | Epoch 847 Train Time 26.75754690170288s

2025-10-29 08:02:32,760 | INFO | Training epoch 848, Batch 1000/1000: LR=6.23e-05, Loss=1.87e-02 BER=6.84e-03 FER=1.86e-01
2025-10-29 08:02:32,818 | INFO | Epoch 848 Train Time 27.404414653778076s

2025-10-29 08:03:01,052 | INFO | Training epoch 849, Batch 1000/1000: LR=6.22e-05, Loss=1.90e-02 BER=6.91e-03 FER=1.88e-01
2025-10-29 08:03:01,108 | INFO | Epoch 849 Train Time 28.29026174545288s

2025-10-29 08:03:28,309 | INFO | Training epoch 850, Batch 1000/1000: LR=6.21e-05, Loss=1.90e-02 BER=6.93e-03 FER=1.89e-01
2025-10-29 08:03:28,373 | INFO | Epoch 850 Train Time 27.26425075531006s

2025-10-29 08:03:55,284 | INFO | Training epoch 851, Batch 1000/1000: LR=6.21e-05, Loss=1.90e-02 BER=6.93e-03 FER=1.87e-01
2025-10-29 08:03:55,340 | INFO | Epoch 851 Train Time 26.966270208358765s

2025-10-29 08:04:21,377 | INFO | Training epoch 852, Batch 1000/1000: LR=6.20e-05, Loss=1.88e-02 BER=6.89e-03 FER=1.87e-01
2025-10-29 08:04:21,428 | INFO | Epoch 852 Train Time 26.086674213409424s

2025-10-29 08:04:48,093 | INFO | Training epoch 853, Batch 1000/1000: LR=6.19e-05, Loss=1.87e-02 BER=6.83e-03 FER=1.85e-01
2025-10-29 08:04:48,150 | INFO | Epoch 853 Train Time 26.72114896774292s

2025-10-29 08:05:15,866 | INFO | Training epoch 854, Batch 1000/1000: LR=6.18e-05, Loss=1.89e-02 BER=6.91e-03 FER=1.89e-01
2025-10-29 08:05:15,928 | INFO | Epoch 854 Train Time 27.777794361114502s

2025-10-29 08:05:43,330 | INFO | Training epoch 855, Batch 1000/1000: LR=6.18e-05, Loss=1.89e-02 BER=6.90e-03 FER=1.89e-01
2025-10-29 08:05:43,382 | INFO | Epoch 855 Train Time 27.45325779914856s

2025-10-29 08:06:10,962 | INFO | Training epoch 856, Batch 1000/1000: LR=6.17e-05, Loss=1.88e-02 BER=6.90e-03 FER=1.88e-01
2025-10-29 08:06:11,004 | INFO | Epoch 856 Train Time 27.621269941329956s

2025-10-29 08:06:39,879 | INFO | Training epoch 857, Batch 1000/1000: LR=6.16e-05, Loss=1.88e-02 BER=6.85e-03 FER=1.88e-01
2025-10-29 08:06:39,929 | INFO | Epoch 857 Train Time 28.925060987472534s

2025-10-29 08:07:07,529 | INFO | Training epoch 858, Batch 1000/1000: LR=6.15e-05, Loss=1.91e-02 BER=6.97e-03 FER=1.90e-01
2025-10-29 08:07:07,574 | INFO | Epoch 858 Train Time 27.644248008728027s

2025-10-29 08:07:34,536 | INFO | Training epoch 859, Batch 1000/1000: LR=6.14e-05, Loss=1.87e-02 BER=6.83e-03 FER=1.87e-01
2025-10-29 08:07:34,587 | INFO | Epoch 859 Train Time 27.01177954673767s

2025-10-29 08:08:02,093 | INFO | Training epoch 860, Batch 1000/1000: LR=6.14e-05, Loss=1.89e-02 BER=6.92e-03 FER=1.89e-01
2025-10-29 08:08:02,142 | INFO | Epoch 860 Train Time 27.55475401878357s

2025-10-29 08:08:30,393 | INFO | Training epoch 861, Batch 1000/1000: LR=6.13e-05, Loss=1.89e-02 BER=6.93e-03 FER=1.89e-01
2025-10-29 08:08:30,434 | INFO | Epoch 861 Train Time 28.29148006439209s

2025-10-29 08:08:57,038 | INFO | Training epoch 862, Batch 1000/1000: LR=6.12e-05, Loss=1.89e-02 BER=6.89e-03 FER=1.88e-01
2025-10-29 08:08:57,105 | INFO | Epoch 862 Train Time 26.670836925506592s

2025-10-29 08:09:22,575 | INFO | Training epoch 863, Batch 1000/1000: LR=6.11e-05, Loss=1.89e-02 BER=6.90e-03 FER=1.88e-01
2025-10-29 08:09:22,620 | INFO | Epoch 863 Train Time 25.514294385910034s

2025-10-29 08:09:49,461 | INFO | Training epoch 864, Batch 1000/1000: LR=6.11e-05, Loss=1.91e-02 BER=6.97e-03 FER=1.89e-01
2025-10-29 08:09:49,502 | INFO | Epoch 864 Train Time 26.88172960281372s

2025-10-29 08:10:16,415 | INFO | Training epoch 865, Batch 1000/1000: LR=6.10e-05, Loss=1.90e-02 BER=6.93e-03 FER=1.88e-01
2025-10-29 08:10:16,474 | INFO | Epoch 865 Train Time 26.970877408981323s

2025-10-29 08:10:44,379 | INFO | Training epoch 866, Batch 1000/1000: LR=6.09e-05, Loss=1.90e-02 BER=6.95e-03 FER=1.89e-01
2025-10-29 08:10:44,439 | INFO | Epoch 866 Train Time 27.963972091674805s

2025-10-29 08:11:10,525 | INFO | Training epoch 867, Batch 1000/1000: LR=6.08e-05, Loss=1.87e-02 BER=6.82e-03 FER=1.87e-01
2025-10-29 08:11:10,584 | INFO | Epoch 867 Train Time 26.144071340560913s

2025-10-29 08:11:37,048 | INFO | Training epoch 868, Batch 1000/1000: LR=6.08e-05, Loss=1.86e-02 BER=6.77e-03 FER=1.86e-01
2025-10-29 08:11:37,109 | INFO | Epoch 868 Train Time 26.524361848831177s

2025-10-29 08:11:37,109 | INFO | [P2] saving best_model (QAT) with loss 0.018554 at epoch 868
2025-10-29 08:12:03,597 | INFO | Training epoch 869, Batch 1000/1000: LR=6.07e-05, Loss=1.87e-02 BER=6.85e-03 FER=1.87e-01
2025-10-29 08:12:03,645 | INFO | Epoch 869 Train Time 26.517948627471924s

2025-10-29 08:12:30,749 | INFO | Training epoch 870, Batch 1000/1000: LR=6.06e-05, Loss=1.87e-02 BER=6.82e-03 FER=1.86e-01
2025-10-29 08:12:30,805 | INFO | Epoch 870 Train Time 27.158565044403076s

2025-10-29 08:12:56,647 | INFO | Training epoch 871, Batch 1000/1000: LR=6.05e-05, Loss=1.88e-02 BER=6.89e-03 FER=1.86e-01
2025-10-29 08:12:56,703 | INFO | Epoch 871 Train Time 25.897979259490967s

2025-10-29 08:13:22,798 | INFO | Training epoch 872, Batch 1000/1000: LR=6.05e-05, Loss=1.89e-02 BER=6.88e-03 FER=1.89e-01
2025-10-29 08:13:22,852 | INFO | Epoch 872 Train Time 26.148472547531128s

2025-10-29 08:13:50,478 | INFO | Training epoch 873, Batch 1000/1000: LR=6.04e-05, Loss=1.89e-02 BER=6.90e-03 FER=1.88e-01
2025-10-29 08:13:50,536 | INFO | Epoch 873 Train Time 27.68339443206787s

2025-10-29 08:14:15,969 | INFO | Training epoch 874, Batch 1000/1000: LR=6.03e-05, Loss=1.86e-02 BER=6.81e-03 FER=1.87e-01
2025-10-29 08:14:16,029 | INFO | Epoch 874 Train Time 25.4924635887146s

2025-10-29 08:14:42,549 | INFO | Training epoch 875, Batch 1000/1000: LR=6.02e-05, Loss=1.88e-02 BER=6.87e-03 FER=1.86e-01
2025-10-29 08:14:42,610 | INFO | Epoch 875 Train Time 26.580085039138794s

2025-10-29 08:15:09,750 | INFO | Training epoch 876, Batch 1000/1000: LR=6.02e-05, Loss=1.90e-02 BER=6.91e-03 FER=1.88e-01
2025-10-29 08:15:09,822 | INFO | Epoch 876 Train Time 27.21157431602478s

2025-10-29 08:15:36,487 | INFO | Training epoch 877, Batch 1000/1000: LR=6.01e-05, Loss=1.87e-02 BER=6.87e-03 FER=1.88e-01
2025-10-29 08:15:36,544 | INFO | Epoch 877 Train Time 26.721134901046753s

2025-10-29 08:16:04,423 | INFO | Training epoch 878, Batch 1000/1000: LR=6.00e-05, Loss=1.90e-02 BER=6.93e-03 FER=1.88e-01
2025-10-29 08:16:04,473 | INFO | Epoch 878 Train Time 27.928179502487183s

2025-10-29 08:16:31,861 | INFO | Training epoch 879, Batch 1000/1000: LR=5.99e-05, Loss=1.90e-02 BER=6.91e-03 FER=1.89e-01
2025-10-29 08:16:31,906 | INFO | Epoch 879 Train Time 27.432329654693604s

2025-10-29 08:16:57,434 | INFO | Training epoch 880, Batch 1000/1000: LR=5.99e-05, Loss=1.89e-02 BER=6.89e-03 FER=1.88e-01
2025-10-29 08:16:57,486 | INFO | Epoch 880 Train Time 25.579278230667114s

2025-10-29 08:17:22,304 | INFO | Training epoch 881, Batch 1000/1000: LR=5.98e-05, Loss=1.91e-02 BER=6.94e-03 FER=1.90e-01
2025-10-29 08:17:22,362 | INFO | Epoch 881 Train Time 24.875856399536133s

2025-10-29 08:17:49,094 | INFO | Training epoch 882, Batch 1000/1000: LR=5.97e-05, Loss=1.88e-02 BER=6.89e-03 FER=1.88e-01
2025-10-29 08:17:49,159 | INFO | Epoch 882 Train Time 26.796380519866943s

2025-10-29 08:18:14,979 | INFO | Training epoch 883, Batch 1000/1000: LR=5.96e-05, Loss=1.90e-02 BER=6.96e-03 FER=1.90e-01
2025-10-29 08:18:15,024 | INFO | Epoch 883 Train Time 25.86456823348999s

2025-10-29 08:18:41,663 | INFO | Training epoch 884, Batch 1000/1000: LR=5.95e-05, Loss=1.90e-02 BER=6.90e-03 FER=1.89e-01
2025-10-29 08:18:41,726 | INFO | Epoch 884 Train Time 26.701025247573853s

2025-10-29 08:19:07,767 | INFO | Training epoch 885, Batch 1000/1000: LR=5.95e-05, Loss=1.90e-02 BER=6.93e-03 FER=1.90e-01
2025-10-29 08:19:07,822 | INFO | Epoch 885 Train Time 26.094769954681396s

2025-10-29 08:19:34,449 | INFO | Training epoch 886, Batch 1000/1000: LR=5.94e-05, Loss=1.86e-02 BER=6.78e-03 FER=1.85e-01
2025-10-29 08:19:34,489 | INFO | Epoch 886 Train Time 26.66731095314026s

2025-10-29 08:20:02,101 | INFO | Training epoch 887, Batch 1000/1000: LR=5.93e-05, Loss=1.90e-02 BER=6.95e-03 FER=1.88e-01
2025-10-29 08:20:02,151 | INFO | Epoch 887 Train Time 27.661375761032104s

2025-10-29 08:20:29,577 | INFO | Training epoch 888, Batch 1000/1000: LR=5.92e-05, Loss=1.88e-02 BER=6.88e-03 FER=1.88e-01
2025-10-29 08:20:29,627 | INFO | Epoch 888 Train Time 27.475021600723267s

2025-10-29 08:20:57,346 | INFO | Training epoch 889, Batch 1000/1000: LR=5.92e-05, Loss=1.88e-02 BER=6.86e-03 FER=1.87e-01
2025-10-29 08:20:57,398 | INFO | Epoch 889 Train Time 27.77079200744629s

2025-10-29 08:21:25,853 | INFO | Training epoch 890, Batch 1000/1000: LR=5.91e-05, Loss=1.91e-02 BER=6.94e-03 FER=1.90e-01
2025-10-29 08:21:25,904 | INFO | Epoch 890 Train Time 28.504401206970215s

2025-10-29 08:21:53,988 | INFO | Training epoch 891, Batch 1000/1000: LR=5.90e-05, Loss=1.90e-02 BER=6.96e-03 FER=1.90e-01
2025-10-29 08:21:54,047 | INFO | Epoch 891 Train Time 28.14287781715393s

2025-10-29 08:22:22,745 | INFO | Training epoch 892, Batch 1000/1000: LR=5.89e-05, Loss=1.89e-02 BER=6.90e-03 FER=1.88e-01
2025-10-29 08:22:22,799 | INFO | Epoch 892 Train Time 28.751157999038696s

2025-10-29 08:22:48,755 | INFO | Training epoch 893, Batch 1000/1000: LR=5.89e-05, Loss=1.87e-02 BER=6.82e-03 FER=1.86e-01
2025-10-29 08:22:48,805 | INFO | Epoch 893 Train Time 26.005853414535522s

2025-10-29 08:23:16,266 | INFO | Training epoch 894, Batch 1000/1000: LR=5.88e-05, Loss=1.88e-02 BER=6.86e-03 FER=1.88e-01
2025-10-29 08:23:16,322 | INFO | Epoch 894 Train Time 27.516310691833496s

2025-10-29 08:23:42,778 | INFO | Training epoch 895, Batch 1000/1000: LR=5.87e-05, Loss=1.87e-02 BER=6.85e-03 FER=1.87e-01
2025-10-29 08:23:42,828 | INFO | Epoch 895 Train Time 26.504493236541748s

2025-10-29 08:24:10,150 | INFO | Training epoch 896, Batch 1000/1000: LR=5.86e-05, Loss=1.89e-02 BER=6.94e-03 FER=1.88e-01
2025-10-29 08:24:10,186 | INFO | Epoch 896 Train Time 27.358389616012573s

2025-10-29 08:24:39,111 | INFO | Training epoch 897, Batch 1000/1000: LR=5.86e-05, Loss=1.90e-02 BER=6.92e-03 FER=1.88e-01
2025-10-29 08:24:39,168 | INFO | Epoch 897 Train Time 28.98112416267395s

2025-10-29 08:25:07,451 | INFO | Training epoch 898, Batch 1000/1000: LR=5.85e-05, Loss=1.89e-02 BER=6.85e-03 FER=1.87e-01
2025-10-29 08:25:07,503 | INFO | Epoch 898 Train Time 28.334264993667603s

2025-10-29 08:25:35,227 | INFO | Training epoch 899, Batch 1000/1000: LR=5.84e-05, Loss=1.89e-02 BER=6.91e-03 FER=1.88e-01
2025-10-29 08:25:35,278 | INFO | Epoch 899 Train Time 27.774526596069336s

2025-10-29 08:26:02,343 | INFO | Training epoch 900, Batch 1000/1000: LR=5.83e-05, Loss=1.87e-02 BER=6.81e-03 FER=1.87e-01
2025-10-29 08:26:02,397 | INFO | Epoch 900 Train Time 27.117783546447754s

2025-10-29 08:26:29,105 | INFO | Training epoch 901, Batch 1000/1000: LR=5.82e-05, Loss=1.89e-02 BER=6.92e-03 FER=1.87e-01
2025-10-29 08:26:29,171 | INFO | Epoch 901 Train Time 26.773420810699463s

2025-10-29 08:26:55,833 | INFO | Training epoch 902, Batch 1000/1000: LR=5.82e-05, Loss=1.91e-02 BER=6.99e-03 FER=1.90e-01
2025-10-29 08:26:55,892 | INFO | Epoch 902 Train Time 26.720218420028687s

2025-10-29 08:27:22,032 | INFO | Training epoch 903, Batch 1000/1000: LR=5.81e-05, Loss=1.88e-02 BER=6.85e-03 FER=1.87e-01
2025-10-29 08:27:22,071 | INFO | Epoch 903 Train Time 26.17852473258972s

2025-10-29 08:27:48,928 | INFO | Training epoch 904, Batch 1000/1000: LR=5.80e-05, Loss=1.88e-02 BER=6.87e-03 FER=1.86e-01
2025-10-29 08:27:48,964 | INFO | Epoch 904 Train Time 26.891844272613525s

2025-10-29 08:28:16,655 | INFO | Training epoch 905, Batch 1000/1000: LR=5.79e-05, Loss=1.87e-02 BER=6.83e-03 FER=1.86e-01
2025-10-29 08:28:16,690 | INFO | Epoch 905 Train Time 27.724125146865845s

2025-10-29 08:28:45,597 | INFO | Training epoch 906, Batch 1000/1000: LR=5.79e-05, Loss=1.89e-02 BER=6.91e-03 FER=1.88e-01
2025-10-29 08:28:45,658 | INFO | Epoch 906 Train Time 28.96739172935486s

2025-10-29 08:29:12,543 | INFO | Training epoch 907, Batch 1000/1000: LR=5.78e-05, Loss=1.87e-02 BER=6.79e-03 FER=1.85e-01
2025-10-29 08:29:12,596 | INFO | Epoch 907 Train Time 26.937602043151855s

2025-10-29 08:29:39,984 | INFO | Training epoch 908, Batch 1000/1000: LR=5.77e-05, Loss=1.89e-02 BER=6.93e-03 FER=1.89e-01
2025-10-29 08:29:40,025 | INFO | Epoch 908 Train Time 27.428319215774536s

2025-10-29 08:30:08,023 | INFO | Training epoch 909, Batch 1000/1000: LR=5.76e-05, Loss=1.89e-02 BER=6.90e-03 FER=1.87e-01
2025-10-29 08:30:08,060 | INFO | Epoch 909 Train Time 28.033573865890503s

2025-10-29 08:30:34,045 | INFO | Training epoch 910, Batch 1000/1000: LR=5.76e-05, Loss=1.89e-02 BER=6.91e-03 FER=1.89e-01
2025-10-29 08:30:34,098 | INFO | Epoch 910 Train Time 26.037262201309204s

2025-10-29 08:31:02,217 | INFO | Training epoch 911, Batch 1000/1000: LR=5.75e-05, Loss=1.87e-02 BER=6.83e-03 FER=1.88e-01
2025-10-29 08:31:02,278 | INFO | Epoch 911 Train Time 28.17932415008545s

2025-10-29 08:31:31,023 | INFO | Training epoch 912, Batch 1000/1000: LR=5.74e-05, Loss=1.86e-02 BER=6.79e-03 FER=1.85e-01
2025-10-29 08:31:31,081 | INFO | Epoch 912 Train Time 28.802428007125854s

2025-10-29 08:31:58,136 | INFO | Training epoch 913, Batch 1000/1000: LR=5.73e-05, Loss=1.88e-02 BER=6.89e-03 FER=1.88e-01
2025-10-29 08:31:58,195 | INFO | Epoch 913 Train Time 27.112992763519287s

2025-10-29 08:32:24,335 | INFO | Training epoch 914, Batch 1000/1000: LR=5.72e-05, Loss=1.88e-02 BER=6.87e-03 FER=1.87e-01
2025-10-29 08:32:24,388 | INFO | Epoch 914 Train Time 26.193007230758667s

2025-10-29 08:32:49,475 | INFO | Training epoch 915, Batch 1000/1000: LR=5.72e-05, Loss=1.87e-02 BER=6.83e-03 FER=1.86e-01
2025-10-29 08:32:49,527 | INFO | Epoch 915 Train Time 25.138379335403442s

2025-10-29 08:33:16,005 | INFO | Training epoch 916, Batch 1000/1000: LR=5.71e-05, Loss=1.87e-02 BER=6.84e-03 FER=1.87e-01
2025-10-29 08:33:16,071 | INFO | Epoch 916 Train Time 26.54258632659912s

2025-10-29 08:33:42,592 | INFO | Training epoch 917, Batch 1000/1000: LR=5.70e-05, Loss=1.88e-02 BER=6.86e-03 FER=1.86e-01
2025-10-29 08:33:42,636 | INFO | Epoch 917 Train Time 26.564220666885376s

2025-10-29 08:34:11,283 | INFO | Training epoch 918, Batch 1000/1000: LR=5.69e-05, Loss=1.88e-02 BER=6.85e-03 FER=1.87e-01
2025-10-29 08:34:11,347 | INFO | Epoch 918 Train Time 28.709827184677124s

2025-10-29 08:34:38,787 | INFO | Training epoch 919, Batch 1000/1000: LR=5.69e-05, Loss=1.87e-02 BER=6.83e-03 FER=1.85e-01
2025-10-29 08:34:38,838 | INFO | Epoch 919 Train Time 27.490366220474243s

2025-10-29 08:35:04,956 | INFO | Training epoch 920, Batch 1000/1000: LR=5.68e-05, Loss=1.88e-02 BER=6.86e-03 FER=1.88e-01
2025-10-29 08:35:05,012 | INFO | Epoch 920 Train Time 26.173896074295044s

2025-10-29 08:35:32,043 | INFO | Training epoch 921, Batch 1000/1000: LR=5.67e-05, Loss=1.88e-02 BER=6.87e-03 FER=1.87e-01
2025-10-29 08:35:32,098 | INFO | Epoch 921 Train Time 27.084959983825684s

2025-10-29 08:35:58,118 | INFO | Training epoch 922, Batch 1000/1000: LR=5.66e-05, Loss=1.87e-02 BER=6.84e-03 FER=1.86e-01
2025-10-29 08:35:58,168 | INFO | Epoch 922 Train Time 26.06942343711853s

2025-10-29 08:36:22,619 | INFO | Training epoch 923, Batch 1000/1000: LR=5.65e-05, Loss=1.89e-02 BER=6.89e-03 FER=1.87e-01
2025-10-29 08:36:22,667 | INFO | Epoch 923 Train Time 24.49877953529358s

2025-10-29 08:36:49,850 | INFO | Training epoch 924, Batch 1000/1000: LR=5.65e-05, Loss=1.92e-02 BER=6.99e-03 FER=1.90e-01
2025-10-29 08:36:49,895 | INFO | Epoch 924 Train Time 27.227471113204956s

2025-10-29 08:37:14,923 | INFO | Training epoch 925, Batch 1000/1000: LR=5.64e-05, Loss=1.89e-02 BER=6.90e-03 FER=1.88e-01
2025-10-29 08:37:14,989 | INFO | Epoch 925 Train Time 25.092726469039917s

2025-10-29 08:37:42,032 | INFO | Training epoch 926, Batch 1000/1000: LR=5.63e-05, Loss=1.85e-02 BER=6.75e-03 FER=1.84e-01
2025-10-29 08:37:42,082 | INFO | Epoch 926 Train Time 27.09240698814392s

2025-10-29 08:37:42,082 | INFO | [P2] saving best_model (QAT) with loss 0.018498 at epoch 926
2025-10-29 08:38:07,415 | INFO | Training epoch 927, Batch 1000/1000: LR=5.62e-05, Loss=1.88e-02 BER=6.86e-03 FER=1.86e-01
2025-10-29 08:38:07,481 | INFO | Epoch 927 Train Time 25.390863180160522s

2025-10-29 08:38:34,268 | INFO | Training epoch 928, Batch 1000/1000: LR=5.62e-05, Loss=1.86e-02 BER=6.82e-03 FER=1.85e-01
2025-10-29 08:38:34,310 | INFO | Epoch 928 Train Time 26.825895071029663s

2025-10-29 08:39:01,034 | INFO | Training epoch 929, Batch 1000/1000: LR=5.61e-05, Loss=1.88e-02 BER=6.83e-03 FER=1.86e-01
2025-10-29 08:39:01,081 | INFO | Epoch 929 Train Time 26.7711284160614s

2025-10-29 08:39:29,043 | INFO | Training epoch 930, Batch 1000/1000: LR=5.60e-05, Loss=1.87e-02 BER=6.80e-03 FER=1.86e-01
2025-10-29 08:39:29,103 | INFO | Epoch 930 Train Time 28.0211079120636s

2025-10-29 08:39:54,666 | INFO | Training epoch 931, Batch 1000/1000: LR=5.59e-05, Loss=1.88e-02 BER=6.90e-03 FER=1.87e-01
2025-10-29 08:39:54,714 | INFO | Epoch 931 Train Time 25.610027551651s

2025-10-29 08:40:21,250 | INFO | Training epoch 932, Batch 1000/1000: LR=5.59e-05, Loss=1.89e-02 BER=6.90e-03 FER=1.88e-01
2025-10-29 08:40:21,306 | INFO | Epoch 932 Train Time 26.59169864654541s

2025-10-29 08:40:46,414 | INFO | Training epoch 933, Batch 1000/1000: LR=5.58e-05, Loss=1.86e-02 BER=6.83e-03 FER=1.87e-01
2025-10-29 08:40:46,485 | INFO | Epoch 933 Train Time 25.177913427352905s

2025-10-29 08:41:13,945 | INFO | Training epoch 934, Batch 1000/1000: LR=5.57e-05, Loss=1.87e-02 BER=6.81e-03 FER=1.87e-01
2025-10-29 08:41:14,006 | INFO | Epoch 934 Train Time 27.52091932296753s

2025-10-29 08:41:39,707 | INFO | Training epoch 935, Batch 1000/1000: LR=5.56e-05, Loss=1.87e-02 BER=6.85e-03 FER=1.87e-01
2025-10-29 08:41:39,754 | INFO | Epoch 935 Train Time 25.747018814086914s

2025-10-29 08:42:07,450 | INFO | Training epoch 936, Batch 1000/1000: LR=5.55e-05, Loss=1.89e-02 BER=6.94e-03 FER=1.89e-01
2025-10-29 08:42:07,507 | INFO | Epoch 936 Train Time 27.75179100036621s

2025-10-29 08:42:33,866 | INFO | Training epoch 937, Batch 1000/1000: LR=5.55e-05, Loss=1.87e-02 BER=6.85e-03 FER=1.87e-01
2025-10-29 08:42:33,930 | INFO | Epoch 937 Train Time 26.422832489013672s

2025-10-29 08:42:59,948 | INFO | Training epoch 938, Batch 1000/1000: LR=5.54e-05, Loss=1.91e-02 BER=6.97e-03 FER=1.88e-01
2025-10-29 08:43:00,001 | INFO | Epoch 938 Train Time 26.068957567214966s

2025-10-29 08:43:27,050 | INFO | Training epoch 939, Batch 1000/1000: LR=5.53e-05, Loss=1.86e-02 BER=6.80e-03 FER=1.85e-01
2025-10-29 08:43:27,104 | INFO | Epoch 939 Train Time 27.1022846698761s

2025-10-29 08:43:54,002 | INFO | Training epoch 940, Batch 1000/1000: LR=5.52e-05, Loss=1.89e-02 BER=6.89e-03 FER=1.86e-01
2025-10-29 08:43:54,047 | INFO | Epoch 940 Train Time 26.942564725875854s

2025-10-29 08:44:19,479 | INFO | Training epoch 941, Batch 1000/1000: LR=5.52e-05, Loss=1.88e-02 BER=6.83e-03 FER=1.85e-01
2025-10-29 08:44:19,544 | INFO | Epoch 941 Train Time 25.497169494628906s

2025-10-29 08:44:46,500 | INFO | Training epoch 942, Batch 1000/1000: LR=5.51e-05, Loss=1.89e-02 BER=6.88e-03 FER=1.88e-01
2025-10-29 08:44:46,565 | INFO | Epoch 942 Train Time 27.02046513557434s

2025-10-29 08:45:12,672 | INFO | Training epoch 943, Batch 1000/1000: LR=5.50e-05, Loss=1.88e-02 BER=6.83e-03 FER=1.85e-01
2025-10-29 08:45:12,721 | INFO | Epoch 943 Train Time 26.155068159103394s

2025-10-29 08:45:38,093 | INFO | Training epoch 944, Batch 1000/1000: LR=5.49e-05, Loss=1.88e-02 BER=6.88e-03 FER=1.86e-01
2025-10-29 08:45:38,142 | INFO | Epoch 944 Train Time 25.419419765472412s

2025-10-29 08:46:06,025 | INFO | Training epoch 945, Batch 1000/1000: LR=5.48e-05, Loss=1.89e-02 BER=6.90e-03 FER=1.88e-01
2025-10-29 08:46:06,069 | INFO | Epoch 945 Train Time 27.926864862442017s

2025-10-29 08:46:32,634 | INFO | Training epoch 946, Batch 1000/1000: LR=5.48e-05, Loss=1.87e-02 BER=6.83e-03 FER=1.85e-01
2025-10-29 08:46:32,688 | INFO | Epoch 946 Train Time 26.617244482040405s

2025-10-29 08:46:57,461 | INFO | Training epoch 947, Batch 1000/1000: LR=5.47e-05, Loss=1.87e-02 BER=6.82e-03 FER=1.86e-01
2025-10-29 08:46:57,506 | INFO | Epoch 947 Train Time 24.81761932373047s

2025-10-29 08:47:24,537 | INFO | Training epoch 948, Batch 1000/1000: LR=5.46e-05, Loss=1.87e-02 BER=6.83e-03 FER=1.86e-01
2025-10-29 08:47:24,581 | INFO | Epoch 948 Train Time 27.07462763786316s

2025-10-29 08:47:49,369 | INFO | Training epoch 949, Batch 1000/1000: LR=5.45e-05, Loss=1.89e-02 BER=6.87e-03 FER=1.88e-01
2025-10-29 08:47:49,410 | INFO | Epoch 949 Train Time 24.828500986099243s

2025-10-29 08:48:16,008 | INFO | Training epoch 950, Batch 1000/1000: LR=5.45e-05, Loss=1.86e-02 BER=6.75e-03 FER=1.85e-01
2025-10-29 08:48:16,057 | INFO | Epoch 950 Train Time 26.646016359329224s

2025-10-29 08:48:41,982 | INFO | Training epoch 951, Batch 1000/1000: LR=5.44e-05, Loss=1.86e-02 BER=6.81e-03 FER=1.87e-01
2025-10-29 08:48:42,045 | INFO | Epoch 951 Train Time 25.987018823623657s

2025-10-29 08:49:07,824 | INFO | Training epoch 952, Batch 1000/1000: LR=5.43e-05, Loss=1.85e-02 BER=6.75e-03 FER=1.84e-01
2025-10-29 08:49:07,881 | INFO | Epoch 952 Train Time 25.835466146469116s

2025-10-29 08:49:34,347 | INFO | Training epoch 953, Batch 1000/1000: LR=5.42e-05, Loss=1.86e-02 BER=6.77e-03 FER=1.84e-01
2025-10-29 08:49:34,413 | INFO | Epoch 953 Train Time 26.531543254852295s

2025-10-29 08:50:01,144 | INFO | Training epoch 954, Batch 1000/1000: LR=5.42e-05, Loss=1.85e-02 BER=6.77e-03 FER=1.85e-01
2025-10-29 08:50:01,212 | INFO | Epoch 954 Train Time 26.797648191452026s

2025-10-29 08:50:26,288 | INFO | Training epoch 955, Batch 1000/1000: LR=5.41e-05, Loss=1.88e-02 BER=6.85e-03 FER=1.86e-01
2025-10-29 08:50:26,331 | INFO | Epoch 955 Train Time 25.11864709854126s

2025-10-29 08:50:53,831 | INFO | Training epoch 956, Batch 1000/1000: LR=5.40e-05, Loss=1.87e-02 BER=6.84e-03 FER=1.85e-01
2025-10-29 08:50:53,883 | INFO | Epoch 956 Train Time 27.55202865600586s

2025-10-29 08:51:19,233 | INFO | Training epoch 957, Batch 1000/1000: LR=5.39e-05, Loss=1.86e-02 BER=6.83e-03 FER=1.86e-01
2025-10-29 08:51:19,308 | INFO | Epoch 957 Train Time 25.423603773117065s

2025-10-29 08:51:44,711 | INFO | Training epoch 958, Batch 1000/1000: LR=5.38e-05, Loss=1.87e-02 BER=6.85e-03 FER=1.87e-01
2025-10-29 08:51:44,769 | INFO | Epoch 958 Train Time 25.459632635116577s

2025-10-29 08:52:13,242 | INFO | Training epoch 959, Batch 1000/1000: LR=5.38e-05, Loss=1.87e-02 BER=6.84e-03 FER=1.87e-01
2025-10-29 08:52:13,291 | INFO | Epoch 959 Train Time 28.522204875946045s

2025-10-29 08:52:39,612 | INFO | Training epoch 960, Batch 1000/1000: LR=5.37e-05, Loss=1.87e-02 BER=6.86e-03 FER=1.86e-01
2025-10-29 08:52:39,663 | INFO | Epoch 960 Train Time 26.37104558944702s

2025-10-29 08:53:06,527 | INFO | Training epoch 961, Batch 1000/1000: LR=5.36e-05, Loss=1.86e-02 BER=6.79e-03 FER=1.84e-01
2025-10-29 08:53:06,583 | INFO | Epoch 961 Train Time 26.919293642044067s

2025-10-29 08:53:31,728 | INFO | Training epoch 962, Batch 1000/1000: LR=5.35e-05, Loss=1.86e-02 BER=6.79e-03 FER=1.84e-01
2025-10-29 08:53:31,775 | INFO | Epoch 962 Train Time 25.19150185585022s

2025-10-29 08:53:57,389 | INFO | Training epoch 963, Batch 1000/1000: LR=5.35e-05, Loss=1.87e-02 BER=6.84e-03 FER=1.87e-01
2025-10-29 08:53:57,429 | INFO | Epoch 963 Train Time 25.65332293510437s

2025-10-29 08:54:23,738 | INFO | Training epoch 964, Batch 1000/1000: LR=5.34e-05, Loss=1.87e-02 BER=6.82e-03 FER=1.86e-01
2025-10-29 08:54:23,780 | INFO | Epoch 964 Train Time 26.350203037261963s

2025-10-29 08:54:50,054 | INFO | Training epoch 965, Batch 1000/1000: LR=5.33e-05, Loss=1.88e-02 BER=6.84e-03 FER=1.86e-01
2025-10-29 08:54:50,108 | INFO | Epoch 965 Train Time 26.327006816864014s

2025-10-29 08:55:18,357 | INFO | Training epoch 966, Batch 1000/1000: LR=5.32e-05, Loss=1.88e-02 BER=6.88e-03 FER=1.86e-01
2025-10-29 08:55:18,410 | INFO | Epoch 966 Train Time 28.301689386367798s

2025-10-29 08:55:44,203 | INFO | Training epoch 967, Batch 1000/1000: LR=5.31e-05, Loss=1.89e-02 BER=6.91e-03 FER=1.87e-01
2025-10-29 08:55:44,259 | INFO | Epoch 967 Train Time 25.848060131072998s

2025-10-29 08:56:10,860 | INFO | Training epoch 968, Batch 1000/1000: LR=5.31e-05, Loss=1.85e-02 BER=6.76e-03 FER=1.85e-01
2025-10-29 08:56:10,900 | INFO | Epoch 968 Train Time 26.64107894897461s

2025-10-29 08:56:36,434 | INFO | Training epoch 969, Batch 1000/1000: LR=5.30e-05, Loss=1.88e-02 BER=6.88e-03 FER=1.86e-01
2025-10-29 08:56:36,484 | INFO | Epoch 969 Train Time 25.583065509796143s

2025-10-29 08:57:02,533 | INFO | Training epoch 970, Batch 1000/1000: LR=5.29e-05, Loss=1.89e-02 BER=6.94e-03 FER=1.88e-01
2025-10-29 08:57:02,580 | INFO | Epoch 970 Train Time 26.095637798309326s

2025-10-29 08:57:28,244 | INFO | Training epoch 971, Batch 1000/1000: LR=5.28e-05, Loss=1.88e-02 BER=6.85e-03 FER=1.86e-01
2025-10-29 08:57:28,297 | INFO | Epoch 971 Train Time 25.71555233001709s

2025-10-29 08:57:55,637 | INFO | Training epoch 972, Batch 1000/1000: LR=5.28e-05, Loss=1.86e-02 BER=6.81e-03 FER=1.85e-01
2025-10-29 08:57:55,675 | INFO | Epoch 972 Train Time 27.377230644226074s

2025-10-29 08:58:23,433 | INFO | Training epoch 973, Batch 1000/1000: LR=5.27e-05, Loss=1.87e-02 BER=6.83e-03 FER=1.86e-01
2025-10-29 08:58:23,490 | INFO | Epoch 973 Train Time 27.8149995803833s

2025-10-29 08:58:48,464 | INFO | Training epoch 974, Batch 1000/1000: LR=5.26e-05, Loss=1.86e-02 BER=6.80e-03 FER=1.84e-01
2025-10-29 08:58:48,513 | INFO | Epoch 974 Train Time 25.022685766220093s

2025-10-29 08:59:17,074 | INFO | Training epoch 975, Batch 1000/1000: LR=5.25e-05, Loss=1.86e-02 BER=6.76e-03 FER=1.85e-01
2025-10-29 08:59:17,132 | INFO | Epoch 975 Train Time 28.61822748184204s

2025-10-29 08:59:42,533 | INFO | Training epoch 976, Batch 1000/1000: LR=5.24e-05, Loss=1.87e-02 BER=6.81e-03 FER=1.85e-01
2025-10-29 08:59:42,591 | INFO | Epoch 976 Train Time 25.457881212234497s

2025-10-29 09:00:09,276 | INFO | Training epoch 977, Batch 1000/1000: LR=5.24e-05, Loss=1.87e-02 BER=6.86e-03 FER=1.87e-01
2025-10-29 09:00:09,317 | INFO | Epoch 977 Train Time 26.725951433181763s

2025-10-29 09:00:35,220 | INFO | Training epoch 978, Batch 1000/1000: LR=5.23e-05, Loss=1.86e-02 BER=6.84e-03 FER=1.86e-01
2025-10-29 09:00:35,268 | INFO | Epoch 978 Train Time 25.950308084487915s

2025-10-29 09:01:00,844 | INFO | Training epoch 979, Batch 1000/1000: LR=5.22e-05, Loss=1.89e-02 BER=6.90e-03 FER=1.86e-01
2025-10-29 09:01:00,888 | INFO | Epoch 979 Train Time 25.618484020233154s

2025-10-29 09:01:27,748 | INFO | Training epoch 980, Batch 1000/1000: LR=5.21e-05, Loss=1.85e-02 BER=6.75e-03 FER=1.85e-01
2025-10-29 09:01:27,800 | INFO | Epoch 980 Train Time 26.911659717559814s

2025-10-29 09:01:27,800 | INFO | [P2] saving best_model (QAT) with loss 0.018469 at epoch 980
2025-10-29 09:01:53,048 | INFO | Training epoch 981, Batch 1000/1000: LR=5.21e-05, Loss=1.88e-02 BER=6.84e-03 FER=1.86e-01
2025-10-29 09:01:53,083 | INFO | Epoch 981 Train Time 25.268885135650635s

2025-10-29 09:02:22,065 | INFO | Training epoch 982, Batch 1000/1000: LR=5.20e-05, Loss=1.83e-02 BER=6.68e-03 FER=1.82e-01
2025-10-29 09:02:22,123 | INFO | Epoch 982 Train Time 29.038678884506226s

2025-10-29 09:02:22,124 | INFO | [P2] saving best_model (QAT) with loss 0.018339 at epoch 982
2025-10-29 09:02:50,061 | INFO | Training epoch 983, Batch 1000/1000: LR=5.19e-05, Loss=1.90e-02 BER=6.94e-03 FER=1.87e-01
2025-10-29 09:02:50,133 | INFO | Epoch 983 Train Time 27.985321760177612s

2025-10-29 09:03:16,890 | INFO | Training epoch 984, Batch 1000/1000: LR=5.18e-05, Loss=1.87e-02 BER=6.80e-03 FER=1.85e-01
2025-10-29 09:03:16,942 | INFO | Epoch 984 Train Time 26.80801296234131s

2025-10-29 09:03:43,223 | INFO | Training epoch 985, Batch 1000/1000: LR=5.17e-05, Loss=1.85e-02 BER=6.76e-03 FER=1.85e-01
2025-10-29 09:03:43,260 | INFO | Epoch 985 Train Time 26.317198514938354s

2025-10-29 09:04:09,726 | INFO | Training epoch 986, Batch 1000/1000: LR=5.17e-05, Loss=1.85e-02 BER=6.78e-03 FER=1.84e-01
2025-10-29 09:04:09,771 | INFO | Epoch 986 Train Time 26.510967254638672s

2025-10-29 09:04:36,209 | INFO | Training epoch 987, Batch 1000/1000: LR=5.16e-05, Loss=1.87e-02 BER=6.81e-03 FER=1.85e-01
2025-10-29 09:04:36,251 | INFO | Epoch 987 Train Time 26.47817325592041s

2025-10-29 09:05:02,689 | INFO | Training epoch 988, Batch 1000/1000: LR=5.15e-05, Loss=1.83e-02 BER=6.73e-03 FER=1.83e-01
2025-10-29 09:05:02,733 | INFO | Epoch 988 Train Time 26.481598138809204s

2025-10-29 09:05:29,645 | INFO | Training epoch 989, Batch 1000/1000: LR=5.14e-05, Loss=1.87e-02 BER=6.84e-03 FER=1.85e-01
2025-10-29 09:05:29,704 | INFO | Epoch 989 Train Time 26.97067356109619s

2025-10-29 09:05:56,220 | INFO | Training epoch 990, Batch 1000/1000: LR=5.14e-05, Loss=1.85e-02 BER=6.77e-03 FER=1.85e-01
2025-10-29 09:05:56,260 | INFO | Epoch 990 Train Time 26.55490493774414s

2025-10-29 09:06:22,782 | INFO | Training epoch 991, Batch 1000/1000: LR=5.13e-05, Loss=1.86e-02 BER=6.80e-03 FER=1.85e-01
2025-10-29 09:06:22,828 | INFO | Epoch 991 Train Time 26.567333221435547s

2025-10-29 09:06:50,281 | INFO | Training epoch 992, Batch 1000/1000: LR=5.12e-05, Loss=1.86e-02 BER=6.76e-03 FER=1.84e-01
2025-10-29 09:06:50,345 | INFO | Epoch 992 Train Time 27.517336130142212s

2025-10-29 09:07:19,323 | INFO | Training epoch 993, Batch 1000/1000: LR=5.11e-05, Loss=1.86e-02 BER=6.77e-03 FER=1.84e-01
2025-10-29 09:07:19,367 | INFO | Epoch 993 Train Time 29.02100682258606s

2025-10-29 09:07:48,084 | INFO | Training epoch 994, Batch 1000/1000: LR=5.10e-05, Loss=1.87e-02 BER=6.81e-03 FER=1.85e-01
2025-10-29 09:07:48,129 | INFO | Epoch 994 Train Time 28.761465549468994s

2025-10-29 09:08:14,398 | INFO | Training epoch 995, Batch 1000/1000: LR=5.10e-05, Loss=1.86e-02 BER=6.79e-03 FER=1.86e-01
2025-10-29 09:08:14,447 | INFO | Epoch 995 Train Time 26.3168683052063s

2025-10-29 09:08:41,839 | INFO | Training epoch 996, Batch 1000/1000: LR=5.09e-05, Loss=1.86e-02 BER=6.76e-03 FER=1.84e-01
2025-10-29 09:08:41,896 | INFO | Epoch 996 Train Time 27.448302030563354s

2025-10-29 09:09:08,068 | INFO | Training epoch 997, Batch 1000/1000: LR=5.08e-05, Loss=1.86e-02 BER=6.79e-03 FER=1.84e-01
2025-10-29 09:09:08,120 | INFO | Epoch 997 Train Time 26.2230224609375s

2025-10-29 09:09:36,855 | INFO | Training epoch 998, Batch 1000/1000: LR=5.07e-05, Loss=1.86e-02 BER=6.79e-03 FER=1.85e-01
2025-10-29 09:09:36,899 | INFO | Epoch 998 Train Time 28.77858853340149s

2025-10-29 09:10:03,224 | INFO | Training epoch 999, Batch 1000/1000: LR=5.07e-05, Loss=1.86e-02 BER=6.77e-03 FER=1.83e-01
2025-10-29 09:10:03,278 | INFO | Epoch 999 Train Time 26.37827181816101s

2025-10-29 09:10:29,358 | INFO | Training epoch 1000, Batch 1000/1000: LR=5.06e-05, Loss=1.86e-02 BER=6.80e-03 FER=1.84e-01
2025-10-29 09:10:29,412 | INFO | Epoch 1000 Train Time 26.132996797561646s

2025-10-29 09:10:55,471 | INFO | Training epoch 1001, Batch 1000/1000: LR=5.05e-05, Loss=1.88e-02 BER=6.88e-03 FER=1.86e-01
2025-10-29 09:10:55,540 | INFO | Epoch 1001 Train Time 26.127732038497925s

2025-10-29 09:11:20,103 | INFO | Training epoch 1002, Batch 1000/1000: LR=5.04e-05, Loss=1.84e-02 BER=6.75e-03 FER=1.84e-01
2025-10-29 09:11:20,157 | INFO | Epoch 1002 Train Time 24.61491060256958s

2025-10-29 09:11:45,530 | INFO | Training epoch 1003, Batch 1000/1000: LR=5.03e-05, Loss=1.88e-02 BER=6.88e-03 FER=1.88e-01
2025-10-29 09:11:45,583 | INFO | Epoch 1003 Train Time 25.426175832748413s

2025-10-29 09:12:11,214 | INFO | Training epoch 1004, Batch 1000/1000: LR=5.03e-05, Loss=1.86e-02 BER=6.79e-03 FER=1.85e-01
2025-10-29 09:12:11,271 | INFO | Epoch 1004 Train Time 25.687072038650513s

2025-10-29 09:12:37,554 | INFO | Training epoch 1005, Batch 1000/1000: LR=5.02e-05, Loss=1.89e-02 BER=6.89e-03 FER=1.85e-01
2025-10-29 09:12:37,592 | INFO | Epoch 1005 Train Time 26.319886684417725s

2025-10-29 09:13:03,441 | INFO | Training epoch 1006, Batch 1000/1000: LR=5.01e-05, Loss=1.89e-02 BER=6.90e-03 FER=1.87e-01
2025-10-29 09:13:03,486 | INFO | Epoch 1006 Train Time 25.893906354904175s

2025-10-29 09:13:31,225 | INFO | Training epoch 1007, Batch 1000/1000: LR=5.00e-05, Loss=1.87e-02 BER=6.84e-03 FER=1.86e-01
2025-10-29 09:13:31,269 | INFO | Epoch 1007 Train Time 27.782066106796265s

2025-10-29 09:13:59,263 | INFO | Training epoch 1008, Batch 1000/1000: LR=5.00e-05, Loss=1.85e-02 BER=6.77e-03 FER=1.84e-01
2025-10-29 09:13:59,302 | INFO | Epoch 1008 Train Time 28.03247618675232s

2025-10-29 09:14:26,613 | INFO | Training epoch 1009, Batch 1000/1000: LR=4.99e-05, Loss=1.86e-02 BER=6.77e-03 FER=1.84e-01
2025-10-29 09:14:26,667 | INFO | Epoch 1009 Train Time 27.364267110824585s

2025-10-29 09:14:53,830 | INFO | Training epoch 1010, Batch 1000/1000: LR=4.98e-05, Loss=1.88e-02 BER=6.90e-03 FER=1.87e-01
2025-10-29 09:14:53,891 | INFO | Epoch 1010 Train Time 27.222989082336426s

2025-10-29 09:15:20,073 | INFO | Training epoch 1011, Batch 1000/1000: LR=4.97e-05, Loss=1.87e-02 BER=6.82e-03 FER=1.86e-01
2025-10-29 09:15:20,134 | INFO | Epoch 1011 Train Time 26.242167234420776s

2025-10-29 09:15:47,147 | INFO | Training epoch 1012, Batch 1000/1000: LR=4.96e-05, Loss=1.86e-02 BER=6.81e-03 FER=1.86e-01
2025-10-29 09:15:47,201 | INFO | Epoch 1012 Train Time 27.066258907318115s

2025-10-29 09:16:14,477 | INFO | Training epoch 1013, Batch 1000/1000: LR=4.96e-05, Loss=1.87e-02 BER=6.85e-03 FER=1.86e-01
2025-10-29 09:16:14,527 | INFO | Epoch 1013 Train Time 27.325769186019897s

2025-10-29 09:16:41,022 | INFO | Training epoch 1014, Batch 1000/1000: LR=4.95e-05, Loss=1.87e-02 BER=6.82e-03 FER=1.85e-01
2025-10-29 09:16:41,062 | INFO | Epoch 1014 Train Time 26.533647775650024s

2025-10-29 09:17:06,512 | INFO | Training epoch 1015, Batch 1000/1000: LR=4.94e-05, Loss=1.86e-02 BER=6.80e-03 FER=1.85e-01
2025-10-29 09:17:06,565 | INFO | Epoch 1015 Train Time 25.502445220947266s

2025-10-29 09:17:35,256 | INFO | Training epoch 1016, Batch 1000/1000: LR=4.93e-05, Loss=1.85e-02 BER=6.76e-03 FER=1.83e-01
2025-10-29 09:17:35,323 | INFO | Epoch 1016 Train Time 28.75745940208435s

2025-10-29 09:18:04,078 | INFO | Training epoch 1017, Batch 1000/1000: LR=4.93e-05, Loss=1.86e-02 BER=6.81e-03 FER=1.86e-01
2025-10-29 09:18:04,126 | INFO | Epoch 1017 Train Time 28.802491188049316s

2025-10-29 09:18:32,971 | INFO | Training epoch 1018, Batch 1000/1000: LR=4.92e-05, Loss=1.86e-02 BER=6.83e-03 FER=1.86e-01
2025-10-29 09:18:33,021 | INFO | Epoch 1018 Train Time 28.894213438034058s

2025-10-29 09:19:00,161 | INFO | Training epoch 1019, Batch 1000/1000: LR=4.91e-05, Loss=1.84e-02 BER=6.75e-03 FER=1.83e-01
2025-10-29 09:19:00,211 | INFO | Epoch 1019 Train Time 27.18931770324707s

2025-10-29 09:19:27,275 | INFO | Training epoch 1020, Batch 1000/1000: LR=4.90e-05, Loss=1.86e-02 BER=6.80e-03 FER=1.84e-01
2025-10-29 09:19:27,325 | INFO | Epoch 1020 Train Time 27.11358904838562s

2025-10-29 09:19:54,277 | INFO | Training epoch 1021, Batch 1000/1000: LR=4.89e-05, Loss=1.85e-02 BER=6.80e-03 FER=1.85e-01
2025-10-29 09:19:54,329 | INFO | Epoch 1021 Train Time 27.00230312347412s

2025-10-29 09:20:21,665 | INFO | Training epoch 1022, Batch 1000/1000: LR=4.89e-05, Loss=1.87e-02 BER=6.82e-03 FER=1.84e-01
2025-10-29 09:20:21,718 | INFO | Epoch 1022 Train Time 27.388709545135498s

2025-10-29 09:20:48,710 | INFO | Training epoch 1023, Batch 1000/1000: LR=4.88e-05, Loss=1.83e-02 BER=6.69e-03 FER=1.84e-01
2025-10-29 09:20:48,756 | INFO | Epoch 1023 Train Time 27.037134170532227s

2025-10-29 09:20:48,756 | INFO | [P2] saving best_model (QAT) with loss 0.018288 at epoch 1023
2025-10-29 09:21:16,519 | INFO | Training epoch 1024, Batch 1000/1000: LR=4.87e-05, Loss=1.83e-02 BER=6.68e-03 FER=1.84e-01
2025-10-29 09:21:16,557 | INFO | Epoch 1024 Train Time 27.7872793674469s

2025-10-29 09:21:43,381 | INFO | Training epoch 1025, Batch 1000/1000: LR=4.86e-05, Loss=1.85e-02 BER=6.77e-03 FER=1.84e-01
2025-10-29 09:21:43,432 | INFO | Epoch 1025 Train Time 26.87436819076538s

2025-10-29 09:22:11,877 | INFO | Training epoch 1026, Batch 1000/1000: LR=4.86e-05, Loss=1.84e-02 BER=6.73e-03 FER=1.83e-01
2025-10-29 09:22:11,924 | INFO | Epoch 1026 Train Time 28.49145221710205s

2025-10-29 09:22:38,780 | INFO | Training epoch 1027, Batch 1000/1000: LR=4.85e-05, Loss=1.86e-02 BER=6.78e-03 FER=1.83e-01
2025-10-29 09:22:38,850 | INFO | Epoch 1027 Train Time 26.924806594848633s

2025-10-29 09:23:05,051 | INFO | Training epoch 1028, Batch 1000/1000: LR=4.84e-05, Loss=1.86e-02 BER=6.82e-03 FER=1.86e-01
2025-10-29 09:23:05,100 | INFO | Epoch 1028 Train Time 26.248173713684082s

2025-10-29 09:23:31,277 | INFO | Training epoch 1029, Batch 1000/1000: LR=4.83e-05, Loss=1.85e-02 BER=6.73e-03 FER=1.84e-01
2025-10-29 09:23:31,336 | INFO | Epoch 1029 Train Time 26.235695838928223s

2025-10-29 09:23:58,698 | INFO | Training epoch 1030, Batch 1000/1000: LR=4.82e-05, Loss=1.87e-02 BER=6.81e-03 FER=1.85e-01
2025-10-29 09:23:58,743 | INFO | Epoch 1030 Train Time 27.405890226364136s

2025-10-29 09:24:26,032 | INFO | Training epoch 1031, Batch 1000/1000: LR=4.82e-05, Loss=1.84e-02 BER=6.68e-03 FER=1.82e-01
2025-10-29 09:24:26,091 | INFO | Epoch 1031 Train Time 27.347728729248047s

2025-10-29 09:24:54,881 | INFO | Training epoch 1032, Batch 1000/1000: LR=4.81e-05, Loss=1.87e-02 BER=6.79e-03 FER=1.84e-01
2025-10-29 09:24:54,931 | INFO | Epoch 1032 Train Time 28.8378643989563s

2025-10-29 09:25:23,701 | INFO | Training epoch 1033, Batch 1000/1000: LR=4.80e-05, Loss=1.84e-02 BER=6.72e-03 FER=1.83e-01
2025-10-29 09:25:23,762 | INFO | Epoch 1033 Train Time 28.830507040023804s

2025-10-29 09:25:50,208 | INFO | Training epoch 1034, Batch 1000/1000: LR=4.79e-05, Loss=1.85e-02 BER=6.73e-03 FER=1.83e-01
2025-10-29 09:25:50,262 | INFO | Epoch 1034 Train Time 26.49987244606018s

2025-10-29 09:26:17,700 | INFO | Training epoch 1035, Batch 1000/1000: LR=4.79e-05, Loss=1.87e-02 BER=6.87e-03 FER=1.86e-01
2025-10-29 09:26:17,743 | INFO | Epoch 1035 Train Time 27.48010802268982s

2025-10-29 09:26:43,902 | INFO | Training epoch 1036, Batch 1000/1000: LR=4.78e-05, Loss=1.89e-02 BER=6.92e-03 FER=1.87e-01
2025-10-29 09:26:43,958 | INFO | Epoch 1036 Train Time 26.214219093322754s

2025-10-29 09:27:11,067 | INFO | Training epoch 1037, Batch 1000/1000: LR=4.77e-05, Loss=1.87e-02 BER=6.87e-03 FER=1.86e-01
2025-10-29 09:27:11,118 | INFO | Epoch 1037 Train Time 27.159128665924072s

2025-10-29 09:27:36,271 | INFO | Training epoch 1038, Batch 1000/1000: LR=4.76e-05, Loss=1.84e-02 BER=6.74e-03 FER=1.85e-01
2025-10-29 09:27:36,324 | INFO | Epoch 1038 Train Time 25.205708503723145s

2025-10-29 09:28:02,273 | INFO | Training epoch 1039, Batch 1000/1000: LR=4.75e-05, Loss=1.84e-02 BER=6.75e-03 FER=1.84e-01
2025-10-29 09:28:02,321 | INFO | Epoch 1039 Train Time 25.99640727043152s

2025-10-29 09:28:30,773 | INFO | Training epoch 1040, Batch 1000/1000: LR=4.75e-05, Loss=1.84e-02 BER=6.76e-03 FER=1.83e-01
2025-10-29 09:28:30,820 | INFO | Epoch 1040 Train Time 28.498008251190186s

2025-10-29 09:28:59,064 | INFO | Training epoch 1041, Batch 1000/1000: LR=4.74e-05, Loss=1.86e-02 BER=6.77e-03 FER=1.84e-01
2025-10-29 09:28:59,108 | INFO | Epoch 1041 Train Time 28.287494897842407s

2025-10-29 09:29:25,813 | INFO | Training epoch 1042, Batch 1000/1000: LR=4.73e-05, Loss=1.83e-02 BER=6.71e-03 FER=1.83e-01
2025-10-29 09:29:25,856 | INFO | Epoch 1042 Train Time 26.747341871261597s

2025-10-29 09:29:53,774 | INFO | Training epoch 1043, Batch 1000/1000: LR=4.72e-05, Loss=1.85e-02 BER=6.76e-03 FER=1.85e-01
2025-10-29 09:29:53,827 | INFO | Epoch 1043 Train Time 27.970396041870117s

2025-10-29 09:30:21,229 | INFO | Training epoch 1044, Batch 1000/1000: LR=4.72e-05, Loss=1.85e-02 BER=6.75e-03 FER=1.84e-01
2025-10-29 09:30:21,269 | INFO | Epoch 1044 Train Time 27.44121289253235s

2025-10-29 09:30:48,219 | INFO | Training epoch 1045, Batch 1000/1000: LR=4.71e-05, Loss=1.85e-02 BER=6.76e-03 FER=1.84e-01
2025-10-29 09:30:48,287 | INFO | Epoch 1045 Train Time 27.01746416091919s

2025-10-29 09:31:15,008 | INFO | Training epoch 1046, Batch 1000/1000: LR=4.70e-05, Loss=1.85e-02 BER=6.73e-03 FER=1.83e-01
2025-10-29 09:31:15,067 | INFO | Epoch 1046 Train Time 26.78014588356018s

2025-10-29 09:31:42,271 | INFO | Training epoch 1047, Batch 1000/1000: LR=4.69e-05, Loss=1.85e-02 BER=6.73e-03 FER=1.83e-01
2025-10-29 09:31:42,308 | INFO | Epoch 1047 Train Time 27.239879846572876s

2025-10-29 09:32:09,314 | INFO | Training epoch 1048, Batch 1000/1000: LR=4.68e-05, Loss=1.83e-02 BER=6.68e-03 FER=1.81e-01
2025-10-29 09:32:09,355 | INFO | Epoch 1048 Train Time 27.046224117279053s

2025-10-29 09:32:36,063 | INFO | Training epoch 1049, Batch 1000/1000: LR=4.68e-05, Loss=1.87e-02 BER=6.87e-03 FER=1.86e-01
2025-10-29 09:32:36,115 | INFO | Epoch 1049 Train Time 26.759982109069824s

2025-10-29 09:33:05,152 | INFO | Training epoch 1050, Batch 1000/1000: LR=4.67e-05, Loss=1.83e-02 BER=6.67e-03 FER=1.80e-01
2025-10-29 09:33:05,212 | INFO | Epoch 1050 Train Time 29.09555411338806s

2025-10-29 09:33:32,831 | INFO | Training epoch 1051, Batch 1000/1000: LR=4.66e-05, Loss=1.84e-02 BER=6.75e-03 FER=1.83e-01
2025-10-29 09:33:32,876 | INFO | Epoch 1051 Train Time 27.66386079788208s

2025-10-29 09:33:59,475 | INFO | Training epoch 1052, Batch 1000/1000: LR=4.65e-05, Loss=1.86e-02 BER=6.78e-03 FER=1.85e-01
2025-10-29 09:33:59,539 | INFO | Epoch 1052 Train Time 26.661845922470093s

2025-10-29 09:34:25,978 | INFO | Training epoch 1053, Batch 1000/1000: LR=4.65e-05, Loss=1.84e-02 BER=6.72e-03 FER=1.82e-01
2025-10-29 09:34:26,035 | INFO | Epoch 1053 Train Time 26.49487066268921s

2025-10-29 09:34:55,315 | INFO | Training epoch 1054, Batch 1000/1000: LR=4.64e-05, Loss=1.84e-02 BER=6.72e-03 FER=1.82e-01
2025-10-29 09:34:55,386 | INFO | Epoch 1054 Train Time 29.350512266159058s

2025-10-29 09:35:23,584 | INFO | Training epoch 1055, Batch 1000/1000: LR=4.63e-05, Loss=1.85e-02 BER=6.75e-03 FER=1.83e-01
2025-10-29 09:35:23,641 | INFO | Epoch 1055 Train Time 28.254801750183105s

2025-10-29 09:35:50,645 | INFO | Training epoch 1056, Batch 1000/1000: LR=4.62e-05, Loss=1.85e-02 BER=6.77e-03 FER=1.84e-01
2025-10-29 09:35:50,686 | INFO | Epoch 1056 Train Time 27.04366660118103s

2025-10-29 09:36:17,388 | INFO | Training epoch 1057, Batch 1000/1000: LR=4.62e-05, Loss=1.84e-02 BER=6.75e-03 FER=1.84e-01
2025-10-29 09:36:17,450 | INFO | Epoch 1057 Train Time 26.76317834854126s

2025-10-29 09:36:44,414 | INFO | Training epoch 1058, Batch 1000/1000: LR=4.61e-05, Loss=1.85e-02 BER=6.80e-03 FER=1.83e-01
2025-10-29 09:36:44,467 | INFO | Epoch 1058 Train Time 27.016282320022583s

2025-10-29 09:37:11,509 | INFO | Training epoch 1059, Batch 1000/1000: LR=4.60e-05, Loss=1.87e-02 BER=6.84e-03 FER=1.84e-01
2025-10-29 09:37:11,563 | INFO | Epoch 1059 Train Time 27.095232725143433s

2025-10-29 09:37:38,282 | INFO | Training epoch 1060, Batch 1000/1000: LR=4.59e-05, Loss=1.85e-02 BER=6.80e-03 FER=1.84e-01
2025-10-29 09:37:38,339 | INFO | Epoch 1060 Train Time 26.77491855621338s

2025-10-29 09:38:03,983 | INFO | Training epoch 1061, Batch 1000/1000: LR=4.58e-05, Loss=1.84e-02 BER=6.76e-03 FER=1.84e-01
2025-10-29 09:38:04,035 | INFO | Epoch 1061 Train Time 25.695406198501587s

2025-10-29 09:38:28,054 | INFO | Training epoch 1062, Batch 1000/1000: LR=4.58e-05, Loss=1.87e-02 BER=6.85e-03 FER=1.85e-01
2025-10-29 09:38:28,103 | INFO | Epoch 1062 Train Time 24.066790342330933s

2025-10-29 09:38:55,875 | INFO | Training epoch 1063, Batch 1000/1000: LR=4.57e-05, Loss=1.85e-02 BER=6.74e-03 FER=1.83e-01
2025-10-29 09:38:55,923 | INFO | Epoch 1063 Train Time 27.820172548294067s

2025-10-29 09:39:22,909 | INFO | Training epoch 1064, Batch 1000/1000: LR=4.56e-05, Loss=1.87e-02 BER=6.85e-03 FER=1.85e-01
2025-10-29 09:39:22,953 | INFO | Epoch 1064 Train Time 27.02884602546692s

2025-10-29 09:39:48,897 | INFO | Training epoch 1065, Batch 1000/1000: LR=4.55e-05, Loss=1.84e-02 BER=6.73e-03 FER=1.83e-01
2025-10-29 09:39:48,945 | INFO | Epoch 1065 Train Time 25.992047548294067s

2025-10-29 09:40:16,688 | INFO | Training epoch 1066, Batch 1000/1000: LR=4.55e-05, Loss=1.85e-02 BER=6.74e-03 FER=1.83e-01
2025-10-29 09:40:16,751 | INFO | Epoch 1066 Train Time 27.804513931274414s

2025-10-29 09:40:43,802 | INFO | Training epoch 1067, Batch 1000/1000: LR=4.54e-05, Loss=1.86e-02 BER=6.80e-03 FER=1.84e-01
2025-10-29 09:40:43,852 | INFO | Epoch 1067 Train Time 27.10028100013733s

2025-10-29 09:41:09,572 | INFO | Training epoch 1068, Batch 1000/1000: LR=4.53e-05, Loss=1.83e-02 BER=6.71e-03 FER=1.83e-01
2025-10-29 09:41:09,625 | INFO | Epoch 1068 Train Time 25.772451639175415s

2025-10-29 09:41:34,148 | INFO | Training epoch 1069, Batch 1000/1000: LR=4.52e-05, Loss=1.82e-02 BER=6.65e-03 FER=1.81e-01
2025-10-29 09:41:34,204 | INFO | Epoch 1069 Train Time 24.57882809638977s

2025-10-29 09:41:34,205 | INFO | [P2] saving best_model (QAT) with loss 0.018210 at epoch 1069
2025-10-29 09:42:00,335 | INFO | Training epoch 1070, Batch 1000/1000: LR=4.51e-05, Loss=1.83e-02 BER=6.70e-03 FER=1.83e-01
2025-10-29 09:42:00,385 | INFO | Epoch 1070 Train Time 26.165605545043945s

2025-10-29 09:42:23,539 | INFO | Training epoch 1071, Batch 1000/1000: LR=4.51e-05, Loss=1.85e-02 BER=6.77e-03 FER=1.83e-01
2025-10-29 09:42:23,586 | INFO | Epoch 1071 Train Time 23.200212001800537s

2025-10-29 09:42:51,075 | INFO | Training epoch 1072, Batch 1000/1000: LR=4.50e-05, Loss=1.85e-02 BER=6.75e-03 FER=1.83e-01
2025-10-29 09:42:51,127 | INFO | Epoch 1072 Train Time 27.54007887840271s

2025-10-29 09:43:16,518 | INFO | Training epoch 1073, Batch 1000/1000: LR=4.49e-05, Loss=1.85e-02 BER=6.78e-03 FER=1.84e-01
2025-10-29 09:43:16,594 | INFO | Epoch 1073 Train Time 25.46599769592285s

2025-10-29 09:43:42,272 | INFO | Training epoch 1074, Batch 1000/1000: LR=4.48e-05, Loss=1.86e-02 BER=6.81e-03 FER=1.85e-01
2025-10-29 09:43:42,324 | INFO | Epoch 1074 Train Time 25.729365348815918s

2025-10-29 09:44:08,237 | INFO | Training epoch 1075, Batch 1000/1000: LR=4.48e-05, Loss=1.86e-02 BER=6.84e-03 FER=1.85e-01
2025-10-29 09:44:08,277 | INFO | Epoch 1075 Train Time 25.95241904258728s

2025-10-29 09:44:35,001 | INFO | Training epoch 1076, Batch 1000/1000: LR=4.47e-05, Loss=1.86e-02 BER=6.80e-03 FER=1.85e-01
2025-10-29 09:44:35,067 | INFO | Epoch 1076 Train Time 26.789673805236816s

2025-10-29 09:45:01,634 | INFO | Training epoch 1077, Batch 1000/1000: LR=4.46e-05, Loss=1.88e-02 BER=6.89e-03 FER=1.86e-01
2025-10-29 09:45:01,671 | INFO | Epoch 1077 Train Time 26.602627992630005s

2025-10-29 09:45:28,133 | INFO | Training epoch 1078, Batch 1000/1000: LR=4.45e-05, Loss=1.86e-02 BER=6.77e-03 FER=1.83e-01
2025-10-29 09:45:28,197 | INFO | Epoch 1078 Train Time 26.5260910987854s

2025-10-29 09:45:52,821 | INFO | Training epoch 1079, Batch 1000/1000: LR=4.45e-05, Loss=1.83e-02 BER=6.65e-03 FER=1.82e-01
2025-10-29 09:45:52,872 | INFO | Epoch 1079 Train Time 24.67403817176819s

2025-10-29 09:46:18,345 | INFO | Training epoch 1080, Batch 1000/1000: LR=4.44e-05, Loss=1.88e-02 BER=6.90e-03 FER=1.87e-01
2025-10-29 09:46:18,410 | INFO | Epoch 1080 Train Time 25.537484884262085s

2025-10-29 09:46:45,520 | INFO | Training epoch 1081, Batch 1000/1000: LR=4.43e-05, Loss=1.84e-02 BER=6.70e-03 FER=1.82e-01
2025-10-29 09:46:45,575 | INFO | Epoch 1081 Train Time 27.16471242904663s

2025-10-29 09:47:11,215 | INFO | Training epoch 1082, Batch 1000/1000: LR=4.42e-05, Loss=1.85e-02 BER=6.74e-03 FER=1.84e-01
2025-10-29 09:47:11,266 | INFO | Epoch 1082 Train Time 25.689531087875366s

2025-10-29 09:47:39,040 | INFO | Training epoch 1083, Batch 1000/1000: LR=4.41e-05, Loss=1.87e-02 BER=6.85e-03 FER=1.84e-01
2025-10-29 09:47:39,086 | INFO | Epoch 1083 Train Time 27.81891655921936s

2025-10-29 09:48:05,967 | INFO | Training epoch 1084, Batch 1000/1000: LR=4.41e-05, Loss=1.83e-02 BER=6.65e-03 FER=1.82e-01
2025-10-29 09:48:06,006 | INFO | Epoch 1084 Train Time 26.9201078414917s

2025-10-29 09:48:34,601 | INFO | Training epoch 1085, Batch 1000/1000: LR=4.40e-05, Loss=1.88e-02 BER=6.82e-03 FER=1.84e-01
2025-10-29 09:48:34,647 | INFO | Epoch 1085 Train Time 28.640191078186035s

2025-10-29 09:49:02,571 | INFO | Training epoch 1086, Batch 1000/1000: LR=4.39e-05, Loss=1.87e-02 BER=6.86e-03 FER=1.85e-01
2025-10-29 09:49:02,629 | INFO | Epoch 1086 Train Time 27.979629039764404s

2025-10-29 09:49:28,151 | INFO | Training epoch 1087, Batch 1000/1000: LR=4.38e-05, Loss=1.86e-02 BER=6.82e-03 FER=1.85e-01
2025-10-29 09:49:28,226 | INFO | Epoch 1087 Train Time 25.59685468673706s

2025-10-29 09:49:53,854 | INFO | Training epoch 1088, Batch 1000/1000: LR=4.38e-05, Loss=1.85e-02 BER=6.80e-03 FER=1.84e-01
2025-10-29 09:49:53,917 | INFO | Epoch 1088 Train Time 25.69057297706604s

2025-10-29 09:50:18,397 | INFO | Training epoch 1089, Batch 1000/1000: LR=4.37e-05, Loss=1.87e-02 BER=6.82e-03 FER=1.86e-01
2025-10-29 09:50:18,449 | INFO | Epoch 1089 Train Time 24.53117346763611s

2025-10-29 09:50:45,173 | INFO | Training epoch 1090, Batch 1000/1000: LR=4.36e-05, Loss=1.85e-02 BER=6.78e-03 FER=1.85e-01
2025-10-29 09:50:45,224 | INFO | Epoch 1090 Train Time 26.774210691452026s

2025-10-29 09:51:13,908 | INFO | Training epoch 1091, Batch 1000/1000: LR=4.35e-05, Loss=1.88e-02 BER=6.86e-03 FER=1.87e-01
2025-10-29 09:51:13,951 | INFO | Epoch 1091 Train Time 28.726097106933594s

2025-10-29 09:51:40,917 | INFO | Training epoch 1092, Batch 1000/1000: LR=4.34e-05, Loss=1.82e-02 BER=6.68e-03 FER=1.83e-01
2025-10-29 09:51:40,969 | INFO | Epoch 1092 Train Time 27.01699924468994s

2025-10-29 09:52:08,144 | INFO | Training epoch 1093, Batch 1000/1000: LR=4.34e-05, Loss=1.85e-02 BER=6.76e-03 FER=1.84e-01
2025-10-29 09:52:08,210 | INFO | Epoch 1093 Train Time 27.239986181259155s

2025-10-29 09:52:34,820 | INFO | Training epoch 1094, Batch 1000/1000: LR=4.33e-05, Loss=1.86e-02 BER=6.79e-03 FER=1.85e-01
2025-10-29 09:52:34,887 | INFO | Epoch 1094 Train Time 26.677379369735718s

2025-10-29 09:53:01,357 | INFO | Training epoch 1095, Batch 1000/1000: LR=4.32e-05, Loss=1.84e-02 BER=6.72e-03 FER=1.82e-01
2025-10-29 09:53:01,414 | INFO | Epoch 1095 Train Time 26.52565622329712s

2025-10-29 09:53:28,177 | INFO | Training epoch 1096, Batch 1000/1000: LR=4.31e-05, Loss=1.87e-02 BER=6.83e-03 FER=1.86e-01
2025-10-29 09:53:28,235 | INFO | Epoch 1096 Train Time 26.820871353149414s

2025-10-29 09:53:53,708 | INFO | Training epoch 1097, Batch 1000/1000: LR=4.31e-05, Loss=1.85e-02 BER=6.75e-03 FER=1.84e-01
2025-10-29 09:53:53,760 | INFO | Epoch 1097 Train Time 25.52418041229248s

2025-10-29 09:54:20,054 | INFO | Training epoch 1098, Batch 1000/1000: LR=4.30e-05, Loss=1.85e-02 BER=6.74e-03 FER=1.84e-01
2025-10-29 09:54:20,113 | INFO | Epoch 1098 Train Time 26.352274179458618s

2025-10-29 09:54:46,494 | INFO | Training epoch 1099, Batch 1000/1000: LR=4.29e-05, Loss=1.86e-02 BER=6.81e-03 FER=1.86e-01
2025-10-29 09:54:46,561 | INFO | Epoch 1099 Train Time 26.44808530807495s

2025-10-29 09:55:12,224 | INFO | Training epoch 1100, Batch 1000/1000: LR=4.28e-05, Loss=1.85e-02 BER=6.76e-03 FER=1.84e-01
2025-10-29 09:55:12,282 | INFO | Epoch 1100 Train Time 25.719953060150146s

2025-10-29 09:55:38,938 | INFO | Training epoch 1101, Batch 1000/1000: LR=4.28e-05, Loss=1.86e-02 BER=6.81e-03 FER=1.85e-01
2025-10-29 09:55:38,994 | INFO | Epoch 1101 Train Time 26.711118936538696s

2025-10-29 09:56:05,471 | INFO | Training epoch 1102, Batch 1000/1000: LR=4.27e-05, Loss=1.86e-02 BER=6.77e-03 FER=1.84e-01
2025-10-29 09:56:05,521 | INFO | Epoch 1102 Train Time 26.526024341583252s

2025-10-29 09:56:29,251 | INFO | Training epoch 1103, Batch 1000/1000: LR=4.26e-05, Loss=1.85e-02 BER=6.77e-03 FER=1.82e-01
2025-10-29 09:56:29,303 | INFO | Epoch 1103 Train Time 23.782193422317505s

2025-10-29 09:56:55,167 | INFO | Training epoch 1104, Batch 1000/1000: LR=4.25e-05, Loss=1.84e-02 BER=6.77e-03 FER=1.83e-01
2025-10-29 09:56:55,215 | INFO | Epoch 1104 Train Time 25.911456823349s

2025-10-29 09:57:20,357 | INFO | Training epoch 1105, Batch 1000/1000: LR=4.24e-05, Loss=1.83e-02 BER=6.71e-03 FER=1.83e-01
2025-10-29 09:57:20,408 | INFO | Epoch 1105 Train Time 25.19201683998108s

2025-10-29 09:57:45,366 | INFO | Training epoch 1106, Batch 1000/1000: LR=4.24e-05, Loss=1.86e-02 BER=6.81e-03 FER=1.84e-01
2025-10-29 09:57:45,428 | INFO | Epoch 1106 Train Time 25.019896507263184s

2025-10-29 09:58:11,868 | INFO | Training epoch 1107, Batch 1000/1000: LR=4.23e-05, Loss=1.86e-02 BER=6.79e-03 FER=1.85e-01
2025-10-29 09:58:11,918 | INFO | Epoch 1107 Train Time 26.489092350006104s

2025-10-29 09:58:38,415 | INFO | Training epoch 1108, Batch 1000/1000: LR=4.22e-05, Loss=1.87e-02 BER=6.81e-03 FER=1.86e-01
2025-10-29 09:58:38,489 | INFO | Epoch 1108 Train Time 26.56995153427124s

2025-10-29 09:59:05,009 | INFO | Training epoch 1109, Batch 1000/1000: LR=4.21e-05, Loss=1.83e-02 BER=6.70e-03 FER=1.83e-01
2025-10-29 09:59:05,063 | INFO | Epoch 1109 Train Time 26.574040174484253s

2025-10-29 09:59:30,553 | INFO | Training epoch 1110, Batch 1000/1000: LR=4.21e-05, Loss=1.85e-02 BER=6.78e-03 FER=1.84e-01
2025-10-29 09:59:30,598 | INFO | Epoch 1110 Train Time 25.5341579914093s

2025-10-29 09:59:57,298 | INFO | Training epoch 1111, Batch 1000/1000: LR=4.20e-05, Loss=1.84e-02 BER=6.72e-03 FER=1.84e-01
2025-10-29 09:59:57,356 | INFO | Epoch 1111 Train Time 26.757287979125977s

2025-10-29 10:00:22,074 | INFO | Training epoch 1112, Batch 1000/1000: LR=4.19e-05, Loss=1.85e-02 BER=6.75e-03 FER=1.84e-01
2025-10-29 10:00:22,131 | INFO | Epoch 1112 Train Time 24.77431869506836s

2025-10-29 10:00:46,930 | INFO | Training epoch 1113, Batch 1000/1000: LR=4.18e-05, Loss=1.84e-02 BER=6.74e-03 FER=1.83e-01
2025-10-29 10:00:46,981 | INFO | Epoch 1113 Train Time 24.84988284111023s

2025-10-29 10:01:12,068 | INFO | Training epoch 1114, Batch 1000/1000: LR=4.18e-05, Loss=1.87e-02 BER=6.83e-03 FER=1.86e-01
2025-10-29 10:01:12,124 | INFO | Epoch 1114 Train Time 25.142340183258057s

2025-10-29 10:01:36,544 | INFO | Training epoch 1115, Batch 1000/1000: LR=4.17e-05, Loss=1.85e-02 BER=6.75e-03 FER=1.83e-01
2025-10-29 10:01:36,604 | INFO | Epoch 1115 Train Time 24.478598594665527s

2025-10-29 10:02:01,368 | INFO | Training epoch 1116, Batch 1000/1000: LR=4.16e-05, Loss=1.88e-02 BER=6.83e-03 FER=1.85e-01
2025-10-29 10:02:01,421 | INFO | Epoch 1116 Train Time 24.816896200180054s

2025-10-29 10:02:27,595 | INFO | Training epoch 1117, Batch 1000/1000: LR=4.15e-05, Loss=1.84e-02 BER=6.72e-03 FER=1.83e-01
2025-10-29 10:02:27,645 | INFO | Epoch 1117 Train Time 26.223194360733032s

2025-10-29 10:02:53,977 | INFO | Training epoch 1118, Batch 1000/1000: LR=4.15e-05, Loss=1.86e-02 BER=6.80e-03 FER=1.84e-01
2025-10-29 10:02:54,025 | INFO | Epoch 1118 Train Time 26.380353927612305s

2025-10-29 10:03:19,673 | INFO | Training epoch 1119, Batch 1000/1000: LR=4.14e-05, Loss=1.86e-02 BER=6.83e-03 FER=1.84e-01
2025-10-29 10:03:19,718 | INFO | Epoch 1119 Train Time 25.692054748535156s

2025-10-29 10:03:46,083 | INFO | Training epoch 1120, Batch 1000/1000: LR=4.13e-05, Loss=1.87e-02 BER=6.91e-03 FER=1.87e-01
2025-10-29 10:03:46,125 | INFO | Epoch 1120 Train Time 26.405812740325928s

2025-10-29 10:04:12,923 | INFO | Training epoch 1121, Batch 1000/1000: LR=4.12e-05, Loss=1.87e-02 BER=6.84e-03 FER=1.85e-01
2025-10-29 10:04:12,979 | INFO | Epoch 1121 Train Time 26.85377812385559s

2025-10-29 10:04:40,254 | INFO | Training epoch 1122, Batch 1000/1000: LR=4.11e-05, Loss=1.85e-02 BER=6.77e-03 FER=1.84e-01
2025-10-29 10:04:40,317 | INFO | Epoch 1122 Train Time 27.33779001235962s

2025-10-29 10:05:07,958 | INFO | Training epoch 1123, Batch 1000/1000: LR=4.11e-05, Loss=1.86e-02 BER=6.75e-03 FER=1.84e-01
2025-10-29 10:05:08,006 | INFO | Epoch 1123 Train Time 27.68821620941162s

2025-10-29 10:05:36,036 | INFO | Training epoch 1124, Batch 1000/1000: LR=4.10e-05, Loss=1.84e-02 BER=6.71e-03 FER=1.82e-01
2025-10-29 10:05:36,085 | INFO | Epoch 1124 Train Time 28.078049182891846s

2025-10-29 10:06:03,601 | INFO | Training epoch 1125, Batch 1000/1000: LR=4.09e-05, Loss=1.85e-02 BER=6.73e-03 FER=1.84e-01
2025-10-29 10:06:03,671 | INFO | Epoch 1125 Train Time 27.58494234085083s

2025-10-29 10:06:31,336 | INFO | Training epoch 1126, Batch 1000/1000: LR=4.08e-05, Loss=1.84e-02 BER=6.74e-03 FER=1.84e-01
2025-10-29 10:06:31,389 | INFO | Epoch 1126 Train Time 27.716964721679688s

2025-10-29 10:06:59,352 | INFO | Training epoch 1127, Batch 1000/1000: LR=4.08e-05, Loss=1.85e-02 BER=6.77e-03 FER=1.84e-01
2025-10-29 10:06:59,399 | INFO | Epoch 1127 Train Time 28.009192943572998s

2025-10-29 10:07:26,321 | INFO | Training epoch 1128, Batch 1000/1000: LR=4.07e-05, Loss=1.85e-02 BER=6.78e-03 FER=1.84e-01
2025-10-29 10:07:26,368 | INFO | Epoch 1128 Train Time 26.967928171157837s

2025-10-29 10:07:52,500 | INFO | Training epoch 1129, Batch 1000/1000: LR=4.06e-05, Loss=1.85e-02 BER=6.78e-03 FER=1.85e-01
2025-10-29 10:07:52,548 | INFO | Epoch 1129 Train Time 26.180174112319946s

2025-10-29 10:08:19,168 | INFO | Training epoch 1130, Batch 1000/1000: LR=4.05e-05, Loss=1.86e-02 BER=6.81e-03 FER=1.85e-01
2025-10-29 10:08:19,223 | INFO | Epoch 1130 Train Time 26.673776865005493s

2025-10-29 10:08:45,798 | INFO | Training epoch 1131, Batch 1000/1000: LR=4.05e-05, Loss=1.87e-02 BER=6.82e-03 FER=1.86e-01
2025-10-29 10:08:45,849 | INFO | Epoch 1131 Train Time 26.62547993659973s

2025-10-29 10:09:12,869 | INFO | Training epoch 1132, Batch 1000/1000: LR=4.04e-05, Loss=1.83e-02 BER=6.67e-03 FER=1.83e-01
2025-10-29 10:09:12,921 | INFO | Epoch 1132 Train Time 27.070958614349365s

2025-10-29 10:09:38,465 | INFO | Training epoch 1133, Batch 1000/1000: LR=4.03e-05, Loss=1.85e-02 BER=6.77e-03 FER=1.84e-01
2025-10-29 10:09:38,508 | INFO | Epoch 1133 Train Time 25.58583974838257s

2025-10-29 10:10:05,534 | INFO | Training epoch 1134, Batch 1000/1000: LR=4.02e-05, Loss=1.87e-02 BER=6.85e-03 FER=1.86e-01
2025-10-29 10:10:05,579 | INFO | Epoch 1134 Train Time 27.070175409317017s

2025-10-29 10:10:30,929 | INFO | Training epoch 1135, Batch 1000/1000: LR=4.02e-05, Loss=1.85e-02 BER=6.75e-03 FER=1.85e-01
2025-10-29 10:10:30,965 | INFO | Epoch 1135 Train Time 25.385584592819214s

2025-10-29 10:10:57,456 | INFO | Training epoch 1136, Batch 1000/1000: LR=4.01e-05, Loss=1.86e-02 BER=6.80e-03 FER=1.85e-01
2025-10-29 10:10:57,518 | INFO | Epoch 1136 Train Time 26.55262517929077s

2025-10-29 10:11:25,549 | INFO | Training epoch 1137, Batch 1000/1000: LR=4.00e-05, Loss=1.87e-02 BER=6.86e-03 FER=1.86e-01
2025-10-29 10:11:25,603 | INFO | Epoch 1137 Train Time 28.08523726463318s

2025-10-29 10:11:53,975 | INFO | Training epoch 1138, Batch 1000/1000: LR=3.99e-05, Loss=1.85e-02 BER=6.75e-03 FER=1.84e-01
2025-10-29 10:11:54,027 | INFO | Epoch 1138 Train Time 28.42320489883423s

2025-10-29 10:12:21,109 | INFO | Training epoch 1139, Batch 1000/1000: LR=3.99e-05, Loss=1.86e-02 BER=6.77e-03 FER=1.84e-01
2025-10-29 10:12:21,163 | INFO | Epoch 1139 Train Time 27.135315418243408s

2025-10-29 10:12:47,268 | INFO | Training epoch 1140, Batch 1000/1000: LR=3.98e-05, Loss=1.84e-02 BER=6.69e-03 FER=1.82e-01
2025-10-29 10:12:47,312 | INFO | Epoch 1140 Train Time 26.147870779037476s

2025-10-29 10:13:14,572 | INFO | Training epoch 1141, Batch 1000/1000: LR=3.97e-05, Loss=1.86e-02 BER=6.79e-03 FER=1.85e-01
2025-10-29 10:13:14,622 | INFO | Epoch 1141 Train Time 27.30919337272644s

2025-10-29 10:13:41,304 | INFO | Training epoch 1142, Batch 1000/1000: LR=3.96e-05, Loss=1.85e-02 BER=6.78e-03 FER=1.84e-01
2025-10-29 10:13:41,348 | INFO | Epoch 1142 Train Time 26.725723028182983s

2025-10-29 10:14:08,667 | INFO | Training epoch 1143, Batch 1000/1000: LR=3.96e-05, Loss=1.83e-02 BER=6.68e-03 FER=1.82e-01
2025-10-29 10:14:08,719 | INFO | Epoch 1143 Train Time 27.368955373764038s

2025-10-29 10:14:36,569 | INFO | Training epoch 1144, Batch 1000/1000: LR=3.95e-05, Loss=1.84e-02 BER=6.77e-03 FER=1.84e-01
2025-10-29 10:14:36,610 | INFO | Epoch 1144 Train Time 27.890782833099365s

2025-10-29 10:15:03,672 | INFO | Training epoch 1145, Batch 1000/1000: LR=3.94e-05, Loss=1.85e-02 BER=6.76e-03 FER=1.84e-01
2025-10-29 10:15:03,713 | INFO | Epoch 1145 Train Time 27.102937698364258s

2025-10-29 10:15:29,398 | INFO | Training epoch 1146, Batch 1000/1000: LR=3.93e-05, Loss=1.85e-02 BER=6.78e-03 FER=1.83e-01
2025-10-29 10:15:29,439 | INFO | Epoch 1146 Train Time 25.725003957748413s

2025-10-29 10:15:56,697 | INFO | Training epoch 1147, Batch 1000/1000: LR=3.92e-05, Loss=1.85e-02 BER=6.77e-03 FER=1.84e-01
2025-10-29 10:15:56,746 | INFO | Epoch 1147 Train Time 27.306719064712524s

2025-10-29 10:16:22,379 | INFO | Training epoch 1148, Batch 1000/1000: LR=3.92e-05, Loss=1.84e-02 BER=6.76e-03 FER=1.83e-01
2025-10-29 10:16:22,431 | INFO | Epoch 1148 Train Time 25.684473752975464s

2025-10-29 10:16:49,564 | INFO | Training epoch 1149, Batch 1000/1000: LR=3.91e-05, Loss=1.84e-02 BER=6.76e-03 FER=1.83e-01
2025-10-29 10:16:49,628 | INFO | Epoch 1149 Train Time 27.195996522903442s

2025-10-29 10:17:17,681 | INFO | Training epoch 1150, Batch 1000/1000: LR=3.90e-05, Loss=1.85e-02 BER=6.79e-03 FER=1.86e-01
2025-10-29 10:17:17,728 | INFO | Epoch 1150 Train Time 28.098509311676025s

2025-10-29 10:17:43,476 | INFO | Training epoch 1151, Batch 1000/1000: LR=3.89e-05, Loss=1.85e-02 BER=6.81e-03 FER=1.85e-01
2025-10-29 10:17:43,526 | INFO | Epoch 1151 Train Time 25.79724645614624s

2025-10-29 10:18:10,217 | INFO | Training epoch 1152, Batch 1000/1000: LR=3.89e-05, Loss=1.86e-02 BER=6.80e-03 FER=1.85e-01
2025-10-29 10:18:10,280 | INFO | Epoch 1152 Train Time 26.75405240058899s

2025-10-29 10:18:35,333 | INFO | Training epoch 1153, Batch 1000/1000: LR=3.88e-05, Loss=1.85e-02 BER=6.78e-03 FER=1.84e-01
2025-10-29 10:18:35,390 | INFO | Epoch 1153 Train Time 25.10954213142395s

2025-10-29 10:19:01,460 | INFO | Training epoch 1154, Batch 1000/1000: LR=3.87e-05, Loss=1.85e-02 BER=6.81e-03 FER=1.84e-01
2025-10-29 10:19:01,510 | INFO | Epoch 1154 Train Time 26.11902093887329s

2025-10-29 10:19:27,176 | INFO | Training epoch 1155, Batch 1000/1000: LR=3.86e-05, Loss=1.85e-02 BER=6.78e-03 FER=1.82e-01
2025-10-29 10:19:27,224 | INFO | Epoch 1155 Train Time 25.713518857955933s

2025-10-29 10:19:52,729 | INFO | Training epoch 1156, Batch 1000/1000: LR=3.86e-05, Loss=1.85e-02 BER=6.72e-03 FER=1.83e-01
2025-10-29 10:19:52,764 | INFO | Epoch 1156 Train Time 25.53872799873352s

2025-10-29 10:20:18,830 | INFO | Training epoch 1157, Batch 1000/1000: LR=3.85e-05, Loss=1.84e-02 BER=6.75e-03 FER=1.83e-01
2025-10-29 10:20:18,885 | INFO | Epoch 1157 Train Time 26.12102961540222s

2025-10-29 10:20:43,917 | INFO | Training epoch 1158, Batch 1000/1000: LR=3.84e-05, Loss=1.87e-02 BER=6.81e-03 FER=1.84e-01
2025-10-29 10:20:43,975 | INFO | Epoch 1158 Train Time 25.089037895202637s

2025-10-29 10:21:09,097 | INFO | Training epoch 1159, Batch 1000/1000: LR=3.83e-05, Loss=1.87e-02 BER=6.84e-03 FER=1.85e-01
2025-10-29 10:21:09,151 | INFO | Epoch 1159 Train Time 25.175941228866577s

2025-10-29 10:21:34,521 | INFO | Training epoch 1160, Batch 1000/1000: LR=3.83e-05, Loss=1.85e-02 BER=6.78e-03 FER=1.84e-01
2025-10-29 10:21:34,575 | INFO | Epoch 1160 Train Time 25.422842264175415s

2025-10-29 10:22:00,467 | INFO | Training epoch 1161, Batch 1000/1000: LR=3.82e-05, Loss=1.84e-02 BER=6.69e-03 FER=1.82e-01
2025-10-29 10:22:00,504 | INFO | Epoch 1161 Train Time 25.92763042449951s

2025-10-29 10:22:26,747 | INFO | Training epoch 1162, Batch 1000/1000: LR=3.81e-05, Loss=1.87e-02 BER=6.83e-03 FER=1.85e-01
2025-10-29 10:22:26,802 | INFO | Epoch 1162 Train Time 26.297067642211914s

2025-10-29 10:22:53,926 | INFO | Training epoch 1163, Batch 1000/1000: LR=3.80e-05, Loss=1.85e-02 BER=6.73e-03 FER=1.83e-01
2025-10-29 10:22:53,982 | INFO | Epoch 1163 Train Time 27.17961859703064s

2025-10-29 10:23:19,982 | INFO | Training epoch 1164, Batch 1000/1000: LR=3.80e-05, Loss=1.83e-02 BER=6.70e-03 FER=1.83e-01
2025-10-29 10:23:20,039 | INFO | Epoch 1164 Train Time 26.056480884552002s

2025-10-29 10:23:46,142 | INFO | Training epoch 1165, Batch 1000/1000: LR=3.79e-05, Loss=1.86e-02 BER=6.82e-03 FER=1.84e-01
2025-10-29 10:23:46,194 | INFO | Epoch 1165 Train Time 26.154473543167114s

2025-10-29 10:24:12,047 | INFO | Training epoch 1166, Batch 1000/1000: LR=3.78e-05, Loss=1.83e-02 BER=6.69e-03 FER=1.81e-01
2025-10-29 10:24:12,090 | INFO | Epoch 1166 Train Time 25.89493489265442s

2025-10-29 10:24:37,046 | INFO | Training epoch 1167, Batch 1000/1000: LR=3.77e-05, Loss=1.84e-02 BER=6.77e-03 FER=1.83e-01
2025-10-29 10:24:37,104 | INFO | Epoch 1167 Train Time 25.013020038604736s

2025-10-29 10:25:04,281 | INFO | Training epoch 1168, Batch 1000/1000: LR=3.77e-05, Loss=1.85e-02 BER=6.78e-03 FER=1.84e-01
2025-10-29 10:25:04,342 | INFO | Epoch 1168 Train Time 27.23704218864441s

2025-10-29 10:25:30,946 | INFO | Training epoch 1169, Batch 1000/1000: LR=3.76e-05, Loss=1.84e-02 BER=6.69e-03 FER=1.83e-01
2025-10-29 10:25:30,986 | INFO | Epoch 1169 Train Time 26.642810583114624s

2025-10-29 10:25:56,368 | INFO | Training epoch 1170, Batch 1000/1000: LR=3.75e-05, Loss=1.83e-02 BER=6.70e-03 FER=1.82e-01
2025-10-29 10:25:56,430 | INFO | Epoch 1170 Train Time 25.44386339187622s

2025-10-29 10:26:21,442 | INFO | Training epoch 1171, Batch 1000/1000: LR=3.74e-05, Loss=1.83e-02 BER=6.68e-03 FER=1.82e-01
2025-10-29 10:26:21,490 | INFO | Epoch 1171 Train Time 25.05990695953369s

2025-10-29 10:26:48,149 | INFO | Training epoch 1172, Batch 1000/1000: LR=3.74e-05, Loss=1.83e-02 BER=6.67e-03 FER=1.81e-01
2025-10-29 10:26:48,204 | INFO | Epoch 1172 Train Time 26.713323831558228s

2025-10-29 10:27:14,020 | INFO | Training epoch 1173, Batch 1000/1000: LR=3.73e-05, Loss=1.85e-02 BER=6.81e-03 FER=1.84e-01
2025-10-29 10:27:14,072 | INFO | Epoch 1173 Train Time 25.867473363876343s

2025-10-29 10:27:40,915 | INFO | Training epoch 1174, Batch 1000/1000: LR=3.72e-05, Loss=1.85e-02 BER=6.78e-03 FER=1.84e-01
2025-10-29 10:27:40,975 | INFO | Epoch 1174 Train Time 26.901588439941406s

2025-10-29 10:28:07,739 | INFO | Training epoch 1175, Batch 1000/1000: LR=3.71e-05, Loss=1.86e-02 BER=6.75e-03 FER=1.83e-01
2025-10-29 10:28:07,805 | INFO | Epoch 1175 Train Time 26.8297016620636s

2025-10-29 10:28:34,360 | INFO | Training epoch 1176, Batch 1000/1000: LR=3.71e-05, Loss=1.84e-02 BER=6.74e-03 FER=1.83e-01
2025-10-29 10:28:34,416 | INFO | Epoch 1176 Train Time 26.610817432403564s

2025-10-29 10:28:58,169 | INFO | Training epoch 1177, Batch 1000/1000: LR=3.70e-05, Loss=1.86e-02 BER=6.77e-03 FER=1.85e-01
2025-10-29 10:28:58,217 | INFO | Epoch 1177 Train Time 23.800686836242676s

2025-10-29 10:29:25,084 | INFO | Training epoch 1178, Batch 1000/1000: LR=3.69e-05, Loss=1.85e-02 BER=6.75e-03 FER=1.84e-01
2025-10-29 10:29:25,137 | INFO | Epoch 1178 Train Time 26.919353485107422s

2025-10-29 10:29:50,161 | INFO | Training epoch 1179, Batch 1000/1000: LR=3.68e-05, Loss=1.84e-02 BER=6.78e-03 FER=1.84e-01
2025-10-29 10:29:50,219 | INFO | Epoch 1179 Train Time 25.080659866333008s

2025-10-29 10:30:16,990 | INFO | Training epoch 1180, Batch 1000/1000: LR=3.68e-05, Loss=1.84e-02 BER=6.71e-03 FER=1.83e-01
2025-10-29 10:30:17,033 | INFO | Epoch 1180 Train Time 26.814152479171753s

2025-10-29 10:30:44,521 | INFO | Training epoch 1181, Batch 1000/1000: LR=3.67e-05, Loss=1.83e-02 BER=6.72e-03 FER=1.83e-01
2025-10-29 10:30:44,579 | INFO | Epoch 1181 Train Time 27.54520320892334s

2025-10-29 10:31:10,549 | INFO | Training epoch 1182, Batch 1000/1000: LR=3.66e-05, Loss=1.85e-02 BER=6.78e-03 FER=1.84e-01
2025-10-29 10:31:10,602 | INFO | Epoch 1182 Train Time 26.021944761276245s

2025-10-29 10:31:37,168 | INFO | Training epoch 1183, Batch 1000/1000: LR=3.65e-05, Loss=1.85e-02 BER=6.79e-03 FER=1.83e-01
2025-10-29 10:31:37,207 | INFO | Epoch 1183 Train Time 26.603837728500366s

2025-10-29 10:32:03,361 | INFO | Training epoch 1184, Batch 1000/1000: LR=3.65e-05, Loss=1.85e-02 BER=6.79e-03 FER=1.85e-01
2025-10-29 10:32:03,406 | INFO | Epoch 1184 Train Time 26.198601961135864s

2025-10-29 10:32:27,899 | INFO | Training epoch 1185, Batch 1000/1000: LR=3.64e-05, Loss=1.85e-02 BER=6.77e-03 FER=1.84e-01
2025-10-29 10:32:27,948 | INFO | Epoch 1185 Train Time 24.541776418685913s

2025-10-29 10:32:54,238 | INFO | Training epoch 1186, Batch 1000/1000: LR=3.63e-05, Loss=1.84e-02 BER=6.71e-03 FER=1.84e-01
2025-10-29 10:32:54,289 | INFO | Epoch 1186 Train Time 26.339869260787964s

2025-10-29 10:33:21,029 | INFO | Training epoch 1187, Batch 1000/1000: LR=3.62e-05, Loss=1.85e-02 BER=6.78e-03 FER=1.84e-01
2025-10-29 10:33:21,074 | INFO | Epoch 1187 Train Time 26.784934997558594s

2025-10-29 10:33:46,036 | INFO | Training epoch 1188, Batch 1000/1000: LR=3.62e-05, Loss=1.85e-02 BER=6.77e-03 FER=1.83e-01
2025-10-29 10:33:46,079 | INFO | Epoch 1188 Train Time 25.00344443321228s

2025-10-29 10:34:12,021 | INFO | Training epoch 1189, Batch 1000/1000: LR=3.61e-05, Loss=1.84e-02 BER=6.77e-03 FER=1.84e-01
2025-10-29 10:34:12,054 | INFO | Epoch 1189 Train Time 25.97443723678589s

2025-10-29 10:34:39,337 | INFO | Training epoch 1190, Batch 1000/1000: LR=3.60e-05, Loss=1.84e-02 BER=6.76e-03 FER=1.84e-01
2025-10-29 10:34:39,399 | INFO | Epoch 1190 Train Time 27.34500026702881s

2025-10-29 10:35:06,012 | INFO | Training epoch 1191, Batch 1000/1000: LR=3.59e-05, Loss=1.84e-02 BER=6.72e-03 FER=1.83e-01
2025-10-29 10:35:06,077 | INFO | Epoch 1191 Train Time 26.6771080493927s

2025-10-29 10:35:32,652 | INFO | Training epoch 1192, Batch 1000/1000: LR=3.59e-05, Loss=1.84e-02 BER=6.73e-03 FER=1.83e-01
2025-10-29 10:35:32,691 | INFO | Epoch 1192 Train Time 26.61357283592224s

2025-10-29 10:35:57,867 | INFO | Training epoch 1193, Batch 1000/1000: LR=3.58e-05, Loss=1.85e-02 BER=6.76e-03 FER=1.84e-01
2025-10-29 10:35:57,927 | INFO | Epoch 1193 Train Time 25.23501491546631s

2025-10-29 10:36:23,017 | INFO | Training epoch 1194, Batch 1000/1000: LR=3.57e-05, Loss=1.84e-02 BER=6.72e-03 FER=1.82e-01
2025-10-29 10:36:23,052 | INFO | Epoch 1194 Train Time 25.12473726272583s

2025-10-29 10:36:48,976 | INFO | Training epoch 1195, Batch 1000/1000: LR=3.56e-05, Loss=1.84e-02 BER=6.75e-03 FER=1.83e-01
2025-10-29 10:36:49,021 | INFO | Epoch 1195 Train Time 25.968114376068115s

2025-10-29 10:37:15,873 | INFO | Training epoch 1196, Batch 1000/1000: LR=3.56e-05, Loss=1.84e-02 BER=6.73e-03 FER=1.83e-01
2025-10-29 10:37:15,926 | INFO | Epoch 1196 Train Time 26.904337644577026s

2025-10-29 10:37:41,651 | INFO | Training epoch 1197, Batch 1000/1000: LR=3.55e-05, Loss=1.83e-02 BER=6.71e-03 FER=1.82e-01
2025-10-29 10:37:41,700 | INFO | Epoch 1197 Train Time 25.77356195449829s

2025-10-29 10:38:06,835 | INFO | Training epoch 1198, Batch 1000/1000: LR=3.54e-05, Loss=1.83e-02 BER=6.70e-03 FER=1.82e-01
2025-10-29 10:38:06,873 | INFO | Epoch 1198 Train Time 25.17186713218689s

2025-10-29 10:38:32,228 | INFO | Training epoch 1199, Batch 1000/1000: LR=3.54e-05, Loss=1.85e-02 BER=6.72e-03 FER=1.83e-01
2025-10-29 10:38:32,300 | INFO | Epoch 1199 Train Time 25.426620721817017s

2025-10-29 10:38:57,479 | INFO | Training epoch 1200, Batch 1000/1000: LR=3.53e-05, Loss=1.86e-02 BER=6.83e-03 FER=1.85e-01
2025-10-29 10:38:57,540 | INFO | Epoch 1200 Train Time 25.239325523376465s

2025-10-29 10:39:24,391 | INFO | Training epoch 1201, Batch 1000/1000: LR=3.52e-05, Loss=1.85e-02 BER=6.76e-03 FER=1.83e-01
2025-10-29 10:39:24,440 | INFO | Epoch 1201 Train Time 26.899349689483643s

2025-10-29 10:39:51,027 | INFO | Training epoch 1202, Batch 1000/1000: LR=3.51e-05, Loss=1.86e-02 BER=6.82e-03 FER=1.85e-01
2025-10-29 10:39:51,078 | INFO | Epoch 1202 Train Time 26.637139797210693s

2025-10-29 10:40:17,228 | INFO | Training epoch 1203, Batch 1000/1000: LR=3.51e-05, Loss=1.86e-02 BER=6.78e-03 FER=1.83e-01
2025-10-29 10:40:17,279 | INFO | Epoch 1203 Train Time 26.201077222824097s

2025-10-29 10:40:41,851 | INFO | Training epoch 1204, Batch 1000/1000: LR=3.50e-05, Loss=1.85e-02 BER=6.75e-03 FER=1.83e-01
2025-10-29 10:40:41,894 | INFO | Epoch 1204 Train Time 24.6138916015625s

2025-10-29 10:41:06,411 | INFO | Training epoch 1205, Batch 1000/1000: LR=3.49e-05, Loss=1.84e-02 BER=6.73e-03 FER=1.83e-01
2025-10-29 10:41:06,461 | INFO | Epoch 1205 Train Time 24.566938400268555s

2025-10-29 10:41:32,403 | INFO | Training epoch 1206, Batch 1000/1000: LR=3.48e-05, Loss=1.86e-02 BER=6.84e-03 FER=1.84e-01
2025-10-29 10:41:32,450 | INFO | Epoch 1206 Train Time 25.987673044204712s

2025-10-29 10:41:59,505 | INFO | Training epoch 1207, Batch 1000/1000: LR=3.48e-05, Loss=1.82e-02 BER=6.67e-03 FER=1.81e-01
2025-10-29 10:41:59,564 | INFO | Epoch 1207 Train Time 27.113708019256592s

2025-10-29 10:42:25,996 | INFO | Training epoch 1208, Batch 1000/1000: LR=3.47e-05, Loss=1.85e-02 BER=6.78e-03 FER=1.84e-01
2025-10-29 10:42:26,041 | INFO | Epoch 1208 Train Time 26.476457595825195s

2025-10-29 10:42:53,582 | INFO | Training epoch 1209, Batch 1000/1000: LR=3.46e-05, Loss=1.84e-02 BER=6.74e-03 FER=1.82e-01
2025-10-29 10:42:53,632 | INFO | Epoch 1209 Train Time 27.5902259349823s

2025-10-29 10:43:21,714 | INFO | Training epoch 1210, Batch 1000/1000: LR=3.45e-05, Loss=1.85e-02 BER=6.79e-03 FER=1.83e-01
2025-10-29 10:43:21,777 | INFO | Epoch 1210 Train Time 28.144471168518066s

2025-10-29 10:43:48,157 | INFO | Training epoch 1211, Batch 1000/1000: LR=3.45e-05, Loss=1.84e-02 BER=6.73e-03 FER=1.82e-01
2025-10-29 10:43:48,196 | INFO | Epoch 1211 Train Time 26.417946815490723s

2025-10-29 10:44:14,858 | INFO | Training epoch 1212, Batch 1000/1000: LR=3.44e-05, Loss=1.83e-02 BER=6.67e-03 FER=1.81e-01
2025-10-29 10:44:14,905 | INFO | Epoch 1212 Train Time 26.708853006362915s

2025-10-29 10:44:42,008 | INFO | Training epoch 1213, Batch 1000/1000: LR=3.43e-05, Loss=1.85e-02 BER=6.76e-03 FER=1.83e-01
2025-10-29 10:44:42,058 | INFO | Epoch 1213 Train Time 27.15269899368286s

2025-10-29 10:45:08,285 | INFO | Training epoch 1214, Batch 1000/1000: LR=3.42e-05, Loss=1.84e-02 BER=6.79e-03 FER=1.84e-01
2025-10-29 10:45:08,337 | INFO | Epoch 1214 Train Time 26.277501821517944s

2025-10-29 10:45:35,470 | INFO | Training epoch 1215, Batch 1000/1000: LR=3.42e-05, Loss=1.84e-02 BER=6.74e-03 FER=1.82e-01
2025-10-29 10:45:35,522 | INFO | Epoch 1215 Train Time 27.183866262435913s

2025-10-29 10:46:01,557 | INFO | Training epoch 1216, Batch 1000/1000: LR=3.41e-05, Loss=1.84e-02 BER=6.73e-03 FER=1.83e-01
2025-10-29 10:46:01,611 | INFO | Epoch 1216 Train Time 26.089011192321777s

2025-10-29 10:46:29,737 | INFO | Training epoch 1217, Batch 1000/1000: LR=3.40e-05, Loss=1.85e-02 BER=6.76e-03 FER=1.84e-01
2025-10-29 10:46:29,773 | INFO | Epoch 1217 Train Time 28.160961866378784s

2025-10-29 10:46:56,853 | INFO | Training epoch 1218, Batch 1000/1000: LR=3.40e-05, Loss=1.85e-02 BER=6.76e-03 FER=1.83e-01
2025-10-29 10:46:56,903 | INFO | Epoch 1218 Train Time 27.129494428634644s

2025-10-29 10:47:23,309 | INFO | Training epoch 1219, Batch 1000/1000: LR=3.39e-05, Loss=1.84e-02 BER=6.69e-03 FER=1.82e-01
2025-10-29 10:47:23,344 | INFO | Epoch 1219 Train Time 26.440421104431152s

2025-10-29 10:47:49,811 | INFO | Training epoch 1220, Batch 1000/1000: LR=3.38e-05, Loss=1.85e-02 BER=6.74e-03 FER=1.83e-01
2025-10-29 10:47:49,871 | INFO | Epoch 1220 Train Time 26.526145458221436s

2025-10-29 10:48:17,413 | INFO | Training epoch 1221, Batch 1000/1000: LR=3.37e-05, Loss=1.84e-02 BER=6.73e-03 FER=1.82e-01
2025-10-29 10:48:17,466 | INFO | Epoch 1221 Train Time 27.594507217407227s

2025-10-29 10:48:44,773 | INFO | Training epoch 1222, Batch 1000/1000: LR=3.37e-05, Loss=1.84e-02 BER=6.74e-03 FER=1.83e-01
2025-10-29 10:48:44,827 | INFO | Epoch 1222 Train Time 27.36016345024109s

2025-10-29 10:49:13,077 | INFO | Training epoch 1223, Batch 1000/1000: LR=3.36e-05, Loss=1.87e-02 BER=6.84e-03 FER=1.85e-01
2025-10-29 10:49:13,132 | INFO | Epoch 1223 Train Time 28.30434560775757s

2025-10-29 10:49:40,905 | INFO | Training epoch 1224, Batch 1000/1000: LR=3.35e-05, Loss=1.84e-02 BER=6.79e-03 FER=1.83e-01
2025-10-29 10:49:40,957 | INFO | Epoch 1224 Train Time 27.824689388275146s

2025-10-29 10:50:08,764 | INFO | Training epoch 1225, Batch 1000/1000: LR=3.34e-05, Loss=1.84e-02 BER=6.76e-03 FER=1.83e-01
2025-10-29 10:50:08,820 | INFO | Epoch 1225 Train Time 27.862431526184082s

2025-10-29 10:50:35,598 | INFO | Training epoch 1226, Batch 1000/1000: LR=3.34e-05, Loss=1.85e-02 BER=6.77e-03 FER=1.83e-01
2025-10-29 10:50:35,647 | INFO | Epoch 1226 Train Time 26.826334953308105s

2025-10-29 10:51:04,358 | INFO | Training epoch 1227, Batch 1000/1000: LR=3.33e-05, Loss=1.86e-02 BER=6.83e-03 FER=1.84e-01
2025-10-29 10:51:04,425 | INFO | Epoch 1227 Train Time 28.77704405784607s

2025-10-29 10:51:26,966 | INFO | Training epoch 1228, Batch 1000/1000: LR=3.32e-05, Loss=1.85e-02 BER=6.77e-03 FER=1.84e-01
2025-10-29 10:51:27,011 | INFO | Epoch 1228 Train Time 22.58533239364624s

2025-10-29 10:51:47,017 | INFO | Training epoch 1229, Batch 1000/1000: LR=3.31e-05, Loss=1.84e-02 BER=6.74e-03 FER=1.82e-01
2025-10-29 10:51:47,072 | INFO | Epoch 1229 Train Time 20.060455083847046s

2025-10-29 10:52:06,793 | INFO | Training epoch 1230, Batch 1000/1000: LR=3.31e-05, Loss=1.84e-02 BER=6.73e-03 FER=1.85e-01
2025-10-29 10:52:06,840 | INFO | Epoch 1230 Train Time 19.767308235168457s

2025-10-29 10:52:32,522 | INFO | Training epoch 1231, Batch 1000/1000: LR=3.30e-05, Loss=1.83e-02 BER=6.73e-03 FER=1.83e-01
2025-10-29 10:52:32,574 | INFO | Epoch 1231 Train Time 25.734082221984863s

2025-10-29 10:52:58,444 | INFO | Training epoch 1232, Batch 1000/1000: LR=3.29e-05, Loss=1.84e-02 BER=6.75e-03 FER=1.83e-01
2025-10-29 10:52:58,492 | INFO | Epoch 1232 Train Time 25.91716980934143s

2025-10-29 10:53:25,000 | INFO | Training epoch 1233, Batch 1000/1000: LR=3.29e-05, Loss=1.84e-02 BER=6.79e-03 FER=1.84e-01
2025-10-29 10:53:25,053 | INFO | Epoch 1233 Train Time 26.56014108657837s

2025-10-29 10:53:51,543 | INFO | Training epoch 1234, Batch 1000/1000: LR=3.28e-05, Loss=1.84e-02 BER=6.72e-03 FER=1.83e-01
2025-10-29 10:53:51,606 | INFO | Epoch 1234 Train Time 26.55241632461548s

2025-10-29 10:54:18,723 | INFO | Training epoch 1235, Batch 1000/1000: LR=3.27e-05, Loss=1.87e-02 BER=6.82e-03 FER=1.84e-01
2025-10-29 10:54:18,784 | INFO | Epoch 1235 Train Time 27.177529096603394s

2025-10-29 10:54:43,710 | INFO | Training epoch 1236, Batch 1000/1000: LR=3.26e-05, Loss=1.84e-02 BER=6.72e-03 FER=1.84e-01
2025-10-29 10:54:43,761 | INFO | Epoch 1236 Train Time 24.976646661758423s

2025-10-29 10:55:10,574 | INFO | Training epoch 1237, Batch 1000/1000: LR=3.26e-05, Loss=1.86e-02 BER=6.81e-03 FER=1.85e-01
2025-10-29 10:55:10,626 | INFO | Epoch 1237 Train Time 26.864933490753174s

2025-10-29 10:55:35,345 | INFO | Training epoch 1238, Batch 1000/1000: LR=3.25e-05, Loss=1.84e-02 BER=6.77e-03 FER=1.84e-01
2025-10-29 10:55:35,399 | INFO | Epoch 1238 Train Time 24.771757125854492s

2025-10-29 10:56:02,153 | INFO | Training epoch 1239, Batch 1000/1000: LR=3.24e-05, Loss=1.85e-02 BER=6.81e-03 FER=1.85e-01
2025-10-29 10:56:02,199 | INFO | Epoch 1239 Train Time 26.79982876777649s

2025-10-29 10:56:28,872 | INFO | Training epoch 1240, Batch 1000/1000: LR=3.24e-05, Loss=1.83e-02 BER=6.71e-03 FER=1.82e-01
2025-10-29 10:56:28,932 | INFO | Epoch 1240 Train Time 26.731595516204834s

2025-10-29 10:56:54,686 | INFO | Training epoch 1241, Batch 1000/1000: LR=3.23e-05, Loss=1.88e-02 BER=6.91e-03 FER=1.87e-01
2025-10-29 10:56:54,738 | INFO | Epoch 1241 Train Time 25.805829524993896s

2025-10-29 10:57:22,088 | INFO | Training epoch 1242, Batch 1000/1000: LR=3.22e-05, Loss=1.84e-02 BER=6.74e-03 FER=1.83e-01
2025-10-29 10:57:22,139 | INFO | Epoch 1242 Train Time 27.400825023651123s

2025-10-29 10:57:47,387 | INFO | Training epoch 1243, Batch 1000/1000: LR=3.21e-05, Loss=1.82e-02 BER=6.71e-03 FER=1.82e-01
2025-10-29 10:57:47,436 | INFO | Epoch 1243 Train Time 25.295819759368896s

2025-10-29 10:58:14,563 | INFO | Training epoch 1244, Batch 1000/1000: LR=3.21e-05, Loss=1.86e-02 BER=6.78e-03 FER=1.84e-01
2025-10-29 10:58:14,628 | INFO | Epoch 1244 Train Time 27.190842151641846s

2025-10-29 10:58:39,916 | INFO | Training epoch 1245, Batch 1000/1000: LR=3.20e-05, Loss=1.83e-02 BER=6.68e-03 FER=1.82e-01
2025-10-29 10:58:39,973 | INFO | Epoch 1245 Train Time 25.344485759735107s

2025-10-29 10:59:07,573 | INFO | Training epoch 1246, Batch 1000/1000: LR=3.19e-05, Loss=1.84e-02 BER=6.76e-03 FER=1.84e-01
2025-10-29 10:59:07,628 | INFO | Epoch 1246 Train Time 27.65485119819641s

2025-10-29 10:59:33,024 | INFO | Training epoch 1247, Batch 1000/1000: LR=3.18e-05, Loss=1.85e-02 BER=6.78e-03 FER=1.83e-01
2025-10-29 10:59:33,069 | INFO | Epoch 1247 Train Time 25.43956470489502s

2025-10-29 10:59:59,023 | INFO | Training epoch 1248, Batch 1000/1000: LR=3.18e-05, Loss=1.84e-02 BER=6.74e-03 FER=1.82e-01
2025-10-29 10:59:59,086 | INFO | Epoch 1248 Train Time 26.016512393951416s

2025-10-29 11:00:24,971 | INFO | Training epoch 1249, Batch 1000/1000: LR=3.17e-05, Loss=1.84e-02 BER=6.73e-03 FER=1.84e-01
2025-10-29 11:00:25,024 | INFO | Epoch 1249 Train Time 25.938175916671753s

2025-10-29 11:00:50,273 | INFO | Training epoch 1250, Batch 1000/1000: LR=3.16e-05, Loss=1.83e-02 BER=6.67e-03 FER=1.83e-01
2025-10-29 11:00:50,332 | INFO | Epoch 1250 Train Time 25.307209491729736s

2025-10-29 11:01:15,940 | INFO | Training epoch 1251, Batch 1000/1000: LR=3.16e-05, Loss=1.83e-02 BER=6.72e-03 FER=1.82e-01
2025-10-29 11:01:15,987 | INFO | Epoch 1251 Train Time 25.654329299926758s

2025-10-29 11:01:42,488 | INFO | Training epoch 1252, Batch 1000/1000: LR=3.15e-05, Loss=1.84e-02 BER=6.72e-03 FER=1.82e-01
2025-10-29 11:01:42,546 | INFO | Epoch 1252 Train Time 26.557955503463745s

2025-10-29 11:02:09,564 | INFO | Training epoch 1253, Batch 1000/1000: LR=3.14e-05, Loss=1.85e-02 BER=6.80e-03 FER=1.84e-01
2025-10-29 11:02:09,611 | INFO | Epoch 1253 Train Time 27.064591646194458s

2025-10-29 11:02:35,360 | INFO | Training epoch 1254, Batch 1000/1000: LR=3.13e-05, Loss=1.84e-02 BER=6.75e-03 FER=1.83e-01
2025-10-29 11:02:35,406 | INFO | Epoch 1254 Train Time 25.794623136520386s

2025-10-29 11:03:01,892 | INFO | Training epoch 1255, Batch 1000/1000: LR=3.13e-05, Loss=1.82e-02 BER=6.65e-03 FER=1.80e-01
2025-10-29 11:03:01,947 | INFO | Epoch 1255 Train Time 26.54012703895569s

2025-10-29 11:03:27,489 | INFO | Training epoch 1256, Batch 1000/1000: LR=3.12e-05, Loss=1.85e-02 BER=6.77e-03 FER=1.84e-01
2025-10-29 11:03:27,535 | INFO | Epoch 1256 Train Time 25.587836503982544s

2025-10-29 11:03:55,355 | INFO | Training epoch 1257, Batch 1000/1000: LR=3.11e-05, Loss=1.83e-02 BER=6.73e-03 FER=1.82e-01
2025-10-29 11:03:55,404 | INFO | Epoch 1257 Train Time 27.868042469024658s

2025-10-29 11:04:19,866 | INFO | Training epoch 1258, Batch 1000/1000: LR=3.11e-05, Loss=1.85e-02 BER=6.77e-03 FER=1.83e-01
2025-10-29 11:04:19,921 | INFO | Epoch 1258 Train Time 24.515745401382446s

2025-10-29 11:04:47,386 | INFO | Training epoch 1259, Batch 1000/1000: LR=3.10e-05, Loss=1.83e-02 BER=6.66e-03 FER=1.82e-01
2025-10-29 11:04:47,431 | INFO | Epoch 1259 Train Time 27.509981870651245s

2025-10-29 11:05:12,489 | INFO | Training epoch 1260, Batch 1000/1000: LR=3.09e-05, Loss=1.83e-02 BER=6.65e-03 FER=1.81e-01
2025-10-29 11:05:12,547 | INFO | Epoch 1260 Train Time 25.11547565460205s

2025-10-29 11:05:38,274 | INFO | Training epoch 1261, Batch 1000/1000: LR=3.08e-05, Loss=1.85e-02 BER=6.78e-03 FER=1.84e-01
2025-10-29 11:05:38,323 | INFO | Epoch 1261 Train Time 25.775222778320312s

2025-10-29 11:06:05,085 | INFO | Training epoch 1262, Batch 1000/1000: LR=3.08e-05, Loss=1.84e-02 BER=6.72e-03 FER=1.83e-01
2025-10-29 11:06:05,139 | INFO | Epoch 1262 Train Time 26.81455421447754s

2025-10-29 11:06:32,773 | INFO | Training epoch 1263, Batch 1000/1000: LR=3.07e-05, Loss=1.83e-02 BER=6.69e-03 FER=1.81e-01
2025-10-29 11:06:32,825 | INFO | Epoch 1263 Train Time 27.685527563095093s

2025-10-29 11:06:59,965 | INFO | Training epoch 1264, Batch 1000/1000: LR=3.06e-05, Loss=1.85e-02 BER=6.75e-03 FER=1.82e-01
2025-10-29 11:07:00,011 | INFO | Epoch 1264 Train Time 27.185200452804565s

2025-10-29 11:07:24,688 | INFO | Training epoch 1265, Batch 1000/1000: LR=3.06e-05, Loss=1.83e-02 BER=6.70e-03 FER=1.82e-01
2025-10-29 11:07:24,743 | INFO | Epoch 1265 Train Time 24.73185396194458s

2025-10-29 11:07:50,179 | INFO | Training epoch 1266, Batch 1000/1000: LR=3.05e-05, Loss=1.82e-02 BER=6.67e-03 FER=1.81e-01
2025-10-29 11:07:50,244 | INFO | Epoch 1266 Train Time 25.499677658081055s

2025-10-29 11:08:15,707 | INFO | Training epoch 1267, Batch 1000/1000: LR=3.04e-05, Loss=1.84e-02 BER=6.75e-03 FER=1.83e-01
2025-10-29 11:08:15,759 | INFO | Epoch 1267 Train Time 25.514819622039795s

2025-10-29 11:08:41,237 | INFO | Training epoch 1268, Batch 1000/1000: LR=3.03e-05, Loss=1.83e-02 BER=6.72e-03 FER=1.81e-01
2025-10-29 11:08:41,282 | INFO | Epoch 1268 Train Time 25.521051168441772s

2025-10-29 11:09:06,448 | INFO | Training epoch 1269, Batch 1000/1000: LR=3.03e-05, Loss=1.82e-02 BER=6.65e-03 FER=1.81e-01
2025-10-29 11:09:06,511 | INFO | Epoch 1269 Train Time 25.22898817062378s

2025-10-29 11:09:06,512 | INFO | [P2] saving best_model (QAT) with loss 0.018202 at epoch 1269
2025-10-29 11:09:33,601 | INFO | Training epoch 1270, Batch 1000/1000: LR=3.02e-05, Loss=1.88e-02 BER=6.86e-03 FER=1.86e-01
2025-10-29 11:09:33,656 | INFO | Epoch 1270 Train Time 27.129004955291748s

2025-10-29 11:10:00,256 | INFO | Training epoch 1271, Batch 1000/1000: LR=3.01e-05, Loss=1.83e-02 BER=6.72e-03 FER=1.81e-01
2025-10-29 11:10:00,328 | INFO | Epoch 1271 Train Time 26.670703172683716s

2025-10-29 11:10:25,475 | INFO | Training epoch 1272, Batch 1000/1000: LR=3.01e-05, Loss=1.85e-02 BER=6.75e-03 FER=1.83e-01
2025-10-29 11:10:25,527 | INFO | Epoch 1272 Train Time 25.19856286048889s

2025-10-29 11:10:52,464 | INFO | Training epoch 1273, Batch 1000/1000: LR=3.00e-05, Loss=1.85e-02 BER=6.81e-03 FER=1.85e-01
2025-10-29 11:10:52,526 | INFO | Epoch 1273 Train Time 26.99876379966736s

2025-10-29 11:11:19,027 | INFO | Training epoch 1274, Batch 1000/1000: LR=2.99e-05, Loss=1.85e-02 BER=6.74e-03 FER=1.82e-01
2025-10-29 11:11:19,077 | INFO | Epoch 1274 Train Time 26.549918174743652s

2025-10-29 11:11:45,080 | INFO | Training epoch 1275, Batch 1000/1000: LR=2.98e-05, Loss=1.86e-02 BER=6.81e-03 FER=1.84e-01
2025-10-29 11:11:45,144 | INFO | Epoch 1275 Train Time 26.06647801399231s

2025-10-29 11:12:12,284 | INFO | Training epoch 1276, Batch 1000/1000: LR=2.98e-05, Loss=1.85e-02 BER=6.76e-03 FER=1.83e-01
2025-10-29 11:12:12,337 | INFO | Epoch 1276 Train Time 27.19193124771118s

2025-10-29 11:12:37,522 | INFO | Training epoch 1277, Batch 1000/1000: LR=2.97e-05, Loss=1.85e-02 BER=6.75e-03 FER=1.84e-01
2025-10-29 11:12:37,576 | INFO | Epoch 1277 Train Time 25.238965034484863s

2025-10-29 11:13:03,968 | INFO | Training epoch 1278, Batch 1000/1000: LR=2.96e-05, Loss=1.83e-02 BER=6.69e-03 FER=1.83e-01
2025-10-29 11:13:04,022 | INFO | Epoch 1278 Train Time 26.445040225982666s

2025-10-29 11:13:29,455 | INFO | Training epoch 1279, Batch 1000/1000: LR=2.96e-05, Loss=1.82e-02 BER=6.65e-03 FER=1.81e-01
2025-10-29 11:13:29,513 | INFO | Epoch 1279 Train Time 25.490519285202026s

2025-10-29 11:13:29,513 | INFO | [P2] saving best_model (QAT) with loss 0.018185 at epoch 1279
2025-10-29 11:13:56,371 | INFO | Training epoch 1280, Batch 1000/1000: LR=2.95e-05, Loss=1.83e-02 BER=6.69e-03 FER=1.82e-01
2025-10-29 11:13:56,431 | INFO | Epoch 1280 Train Time 26.906267166137695s

2025-10-29 11:14:23,463 | INFO | Training epoch 1281, Batch 1000/1000: LR=2.94e-05, Loss=1.82e-02 BER=6.67e-03 FER=1.81e-01
2025-10-29 11:14:23,520 | INFO | Epoch 1281 Train Time 27.08823037147522s

2025-10-29 11:14:48,680 | INFO | Training epoch 1282, Batch 1000/1000: LR=2.94e-05, Loss=1.83e-02 BER=6.70e-03 FER=1.82e-01
2025-10-29 11:14:48,733 | INFO | Epoch 1282 Train Time 25.212835788726807s

2025-10-29 11:15:15,108 | INFO | Training epoch 1283, Batch 1000/1000: LR=2.93e-05, Loss=1.83e-02 BER=6.68e-03 FER=1.81e-01
2025-10-29 11:15:15,169 | INFO | Epoch 1283 Train Time 26.434775352478027s

2025-10-29 11:15:39,582 | INFO | Training epoch 1284, Batch 1000/1000: LR=2.92e-05, Loss=1.83e-02 BER=6.74e-03 FER=1.83e-01
2025-10-29 11:15:39,641 | INFO | Epoch 1284 Train Time 24.47105646133423s

2025-10-29 11:16:05,382 | INFO | Training epoch 1285, Batch 1000/1000: LR=2.91e-05, Loss=1.81e-02 BER=6.66e-03 FER=1.80e-01
2025-10-29 11:16:05,442 | INFO | Epoch 1285 Train Time 25.800496101379395s

2025-10-29 11:16:05,442 | INFO | [P2] saving best_model (QAT) with loss 0.018132 at epoch 1285
2025-10-29 11:16:31,653 | INFO | Training epoch 1286, Batch 1000/1000: LR=2.91e-05, Loss=1.83e-02 BER=6.68e-03 FER=1.82e-01
2025-10-29 11:16:31,705 | INFO | Epoch 1286 Train Time 26.241137981414795s

2025-10-29 11:16:56,964 | INFO | Training epoch 1287, Batch 1000/1000: LR=2.90e-05, Loss=1.87e-02 BER=6.84e-03 FER=1.85e-01
2025-10-29 11:16:57,020 | INFO | Epoch 1287 Train Time 25.31458306312561s

2025-10-29 11:17:22,988 | INFO | Training epoch 1288, Batch 1000/1000: LR=2.89e-05, Loss=1.84e-02 BER=6.70e-03 FER=1.81e-01
2025-10-29 11:17:23,039 | INFO | Epoch 1288 Train Time 26.018338203430176s

2025-10-29 11:17:48,325 | INFO | Training epoch 1289, Batch 1000/1000: LR=2.89e-05, Loss=1.84e-02 BER=6.70e-03 FER=1.82e-01
2025-10-29 11:17:48,368 | INFO | Epoch 1289 Train Time 25.32906174659729s

2025-10-29 11:18:14,030 | INFO | Training epoch 1290, Batch 1000/1000: LR=2.88e-05, Loss=1.82e-02 BER=6.64e-03 FER=1.81e-01
2025-10-29 11:18:14,078 | INFO | Epoch 1290 Train Time 25.709153413772583s

2025-10-29 11:18:40,840 | INFO | Training epoch 1291, Batch 1000/1000: LR=2.87e-05, Loss=1.84e-02 BER=6.76e-03 FER=1.83e-01
2025-10-29 11:18:40,895 | INFO | Epoch 1291 Train Time 26.816519737243652s

2025-10-29 11:19:07,412 | INFO | Training epoch 1292, Batch 1000/1000: LR=2.87e-05, Loss=1.83e-02 BER=6.69e-03 FER=1.82e-01
2025-10-29 11:19:07,472 | INFO | Epoch 1292 Train Time 26.57589054107666s

2025-10-29 11:19:34,294 | INFO | Training epoch 1293, Batch 1000/1000: LR=2.86e-05, Loss=1.84e-02 BER=6.72e-03 FER=1.81e-01
2025-10-29 11:19:34,342 | INFO | Epoch 1293 Train Time 26.86932396888733s

2025-10-29 11:20:00,723 | INFO | Training epoch 1294, Batch 1000/1000: LR=2.85e-05, Loss=1.83e-02 BER=6.67e-03 FER=1.82e-01
2025-10-29 11:20:00,787 | INFO | Epoch 1294 Train Time 26.44438600540161s

2025-10-29 11:20:27,947 | INFO | Training epoch 1295, Batch 1000/1000: LR=2.84e-05, Loss=1.83e-02 BER=6.71e-03 FER=1.83e-01
2025-10-29 11:20:28,014 | INFO | Epoch 1295 Train Time 27.22589874267578s

2025-10-29 11:20:53,965 | INFO | Training epoch 1296, Batch 1000/1000: LR=2.84e-05, Loss=1.87e-02 BER=6.87e-03 FER=1.85e-01
2025-10-29 11:20:54,025 | INFO | Epoch 1296 Train Time 26.01064658164978s

2025-10-29 11:21:19,216 | INFO | Training epoch 1297, Batch 1000/1000: LR=2.83e-05, Loss=1.84e-02 BER=6.75e-03 FER=1.84e-01
2025-10-29 11:21:19,273 | INFO | Epoch 1297 Train Time 25.247427940368652s

2025-10-29 11:21:43,789 | INFO | Training epoch 1298, Batch 1000/1000: LR=2.82e-05, Loss=1.87e-02 BER=6.86e-03 FER=1.85e-01
2025-10-29 11:21:43,846 | INFO | Epoch 1298 Train Time 24.572651624679565s

2025-10-29 11:22:10,172 | INFO | Training epoch 1299, Batch 1000/1000: LR=2.82e-05, Loss=1.84e-02 BER=6.72e-03 FER=1.82e-01
2025-10-29 11:22:10,234 | INFO | Epoch 1299 Train Time 26.38726043701172s

2025-10-29 11:22:38,548 | INFO | Training epoch 1300, Batch 1000/1000: LR=2.81e-05, Loss=1.83e-02 BER=6.72e-03 FER=1.83e-01
2025-10-29 11:22:38,606 | INFO | Epoch 1300 Train Time 28.37181520462036s

2025-10-29 11:23:03,175 | INFO | Training epoch 1301, Batch 1000/1000: LR=2.80e-05, Loss=1.84e-02 BER=6.74e-03 FER=1.83e-01
2025-10-29 11:23:03,241 | INFO | Epoch 1301 Train Time 24.63399863243103s

2025-10-29 11:23:28,925 | INFO | Training epoch 1302, Batch 1000/1000: LR=2.80e-05, Loss=1.85e-02 BER=6.75e-03 FER=1.82e-01
2025-10-29 11:23:28,996 | INFO | Epoch 1302 Train Time 25.754211902618408s

2025-10-29 11:23:55,083 | INFO | Training epoch 1303, Batch 1000/1000: LR=2.79e-05, Loss=1.85e-02 BER=6.77e-03 FER=1.83e-01
2025-10-29 11:23:55,129 | INFO | Epoch 1303 Train Time 26.132988691329956s

2025-10-29 11:24:22,460 | INFO | Training epoch 1304, Batch 1000/1000: LR=2.78e-05, Loss=1.84e-02 BER=6.69e-03 FER=1.83e-01
2025-10-29 11:24:22,522 | INFO | Epoch 1304 Train Time 27.392679452896118s

2025-10-29 11:24:47,791 | INFO | Training epoch 1305, Batch 1000/1000: LR=2.78e-05, Loss=1.85e-02 BER=6.78e-03 FER=1.84e-01
2025-10-29 11:24:47,850 | INFO | Epoch 1305 Train Time 25.32671022415161s

2025-10-29 11:25:14,297 | INFO | Training epoch 1306, Batch 1000/1000: LR=2.77e-05, Loss=1.83e-02 BER=6.71e-03 FER=1.83e-01
2025-10-29 11:25:14,353 | INFO | Epoch 1306 Train Time 26.50273609161377s

2025-10-29 11:25:40,647 | INFO | Training epoch 1307, Batch 1000/1000: LR=2.76e-05, Loss=1.85e-02 BER=6.78e-03 FER=1.84e-01
2025-10-29 11:25:40,702 | INFO | Epoch 1307 Train Time 26.348002195358276s

2025-10-29 11:26:06,673 | INFO | Training epoch 1308, Batch 1000/1000: LR=2.75e-05, Loss=1.85e-02 BER=6.77e-03 FER=1.85e-01
2025-10-29 11:26:06,733 | INFO | Epoch 1308 Train Time 26.029647827148438s

2025-10-29 11:26:33,359 | INFO | Training epoch 1309, Batch 1000/1000: LR=2.75e-05, Loss=1.84e-02 BER=6.74e-03 FER=1.84e-01
2025-10-29 11:26:33,412 | INFO | Epoch 1309 Train Time 26.67865562438965s

2025-10-29 11:26:58,417 | INFO | Training epoch 1310, Batch 1000/1000: LR=2.74e-05, Loss=1.84e-02 BER=6.74e-03 FER=1.83e-01
2025-10-29 11:26:58,461 | INFO | Epoch 1310 Train Time 25.048299074172974s

2025-10-29 11:27:23,738 | INFO | Training epoch 1311, Batch 1000/1000: LR=2.73e-05, Loss=1.87e-02 BER=6.84e-03 FER=1.85e-01
2025-10-29 11:27:23,797 | INFO | Epoch 1311 Train Time 25.335358142852783s

2025-10-29 11:27:48,325 | INFO | Training epoch 1312, Batch 1000/1000: LR=2.73e-05, Loss=1.86e-02 BER=6.78e-03 FER=1.85e-01
2025-10-29 11:27:48,392 | INFO | Epoch 1312 Train Time 24.594177722930908s

2025-10-29 11:28:15,250 | INFO | Training epoch 1313, Batch 1000/1000: LR=2.72e-05, Loss=1.85e-02 BER=6.75e-03 FER=1.83e-01
2025-10-29 11:28:15,315 | INFO | Epoch 1313 Train Time 26.922700881958008s

2025-10-29 11:28:39,521 | INFO | Training epoch 1314, Batch 1000/1000: LR=2.71e-05, Loss=1.84e-02 BER=6.72e-03 FER=1.83e-01
2025-10-29 11:28:39,583 | INFO | Epoch 1314 Train Time 24.26766538619995s

2025-10-29 11:29:05,889 | INFO | Training epoch 1315, Batch 1000/1000: LR=2.71e-05, Loss=1.87e-02 BER=6.81e-03 FER=1.86e-01
2025-10-29 11:29:05,943 | INFO | Epoch 1315 Train Time 26.35898447036743s

2025-10-29 11:29:32,651 | INFO | Training epoch 1316, Batch 1000/1000: LR=2.70e-05, Loss=1.85e-02 BER=6.77e-03 FER=1.84e-01
2025-10-29 11:29:32,710 | INFO | Epoch 1316 Train Time 26.76636576652527s

2025-10-29 11:29:57,880 | INFO | Training epoch 1317, Batch 1000/1000: LR=2.69e-05, Loss=1.84e-02 BER=6.74e-03 FER=1.83e-01
2025-10-29 11:29:57,930 | INFO | Epoch 1317 Train Time 25.2192599773407s

2025-10-29 11:30:22,808 | INFO | Training epoch 1318, Batch 1000/1000: LR=2.69e-05, Loss=1.85e-02 BER=6.78e-03 FER=1.84e-01
2025-10-29 11:30:22,864 | INFO | Epoch 1318 Train Time 24.933640003204346s

2025-10-29 11:30:48,876 | INFO | Training epoch 1319, Batch 1000/1000: LR=2.68e-05, Loss=1.83e-02 BER=6.67e-03 FER=1.82e-01
2025-10-29 11:30:48,933 | INFO | Epoch 1319 Train Time 26.068926334381104s

2025-10-29 11:31:15,618 | INFO | Training epoch 1320, Batch 1000/1000: LR=2.67e-05, Loss=1.83e-02 BER=6.73e-03 FER=1.82e-01
2025-10-29 11:31:15,669 | INFO | Epoch 1320 Train Time 26.735312461853027s

2025-10-29 11:31:42,542 | INFO | Training epoch 1321, Batch 1000/1000: LR=2.67e-05, Loss=1.85e-02 BER=6.79e-03 FER=1.84e-01
2025-10-29 11:31:42,601 | INFO | Epoch 1321 Train Time 26.930601596832275s

2025-10-29 11:32:10,142 | INFO | Training epoch 1322, Batch 1000/1000: LR=2.66e-05, Loss=1.85e-02 BER=6.77e-03 FER=1.83e-01
2025-10-29 11:32:10,201 | INFO | Epoch 1322 Train Time 27.60014319419861s

2025-10-29 11:32:36,434 | INFO | Training epoch 1323, Batch 1000/1000: LR=2.65e-05, Loss=1.83e-02 BER=6.68e-03 FER=1.84e-01
2025-10-29 11:32:36,497 | INFO | Epoch 1323 Train Time 26.294590711593628s

2025-10-29 11:33:03,482 | INFO | Training epoch 1324, Batch 1000/1000: LR=2.64e-05, Loss=1.84e-02 BER=6.74e-03 FER=1.81e-01
2025-10-29 11:33:03,530 | INFO | Epoch 1324 Train Time 27.03194761276245s

2025-10-29 11:33:29,015 | INFO | Training epoch 1325, Batch 1000/1000: LR=2.64e-05, Loss=1.84e-02 BER=6.73e-03 FER=1.83e-01
2025-10-29 11:33:29,060 | INFO | Epoch 1325 Train Time 25.529539346694946s

2025-10-29 11:33:55,716 | INFO | Training epoch 1326, Batch 1000/1000: LR=2.63e-05, Loss=1.83e-02 BER=6.71e-03 FER=1.84e-01
2025-10-29 11:33:55,764 | INFO | Epoch 1326 Train Time 26.703792572021484s

2025-10-29 11:34:21,004 | INFO | Training epoch 1327, Batch 1000/1000: LR=2.62e-05, Loss=1.81e-02 BER=6.58e-03 FER=1.80e-01
2025-10-29 11:34:21,062 | INFO | Epoch 1327 Train Time 25.297386646270752s

2025-10-29 11:34:21,062 | INFO | [P2] saving best_model (QAT) with loss 0.018094 at epoch 1327
2025-10-29 11:34:48,318 | INFO | Training epoch 1328, Batch 1000/1000: LR=2.62e-05, Loss=1.85e-02 BER=6.76e-03 FER=1.82e-01
2025-10-29 11:34:48,375 | INFO | Epoch 1328 Train Time 27.301307916641235s

2025-10-29 11:35:14,201 | INFO | Training epoch 1329, Batch 1000/1000: LR=2.61e-05, Loss=1.83e-02 BER=6.68e-03 FER=1.83e-01
2025-10-29 11:35:14,263 | INFO | Epoch 1329 Train Time 25.887548446655273s

2025-10-29 11:35:39,881 | INFO | Training epoch 1330, Batch 1000/1000: LR=2.60e-05, Loss=1.86e-02 BER=6.78e-03 FER=1.83e-01
2025-10-29 11:35:39,946 | INFO | Epoch 1330 Train Time 25.68263053894043s

2025-10-29 11:36:05,700 | INFO | Training epoch 1331, Batch 1000/1000: LR=2.60e-05, Loss=1.81e-02 BER=6.59e-03 FER=1.81e-01
2025-10-29 11:36:05,756 | INFO | Epoch 1331 Train Time 25.808863401412964s

2025-10-29 11:36:33,916 | INFO | Training epoch 1332, Batch 1000/1000: LR=2.59e-05, Loss=1.85e-02 BER=6.76e-03 FER=1.84e-01
2025-10-29 11:36:33,976 | INFO | Epoch 1332 Train Time 28.219961404800415s

2025-10-29 11:36:59,837 | INFO | Training epoch 1333, Batch 1000/1000: LR=2.58e-05, Loss=1.86e-02 BER=6.80e-03 FER=1.85e-01
2025-10-29 11:36:59,894 | INFO | Epoch 1333 Train Time 25.917500257492065s

2025-10-29 11:37:26,686 | INFO | Training epoch 1334, Batch 1000/1000: LR=2.58e-05, Loss=1.85e-02 BER=6.78e-03 FER=1.83e-01
2025-10-29 11:37:26,745 | INFO | Epoch 1334 Train Time 26.850017309188843s

2025-10-29 11:37:52,810 | INFO | Training epoch 1335, Batch 1000/1000: LR=2.57e-05, Loss=1.85e-02 BER=6.77e-03 FER=1.85e-01
2025-10-29 11:37:52,869 | INFO | Epoch 1335 Train Time 26.12378716468811s

2025-10-29 11:38:19,995 | INFO | Training epoch 1336, Batch 1000/1000: LR=2.56e-05, Loss=1.85e-02 BER=6.79e-03 FER=1.83e-01
2025-10-29 11:38:20,053 | INFO | Epoch 1336 Train Time 27.183281421661377s

2025-10-29 11:38:45,274 | INFO | Training epoch 1337, Batch 1000/1000: LR=2.56e-05, Loss=1.85e-02 BER=6.72e-03 FER=1.83e-01
2025-10-29 11:38:45,318 | INFO | Epoch 1337 Train Time 25.26437520980835s

2025-10-29 11:39:11,134 | INFO | Training epoch 1338, Batch 1000/1000: LR=2.55e-05, Loss=1.86e-02 BER=6.83e-03 FER=1.85e-01
2025-10-29 11:39:11,183 | INFO | Epoch 1338 Train Time 25.86454176902771s

2025-10-29 11:39:38,163 | INFO | Training epoch 1339, Batch 1000/1000: LR=2.54e-05, Loss=1.85e-02 BER=6.78e-03 FER=1.84e-01
2025-10-29 11:39:38,209 | INFO | Epoch 1339 Train Time 27.025541067123413s

2025-10-29 11:40:04,622 | INFO | Training epoch 1340, Batch 1000/1000: LR=2.54e-05, Loss=1.84e-02 BER=6.69e-03 FER=1.82e-01
2025-10-29 11:40:04,688 | INFO | Epoch 1340 Train Time 26.478113651275635s

2025-10-29 11:40:29,492 | INFO | Training epoch 1341, Batch 1000/1000: LR=2.53e-05, Loss=1.86e-02 BER=6.80e-03 FER=1.85e-01
2025-10-29 11:40:29,539 | INFO | Epoch 1341 Train Time 24.84994649887085s

2025-10-29 11:40:56,884 | INFO | Training epoch 1342, Batch 1000/1000: LR=2.52e-05, Loss=1.87e-02 BER=6.87e-03 FER=1.87e-01
2025-10-29 11:40:56,955 | INFO | Epoch 1342 Train Time 27.41592288017273s

2025-10-29 11:41:21,398 | INFO | Training epoch 1343, Batch 1000/1000: LR=2.52e-05, Loss=1.86e-02 BER=6.81e-03 FER=1.85e-01
2025-10-29 11:41:21,458 | INFO | Epoch 1343 Train Time 24.500677824020386s

2025-10-29 11:41:47,987 | INFO | Training epoch 1344, Batch 1000/1000: LR=2.51e-05, Loss=1.83e-02 BER=6.72e-03 FER=1.83e-01
2025-10-29 11:41:48,053 | INFO | Epoch 1344 Train Time 26.594496726989746s

2025-10-29 11:42:13,923 | INFO | Training epoch 1345, Batch 1000/1000: LR=2.50e-05, Loss=1.84e-02 BER=6.75e-03 FER=1.84e-01
2025-10-29 11:42:13,982 | INFO | Epoch 1345 Train Time 25.928401231765747s

2025-10-29 11:42:39,633 | INFO | Training epoch 1346, Batch 1000/1000: LR=2.50e-05, Loss=1.84e-02 BER=6.73e-03 FER=1.84e-01
2025-10-29 11:42:39,677 | INFO | Epoch 1346 Train Time 25.694489002227783s

2025-10-29 11:43:05,868 | INFO | Training epoch 1347, Batch 1000/1000: LR=2.49e-05, Loss=1.84e-02 BER=6.71e-03 FER=1.83e-01
2025-10-29 11:43:05,924 | INFO | Epoch 1347 Train Time 26.246671676635742s

2025-10-29 11:43:31,337 | INFO | Training epoch 1348, Batch 1000/1000: LR=2.48e-05, Loss=1.83e-02 BER=6.70e-03 FER=1.82e-01
2025-10-29 11:43:31,400 | INFO | Epoch 1348 Train Time 25.475034713745117s

2025-10-29 11:43:56,696 | INFO | Training epoch 1349, Batch 1000/1000: LR=2.48e-05, Loss=1.87e-02 BER=6.81e-03 FER=1.85e-01
2025-10-29 11:43:56,757 | INFO | Epoch 1349 Train Time 25.355911016464233s

2025-10-29 11:44:23,057 | INFO | Training epoch 1350, Batch 1000/1000: LR=2.47e-05, Loss=1.84e-02 BER=6.75e-03 FER=1.83e-01
2025-10-29 11:44:23,117 | INFO | Epoch 1350 Train Time 26.359520435333252s

2025-10-29 11:44:49,200 | INFO | Training epoch 1351, Batch 1000/1000: LR=2.46e-05, Loss=1.85e-02 BER=6.77e-03 FER=1.82e-01
2025-10-29 11:44:49,259 | INFO | Epoch 1351 Train Time 26.14130926132202s

2025-10-29 11:45:15,397 | INFO | Training epoch 1352, Batch 1000/1000: LR=2.46e-05, Loss=1.86e-02 BER=6.78e-03 FER=1.84e-01
2025-10-29 11:45:15,448 | INFO | Epoch 1352 Train Time 26.188185214996338s

2025-10-29 11:45:40,612 | INFO | Training epoch 1353, Batch 1000/1000: LR=2.45e-05, Loss=1.85e-02 BER=6.74e-03 FER=1.84e-01
2025-10-29 11:45:40,680 | INFO | Epoch 1353 Train Time 25.231961011886597s

2025-10-29 11:46:06,673 | INFO | Training epoch 1354, Batch 1000/1000: LR=2.44e-05, Loss=1.84e-02 BER=6.73e-03 FER=1.83e-01
2025-10-29 11:46:06,732 | INFO | Epoch 1354 Train Time 26.05106210708618s

2025-10-29 11:46:32,445 | INFO | Training epoch 1355, Batch 1000/1000: LR=2.44e-05, Loss=1.83e-02 BER=6.71e-03 FER=1.82e-01
2025-10-29 11:46:32,491 | INFO | Epoch 1355 Train Time 25.75787329673767s

2025-10-29 11:46:59,073 | INFO | Training epoch 1356, Batch 1000/1000: LR=2.43e-05, Loss=1.85e-02 BER=6.76e-03 FER=1.82e-01
2025-10-29 11:46:59,131 | INFO | Epoch 1356 Train Time 26.639739513397217s

2025-10-29 11:47:26,351 | INFO | Training epoch 1357, Batch 1000/1000: LR=2.42e-05, Loss=1.85e-02 BER=6.77e-03 FER=1.84e-01
2025-10-29 11:47:26,407 | INFO | Epoch 1357 Train Time 27.275580883026123s

2025-10-29 11:47:52,104 | INFO | Training epoch 1358, Batch 1000/1000: LR=2.42e-05, Loss=1.83e-02 BER=6.67e-03 FER=1.82e-01
2025-10-29 11:47:52,161 | INFO | Epoch 1358 Train Time 25.752872228622437s

2025-10-29 11:48:18,704 | INFO | Training epoch 1359, Batch 1000/1000: LR=2.41e-05, Loss=1.84e-02 BER=6.71e-03 FER=1.82e-01
2025-10-29 11:48:18,760 | INFO | Epoch 1359 Train Time 26.598216772079468s

2025-10-29 11:48:44,035 | INFO | Training epoch 1360, Batch 1000/1000: LR=2.40e-05, Loss=1.82e-02 BER=6.67e-03 FER=1.81e-01
2025-10-29 11:48:44,085 | INFO | Epoch 1360 Train Time 25.324779748916626s

2025-10-29 11:49:10,754 | INFO | Training epoch 1361, Batch 1000/1000: LR=2.40e-05, Loss=1.83e-02 BER=6.71e-03 FER=1.83e-01
2025-10-29 11:49:10,801 | INFO | Epoch 1361 Train Time 26.715267419815063s

2025-10-29 11:49:36,887 | INFO | Training epoch 1362, Batch 1000/1000: LR=2.39e-05, Loss=1.86e-02 BER=6.79e-03 FER=1.85e-01
2025-10-29 11:49:36,938 | INFO | Epoch 1362 Train Time 26.136329412460327s

2025-10-29 11:50:04,648 | INFO | Training epoch 1363, Batch 1000/1000: LR=2.38e-05, Loss=1.82e-02 BER=6.66e-03 FER=1.82e-01
2025-10-29 11:50:04,710 | INFO | Epoch 1363 Train Time 27.77174425125122s

2025-10-29 11:50:32,267 | INFO | Training epoch 1364, Batch 1000/1000: LR=2.38e-05, Loss=1.86e-02 BER=6.78e-03 FER=1.84e-01
2025-10-29 11:50:32,342 | INFO | Epoch 1364 Train Time 27.630635738372803s

2025-10-29 11:50:58,094 | INFO | Training epoch 1365, Batch 1000/1000: LR=2.37e-05, Loss=1.84e-02 BER=6.72e-03 FER=1.81e-01
2025-10-29 11:50:58,149 | INFO | Epoch 1365 Train Time 25.80691385269165s

2025-10-29 11:51:24,090 | INFO | Training epoch 1366, Batch 1000/1000: LR=2.36e-05, Loss=1.85e-02 BER=6.77e-03 FER=1.84e-01
2025-10-29 11:51:24,165 | INFO | Epoch 1366 Train Time 26.01568865776062s

2025-10-29 11:51:48,745 | INFO | Training epoch 1367, Batch 1000/1000: LR=2.36e-05, Loss=1.83e-02 BER=6.69e-03 FER=1.83e-01
2025-10-29 11:51:48,792 | INFO | Epoch 1367 Train Time 24.62653923034668s

2025-10-29 11:52:15,754 | INFO | Training epoch 1368, Batch 1000/1000: LR=2.35e-05, Loss=1.84e-02 BER=6.76e-03 FER=1.84e-01
2025-10-29 11:52:15,830 | INFO | Epoch 1368 Train Time 27.037156105041504s

2025-10-29 11:52:41,464 | INFO | Training epoch 1369, Batch 1000/1000: LR=2.35e-05, Loss=1.83e-02 BER=6.70e-03 FER=1.81e-01
2025-10-29 11:52:41,521 | INFO | Epoch 1369 Train Time 25.689746856689453s

2025-10-29 11:53:07,880 | INFO | Training epoch 1370, Batch 1000/1000: LR=2.34e-05, Loss=1.86e-02 BER=6.82e-03 FER=1.85e-01
2025-10-29 11:53:07,932 | INFO | Epoch 1370 Train Time 26.410984754562378s

2025-10-29 11:53:33,494 | INFO | Training epoch 1371, Batch 1000/1000: LR=2.33e-05, Loss=1.85e-02 BER=6.76e-03 FER=1.84e-01
2025-10-29 11:53:33,545 | INFO | Epoch 1371 Train Time 25.6125545501709s

2025-10-29 11:54:00,826 | INFO | Training epoch 1372, Batch 1000/1000: LR=2.33e-05, Loss=1.84e-02 BER=6.71e-03 FER=1.84e-01
2025-10-29 11:54:00,887 | INFO | Epoch 1372 Train Time 27.340946197509766s

2025-10-29 11:54:26,766 | INFO | Training epoch 1373, Batch 1000/1000: LR=2.32e-05, Loss=1.86e-02 BER=6.79e-03 FER=1.83e-01
2025-10-29 11:54:26,821 | INFO | Epoch 1373 Train Time 25.933591842651367s

2025-10-29 11:54:52,268 | INFO | Training epoch 1374, Batch 1000/1000: LR=2.31e-05, Loss=1.83e-02 BER=6.65e-03 FER=1.81e-01
2025-10-29 11:54:52,322 | INFO | Epoch 1374 Train Time 25.500049591064453s

2025-10-29 11:55:18,522 | INFO | Training epoch 1375, Batch 1000/1000: LR=2.31e-05, Loss=1.85e-02 BER=6.75e-03 FER=1.83e-01
2025-10-29 11:55:18,579 | INFO | Epoch 1375 Train Time 26.25635027885437s

2025-10-29 11:55:44,125 | INFO | Training epoch 1376, Batch 1000/1000: LR=2.30e-05, Loss=1.86e-02 BER=6.79e-03 FER=1.84e-01
2025-10-29 11:55:44,172 | INFO | Epoch 1376 Train Time 25.592498064041138s

2025-10-29 11:56:08,018 | INFO | Training epoch 1377, Batch 1000/1000: LR=2.29e-05, Loss=1.84e-02 BER=6.75e-03 FER=1.82e-01
2025-10-29 11:56:08,085 | INFO | Epoch 1377 Train Time 23.91200828552246s

2025-10-29 11:56:32,674 | INFO | Training epoch 1378, Batch 1000/1000: LR=2.29e-05, Loss=1.86e-02 BER=6.83e-03 FER=1.85e-01
2025-10-29 11:56:32,726 | INFO | Epoch 1378 Train Time 24.640471696853638s

2025-10-29 11:56:58,373 | INFO | Training epoch 1379, Batch 1000/1000: LR=2.28e-05, Loss=1.84e-02 BER=6.69e-03 FER=1.82e-01
2025-10-29 11:56:58,427 | INFO | Epoch 1379 Train Time 25.700184106826782s

2025-10-29 11:57:26,009 | INFO | Training epoch 1380, Batch 1000/1000: LR=2.27e-05, Loss=1.84e-02 BER=6.73e-03 FER=1.83e-01
2025-10-29 11:57:26,068 | INFO | Epoch 1380 Train Time 27.640758514404297s

2025-10-29 11:57:52,259 | INFO | Training epoch 1381, Batch 1000/1000: LR=2.27e-05, Loss=1.86e-02 BER=6.82e-03 FER=1.84e-01
2025-10-29 11:57:52,317 | INFO | Epoch 1381 Train Time 26.247753143310547s

2025-10-29 11:58:19,146 | INFO | Training epoch 1382, Batch 1000/1000: LR=2.26e-05, Loss=1.84e-02 BER=6.72e-03 FER=1.83e-01
2025-10-29 11:58:19,195 | INFO | Epoch 1382 Train Time 26.877729177474976s

2025-10-29 11:58:45,287 | INFO | Training epoch 1383, Batch 1000/1000: LR=2.25e-05, Loss=1.83e-02 BER=6.65e-03 FER=1.82e-01
2025-10-29 11:58:45,341 | INFO | Epoch 1383 Train Time 26.144925594329834s

2025-10-29 11:59:12,888 | INFO | Training epoch 1384, Batch 1000/1000: LR=2.25e-05, Loss=1.85e-02 BER=6.80e-03 FER=1.83e-01
2025-10-29 11:59:12,947 | INFO | Epoch 1384 Train Time 27.60579800605774s

2025-10-29 11:59:39,642 | INFO | Training epoch 1385, Batch 1000/1000: LR=2.24e-05, Loss=1.85e-02 BER=6.80e-03 FER=1.83e-01
2025-10-29 11:59:39,696 | INFO | Epoch 1385 Train Time 26.74871039390564s

2025-10-29 12:00:05,013 | INFO | Training epoch 1386, Batch 1000/1000: LR=2.24e-05, Loss=1.87e-02 BER=6.84e-03 FER=1.87e-01
2025-10-29 12:00:05,073 | INFO | Epoch 1386 Train Time 25.376328468322754s

2025-10-29 12:00:31,862 | INFO | Training epoch 1387, Batch 1000/1000: LR=2.23e-05, Loss=1.84e-02 BER=6.75e-03 FER=1.84e-01
2025-10-29 12:00:31,916 | INFO | Epoch 1387 Train Time 26.8417751789093s

2025-10-29 12:00:59,468 | INFO | Training epoch 1388, Batch 1000/1000: LR=2.22e-05, Loss=1.84e-02 BER=6.71e-03 FER=1.83e-01
2025-10-29 12:00:59,525 | INFO | Epoch 1388 Train Time 27.60882592201233s

2025-10-29 12:01:26,012 | INFO | Training epoch 1389, Batch 1000/1000: LR=2.22e-05, Loss=1.86e-02 BER=6.76e-03 FER=1.84e-01
2025-10-29 12:01:26,058 | INFO | Epoch 1389 Train Time 26.532206535339355s

2025-10-29 12:01:51,983 | INFO | Training epoch 1390, Batch 1000/1000: LR=2.21e-05, Loss=1.84e-02 BER=6.73e-03 FER=1.83e-01
2025-10-29 12:01:52,030 | INFO | Epoch 1390 Train Time 25.97130823135376s

2025-10-29 12:02:19,605 | INFO | Training epoch 1391, Batch 1000/1000: LR=2.20e-05, Loss=1.84e-02 BER=6.73e-03 FER=1.82e-01
2025-10-29 12:02:19,661 | INFO | Epoch 1391 Train Time 27.630988359451294s

2025-10-29 12:02:47,244 | INFO | Training epoch 1392, Batch 1000/1000: LR=2.20e-05, Loss=1.85e-02 BER=6.69e-03 FER=1.82e-01
2025-10-29 12:02:47,308 | INFO | Epoch 1392 Train Time 27.645511150360107s

2025-10-29 12:03:14,726 | INFO | Training epoch 1393, Batch 1000/1000: LR=2.19e-05, Loss=1.84e-02 BER=6.75e-03 FER=1.83e-01
2025-10-29 12:03:14,788 | INFO | Epoch 1393 Train Time 27.479851722717285s

2025-10-29 12:03:41,841 | INFO | Training epoch 1394, Batch 1000/1000: LR=2.18e-05, Loss=1.81e-02 BER=6.60e-03 FER=1.80e-01
2025-10-29 12:03:41,906 | INFO | Epoch 1394 Train Time 27.11652183532715s

2025-10-29 12:04:08,983 | INFO | Training epoch 1395, Batch 1000/1000: LR=2.18e-05, Loss=1.83e-02 BER=6.68e-03 FER=1.81e-01
2025-10-29 12:04:09,038 | INFO | Epoch 1395 Train Time 27.131994247436523s

2025-10-29 12:04:36,062 | INFO | Training epoch 1396, Batch 1000/1000: LR=2.17e-05, Loss=1.85e-02 BER=6.75e-03 FER=1.84e-01
2025-10-29 12:04:36,128 | INFO | Epoch 1396 Train Time 27.088937282562256s

2025-10-29 12:05:01,533 | INFO | Training epoch 1397, Batch 1000/1000: LR=2.17e-05, Loss=1.84e-02 BER=6.71e-03 FER=1.82e-01
2025-10-29 12:05:01,586 | INFO | Epoch 1397 Train Time 25.457473516464233s

2025-10-29 12:05:27,127 | INFO | Training epoch 1398, Batch 1000/1000: LR=2.16e-05, Loss=1.83e-02 BER=6.70e-03 FER=1.83e-01
2025-10-29 12:05:27,192 | INFO | Epoch 1398 Train Time 25.605161905288696s

2025-10-29 12:05:53,557 | INFO | Training epoch 1399, Batch 1000/1000: LR=2.15e-05, Loss=1.86e-02 BER=6.80e-03 FER=1.85e-01
2025-10-29 12:05:53,622 | INFO | Epoch 1399 Train Time 26.42990469932556s

2025-10-29 12:06:21,060 | INFO | Training epoch 1400, Batch 1000/1000: LR=2.15e-05, Loss=1.84e-02 BER=6.74e-03 FER=1.83e-01
2025-10-29 12:06:21,116 | INFO | Epoch 1400 Train Time 27.493791103363037s

2025-10-29 12:06:47,572 | INFO | Training epoch 1401, Batch 1000/1000: LR=2.14e-05, Loss=1.84e-02 BER=6.70e-03 FER=1.83e-01
2025-10-29 12:06:47,624 | INFO | Epoch 1401 Train Time 26.506834268569946s

2025-10-29 12:07:15,600 | INFO | Training epoch 1402, Batch 1000/1000: LR=2.13e-05, Loss=1.84e-02 BER=6.73e-03 FER=1.83e-01
2025-10-29 12:07:15,650 | INFO | Epoch 1402 Train Time 28.024880170822144s

2025-10-29 12:07:43,285 | INFO | Training epoch 1403, Batch 1000/1000: LR=2.13e-05, Loss=1.83e-02 BER=6.69e-03 FER=1.83e-01
2025-10-29 12:07:43,333 | INFO | Epoch 1403 Train Time 27.68264627456665s

2025-10-29 12:08:10,264 | INFO | Training epoch 1404, Batch 1000/1000: LR=2.12e-05, Loss=1.81e-02 BER=6.62e-03 FER=1.79e-01
2025-10-29 12:08:10,325 | INFO | Epoch 1404 Train Time 26.991767644882202s

2025-10-29 12:08:37,915 | INFO | Training epoch 1405, Batch 1000/1000: LR=2.12e-05, Loss=1.83e-02 BER=6.67e-03 FER=1.82e-01
2025-10-29 12:08:37,963 | INFO | Epoch 1405 Train Time 27.63664984703064s

2025-10-29 12:09:04,630 | INFO | Training epoch 1406, Batch 1000/1000: LR=2.11e-05, Loss=1.84e-02 BER=6.70e-03 FER=1.82e-01
2025-10-29 12:09:04,679 | INFO | Epoch 1406 Train Time 26.715627431869507s

2025-10-29 12:09:31,124 | INFO | Training epoch 1407, Batch 1000/1000: LR=2.10e-05, Loss=1.85e-02 BER=6.80e-03 FER=1.83e-01
2025-10-29 12:09:31,187 | INFO | Epoch 1407 Train Time 26.507612466812134s

2025-10-29 12:09:58,020 | INFO | Training epoch 1408, Batch 1000/1000: LR=2.10e-05, Loss=1.83e-02 BER=6.68e-03 FER=1.81e-01
2025-10-29 12:09:58,081 | INFO | Epoch 1408 Train Time 26.893457889556885s

2025-10-29 12:10:26,275 | INFO | Training epoch 1409, Batch 1000/1000: LR=2.09e-05, Loss=1.85e-02 BER=6.78e-03 FER=1.83e-01
2025-10-29 12:10:26,333 | INFO | Epoch 1409 Train Time 28.251559734344482s

2025-10-29 12:10:53,054 | INFO | Training epoch 1410, Batch 1000/1000: LR=2.08e-05, Loss=1.82e-02 BER=6.64e-03 FER=1.80e-01
2025-10-29 12:10:53,101 | INFO | Epoch 1410 Train Time 26.767566919326782s

2025-10-29 12:11:19,618 | INFO | Training epoch 1411, Batch 1000/1000: LR=2.08e-05, Loss=1.83e-02 BER=6.72e-03 FER=1.83e-01
2025-10-29 12:11:19,680 | INFO | Epoch 1411 Train Time 26.577364683151245s

2025-10-29 12:11:46,066 | INFO | Training epoch 1412, Batch 1000/1000: LR=2.07e-05, Loss=1.84e-02 BER=6.73e-03 FER=1.82e-01
2025-10-29 12:11:46,117 | INFO | Epoch 1412 Train Time 26.436685800552368s

2025-10-29 12:12:11,742 | INFO | Training epoch 1413, Batch 1000/1000: LR=2.07e-05, Loss=1.85e-02 BER=6.76e-03 FER=1.84e-01
2025-10-29 12:12:11,796 | INFO | Epoch 1413 Train Time 25.67767357826233s

2025-10-29 12:12:36,557 | INFO | Training epoch 1414, Batch 1000/1000: LR=2.06e-05, Loss=1.84e-02 BER=6.74e-03 FER=1.84e-01
2025-10-29 12:12:36,618 | INFO | Epoch 1414 Train Time 24.82095193862915s

2025-10-29 12:13:04,067 | INFO | Training epoch 1415, Batch 1000/1000: LR=2.05e-05, Loss=1.83e-02 BER=6.70e-03 FER=1.83e-01
2025-10-29 12:13:04,127 | INFO | Epoch 1415 Train Time 27.508402109146118s

2025-10-29 12:13:31,425 | INFO | Training epoch 1416, Batch 1000/1000: LR=2.05e-05, Loss=1.86e-02 BER=6.78e-03 FER=1.83e-01
2025-10-29 12:13:31,483 | INFO | Epoch 1416 Train Time 27.355629444122314s

2025-10-29 12:13:58,099 | INFO | Training epoch 1417, Batch 1000/1000: LR=2.04e-05, Loss=1.86e-02 BER=6.78e-03 FER=1.84e-01
2025-10-29 12:13:58,162 | INFO | Epoch 1417 Train Time 26.678014993667603s

2025-10-29 12:14:24,195 | INFO | Training epoch 1418, Batch 1000/1000: LR=2.03e-05, Loss=1.85e-02 BER=6.77e-03 FER=1.83e-01
2025-10-29 12:14:24,250 | INFO | Epoch 1418 Train Time 26.08744239807129s

2025-10-29 12:14:50,556 | INFO | Training epoch 1419, Batch 1000/1000: LR=2.03e-05, Loss=1.84e-02 BER=6.76e-03 FER=1.83e-01
2025-10-29 12:14:50,612 | INFO | Epoch 1419 Train Time 26.36127734184265s

2025-10-29 12:15:17,707 | INFO | Training epoch 1420, Batch 1000/1000: LR=2.02e-05, Loss=1.84e-02 BER=6.77e-03 FER=1.83e-01
2025-10-29 12:15:17,766 | INFO | Epoch 1420 Train Time 27.15341329574585s

2025-10-29 12:15:42,960 | INFO | Training epoch 1421, Batch 1000/1000: LR=2.02e-05, Loss=1.85e-02 BER=6.77e-03 FER=1.84e-01
2025-10-29 12:15:43,011 | INFO | Epoch 1421 Train Time 25.24469804763794s

2025-10-29 12:16:10,484 | INFO | Training epoch 1422, Batch 1000/1000: LR=2.01e-05, Loss=1.83e-02 BER=6.69e-03 FER=1.82e-01
2025-10-29 12:16:10,543 | INFO | Epoch 1422 Train Time 27.5312922000885s

2025-10-29 12:16:37,033 | INFO | Training epoch 1423, Batch 1000/1000: LR=2.00e-05, Loss=1.83e-02 BER=6.70e-03 FER=1.83e-01
2025-10-29 12:16:37,089 | INFO | Epoch 1423 Train Time 26.54542112350464s

2025-10-29 12:17:01,893 | INFO | Training epoch 1424, Batch 1000/1000: LR=2.00e-05, Loss=1.83e-02 BER=6.73e-03 FER=1.82e-01
2025-10-29 12:17:01,938 | INFO | Epoch 1424 Train Time 24.848593711853027s

2025-10-29 12:17:29,243 | INFO | Training epoch 1425, Batch 1000/1000: LR=1.99e-05, Loss=1.82e-02 BER=6.69e-03 FER=1.82e-01
2025-10-29 12:17:29,293 | INFO | Epoch 1425 Train Time 27.35380983352661s

2025-10-29 12:17:55,778 | INFO | Training epoch 1426, Batch 1000/1000: LR=1.99e-05, Loss=1.84e-02 BER=6.74e-03 FER=1.83e-01
2025-10-29 12:17:55,823 | INFO | Epoch 1426 Train Time 26.52984881401062s

2025-10-29 12:18:21,611 | INFO | Training epoch 1427, Batch 1000/1000: LR=1.98e-05, Loss=1.82e-02 BER=6.68e-03 FER=1.81e-01
2025-10-29 12:18:21,658 | INFO | Epoch 1427 Train Time 25.834202766418457s

2025-10-29 12:18:48,529 | INFO | Training epoch 1428, Batch 1000/1000: LR=1.97e-05, Loss=1.85e-02 BER=6.76e-03 FER=1.84e-01
2025-10-29 12:18:48,589 | INFO | Epoch 1428 Train Time 26.93015193939209s

2025-10-29 12:19:15,390 | INFO | Training epoch 1429, Batch 1000/1000: LR=1.97e-05, Loss=1.85e-02 BER=6.75e-03 FER=1.83e-01
2025-10-29 12:19:15,443 | INFO | Epoch 1429 Train Time 26.85331892967224s

2025-10-29 12:19:42,656 | INFO | Training epoch 1430, Batch 1000/1000: LR=1.96e-05, Loss=1.84e-02 BER=6.68e-03 FER=1.81e-01
2025-10-29 12:19:42,711 | INFO | Epoch 1430 Train Time 27.2672061920166s

2025-10-29 12:20:08,140 | INFO | Training epoch 1431, Batch 1000/1000: LR=1.96e-05, Loss=1.83e-02 BER=6.71e-03 FER=1.82e-01
2025-10-29 12:20:08,196 | INFO | Epoch 1431 Train Time 25.484480381011963s

2025-10-29 12:20:33,764 | INFO | Training epoch 1432, Batch 1000/1000: LR=1.95e-05, Loss=1.83e-02 BER=6.68e-03 FER=1.82e-01
2025-10-29 12:20:33,826 | INFO | Epoch 1432 Train Time 25.629803895950317s

2025-10-29 12:21:01,432 | INFO | Training epoch 1433, Batch 1000/1000: LR=1.94e-05, Loss=1.80e-02 BER=6.61e-03 FER=1.79e-01
2025-10-29 12:21:01,495 | INFO | Epoch 1433 Train Time 27.667877197265625s

2025-10-29 12:21:01,495 | INFO | [P2] saving best_model (QAT) with loss 0.018044 at epoch 1433
2025-10-29 12:21:27,781 | INFO | Training epoch 1434, Batch 1000/1000: LR=1.94e-05, Loss=1.87e-02 BER=6.84e-03 FER=1.85e-01
2025-10-29 12:21:27,831 | INFO | Epoch 1434 Train Time 26.317845106124878s

2025-10-29 12:21:52,889 | INFO | Training epoch 1435, Batch 1000/1000: LR=1.93e-05, Loss=1.85e-02 BER=6.76e-03 FER=1.83e-01
2025-10-29 12:21:52,952 | INFO | Epoch 1435 Train Time 25.120676040649414s

2025-10-29 12:22:19,950 | INFO | Training epoch 1436, Batch 1000/1000: LR=1.92e-05, Loss=1.84e-02 BER=6.74e-03 FER=1.84e-01
2025-10-29 12:22:19,998 | INFO | Epoch 1436 Train Time 27.04482388496399s

2025-10-29 12:22:46,218 | INFO | Training epoch 1437, Batch 1000/1000: LR=1.92e-05, Loss=1.83e-02 BER=6.68e-03 FER=1.81e-01
2025-10-29 12:22:46,283 | INFO | Epoch 1437 Train Time 26.28424334526062s

2025-10-29 12:23:11,693 | INFO | Training epoch 1438, Batch 1000/1000: LR=1.91e-05, Loss=1.83e-02 BER=6.68e-03 FER=1.82e-01
2025-10-29 12:23:11,746 | INFO | Epoch 1438 Train Time 25.462557792663574s

2025-10-29 12:23:38,368 | INFO | Training epoch 1439, Batch 1000/1000: LR=1.91e-05, Loss=1.83e-02 BER=6.72e-03 FER=1.82e-01
2025-10-29 12:23:38,437 | INFO | Epoch 1439 Train Time 26.69077491760254s

2025-10-29 12:24:04,706 | INFO | Training epoch 1440, Batch 1000/1000: LR=1.90e-05, Loss=1.82e-02 BER=6.68e-03 FER=1.82e-01
2025-10-29 12:24:04,765 | INFO | Epoch 1440 Train Time 26.327629566192627s

2025-10-29 12:24:30,687 | INFO | Training epoch 1441, Batch 1000/1000: LR=1.89e-05, Loss=1.80e-02 BER=6.61e-03 FER=1.80e-01
2025-10-29 12:24:30,744 | INFO | Epoch 1441 Train Time 25.977571964263916s

2025-10-29 12:24:56,587 | INFO | Training epoch 1442, Batch 1000/1000: LR=1.89e-05, Loss=1.84e-02 BER=6.75e-03 FER=1.83e-01
2025-10-29 12:24:56,642 | INFO | Epoch 1442 Train Time 25.89823293685913s

2025-10-29 12:25:24,215 | INFO | Training epoch 1443, Batch 1000/1000: LR=1.88e-05, Loss=1.86e-02 BER=6.79e-03 FER=1.84e-01
2025-10-29 12:25:24,278 | INFO | Epoch 1443 Train Time 27.63454246520996s

2025-10-29 12:25:50,787 | INFO | Training epoch 1444, Batch 1000/1000: LR=1.88e-05, Loss=1.83e-02 BER=6.70e-03 FER=1.82e-01
2025-10-29 12:25:50,844 | INFO | Epoch 1444 Train Time 26.56586241722107s

2025-10-29 12:26:17,325 | INFO | Training epoch 1445, Batch 1000/1000: LR=1.87e-05, Loss=1.81e-02 BER=6.64e-03 FER=1.81e-01
2025-10-29 12:26:17,380 | INFO | Epoch 1445 Train Time 26.534870862960815s

2025-10-29 12:26:44,662 | INFO | Training epoch 1446, Batch 1000/1000: LR=1.86e-05, Loss=1.84e-02 BER=6.71e-03 FER=1.82e-01
2025-10-29 12:26:44,710 | INFO | Epoch 1446 Train Time 27.329833030700684s

2025-10-29 12:27:10,688 | INFO | Training epoch 1447, Batch 1000/1000: LR=1.86e-05, Loss=1.84e-02 BER=6.72e-03 FER=1.82e-01
2025-10-29 12:27:10,745 | INFO | Epoch 1447 Train Time 26.033739805221558s

2025-10-29 12:27:37,509 | INFO | Training epoch 1448, Batch 1000/1000: LR=1.85e-05, Loss=1.84e-02 BER=6.74e-03 FER=1.84e-01
2025-10-29 12:27:37,569 | INFO | Epoch 1448 Train Time 26.82304358482361s

2025-10-29 12:28:04,872 | INFO | Training epoch 1449, Batch 1000/1000: LR=1.85e-05, Loss=1.84e-02 BER=6.73e-03 FER=1.82e-01
2025-10-29 12:28:04,926 | INFO | Epoch 1449 Train Time 27.35518169403076s

2025-10-29 12:28:30,552 | INFO | Training epoch 1450, Batch 1000/1000: LR=1.84e-05, Loss=1.84e-02 BER=6.71e-03 FER=1.83e-01
2025-10-29 12:28:30,614 | INFO | Epoch 1450 Train Time 25.687750577926636s

2025-10-29 12:28:58,646 | INFO | Training epoch 1451, Batch 1000/1000: LR=1.84e-05, Loss=1.84e-02 BER=6.76e-03 FER=1.84e-01
2025-10-29 12:28:58,713 | INFO | Epoch 1451 Train Time 28.098233699798584s

2025-10-29 12:29:22,490 | INFO | Training epoch 1452, Batch 1000/1000: LR=1.83e-05, Loss=1.84e-02 BER=6.75e-03 FER=1.82e-01
2025-10-29 12:29:22,552 | INFO | Epoch 1452 Train Time 23.838234901428223s

2025-10-29 12:29:50,155 | INFO | Training epoch 1453, Batch 1000/1000: LR=1.82e-05, Loss=1.85e-02 BER=6.81e-03 FER=1.84e-01
2025-10-29 12:29:50,216 | INFO | Epoch 1453 Train Time 27.663731813430786s

2025-10-29 12:30:17,107 | INFO | Training epoch 1454, Batch 1000/1000: LR=1.82e-05, Loss=1.82e-02 BER=6.64e-03 FER=1.82e-01
2025-10-29 12:30:17,174 | INFO | Epoch 1454 Train Time 26.95690393447876s

2025-10-29 12:30:42,238 | INFO | Training epoch 1455, Batch 1000/1000: LR=1.81e-05, Loss=1.82e-02 BER=6.66e-03 FER=1.80e-01
2025-10-29 12:30:42,290 | INFO | Epoch 1455 Train Time 25.115602016448975s

2025-10-29 12:31:06,993 | INFO | Training epoch 1456, Batch 1000/1000: LR=1.81e-05, Loss=1.83e-02 BER=6.71e-03 FER=1.82e-01
2025-10-29 12:31:07,054 | INFO | Epoch 1456 Train Time 24.763679027557373s

2025-10-29 12:31:34,897 | INFO | Training epoch 1457, Batch 1000/1000: LR=1.80e-05, Loss=1.82e-02 BER=6.70e-03 FER=1.81e-01
2025-10-29 12:31:34,945 | INFO | Epoch 1457 Train Time 27.89028310775757s

2025-10-29 12:32:00,187 | INFO | Training epoch 1458, Batch 1000/1000: LR=1.79e-05, Loss=1.84e-02 BER=6.71e-03 FER=1.83e-01
2025-10-29 12:32:00,245 | INFO | Epoch 1458 Train Time 25.29874062538147s

2025-10-29 12:32:24,821 | INFO | Training epoch 1459, Batch 1000/1000: LR=1.79e-05, Loss=1.86e-02 BER=6.80e-03 FER=1.84e-01
2025-10-29 12:32:24,885 | INFO | Epoch 1459 Train Time 24.63992428779602s

2025-10-29 12:32:50,613 | INFO | Training epoch 1460, Batch 1000/1000: LR=1.78e-05, Loss=1.82e-02 BER=6.68e-03 FER=1.82e-01
2025-10-29 12:32:50,681 | INFO | Epoch 1460 Train Time 25.794164419174194s

2025-10-29 12:33:18,611 | INFO | Training epoch 1461, Batch 1000/1000: LR=1.78e-05, Loss=1.82e-02 BER=6.63e-03 FER=1.81e-01
2025-10-29 12:33:18,667 | INFO | Epoch 1461 Train Time 27.984472036361694s

2025-10-29 12:33:45,163 | INFO | Training epoch 1462, Batch 1000/1000: LR=1.77e-05, Loss=1.83e-02 BER=6.69e-03 FER=1.82e-01
2025-10-29 12:33:45,213 | INFO | Epoch 1462 Train Time 26.54457998275757s

2025-10-29 12:34:11,952 | INFO | Training epoch 1463, Batch 1000/1000: LR=1.76e-05, Loss=1.86e-02 BER=6.85e-03 FER=1.84e-01
2025-10-29 12:34:12,011 | INFO | Epoch 1463 Train Time 26.797885179519653s

2025-10-29 12:34:37,388 | INFO | Training epoch 1464, Batch 1000/1000: LR=1.76e-05, Loss=1.84e-02 BER=6.78e-03 FER=1.83e-01
2025-10-29 12:34:37,432 | INFO | Epoch 1464 Train Time 25.42090940475464s

2025-10-29 12:35:02,651 | INFO | Training epoch 1465, Batch 1000/1000: LR=1.75e-05, Loss=1.85e-02 BER=6.75e-03 FER=1.83e-01
2025-10-29 12:35:02,704 | INFO | Epoch 1465 Train Time 25.27094292640686s

2025-10-29 12:35:29,297 | INFO | Training epoch 1466, Batch 1000/1000: LR=1.75e-05, Loss=1.84e-02 BER=6.73e-03 FER=1.83e-01
2025-10-29 12:35:29,351 | INFO | Epoch 1466 Train Time 26.64657235145569s

2025-10-29 12:35:54,876 | INFO | Training epoch 1467, Batch 1000/1000: LR=1.74e-05, Loss=1.86e-02 BER=6.82e-03 FER=1.84e-01
2025-10-29 12:35:54,944 | INFO | Epoch 1467 Train Time 25.592135190963745s

2025-10-29 12:36:21,069 | INFO | Training epoch 1468, Batch 1000/1000: LR=1.74e-05, Loss=1.84e-02 BER=6.72e-03 FER=1.83e-01
2025-10-29 12:36:21,117 | INFO | Epoch 1468 Train Time 26.171968460083008s

2025-10-29 12:36:47,587 | INFO | Training epoch 1469, Batch 1000/1000: LR=1.73e-05, Loss=1.84e-02 BER=6.74e-03 FER=1.83e-01
2025-10-29 12:36:47,636 | INFO | Epoch 1469 Train Time 26.51827597618103s

2025-10-29 12:37:15,179 | INFO | Training epoch 1470, Batch 1000/1000: LR=1.72e-05, Loss=1.83e-02 BER=6.68e-03 FER=1.83e-01
2025-10-29 12:37:15,231 | INFO | Epoch 1470 Train Time 27.59464931488037s

2025-10-29 12:37:42,137 | INFO | Training epoch 1471, Batch 1000/1000: LR=1.72e-05, Loss=1.85e-02 BER=6.78e-03 FER=1.85e-01
2025-10-29 12:37:42,179 | INFO | Epoch 1471 Train Time 26.94755744934082s

2025-10-29 12:38:07,817 | INFO | Training epoch 1472, Batch 1000/1000: LR=1.71e-05, Loss=1.84e-02 BER=6.74e-03 FER=1.83e-01
2025-10-29 12:38:07,881 | INFO | Epoch 1472 Train Time 25.70099925994873s

2025-10-29 12:38:33,653 | INFO | Training epoch 1473, Batch 1000/1000: LR=1.71e-05, Loss=1.85e-02 BER=6.77e-03 FER=1.84e-01
2025-10-29 12:38:33,732 | INFO | Epoch 1473 Train Time 25.851080656051636s

2025-10-29 12:38:59,545 | INFO | Training epoch 1474, Batch 1000/1000: LR=1.70e-05, Loss=1.85e-02 BER=6.77e-03 FER=1.84e-01
2025-10-29 12:38:59,612 | INFO | Epoch 1474 Train Time 25.878870248794556s

2025-10-29 12:39:26,452 | INFO | Training epoch 1475, Batch 1000/1000: LR=1.70e-05, Loss=1.84e-02 BER=6.75e-03 FER=1.84e-01
2025-10-29 12:39:26,497 | INFO | Epoch 1475 Train Time 26.884392976760864s

2025-10-29 12:39:52,594 | INFO | Training epoch 1476, Batch 1000/1000: LR=1.69e-05, Loss=1.85e-02 BER=6.74e-03 FER=1.82e-01
2025-10-29 12:39:52,653 | INFO | Epoch 1476 Train Time 26.154879093170166s

2025-10-29 12:40:19,090 | INFO | Training epoch 1477, Batch 1000/1000: LR=1.68e-05, Loss=1.83e-02 BER=6.71e-03 FER=1.83e-01
2025-10-29 12:40:19,154 | INFO | Epoch 1477 Train Time 26.50007653236389s

2025-10-29 12:40:44,555 | INFO | Training epoch 1478, Batch 1000/1000: LR=1.68e-05, Loss=1.81e-02 BER=6.65e-03 FER=1.81e-01
2025-10-29 12:40:44,612 | INFO | Epoch 1478 Train Time 25.45735812187195s

2025-10-29 12:41:08,571 | INFO | Training epoch 1479, Batch 1000/1000: LR=1.67e-05, Loss=1.85e-02 BER=6.79e-03 FER=1.84e-01
2025-10-29 12:41:08,619 | INFO | Epoch 1479 Train Time 24.006103515625s

2025-10-29 12:41:35,453 | INFO | Training epoch 1480, Batch 1000/1000: LR=1.67e-05, Loss=1.84e-02 BER=6.74e-03 FER=1.83e-01
2025-10-29 12:41:35,508 | INFO | Epoch 1480 Train Time 26.88859987258911s

2025-10-29 12:42:03,402 | INFO | Training epoch 1481, Batch 1000/1000: LR=1.66e-05, Loss=1.84e-02 BER=6.76e-03 FER=1.84e-01
2025-10-29 12:42:03,461 | INFO | Epoch 1481 Train Time 27.952401638031006s

2025-10-29 12:42:29,644 | INFO | Training epoch 1482, Batch 1000/1000: LR=1.66e-05, Loss=1.84e-02 BER=6.70e-03 FER=1.82e-01
2025-10-29 12:42:29,702 | INFO | Epoch 1482 Train Time 26.240391969680786s

2025-10-29 12:42:56,970 | INFO | Training epoch 1483, Batch 1000/1000: LR=1.65e-05, Loss=1.84e-02 BER=6.74e-03 FER=1.83e-01
2025-10-29 12:42:57,026 | INFO | Epoch 1483 Train Time 27.323354482650757s

2025-10-29 12:43:23,460 | INFO | Training epoch 1484, Batch 1000/1000: LR=1.64e-05, Loss=1.83e-02 BER=6.70e-03 FER=1.82e-01
2025-10-29 12:43:23,515 | INFO | Epoch 1484 Train Time 26.488307237625122s

2025-10-29 12:43:50,636 | INFO | Training epoch 1485, Batch 1000/1000: LR=1.64e-05, Loss=1.85e-02 BER=6.79e-03 FER=1.84e-01
2025-10-29 12:43:50,686 | INFO | Epoch 1485 Train Time 27.170490264892578s

2025-10-29 12:44:15,839 | INFO | Training epoch 1486, Batch 1000/1000: LR=1.63e-05, Loss=1.84e-02 BER=6.74e-03 FER=1.83e-01
2025-10-29 12:44:15,890 | INFO | Epoch 1486 Train Time 25.203813791275024s

2025-10-29 12:44:40,796 | INFO | Training epoch 1487, Batch 1000/1000: LR=1.63e-05, Loss=1.84e-02 BER=6.73e-03 FER=1.82e-01
2025-10-29 12:44:40,850 | INFO | Epoch 1487 Train Time 24.95952534675598s

2025-10-29 12:45:06,190 | INFO | Training epoch 1488, Batch 1000/1000: LR=1.62e-05, Loss=1.84e-02 BER=6.71e-03 FER=1.84e-01
2025-10-29 12:45:06,245 | INFO | Epoch 1488 Train Time 25.394058227539062s

2025-10-29 12:45:34,033 | INFO | Training epoch 1489, Batch 1000/1000: LR=1.62e-05, Loss=1.83e-02 BER=6.65e-03 FER=1.81e-01
2025-10-29 12:45:34,093 | INFO | Epoch 1489 Train Time 27.84755825996399s

2025-10-29 12:46:00,796 | INFO | Training epoch 1490, Batch 1000/1000: LR=1.61e-05, Loss=1.84e-02 BER=6.74e-03 FER=1.83e-01
2025-10-29 12:46:00,849 | INFO | Epoch 1490 Train Time 26.75497341156006s

2025-10-29 12:46:26,056 | INFO | Training epoch 1491, Batch 1000/1000: LR=1.61e-05, Loss=1.82e-02 BER=6.62e-03 FER=1.80e-01
2025-10-29 12:46:26,099 | INFO | Epoch 1491 Train Time 25.249332904815674s

2025-10-29 12:46:51,590 | INFO | Training epoch 1492, Batch 1000/1000: LR=1.60e-05, Loss=1.84e-02 BER=6.74e-03 FER=1.83e-01
2025-10-29 12:46:51,637 | INFO | Epoch 1492 Train Time 25.537964344024658s

2025-10-29 12:47:17,315 | INFO | Training epoch 1493, Batch 1000/1000: LR=1.59e-05, Loss=1.85e-02 BER=6.80e-03 FER=1.85e-01
2025-10-29 12:47:17,373 | INFO | Epoch 1493 Train Time 25.73557472229004s

2025-10-29 12:47:43,953 | INFO | Training epoch 1494, Batch 1000/1000: LR=1.59e-05, Loss=1.83e-02 BER=6.72e-03 FER=1.82e-01
2025-10-29 12:47:43,999 | INFO | Epoch 1494 Train Time 26.625340223312378s

2025-10-29 12:48:10,405 | INFO | Training epoch 1495, Batch 1000/1000: LR=1.58e-05, Loss=1.85e-02 BER=6.78e-03 FER=1.84e-01
2025-10-29 12:48:10,458 | INFO | Epoch 1495 Train Time 26.45824694633484s

2025-10-29 12:48:36,680 | INFO | Training epoch 1496, Batch 1000/1000: LR=1.58e-05, Loss=1.83e-02 BER=6.70e-03 FER=1.82e-01
2025-10-29 12:48:36,730 | INFO | Epoch 1496 Train Time 26.27159547805786s

2025-10-29 12:49:01,895 | INFO | Training epoch 1497, Batch 1000/1000: LR=1.57e-05, Loss=1.85e-02 BER=6.78e-03 FER=1.83e-01
2025-10-29 12:49:01,943 | INFO | Epoch 1497 Train Time 25.211920976638794s

2025-10-29 12:49:28,148 | INFO | Training epoch 1498, Batch 1000/1000: LR=1.57e-05, Loss=1.81e-02 BER=6.62e-03 FER=1.80e-01
2025-10-29 12:49:28,201 | INFO | Epoch 1498 Train Time 26.257643699645996s

2025-10-29 12:49:54,444 | INFO | Training epoch 1499, Batch 1000/1000: LR=1.56e-05, Loss=1.84e-02 BER=6.69e-03 FER=1.83e-01
2025-10-29 12:49:54,494 | INFO | Epoch 1499 Train Time 26.29280400276184s

2025-10-29 12:50:21,325 | INFO | Training epoch 1500, Batch 1000/1000: LR=1.56e-05, Loss=1.83e-02 BER=6.72e-03 FER=1.83e-01
2025-10-29 12:50:21,389 | INFO | Epoch 1500 Train Time 26.894211292266846s

2025-10-29 12:50:48,827 | INFO | Training epoch 1501, Batch 1000/1000: LR=1.55e-05, Loss=1.85e-02 BER=6.80e-03 FER=1.83e-01
2025-10-29 12:50:48,881 | INFO | Epoch 1501 Train Time 27.490771770477295s

2025-10-29 12:51:15,342 | INFO | Training epoch 1502, Batch 1000/1000: LR=1.54e-05, Loss=1.84e-02 BER=6.73e-03 FER=1.82e-01
2025-10-29 12:51:15,402 | INFO | Epoch 1502 Train Time 26.520801305770874s

2025-10-29 12:51:40,421 | INFO | Training epoch 1503, Batch 1000/1000: LR=1.54e-05, Loss=1.84e-02 BER=6.72e-03 FER=1.82e-01
2025-10-29 12:51:40,477 | INFO | Epoch 1503 Train Time 25.074138879776s

2025-10-29 12:52:05,421 | INFO | Training epoch 1504, Batch 1000/1000: LR=1.53e-05, Loss=1.83e-02 BER=6.72e-03 FER=1.81e-01
2025-10-29 12:52:05,475 | INFO | Epoch 1504 Train Time 24.997423887252808s

2025-10-29 12:52:31,211 | INFO | Training epoch 1505, Batch 1000/1000: LR=1.53e-05, Loss=1.85e-02 BER=6.80e-03 FER=1.84e-01
2025-10-29 12:52:31,265 | INFO | Epoch 1505 Train Time 25.7894070148468s

2025-10-29 12:52:57,837 | INFO | Training epoch 1506, Batch 1000/1000: LR=1.52e-05, Loss=1.82e-02 BER=6.67e-03 FER=1.81e-01
2025-10-29 12:52:57,876 | INFO | Epoch 1506 Train Time 26.610539436340332s

2025-10-29 12:53:22,571 | INFO | Training epoch 1507, Batch 1000/1000: LR=1.52e-05, Loss=1.83e-02 BER=6.70e-03 FER=1.82e-01
2025-10-29 12:53:22,622 | INFO | Epoch 1507 Train Time 24.745941162109375s

2025-10-29 12:53:49,355 | INFO | Training epoch 1508, Batch 1000/1000: LR=1.51e-05, Loss=1.85e-02 BER=6.76e-03 FER=1.83e-01
2025-10-29 12:53:49,405 | INFO | Epoch 1508 Train Time 26.781837463378906s

2025-10-29 12:54:15,293 | INFO | Training epoch 1509, Batch 1000/1000: LR=1.51e-05, Loss=1.84e-02 BER=6.74e-03 FER=1.83e-01
2025-10-29 12:54:15,366 | INFO | Epoch 1509 Train Time 25.959990739822388s

2025-10-29 12:54:39,975 | INFO | Training epoch 1510, Batch 1000/1000: LR=1.50e-05, Loss=1.83e-02 BER=6.69e-03 FER=1.82e-01
2025-10-29 12:54:40,039 | INFO | Epoch 1510 Train Time 24.67240262031555s

2025-10-29 12:55:05,261 | INFO | Training epoch 1511, Batch 1000/1000: LR=1.50e-05, Loss=1.84e-02 BER=6.74e-03 FER=1.83e-01
2025-10-29 12:55:05,300 | INFO | Epoch 1511 Train Time 25.260647296905518s

2025-10-29 12:55:32,665 | INFO | Training epoch 1512, Batch 1000/1000: LR=1.49e-05, Loss=1.82e-02 BER=6.68e-03 FER=1.81e-01
2025-10-29 12:55:32,705 | INFO | Epoch 1512 Train Time 27.40424680709839s

2025-10-29 12:55:58,282 | INFO | Training epoch 1513, Batch 1000/1000: LR=1.48e-05, Loss=1.84e-02 BER=6.71e-03 FER=1.81e-01
2025-10-29 12:55:58,334 | INFO | Epoch 1513 Train Time 25.628485918045044s

2025-10-29 12:56:23,349 | INFO | Training epoch 1514, Batch 1000/1000: LR=1.48e-05, Loss=1.82e-02 BER=6.65e-03 FER=1.80e-01
2025-10-29 12:56:23,388 | INFO | Epoch 1514 Train Time 25.05257296562195s

2025-10-29 12:56:49,677 | INFO | Training epoch 1515, Batch 1000/1000: LR=1.47e-05, Loss=1.84e-02 BER=6.70e-03 FER=1.83e-01
2025-10-29 12:56:49,728 | INFO | Epoch 1515 Train Time 26.339131593704224s

2025-10-29 12:57:16,386 | INFO | Training epoch 1516, Batch 1000/1000: LR=1.47e-05, Loss=1.84e-02 BER=6.74e-03 FER=1.83e-01
2025-10-29 12:57:16,447 | INFO | Epoch 1516 Train Time 26.71931219100952s

2025-10-29 12:57:42,942 | INFO | Training epoch 1517, Batch 1000/1000: LR=1.46e-05, Loss=1.84e-02 BER=6.76e-03 FER=1.83e-01
2025-10-29 12:57:42,994 | INFO | Epoch 1517 Train Time 26.5455060005188s

2025-10-29 12:58:09,661 | INFO | Training epoch 1518, Batch 1000/1000: LR=1.46e-05, Loss=1.83e-02 BER=6.65e-03 FER=1.81e-01
2025-10-29 12:58:09,710 | INFO | Epoch 1518 Train Time 26.71566653251648s

2025-10-29 12:58:36,176 | INFO | Training epoch 1519, Batch 1000/1000: LR=1.45e-05, Loss=1.83e-02 BER=6.70e-03 FER=1.82e-01
2025-10-29 12:58:36,222 | INFO | Epoch 1519 Train Time 26.51128125190735s

2025-10-29 12:59:01,419 | INFO | Training epoch 1520, Batch 1000/1000: LR=1.45e-05, Loss=1.83e-02 BER=6.71e-03 FER=1.82e-01
2025-10-29 12:59:01,474 | INFO | Epoch 1520 Train Time 25.251097679138184s

2025-10-29 12:59:27,352 | INFO | Training epoch 1521, Batch 1000/1000: LR=1.44e-05, Loss=1.85e-02 BER=6.77e-03 FER=1.83e-01
2025-10-29 12:59:27,399 | INFO | Epoch 1521 Train Time 25.924900770187378s

2025-10-29 12:59:53,962 | INFO | Training epoch 1522, Batch 1000/1000: LR=1.44e-05, Loss=1.86e-02 BER=6.79e-03 FER=1.84e-01
2025-10-29 12:59:54,006 | INFO | Epoch 1522 Train Time 26.606162071228027s

2025-10-29 13:00:20,460 | INFO | Training epoch 1523, Batch 1000/1000: LR=1.43e-05, Loss=1.82e-02 BER=6.64e-03 FER=1.81e-01
2025-10-29 13:00:20,515 | INFO | Epoch 1523 Train Time 26.50874161720276s

2025-10-29 13:00:46,296 | INFO | Training epoch 1524, Batch 1000/1000: LR=1.43e-05, Loss=1.85e-02 BER=6.78e-03 FER=1.84e-01
2025-10-29 13:00:46,352 | INFO | Epoch 1524 Train Time 25.836325883865356s

2025-10-29 13:01:13,172 | INFO | Training epoch 1525, Batch 1000/1000: LR=1.42e-05, Loss=1.82e-02 BER=6.65e-03 FER=1.80e-01
2025-10-29 13:01:13,224 | INFO | Epoch 1525 Train Time 26.87147569656372s

2025-10-29 13:01:39,030 | INFO | Training epoch 1526, Batch 1000/1000: LR=1.42e-05, Loss=1.81e-02 BER=6.64e-03 FER=1.81e-01
2025-10-29 13:01:39,089 | INFO | Epoch 1526 Train Time 25.863293886184692s

2025-10-29 13:02:05,884 | INFO | Training epoch 1527, Batch 1000/1000: LR=1.41e-05, Loss=1.84e-02 BER=6.74e-03 FER=1.81e-01
2025-10-29 13:02:05,939 | INFO | Epoch 1527 Train Time 26.850133895874023s

2025-10-29 13:02:31,165 | INFO | Training epoch 1528, Batch 1000/1000: LR=1.40e-05, Loss=1.82e-02 BER=6.69e-03 FER=1.82e-01
2025-10-29 13:02:31,222 | INFO | Epoch 1528 Train Time 25.281919240951538s

2025-10-29 13:02:58,271 | INFO | Training epoch 1529, Batch 1000/1000: LR=1.40e-05, Loss=1.82e-02 BER=6.62e-03 FER=1.81e-01
2025-10-29 13:02:58,322 | INFO | Epoch 1529 Train Time 27.098533391952515s

2025-10-29 13:03:23,696 | INFO | Training epoch 1530, Batch 1000/1000: LR=1.39e-05, Loss=1.85e-02 BER=6.76e-03 FER=1.83e-01
2025-10-29 13:03:23,753 | INFO | Epoch 1530 Train Time 25.430641651153564s

2025-10-29 13:03:50,071 | INFO | Training epoch 1531, Batch 1000/1000: LR=1.39e-05, Loss=1.85e-02 BER=6.76e-03 FER=1.83e-01
2025-10-29 13:03:50,124 | INFO | Epoch 1531 Train Time 26.370498657226562s

2025-10-29 13:04:15,613 | INFO | Training epoch 1532, Batch 1000/1000: LR=1.38e-05, Loss=1.82e-02 BER=6.69e-03 FER=1.81e-01
2025-10-29 13:04:15,668 | INFO | Epoch 1532 Train Time 25.543851375579834s

2025-10-29 13:04:42,859 | INFO | Training epoch 1533, Batch 1000/1000: LR=1.38e-05, Loss=1.85e-02 BER=6.78e-03 FER=1.84e-01
2025-10-29 13:04:42,913 | INFO | Epoch 1533 Train Time 27.244179487228394s

2025-10-29 13:05:09,121 | INFO | Training epoch 1534, Batch 1000/1000: LR=1.37e-05, Loss=1.84e-02 BER=6.73e-03 FER=1.82e-01
2025-10-29 13:05:09,179 | INFO | Epoch 1534 Train Time 26.265834093093872s

2025-10-29 13:05:35,837 | INFO | Training epoch 1535, Batch 1000/1000: LR=1.37e-05, Loss=1.83e-02 BER=6.69e-03 FER=1.81e-01
2025-10-29 13:05:35,878 | INFO | Epoch 1535 Train Time 26.69828987121582s

2025-10-29 13:06:00,294 | INFO | Training epoch 1536, Batch 1000/1000: LR=1.36e-05, Loss=1.85e-02 BER=6.79e-03 FER=1.83e-01
2025-10-29 13:06:00,347 | INFO | Epoch 1536 Train Time 24.467472791671753s

2025-10-29 13:06:26,613 | INFO | Training epoch 1537, Batch 1000/1000: LR=1.36e-05, Loss=1.85e-02 BER=6.74e-03 FER=1.83e-01
2025-10-29 13:06:26,654 | INFO | Epoch 1537 Train Time 26.30704951286316s

2025-10-29 13:06:53,273 | INFO | Training epoch 1538, Batch 1000/1000: LR=1.35e-05, Loss=1.82e-02 BER=6.61e-03 FER=1.79e-01
2025-10-29 13:06:53,328 | INFO | Epoch 1538 Train Time 26.6724636554718s

2025-10-29 13:07:20,623 | INFO | Training epoch 1539, Batch 1000/1000: LR=1.35e-05, Loss=1.87e-02 BER=6.88e-03 FER=1.86e-01
2025-10-29 13:07:20,665 | INFO | Epoch 1539 Train Time 27.33708119392395s

2025-10-29 13:07:45,267 | INFO | Training epoch 1540, Batch 1000/1000: LR=1.34e-05, Loss=1.85e-02 BER=6.74e-03 FER=1.82e-01
2025-10-29 13:07:45,305 | INFO | Epoch 1540 Train Time 24.638585090637207s

2025-10-29 13:08:10,550 | INFO | Training epoch 1541, Batch 1000/1000: LR=1.34e-05, Loss=1.85e-02 BER=6.79e-03 FER=1.84e-01
2025-10-29 13:08:10,604 | INFO | Epoch 1541 Train Time 25.298797845840454s

2025-10-29 13:08:36,003 | INFO | Training epoch 1542, Batch 1000/1000: LR=1.33e-05, Loss=1.82e-02 BER=6.65e-03 FER=1.81e-01
2025-10-29 13:08:36,051 | INFO | Epoch 1542 Train Time 25.446012258529663s

2025-10-29 13:09:01,207 | INFO | Training epoch 1543, Batch 1000/1000: LR=1.33e-05, Loss=1.82e-02 BER=6.65e-03 FER=1.81e-01
2025-10-29 13:09:01,247 | INFO | Epoch 1543 Train Time 25.19453740119934s

2025-10-29 13:09:28,777 | INFO | Training epoch 1544, Batch 1000/1000: LR=1.32e-05, Loss=1.84e-02 BER=6.73e-03 FER=1.82e-01
2025-10-29 13:09:28,834 | INFO | Epoch 1544 Train Time 27.586437463760376s

2025-10-29 13:09:54,779 | INFO | Training epoch 1545, Batch 1000/1000: LR=1.32e-05, Loss=1.83e-02 BER=6.68e-03 FER=1.81e-01
2025-10-29 13:09:54,831 | INFO | Epoch 1545 Train Time 25.996976613998413s

2025-10-29 13:10:21,381 | INFO | Training epoch 1546, Batch 1000/1000: LR=1.31e-05, Loss=1.82e-02 BER=6.66e-03 FER=1.81e-01
2025-10-29 13:10:21,438 | INFO | Epoch 1546 Train Time 26.605878353118896s

2025-10-29 13:10:49,571 | INFO | Training epoch 1547, Batch 1000/1000: LR=1.31e-05, Loss=1.82e-02 BER=6.65e-03 FER=1.80e-01
2025-10-29 13:10:49,622 | INFO | Epoch 1547 Train Time 28.18349313735962s

2025-10-29 13:11:16,687 | INFO | Training epoch 1548, Batch 1000/1000: LR=1.30e-05, Loss=1.83e-02 BER=6.70e-03 FER=1.81e-01
2025-10-29 13:11:16,735 | INFO | Epoch 1548 Train Time 27.112606525421143s

2025-10-29 13:11:43,568 | INFO | Training epoch 1549, Batch 1000/1000: LR=1.30e-05, Loss=1.84e-02 BER=6.69e-03 FER=1.81e-01
2025-10-29 13:11:43,624 | INFO | Epoch 1549 Train Time 26.88794708251953s

2025-10-29 13:12:09,363 | INFO | Training epoch 1550, Batch 1000/1000: LR=1.29e-05, Loss=1.83e-02 BER=6.69e-03 FER=1.80e-01
2025-10-29 13:12:09,405 | INFO | Epoch 1550 Train Time 25.78104043006897s

2025-10-29 13:12:35,482 | INFO | Training epoch 1551, Batch 1000/1000: LR=1.29e-05, Loss=1.83e-02 BER=6.68e-03 FER=1.81e-01
2025-10-29 13:12:35,526 | INFO | Epoch 1551 Train Time 26.11997127532959s

2025-10-29 13:13:03,138 | INFO | Training epoch 1552, Batch 1000/1000: LR=1.28e-05, Loss=1.83e-02 BER=6.69e-03 FER=1.81e-01
2025-10-29 13:13:03,200 | INFO | Epoch 1552 Train Time 27.67344832420349s

2025-10-29 13:13:30,739 | INFO | Training epoch 1553, Batch 1000/1000: LR=1.28e-05, Loss=1.85e-02 BER=6.76e-03 FER=1.83e-01
2025-10-29 13:13:30,784 | INFO | Epoch 1553 Train Time 27.58393359184265s

2025-10-29 13:13:57,269 | INFO | Training epoch 1554, Batch 1000/1000: LR=1.27e-05, Loss=1.82e-02 BER=6.67e-03 FER=1.81e-01
2025-10-29 13:13:57,343 | INFO | Epoch 1554 Train Time 26.558083534240723s

2025-10-29 13:14:23,402 | INFO | Training epoch 1555, Batch 1000/1000: LR=1.27e-05, Loss=1.82e-02 BER=6.68e-03 FER=1.80e-01
2025-10-29 13:14:23,452 | INFO | Epoch 1555 Train Time 26.10885000228882s

2025-10-29 13:14:49,509 | INFO | Training epoch 1556, Batch 1000/1000: LR=1.26e-05, Loss=1.83e-02 BER=6.70e-03 FER=1.82e-01
2025-10-29 13:14:49,552 | INFO | Epoch 1556 Train Time 26.098838806152344s

2025-10-29 13:15:15,521 | INFO | Training epoch 1557, Batch 1000/1000: LR=1.26e-05, Loss=1.85e-02 BER=6.76e-03 FER=1.83e-01
2025-10-29 13:15:15,577 | INFO | Epoch 1557 Train Time 26.024433851242065s

2025-10-29 13:15:41,486 | INFO | Training epoch 1558, Batch 1000/1000: LR=1.25e-05, Loss=1.82e-02 BER=6.69e-03 FER=1.83e-01
2025-10-29 13:15:41,540 | INFO | Epoch 1558 Train Time 25.96311593055725s

2025-10-29 13:16:06,578 | INFO | Training epoch 1559, Batch 1000/1000: LR=1.25e-05, Loss=1.84e-02 BER=6.74e-03 FER=1.83e-01
2025-10-29 13:16:06,638 | INFO | Epoch 1559 Train Time 25.09753131866455s

2025-10-29 13:16:32,956 | INFO | Training epoch 1560, Batch 1000/1000: LR=1.24e-05, Loss=1.84e-02 BER=6.73e-03 FER=1.82e-01
2025-10-29 13:16:33,013 | INFO | Epoch 1560 Train Time 26.373459577560425s

2025-10-29 13:16:59,368 | INFO | Training epoch 1561, Batch 1000/1000: LR=1.24e-05, Loss=1.83e-02 BER=6.74e-03 FER=1.82e-01
2025-10-29 13:16:59,419 | INFO | Epoch 1561 Train Time 26.40560531616211s

2025-10-29 13:17:26,487 | INFO | Training epoch 1562, Batch 1000/1000: LR=1.23e-05, Loss=1.81e-02 BER=6.61e-03 FER=1.79e-01
2025-10-29 13:17:26,545 | INFO | Epoch 1562 Train Time 27.124764442443848s

2025-10-29 13:17:53,602 | INFO | Training epoch 1563, Batch 1000/1000: LR=1.23e-05, Loss=1.84e-02 BER=6.71e-03 FER=1.82e-01
2025-10-29 13:17:53,655 | INFO | Epoch 1563 Train Time 27.10958170890808s

2025-10-29 13:18:21,040 | INFO | Training epoch 1564, Batch 1000/1000: LR=1.22e-05, Loss=1.84e-02 BER=6.72e-03 FER=1.82e-01
2025-10-29 13:18:21,078 | INFO | Epoch 1564 Train Time 27.421659469604492s

2025-10-29 13:18:47,106 | INFO | Training epoch 1565, Batch 1000/1000: LR=1.22e-05, Loss=1.85e-02 BER=6.77e-03 FER=1.83e-01
2025-10-29 13:18:47,158 | INFO | Epoch 1565 Train Time 26.079583168029785s

2025-10-29 13:19:13,549 | INFO | Training epoch 1566, Batch 1000/1000: LR=1.21e-05, Loss=1.81e-02 BER=6.62e-03 FER=1.81e-01
2025-10-29 13:19:13,598 | INFO | Epoch 1566 Train Time 26.43952751159668s

2025-10-29 13:19:40,768 | INFO | Training epoch 1567, Batch 1000/1000: LR=1.21e-05, Loss=1.81e-02 BER=6.63e-03 FER=1.80e-01
2025-10-29 13:19:40,818 | INFO | Epoch 1567 Train Time 27.2198588848114s

2025-10-29 13:20:06,917 | INFO | Training epoch 1568, Batch 1000/1000: LR=1.20e-05, Loss=1.80e-02 BER=6.61e-03 FER=1.80e-01
2025-10-29 13:20:06,957 | INFO | Epoch 1568 Train Time 26.137754201889038s

2025-10-29 13:20:06,957 | INFO | [P2] saving best_model (QAT) with loss 0.018031 at epoch 1568
2025-10-29 13:20:33,701 | INFO | Training epoch 1569, Batch 1000/1000: LR=1.20e-05, Loss=1.79e-02 BER=6.53e-03 FER=1.78e-01
2025-10-29 13:20:33,757 | INFO | Epoch 1569 Train Time 26.785844087600708s

2025-10-29 13:20:33,757 | INFO | [P2] saving best_model (QAT) with loss 0.017894 at epoch 1569
2025-10-29 13:21:01,110 | INFO | Training epoch 1570, Batch 1000/1000: LR=1.19e-05, Loss=1.82e-02 BER=6.67e-03 FER=1.80e-01
2025-10-29 13:21:01,161 | INFO | Epoch 1570 Train Time 27.391462087631226s

2025-10-29 13:21:26,743 | INFO | Training epoch 1571, Batch 1000/1000: LR=1.19e-05, Loss=1.86e-02 BER=6.79e-03 FER=1.84e-01
2025-10-29 13:21:26,788 | INFO | Epoch 1571 Train Time 25.6264910697937s

2025-10-29 13:21:52,465 | INFO | Training epoch 1572, Batch 1000/1000: LR=1.18e-05, Loss=1.81e-02 BER=6.58e-03 FER=1.79e-01
2025-10-29 13:21:52,516 | INFO | Epoch 1572 Train Time 25.72812056541443s

2025-10-29 13:22:18,951 | INFO | Training epoch 1573, Batch 1000/1000: LR=1.18e-05, Loss=1.83e-02 BER=6.73e-03 FER=1.82e-01
2025-10-29 13:22:19,010 | INFO | Epoch 1573 Train Time 26.49316430091858s

2025-10-29 13:22:46,136 | INFO | Training epoch 1574, Batch 1000/1000: LR=1.17e-05, Loss=1.83e-02 BER=6.68e-03 FER=1.81e-01
2025-10-29 13:22:46,185 | INFO | Epoch 1574 Train Time 27.174625873565674s

2025-10-29 13:23:13,255 | INFO | Training epoch 1575, Batch 1000/1000: LR=1.17e-05, Loss=1.81e-02 BER=6.67e-03 FER=1.81e-01
2025-10-29 13:23:13,309 | INFO | Epoch 1575 Train Time 27.12322449684143s

2025-10-29 13:23:39,622 | INFO | Training epoch 1576, Batch 1000/1000: LR=1.16e-05, Loss=1.84e-02 BER=6.73e-03 FER=1.82e-01
2025-10-29 13:23:39,676 | INFO | Epoch 1576 Train Time 26.365885019302368s

2025-10-29 13:24:07,390 | INFO | Training epoch 1577, Batch 1000/1000: LR=1.16e-05, Loss=1.84e-02 BER=6.69e-03 FER=1.82e-01
2025-10-29 13:24:07,439 | INFO | Epoch 1577 Train Time 27.762757062911987s

2025-10-29 13:24:33,211 | INFO | Training epoch 1578, Batch 1000/1000: LR=1.15e-05, Loss=1.83e-02 BER=6.67e-03 FER=1.81e-01
2025-10-29 13:24:33,251 | INFO | Epoch 1578 Train Time 25.811320781707764s

2025-10-29 13:25:00,192 | INFO | Training epoch 1579, Batch 1000/1000: LR=1.15e-05, Loss=1.81e-02 BER=6.64e-03 FER=1.80e-01
2025-10-29 13:25:00,243 | INFO | Epoch 1579 Train Time 26.990607261657715s

2025-10-29 13:25:27,373 | INFO | Training epoch 1580, Batch 1000/1000: LR=1.14e-05, Loss=1.83e-02 BER=6.70e-03 FER=1.82e-01
2025-10-29 13:25:27,433 | INFO | Epoch 1580 Train Time 27.189478635787964s

2025-10-29 13:25:55,320 | INFO | Training epoch 1581, Batch 1000/1000: LR=1.14e-05, Loss=1.83e-02 BER=6.72e-03 FER=1.83e-01
2025-10-29 13:25:55,367 | INFO | Epoch 1581 Train Time 27.93366527557373s

2025-10-29 13:26:22,267 | INFO | Training epoch 1582, Batch 1000/1000: LR=1.13e-05, Loss=1.83e-02 BER=6.69e-03 FER=1.82e-01
2025-10-29 13:26:22,322 | INFO | Epoch 1582 Train Time 26.9546160697937s

2025-10-29 13:26:47,663 | INFO | Training epoch 1583, Batch 1000/1000: LR=1.13e-05, Loss=1.84e-02 BER=6.72e-03 FER=1.82e-01
2025-10-29 13:26:47,701 | INFO | Epoch 1583 Train Time 25.378655433654785s

2025-10-29 13:27:12,968 | INFO | Training epoch 1584, Batch 1000/1000: LR=1.12e-05, Loss=1.82e-02 BER=6.69e-03 FER=1.81e-01
2025-10-29 13:27:13,020 | INFO | Epoch 1584 Train Time 25.318198680877686s

2025-10-29 13:27:39,489 | INFO | Training epoch 1585, Batch 1000/1000: LR=1.12e-05, Loss=1.86e-02 BER=6.79e-03 FER=1.83e-01
2025-10-29 13:27:39,545 | INFO | Epoch 1585 Train Time 26.524775981903076s

2025-10-29 13:28:05,921 | INFO | Training epoch 1586, Batch 1000/1000: LR=1.12e-05, Loss=1.85e-02 BER=6.74e-03 FER=1.81e-01
2025-10-29 13:28:05,968 | INFO | Epoch 1586 Train Time 26.4220187664032s

2025-10-29 13:28:31,671 | INFO | Training epoch 1587, Batch 1000/1000: LR=1.11e-05, Loss=1.83e-02 BER=6.69e-03 FER=1.82e-01
2025-10-29 13:28:31,726 | INFO | Epoch 1587 Train Time 25.75715970993042s

2025-10-29 13:28:59,005 | INFO | Training epoch 1588, Batch 1000/1000: LR=1.11e-05, Loss=1.83e-02 BER=6.71e-03 FER=1.82e-01
2025-10-29 13:28:59,052 | INFO | Epoch 1588 Train Time 27.326096773147583s

2025-10-29 13:29:24,668 | INFO | Training epoch 1589, Batch 1000/1000: LR=1.10e-05, Loss=1.82e-02 BER=6.64e-03 FER=1.81e-01
2025-10-29 13:29:24,723 | INFO | Epoch 1589 Train Time 25.670011043548584s

2025-10-29 13:29:50,616 | INFO | Training epoch 1590, Batch 1000/1000: LR=1.10e-05, Loss=1.84e-02 BER=6.70e-03 FER=1.81e-01
2025-10-29 13:29:50,677 | INFO | Epoch 1590 Train Time 25.953702926635742s

2025-10-29 13:30:16,160 | INFO | Training epoch 1591, Batch 1000/1000: LR=1.09e-05, Loss=1.82e-02 BER=6.67e-03 FER=1.81e-01
2025-10-29 13:30:16,204 | INFO | Epoch 1591 Train Time 25.526171922683716s

2025-10-29 13:30:44,890 | INFO | Training epoch 1592, Batch 1000/1000: LR=1.09e-05, Loss=1.83e-02 BER=6.66e-03 FER=1.80e-01
2025-10-29 13:30:44,961 | INFO | Epoch 1592 Train Time 28.756401538848877s

2025-10-29 13:31:11,705 | INFO | Training epoch 1593, Batch 1000/1000: LR=1.08e-05, Loss=1.82e-02 BER=6.62e-03 FER=1.81e-01
2025-10-29 13:31:11,760 | INFO | Epoch 1593 Train Time 26.798207998275757s

2025-10-29 13:31:38,306 | INFO | Training epoch 1594, Batch 1000/1000: LR=1.08e-05, Loss=1.84e-02 BER=6.71e-03 FER=1.83e-01
2025-10-29 13:31:38,344 | INFO | Epoch 1594 Train Time 26.583283185958862s

2025-10-29 13:32:05,139 | INFO | Training epoch 1595, Batch 1000/1000: LR=1.07e-05, Loss=1.81e-02 BER=6.59e-03 FER=1.79e-01
2025-10-29 13:32:05,194 | INFO | Epoch 1595 Train Time 26.849300146102905s

2025-10-29 13:32:31,411 | INFO | Training epoch 1596, Batch 1000/1000: LR=1.07e-05, Loss=1.82e-02 BER=6.65e-03 FER=1.81e-01
2025-10-29 13:32:31,454 | INFO | Epoch 1596 Train Time 26.259031534194946s

2025-10-29 13:32:57,881 | INFO | Training epoch 1597, Batch 1000/1000: LR=1.06e-05, Loss=1.79e-02 BER=6.59e-03 FER=1.78e-01
2025-10-29 13:32:57,934 | INFO | Epoch 1597 Train Time 26.47951078414917s

2025-10-29 13:33:25,478 | INFO | Training epoch 1598, Batch 1000/1000: LR=1.06e-05, Loss=1.82e-02 BER=6.65e-03 FER=1.81e-01
2025-10-29 13:33:25,529 | INFO | Epoch 1598 Train Time 27.59408164024353s

2025-10-29 13:33:51,788 | INFO | Training epoch 1599, Batch 1000/1000: LR=1.05e-05, Loss=1.80e-02 BER=6.59e-03 FER=1.79e-01
2025-10-29 13:33:51,837 | INFO | Epoch 1599 Train Time 26.307756185531616s

2025-10-29 13:34:18,130 | INFO | Training epoch 1600, Batch 1000/1000: LR=1.05e-05, Loss=1.81e-02 BER=6.64e-03 FER=1.81e-01
2025-10-29 13:34:18,185 | INFO | Epoch 1600 Train Time 26.34711003303528s

2025-10-29 13:34:44,766 | INFO | Training epoch 1601, Batch 1000/1000: LR=1.05e-05, Loss=1.83e-02 BER=6.66e-03 FER=1.81e-01
2025-10-29 13:34:44,826 | INFO | Epoch 1601 Train Time 26.639681100845337s

2025-10-29 13:35:09,726 | INFO | Training epoch 1602, Batch 1000/1000: LR=1.04e-05, Loss=1.81e-02 BER=6.65e-03 FER=1.79e-01
2025-10-29 13:35:09,788 | INFO | Epoch 1602 Train Time 24.96181321144104s

2025-10-29 13:35:36,152 | INFO | Training epoch 1603, Batch 1000/1000: LR=1.04e-05, Loss=1.81e-02 BER=6.61e-03 FER=1.78e-01
2025-10-29 13:35:36,203 | INFO | Epoch 1603 Train Time 26.414135217666626s

2025-10-29 13:36:01,643 | INFO | Training epoch 1604, Batch 1000/1000: LR=1.03e-05, Loss=1.82e-02 BER=6.62e-03 FER=1.80e-01
2025-10-29 13:36:01,682 | INFO | Epoch 1604 Train Time 25.47791814804077s

2025-10-29 13:36:28,385 | INFO | Training epoch 1605, Batch 1000/1000: LR=1.03e-05, Loss=1.84e-02 BER=6.74e-03 FER=1.83e-01
2025-10-29 13:36:28,443 | INFO | Epoch 1605 Train Time 26.75969886779785s

2025-10-29 13:36:53,874 | INFO | Training epoch 1606, Batch 1000/1000: LR=1.02e-05, Loss=1.84e-02 BER=6.79e-03 FER=1.83e-01
2025-10-29 13:36:53,928 | INFO | Epoch 1606 Train Time 25.48425030708313s

2025-10-29 13:37:20,463 | INFO | Training epoch 1607, Batch 1000/1000: LR=1.02e-05, Loss=1.84e-02 BER=6.74e-03 FER=1.82e-01
2025-10-29 13:37:20,521 | INFO | Epoch 1607 Train Time 26.592421531677246s

2025-10-29 13:37:45,751 | INFO | Training epoch 1608, Batch 1000/1000: LR=1.01e-05, Loss=1.85e-02 BER=6.78e-03 FER=1.82e-01
2025-10-29 13:37:45,794 | INFO | Epoch 1608 Train Time 25.271695613861084s

2025-10-29 13:38:12,407 | INFO | Training epoch 1609, Batch 1000/1000: LR=1.01e-05, Loss=1.80e-02 BER=6.57e-03 FER=1.79e-01
2025-10-29 13:38:12,460 | INFO | Epoch 1609 Train Time 26.66631579399109s

2025-10-29 13:38:38,945 | INFO | Training epoch 1610, Batch 1000/1000: LR=1.00e-05, Loss=1.83e-02 BER=6.74e-03 FER=1.83e-01
2025-10-29 13:38:39,007 | INFO | Epoch 1610 Train Time 26.546037435531616s

2025-10-29 13:39:05,153 | INFO | Training epoch 1611, Batch 1000/1000: LR=1.00e-05, Loss=1.83e-02 BER=6.70e-03 FER=1.82e-01
2025-10-29 13:39:05,203 | INFO | Epoch 1611 Train Time 26.195314168930054s

2025-10-29 13:39:30,137 | INFO | Training epoch 1612, Batch 1000/1000: LR=9.96e-06, Loss=1.82e-02 BER=6.68e-03 FER=1.81e-01
2025-10-29 13:39:30,190 | INFO | Epoch 1612 Train Time 24.98662281036377s

2025-10-29 13:39:55,890 | INFO | Training epoch 1613, Batch 1000/1000: LR=9.91e-06, Loss=1.83e-02 BER=6.73e-03 FER=1.83e-01
2025-10-29 13:39:55,945 | INFO | Epoch 1613 Train Time 25.75432538986206s

2025-10-29 13:40:21,498 | INFO | Training epoch 1614, Batch 1000/1000: LR=9.87e-06, Loss=1.81e-02 BER=6.63e-03 FER=1.80e-01
2025-10-29 13:40:21,559 | INFO | Epoch 1614 Train Time 25.61313247680664s

2025-10-29 13:40:48,008 | INFO | Training epoch 1615, Batch 1000/1000: LR=9.82e-06, Loss=1.84e-02 BER=6.68e-03 FER=1.82e-01
2025-10-29 13:40:48,053 | INFO | Epoch 1615 Train Time 26.493608951568604s

2025-10-29 13:41:13,337 | INFO | Training epoch 1616, Batch 1000/1000: LR=9.78e-06, Loss=1.82e-02 BER=6.63e-03 FER=1.80e-01
2025-10-29 13:41:13,393 | INFO | Epoch 1616 Train Time 25.339020252227783s

2025-10-29 13:41:39,003 | INFO | Training epoch 1617, Batch 1000/1000: LR=9.74e-06, Loss=1.84e-02 BER=6.71e-03 FER=1.82e-01
2025-10-29 13:41:39,057 | INFO | Epoch 1617 Train Time 25.663665294647217s

2025-10-29 13:42:04,195 | INFO | Training epoch 1618, Batch 1000/1000: LR=9.69e-06, Loss=1.84e-02 BER=6.69e-03 FER=1.82e-01
2025-10-29 13:42:04,249 | INFO | Epoch 1618 Train Time 25.191079139709473s

2025-10-29 13:42:29,725 | INFO | Training epoch 1619, Batch 1000/1000: LR=9.65e-06, Loss=1.80e-02 BER=6.55e-03 FER=1.79e-01
2025-10-29 13:42:29,785 | INFO | Epoch 1619 Train Time 25.535259008407593s

2025-10-29 13:42:56,678 | INFO | Training epoch 1620, Batch 1000/1000: LR=9.60e-06, Loss=1.83e-02 BER=6.73e-03 FER=1.81e-01
2025-10-29 13:42:56,734 | INFO | Epoch 1620 Train Time 26.948394060134888s

2025-10-29 13:43:21,879 | INFO | Training epoch 1621, Batch 1000/1000: LR=9.56e-06, Loss=1.83e-02 BER=6.71e-03 FER=1.82e-01
2025-10-29 13:43:21,929 | INFO | Epoch 1621 Train Time 25.195047855377197s

2025-10-29 13:43:48,495 | INFO | Training epoch 1622, Batch 1000/1000: LR=9.52e-06, Loss=1.83e-02 BER=6.70e-03 FER=1.83e-01
2025-10-29 13:43:48,541 | INFO | Epoch 1622 Train Time 26.61031198501587s

2025-10-29 13:44:16,059 | INFO | Training epoch 1623, Batch 1000/1000: LR=9.47e-06, Loss=1.82e-02 BER=6.65e-03 FER=1.80e-01
2025-10-29 13:44:16,105 | INFO | Epoch 1623 Train Time 27.564000368118286s

2025-10-29 13:44:42,414 | INFO | Training epoch 1624, Batch 1000/1000: LR=9.43e-06, Loss=1.81e-02 BER=6.62e-03 FER=1.81e-01
2025-10-29 13:44:42,471 | INFO | Epoch 1624 Train Time 26.36541485786438s

2025-10-29 13:45:08,609 | INFO | Training epoch 1625, Batch 1000/1000: LR=9.39e-06, Loss=1.81e-02 BER=6.56e-03 FER=1.78e-01
2025-10-29 13:45:08,664 | INFO | Epoch 1625 Train Time 26.191452026367188s

2025-10-29 13:45:36,379 | INFO | Training epoch 1626, Batch 1000/1000: LR=9.34e-06, Loss=1.80e-02 BER=6.58e-03 FER=1.78e-01
2025-10-29 13:45:36,440 | INFO | Epoch 1626 Train Time 27.77493953704834s

2025-10-29 13:46:03,234 | INFO | Training epoch 1627, Batch 1000/1000: LR=9.30e-06, Loss=1.80e-02 BER=6.62e-03 FER=1.78e-01
2025-10-29 13:46:03,289 | INFO | Epoch 1627 Train Time 26.849300146102905s

2025-10-29 13:46:28,709 | INFO | Training epoch 1628, Batch 1000/1000: LR=9.26e-06, Loss=1.82e-02 BER=6.65e-03 FER=1.80e-01
2025-10-29 13:46:28,754 | INFO | Epoch 1628 Train Time 25.463924407958984s

2025-10-29 13:46:54,542 | INFO | Training epoch 1629, Batch 1000/1000: LR=9.21e-06, Loss=1.83e-02 BER=6.70e-03 FER=1.82e-01
2025-10-29 13:46:54,582 | INFO | Epoch 1629 Train Time 25.827006101608276s

2025-10-29 13:47:20,282 | INFO | Training epoch 1630, Batch 1000/1000: LR=9.17e-06, Loss=1.84e-02 BER=6.77e-03 FER=1.83e-01
2025-10-29 13:47:20,343 | INFO | Epoch 1630 Train Time 25.7612202167511s

2025-10-29 13:47:47,082 | INFO | Training epoch 1631, Batch 1000/1000: LR=9.13e-06, Loss=1.84e-02 BER=6.73e-03 FER=1.82e-01
2025-10-29 13:47:47,137 | INFO | Epoch 1631 Train Time 26.792388200759888s

2025-10-29 13:48:13,866 | INFO | Training epoch 1632, Batch 1000/1000: LR=9.08e-06, Loss=1.83e-02 BER=6.71e-03 FER=1.81e-01
2025-10-29 13:48:13,913 | INFO | Epoch 1632 Train Time 26.775881052017212s

2025-10-29 13:48:39,258 | INFO | Training epoch 1633, Batch 1000/1000: LR=9.04e-06, Loss=1.80e-02 BER=6.57e-03 FER=1.79e-01
2025-10-29 13:48:39,302 | INFO | Epoch 1633 Train Time 25.387863397598267s

2025-10-29 13:49:05,275 | INFO | Training epoch 1634, Batch 1000/1000: LR=9.00e-06, Loss=1.82e-02 BER=6.65e-03 FER=1.80e-01
2025-10-29 13:49:05,334 | INFO | Epoch 1634 Train Time 26.03199601173401s

2025-10-29 13:49:32,711 | INFO | Training epoch 1635, Batch 1000/1000: LR=8.96e-06, Loss=1.82e-02 BER=6.67e-03 FER=1.80e-01
2025-10-29 13:49:32,766 | INFO | Epoch 1635 Train Time 27.43102717399597s

2025-10-29 13:49:59,703 | INFO | Training epoch 1636, Batch 1000/1000: LR=8.92e-06, Loss=1.83e-02 BER=6.69e-03 FER=1.82e-01
2025-10-29 13:49:59,757 | INFO | Epoch 1636 Train Time 26.99014377593994s

2025-10-29 13:50:26,885 | INFO | Training epoch 1637, Batch 1000/1000: LR=8.87e-06, Loss=1.86e-02 BER=6.85e-03 FER=1.85e-01
2025-10-29 13:50:26,932 | INFO | Epoch 1637 Train Time 27.17392921447754s

2025-10-29 13:50:52,955 | INFO | Training epoch 1638, Batch 1000/1000: LR=8.83e-06, Loss=1.83e-02 BER=6.70e-03 FER=1.82e-01
2025-10-29 13:50:53,012 | INFO | Epoch 1638 Train Time 26.07981777191162s

2025-10-29 13:51:19,527 | INFO | Training epoch 1639, Batch 1000/1000: LR=8.79e-06, Loss=1.84e-02 BER=6.74e-03 FER=1.83e-01
2025-10-29 13:51:19,585 | INFO | Epoch 1639 Train Time 26.572665691375732s

2025-10-29 13:51:45,845 | INFO | Training epoch 1640, Batch 1000/1000: LR=8.75e-06, Loss=1.84e-02 BER=6.72e-03 FER=1.83e-01
2025-10-29 13:51:45,890 | INFO | Epoch 1640 Train Time 26.30397891998291s

2025-10-29 13:52:14,075 | INFO | Training epoch 1641, Batch 1000/1000: LR=8.71e-06, Loss=1.86e-02 BER=6.78e-03 FER=1.83e-01
2025-10-29 13:52:14,128 | INFO | Epoch 1641 Train Time 28.23757004737854s

2025-10-29 13:52:41,272 | INFO | Training epoch 1642, Batch 1000/1000: LR=8.66e-06, Loss=1.85e-02 BER=6.80e-03 FER=1.83e-01
2025-10-29 13:52:41,327 | INFO | Epoch 1642 Train Time 27.1978018283844s

2025-10-29 13:53:07,055 | INFO | Training epoch 1643, Batch 1000/1000: LR=8.62e-06, Loss=1.80e-02 BER=6.57e-03 FER=1.79e-01
2025-10-29 13:53:07,113 | INFO | Epoch 1643 Train Time 25.785745859146118s

2025-10-29 13:53:31,964 | INFO | Training epoch 1644, Batch 1000/1000: LR=8.58e-06, Loss=1.82e-02 BER=6.64e-03 FER=1.80e-01
2025-10-29 13:53:32,022 | INFO | Epoch 1644 Train Time 24.90827178955078s

2025-10-29 13:53:57,970 | INFO | Training epoch 1645, Batch 1000/1000: LR=8.54e-06, Loss=1.82e-02 BER=6.65e-03 FER=1.81e-01
2025-10-29 13:53:58,028 | INFO | Epoch 1645 Train Time 26.005489826202393s

2025-10-29 13:54:23,510 | INFO | Training epoch 1646, Batch 1000/1000: LR=8.50e-06, Loss=1.82e-02 BER=6.67e-03 FER=1.81e-01
2025-10-29 13:54:23,565 | INFO | Epoch 1646 Train Time 25.535493850708008s

2025-10-29 13:54:50,551 | INFO | Training epoch 1647, Batch 1000/1000: LR=8.46e-06, Loss=1.83e-02 BER=6.70e-03 FER=1.81e-01
2025-10-29 13:54:50,591 | INFO | Epoch 1647 Train Time 27.02558445930481s

2025-10-29 13:55:17,996 | INFO | Training epoch 1648, Batch 1000/1000: LR=8.42e-06, Loss=1.84e-02 BER=6.73e-03 FER=1.82e-01
2025-10-29 13:55:18,051 | INFO | Epoch 1648 Train Time 27.45894479751587s

2025-10-29 13:55:44,942 | INFO | Training epoch 1649, Batch 1000/1000: LR=8.38e-06, Loss=1.81e-02 BER=6.66e-03 FER=1.81e-01
2025-10-29 13:55:44,983 | INFO | Epoch 1649 Train Time 26.93164825439453s

2025-10-29 13:56:10,232 | INFO | Training epoch 1650, Batch 1000/1000: LR=8.33e-06, Loss=1.81e-02 BER=6.65e-03 FER=1.80e-01
2025-10-29 13:56:10,292 | INFO | Epoch 1650 Train Time 25.308553457260132s

2025-10-29 13:56:36,982 | INFO | Training epoch 1651, Batch 1000/1000: LR=8.29e-06, Loss=1.83e-02 BER=6.69e-03 FER=1.82e-01
2025-10-29 13:56:37,043 | INFO | Epoch 1651 Train Time 26.750239849090576s

2025-10-29 13:57:02,576 | INFO | Training epoch 1652, Batch 1000/1000: LR=8.25e-06, Loss=1.79e-02 BER=6.53e-03 FER=1.76e-01
2025-10-29 13:57:02,622 | INFO | Epoch 1652 Train Time 25.57844591140747s

2025-10-29 13:57:02,623 | INFO | [P2] saving best_model (QAT) with loss 0.017853 at epoch 1652
2025-10-29 13:57:27,791 | INFO | Training epoch 1653, Batch 1000/1000: LR=8.21e-06, Loss=1.83e-02 BER=6.64e-03 FER=1.81e-01
2025-10-29 13:57:27,834 | INFO | Epoch 1653 Train Time 25.197097301483154s

2025-10-29 13:57:54,294 | INFO | Training epoch 1654, Batch 1000/1000: LR=8.17e-06, Loss=1.81e-02 BER=6.62e-03 FER=1.81e-01
2025-10-29 13:57:54,338 | INFO | Epoch 1654 Train Time 26.50286602973938s

2025-10-29 13:58:19,944 | INFO | Training epoch 1655, Batch 1000/1000: LR=8.13e-06, Loss=1.83e-02 BER=6.69e-03 FER=1.82e-01
2025-10-29 13:58:19,988 | INFO | Epoch 1655 Train Time 25.650338888168335s

2025-10-29 13:58:48,481 | INFO | Training epoch 1656, Batch 1000/1000: LR=8.09e-06, Loss=1.84e-02 BER=6.77e-03 FER=1.82e-01
2025-10-29 13:58:48,538 | INFO | Epoch 1656 Train Time 28.549293994903564s

2025-10-29 13:59:14,136 | INFO | Training epoch 1657, Batch 1000/1000: LR=8.05e-06, Loss=1.84e-02 BER=6.70e-03 FER=1.82e-01
2025-10-29 13:59:14,194 | INFO | Epoch 1657 Train Time 25.655364274978638s

2025-10-29 13:59:41,175 | INFO | Training epoch 1658, Batch 1000/1000: LR=8.01e-06, Loss=1.80e-02 BER=6.60e-03 FER=1.82e-01
2025-10-29 13:59:41,226 | INFO | Epoch 1658 Train Time 27.0305917263031s

2025-10-29 14:00:07,111 | INFO | Training epoch 1659, Batch 1000/1000: LR=7.97e-06, Loss=1.84e-02 BER=6.76e-03 FER=1.83e-01
2025-10-29 14:00:07,164 | INFO | Epoch 1659 Train Time 25.937724113464355s

2025-10-29 14:00:33,430 | INFO | Training epoch 1660, Batch 1000/1000: LR=7.93e-06, Loss=1.83e-02 BER=6.70e-03 FER=1.83e-01
2025-10-29 14:00:33,474 | INFO | Epoch 1660 Train Time 26.308995485305786s

2025-10-29 14:01:00,569 | INFO | Training epoch 1661, Batch 1000/1000: LR=7.89e-06, Loss=1.82e-02 BER=6.64e-03 FER=1.81e-01
2025-10-29 14:01:00,624 | INFO | Epoch 1661 Train Time 27.149258136749268s

2025-10-29 14:01:27,575 | INFO | Training epoch 1662, Batch 1000/1000: LR=7.85e-06, Loss=1.82e-02 BER=6.64e-03 FER=1.80e-01
2025-10-29 14:01:27,628 | INFO | Epoch 1662 Train Time 27.00336766242981s

2025-10-29 14:01:53,878 | INFO | Training epoch 1663, Batch 1000/1000: LR=7.81e-06, Loss=1.84e-02 BER=6.69e-03 FER=1.81e-01
2025-10-29 14:01:53,934 | INFO | Epoch 1663 Train Time 26.30559206008911s

2025-10-29 14:02:20,434 | INFO | Training epoch 1664, Batch 1000/1000: LR=7.78e-06, Loss=1.82e-02 BER=6.66e-03 FER=1.80e-01
2025-10-29 14:02:20,475 | INFO | Epoch 1664 Train Time 26.54075789451599s

2025-10-29 14:02:45,649 | INFO | Training epoch 1665, Batch 1000/1000: LR=7.74e-06, Loss=1.81e-02 BER=6.65e-03 FER=1.81e-01
2025-10-29 14:02:45,714 | INFO | Epoch 1665 Train Time 25.23824715614319s

2025-10-29 14:03:11,128 | INFO | Training epoch 1666, Batch 1000/1000: LR=7.70e-06, Loss=1.78e-02 BER=6.49e-03 FER=1.77e-01
2025-10-29 14:03:11,180 | INFO | Epoch 1666 Train Time 25.46557068824768s

2025-10-29 14:03:11,180 | INFO | [P2] saving best_model (QAT) with loss 0.017781 at epoch 1666
2025-10-29 14:03:38,588 | INFO | Training epoch 1667, Batch 1000/1000: LR=7.66e-06, Loss=1.82e-02 BER=6.69e-03 FER=1.82e-01
2025-10-29 14:03:38,643 | INFO | Epoch 1667 Train Time 27.45222544670105s

2025-10-29 14:04:05,868 | INFO | Training epoch 1668, Batch 1000/1000: LR=7.62e-06, Loss=1.80e-02 BER=6.58e-03 FER=1.79e-01
2025-10-29 14:04:05,925 | INFO | Epoch 1668 Train Time 27.281580924987793s

2025-10-29 14:04:32,573 | INFO | Training epoch 1669, Batch 1000/1000: LR=7.58e-06, Loss=1.82e-02 BER=6.65e-03 FER=1.80e-01
2025-10-29 14:04:32,621 | INFO | Epoch 1669 Train Time 26.694713830947876s

2025-10-29 14:04:59,233 | INFO | Training epoch 1670, Batch 1000/1000: LR=7.54e-06, Loss=1.83e-02 BER=6.70e-03 FER=1.83e-01
2025-10-29 14:04:59,300 | INFO | Epoch 1670 Train Time 26.67826819419861s

2025-10-29 14:05:24,269 | INFO | Training epoch 1671, Batch 1000/1000: LR=7.50e-06, Loss=1.84e-02 BER=6.73e-03 FER=1.83e-01
2025-10-29 14:05:24,320 | INFO | Epoch 1671 Train Time 25.01953959465027s

2025-10-29 14:05:50,185 | INFO | Training epoch 1672, Batch 1000/1000: LR=7.46e-06, Loss=1.83e-02 BER=6.74e-03 FER=1.81e-01
2025-10-29 14:05:50,244 | INFO | Epoch 1672 Train Time 25.92290711402893s

2025-10-29 14:06:17,544 | INFO | Training epoch 1673, Batch 1000/1000: LR=7.43e-06, Loss=1.84e-02 BER=6.74e-03 FER=1.82e-01
2025-10-29 14:06:17,605 | INFO | Epoch 1673 Train Time 27.359574556350708s

2025-10-29 14:06:42,534 | INFO | Training epoch 1674, Batch 1000/1000: LR=7.39e-06, Loss=1.82e-02 BER=6.69e-03 FER=1.82e-01
2025-10-29 14:06:42,599 | INFO | Epoch 1674 Train Time 24.993152379989624s

2025-10-29 14:07:08,162 | INFO | Training epoch 1675, Batch 1000/1000: LR=7.35e-06, Loss=1.80e-02 BER=6.61e-03 FER=1.79e-01
2025-10-29 14:07:08,217 | INFO | Epoch 1675 Train Time 25.617267608642578s

2025-10-29 14:07:36,622 | INFO | Training epoch 1676, Batch 1000/1000: LR=7.31e-06, Loss=1.78e-02 BER=6.50e-03 FER=1.77e-01
2025-10-29 14:07:36,661 | INFO | Epoch 1676 Train Time 28.443462371826172s

2025-10-29 14:08:03,576 | INFO | Training epoch 1677, Batch 1000/1000: LR=7.27e-06, Loss=1.82e-02 BER=6.67e-03 FER=1.82e-01
2025-10-29 14:08:03,629 | INFO | Epoch 1677 Train Time 26.96815252304077s

2025-10-29 14:08:31,432 | INFO | Training epoch 1678, Batch 1000/1000: LR=7.24e-06, Loss=1.82e-02 BER=6.63e-03 FER=1.81e-01
2025-10-29 14:08:31,481 | INFO | Epoch 1678 Train Time 27.850987911224365s

2025-10-29 14:08:56,958 | INFO | Training epoch 1679, Batch 1000/1000: LR=7.20e-06, Loss=1.81e-02 BER=6.66e-03 FER=1.80e-01
2025-10-29 14:08:57,013 | INFO | Epoch 1679 Train Time 25.53159499168396s

2025-10-29 14:09:21,920 | INFO | Training epoch 1680, Batch 1000/1000: LR=7.16e-06, Loss=1.82e-02 BER=6.66e-03 FER=1.81e-01
2025-10-29 14:09:21,981 | INFO | Epoch 1680 Train Time 24.967384338378906s

2025-10-29 14:09:48,243 | INFO | Training epoch 1681, Batch 1000/1000: LR=7.12e-06, Loss=1.81e-02 BER=6.61e-03 FER=1.80e-01
2025-10-29 14:09:48,292 | INFO | Epoch 1681 Train Time 26.309494733810425s

2025-10-29 14:10:15,152 | INFO | Training epoch 1682, Batch 1000/1000: LR=7.09e-06, Loss=1.81e-02 BER=6.63e-03 FER=1.81e-01
2025-10-29 14:10:15,199 | INFO | Epoch 1682 Train Time 26.905681371688843s

2025-10-29 14:10:41,866 | INFO | Training epoch 1683, Batch 1000/1000: LR=7.05e-06, Loss=1.82e-02 BER=6.72e-03 FER=1.81e-01
2025-10-29 14:10:41,920 | INFO | Epoch 1683 Train Time 26.72109031677246s

2025-10-29 14:11:10,073 | INFO | Training epoch 1684, Batch 1000/1000: LR=7.01e-06, Loss=1.83e-02 BER=6.65e-03 FER=1.82e-01
2025-10-29 14:11:10,124 | INFO | Epoch 1684 Train Time 28.20239806175232s

2025-10-29 14:11:36,952 | INFO | Training epoch 1685, Batch 1000/1000: LR=6.97e-06, Loss=1.84e-02 BER=6.72e-03 FER=1.83e-01
2025-10-29 14:11:36,992 | INFO | Epoch 1685 Train Time 26.867896556854248s

2025-10-29 14:12:04,087 | INFO | Training epoch 1686, Batch 1000/1000: LR=6.94e-06, Loss=1.81e-02 BER=6.63e-03 FER=1.80e-01
2025-10-29 14:12:04,141 | INFO | Epoch 1686 Train Time 27.14799404144287s

2025-10-29 14:12:31,533 | INFO | Training epoch 1687, Batch 1000/1000: LR=6.90e-06, Loss=1.80e-02 BER=6.61e-03 FER=1.79e-01
2025-10-29 14:12:31,571 | INFO | Epoch 1687 Train Time 27.42966914176941s

2025-10-29 14:12:56,151 | INFO | Training epoch 1688, Batch 1000/1000: LR=6.86e-06, Loss=1.81e-02 BER=6.65e-03 FER=1.80e-01
2025-10-29 14:12:56,206 | INFO | Epoch 1688 Train Time 24.634260654449463s

2025-10-29 14:13:22,350 | INFO | Training epoch 1689, Batch 1000/1000: LR=6.83e-06, Loss=1.83e-02 BER=6.72e-03 FER=1.82e-01
2025-10-29 14:13:22,413 | INFO | Epoch 1689 Train Time 26.206822872161865s

2025-10-29 14:13:48,795 | INFO | Training epoch 1690, Batch 1000/1000: LR=6.79e-06, Loss=1.79e-02 BER=6.55e-03 FER=1.80e-01
2025-10-29 14:13:48,849 | INFO | Epoch 1690 Train Time 26.43471360206604s

2025-10-29 14:14:15,461 | INFO | Training epoch 1691, Batch 1000/1000: LR=6.75e-06, Loss=1.81e-02 BER=6.69e-03 FER=1.81e-01
2025-10-29 14:14:15,501 | INFO | Epoch 1691 Train Time 26.651347875595093s

2025-10-29 14:14:40,859 | INFO | Training epoch 1692, Batch 1000/1000: LR=6.72e-06, Loss=1.83e-02 BER=6.68e-03 FER=1.81e-01
2025-10-29 14:14:40,907 | INFO | Epoch 1692 Train Time 25.405407428741455s

2025-10-29 14:15:08,050 | INFO | Training epoch 1693, Batch 1000/1000: LR=6.68e-06, Loss=1.84e-02 BER=6.70e-03 FER=1.82e-01
2025-10-29 14:15:08,104 | INFO | Epoch 1693 Train Time 27.1961407661438s

2025-10-29 14:15:33,076 | INFO | Training epoch 1694, Batch 1000/1000: LR=6.64e-06, Loss=1.84e-02 BER=6.73e-03 FER=1.81e-01
2025-10-29 14:15:33,123 | INFO | Epoch 1694 Train Time 25.01847767829895s

2025-10-29 14:15:59,373 | INFO | Training epoch 1695, Batch 1000/1000: LR=6.61e-06, Loss=1.84e-02 BER=6.73e-03 FER=1.82e-01
2025-10-29 14:15:59,433 | INFO | Epoch 1695 Train Time 26.309197664260864s

2025-10-29 14:16:25,446 | INFO | Training epoch 1696, Batch 1000/1000: LR=6.57e-06, Loss=1.82e-02 BER=6.66e-03 FER=1.82e-01
2025-10-29 14:16:25,498 | INFO | Epoch 1696 Train Time 26.064831256866455s

2025-10-29 14:16:49,431 | INFO | Training epoch 1697, Batch 1000/1000: LR=6.54e-06, Loss=1.83e-02 BER=6.66e-03 FER=1.81e-01
2025-10-29 14:16:49,472 | INFO | Epoch 1697 Train Time 23.972895622253418s

2025-10-29 14:17:15,450 | INFO | Training epoch 1698, Batch 1000/1000: LR=6.50e-06, Loss=1.81e-02 BER=6.61e-03 FER=1.81e-01
2025-10-29 14:17:15,510 | INFO | Epoch 1698 Train Time 26.037468910217285s

2025-10-29 14:17:42,174 | INFO | Training epoch 1699, Batch 1000/1000: LR=6.47e-06, Loss=1.82e-02 BER=6.65e-03 FER=1.79e-01
2025-10-29 14:17:42,223 | INFO | Epoch 1699 Train Time 26.711846590042114s

2025-10-29 14:18:08,000 | INFO | Training epoch 1700, Batch 1000/1000: LR=6.43e-06, Loss=1.81e-02 BER=6.60e-03 FER=1.80e-01
2025-10-29 14:18:08,051 | INFO | Epoch 1700 Train Time 25.827707529067993s

2025-10-29 14:18:33,783 | INFO | Training epoch 1701, Batch 1000/1000: LR=6.40e-06, Loss=1.84e-02 BER=6.69e-03 FER=1.81e-01
2025-10-29 14:18:33,836 | INFO | Epoch 1701 Train Time 25.78392481803894s

2025-10-29 14:19:00,505 | INFO | Training epoch 1702, Batch 1000/1000: LR=6.36e-06, Loss=1.83e-02 BER=6.71e-03 FER=1.82e-01
2025-10-29 14:19:00,551 | INFO | Epoch 1702 Train Time 26.71428394317627s

2025-10-29 14:19:26,626 | INFO | Training epoch 1703, Batch 1000/1000: LR=6.32e-06, Loss=1.82e-02 BER=6.63e-03 FER=1.80e-01
2025-10-29 14:19:26,666 | INFO | Epoch 1703 Train Time 26.11430788040161s

2025-10-29 14:19:53,356 | INFO | Training epoch 1704, Batch 1000/1000: LR=6.29e-06, Loss=1.83e-02 BER=6.67e-03 FER=1.81e-01
2025-10-29 14:19:53,412 | INFO | Epoch 1704 Train Time 26.745325088500977s

2025-10-29 14:20:18,459 | INFO | Training epoch 1705, Batch 1000/1000: LR=6.25e-06, Loss=1.81e-02 BER=6.62e-03 FER=1.81e-01
2025-10-29 14:20:18,516 | INFO | Epoch 1705 Train Time 25.10414218902588s

2025-10-29 14:20:43,448 | INFO | Training epoch 1706, Batch 1000/1000: LR=6.22e-06, Loss=1.79e-02 BER=6.54e-03 FER=1.77e-01
2025-10-29 14:20:43,511 | INFO | Epoch 1706 Train Time 24.993868589401245s

2025-10-29 14:21:10,476 | INFO | Training epoch 1707, Batch 1000/1000: LR=6.19e-06, Loss=1.82e-02 BER=6.68e-03 FER=1.81e-01
2025-10-29 14:21:10,530 | INFO | Epoch 1707 Train Time 27.018404245376587s

2025-10-29 14:21:36,574 | INFO | Training epoch 1708, Batch 1000/1000: LR=6.15e-06, Loss=1.80e-02 BER=6.57e-03 FER=1.79e-01
2025-10-29 14:21:36,626 | INFO | Epoch 1708 Train Time 26.096052169799805s

2025-10-29 14:22:01,952 | INFO | Training epoch 1709, Batch 1000/1000: LR=6.12e-06, Loss=1.81e-02 BER=6.62e-03 FER=1.80e-01
2025-10-29 14:22:02,006 | INFO | Epoch 1709 Train Time 25.378764629364014s

2025-10-29 14:22:28,759 | INFO | Training epoch 1710, Batch 1000/1000: LR=6.08e-06, Loss=1.81e-02 BER=6.63e-03 FER=1.80e-01
2025-10-29 14:22:28,827 | INFO | Epoch 1710 Train Time 26.82011604309082s

2025-10-29 14:22:53,936 | INFO | Training epoch 1711, Batch 1000/1000: LR=6.05e-06, Loss=1.83e-02 BER=6.69e-03 FER=1.81e-01
2025-10-29 14:22:53,993 | INFO | Epoch 1711 Train Time 25.165346145629883s

2025-10-29 14:23:19,741 | INFO | Training epoch 1712, Batch 1000/1000: LR=6.01e-06, Loss=1.83e-02 BER=6.68e-03 FER=1.80e-01
2025-10-29 14:23:19,801 | INFO | Epoch 1712 Train Time 25.808298587799072s

2025-10-29 14:23:45,305 | INFO | Training epoch 1713, Batch 1000/1000: LR=5.98e-06, Loss=1.83e-02 BER=6.64e-03 FER=1.81e-01
2025-10-29 14:23:45,359 | INFO | Epoch 1713 Train Time 25.557441234588623s

2025-10-29 14:24:10,017 | INFO | Training epoch 1714, Batch 1000/1000: LR=5.95e-06, Loss=1.84e-02 BER=6.74e-03 FER=1.83e-01
2025-10-29 14:24:10,071 | INFO | Epoch 1714 Train Time 24.71095871925354s

2025-10-29 14:24:35,784 | INFO | Training epoch 1715, Batch 1000/1000: LR=5.91e-06, Loss=1.85e-02 BER=6.74e-03 FER=1.84e-01
2025-10-29 14:24:35,830 | INFO | Epoch 1715 Train Time 25.758288383483887s

2025-10-29 14:25:01,386 | INFO | Training epoch 1716, Batch 1000/1000: LR=5.88e-06, Loss=1.84e-02 BER=6.74e-03 FER=1.83e-01
2025-10-29 14:25:01,437 | INFO | Epoch 1716 Train Time 25.6063392162323s

2025-10-29 14:25:28,097 | INFO | Training epoch 1717, Batch 1000/1000: LR=5.84e-06, Loss=1.81e-02 BER=6.65e-03 FER=1.82e-01
2025-10-29 14:25:28,145 | INFO | Epoch 1717 Train Time 26.707834243774414s

2025-10-29 14:25:56,153 | INFO | Training epoch 1718, Batch 1000/1000: LR=5.81e-06, Loss=1.83e-02 BER=6.64e-03 FER=1.80e-01
2025-10-29 14:25:56,206 | INFO | Epoch 1718 Train Time 28.060660123825073s

2025-10-29 14:26:21,082 | INFO | Training epoch 1719, Batch 1000/1000: LR=5.78e-06, Loss=1.82e-02 BER=6.68e-03 FER=1.83e-01
2025-10-29 14:26:21,124 | INFO | Epoch 1719 Train Time 24.91637349128723s

2025-10-29 14:26:48,620 | INFO | Training epoch 1720, Batch 1000/1000: LR=5.74e-06, Loss=1.84e-02 BER=6.76e-03 FER=1.83e-01
2025-10-29 14:26:48,680 | INFO | Epoch 1720 Train Time 27.556214094161987s

2025-10-29 14:27:14,543 | INFO | Training epoch 1721, Batch 1000/1000: LR=5.71e-06, Loss=1.80e-02 BER=6.60e-03 FER=1.79e-01
2025-10-29 14:27:14,584 | INFO | Epoch 1721 Train Time 25.902948141098022s

2025-10-29 14:27:41,470 | INFO | Training epoch 1722, Batch 1000/1000: LR=5.68e-06, Loss=1.84e-02 BER=6.77e-03 FER=1.83e-01
2025-10-29 14:27:41,523 | INFO | Epoch 1722 Train Time 26.937504768371582s

2025-10-29 14:28:08,248 | INFO | Training epoch 1723, Batch 1000/1000: LR=5.65e-06, Loss=1.83e-02 BER=6.71e-03 FER=1.81e-01
2025-10-29 14:28:08,316 | INFO | Epoch 1723 Train Time 26.79249620437622s

2025-10-29 14:28:34,551 | INFO | Training epoch 1724, Batch 1000/1000: LR=5.61e-06, Loss=1.84e-02 BER=6.77e-03 FER=1.83e-01
2025-10-29 14:28:34,593 | INFO | Epoch 1724 Train Time 26.275925874710083s

2025-10-29 14:29:00,288 | INFO | Training epoch 1725, Batch 1000/1000: LR=5.58e-06, Loss=1.81e-02 BER=6.64e-03 FER=1.81e-01
2025-10-29 14:29:00,349 | INFO | Epoch 1725 Train Time 25.756091833114624s

2025-10-29 14:29:26,181 | INFO | Training epoch 1726, Batch 1000/1000: LR=5.55e-06, Loss=1.82e-02 BER=6.65e-03 FER=1.80e-01
2025-10-29 14:29:26,234 | INFO | Epoch 1726 Train Time 25.884053707122803s

2025-10-29 14:29:53,502 | INFO | Training epoch 1727, Batch 1000/1000: LR=5.51e-06, Loss=1.83e-02 BER=6.72e-03 FER=1.83e-01
2025-10-29 14:29:53,553 | INFO | Epoch 1727 Train Time 27.31855797767639s

2025-10-29 14:30:19,644 | INFO | Training epoch 1728, Batch 1000/1000: LR=5.48e-06, Loss=1.83e-02 BER=6.70e-03 FER=1.83e-01
2025-10-29 14:30:19,702 | INFO | Epoch 1728 Train Time 26.147648096084595s

2025-10-29 14:30:45,615 | INFO | Training epoch 1729, Batch 1000/1000: LR=5.45e-06, Loss=1.85e-02 BER=6.77e-03 FER=1.83e-01
2025-10-29 14:30:45,669 | INFO | Epoch 1729 Train Time 25.966917276382446s

2025-10-29 14:31:12,591 | INFO | Training epoch 1730, Batch 1000/1000: LR=5.42e-06, Loss=1.84e-02 BER=6.72e-03 FER=1.82e-01
2025-10-29 14:31:12,644 | INFO | Epoch 1730 Train Time 26.974313735961914s

2025-10-29 14:31:38,857 | INFO | Training epoch 1731, Batch 1000/1000: LR=5.39e-06, Loss=1.85e-02 BER=6.75e-03 FER=1.84e-01
2025-10-29 14:31:38,918 | INFO | Epoch 1731 Train Time 26.273812770843506s

2025-10-29 14:32:04,226 | INFO | Training epoch 1732, Batch 1000/1000: LR=5.35e-06, Loss=1.82e-02 BER=6.72e-03 FER=1.82e-01
2025-10-29 14:32:04,293 | INFO | Epoch 1732 Train Time 25.373942136764526s

2025-10-29 14:32:28,871 | INFO | Training epoch 1733, Batch 1000/1000: LR=5.32e-06, Loss=1.84e-02 BER=6.73e-03 FER=1.82e-01
2025-10-29 14:32:28,924 | INFO | Epoch 1733 Train Time 24.630619049072266s

2025-10-29 14:32:56,695 | INFO | Training epoch 1734, Batch 1000/1000: LR=5.29e-06, Loss=1.83e-02 BER=6.70e-03 FER=1.82e-01
2025-10-29 14:32:56,748 | INFO | Epoch 1734 Train Time 27.823617696762085s

2025-10-29 14:33:23,034 | INFO | Training epoch 1735, Batch 1000/1000: LR=5.26e-06, Loss=1.84e-02 BER=6.70e-03 FER=1.82e-01
2025-10-29 14:33:23,076 | INFO | Epoch 1735 Train Time 26.32684016227722s

2025-10-29 14:33:49,475 | INFO | Training epoch 1736, Batch 1000/1000: LR=5.23e-06, Loss=1.83e-02 BER=6.71e-03 FER=1.82e-01
2025-10-29 14:33:49,520 | INFO | Epoch 1736 Train Time 26.44314479827881s

2025-10-29 14:34:15,419 | INFO | Training epoch 1737, Batch 1000/1000: LR=5.20e-06, Loss=1.82e-02 BER=6.68e-03 FER=1.83e-01
2025-10-29 14:34:15,474 | INFO | Epoch 1737 Train Time 25.953320026397705s

2025-10-29 14:34:41,958 | INFO | Training epoch 1738, Batch 1000/1000: LR=5.16e-06, Loss=1.84e-02 BER=6.72e-03 FER=1.82e-01
2025-10-29 14:34:42,014 | INFO | Epoch 1738 Train Time 26.53907012939453s

2025-10-29 14:35:08,666 | INFO | Training epoch 1739, Batch 1000/1000: LR=5.13e-06, Loss=1.85e-02 BER=6.78e-03 FER=1.83e-01
2025-10-29 14:35:08,719 | INFO | Epoch 1739 Train Time 26.70497703552246s

2025-10-29 14:35:34,708 | INFO | Training epoch 1740, Batch 1000/1000: LR=5.10e-06, Loss=1.84e-02 BER=6.79e-03 FER=1.83e-01
2025-10-29 14:35:34,763 | INFO | Epoch 1740 Train Time 26.042641639709473s

2025-10-29 14:36:01,012 | INFO | Training epoch 1741, Batch 1000/1000: LR=5.07e-06, Loss=1.84e-02 BER=6.76e-03 FER=1.83e-01
2025-10-29 14:36:01,052 | INFO | Epoch 1741 Train Time 26.288046836853027s

2025-10-29 14:36:27,789 | INFO | Training epoch 1742, Batch 1000/1000: LR=5.04e-06, Loss=1.85e-02 BER=6.75e-03 FER=1.84e-01
2025-10-29 14:36:27,846 | INFO | Epoch 1742 Train Time 26.792803525924683s

2025-10-29 14:36:54,537 | INFO | Training epoch 1743, Batch 1000/1000: LR=5.01e-06, Loss=1.84e-02 BER=6.71e-03 FER=1.83e-01
2025-10-29 14:36:54,582 | INFO | Epoch 1743 Train Time 26.735918521881104s

2025-10-29 14:37:19,458 | INFO | Training epoch 1744, Batch 1000/1000: LR=4.98e-06, Loss=1.84e-02 BER=6.71e-03 FER=1.82e-01
2025-10-29 14:37:19,504 | INFO | Epoch 1744 Train Time 24.92152214050293s

2025-10-29 14:37:45,155 | INFO | Training epoch 1745, Batch 1000/1000: LR=4.95e-06, Loss=1.84e-02 BER=6.73e-03 FER=1.83e-01
2025-10-29 14:37:45,209 | INFO | Epoch 1745 Train Time 25.704440355300903s

2025-10-29 14:38:12,147 | INFO | Training epoch 1746, Batch 1000/1000: LR=4.92e-06, Loss=1.84e-02 BER=6.72e-03 FER=1.82e-01
2025-10-29 14:38:12,210 | INFO | Epoch 1746 Train Time 27.000480890274048s

2025-10-29 14:38:38,499 | INFO | Training epoch 1747, Batch 1000/1000: LR=4.89e-06, Loss=1.82e-02 BER=6.66e-03 FER=1.82e-01
2025-10-29 14:38:38,546 | INFO | Epoch 1747 Train Time 26.335467100143433s

2025-10-29 14:39:03,824 | INFO | Training epoch 1748, Batch 1000/1000: LR=4.86e-06, Loss=1.82e-02 BER=6.67e-03 FER=1.79e-01
2025-10-29 14:39:03,871 | INFO | Epoch 1748 Train Time 25.324188470840454s

2025-10-29 14:39:31,167 | INFO | Training epoch 1749, Batch 1000/1000: LR=4.83e-06, Loss=1.81e-02 BER=6.60e-03 FER=1.79e-01
2025-10-29 14:39:31,207 | INFO | Epoch 1749 Train Time 27.335521936416626s

2025-10-29 14:39:58,747 | INFO | Training epoch 1750, Batch 1000/1000: LR=4.80e-06, Loss=1.82e-02 BER=6.68e-03 FER=1.81e-01
2025-10-29 14:39:58,800 | INFO | Epoch 1750 Train Time 27.592529296875s

2025-10-29 14:40:25,212 | INFO | Training epoch 1751, Batch 1000/1000: LR=4.77e-06, Loss=1.81e-02 BER=6.59e-03 FER=1.79e-01
2025-10-29 14:40:25,271 | INFO | Epoch 1751 Train Time 26.46991777420044s

2025-10-29 14:40:51,875 | INFO | Training epoch 1752, Batch 1000/1000: LR=4.74e-06, Loss=1.81e-02 BER=6.61e-03 FER=1.80e-01
2025-10-29 14:40:51,925 | INFO | Epoch 1752 Train Time 26.653591871261597s

2025-10-29 14:41:19,614 | INFO | Training epoch 1753, Batch 1000/1000: LR=4.71e-06, Loss=1.84e-02 BER=6.76e-03 FER=1.84e-01
2025-10-29 14:41:19,675 | INFO | Epoch 1753 Train Time 27.749671697616577s

2025-10-29 14:41:45,492 | INFO | Training epoch 1754, Batch 1000/1000: LR=4.68e-06, Loss=1.82e-02 BER=6.66e-03 FER=1.81e-01
2025-10-29 14:41:45,535 | INFO | Epoch 1754 Train Time 25.859503746032715s

2025-10-29 14:42:11,737 | INFO | Training epoch 1755, Batch 1000/1000: LR=4.65e-06, Loss=1.82e-02 BER=6.67e-03 FER=1.81e-01
2025-10-29 14:42:11,776 | INFO | Epoch 1755 Train Time 26.240246057510376s

2025-10-29 14:42:38,463 | INFO | Training epoch 1756, Batch 1000/1000: LR=4.62e-06, Loss=1.83e-02 BER=6.67e-03 FER=1.81e-01
2025-10-29 14:42:38,516 | INFO | Epoch 1756 Train Time 26.739539623260498s

2025-10-29 14:43:03,436 | INFO | Training epoch 1757, Batch 1000/1000: LR=4.59e-06, Loss=1.82e-02 BER=6.69e-03 FER=1.81e-01
2025-10-29 14:43:03,493 | INFO | Epoch 1757 Train Time 24.97597861289978s

2025-10-29 14:43:29,333 | INFO | Training epoch 1758, Batch 1000/1000: LR=4.56e-06, Loss=1.80e-02 BER=6.56e-03 FER=1.79e-01
2025-10-29 14:43:29,383 | INFO | Epoch 1758 Train Time 25.889890432357788s

2025-10-29 14:43:54,671 | INFO | Training epoch 1759, Batch 1000/1000: LR=4.53e-06, Loss=1.83e-02 BER=6.65e-03 FER=1.81e-01
2025-10-29 14:43:54,726 | INFO | Epoch 1759 Train Time 25.342519998550415s

2025-10-29 14:44:19,888 | INFO | Training epoch 1760, Batch 1000/1000: LR=4.50e-06, Loss=1.81e-02 BER=6.59e-03 FER=1.80e-01
2025-10-29 14:44:19,942 | INFO | Epoch 1760 Train Time 25.215606689453125s

2025-10-29 14:44:46,020 | INFO | Training epoch 1761, Batch 1000/1000: LR=4.48e-06, Loss=1.82e-02 BER=6.67e-03 FER=1.81e-01
2025-10-29 14:44:46,075 | INFO | Epoch 1761 Train Time 26.132080793380737s

2025-10-29 14:45:13,248 | INFO | Training epoch 1762, Batch 1000/1000: LR=4.45e-06, Loss=1.83e-02 BER=6.73e-03 FER=1.82e-01
2025-10-29 14:45:13,290 | INFO | Epoch 1762 Train Time 27.213583946228027s

2025-10-29 14:45:37,981 | INFO | Training epoch 1763, Batch 1000/1000: LR=4.42e-06, Loss=1.82e-02 BER=6.67e-03 FER=1.82e-01
2025-10-29 14:45:38,034 | INFO | Epoch 1763 Train Time 24.74328064918518s

2025-10-29 14:46:03,412 | INFO | Training epoch 1764, Batch 1000/1000: LR=4.39e-06, Loss=1.82e-02 BER=6.71e-03 FER=1.83e-01
2025-10-29 14:46:03,463 | INFO | Epoch 1764 Train Time 25.429150342941284s

2025-10-29 14:46:29,795 | INFO | Training epoch 1765, Batch 1000/1000: LR=4.36e-06, Loss=1.83e-02 BER=6.72e-03 FER=1.83e-01
2025-10-29 14:46:29,847 | INFO | Epoch 1765 Train Time 26.382879972457886s

2025-10-29 14:46:56,653 | INFO | Training epoch 1766, Batch 1000/1000: LR=4.33e-06, Loss=1.85e-02 BER=6.71e-03 FER=1.83e-01
2025-10-29 14:46:56,693 | INFO | Epoch 1766 Train Time 26.844952821731567s

2025-10-29 14:47:24,097 | INFO | Training epoch 1767, Batch 1000/1000: LR=4.31e-06, Loss=1.83e-02 BER=6.71e-03 FER=1.84e-01
2025-10-29 14:47:24,146 | INFO | Epoch 1767 Train Time 27.452881813049316s

2025-10-29 14:47:51,069 | INFO | Training epoch 1768, Batch 1000/1000: LR=4.28e-06, Loss=1.82e-02 BER=6.68e-03 FER=1.81e-01
2025-10-29 14:47:51,128 | INFO | Epoch 1768 Train Time 26.98153305053711s

2025-10-29 14:48:16,349 | INFO | Training epoch 1769, Batch 1000/1000: LR=4.25e-06, Loss=1.81e-02 BER=6.67e-03 FER=1.81e-01
2025-10-29 14:48:16,406 | INFO | Epoch 1769 Train Time 25.276957750320435s

2025-10-29 14:48:42,062 | INFO | Training epoch 1770, Batch 1000/1000: LR=4.22e-06, Loss=1.84e-02 BER=6.78e-03 FER=1.83e-01
2025-10-29 14:48:42,103 | INFO | Epoch 1770 Train Time 25.696953773498535s

2025-10-29 14:49:07,764 | INFO | Training epoch 1771, Batch 1000/1000: LR=4.20e-06, Loss=1.84e-02 BER=6.72e-03 FER=1.82e-01
2025-10-29 14:49:07,805 | INFO | Epoch 1771 Train Time 25.70144534111023s

2025-10-29 14:49:34,403 | INFO | Training epoch 1772, Batch 1000/1000: LR=4.17e-06, Loss=1.83e-02 BER=6.66e-03 FER=1.81e-01
2025-10-29 14:49:34,449 | INFO | Epoch 1772 Train Time 26.64288878440857s

2025-10-29 14:49:59,891 | INFO | Training epoch 1773, Batch 1000/1000: LR=4.14e-06, Loss=1.84e-02 BER=6.75e-03 FER=1.81e-01
2025-10-29 14:49:59,956 | INFO | Epoch 1773 Train Time 25.50662064552307s

2025-10-29 14:50:25,278 | INFO | Training epoch 1774, Batch 1000/1000: LR=4.11e-06, Loss=1.85e-02 BER=6.81e-03 FER=1.83e-01
2025-10-29 14:50:25,331 | INFO | Epoch 1774 Train Time 25.37491488456726s

2025-10-29 14:50:51,394 | INFO | Training epoch 1775, Batch 1000/1000: LR=4.09e-06, Loss=1.83e-02 BER=6.72e-03 FER=1.82e-01
2025-10-29 14:50:51,455 | INFO | Epoch 1775 Train Time 26.122008800506592s

2025-10-29 14:51:18,034 | INFO | Training epoch 1776, Batch 1000/1000: LR=4.06e-06, Loss=1.84e-02 BER=6.71e-03 FER=1.82e-01
2025-10-29 14:51:18,089 | INFO | Epoch 1776 Train Time 26.633816957473755s

2025-10-29 14:51:45,985 | INFO | Training epoch 1777, Batch 1000/1000: LR=4.03e-06, Loss=1.85e-02 BER=6.78e-03 FER=1.82e-01
2025-10-29 14:51:46,040 | INFO | Epoch 1777 Train Time 27.949515104293823s

2025-10-29 14:52:12,654 | INFO | Training epoch 1778, Batch 1000/1000: LR=4.01e-06, Loss=1.84e-02 BER=6.75e-03 FER=1.84e-01
2025-10-29 14:52:12,715 | INFO | Epoch 1778 Train Time 26.674691200256348s

2025-10-29 14:52:38,607 | INFO | Training epoch 1779, Batch 1000/1000: LR=3.98e-06, Loss=1.83e-02 BER=6.74e-03 FER=1.81e-01
2025-10-29 14:52:38,668 | INFO | Epoch 1779 Train Time 25.95256805419922s

2025-10-29 14:53:05,925 | INFO | Training epoch 1780, Batch 1000/1000: LR=3.95e-06, Loss=1.82e-02 BER=6.67e-03 FER=1.81e-01
2025-10-29 14:53:05,992 | INFO | Epoch 1780 Train Time 27.322217226028442s

2025-10-29 14:53:32,349 | INFO | Training epoch 1781, Batch 1000/1000: LR=3.93e-06, Loss=1.84e-02 BER=6.75e-03 FER=1.83e-01
2025-10-29 14:53:32,401 | INFO | Epoch 1781 Train Time 26.407228708267212s

2025-10-29 14:53:57,220 | INFO | Training epoch 1782, Batch 1000/1000: LR=3.90e-06, Loss=1.82e-02 BER=6.65e-03 FER=1.81e-01
2025-10-29 14:53:57,277 | INFO | Epoch 1782 Train Time 24.87542963027954s

2025-10-29 14:54:24,294 | INFO | Training epoch 1783, Batch 1000/1000: LR=3.87e-06, Loss=1.82e-02 BER=6.66e-03 FER=1.80e-01
2025-10-29 14:54:24,347 | INFO | Epoch 1783 Train Time 27.069823026657104s

2025-10-29 14:54:52,550 | INFO | Training epoch 1784, Batch 1000/1000: LR=3.85e-06, Loss=1.86e-02 BER=6.83e-03 FER=1.85e-01
2025-10-29 14:54:52,616 | INFO | Epoch 1784 Train Time 28.268393754959106s

2025-10-29 14:55:19,336 | INFO | Training epoch 1785, Batch 1000/1000: LR=3.82e-06, Loss=1.81e-02 BER=6.63e-03 FER=1.82e-01
2025-10-29 14:55:19,399 | INFO | Epoch 1785 Train Time 26.781573057174683s

2025-10-29 14:55:44,663 | INFO | Training epoch 1786, Batch 1000/1000: LR=3.80e-06, Loss=1.85e-02 BER=6.76e-03 FER=1.83e-01
2025-10-29 14:55:44,710 | INFO | Epoch 1786 Train Time 25.311094760894775s

2025-10-29 14:56:11,875 | INFO | Training epoch 1787, Batch 1000/1000: LR=3.77e-06, Loss=1.85e-02 BER=6.77e-03 FER=1.84e-01
2025-10-29 14:56:11,928 | INFO | Epoch 1787 Train Time 27.21658205986023s

2025-10-29 14:56:37,766 | INFO | Training epoch 1788, Batch 1000/1000: LR=3.74e-06, Loss=1.82e-02 BER=6.66e-03 FER=1.81e-01
2025-10-29 14:56:37,823 | INFO | Epoch 1788 Train Time 25.89440679550171s

2025-10-29 14:57:05,704 | INFO | Training epoch 1789, Batch 1000/1000: LR=3.72e-06, Loss=1.83e-02 BER=6.73e-03 FER=1.82e-01
2025-10-29 14:57:05,760 | INFO | Epoch 1789 Train Time 27.936981916427612s

2025-10-29 14:57:31,254 | INFO | Training epoch 1790, Batch 1000/1000: LR=3.69e-06, Loss=1.84e-02 BER=6.74e-03 FER=1.82e-01
2025-10-29 14:57:31,308 | INFO | Epoch 1790 Train Time 25.546953439712524s

2025-10-29 14:57:57,103 | INFO | Training epoch 1791, Batch 1000/1000: LR=3.67e-06, Loss=1.82e-02 BER=6.66e-03 FER=1.81e-01
2025-10-29 14:57:57,160 | INFO | Epoch 1791 Train Time 25.851441860198975s

2025-10-29 14:58:22,610 | INFO | Training epoch 1792, Batch 1000/1000: LR=3.64e-06, Loss=1.83e-02 BER=6.71e-03 FER=1.82e-01
2025-10-29 14:58:22,650 | INFO | Epoch 1792 Train Time 25.48945665359497s

2025-10-29 14:58:48,736 | INFO | Training epoch 1793, Batch 1000/1000: LR=3.62e-06, Loss=1.83e-02 BER=6.70e-03 FER=1.81e-01
2025-10-29 14:58:48,779 | INFO | Epoch 1793 Train Time 26.12783694267273s

2025-10-29 14:59:15,134 | INFO | Training epoch 1794, Batch 1000/1000: LR=3.59e-06, Loss=1.84e-02 BER=6.74e-03 FER=1.83e-01
2025-10-29 14:59:15,185 | INFO | Epoch 1794 Train Time 26.404988050460815s

2025-10-29 14:59:42,364 | INFO | Training epoch 1795, Batch 1000/1000: LR=3.57e-06, Loss=1.85e-02 BER=6.77e-03 FER=1.83e-01
2025-10-29 14:59:42,418 | INFO | Epoch 1795 Train Time 27.232202529907227s

2025-10-29 15:00:08,614 | INFO | Training epoch 1796, Batch 1000/1000: LR=3.54e-06, Loss=1.84e-02 BER=6.71e-03 FER=1.82e-01
2025-10-29 15:00:08,675 | INFO | Epoch 1796 Train Time 26.256685972213745s

2025-10-29 15:00:34,944 | INFO | Training epoch 1797, Batch 1000/1000: LR=3.52e-06, Loss=1.83e-02 BER=6.67e-03 FER=1.80e-01
2025-10-29 15:00:34,983 | INFO | Epoch 1797 Train Time 26.307799816131592s

2025-10-29 15:00:59,827 | INFO | Training epoch 1798, Batch 1000/1000: LR=3.50e-06, Loss=1.84e-02 BER=6.76e-03 FER=1.82e-01
2025-10-29 15:00:59,897 | INFO | Epoch 1798 Train Time 24.91270351409912s

2025-10-29 15:01:26,153 | INFO | Training epoch 1799, Batch 1000/1000: LR=3.47e-06, Loss=1.81e-02 BER=6.65e-03 FER=1.80e-01
2025-10-29 15:01:26,206 | INFO | Epoch 1799 Train Time 26.307969570159912s

2025-10-29 15:01:52,256 | INFO | Training epoch 1800, Batch 1000/1000: LR=3.45e-06, Loss=1.81e-02 BER=6.62e-03 FER=1.81e-01
2025-10-29 15:01:52,311 | INFO | Epoch 1800 Train Time 26.104713439941406s

2025-10-29 15:02:17,770 | INFO | Training epoch 1801, Batch 1000/1000: LR=3.42e-06, Loss=1.81e-02 BER=6.68e-03 FER=1.81e-01
2025-10-29 15:02:17,829 | INFO | Epoch 1801 Train Time 25.517505645751953s

2025-10-29 15:02:43,440 | INFO | Training epoch 1802, Batch 1000/1000: LR=3.40e-06, Loss=1.84e-02 BER=6.73e-03 FER=1.83e-01
2025-10-29 15:02:43,491 | INFO | Epoch 1802 Train Time 25.661385774612427s

2025-10-29 15:03:08,504 | INFO | Training epoch 1803, Batch 1000/1000: LR=3.37e-06, Loss=1.83e-02 BER=6.72e-03 FER=1.82e-01
2025-10-29 15:03:08,547 | INFO | Epoch 1803 Train Time 25.054774045944214s

2025-10-29 15:03:34,165 | INFO | Training epoch 1804, Batch 1000/1000: LR=3.35e-06, Loss=1.84e-02 BER=6.70e-03 FER=1.82e-01
2025-10-29 15:03:34,206 | INFO | Epoch 1804 Train Time 25.659009218215942s

2025-10-29 15:04:00,001 | INFO | Training epoch 1805, Batch 1000/1000: LR=3.33e-06, Loss=1.86e-02 BER=6.79e-03 FER=1.84e-01
2025-10-29 15:04:00,055 | INFO | Epoch 1805 Train Time 25.848325967788696s

2025-10-29 15:04:25,806 | INFO | Training epoch 1806, Batch 1000/1000: LR=3.30e-06, Loss=1.83e-02 BER=6.68e-03 FER=1.81e-01
2025-10-29 15:04:25,857 | INFO | Epoch 1806 Train Time 25.800703048706055s

2025-10-29 15:04:53,048 | INFO | Training epoch 1807, Batch 1000/1000: LR=3.28e-06, Loss=1.84e-02 BER=6.73e-03 FER=1.82e-01
2025-10-29 15:04:53,098 | INFO | Epoch 1807 Train Time 27.240663290023804s

2025-10-29 15:05:18,055 | INFO | Training epoch 1808, Batch 1000/1000: LR=3.26e-06, Loss=1.83e-02 BER=6.71e-03 FER=1.82e-01
2025-10-29 15:05:18,108 | INFO | Epoch 1808 Train Time 25.009214878082275s

2025-10-29 15:05:43,986 | INFO | Training epoch 1809, Batch 1000/1000: LR=3.23e-06, Loss=1.85e-02 BER=6.77e-03 FER=1.84e-01
2025-10-29 15:05:44,029 | INFO | Epoch 1809 Train Time 25.92100977897644s

2025-10-29 15:06:09,959 | INFO | Training epoch 1810, Batch 1000/1000: LR=3.21e-06, Loss=1.84e-02 BER=6.73e-03 FER=1.82e-01
2025-10-29 15:06:10,013 | INFO | Epoch 1810 Train Time 25.983684539794922s

2025-10-29 15:06:35,621 | INFO | Training epoch 1811, Batch 1000/1000: LR=3.19e-06, Loss=1.83e-02 BER=6.69e-03 FER=1.82e-01
2025-10-29 15:06:35,668 | INFO | Epoch 1811 Train Time 25.654147386550903s

2025-10-29 15:07:02,519 | INFO | Training epoch 1812, Batch 1000/1000: LR=3.17e-06, Loss=1.84e-02 BER=6.71e-03 FER=1.83e-01
2025-10-29 15:07:02,578 | INFO | Epoch 1812 Train Time 26.909660577774048s

2025-10-29 15:07:28,649 | INFO | Training epoch 1813, Batch 1000/1000: LR=3.14e-06, Loss=1.83e-02 BER=6.71e-03 FER=1.83e-01
2025-10-29 15:07:28,705 | INFO | Epoch 1813 Train Time 26.126386165618896s

2025-10-29 15:07:56,050 | INFO | Training epoch 1814, Batch 1000/1000: LR=3.12e-06, Loss=1.80e-02 BER=6.61e-03 FER=1.79e-01
2025-10-29 15:07:56,105 | INFO | Epoch 1814 Train Time 27.39987850189209s

2025-10-29 15:08:22,584 | INFO | Training epoch 1815, Batch 1000/1000: LR=3.10e-06, Loss=1.83e-02 BER=6.68e-03 FER=1.82e-01
2025-10-29 15:08:22,627 | INFO | Epoch 1815 Train Time 26.520682096481323s

2025-10-29 15:08:48,578 | INFO | Training epoch 1816, Batch 1000/1000: LR=3.08e-06, Loss=1.80e-02 BER=6.58e-03 FER=1.79e-01
2025-10-29 15:08:48,633 | INFO | Epoch 1816 Train Time 26.00494074821472s

2025-10-29 15:09:14,890 | INFO | Training epoch 1817, Batch 1000/1000: LR=3.05e-06, Loss=1.83e-02 BER=6.71e-03 FER=1.82e-01
2025-10-29 15:09:14,944 | INFO | Epoch 1817 Train Time 26.310351610183716s

2025-10-29 15:09:41,928 | INFO | Training epoch 1818, Batch 1000/1000: LR=3.03e-06, Loss=1.82e-02 BER=6.66e-03 FER=1.81e-01
2025-10-29 15:09:41,987 | INFO | Epoch 1818 Train Time 27.042649507522583s

2025-10-29 15:10:07,464 | INFO | Training epoch 1819, Batch 1000/1000: LR=3.01e-06, Loss=1.82e-02 BER=6.64e-03 FER=1.80e-01
2025-10-29 15:10:07,510 | INFO | Epoch 1819 Train Time 25.522071361541748s

2025-10-29 15:10:32,840 | INFO | Training epoch 1820, Batch 1000/1000: LR=2.99e-06, Loss=1.82e-02 BER=6.66e-03 FER=1.80e-01
2025-10-29 15:10:32,881 | INFO | Epoch 1820 Train Time 25.370606422424316s

2025-10-29 15:10:59,832 | INFO | Training epoch 1821, Batch 1000/1000: LR=2.97e-06, Loss=1.81e-02 BER=6.66e-03 FER=1.80e-01
2025-10-29 15:10:59,880 | INFO | Epoch 1821 Train Time 26.99817156791687s

2025-10-29 15:11:26,347 | INFO | Training epoch 1822, Batch 1000/1000: LR=2.94e-06, Loss=1.80e-02 BER=6.56e-03 FER=1.78e-01
2025-10-29 15:11:26,392 | INFO | Epoch 1822 Train Time 26.511104106903076s

2025-10-29 15:11:52,587 | INFO | Training epoch 1823, Batch 1000/1000: LR=2.92e-06, Loss=1.82e-02 BER=6.69e-03 FER=1.80e-01
2025-10-29 15:11:52,643 | INFO | Epoch 1823 Train Time 26.250709772109985s

2025-10-29 15:12:19,017 | INFO | Training epoch 1824, Batch 1000/1000: LR=2.90e-06, Loss=1.84e-02 BER=6.72e-03 FER=1.82e-01
2025-10-29 15:12:19,062 | INFO | Epoch 1824 Train Time 26.41801929473877s

2025-10-29 15:12:45,280 | INFO | Training epoch 1825, Batch 1000/1000: LR=2.88e-06, Loss=1.80e-02 BER=6.60e-03 FER=1.79e-01
2025-10-29 15:12:45,330 | INFO | Epoch 1825 Train Time 26.26800847053528s

2025-10-29 15:13:11,391 | INFO | Training epoch 1826, Batch 1000/1000: LR=2.86e-06, Loss=1.82e-02 BER=6.66e-03 FER=1.80e-01
2025-10-29 15:13:11,434 | INFO | Epoch 1826 Train Time 26.103747129440308s

2025-10-29 15:13:37,808 | INFO | Training epoch 1827, Batch 1000/1000: LR=2.84e-06, Loss=1.81e-02 BER=6.61e-03 FER=1.80e-01
2025-10-29 15:13:37,863 | INFO | Epoch 1827 Train Time 26.428144216537476s

2025-10-29 15:14:03,890 | INFO | Training epoch 1828, Batch 1000/1000: LR=2.82e-06, Loss=1.82e-02 BER=6.64e-03 FER=1.81e-01
2025-10-29 15:14:03,946 | INFO | Epoch 1828 Train Time 26.082059144973755s

2025-10-29 15:14:31,233 | INFO | Training epoch 1829, Batch 1000/1000: LR=2.80e-06, Loss=1.81e-02 BER=6.63e-03 FER=1.81e-01
2025-10-29 15:14:31,293 | INFO | Epoch 1829 Train Time 27.345176696777344s

2025-10-29 15:15:00,097 | INFO | Training epoch 1830, Batch 1000/1000: LR=2.77e-06, Loss=1.82e-02 BER=6.64e-03 FER=1.81e-01
2025-10-29 15:15:00,153 | INFO | Epoch 1830 Train Time 28.858856678009033s

2025-10-29 15:15:27,174 | INFO | Training epoch 1831, Batch 1000/1000: LR=2.75e-06, Loss=1.84e-02 BER=6.73e-03 FER=1.83e-01
2025-10-29 15:15:27,221 | INFO | Epoch 1831 Train Time 27.06783676147461s

2025-10-29 15:15:55,142 | INFO | Training epoch 1832, Batch 1000/1000: LR=2.73e-06, Loss=1.84e-02 BER=6.73e-03 FER=1.82e-01
2025-10-29 15:15:55,192 | INFO | Epoch 1832 Train Time 27.97068691253662s

2025-10-29 15:16:20,135 | INFO | Training epoch 1833, Batch 1000/1000: LR=2.71e-06, Loss=1.85e-02 BER=6.79e-03 FER=1.83e-01
2025-10-29 15:16:20,189 | INFO | Epoch 1833 Train Time 24.996448040008545s

2025-10-29 15:16:45,914 | INFO | Training epoch 1834, Batch 1000/1000: LR=2.69e-06, Loss=1.85e-02 BER=6.77e-03 FER=1.83e-01
2025-10-29 15:16:45,963 | INFO | Epoch 1834 Train Time 25.773534536361694s

2025-10-29 15:17:13,295 | INFO | Training epoch 1835, Batch 1000/1000: LR=2.67e-06, Loss=1.84e-02 BER=6.75e-03 FER=1.82e-01
2025-10-29 15:17:13,347 | INFO | Epoch 1835 Train Time 27.38243055343628s

2025-10-29 15:17:41,545 | INFO | Training epoch 1836, Batch 1000/1000: LR=2.65e-06, Loss=1.82e-02 BER=6.68e-03 FER=1.81e-01
2025-10-29 15:17:41,606 | INFO | Epoch 1836 Train Time 28.25812530517578s

2025-10-29 15:18:07,616 | INFO | Training epoch 1837, Batch 1000/1000: LR=2.63e-06, Loss=1.83e-02 BER=6.69e-03 FER=1.82e-01
2025-10-29 15:18:07,668 | INFO | Epoch 1837 Train Time 26.061396837234497s

2025-10-29 15:18:32,291 | INFO | Training epoch 1838, Batch 1000/1000: LR=2.61e-06, Loss=1.83e-02 BER=6.68e-03 FER=1.81e-01
2025-10-29 15:18:32,346 | INFO | Epoch 1838 Train Time 24.677088975906372s

2025-10-29 15:18:58,875 | INFO | Training epoch 1839, Batch 1000/1000: LR=2.59e-06, Loss=1.83e-02 BER=6.72e-03 FER=1.81e-01
2025-10-29 15:18:58,925 | INFO | Epoch 1839 Train Time 26.578935861587524s

2025-10-29 15:19:24,277 | INFO | Training epoch 1840, Batch 1000/1000: LR=2.57e-06, Loss=1.82e-02 BER=6.68e-03 FER=1.82e-01
2025-10-29 15:19:24,328 | INFO | Epoch 1840 Train Time 25.402204751968384s

2025-10-29 15:19:51,885 | INFO | Training epoch 1841, Batch 1000/1000: LR=2.56e-06, Loss=1.82e-02 BER=6.65e-03 FER=1.81e-01
2025-10-29 15:19:51,926 | INFO | Epoch 1841 Train Time 27.597230434417725s

2025-10-29 15:20:19,613 | INFO | Training epoch 1842, Batch 1000/1000: LR=2.54e-06, Loss=1.81e-02 BER=6.64e-03 FER=1.80e-01
2025-10-29 15:20:19,668 | INFO | Epoch 1842 Train Time 27.74118185043335s

2025-10-29 15:20:45,440 | INFO | Training epoch 1843, Batch 1000/1000: LR=2.52e-06, Loss=1.85e-02 BER=6.75e-03 FER=1.83e-01
2025-10-29 15:20:45,501 | INFO | Epoch 1843 Train Time 25.832465887069702s

2025-10-29 15:21:09,852 | INFO | Training epoch 1844, Batch 1000/1000: LR=2.50e-06, Loss=1.81e-02 BER=6.62e-03 FER=1.80e-01
2025-10-29 15:21:09,907 | INFO | Epoch 1844 Train Time 24.405739545822144s

2025-10-29 15:21:35,255 | INFO | Training epoch 1845, Batch 1000/1000: LR=2.48e-06, Loss=1.83e-02 BER=6.66e-03 FER=1.80e-01
2025-10-29 15:21:35,310 | INFO | Epoch 1845 Train Time 25.40271234512329s

2025-10-29 15:22:02,184 | INFO | Training epoch 1846, Batch 1000/1000: LR=2.46e-06, Loss=1.84e-02 BER=6.71e-03 FER=1.81e-01
2025-10-29 15:22:02,235 | INFO | Epoch 1846 Train Time 26.92351722717285s

2025-10-29 15:22:29,514 | INFO | Training epoch 1847, Batch 1000/1000: LR=2.44e-06, Loss=1.82e-02 BER=6.66e-03 FER=1.82e-01
2025-10-29 15:22:29,564 | INFO | Epoch 1847 Train Time 27.328954696655273s

2025-10-29 15:22:56,193 | INFO | Training epoch 1848, Batch 1000/1000: LR=2.42e-06, Loss=1.83e-02 BER=6.70e-03 FER=1.82e-01
2025-10-29 15:22:56,237 | INFO | Epoch 1848 Train Time 26.672396183013916s

2025-10-29 15:23:24,097 | INFO | Training epoch 1849, Batch 1000/1000: LR=2.40e-06, Loss=1.83e-02 BER=6.70e-03 FER=1.82e-01
2025-10-29 15:23:24,151 | INFO | Epoch 1849 Train Time 27.91307544708252s

2025-10-29 15:23:51,342 | INFO | Training epoch 1850, Batch 1000/1000: LR=2.39e-06, Loss=1.82e-02 BER=6.65e-03 FER=1.81e-01
2025-10-29 15:23:51,394 | INFO | Epoch 1850 Train Time 27.242310523986816s

2025-10-29 15:24:18,826 | INFO | Training epoch 1851, Batch 1000/1000: LR=2.37e-06, Loss=1.82e-02 BER=6.68e-03 FER=1.81e-01
2025-10-29 15:24:18,880 | INFO | Epoch 1851 Train Time 27.486108541488647s

2025-10-29 15:24:43,612 | INFO | Training epoch 1852, Batch 1000/1000: LR=2.35e-06, Loss=1.82e-02 BER=6.65e-03 FER=1.81e-01
2025-10-29 15:24:43,660 | INFO | Epoch 1852 Train Time 24.778671741485596s

2025-10-29 15:25:11,668 | INFO | Training epoch 1853, Batch 1000/1000: LR=2.33e-06, Loss=1.84e-02 BER=6.75e-03 FER=1.82e-01
2025-10-29 15:25:11,723 | INFO | Epoch 1853 Train Time 28.062735557556152s

2025-10-29 15:25:38,901 | INFO | Training epoch 1854, Batch 1000/1000: LR=2.31e-06, Loss=1.81e-02 BER=6.63e-03 FER=1.80e-01
2025-10-29 15:25:38,956 | INFO | Epoch 1854 Train Time 27.231799364089966s

2025-10-29 15:26:05,054 | INFO | Training epoch 1855, Batch 1000/1000: LR=2.30e-06, Loss=1.82e-02 BER=6.66e-03 FER=1.82e-01
2025-10-29 15:26:05,096 | INFO | Epoch 1855 Train Time 26.139015197753906s

2025-10-29 15:26:31,666 | INFO | Training epoch 1856, Batch 1000/1000: LR=2.28e-06, Loss=1.83e-02 BER=6.71e-03 FER=1.82e-01
2025-10-29 15:26:31,728 | INFO | Epoch 1856 Train Time 26.63134527206421s

2025-10-29 15:26:57,166 | INFO | Training epoch 1857, Batch 1000/1000: LR=2.26e-06, Loss=1.85e-02 BER=6.73e-03 FER=1.84e-01
2025-10-29 15:26:57,205 | INFO | Epoch 1857 Train Time 25.476287841796875s

2025-10-29 15:27:23,020 | INFO | Training epoch 1858, Batch 1000/1000: LR=2.24e-06, Loss=1.83e-02 BER=6.70e-03 FER=1.82e-01
2025-10-29 15:27:23,081 | INFO | Epoch 1858 Train Time 25.875640392303467s

2025-10-29 15:27:49,147 | INFO | Training epoch 1859, Batch 1000/1000: LR=2.23e-06, Loss=1.82e-02 BER=6.64e-03 FER=1.81e-01
2025-10-29 15:27:49,201 | INFO | Epoch 1859 Train Time 26.119507789611816s

2025-10-29 15:28:14,790 | INFO | Training epoch 1860, Batch 1000/1000: LR=2.21e-06, Loss=1.84e-02 BER=6.70e-03 FER=1.82e-01
2025-10-29 15:28:14,839 | INFO | Epoch 1860 Train Time 25.637601375579834s

2025-10-29 15:28:41,889 | INFO | Training epoch 1861, Batch 1000/1000: LR=2.19e-06, Loss=1.85e-02 BER=6.77e-03 FER=1.84e-01
2025-10-29 15:28:41,936 | INFO | Epoch 1861 Train Time 27.09665584564209s

2025-10-29 15:29:08,064 | INFO | Training epoch 1862, Batch 1000/1000: LR=2.18e-06, Loss=1.83e-02 BER=6.67e-03 FER=1.82e-01
2025-10-29 15:29:08,114 | INFO | Epoch 1862 Train Time 26.176767110824585s

2025-10-29 15:29:34,343 | INFO | Training epoch 1863, Batch 1000/1000: LR=2.16e-06, Loss=1.84e-02 BER=6.77e-03 FER=1.83e-01
2025-10-29 15:29:34,401 | INFO | Epoch 1863 Train Time 26.286794424057007s

2025-10-29 15:30:01,979 | INFO | Training epoch 1864, Batch 1000/1000: LR=2.14e-06, Loss=1.82e-02 BER=6.68e-03 FER=1.81e-01
2025-10-29 15:30:02,023 | INFO | Epoch 1864 Train Time 27.621009588241577s

2025-10-29 15:30:27,496 | INFO | Training epoch 1865, Batch 1000/1000: LR=2.13e-06, Loss=1.81e-02 BER=6.60e-03 FER=1.80e-01
2025-10-29 15:30:27,550 | INFO | Epoch 1865 Train Time 25.52630114555359s

2025-10-29 15:30:53,225 | INFO | Training epoch 1866, Batch 1000/1000: LR=2.11e-06, Loss=1.83e-02 BER=6.67e-03 FER=1.80e-01
2025-10-29 15:30:53,289 | INFO | Epoch 1866 Train Time 25.737847805023193s

2025-10-29 15:31:20,702 | INFO | Training epoch 1867, Batch 1000/1000: LR=2.09e-06, Loss=1.82e-02 BER=6.70e-03 FER=1.82e-01
2025-10-29 15:31:20,759 | INFO | Epoch 1867 Train Time 27.469610452651978s

2025-10-29 15:31:48,077 | INFO | Training epoch 1868, Batch 1000/1000: LR=2.08e-06, Loss=1.84e-02 BER=6.76e-03 FER=1.82e-01
2025-10-29 15:31:48,130 | INFO | Epoch 1868 Train Time 27.370378255844116s

2025-10-29 15:32:15,161 | INFO | Training epoch 1869, Batch 1000/1000: LR=2.06e-06, Loss=1.83e-02 BER=6.67e-03 FER=1.81e-01
2025-10-29 15:32:15,214 | INFO | Epoch 1869 Train Time 27.084009408950806s

2025-10-29 15:32:39,227 | INFO | Training epoch 1870, Batch 1000/1000: LR=2.04e-06, Loss=1.81e-02 BER=6.59e-03 FER=1.80e-01
2025-10-29 15:32:39,266 | INFO | Epoch 1870 Train Time 24.050827026367188s

2025-10-29 15:33:05,249 | INFO | Training epoch 1871, Batch 1000/1000: LR=2.03e-06, Loss=1.83e-02 BER=6.66e-03 FER=1.80e-01
2025-10-29 15:33:05,286 | INFO | Epoch 1871 Train Time 26.01883554458618s

2025-10-29 15:33:31,370 | INFO | Training epoch 1872, Batch 1000/1000: LR=2.01e-06, Loss=1.83e-02 BER=6.70e-03 FER=1.80e-01
2025-10-29 15:33:31,420 | INFO | Epoch 1872 Train Time 26.1337833404541s

2025-10-29 15:33:57,734 | INFO | Training epoch 1873, Batch 1000/1000: LR=2.00e-06, Loss=1.83e-02 BER=6.67e-03 FER=1.82e-01
2025-10-29 15:33:57,775 | INFO | Epoch 1873 Train Time 26.35344171524048s

2025-10-29 15:34:24,091 | INFO | Training epoch 1874, Batch 1000/1000: LR=1.98e-06, Loss=1.82e-02 BER=6.66e-03 FER=1.81e-01
2025-10-29 15:34:24,145 | INFO | Epoch 1874 Train Time 26.370022296905518s

2025-10-29 15:34:50,220 | INFO | Training epoch 1875, Batch 1000/1000: LR=1.97e-06, Loss=1.84e-02 BER=6.71e-03 FER=1.82e-01
2025-10-29 15:34:50,286 | INFO | Epoch 1875 Train Time 26.139832496643066s

2025-10-29 15:35:17,878 | INFO | Training epoch 1876, Batch 1000/1000: LR=1.95e-06, Loss=1.81e-02 BER=6.68e-03 FER=1.81e-01
2025-10-29 15:35:17,937 | INFO | Epoch 1876 Train Time 27.650270223617554s

2025-10-29 15:35:45,446 | INFO | Training epoch 1877, Batch 1000/1000: LR=1.94e-06, Loss=1.83e-02 BER=6.70e-03 FER=1.82e-01
2025-10-29 15:35:45,501 | INFO | Epoch 1877 Train Time 27.56338095664978s

2025-10-29 15:36:11,058 | INFO | Training epoch 1878, Batch 1000/1000: LR=1.92e-06, Loss=1.85e-02 BER=6.80e-03 FER=1.84e-01
2025-10-29 15:36:11,107 | INFO | Epoch 1878 Train Time 25.604990482330322s

2025-10-29 15:36:36,484 | INFO | Training epoch 1879, Batch 1000/1000: LR=1.91e-06, Loss=1.81e-02 BER=6.65e-03 FER=1.81e-01
2025-10-29 15:36:36,531 | INFO | Epoch 1879 Train Time 25.424062967300415s

2025-10-29 15:37:01,449 | INFO | Training epoch 1880, Batch 1000/1000: LR=1.89e-06, Loss=1.81e-02 BER=6.61e-03 FER=1.80e-01
2025-10-29 15:37:01,509 | INFO | Epoch 1880 Train Time 24.97716450691223s

2025-10-29 15:37:27,373 | INFO | Training epoch 1881, Batch 1000/1000: LR=1.88e-06, Loss=1.82e-02 BER=6.64e-03 FER=1.79e-01
2025-10-29 15:37:27,417 | INFO | Epoch 1881 Train Time 25.907102823257446s

2025-10-29 15:37:53,790 | INFO | Training epoch 1882, Batch 1000/1000: LR=1.86e-06, Loss=1.80e-02 BER=6.57e-03 FER=1.78e-01
2025-10-29 15:37:53,859 | INFO | Epoch 1882 Train Time 26.441579580307007s

2025-10-29 15:38:19,034 | INFO | Training epoch 1883, Batch 1000/1000: LR=1.85e-06, Loss=1.80e-02 BER=6.58e-03 FER=1.78e-01
2025-10-29 15:38:19,093 | INFO | Epoch 1883 Train Time 25.233009576797485s

2025-10-29 15:38:45,204 | INFO | Training epoch 1884, Batch 1000/1000: LR=1.83e-06, Loss=1.79e-02 BER=6.56e-03 FER=1.79e-01
2025-10-29 15:38:45,258 | INFO | Epoch 1884 Train Time 26.164056539535522s

2025-10-29 15:39:11,971 | INFO | Training epoch 1885, Batch 1000/1000: LR=1.82e-06, Loss=1.82e-02 BER=6.66e-03 FER=1.80e-01
2025-10-29 15:39:12,028 | INFO | Epoch 1885 Train Time 26.769696712493896s

2025-10-29 15:39:39,008 | INFO | Training epoch 1886, Batch 1000/1000: LR=1.81e-06, Loss=1.79e-02 BER=6.50e-03 FER=1.78e-01
2025-10-29 15:39:39,058 | INFO | Epoch 1886 Train Time 27.029731273651123s

2025-10-29 15:40:05,333 | INFO | Training epoch 1887, Batch 1000/1000: LR=1.79e-06, Loss=1.82e-02 BER=6.68e-03 FER=1.81e-01
2025-10-29 15:40:05,387 | INFO | Epoch 1887 Train Time 26.328417539596558s

2025-10-29 15:40:31,245 | INFO | Training epoch 1888, Batch 1000/1000: LR=1.78e-06, Loss=1.83e-02 BER=6.74e-03 FER=1.82e-01
2025-10-29 15:40:31,292 | INFO | Epoch 1888 Train Time 25.90373182296753s

2025-10-29 15:40:57,213 | INFO | Training epoch 1889, Batch 1000/1000: LR=1.76e-06, Loss=1.82e-02 BER=6.66e-03 FER=1.80e-01
2025-10-29 15:40:57,275 | INFO | Epoch 1889 Train Time 25.982375383377075s

2025-10-29 15:41:23,711 | INFO | Training epoch 1890, Batch 1000/1000: LR=1.75e-06, Loss=1.82e-02 BER=6.68e-03 FER=1.81e-01
2025-10-29 15:41:23,767 | INFO | Epoch 1890 Train Time 26.489377975463867s

2025-10-29 15:41:48,729 | INFO | Training epoch 1891, Batch 1000/1000: LR=1.74e-06, Loss=1.80e-02 BER=6.55e-03 FER=1.78e-01
2025-10-29 15:41:48,796 | INFO | Epoch 1891 Train Time 25.028100728988647s

2025-10-29 15:42:14,564 | INFO | Training epoch 1892, Batch 1000/1000: LR=1.72e-06, Loss=1.82e-02 BER=6.66e-03 FER=1.81e-01
2025-10-29 15:42:14,608 | INFO | Epoch 1892 Train Time 25.812098026275635s

2025-10-29 15:42:40,269 | INFO | Training epoch 1893, Batch 1000/1000: LR=1.71e-06, Loss=1.82e-02 BER=6.67e-03 FER=1.80e-01
2025-10-29 15:42:40,326 | INFO | Epoch 1893 Train Time 25.71684432029724s

2025-10-29 15:43:06,854 | INFO | Training epoch 1894, Batch 1000/1000: LR=1.70e-06, Loss=1.80e-02 BER=6.61e-03 FER=1.79e-01
2025-10-29 15:43:06,896 | INFO | Epoch 1894 Train Time 26.56905698776245s

2025-10-29 15:43:32,769 | INFO | Training epoch 1895, Batch 1000/1000: LR=1.68e-06, Loss=1.82e-02 BER=6.65e-03 FER=1.80e-01
2025-10-29 15:43:32,816 | INFO | Epoch 1895 Train Time 25.91872787475586s

2025-10-29 15:43:59,847 | INFO | Training epoch 1896, Batch 1000/1000: LR=1.67e-06, Loss=1.83e-02 BER=6.70e-03 FER=1.82e-01
2025-10-29 15:43:59,891 | INFO | Epoch 1896 Train Time 27.074536323547363s

2025-10-29 15:44:26,826 | INFO | Training epoch 1897, Batch 1000/1000: LR=1.66e-06, Loss=1.83e-02 BER=6.72e-03 FER=1.82e-01
2025-10-29 15:44:26,885 | INFO | Epoch 1897 Train Time 26.99337363243103s

2025-10-29 15:44:54,456 | INFO | Training epoch 1898, Batch 1000/1000: LR=1.65e-06, Loss=1.83e-02 BER=6.70e-03 FER=1.82e-01
2025-10-29 15:44:54,522 | INFO | Epoch 1898 Train Time 27.63641047477722s

2025-10-29 15:45:19,689 | INFO | Training epoch 1899, Batch 1000/1000: LR=1.63e-06, Loss=1.82e-02 BER=6.62e-03 FER=1.80e-01
2025-10-29 15:45:19,736 | INFO | Epoch 1899 Train Time 25.213435888290405s

2025-10-29 15:45:47,238 | INFO | Training epoch 1900, Batch 1000/1000: LR=1.62e-06, Loss=1.84e-02 BER=6.73e-03 FER=1.83e-01
2025-10-29 15:45:47,281 | INFO | Epoch 1900 Train Time 27.544585466384888s

2025-10-29 15:46:13,672 | INFO | Training epoch 1901, Batch 1000/1000: LR=1.61e-06, Loss=1.83e-02 BER=6.68e-03 FER=1.82e-01
2025-10-29 15:46:13,728 | INFO | Epoch 1901 Train Time 26.446258544921875s

2025-10-29 15:46:40,347 | INFO | Training epoch 1902, Batch 1000/1000: LR=1.60e-06, Loss=1.83e-02 BER=6.73e-03 FER=1.82e-01
2025-10-29 15:46:40,400 | INFO | Epoch 1902 Train Time 26.67138648033142s

2025-10-29 15:47:07,130 | INFO | Training epoch 1903, Batch 1000/1000: LR=1.59e-06, Loss=1.81e-02 BER=6.62e-03 FER=1.80e-01
2025-10-29 15:47:07,170 | INFO | Epoch 1903 Train Time 26.76941227912903s

2025-10-29 15:47:32,884 | INFO | Training epoch 1904, Batch 1000/1000: LR=1.57e-06, Loss=1.83e-02 BER=6.71e-03 FER=1.82e-01
2025-10-29 15:47:32,936 | INFO | Epoch 1904 Train Time 25.76559066772461s

2025-10-29 15:47:59,583 | INFO | Training epoch 1905, Batch 1000/1000: LR=1.56e-06, Loss=1.83e-02 BER=6.72e-03 FER=1.82e-01
2025-10-29 15:47:59,639 | INFO | Epoch 1905 Train Time 26.701843976974487s

2025-10-29 15:48:25,473 | INFO | Training epoch 1906, Batch 1000/1000: LR=1.55e-06, Loss=1.82e-02 BER=6.66e-03 FER=1.81e-01
2025-10-29 15:48:25,525 | INFO | Epoch 1906 Train Time 25.885506629943848s

2025-10-29 15:48:50,957 | INFO | Training epoch 1907, Batch 1000/1000: LR=1.54e-06, Loss=1.82e-02 BER=6.66e-03 FER=1.83e-01
2025-10-29 15:48:51,007 | INFO | Epoch 1907 Train Time 25.481117725372314s

2025-10-29 15:49:18,259 | INFO | Training epoch 1908, Batch 1000/1000: LR=1.53e-06, Loss=1.80e-02 BER=6.57e-03 FER=1.79e-01
2025-10-29 15:49:18,327 | INFO | Epoch 1908 Train Time 27.319562196731567s

2025-10-29 15:49:44,692 | INFO | Training epoch 1909, Batch 1000/1000: LR=1.52e-06, Loss=1.83e-02 BER=6.65e-03 FER=1.81e-01
2025-10-29 15:49:44,744 | INFO | Epoch 1909 Train Time 26.41653800010681s

2025-10-29 15:50:11,079 | INFO | Training epoch 1910, Batch 1000/1000: LR=1.50e-06, Loss=1.81e-02 BER=6.64e-03 FER=1.80e-01
2025-10-29 15:50:11,120 | INFO | Epoch 1910 Train Time 26.37605905532837s

2025-10-29 15:50:37,992 | INFO | Training epoch 1911, Batch 1000/1000: LR=1.49e-06, Loss=1.84e-02 BER=6.71e-03 FER=1.83e-01
2025-10-29 15:50:38,040 | INFO | Epoch 1911 Train Time 26.91882872581482s

2025-10-29 15:51:05,019 | INFO | Training epoch 1912, Batch 1000/1000: LR=1.48e-06, Loss=1.83e-02 BER=6.67e-03 FER=1.82e-01
2025-10-29 15:51:05,081 | INFO | Epoch 1912 Train Time 27.040381908416748s

2025-10-29 15:51:32,094 | INFO | Training epoch 1913, Batch 1000/1000: LR=1.47e-06, Loss=1.82e-02 BER=6.70e-03 FER=1.82e-01
2025-10-29 15:51:32,152 | INFO | Epoch 1913 Train Time 27.070467710494995s

2025-10-29 15:51:59,183 | INFO | Training epoch 1914, Batch 1000/1000: LR=1.46e-06, Loss=1.83e-02 BER=6.73e-03 FER=1.83e-01
2025-10-29 15:51:59,226 | INFO | Epoch 1914 Train Time 27.07317590713501s

2025-10-29 15:52:25,920 | INFO | Training epoch 1915, Batch 1000/1000: LR=1.45e-06, Loss=1.82e-02 BER=6.68e-03 FER=1.81e-01
2025-10-29 15:52:25,973 | INFO | Epoch 1915 Train Time 26.745832204818726s

2025-10-29 15:52:51,625 | INFO | Training epoch 1916, Batch 1000/1000: LR=1.44e-06, Loss=1.79e-02 BER=6.56e-03 FER=1.79e-01
2025-10-29 15:52:51,691 | INFO | Epoch 1916 Train Time 25.717382431030273s

2025-10-29 15:53:18,404 | INFO | Training epoch 1917, Batch 1000/1000: LR=1.43e-06, Loss=1.82e-02 BER=6.62e-03 FER=1.81e-01
2025-10-29 15:53:18,457 | INFO | Epoch 1917 Train Time 26.765910863876343s

2025-10-29 15:53:45,705 | INFO | Training epoch 1918, Batch 1000/1000: LR=1.42e-06, Loss=1.83e-02 BER=6.65e-03 FER=1.80e-01
2025-10-29 15:53:45,762 | INFO | Epoch 1918 Train Time 27.30460023880005s

2025-10-29 15:54:12,316 | INFO | Training epoch 1919, Batch 1000/1000: LR=1.41e-06, Loss=1.82e-02 BER=6.65e-03 FER=1.80e-01
2025-10-29 15:54:12,373 | INFO | Epoch 1919 Train Time 26.609549045562744s

2025-10-29 15:54:37,583 | INFO | Training epoch 1920, Batch 1000/1000: LR=1.40e-06, Loss=1.83e-02 BER=6.70e-03 FER=1.82e-01
2025-10-29 15:54:37,636 | INFO | Epoch 1920 Train Time 25.262282371520996s

2025-10-29 15:55:02,689 | INFO | Training epoch 1921, Batch 1000/1000: LR=1.39e-06, Loss=1.82e-02 BER=6.67e-03 FER=1.83e-01
2025-10-29 15:55:02,741 | INFO | Epoch 1921 Train Time 25.10366201400757s

2025-10-29 15:55:28,419 | INFO | Training epoch 1922, Batch 1000/1000: LR=1.38e-06, Loss=1.83e-02 BER=6.70e-03 FER=1.82e-01
2025-10-29 15:55:28,467 | INFO | Epoch 1922 Train Time 25.72520136833191s

2025-10-29 15:55:54,518 | INFO | Training epoch 1923, Batch 1000/1000: LR=1.37e-06, Loss=1.81e-02 BER=6.64e-03 FER=1.80e-01
2025-10-29 15:55:54,569 | INFO | Epoch 1923 Train Time 26.101434230804443s

2025-10-29 15:56:21,135 | INFO | Training epoch 1924, Batch 1000/1000: LR=1.36e-06, Loss=1.80e-02 BER=6.58e-03 FER=1.78e-01
2025-10-29 15:56:21,180 | INFO | Epoch 1924 Train Time 26.610152006149292s

2025-10-29 15:56:48,233 | INFO | Training epoch 1925, Batch 1000/1000: LR=1.35e-06, Loss=1.80e-02 BER=6.57e-03 FER=1.79e-01
2025-10-29 15:56:48,282 | INFO | Epoch 1925 Train Time 27.10135769844055s

2025-10-29 15:57:14,044 | INFO | Training epoch 1926, Batch 1000/1000: LR=1.34e-06, Loss=1.83e-02 BER=6.68e-03 FER=1.80e-01
2025-10-29 15:57:14,098 | INFO | Epoch 1926 Train Time 25.81581139564514s

2025-10-29 15:57:41,179 | INFO | Training epoch 1927, Batch 1000/1000: LR=1.33e-06, Loss=1.80e-02 BER=6.57e-03 FER=1.79e-01
2025-10-29 15:57:41,227 | INFO | Epoch 1927 Train Time 27.128687143325806s

2025-10-29 15:58:08,674 | INFO | Training epoch 1928, Batch 1000/1000: LR=1.33e-06, Loss=1.84e-02 BER=6.74e-03 FER=1.83e-01
2025-10-29 15:58:08,715 | INFO | Epoch 1928 Train Time 27.487242937088013s

2025-10-29 15:58:35,420 | INFO | Training epoch 1929, Batch 1000/1000: LR=1.32e-06, Loss=1.81e-02 BER=6.60e-03 FER=1.79e-01
2025-10-29 15:58:35,472 | INFO | Epoch 1929 Train Time 26.756698608398438s

2025-10-29 15:59:00,796 | INFO | Training epoch 1930, Batch 1000/1000: LR=1.31e-06, Loss=1.80e-02 BER=6.64e-03 FER=1.79e-01
2025-10-29 15:59:00,849 | INFO | Epoch 1930 Train Time 25.37661647796631s

2025-10-29 15:59:28,013 | INFO | Training epoch 1931, Batch 1000/1000: LR=1.30e-06, Loss=1.80e-02 BER=6.61e-03 FER=1.80e-01
2025-10-29 15:59:28,054 | INFO | Epoch 1931 Train Time 27.20366072654724s

2025-10-29 15:59:54,506 | INFO | Training epoch 1932, Batch 1000/1000: LR=1.29e-06, Loss=1.82e-02 BER=6.66e-03 FER=1.79e-01
2025-10-29 15:59:54,562 | INFO | Epoch 1932 Train Time 26.507328748703003s

2025-10-29 16:00:20,859 | INFO | Training epoch 1933, Batch 1000/1000: LR=1.28e-06, Loss=1.81e-02 BER=6.62e-03 FER=1.79e-01
2025-10-29 16:00:20,906 | INFO | Epoch 1933 Train Time 26.343475103378296s

2025-10-29 16:00:47,531 | INFO | Training epoch 1934, Batch 1000/1000: LR=1.27e-06, Loss=1.80e-02 BER=6.57e-03 FER=1.78e-01
2025-10-29 16:00:47,589 | INFO | Epoch 1934 Train Time 26.682303428649902s

2025-10-29 16:01:12,246 | INFO | Training epoch 1935, Batch 1000/1000: LR=1.27e-06, Loss=1.81e-02 BER=6.62e-03 FER=1.80e-01
2025-10-29 16:01:12,286 | INFO | Epoch 1935 Train Time 24.696367979049683s

2025-10-29 16:01:39,730 | INFO | Training epoch 1936, Batch 1000/1000: LR=1.26e-06, Loss=1.82e-02 BER=6.67e-03 FER=1.82e-01
2025-10-29 16:01:39,788 | INFO | Epoch 1936 Train Time 27.501517295837402s

2025-10-29 16:02:05,787 | INFO | Training epoch 1937, Batch 1000/1000: LR=1.25e-06, Loss=1.83e-02 BER=6.72e-03 FER=1.82e-01
2025-10-29 16:02:05,843 | INFO | Epoch 1937 Train Time 26.054563522338867s

2025-10-29 16:02:32,192 | INFO | Training epoch 1938, Batch 1000/1000: LR=1.24e-06, Loss=1.81e-02 BER=6.63e-03 FER=1.80e-01
2025-10-29 16:02:32,244 | INFO | Epoch 1938 Train Time 26.400248527526855s

2025-10-29 16:02:57,931 | INFO | Training epoch 1939, Batch 1000/1000: LR=1.23e-06, Loss=1.85e-02 BER=6.76e-03 FER=1.84e-01
2025-10-29 16:02:57,999 | INFO | Epoch 1939 Train Time 25.754338264465332s

2025-10-29 16:03:22,913 | INFO | Training epoch 1940, Batch 1000/1000: LR=1.23e-06, Loss=1.83e-02 BER=6.72e-03 FER=1.81e-01
2025-10-29 16:03:22,965 | INFO | Epoch 1940 Train Time 24.965752840042114s

2025-10-29 16:03:48,561 | INFO | Training epoch 1941, Batch 1000/1000: LR=1.22e-06, Loss=1.82e-02 BER=6.69e-03 FER=1.81e-01
2025-10-29 16:03:48,627 | INFO | Epoch 1941 Train Time 25.66073489189148s

2025-10-29 16:04:15,777 | INFO | Training epoch 1942, Batch 1000/1000: LR=1.21e-06, Loss=1.83e-02 BER=6.73e-03 FER=1.83e-01
2025-10-29 16:04:15,837 | INFO | Epoch 1942 Train Time 27.210201025009155s

2025-10-29 16:04:43,303 | INFO | Training epoch 1943, Batch 1000/1000: LR=1.21e-06, Loss=1.83e-02 BER=6.69e-03 FER=1.81e-01
2025-10-29 16:04:43,356 | INFO | Epoch 1943 Train Time 27.51795220375061s

2025-10-29 16:05:08,404 | INFO | Training epoch 1944, Batch 1000/1000: LR=1.20e-06, Loss=1.82e-02 BER=6.65e-03 FER=1.82e-01
2025-10-29 16:05:08,460 | INFO | Epoch 1944 Train Time 25.10364866256714s

2025-10-29 16:05:35,802 | INFO | Training epoch 1945, Batch 1000/1000: LR=1.19e-06, Loss=1.82e-02 BER=6.65e-03 FER=1.81e-01
2025-10-29 16:05:35,852 | INFO | Epoch 1945 Train Time 27.39043641090393s

2025-10-29 16:06:03,343 | INFO | Training epoch 1946, Batch 1000/1000: LR=1.18e-06, Loss=1.81e-02 BER=6.66e-03 FER=1.80e-01
2025-10-29 16:06:03,386 | INFO | Epoch 1946 Train Time 27.533151149749756s

2025-10-29 16:06:28,624 | INFO | Training epoch 1947, Batch 1000/1000: LR=1.18e-06, Loss=1.82e-02 BER=6.67e-03 FER=1.80e-01
2025-10-29 16:06:28,664 | INFO | Epoch 1947 Train Time 25.277644872665405s

2025-10-29 16:06:56,635 | INFO | Training epoch 1948, Batch 1000/1000: LR=1.17e-06, Loss=1.86e-02 BER=6.80e-03 FER=1.84e-01
2025-10-29 16:06:56,695 | INFO | Epoch 1948 Train Time 28.03062081336975s

2025-10-29 16:07:22,457 | INFO | Training epoch 1949, Batch 1000/1000: LR=1.17e-06, Loss=1.84e-02 BER=6.75e-03 FER=1.83e-01
2025-10-29 16:07:22,518 | INFO | Epoch 1949 Train Time 25.82169008255005s

2025-10-29 16:07:50,407 | INFO | Training epoch 1950, Batch 1000/1000: LR=1.16e-06, Loss=1.83e-02 BER=6.71e-03 FER=1.81e-01
2025-10-29 16:07:50,461 | INFO | Epoch 1950 Train Time 27.943206548690796s

2025-10-29 16:08:17,077 | INFO | Training epoch 1951, Batch 1000/1000: LR=1.15e-06, Loss=1.84e-02 BER=6.79e-03 FER=1.82e-01
2025-10-29 16:08:17,131 | INFO | Epoch 1951 Train Time 26.668585777282715s

2025-10-29 16:08:44,876 | INFO | Training epoch 1952, Batch 1000/1000: LR=1.15e-06, Loss=1.83e-02 BER=6.75e-03 FER=1.83e-01
2025-10-29 16:08:44,922 | INFO | Epoch 1952 Train Time 27.789903163909912s

2025-10-29 16:09:11,535 | INFO | Training epoch 1953, Batch 1000/1000: LR=1.14e-06, Loss=1.82e-02 BER=6.69e-03 FER=1.82e-01
2025-10-29 16:09:11,593 | INFO | Epoch 1953 Train Time 26.670837879180908s

2025-10-29 16:09:37,893 | INFO | Training epoch 1954, Batch 1000/1000: LR=1.13e-06, Loss=1.83e-02 BER=6.68e-03 FER=1.82e-01
2025-10-29 16:09:37,947 | INFO | Epoch 1954 Train Time 26.353830337524414s

2025-10-29 16:10:03,888 | INFO | Training epoch 1955, Batch 1000/1000: LR=1.13e-06, Loss=1.84e-02 BER=6.75e-03 FER=1.83e-01
2025-10-29 16:10:03,942 | INFO | Epoch 1955 Train Time 25.993834495544434s

2025-10-29 16:10:30,212 | INFO | Training epoch 1956, Batch 1000/1000: LR=1.12e-06, Loss=1.85e-02 BER=6.77e-03 FER=1.83e-01
2025-10-29 16:10:30,265 | INFO | Epoch 1956 Train Time 26.321824312210083s

2025-10-29 16:10:58,141 | INFO | Training epoch 1957, Batch 1000/1000: LR=1.12e-06, Loss=1.81e-02 BER=6.65e-03 FER=1.80e-01
2025-10-29 16:10:58,199 | INFO | Epoch 1957 Train Time 27.93361234664917s

2025-10-29 16:11:24,651 | INFO | Training epoch 1958, Batch 1000/1000: LR=1.11e-06, Loss=1.82e-02 BER=6.66e-03 FER=1.81e-01
2025-10-29 16:11:24,712 | INFO | Epoch 1958 Train Time 26.512388944625854s

2025-10-29 16:11:51,137 | INFO | Training epoch 1959, Batch 1000/1000: LR=1.11e-06, Loss=1.83e-02 BER=6.70e-03 FER=1.83e-01
2025-10-29 16:11:51,191 | INFO | Epoch 1959 Train Time 26.478739738464355s

2025-10-29 16:12:16,978 | INFO | Training epoch 1960, Batch 1000/1000: LR=1.10e-06, Loss=1.81e-02 BER=6.64e-03 FER=1.82e-01
2025-10-29 16:12:17,020 | INFO | Epoch 1960 Train Time 25.82800054550171s

2025-10-29 16:12:43,239 | INFO | Training epoch 1961, Batch 1000/1000: LR=1.10e-06, Loss=1.83e-02 BER=6.70e-03 FER=1.81e-01
2025-10-29 16:12:43,294 | INFO | Epoch 1961 Train Time 26.272876977920532s

2025-10-29 16:13:09,442 | INFO | Training epoch 1962, Batch 1000/1000: LR=1.09e-06, Loss=1.84e-02 BER=6.78e-03 FER=1.82e-01
2025-10-29 16:13:09,509 | INFO | Epoch 1962 Train Time 26.214876413345337s

2025-10-29 16:13:36,522 | INFO | Training epoch 1963, Batch 1000/1000: LR=1.09e-06, Loss=1.82e-02 BER=6.72e-03 FER=1.82e-01
2025-10-29 16:13:36,579 | INFO | Epoch 1963 Train Time 27.069281339645386s

2025-10-29 16:14:03,348 | INFO | Training epoch 1964, Batch 1000/1000: LR=1.08e-06, Loss=1.83e-02 BER=6.67e-03 FER=1.81e-01
2025-10-29 16:14:03,386 | INFO | Epoch 1964 Train Time 26.805823802947998s

2025-10-29 16:14:28,126 | INFO | Training epoch 1965, Batch 1000/1000: LR=1.08e-06, Loss=1.84e-02 BER=6.77e-03 FER=1.83e-01
2025-10-29 16:14:28,176 | INFO | Epoch 1965 Train Time 24.78978943824768s

2025-10-29 16:14:53,527 | INFO | Training epoch 1966, Batch 1000/1000: LR=1.07e-06, Loss=1.82e-02 BER=6.66e-03 FER=1.82e-01
2025-10-29 16:14:53,581 | INFO | Epoch 1966 Train Time 25.404386043548584s

2025-10-29 16:15:19,262 | INFO | Training epoch 1967, Batch 1000/1000: LR=1.07e-06, Loss=1.82e-02 BER=6.70e-03 FER=1.81e-01
2025-10-29 16:15:19,322 | INFO | Epoch 1967 Train Time 25.7406587600708s

2025-10-29 16:15:46,819 | INFO | Training epoch 1968, Batch 1000/1000: LR=1.07e-06, Loss=1.85e-02 BER=6.79e-03 FER=1.84e-01
2025-10-29 16:15:46,875 | INFO | Epoch 1968 Train Time 27.55261993408203s

2025-10-29 16:16:12,223 | INFO | Training epoch 1969, Batch 1000/1000: LR=1.06e-06, Loss=1.83e-02 BER=6.68e-03 FER=1.82e-01
2025-10-29 16:16:12,278 | INFO | Epoch 1969 Train Time 25.402294874191284s

2025-10-29 16:16:37,919 | INFO | Training epoch 1970, Batch 1000/1000: LR=1.06e-06, Loss=1.81e-02 BER=6.61e-03 FER=1.80e-01
2025-10-29 16:16:37,971 | INFO | Epoch 1970 Train Time 25.692224740982056s

2025-10-29 16:17:04,142 | INFO | Training epoch 1971, Batch 1000/1000: LR=1.05e-06, Loss=1.82e-02 BER=6.66e-03 FER=1.82e-01
2025-10-29 16:17:04,197 | INFO | Epoch 1971 Train Time 26.225130558013916s

2025-10-29 16:17:32,718 | INFO | Training epoch 1972, Batch 1000/1000: LR=1.05e-06, Loss=1.84e-02 BER=6.69e-03 FER=1.82e-01
2025-10-29 16:17:32,778 | INFO | Epoch 1972 Train Time 28.580896854400635s

2025-10-29 16:18:00,447 | INFO | Training epoch 1973, Batch 1000/1000: LR=1.05e-06, Loss=1.81e-02 BER=6.62e-03 FER=1.80e-01
2025-10-29 16:18:00,488 | INFO | Epoch 1973 Train Time 27.708497047424316s

2025-10-29 16:18:26,771 | INFO | Training epoch 1974, Batch 1000/1000: LR=1.04e-06, Loss=1.81e-02 BER=6.62e-03 FER=1.81e-01
2025-10-29 16:18:26,824 | INFO | Epoch 1974 Train Time 26.3358736038208s

2025-10-29 16:18:52,174 | INFO | Training epoch 1975, Batch 1000/1000: LR=1.04e-06, Loss=1.82e-02 BER=6.67e-03 FER=1.81e-01
2025-10-29 16:18:52,222 | INFO | Epoch 1975 Train Time 25.39734935760498s

2025-10-29 16:19:17,940 | INFO | Training epoch 1976, Batch 1000/1000: LR=1.04e-06, Loss=1.81e-02 BER=6.64e-03 FER=1.81e-01
2025-10-29 16:19:17,988 | INFO | Epoch 1976 Train Time 25.76550579071045s

2025-10-29 16:19:45,442 | INFO | Training epoch 1977, Batch 1000/1000: LR=1.04e-06, Loss=1.82e-02 BER=6.66e-03 FER=1.81e-01
2025-10-29 16:19:45,495 | INFO | Epoch 1977 Train Time 27.505995750427246s

2025-10-29 16:20:12,409 | INFO | Training epoch 1978, Batch 1000/1000: LR=1.03e-06, Loss=1.84e-02 BER=6.74e-03 FER=1.82e-01
2025-10-29 16:20:12,455 | INFO | Epoch 1978 Train Time 26.959325313568115s

2025-10-29 16:20:37,333 | INFO | Training epoch 1979, Batch 1000/1000: LR=1.03e-06, Loss=1.80e-02 BER=6.60e-03 FER=1.79e-01
2025-10-29 16:20:37,383 | INFO | Epoch 1979 Train Time 24.927354097366333s

2025-10-29 16:21:03,375 | INFO | Training epoch 1980, Batch 1000/1000: LR=1.03e-06, Loss=1.83e-02 BER=6.71e-03 FER=1.81e-01
2025-10-29 16:21:03,419 | INFO | Epoch 1980 Train Time 26.035894632339478s

2025-10-29 16:21:29,290 | INFO | Training epoch 1981, Batch 1000/1000: LR=1.02e-06, Loss=1.83e-02 BER=6.68e-03 FER=1.81e-01
2025-10-29 16:21:29,343 | INFO | Epoch 1981 Train Time 25.923036575317383s

2025-10-29 16:21:56,794 | INFO | Training epoch 1982, Batch 1000/1000: LR=1.02e-06, Loss=1.83e-02 BER=6.67e-03 FER=1.82e-01
2025-10-29 16:21:56,850 | INFO | Epoch 1982 Train Time 27.507012605667114s

2025-10-29 16:22:24,759 | INFO | Training epoch 1983, Batch 1000/1000: LR=1.02e-06, Loss=1.80e-02 BER=6.56e-03 FER=1.79e-01
2025-10-29 16:22:24,808 | INFO | Epoch 1983 Train Time 27.956618785858154s

2025-10-29 16:22:50,200 | INFO | Training epoch 1984, Batch 1000/1000: LR=1.02e-06, Loss=1.81e-02 BER=6.63e-03 FER=1.78e-01
2025-10-29 16:22:50,251 | INFO | Epoch 1984 Train Time 25.441755294799805s

2025-10-29 16:23:18,260 | INFO | Training epoch 1985, Batch 1000/1000: LR=1.02e-06, Loss=1.83e-02 BER=6.69e-03 FER=1.80e-01
2025-10-29 16:23:18,324 | INFO | Epoch 1985 Train Time 28.07219386100769s

2025-10-29 16:23:44,576 | INFO | Training epoch 1986, Batch 1000/1000: LR=1.01e-06, Loss=1.84e-02 BER=6.70e-03 FER=1.81e-01
2025-10-29 16:23:44,633 | INFO | Epoch 1986 Train Time 26.308234214782715s

2025-10-29 16:24:10,537 | INFO | Training epoch 1987, Batch 1000/1000: LR=1.01e-06, Loss=1.83e-02 BER=6.69e-03 FER=1.82e-01
2025-10-29 16:24:10,596 | INFO | Epoch 1987 Train Time 25.962334394454956s

2025-10-29 16:24:37,433 | INFO | Training epoch 1988, Batch 1000/1000: LR=1.01e-06, Loss=1.83e-02 BER=6.67e-03 FER=1.81e-01
2025-10-29 16:24:37,494 | INFO | Epoch 1988 Train Time 26.897942066192627s

2025-10-29 16:25:03,461 | INFO | Training epoch 1989, Batch 1000/1000: LR=1.01e-06, Loss=1.81e-02 BER=6.61e-03 FER=1.79e-01
2025-10-29 16:25:03,507 | INFO | Epoch 1989 Train Time 26.011389017105103s

2025-10-29 16:25:27,991 | INFO | Training epoch 1990, Batch 1000/1000: LR=1.01e-06, Loss=1.83e-02 BER=6.68e-03 FER=1.81e-01
2025-10-29 16:25:28,040 | INFO | Epoch 1990 Train Time 24.53307604789734s

2025-10-29 16:25:54,863 | INFO | Training epoch 1991, Batch 1000/1000: LR=1.01e-06, Loss=1.79e-02 BER=6.53e-03 FER=1.77e-01
2025-10-29 16:25:54,911 | INFO | Epoch 1991 Train Time 26.870542287826538s

2025-10-29 16:26:23,154 | INFO | Training epoch 1992, Batch 1000/1000: LR=1.00e-06, Loss=1.84e-02 BER=6.74e-03 FER=1.82e-01
2025-10-29 16:26:23,213 | INFO | Epoch 1992 Train Time 28.30116295814514s

2025-10-29 16:26:51,574 | INFO | Training epoch 1993, Batch 1000/1000: LR=1.00e-06, Loss=1.81e-02 BER=6.64e-03 FER=1.78e-01
2025-10-29 16:26:51,638 | INFO | Epoch 1993 Train Time 28.423749208450317s

2025-10-29 16:27:18,184 | INFO | Training epoch 1994, Batch 1000/1000: LR=1.00e-06, Loss=1.81e-02 BER=6.58e-03 FER=1.79e-01
2025-10-29 16:27:18,237 | INFO | Epoch 1994 Train Time 26.59830331802368s

2025-10-29 16:27:45,364 | INFO | Training epoch 1995, Batch 1000/1000: LR=1.00e-06, Loss=1.82e-02 BER=6.69e-03 FER=1.80e-01
2025-10-29 16:27:45,424 | INFO | Epoch 1995 Train Time 27.1859028339386s

2025-10-29 16:28:11,988 | INFO | Training epoch 1996, Batch 1000/1000: LR=1.00e-06, Loss=1.79e-02 BER=6.55e-03 FER=1.78e-01
2025-10-29 16:28:12,047 | INFO | Epoch 1996 Train Time 26.622426748275757s

2025-10-29 16:28:40,578 | INFO | Training epoch 1997, Batch 1000/1000: LR=1.00e-06, Loss=1.84e-02 BER=6.76e-03 FER=1.82e-01
2025-10-29 16:28:40,639 | INFO | Epoch 1997 Train Time 28.591496229171753s

2025-10-29 16:29:07,171 | INFO | Training epoch 1998, Batch 1000/1000: LR=1.00e-06, Loss=1.82e-02 BER=6.65e-03 FER=1.81e-01
2025-10-29 16:29:07,229 | INFO | Epoch 1998 Train Time 26.588229417800903s

2025-10-29 16:29:32,560 | INFO | Training epoch 1999, Batch 1000/1000: LR=1.00e-06, Loss=1.83e-02 BER=6.75e-03 FER=1.83e-01
2025-10-29 16:29:32,620 | INFO | Epoch 1999 Train Time 25.389880895614624s

2025-10-29 16:29:58,639 | INFO | Training epoch 2000, Batch 1000/1000: LR=1.00e-06, Loss=1.79e-02 BER=6.57e-03 FER=1.79e-01
2025-10-29 16:29:58,708 | INFO | Epoch 2000 Train Time 26.088020086288452s

2025-10-29 16:29:58,715 | INFO | Checkpoint saved: runs/20251028_170342/stage2_qat__POLAR_n64_k48__Ndec2_d16_h8.pth
2025-10-29 16:29:58,720 | INFO | Checkpoint saved: runs/20251028_170342/stage2_qat__POLAR_n64_k48__Ndec2_d16_h8__e2000_loss0.017929.pth
2025-10-29 16:29:59,445 | INFO | Loaded checkpoint: runs/20251028_170342/stage2_qat__POLAR_n64_k48__Ndec2_d16_h8.pth (strict=False)
2025-10-29 16:29:59,453 | INFO | Checkpoint saved: runs/20251028_170342/stage2_infer_frozen__POLAR_n64_k48__Ndec2_d16_h8__e1666_loss0.017781.pth
2025-10-29 16:30:03,762 | INFO | FER count threshold reached for EbN0:4
2025-10-29 16:30:03,861 | INFO | Test EbN0=4, BER=9.60e-03
2025-10-29 16:30:07,995 | INFO | FER count threshold reached for EbN0:5
2025-10-29 16:30:08,078 | INFO | Test EbN0=5, BER=2.30e-03
2025-10-29 16:30:12,713 | INFO | FER count threshold reached for EbN0:6
2025-10-29 16:30:12,798 | INFO | Test EbN0=6, BER=3.69e-04
2025-10-29 16:30:12,798 | INFO | 
Test Loss 4: 2.6397e-02 5: 6.7603e-03 6: 1.2279e-03
2025-10-29 16:30:12,798 | INFO | Test FER 4: 2.7922e-01 5: 8.6436e-02 6: 1.6303e-02
2025-10-29 16:30:12,798 | INFO | Test BER 4: 9.5962e-03 5: 2.3005e-03 6: 3.6855e-04
2025-10-29 16:30:12,798 | INFO | Test -ln(BER) 4: 4.6464e+00 5: 6.0746e+00 6: 7.9059e+00
2025-10-29 16:30:12,798 | INFO | # of testing samples: [100352.0, 100352.0, 100352.0]
 Test Time 13.344637393951416 s

2025-10-29 16:30:12,801 | INFO | Done.
