2025-10-20 15:29:23,909 | INFO | Device: cuda
2025-10-20 15:29:25,901 | INFO | Loaded checkpoint: runs/LDPC_n121_k80__Ndec10_d128_h8/stage1_fp32__LDPC_n121_k80__Ndec10_d128_h8__e1000_loss0.002078.pth (strict=True)
2025-10-20 15:30:11,279 | INFO | Training epoch 1, Batch 1000/1000: LR=1.00e-04, Loss=2.42e-03 BER=9.51e-04 FER=1.75e-02
2025-10-20 15:30:11,308 | INFO | Epoch 1 Train Time 45.40370178222656s

2025-10-20 15:30:11,309 | INFO | [P1] saving best_model with loss 0.002420 at epoch 1
2025-10-20 15:30:53,929 | INFO | Training epoch 2, Batch 1000/1000: LR=1.00e-04, Loss=2.58e-03 BER=1.02e-03 FER=1.89e-02
2025-10-20 15:30:53,984 | INFO | Epoch 2 Train Time 42.601771116256714s

2025-10-20 15:31:38,629 | INFO | Training epoch 3, Batch 1000/1000: LR=1.00e-04, Loss=2.49e-03 BER=9.81e-04 FER=1.83e-02
2025-10-20 15:31:38,681 | INFO | Epoch 3 Train Time 44.69560170173645s

2025-10-20 15:32:23,725 | INFO | Training epoch 4, Batch 1000/1000: LR=1.00e-04, Loss=2.61e-03 BER=9.93e-04 FER=1.96e-02
2025-10-20 15:32:23,772 | INFO | Epoch 4 Train Time 45.08986806869507s

2025-10-20 15:33:08,049 | INFO | Training epoch 5, Batch 1000/1000: LR=1.00e-04, Loss=2.55e-03 BER=9.87e-04 FER=1.85e-02
2025-10-20 15:33:08,101 | INFO | Epoch 5 Train Time 44.32846188545227s

2025-10-20 15:33:52,727 | INFO | Training epoch 6, Batch 1000/1000: LR=1.00e-04, Loss=2.55e-03 BER=9.98e-04 FER=1.85e-02
2025-10-20 15:33:52,789 | INFO | Epoch 6 Train Time 44.686230421066284s

2025-10-20 15:34:36,542 | INFO | Training epoch 7, Batch 1000/1000: LR=1.00e-04, Loss=2.45e-03 BER=9.67e-04 FER=1.80e-02
2025-10-20 15:34:36,603 | INFO | Epoch 7 Train Time 43.8131160736084s

2025-10-20 15:35:22,219 | INFO | Training epoch 8, Batch 1000/1000: LR=1.00e-04, Loss=2.53e-03 BER=1.00e-03 FER=1.88e-02
2025-10-20 15:35:22,266 | INFO | Epoch 8 Train Time 45.66195631027222s

2025-10-20 15:36:08,137 | INFO | Training epoch 9, Batch 1000/1000: LR=1.00e-04, Loss=2.52e-03 BER=9.90e-04 FER=1.85e-02
2025-10-20 15:36:08,184 | INFO | Epoch 9 Train Time 45.915935039520264s

2025-10-20 15:36:52,838 | INFO | Training epoch 10, Batch 1000/1000: LR=1.00e-04, Loss=2.52e-03 BER=9.91e-04 FER=1.87e-02
2025-10-20 15:36:52,881 | INFO | Epoch 10 Train Time 44.696070432662964s

2025-10-20 15:37:38,637 | INFO | Training epoch 11, Batch 1000/1000: LR=1.00e-04, Loss=2.45e-03 BER=9.64e-04 FER=1.79e-02
2025-10-20 15:37:38,682 | INFO | Epoch 11 Train Time 45.79943013191223s

2025-10-20 15:38:25,465 | INFO | Training epoch 12, Batch 1000/1000: LR=1.00e-04, Loss=2.50e-03 BER=9.79e-04 FER=1.82e-02
2025-10-20 15:38:25,526 | INFO | Epoch 12 Train Time 46.84329915046692s

2025-10-20 15:39:09,264 | INFO | Training epoch 13, Batch 1000/1000: LR=1.00e-04, Loss=2.39e-03 BER=9.56e-04 FER=1.80e-02
2025-10-20 15:39:09,330 | INFO | Epoch 13 Train Time 43.7995662689209s

2025-10-20 15:39:09,331 | INFO | [P1] saving best_model with loss 0.002394 at epoch 13
2025-10-20 15:39:54,053 | INFO | Training epoch 14, Batch 1000/1000: LR=1.00e-04, Loss=2.37e-03 BER=9.33e-04 FER=1.79e-02
2025-10-20 15:39:54,094 | INFO | Epoch 14 Train Time 44.652873277664185s

2025-10-20 15:39:54,095 | INFO | [P1] saving best_model with loss 0.002372 at epoch 14
2025-10-20 15:40:40,151 | INFO | Training epoch 15, Batch 1000/1000: LR=1.00e-04, Loss=2.44e-03 BER=9.62e-04 FER=1.79e-02
2025-10-20 15:40:40,198 | INFO | Epoch 15 Train Time 45.994850635528564s

2025-10-20 15:41:24,555 | INFO | Training epoch 16, Batch 1000/1000: LR=9.99e-05, Loss=2.53e-03 BER=9.82e-04 FER=1.87e-02
2025-10-20 15:41:24,638 | INFO | Epoch 16 Train Time 44.43826699256897s

2025-10-20 15:42:10,422 | INFO | Training epoch 17, Batch 1000/1000: LR=9.99e-05, Loss=2.41e-03 BER=9.58e-04 FER=1.78e-02
2025-10-20 15:42:10,476 | INFO | Epoch 17 Train Time 45.835954666137695s

2025-10-20 15:42:56,303 | INFO | Training epoch 18, Batch 1000/1000: LR=9.99e-05, Loss=2.56e-03 BER=1.01e-03 FER=1.86e-02
2025-10-20 15:42:56,353 | INFO | Epoch 18 Train Time 45.87526988983154s

2025-10-20 15:43:41,483 | INFO | Training epoch 19, Batch 1000/1000: LR=9.99e-05, Loss=2.53e-03 BER=9.92e-04 FER=1.83e-02
2025-10-20 15:43:41,550 | INFO | Epoch 19 Train Time 45.19565677642822s

2025-10-20 15:44:26,063 | INFO | Training epoch 20, Batch 1000/1000: LR=9.99e-05, Loss=2.60e-03 BER=1.02e-03 FER=1.89e-02
2025-10-20 15:44:26,120 | INFO | Epoch 20 Train Time 44.568816900253296s

2025-10-20 15:45:10,726 | INFO | Training epoch 21, Batch 1000/1000: LR=9.99e-05, Loss=2.37e-03 BER=9.41e-04 FER=1.76e-02
2025-10-20 15:45:10,775 | INFO | Epoch 21 Train Time 44.65359354019165s

2025-10-20 15:45:10,776 | INFO | [P1] saving best_model with loss 0.002366 at epoch 21
2025-10-20 15:45:56,319 | INFO | Training epoch 22, Batch 1000/1000: LR=9.99e-05, Loss=2.45e-03 BER=9.63e-04 FER=1.84e-02
2025-10-20 15:45:56,379 | INFO | Epoch 22 Train Time 45.4932918548584s

2025-10-20 15:46:41,234 | INFO | Training epoch 23, Batch 1000/1000: LR=9.99e-05, Loss=2.45e-03 BER=9.58e-04 FER=1.79e-02
2025-10-20 15:46:41,295 | INFO | Epoch 23 Train Time 44.91354179382324s

2025-10-20 15:47:25,414 | INFO | Training epoch 24, Batch 1000/1000: LR=9.99e-05, Loss=2.38e-03 BER=9.45e-04 FER=1.74e-02
2025-10-20 15:47:25,464 | INFO | Epoch 24 Train Time 44.168705463409424s

2025-10-20 15:48:08,900 | INFO | Training epoch 25, Batch 1000/1000: LR=9.99e-05, Loss=2.55e-03 BER=1.01e-03 FER=1.86e-02
2025-10-20 15:48:08,940 | INFO | Epoch 25 Train Time 43.474358797073364s

2025-10-20 15:48:52,525 | INFO | Training epoch 26, Batch 1000/1000: LR=9.98e-05, Loss=2.46e-03 BER=9.72e-04 FER=1.84e-02
2025-10-20 15:48:52,592 | INFO | Epoch 26 Train Time 43.65059041976929s

2025-10-20 15:49:35,703 | INFO | Training epoch 27, Batch 1000/1000: LR=9.98e-05, Loss=2.52e-03 BER=1.00e-03 FER=1.87e-02
2025-10-20 15:49:35,753 | INFO | Epoch 27 Train Time 43.15825176239014s

2025-10-20 15:50:19,310 | INFO | Training epoch 28, Batch 1000/1000: LR=9.98e-05, Loss=2.44e-03 BER=9.62e-04 FER=1.78e-02
2025-10-20 15:50:19,353 | INFO | Epoch 28 Train Time 43.59732961654663s

2025-10-20 15:51:02,491 | INFO | Training epoch 29, Batch 1000/1000: LR=9.98e-05, Loss=2.41e-03 BER=9.53e-04 FER=1.80e-02
2025-10-20 15:51:02,557 | INFO | Epoch 29 Train Time 43.20200729370117s

2025-10-20 15:51:46,432 | INFO | Training epoch 30, Batch 1000/1000: LR=9.98e-05, Loss=2.54e-03 BER=1.00e-03 FER=1.88e-02
2025-10-20 15:51:46,477 | INFO | Epoch 30 Train Time 43.91939616203308s

2025-10-20 15:52:29,717 | INFO | Training epoch 31, Batch 1000/1000: LR=9.98e-05, Loss=2.52e-03 BER=9.96e-04 FER=1.85e-02
2025-10-20 15:52:29,771 | INFO | Epoch 31 Train Time 43.292452573776245s

2025-10-20 15:53:13,010 | INFO | Training epoch 32, Batch 1000/1000: LR=9.98e-05, Loss=2.59e-03 BER=1.03e-03 FER=1.90e-02
2025-10-20 15:53:13,059 | INFO | Epoch 32 Train Time 43.28619885444641s

2025-10-20 15:53:56,394 | INFO | Training epoch 33, Batch 1000/1000: LR=9.98e-05, Loss=2.39e-03 BER=9.38e-04 FER=1.76e-02
2025-10-20 15:53:56,439 | INFO | Epoch 33 Train Time 43.37843465805054s

2025-10-20 15:54:39,740 | INFO | Training epoch 34, Batch 1000/1000: LR=9.97e-05, Loss=2.44e-03 BER=9.63e-04 FER=1.82e-02
2025-10-20 15:54:39,803 | INFO | Epoch 34 Train Time 43.36272311210632s

2025-10-20 15:55:23,733 | INFO | Training epoch 35, Batch 1000/1000: LR=9.97e-05, Loss=2.56e-03 BER=1.01e-03 FER=1.87e-02
2025-10-20 15:55:23,775 | INFO | Epoch 35 Train Time 43.970972776412964s

2025-10-20 15:56:07,220 | INFO | Training epoch 36, Batch 1000/1000: LR=9.97e-05, Loss=2.55e-03 BER=1.01e-03 FER=1.85e-02
2025-10-20 15:56:07,274 | INFO | Epoch 36 Train Time 43.497806549072266s

2025-10-20 15:56:49,312 | INFO | Training epoch 37, Batch 1000/1000: LR=9.97e-05, Loss=2.61e-03 BER=1.04e-03 FER=1.94e-02
2025-10-20 15:56:49,347 | INFO | Epoch 37 Train Time 42.071489334106445s

2025-10-20 15:57:32,815 | INFO | Training epoch 38, Batch 1000/1000: LR=9.97e-05, Loss=2.40e-03 BER=9.48e-04 FER=1.78e-02
2025-10-20 15:57:32,861 | INFO | Epoch 38 Train Time 43.512800216674805s

2025-10-20 15:58:16,083 | INFO | Training epoch 39, Batch 1000/1000: LR=9.96e-05, Loss=2.51e-03 BER=9.85e-04 FER=1.84e-02
2025-10-20 15:58:16,138 | INFO | Epoch 39 Train Time 43.27600955963135s

2025-10-20 15:59:00,210 | INFO | Training epoch 40, Batch 1000/1000: LR=9.96e-05, Loss=2.55e-03 BER=1.01e-03 FER=1.87e-02
2025-10-20 15:59:00,269 | INFO | Epoch 40 Train Time 44.12947154045105s

2025-10-20 15:59:42,022 | INFO | Training epoch 41, Batch 1000/1000: LR=9.96e-05, Loss=2.40e-03 BER=9.53e-04 FER=1.76e-02
2025-10-20 15:59:42,071 | INFO | Epoch 41 Train Time 41.7988657951355s

2025-10-20 16:00:24,161 | INFO | Training epoch 42, Batch 1000/1000: LR=9.96e-05, Loss=2.49e-03 BER=9.89e-04 FER=1.85e-02
2025-10-20 16:00:24,213 | INFO | Epoch 42 Train Time 42.140620946884155s

2025-10-20 16:01:06,597 | INFO | Training epoch 43, Batch 1000/1000: LR=9.96e-05, Loss=2.51e-03 BER=9.96e-04 FER=1.86e-02
2025-10-20 16:01:06,651 | INFO | Epoch 43 Train Time 42.43676233291626s

2025-10-20 16:01:50,137 | INFO | Training epoch 44, Batch 1000/1000: LR=9.95e-05, Loss=2.51e-03 BER=9.82e-04 FER=1.84e-02
2025-10-20 16:01:50,197 | INFO | Epoch 44 Train Time 43.54500484466553s

2025-10-20 16:02:32,507 | INFO | Training epoch 45, Batch 1000/1000: LR=9.95e-05, Loss=2.44e-03 BER=9.60e-04 FER=1.80e-02
2025-10-20 16:02:32,563 | INFO | Epoch 45 Train Time 42.36474823951721s

2025-10-20 16:03:15,406 | INFO | Training epoch 46, Batch 1000/1000: LR=9.95e-05, Loss=2.42e-03 BER=9.58e-04 FER=1.78e-02
2025-10-20 16:03:15,453 | INFO | Epoch 46 Train Time 42.88843297958374s

2025-10-20 16:03:58,816 | INFO | Training epoch 47, Batch 1000/1000: LR=9.95e-05, Loss=2.45e-03 BER=9.70e-04 FER=1.82e-02
2025-10-20 16:03:58,871 | INFO | Epoch 47 Train Time 43.416581869125366s

2025-10-20 16:04:43,023 | INFO | Training epoch 48, Batch 1000/1000: LR=9.95e-05, Loss=2.43e-03 BER=9.59e-04 FER=1.81e-02
2025-10-20 16:04:43,071 | INFO | Epoch 48 Train Time 44.19955062866211s

2025-10-20 16:05:24,005 | INFO | Training epoch 49, Batch 1000/1000: LR=9.94e-05, Loss=2.43e-03 BER=9.59e-04 FER=1.80e-02
2025-10-20 16:05:24,060 | INFO | Epoch 49 Train Time 40.987462759017944s

2025-10-20 16:06:07,630 | INFO | Training epoch 50, Batch 1000/1000: LR=9.94e-05, Loss=2.53e-03 BER=1.00e-03 FER=1.86e-02
2025-10-20 16:06:07,675 | INFO | Epoch 50 Train Time 43.61373162269592s

2025-10-20 16:06:49,898 | INFO | Training epoch 51, Batch 1000/1000: LR=9.94e-05, Loss=2.65e-03 BER=1.04e-03 FER=1.97e-02
2025-10-20 16:06:49,952 | INFO | Epoch 51 Train Time 42.27577185630798s

2025-10-20 16:07:32,808 | INFO | Training epoch 52, Batch 1000/1000: LR=9.94e-05, Loss=2.61e-03 BER=1.02e-03 FER=1.89e-02
2025-10-20 16:07:32,856 | INFO | Epoch 52 Train Time 42.902392864227295s

2025-10-20 16:08:15,715 | INFO | Training epoch 53, Batch 1000/1000: LR=9.93e-05, Loss=2.55e-03 BER=1.01e-03 FER=1.87e-02
2025-10-20 16:08:15,774 | INFO | Epoch 53 Train Time 42.91661047935486s

2025-10-20 16:08:58,925 | INFO | Training epoch 54, Batch 1000/1000: LR=9.93e-05, Loss=2.62e-03 BER=1.04e-03 FER=1.90e-02
2025-10-20 16:08:58,970 | INFO | Epoch 54 Train Time 43.194462060928345s

2025-10-20 16:09:43,297 | INFO | Training epoch 55, Batch 1000/1000: LR=9.93e-05, Loss=2.54e-03 BER=9.95e-04 FER=1.88e-02
2025-10-20 16:09:43,340 | INFO | Epoch 55 Train Time 44.36893892288208s

2025-10-20 16:10:25,919 | INFO | Training epoch 56, Batch 1000/1000: LR=9.93e-05, Loss=2.48e-03 BER=9.80e-04 FER=1.82e-02
2025-10-20 16:10:25,992 | INFO | Epoch 56 Train Time 42.65060019493103s

2025-10-20 16:11:10,520 | INFO | Training epoch 57, Batch 1000/1000: LR=9.92e-05, Loss=2.52e-03 BER=9.98e-04 FER=1.84e-02
2025-10-20 16:11:10,562 | INFO | Epoch 57 Train Time 44.56872224807739s

2025-10-20 16:11:55,114 | INFO | Training epoch 58, Batch 1000/1000: LR=9.92e-05, Loss=2.46e-03 BER=9.78e-04 FER=1.82e-02
2025-10-20 16:11:55,181 | INFO | Epoch 58 Train Time 44.61765384674072s

2025-10-20 16:12:38,436 | INFO | Training epoch 59, Batch 1000/1000: LR=9.92e-05, Loss=2.53e-03 BER=1.01e-03 FER=1.85e-02
2025-10-20 16:12:38,479 | INFO | Epoch 59 Train Time 43.29568839073181s

2025-10-20 16:13:21,491 | INFO | Training epoch 60, Batch 1000/1000: LR=9.92e-05, Loss=2.51e-03 BER=9.85e-04 FER=1.82e-02
2025-10-20 16:13:21,534 | INFO | Epoch 60 Train Time 43.0541615486145s

2025-10-20 16:14:04,736 | INFO | Training epoch 61, Batch 1000/1000: LR=9.91e-05, Loss=2.38e-03 BER=9.40e-04 FER=1.71e-02
2025-10-20 16:14:04,786 | INFO | Epoch 61 Train Time 43.250548124313354s

2025-10-20 16:14:48,812 | INFO | Training epoch 62, Batch 1000/1000: LR=9.91e-05, Loss=2.44e-03 BER=9.81e-04 FER=1.80e-02
2025-10-20 16:14:48,859 | INFO | Epoch 62 Train Time 44.07216691970825s

2025-10-20 16:15:32,418 | INFO | Training epoch 63, Batch 1000/1000: LR=9.91e-05, Loss=2.45e-03 BER=9.65e-04 FER=1.81e-02
2025-10-20 16:15:32,466 | INFO | Epoch 63 Train Time 43.60540771484375s

2025-10-20 16:16:15,322 | INFO | Training epoch 64, Batch 1000/1000: LR=9.90e-05, Loss=2.43e-03 BER=9.59e-04 FER=1.81e-02
2025-10-20 16:16:15,371 | INFO | Epoch 64 Train Time 42.90396189689636s

2025-10-20 16:16:58,911 | INFO | Training epoch 65, Batch 1000/1000: LR=9.90e-05, Loss=2.49e-03 BER=9.81e-04 FER=1.84e-02
2025-10-20 16:16:58,959 | INFO | Epoch 65 Train Time 43.58644652366638s

2025-10-20 16:17:42,923 | INFO | Training epoch 66, Batch 1000/1000: LR=9.90e-05, Loss=2.53e-03 BER=1.00e-03 FER=1.82e-02
2025-10-20 16:17:42,986 | INFO | Epoch 66 Train Time 44.02486491203308s

2025-10-20 16:18:25,391 | INFO | Training epoch 67, Batch 1000/1000: LR=9.89e-05, Loss=2.40e-03 BER=9.51e-04 FER=1.77e-02
2025-10-20 16:18:25,433 | INFO | Epoch 67 Train Time 42.44676494598389s

2025-10-20 16:19:09,144 | INFO | Training epoch 68, Batch 1000/1000: LR=9.89e-05, Loss=2.33e-03 BER=9.18e-04 FER=1.75e-02
2025-10-20 16:19:09,193 | INFO | Epoch 68 Train Time 43.758111238479614s

2025-10-20 16:19:09,193 | INFO | [P1] saving best_model with loss 0.002326 at epoch 68
2025-10-20 16:19:52,911 | INFO | Training epoch 69, Batch 1000/1000: LR=9.89e-05, Loss=2.41e-03 BER=9.48e-04 FER=1.77e-02
2025-10-20 16:19:52,958 | INFO | Epoch 69 Train Time 43.649062156677246s

2025-10-20 16:20:35,127 | INFO | Training epoch 70, Batch 1000/1000: LR=9.88e-05, Loss=2.36e-03 BER=9.24e-04 FER=1.73e-02
2025-10-20 16:20:35,175 | INFO | Epoch 70 Train Time 42.213568925857544s

2025-10-20 16:21:18,012 | INFO | Training epoch 71, Batch 1000/1000: LR=9.88e-05, Loss=2.41e-03 BER=9.50e-04 FER=1.75e-02
2025-10-20 16:21:18,066 | INFO | Epoch 71 Train Time 42.89004135131836s

2025-10-20 16:22:01,914 | INFO | Training epoch 72, Batch 1000/1000: LR=9.88e-05, Loss=2.57e-03 BER=1.01e-03 FER=1.85e-02
2025-10-20 16:22:01,967 | INFO | Epoch 72 Train Time 43.89992165565491s

2025-10-20 16:22:44,203 | INFO | Training epoch 73, Batch 1000/1000: LR=9.87e-05, Loss=2.38e-03 BER=9.41e-04 FER=1.73e-02
2025-10-20 16:22:44,256 | INFO | Epoch 73 Train Time 42.28598690032959s

2025-10-20 16:23:27,516 | INFO | Training epoch 74, Batch 1000/1000: LR=9.87e-05, Loss=2.53e-03 BER=1.00e-03 FER=1.84e-02
2025-10-20 16:23:27,559 | INFO | Epoch 74 Train Time 43.30148267745972s

2025-10-20 16:24:11,522 | INFO | Training epoch 75, Batch 1000/1000: LR=9.87e-05, Loss=2.50e-03 BER=9.81e-04 FER=1.82e-02
2025-10-20 16:24:11,574 | INFO | Epoch 75 Train Time 44.0133113861084s

2025-10-20 16:24:55,218 | INFO | Training epoch 76, Batch 1000/1000: LR=9.86e-05, Loss=2.50e-03 BER=9.91e-04 FER=1.84e-02
2025-10-20 16:24:55,275 | INFO | Epoch 76 Train Time 43.699955463409424s

2025-10-20 16:25:39,506 | INFO | Training epoch 77, Batch 1000/1000: LR=9.86e-05, Loss=2.52e-03 BER=9.96e-04 FER=1.81e-02
2025-10-20 16:25:39,561 | INFO | Epoch 77 Train Time 44.285348415374756s

2025-10-20 16:26:22,877 | INFO | Training epoch 78, Batch 1000/1000: LR=9.86e-05, Loss=2.41e-03 BER=9.53e-04 FER=1.76e-02
2025-10-20 16:26:22,919 | INFO | Epoch 78 Train Time 43.356911420822144s

2025-10-20 16:27:06,106 | INFO | Training epoch 79, Batch 1000/1000: LR=9.85e-05, Loss=2.55e-03 BER=9.98e-04 FER=1.85e-02
2025-10-20 16:27:06,160 | INFO | Epoch 79 Train Time 43.238961935043335s

2025-10-20 16:27:49,815 | INFO | Training epoch 80, Batch 1000/1000: LR=9.85e-05, Loss=2.50e-03 BER=9.89e-04 FER=1.81e-02
2025-10-20 16:27:49,871 | INFO | Epoch 80 Train Time 43.71016216278076s

2025-10-20 16:28:32,596 | INFO | Training epoch 81, Batch 1000/1000: LR=9.84e-05, Loss=2.54e-03 BER=1.01e-03 FER=1.86e-02
2025-10-20 16:28:32,642 | INFO | Epoch 81 Train Time 42.768759965896606s

2025-10-20 16:29:15,613 | INFO | Training epoch 82, Batch 1000/1000: LR=9.84e-05, Loss=2.40e-03 BER=9.53e-04 FER=1.79e-02
2025-10-20 16:29:15,665 | INFO | Epoch 82 Train Time 43.02205801010132s

2025-10-20 16:29:58,623 | INFO | Training epoch 83, Batch 1000/1000: LR=9.84e-05, Loss=2.44e-03 BER=9.72e-04 FER=1.76e-02
2025-10-20 16:29:58,669 | INFO | Epoch 83 Train Time 43.00291705131531s

2025-10-20 16:30:41,713 | INFO | Training epoch 84, Batch 1000/1000: LR=9.83e-05, Loss=2.58e-03 BER=1.02e-03 FER=1.88e-02
2025-10-20 16:30:41,756 | INFO | Epoch 84 Train Time 43.08552885055542s

2025-10-20 16:31:25,616 | INFO | Training epoch 85, Batch 1000/1000: LR=9.83e-05, Loss=2.44e-03 BER=9.62e-04 FER=1.79e-02
2025-10-20 16:31:25,662 | INFO | Epoch 85 Train Time 43.90525794029236s

2025-10-20 16:32:09,487 | INFO | Training epoch 86, Batch 1000/1000: LR=9.82e-05, Loss=2.54e-03 BER=9.98e-04 FER=1.85e-02
2025-10-20 16:32:09,534 | INFO | Epoch 86 Train Time 43.87003684043884s

2025-10-20 16:32:52,112 | INFO | Training epoch 87, Batch 1000/1000: LR=9.82e-05, Loss=2.49e-03 BER=9.83e-04 FER=1.80e-02
2025-10-20 16:32:52,168 | INFO | Epoch 87 Train Time 42.633729219436646s

2025-10-20 16:33:34,867 | INFO | Training epoch 88, Batch 1000/1000: LR=9.82e-05, Loss=2.54e-03 BER=1.00e-03 FER=1.86e-02
2025-10-20 16:33:34,912 | INFO | Epoch 88 Train Time 42.74182891845703s

2025-10-20 16:34:18,312 | INFO | Training epoch 89, Batch 1000/1000: LR=9.81e-05, Loss=2.40e-03 BER=9.46e-04 FER=1.77e-02
2025-10-20 16:34:18,354 | INFO | Epoch 89 Train Time 43.440866470336914s

2025-10-20 16:35:01,861 | INFO | Training epoch 90, Batch 1000/1000: LR=9.81e-05, Loss=2.52e-03 BER=9.97e-04 FER=1.86e-02
2025-10-20 16:35:01,917 | INFO | Epoch 90 Train Time 43.562464475631714s

2025-10-20 16:35:44,790 | INFO | Training epoch 91, Batch 1000/1000: LR=9.80e-05, Loss=2.46e-03 BER=9.63e-04 FER=1.80e-02
2025-10-20 16:35:44,849 | INFO | Epoch 91 Train Time 42.92990756034851s

2025-10-20 16:36:27,907 | INFO | Training epoch 92, Batch 1000/1000: LR=9.80e-05, Loss=2.42e-03 BER=9.51e-04 FER=1.81e-02
2025-10-20 16:36:27,950 | INFO | Epoch 92 Train Time 43.09992551803589s

2025-10-20 16:37:12,027 | INFO | Training epoch 93, Batch 1000/1000: LR=9.79e-05, Loss=2.46e-03 BER=9.73e-04 FER=1.80e-02
2025-10-20 16:37:12,071 | INFO | Epoch 93 Train Time 44.11945056915283s

2025-10-20 16:37:55,285 | INFO | Training epoch 94, Batch 1000/1000: LR=9.79e-05, Loss=2.54e-03 BER=9.99e-04 FER=1.84e-02
2025-10-20 16:37:55,336 | INFO | Epoch 94 Train Time 43.263710498809814s

2025-10-20 16:38:38,142 | INFO | Training epoch 95, Batch 1000/1000: LR=9.79e-05, Loss=2.42e-03 BER=9.63e-04 FER=1.81e-02
2025-10-20 16:38:38,197 | INFO | Epoch 95 Train Time 42.85933041572571s

2025-10-20 16:39:21,315 | INFO | Training epoch 96, Batch 1000/1000: LR=9.78e-05, Loss=2.54e-03 BER=1.01e-03 FER=1.84e-02
2025-10-20 16:39:21,356 | INFO | Epoch 96 Train Time 43.15839147567749s

2025-10-20 16:40:04,709 | INFO | Training epoch 97, Batch 1000/1000: LR=9.78e-05, Loss=2.44e-03 BER=9.59e-04 FER=1.79e-02
2025-10-20 16:40:04,775 | INFO | Epoch 97 Train Time 43.41787791252136s

2025-10-20 16:40:48,922 | INFO | Training epoch 98, Batch 1000/1000: LR=9.77e-05, Loss=2.42e-03 BER=9.44e-04 FER=1.76e-02
2025-10-20 16:40:48,965 | INFO | Epoch 98 Train Time 44.18847966194153s

2025-10-20 16:41:32,405 | INFO | Training epoch 99, Batch 1000/1000: LR=9.77e-05, Loss=2.53e-03 BER=1.01e-03 FER=1.83e-02
2025-10-20 16:41:32,448 | INFO | Epoch 99 Train Time 43.482051849365234s

2025-10-20 16:42:16,012 | INFO | Training epoch 100, Batch 1000/1000: LR=9.76e-05, Loss=2.44e-03 BER=9.70e-04 FER=1.79e-02
2025-10-20 16:42:16,053 | INFO | Epoch 100 Train Time 43.60349798202515s

2025-10-20 16:42:59,705 | INFO | Training epoch 101, Batch 1000/1000: LR=9.76e-05, Loss=2.56e-03 BER=1.01e-03 FER=1.82e-02
2025-10-20 16:42:59,745 | INFO | Epoch 101 Train Time 43.69086408615112s

2025-10-20 16:43:42,596 | INFO | Training epoch 102, Batch 1000/1000: LR=9.75e-05, Loss=2.42e-03 BER=9.65e-04 FER=1.78e-02
2025-10-20 16:43:42,638 | INFO | Epoch 102 Train Time 42.89226961135864s

2025-10-20 16:44:26,898 | INFO | Training epoch 103, Batch 1000/1000: LR=9.75e-05, Loss=2.40e-03 BER=9.45e-04 FER=1.75e-02
2025-10-20 16:44:26,943 | INFO | Epoch 103 Train Time 44.30423879623413s

2025-10-20 16:45:10,317 | INFO | Training epoch 104, Batch 1000/1000: LR=9.74e-05, Loss=2.48e-03 BER=9.80e-04 FER=1.81e-02
2025-10-20 16:45:10,359 | INFO | Epoch 104 Train Time 43.41362237930298s

2025-10-20 16:45:53,933 | INFO | Training epoch 105, Batch 1000/1000: LR=9.74e-05, Loss=2.55e-03 BER=1.02e-03 FER=1.89e-02
2025-10-20 16:45:53,985 | INFO | Epoch 105 Train Time 43.62461447715759s

2025-10-20 16:46:38,094 | INFO | Training epoch 106, Batch 1000/1000: LR=9.73e-05, Loss=2.47e-03 BER=9.82e-04 FER=1.82e-02
2025-10-20 16:46:38,142 | INFO | Epoch 106 Train Time 44.15617632865906s

2025-10-20 16:47:22,214 | INFO | Training epoch 107, Batch 1000/1000: LR=9.73e-05, Loss=2.51e-03 BER=1.00e-03 FER=1.83e-02
2025-10-20 16:47:22,257 | INFO | Epoch 107 Train Time 44.11383271217346s

2025-10-20 16:48:05,312 | INFO | Training epoch 108, Batch 1000/1000: LR=9.72e-05, Loss=2.39e-03 BER=9.36e-04 FER=1.73e-02
2025-10-20 16:48:05,366 | INFO | Epoch 108 Train Time 43.1082649230957s

2025-10-20 16:48:49,117 | INFO | Training epoch 109, Batch 1000/1000: LR=9.72e-05, Loss=2.41e-03 BER=9.41e-04 FER=1.75e-02
2025-10-20 16:48:49,174 | INFO | Epoch 109 Train Time 43.806387186050415s

2025-10-20 16:49:32,011 | INFO | Training epoch 110, Batch 1000/1000: LR=9.71e-05, Loss=2.46e-03 BER=9.70e-04 FER=1.81e-02
2025-10-20 16:49:32,058 | INFO | Epoch 110 Train Time 42.882622957229614s

2025-10-20 16:50:18,731 | INFO | Training epoch 111, Batch 1000/1000: LR=9.71e-05, Loss=2.43e-03 BER=9.46e-04 FER=1.82e-02
2025-10-20 16:50:18,786 | INFO | Epoch 111 Train Time 46.72617554664612s

2025-10-20 16:51:03,965 | INFO | Training epoch 112, Batch 1000/1000: LR=9.70e-05, Loss=2.43e-03 BER=9.51e-04 FER=1.73e-02
2025-10-20 16:51:04,010 | INFO | Epoch 112 Train Time 45.22285532951355s

2025-10-20 16:51:47,709 | INFO | Training epoch 113, Batch 1000/1000: LR=9.70e-05, Loss=2.39e-03 BER=9.52e-04 FER=1.76e-02
2025-10-20 16:51:47,752 | INFO | Epoch 113 Train Time 43.74121332168579s

2025-10-20 16:52:32,856 | INFO | Training epoch 114, Batch 1000/1000: LR=9.69e-05, Loss=2.44e-03 BER=9.52e-04 FER=1.75e-02
2025-10-20 16:52:32,901 | INFO | Epoch 114 Train Time 45.14683198928833s

2025-10-20 16:53:18,115 | INFO | Training epoch 115, Batch 1000/1000: LR=9.69e-05, Loss=2.37e-03 BER=9.36e-04 FER=1.73e-02
2025-10-20 16:53:18,166 | INFO | Epoch 115 Train Time 45.26404643058777s

2025-10-20 16:54:01,523 | INFO | Training epoch 116, Batch 1000/1000: LR=9.68e-05, Loss=2.43e-03 BER=9.65e-04 FER=1.78e-02
2025-10-20 16:54:01,591 | INFO | Epoch 116 Train Time 43.424580812454224s

2025-10-20 16:54:47,757 | INFO | Training epoch 117, Batch 1000/1000: LR=9.67e-05, Loss=2.39e-03 BER=9.36e-04 FER=1.75e-02
2025-10-20 16:54:47,804 | INFO | Epoch 117 Train Time 46.211687088012695s

2025-10-20 16:55:33,345 | INFO | Training epoch 118, Batch 1000/1000: LR=9.67e-05, Loss=2.47e-03 BER=9.72e-04 FER=1.80e-02
2025-10-20 16:55:33,387 | INFO | Epoch 118 Train Time 45.58148741722107s

2025-10-20 16:56:17,286 | INFO | Training epoch 119, Batch 1000/1000: LR=9.66e-05, Loss=2.50e-03 BER=9.89e-04 FER=1.82e-02
2025-10-20 16:56:17,328 | INFO | Epoch 119 Train Time 43.94025111198425s

2025-10-20 16:57:02,126 | INFO | Training epoch 120, Batch 1000/1000: LR=9.66e-05, Loss=2.39e-03 BER=9.42e-04 FER=1.76e-02
2025-10-20 16:57:02,171 | INFO | Epoch 120 Train Time 44.84064793586731s

2025-10-20 16:57:47,397 | INFO | Training epoch 121, Batch 1000/1000: LR=9.65e-05, Loss=2.42e-03 BER=9.57e-04 FER=1.79e-02
2025-10-20 16:57:47,442 | INFO | Epoch 121 Train Time 45.270299196243286s

2025-10-20 16:58:32,746 | INFO | Training epoch 122, Batch 1000/1000: LR=9.65e-05, Loss=2.42e-03 BER=9.49e-04 FER=1.80e-02
2025-10-20 16:58:32,803 | INFO | Epoch 122 Train Time 45.36003851890564s

2025-10-20 16:59:18,981 | INFO | Training epoch 123, Batch 1000/1000: LR=9.64e-05, Loss=2.43e-03 BER=9.64e-04 FER=1.76e-02
2025-10-20 16:59:19,032 | INFO | Epoch 123 Train Time 46.22747778892517s

2025-10-20 17:00:03,994 | INFO | Training epoch 124, Batch 1000/1000: LR=9.64e-05, Loss=2.54e-03 BER=1.01e-03 FER=1.83e-02
2025-10-20 17:00:04,048 | INFO | Epoch 124 Train Time 45.01446008682251s

2025-10-20 17:00:50,215 | INFO | Training epoch 125, Batch 1000/1000: LR=9.63e-05, Loss=2.50e-03 BER=9.92e-04 FER=1.81e-02
2025-10-20 17:00:50,273 | INFO | Epoch 125 Train Time 46.21946406364441s

2025-10-20 17:01:34,202 | INFO | Training epoch 126, Batch 1000/1000: LR=9.62e-05, Loss=2.42e-03 BER=9.63e-04 FER=1.79e-02
2025-10-20 17:01:34,255 | INFO | Epoch 126 Train Time 43.981483936309814s

2025-10-20 17:02:19,750 | INFO | Training epoch 127, Batch 1000/1000: LR=9.62e-05, Loss=2.50e-03 BER=9.90e-04 FER=1.84e-02
2025-10-20 17:02:19,794 | INFO | Epoch 127 Train Time 45.53801655769348s

2025-10-20 17:03:04,819 | INFO | Training epoch 128, Batch 1000/1000: LR=9.61e-05, Loss=2.38e-03 BER=9.39e-04 FER=1.74e-02
2025-10-20 17:03:04,854 | INFO | Epoch 128 Train Time 45.05939054489136s

2025-10-20 17:03:49,494 | INFO | Training epoch 129, Batch 1000/1000: LR=9.61e-05, Loss=2.40e-03 BER=9.50e-04 FER=1.76e-02
2025-10-20 17:03:49,547 | INFO | Epoch 129 Train Time 44.691747426986694s

2025-10-20 17:04:36,098 | INFO | Training epoch 130, Batch 1000/1000: LR=9.60e-05, Loss=2.47e-03 BER=9.78e-04 FER=1.79e-02
2025-10-20 17:04:36,151 | INFO | Epoch 130 Train Time 46.6026611328125s

2025-10-20 17:05:21,243 | INFO | Training epoch 131, Batch 1000/1000: LR=9.59e-05, Loss=2.42e-03 BER=9.54e-04 FER=1.75e-02
2025-10-20 17:05:21,297 | INFO | Epoch 131 Train Time 45.14495062828064s

2025-10-20 17:06:07,432 | INFO | Training epoch 132, Batch 1000/1000: LR=9.59e-05, Loss=2.40e-03 BER=9.45e-04 FER=1.75e-02
2025-10-20 17:06:07,477 | INFO | Epoch 132 Train Time 46.17893433570862s

2025-10-20 17:06:52,241 | INFO | Training epoch 133, Batch 1000/1000: LR=9.58e-05, Loss=2.58e-03 BER=1.02e-03 FER=1.84e-02
2025-10-20 17:06:52,280 | INFO | Epoch 133 Train Time 44.79828095436096s

2025-10-20 17:07:38,701 | INFO | Training epoch 134, Batch 1000/1000: LR=9.57e-05, Loss=2.45e-03 BER=9.68e-04 FER=1.77e-02
2025-10-20 17:07:38,740 | INFO | Epoch 134 Train Time 46.45849370956421s

2025-10-20 17:08:22,880 | INFO | Training epoch 135, Batch 1000/1000: LR=9.57e-05, Loss=2.48e-03 BER=9.81e-04 FER=1.79e-02
2025-10-20 17:08:22,924 | INFO | Epoch 135 Train Time 44.18156671524048s

2025-10-20 17:09:08,204 | INFO | Training epoch 136, Batch 1000/1000: LR=9.56e-05, Loss=2.43e-03 BER=9.60e-04 FER=1.77e-02
2025-10-20 17:09:08,244 | INFO | Epoch 136 Train Time 45.31891918182373s

2025-10-20 17:09:52,860 | INFO | Training epoch 137, Batch 1000/1000: LR=9.56e-05, Loss=2.35e-03 BER=9.29e-04 FER=1.72e-02
2025-10-20 17:09:52,895 | INFO | Epoch 137 Train Time 44.65007281303406s

2025-10-20 17:10:37,338 | INFO | Training epoch 138, Batch 1000/1000: LR=9.55e-05, Loss=2.46e-03 BER=9.71e-04 FER=1.79e-02
2025-10-20 17:10:37,379 | INFO | Epoch 138 Train Time 44.482064723968506s

2025-10-20 17:11:21,524 | INFO | Training epoch 139, Batch 1000/1000: LR=9.54e-05, Loss=2.36e-03 BER=9.22e-04 FER=1.75e-02
2025-10-20 17:11:21,563 | INFO | Epoch 139 Train Time 44.182921409606934s

2025-10-20 17:12:05,033 | INFO | Training epoch 140, Batch 1000/1000: LR=9.54e-05, Loss=2.52e-03 BER=1.01e-03 FER=1.83e-02
2025-10-20 17:12:05,083 | INFO | Epoch 140 Train Time 43.51938819885254s

2025-10-20 17:12:49,709 | INFO | Training epoch 141, Batch 1000/1000: LR=9.53e-05, Loss=2.37e-03 BER=9.30e-04 FER=1.73e-02
2025-10-20 17:12:49,751 | INFO | Epoch 141 Train Time 44.66727924346924s

2025-10-20 17:13:32,303 | INFO | Training epoch 142, Batch 1000/1000: LR=9.52e-05, Loss=2.49e-03 BER=9.77e-04 FER=1.83e-02
2025-10-20 17:13:32,355 | INFO | Epoch 142 Train Time 42.60277199745178s

2025-10-20 17:14:15,296 | INFO | Training epoch 143, Batch 1000/1000: LR=9.52e-05, Loss=2.43e-03 BER=9.62e-04 FER=1.76e-02
2025-10-20 17:14:15,341 | INFO | Epoch 143 Train Time 42.9843487739563s

2025-10-20 17:14:58,928 | INFO | Training epoch 144, Batch 1000/1000: LR=9.51e-05, Loss=2.47e-03 BER=9.72e-04 FER=1.79e-02
2025-10-20 17:14:58,965 | INFO | Epoch 144 Train Time 43.622684955596924s

2025-10-20 17:15:43,007 | INFO | Training epoch 145, Batch 1000/1000: LR=9.50e-05, Loss=2.34e-03 BER=9.23e-04 FER=1.74e-02
2025-10-20 17:15:43,051 | INFO | Epoch 145 Train Time 44.08413863182068s

2025-10-20 17:16:26,395 | INFO | Training epoch 146, Batch 1000/1000: LR=9.50e-05, Loss=2.54e-03 BER=9.92e-04 FER=1.85e-02
2025-10-20 17:16:26,441 | INFO | Epoch 146 Train Time 43.389203786849976s

2025-10-20 17:17:09,508 | INFO | Training epoch 147, Batch 1000/1000: LR=9.49e-05, Loss=2.40e-03 BER=9.46e-04 FER=1.73e-02
2025-10-20 17:17:09,560 | INFO | Epoch 147 Train Time 43.11729836463928s

2025-10-20 17:17:53,221 | INFO | Training epoch 148, Batch 1000/1000: LR=9.48e-05, Loss=2.55e-03 BER=1.01e-03 FER=1.84e-02
2025-10-20 17:17:53,257 | INFO | Epoch 148 Train Time 43.69623804092407s

2025-10-20 17:18:37,315 | INFO | Training epoch 149, Batch 1000/1000: LR=9.47e-05, Loss=2.46e-03 BER=9.78e-04 FER=1.78e-02
2025-10-20 17:18:37,357 | INFO | Epoch 149 Train Time 44.09869980812073s

2025-10-20 17:19:21,051 | INFO | Training epoch 150, Batch 1000/1000: LR=9.47e-05, Loss=2.45e-03 BER=9.62e-04 FER=1.79e-02
2025-10-20 17:19:21,093 | INFO | Epoch 150 Train Time 43.7341411113739s

2025-10-20 17:20:02,368 | INFO | Training epoch 151, Batch 1000/1000: LR=9.46e-05, Loss=2.67e-03 BER=1.03e-03 FER=2.01e-02
2025-10-20 17:20:02,414 | INFO | Epoch 151 Train Time 41.32044839859009s

2025-10-20 17:20:45,414 | INFO | Training epoch 152, Batch 1000/1000: LR=9.45e-05, Loss=2.44e-03 BER=9.52e-04 FER=1.79e-02
2025-10-20 17:20:45,448 | INFO | Epoch 152 Train Time 43.032859325408936s

2025-10-20 17:21:29,125 | INFO | Training epoch 153, Batch 1000/1000: LR=9.45e-05, Loss=2.41e-03 BER=9.51e-04 FER=1.80e-02
2025-10-20 17:21:29,168 | INFO | Epoch 153 Train Time 43.71806526184082s

2025-10-20 17:22:14,500 | INFO | Training epoch 154, Batch 1000/1000: LR=9.44e-05, Loss=2.43e-03 BER=9.43e-04 FER=1.76e-02
2025-10-20 17:22:14,534 | INFO | Epoch 154 Train Time 45.365326166152954s

2025-10-20 17:22:57,934 | INFO | Training epoch 155, Batch 1000/1000: LR=9.43e-05, Loss=2.37e-03 BER=9.35e-04 FER=1.73e-02
2025-10-20 17:22:57,986 | INFO | Epoch 155 Train Time 43.45041060447693s

2025-10-20 17:23:42,015 | INFO | Training epoch 156, Batch 1000/1000: LR=9.42e-05, Loss=2.40e-03 BER=9.45e-04 FER=1.73e-02
2025-10-20 17:23:42,055 | INFO | Epoch 156 Train Time 44.06743001937866s

2025-10-20 17:24:25,608 | INFO | Training epoch 157, Batch 1000/1000: LR=9.42e-05, Loss=2.33e-03 BER=9.15e-04 FER=1.69e-02
2025-10-20 17:24:25,664 | INFO | Epoch 157 Train Time 43.60786437988281s

2025-10-20 17:25:09,505 | INFO | Training epoch 158, Batch 1000/1000: LR=9.41e-05, Loss=2.33e-03 BER=9.21e-04 FER=1.72e-02
2025-10-20 17:25:09,580 | INFO | Epoch 158 Train Time 43.91387891769409s

2025-10-20 17:25:53,312 | INFO | Training epoch 159, Batch 1000/1000: LR=9.40e-05, Loss=2.43e-03 BER=9.55e-04 FER=1.77e-02
2025-10-20 17:25:53,349 | INFO | Epoch 159 Train Time 43.7653431892395s

2025-10-20 17:26:37,912 | INFO | Training epoch 160, Batch 1000/1000: LR=9.40e-05, Loss=2.48e-03 BER=9.79e-04 FER=1.79e-02
2025-10-20 17:26:37,967 | INFO | Epoch 160 Train Time 44.61723065376282s

2025-10-20 17:27:21,063 | INFO | Training epoch 161, Batch 1000/1000: LR=9.39e-05, Loss=2.38e-03 BER=9.37e-04 FER=1.74e-02
2025-10-20 17:27:21,103 | INFO | Epoch 161 Train Time 43.1340606212616s

2025-10-20 17:28:04,428 | INFO | Training epoch 162, Batch 1000/1000: LR=9.38e-05, Loss=2.38e-03 BER=9.35e-04 FER=1.74e-02
2025-10-20 17:28:04,471 | INFO | Epoch 162 Train Time 43.367401123046875s

2025-10-20 17:28:48,607 | INFO | Training epoch 163, Batch 1000/1000: LR=9.37e-05, Loss=2.44e-03 BER=9.61e-04 FER=1.77e-02
2025-10-20 17:28:48,650 | INFO | Epoch 163 Train Time 44.177610635757446s

2025-10-20 17:29:31,009 | INFO | Training epoch 164, Batch 1000/1000: LR=9.37e-05, Loss=2.35e-03 BER=9.16e-04 FER=1.71e-02
2025-10-20 17:29:31,051 | INFO | Epoch 164 Train Time 42.399129152297974s

2025-10-20 17:30:15,694 | INFO | Training epoch 165, Batch 1000/1000: LR=9.36e-05, Loss=2.42e-03 BER=9.58e-04 FER=1.76e-02
2025-10-20 17:30:15,732 | INFO | Epoch 165 Train Time 44.680039405822754s

2025-10-20 17:30:58,884 | INFO | Training epoch 166, Batch 1000/1000: LR=9.35e-05, Loss=2.41e-03 BER=9.49e-04 FER=1.75e-02
2025-10-20 17:30:58,922 | INFO | Epoch 166 Train Time 43.18910574913025s

2025-10-20 17:31:43,049 | INFO | Training epoch 167, Batch 1000/1000: LR=9.34e-05, Loss=2.45e-03 BER=9.59e-04 FER=1.80e-02
2025-10-20 17:31:43,089 | INFO | Epoch 167 Train Time 44.16587424278259s

2025-10-20 17:32:25,213 | INFO | Training epoch 168, Batch 1000/1000: LR=9.33e-05, Loss=2.45e-03 BER=9.72e-04 FER=1.80e-02
2025-10-20 17:32:25,253 | INFO | Epoch 168 Train Time 42.162413597106934s

2025-10-20 17:33:08,812 | INFO | Training epoch 169, Batch 1000/1000: LR=9.33e-05, Loss=2.41e-03 BER=9.51e-04 FER=1.75e-02
2025-10-20 17:33:08,863 | INFO | Epoch 169 Train Time 43.60814905166626s

2025-10-20 17:33:52,727 | INFO | Training epoch 170, Batch 1000/1000: LR=9.32e-05, Loss=2.44e-03 BER=9.63e-04 FER=1.76e-02
2025-10-20 17:33:52,779 | INFO | Epoch 170 Train Time 43.91462802886963s

2025-10-20 17:34:36,029 | INFO | Training epoch 171, Batch 1000/1000: LR=9.31e-05, Loss=2.41e-03 BER=9.55e-04 FER=1.74e-02
2025-10-20 17:34:36,065 | INFO | Epoch 171 Train Time 43.28527522087097s

2025-10-20 17:35:19,918 | INFO | Training epoch 172, Batch 1000/1000: LR=9.30e-05, Loss=2.42e-03 BER=9.56e-04 FER=1.75e-02
2025-10-20 17:35:19,977 | INFO | Epoch 172 Train Time 43.91068077087402s

2025-10-20 17:36:04,517 | INFO | Training epoch 173, Batch 1000/1000: LR=9.29e-05, Loss=2.40e-03 BER=9.31e-04 FER=1.73e-02
2025-10-20 17:36:04,557 | INFO | Epoch 173 Train Time 44.578261613845825s

2025-10-20 17:36:45,539 | INFO | Training epoch 174, Batch 1000/1000: LR=9.29e-05, Loss=2.38e-03 BER=9.36e-04 FER=1.73e-02
2025-10-20 17:36:45,577 | INFO | Epoch 174 Train Time 41.01904606819153s

2025-10-20 17:37:29,507 | INFO | Training epoch 175, Batch 1000/1000: LR=9.28e-05, Loss=2.45e-03 BER=9.68e-04 FER=1.78e-02
2025-10-20 17:37:29,546 | INFO | Epoch 175 Train Time 43.96776533126831s

2025-10-20 17:38:12,930 | INFO | Training epoch 176, Batch 1000/1000: LR=9.27e-05, Loss=2.41e-03 BER=9.52e-04 FER=1.76e-02
2025-10-20 17:38:12,969 | INFO | Epoch 176 Train Time 43.42164421081543s

2025-10-20 17:38:56,713 | INFO | Training epoch 177, Batch 1000/1000: LR=9.26e-05, Loss=2.45e-03 BER=9.79e-04 FER=1.82e-02
2025-10-20 17:38:56,747 | INFO | Epoch 177 Train Time 43.77736258506775s

2025-10-20 17:39:39,988 | INFO | Training epoch 178, Batch 1000/1000: LR=9.25e-05, Loss=2.47e-03 BER=9.75e-04 FER=1.77e-02
2025-10-20 17:39:40,017 | INFO | Epoch 178 Train Time 43.26890683174133s

2025-10-20 17:40:22,948 | INFO | Training epoch 179, Batch 1000/1000: LR=9.25e-05, Loss=2.40e-03 BER=9.49e-04 FER=1.74e-02
2025-10-20 17:40:22,987 | INFO | Epoch 179 Train Time 42.968526124954224s

2025-10-20 17:41:06,592 | INFO | Training epoch 180, Batch 1000/1000: LR=9.24e-05, Loss=2.33e-03 BER=9.23e-04 FER=1.71e-02
2025-10-20 17:41:06,644 | INFO | Epoch 180 Train Time 43.65456557273865s

2025-10-20 17:41:50,241 | INFO | Training epoch 181, Batch 1000/1000: LR=9.23e-05, Loss=2.43e-03 BER=9.49e-04 FER=1.78e-02
2025-10-20 17:41:50,295 | INFO | Epoch 181 Train Time 43.64961886405945s

2025-10-20 17:42:33,911 | INFO | Training epoch 182, Batch 1000/1000: LR=9.22e-05, Loss=2.47e-03 BER=9.85e-04 FER=1.80e-02
2025-10-20 17:42:33,952 | INFO | Epoch 182 Train Time 43.65597867965698s

2025-10-20 17:43:17,433 | INFO | Training epoch 183, Batch 1000/1000: LR=9.21e-05, Loss=2.40e-03 BER=9.49e-04 FER=1.75e-02
2025-10-20 17:43:17,481 | INFO | Epoch 183 Train Time 43.527079582214355s

2025-10-20 17:44:01,321 | INFO | Training epoch 184, Batch 1000/1000: LR=9.20e-05, Loss=2.37e-03 BER=9.31e-04 FER=1.73e-02
2025-10-20 17:44:01,371 | INFO | Epoch 184 Train Time 43.88827705383301s

2025-10-20 17:44:46,013 | INFO | Training epoch 185, Batch 1000/1000: LR=9.20e-05, Loss=2.48e-03 BER=9.85e-04 FER=1.79e-02
2025-10-20 17:44:46,065 | INFO | Epoch 185 Train Time 44.69350600242615s

2025-10-20 17:45:29,654 | INFO | Training epoch 186, Batch 1000/1000: LR=9.19e-05, Loss=2.38e-03 BER=9.33e-04 FER=1.74e-02
2025-10-20 17:45:29,689 | INFO | Epoch 186 Train Time 43.62187337875366s

2025-10-20 17:46:14,289 | INFO | Training epoch 187, Batch 1000/1000: LR=9.18e-05, Loss=2.38e-03 BER=9.40e-04 FER=1.73e-02
2025-10-20 17:46:14,326 | INFO | Epoch 187 Train Time 44.63517951965332s

2025-10-20 17:46:58,141 | INFO | Training epoch 188, Batch 1000/1000: LR=9.17e-05, Loss=2.46e-03 BER=9.80e-04 FER=1.78e-02
2025-10-20 17:46:58,191 | INFO | Epoch 188 Train Time 43.86401414871216s

2025-10-20 17:47:42,443 | INFO | Training epoch 189, Batch 1000/1000: LR=9.16e-05, Loss=2.37e-03 BER=9.41e-04 FER=1.72e-02
2025-10-20 17:47:42,502 | INFO | Epoch 189 Train Time 44.30972766876221s

2025-10-20 17:48:25,909 | INFO | Training epoch 190, Batch 1000/1000: LR=9.15e-05, Loss=2.33e-03 BER=9.18e-04 FER=1.69e-02
2025-10-20 17:48:25,946 | INFO | Epoch 190 Train Time 43.44172763824463s

2025-10-20 17:49:09,516 | INFO | Training epoch 191, Batch 1000/1000: LR=9.14e-05, Loss=2.38e-03 BER=9.39e-04 FER=1.74e-02
2025-10-20 17:49:09,557 | INFO | Epoch 191 Train Time 43.60998821258545s

2025-10-20 17:49:52,179 | INFO | Training epoch 192, Batch 1000/1000: LR=9.14e-05, Loss=2.43e-03 BER=9.60e-04 FER=1.75e-02
2025-10-20 17:49:52,213 | INFO | Epoch 192 Train Time 42.65505385398865s

2025-10-20 17:50:36,025 | INFO | Training epoch 193, Batch 1000/1000: LR=9.13e-05, Loss=2.49e-03 BER=9.84e-04 FER=1.80e-02
2025-10-20 17:50:36,067 | INFO | Epoch 193 Train Time 43.85326170921326s

2025-10-20 17:51:20,032 | INFO | Training epoch 194, Batch 1000/1000: LR=9.12e-05, Loss=2.46e-03 BER=9.81e-04 FER=1.78e-02
2025-10-20 17:51:20,091 | INFO | Epoch 194 Train Time 44.02237558364868s

2025-10-20 17:52:04,152 | INFO | Training epoch 195, Batch 1000/1000: LR=9.11e-05, Loss=2.47e-03 BER=9.84e-04 FER=1.78e-02
2025-10-20 17:52:04,215 | INFO | Epoch 195 Train Time 44.12280464172363s

2025-10-20 17:52:49,121 | INFO | Training epoch 196, Batch 1000/1000: LR=9.10e-05, Loss=2.43e-03 BER=9.48e-04 FER=1.75e-02
2025-10-20 17:52:49,169 | INFO | Epoch 196 Train Time 44.95289707183838s

2025-10-20 17:53:34,665 | INFO | Training epoch 197, Batch 1000/1000: LR=9.09e-05, Loss=2.37e-03 BER=9.37e-04 FER=1.71e-02
2025-10-20 17:53:34,748 | INFO | Epoch 197 Train Time 45.57752203941345s

2025-10-20 17:54:19,829 | INFO | Training epoch 198, Batch 1000/1000: LR=9.08e-05, Loss=2.40e-03 BER=9.57e-04 FER=1.73e-02
2025-10-20 17:54:19,866 | INFO | Epoch 198 Train Time 45.116933822631836s

2025-10-20 17:55:05,213 | INFO | Training epoch 199, Batch 1000/1000: LR=9.07e-05, Loss=2.59e-03 BER=1.01e-03 FER=1.86e-02
2025-10-20 17:55:05,262 | INFO | Epoch 199 Train Time 45.39421367645264s

2025-10-20 17:55:50,855 | INFO | Training epoch 200, Batch 1000/1000: LR=9.06e-05, Loss=2.39e-03 BER=9.47e-04 FER=1.74e-02
2025-10-20 17:55:50,897 | INFO | Epoch 200 Train Time 45.63426160812378s

2025-10-20 17:56:36,213 | INFO | Training epoch 201, Batch 1000/1000: LR=9.05e-05, Loss=2.36e-03 BER=9.32e-04 FER=1.71e-02
2025-10-20 17:56:36,268 | INFO | Epoch 201 Train Time 45.36971068382263s

2025-10-20 17:57:20,423 | INFO | Training epoch 202, Batch 1000/1000: LR=9.05e-05, Loss=2.45e-03 BER=9.74e-04 FER=1.78e-02
2025-10-20 17:57:20,482 | INFO | Epoch 202 Train Time 44.21126627922058s

2025-10-20 17:58:04,117 | INFO | Training epoch 203, Batch 1000/1000: LR=9.04e-05, Loss=2.39e-03 BER=9.45e-04 FER=1.74e-02
2025-10-20 17:58:04,161 | INFO | Epoch 203 Train Time 43.6767520904541s

2025-10-20 17:58:49,014 | INFO | Training epoch 204, Batch 1000/1000: LR=9.03e-05, Loss=2.28e-03 BER=9.07e-04 FER=1.65e-02
2025-10-20 17:58:49,051 | INFO | Epoch 204 Train Time 44.88831162452698s

2025-10-20 17:58:49,052 | INFO | [P1] saving best_model with loss 0.002283 at epoch 204
2025-10-20 17:59:33,010 | INFO | Training epoch 205, Batch 1000/1000: LR=9.02e-05, Loss=2.33e-03 BER=9.11e-04 FER=1.69e-02
2025-10-20 17:59:33,064 | INFO | Epoch 205 Train Time 43.90842914581299s

2025-10-20 18:00:19,410 | INFO | Training epoch 206, Batch 1000/1000: LR=9.01e-05, Loss=2.36e-03 BER=9.36e-04 FER=1.69e-02
2025-10-20 18:00:19,448 | INFO | Epoch 206 Train Time 46.38189387321472s

2025-10-20 18:01:03,200 | INFO | Training epoch 207, Batch 1000/1000: LR=9.00e-05, Loss=2.34e-03 BER=9.17e-04 FER=1.74e-02
2025-10-20 18:01:03,258 | INFO | Epoch 207 Train Time 43.80886459350586s

2025-10-20 18:01:47,717 | INFO | Training epoch 208, Batch 1000/1000: LR=8.99e-05, Loss=2.47e-03 BER=9.79e-04 FER=1.78e-02
2025-10-20 18:01:47,760 | INFO | Epoch 208 Train Time 44.50109028816223s

2025-10-20 18:02:32,485 | INFO | Training epoch 209, Batch 1000/1000: LR=8.98e-05, Loss=2.40e-03 BER=9.47e-04 FER=1.76e-02
2025-10-20 18:02:32,523 | INFO | Epoch 209 Train Time 44.76093363761902s

2025-10-20 18:03:17,835 | INFO | Training epoch 210, Batch 1000/1000: LR=8.97e-05, Loss=2.43e-03 BER=9.66e-04 FER=1.76e-02
2025-10-20 18:03:17,885 | INFO | Epoch 210 Train Time 45.361090660095215s

2025-10-20 18:04:03,732 | INFO | Training epoch 211, Batch 1000/1000: LR=8.96e-05, Loss=2.33e-03 BER=9.18e-04 FER=1.72e-02
2025-10-20 18:04:03,785 | INFO | Epoch 211 Train Time 45.89788746833801s

2025-10-20 18:04:48,119 | INFO | Training epoch 212, Batch 1000/1000: LR=8.95e-05, Loss=2.39e-03 BER=9.45e-04 FER=1.75e-02
2025-10-20 18:04:48,171 | INFO | Epoch 212 Train Time 44.38450527191162s

2025-10-20 18:05:32,407 | INFO | Training epoch 213, Batch 1000/1000: LR=8.94e-05, Loss=2.34e-03 BER=9.33e-04 FER=1.69e-02
2025-10-20 18:05:32,443 | INFO | Epoch 213 Train Time 44.27012014389038s

2025-10-20 18:06:16,008 | INFO | Training epoch 214, Batch 1000/1000: LR=8.93e-05, Loss=2.37e-03 BER=9.42e-04 FER=1.70e-02
2025-10-20 18:06:16,046 | INFO | Epoch 214 Train Time 43.602351665496826s

2025-10-20 18:06:58,729 | INFO | Training epoch 215, Batch 1000/1000: LR=8.92e-05, Loss=2.42e-03 BER=9.57e-04 FER=1.75e-02
2025-10-20 18:06:58,767 | INFO | Epoch 215 Train Time 42.7195463180542s

2025-10-20 18:07:41,357 | INFO | Training epoch 216, Batch 1000/1000: LR=8.91e-05, Loss=2.30e-03 BER=9.01e-04 FER=1.67e-02
2025-10-20 18:07:41,396 | INFO | Epoch 216 Train Time 42.62767839431763s

2025-10-20 18:08:25,310 | INFO | Training epoch 217, Batch 1000/1000: LR=8.90e-05, Loss=2.36e-03 BER=9.34e-04 FER=1.70e-02
2025-10-20 18:08:25,367 | INFO | Epoch 217 Train Time 43.96998572349548s

2025-10-20 18:09:09,121 | INFO | Training epoch 218, Batch 1000/1000: LR=8.89e-05, Loss=2.38e-03 BER=9.43e-04 FER=1.72e-02
2025-10-20 18:09:09,186 | INFO | Epoch 218 Train Time 43.817554235458374s

2025-10-20 18:09:51,741 | INFO | Training epoch 219, Batch 1000/1000: LR=8.88e-05, Loss=2.31e-03 BER=9.10e-04 FER=1.67e-02
2025-10-20 18:09:51,777 | INFO | Epoch 219 Train Time 42.59046816825867s

2025-10-20 18:10:35,670 | INFO | Training epoch 220, Batch 1000/1000: LR=8.87e-05, Loss=2.44e-03 BER=9.72e-04 FER=1.76e-02
2025-10-20 18:10:35,727 | INFO | Epoch 220 Train Time 43.948466062545776s

2025-10-20 18:11:19,798 | INFO | Training epoch 221, Batch 1000/1000: LR=8.86e-05, Loss=2.27e-03 BER=8.86e-04 FER=1.67e-02
2025-10-20 18:11:19,852 | INFO | Epoch 221 Train Time 44.12334489822388s

2025-10-20 18:11:19,852 | INFO | [P1] saving best_model with loss 0.002268 at epoch 221
2025-10-20 18:12:02,316 | INFO | Training epoch 222, Batch 1000/1000: LR=8.85e-05, Loss=2.39e-03 BER=9.40e-04 FER=1.70e-02
2025-10-20 18:12:02,363 | INFO | Epoch 222 Train Time 42.395206689834595s

2025-10-20 18:12:45,524 | INFO | Training epoch 223, Batch 1000/1000: LR=8.84e-05, Loss=2.41e-03 BER=9.40e-04 FER=1.72e-02
2025-10-20 18:12:45,572 | INFO | Epoch 223 Train Time 43.20738458633423s

2025-10-20 18:13:28,917 | INFO | Training epoch 224, Batch 1000/1000: LR=8.83e-05, Loss=2.41e-03 BER=9.58e-04 FER=1.74e-02
2025-10-20 18:13:28,978 | INFO | Epoch 224 Train Time 43.40428304672241s

2025-10-20 18:14:12,824 | INFO | Training epoch 225, Batch 1000/1000: LR=8.82e-05, Loss=2.43e-03 BER=9.67e-04 FER=1.75e-02
2025-10-20 18:14:12,873 | INFO | Epoch 225 Train Time 43.893277168273926s

2025-10-20 18:14:56,405 | INFO | Training epoch 226, Batch 1000/1000: LR=8.81e-05, Loss=2.30e-03 BER=9.08e-04 FER=1.65e-02
2025-10-20 18:14:56,445 | INFO | Epoch 226 Train Time 43.57119393348694s

2025-10-20 18:15:40,209 | INFO | Training epoch 227, Batch 1000/1000: LR=8.80e-05, Loss=2.43e-03 BER=9.49e-04 FER=1.75e-02
2025-10-20 18:15:40,245 | INFO | Epoch 227 Train Time 43.799274921417236s

2025-10-20 18:16:22,856 | INFO | Training epoch 228, Batch 1000/1000: LR=8.79e-05, Loss=2.41e-03 BER=9.46e-04 FER=1.72e-02
2025-10-20 18:16:22,908 | INFO | Epoch 228 Train Time 42.66122770309448s

2025-10-20 18:17:06,983 | INFO | Training epoch 229, Batch 1000/1000: LR=8.78e-05, Loss=2.33e-03 BER=9.31e-04 FER=1.72e-02
2025-10-20 18:17:07,063 | INFO | Epoch 229 Train Time 44.15266823768616s

2025-10-20 18:17:50,438 | INFO | Training epoch 230, Batch 1000/1000: LR=8.77e-05, Loss=2.38e-03 BER=9.33e-04 FER=1.70e-02
2025-10-20 18:17:50,488 | INFO | Epoch 230 Train Time 43.423022508621216s

2025-10-20 18:18:34,043 | INFO | Training epoch 231, Batch 1000/1000: LR=8.76e-05, Loss=2.27e-03 BER=9.18e-04 FER=1.67e-02
2025-10-20 18:18:34,080 | INFO | Epoch 231 Train Time 43.590555906295776s

2025-10-20 18:19:17,735 | INFO | Training epoch 232, Batch 1000/1000: LR=8.75e-05, Loss=2.35e-03 BER=9.37e-04 FER=1.70e-02
2025-10-20 18:19:17,774 | INFO | Epoch 232 Train Time 43.692659854888916s

2025-10-20 18:20:01,325 | INFO | Training epoch 233, Batch 1000/1000: LR=8.74e-05, Loss=2.47e-03 BER=9.71e-04 FER=1.76e-02
2025-10-20 18:20:01,396 | INFO | Epoch 233 Train Time 43.62040710449219s

2025-10-20 18:20:46,238 | INFO | Training epoch 234, Batch 1000/1000: LR=8.73e-05, Loss=2.33e-03 BER=9.22e-04 FER=1.68e-02
2025-10-20 18:20:46,282 | INFO | Epoch 234 Train Time 44.88470911979675s

2025-10-20 18:21:29,811 | INFO | Training epoch 235, Batch 1000/1000: LR=8.72e-05, Loss=2.41e-03 BER=9.50e-04 FER=1.77e-02
2025-10-20 18:21:29,867 | INFO | Epoch 235 Train Time 43.583779096603394s

2025-10-20 18:22:12,221 | INFO | Training epoch 236, Batch 1000/1000: LR=8.71e-05, Loss=2.34e-03 BER=9.17e-04 FER=1.69e-02
2025-10-20 18:22:12,273 | INFO | Epoch 236 Train Time 42.40456986427307s

2025-10-20 18:22:56,025 | INFO | Training epoch 237, Batch 1000/1000: LR=8.70e-05, Loss=2.36e-03 BER=9.43e-04 FER=1.68e-02
2025-10-20 18:22:56,075 | INFO | Epoch 237 Train Time 43.800528049468994s

2025-10-20 18:23:39,929 | INFO | Training epoch 238, Batch 1000/1000: LR=8.69e-05, Loss=2.35e-03 BER=9.29e-04 FER=1.73e-02
2025-10-20 18:23:39,977 | INFO | Epoch 238 Train Time 43.9007568359375s

2025-10-20 18:24:23,309 | INFO | Training epoch 239, Batch 1000/1000: LR=8.68e-05, Loss=2.35e-03 BER=9.20e-04 FER=1.70e-02
2025-10-20 18:24:23,361 | INFO | Epoch 239 Train Time 43.38239908218384s

2025-10-20 18:25:06,026 | INFO | Training epoch 240, Batch 1000/1000: LR=8.67e-05, Loss=2.34e-03 BER=9.40e-04 FER=1.70e-02
2025-10-20 18:25:06,064 | INFO | Epoch 240 Train Time 42.70183968544006s

2025-10-20 18:25:50,629 | INFO | Training epoch 241, Batch 1000/1000: LR=8.66e-05, Loss=2.38e-03 BER=9.46e-04 FER=1.73e-02
2025-10-20 18:25:50,678 | INFO | Epoch 241 Train Time 44.61274003982544s

2025-10-20 18:26:34,821 | INFO | Training epoch 242, Batch 1000/1000: LR=8.65e-05, Loss=2.33e-03 BER=9.22e-04 FER=1.68e-02
2025-10-20 18:26:34,875 | INFO | Epoch 242 Train Time 44.19541621208191s

2025-10-20 18:27:19,045 | INFO | Training epoch 243, Batch 1000/1000: LR=8.64e-05, Loss=2.38e-03 BER=9.42e-04 FER=1.73e-02
2025-10-20 18:27:19,095 | INFO | Epoch 243 Train Time 44.218087911605835s

2025-10-20 18:28:02,841 | INFO | Training epoch 244, Batch 1000/1000: LR=8.63e-05, Loss=2.46e-03 BER=9.71e-04 FER=1.76e-02
2025-10-20 18:28:02,907 | INFO | Epoch 244 Train Time 43.81137204170227s

2025-10-20 18:28:46,283 | INFO | Training epoch 245, Batch 1000/1000: LR=8.62e-05, Loss=2.35e-03 BER=9.42e-04 FER=1.71e-02
2025-10-20 18:28:46,318 | INFO | Epoch 245 Train Time 43.40922236442566s

2025-10-20 18:29:30,530 | INFO | Training epoch 246, Batch 1000/1000: LR=8.60e-05, Loss=2.39e-03 BER=9.45e-04 FER=1.74e-02
2025-10-20 18:29:30,581 | INFO | Epoch 246 Train Time 44.26172637939453s

2025-10-20 18:30:15,135 | INFO | Training epoch 247, Batch 1000/1000: LR=8.59e-05, Loss=2.34e-03 BER=9.33e-04 FER=1.70e-02
2025-10-20 18:30:15,171 | INFO | Epoch 247 Train Time 44.58911752700806s

2025-10-20 18:30:57,344 | INFO | Training epoch 248, Batch 1000/1000: LR=8.58e-05, Loss=2.45e-03 BER=9.66e-04 FER=1.79e-02
2025-10-20 18:30:57,382 | INFO | Epoch 248 Train Time 42.21016478538513s

2025-10-20 18:31:41,028 | INFO | Training epoch 249, Batch 1000/1000: LR=8.57e-05, Loss=2.33e-03 BER=9.23e-04 FER=1.72e-02
2025-10-20 18:31:41,069 | INFO | Epoch 249 Train Time 43.685776233673096s

2025-10-20 18:32:25,625 | INFO | Training epoch 250, Batch 1000/1000: LR=8.56e-05, Loss=2.29e-03 BER=8.94e-04 FER=1.65e-02
2025-10-20 18:32:25,675 | INFO | Epoch 250 Train Time 44.60410928726196s

2025-10-20 18:33:08,020 | INFO | Training epoch 251, Batch 1000/1000: LR=8.55e-05, Loss=2.29e-03 BER=9.15e-04 FER=1.67e-02
2025-10-20 18:33:08,068 | INFO | Epoch 251 Train Time 42.392417907714844s

2025-10-20 18:33:50,099 | INFO | Training epoch 252, Batch 1000/1000: LR=8.54e-05, Loss=2.34e-03 BER=9.18e-04 FER=1.69e-02
2025-10-20 18:33:50,151 | INFO | Epoch 252 Train Time 42.081660747528076s

2025-10-20 18:34:32,880 | INFO | Training epoch 253, Batch 1000/1000: LR=8.53e-05, Loss=2.33e-03 BER=9.19e-04 FER=1.69e-02
2025-10-20 18:34:32,919 | INFO | Epoch 253 Train Time 42.76659536361694s

2025-10-20 18:35:16,203 | INFO | Training epoch 254, Batch 1000/1000: LR=8.52e-05, Loss=2.38e-03 BER=9.54e-04 FER=1.74e-02
2025-10-20 18:35:16,253 | INFO | Epoch 254 Train Time 43.33359718322754s

2025-10-20 18:35:59,230 | INFO | Training epoch 255, Batch 1000/1000: LR=8.51e-05, Loss=2.35e-03 BER=9.14e-04 FER=1.69e-02
2025-10-20 18:35:59,266 | INFO | Epoch 255 Train Time 43.01170587539673s

2025-10-20 18:36:43,207 | INFO | Training epoch 256, Batch 1000/1000: LR=8.49e-05, Loss=2.38e-03 BER=9.36e-04 FER=1.72e-02
2025-10-20 18:36:43,246 | INFO | Epoch 256 Train Time 43.97872734069824s

2025-10-20 18:37:26,987 | INFO | Training epoch 257, Batch 1000/1000: LR=8.48e-05, Loss=2.37e-03 BER=9.40e-04 FER=1.74e-02
2025-10-20 18:37:27,039 | INFO | Epoch 257 Train Time 43.79132413864136s

2025-10-20 18:38:10,512 | INFO | Training epoch 258, Batch 1000/1000: LR=8.47e-05, Loss=2.44e-03 BER=9.67e-04 FER=1.76e-02
2025-10-20 18:38:10,563 | INFO | Epoch 258 Train Time 43.522401094436646s

2025-10-20 18:38:53,608 | INFO | Training epoch 259, Batch 1000/1000: LR=8.46e-05, Loss=2.38e-03 BER=9.41e-04 FER=1.71e-02
2025-10-20 18:38:53,652 | INFO | Epoch 259 Train Time 43.08869194984436s

2025-10-20 18:39:37,228 | INFO | Training epoch 260, Batch 1000/1000: LR=8.45e-05, Loss=2.30e-03 BER=9.05e-04 FER=1.66e-02
2025-10-20 18:39:37,279 | INFO | Epoch 260 Train Time 43.625667572021484s

2025-10-20 18:40:20,929 | INFO | Training epoch 261, Batch 1000/1000: LR=8.44e-05, Loss=2.39e-03 BER=9.38e-04 FER=1.70e-02
2025-10-20 18:40:20,981 | INFO | Epoch 261 Train Time 43.69986963272095s

2025-10-20 18:41:04,483 | INFO | Training epoch 262, Batch 1000/1000: LR=8.43e-05, Loss=2.34e-03 BER=9.17e-04 FER=1.71e-02
2025-10-20 18:41:04,520 | INFO | Epoch 262 Train Time 43.537981033325195s

2025-10-20 18:41:47,023 | INFO | Training epoch 263, Batch 1000/1000: LR=8.42e-05, Loss=2.32e-03 BER=9.28e-04 FER=1.68e-02
2025-10-20 18:41:47,063 | INFO | Epoch 263 Train Time 42.54194927215576s

2025-10-20 18:42:30,878 | INFO | Training epoch 264, Batch 1000/1000: LR=8.40e-05, Loss=2.41e-03 BER=9.40e-04 FER=1.71e-02
2025-10-20 18:42:30,926 | INFO | Epoch 264 Train Time 43.86181879043579s

2025-10-20 18:43:14,821 | INFO | Training epoch 265, Batch 1000/1000: LR=8.39e-05, Loss=2.42e-03 BER=9.59e-04 FER=1.74e-02
2025-10-20 18:43:14,854 | INFO | Epoch 265 Train Time 43.925450801849365s

2025-10-20 18:43:57,899 | INFO | Training epoch 266, Batch 1000/1000: LR=8.38e-05, Loss=2.35e-03 BER=9.39e-04 FER=1.72e-02
2025-10-20 18:43:57,939 | INFO | Epoch 266 Train Time 43.08309888839722s

2025-10-20 18:44:40,510 | INFO | Training epoch 267, Batch 1000/1000: LR=8.37e-05, Loss=2.31e-03 BER=9.22e-04 FER=1.68e-02
2025-10-20 18:44:40,546 | INFO | Epoch 267 Train Time 42.60582137107849s

2025-10-20 18:45:23,146 | INFO | Training epoch 268, Batch 1000/1000: LR=8.36e-05, Loss=2.38e-03 BER=9.44e-04 FER=1.74e-02
2025-10-20 18:45:23,190 | INFO | Epoch 268 Train Time 42.64204287528992s

2025-10-20 18:46:06,525 | INFO | Training epoch 269, Batch 1000/1000: LR=8.35e-05, Loss=2.29e-03 BER=9.15e-04 FER=1.66e-02
2025-10-20 18:46:06,574 | INFO | Epoch 269 Train Time 43.38255262374878s

2025-10-20 18:46:50,415 | INFO | Training epoch 270, Batch 1000/1000: LR=8.34e-05, Loss=2.49e-03 BER=9.97e-04 FER=1.79e-02
2025-10-20 18:46:50,469 | INFO | Epoch 270 Train Time 43.89352345466614s

2025-10-20 18:47:33,178 | INFO | Training epoch 271, Batch 1000/1000: LR=8.32e-05, Loss=2.35e-03 BER=9.23e-04 FER=1.70e-02
2025-10-20 18:47:33,232 | INFO | Epoch 271 Train Time 42.761894941329956s

2025-10-20 18:48:16,318 | INFO | Training epoch 272, Batch 1000/1000: LR=8.31e-05, Loss=2.34e-03 BER=9.29e-04 FER=1.69e-02
2025-10-20 18:48:16,359 | INFO | Epoch 272 Train Time 43.12573313713074s

2025-10-20 18:49:00,540 | INFO | Training epoch 273, Batch 1000/1000: LR=8.30e-05, Loss=2.32e-03 BER=9.23e-04 FER=1.64e-02
2025-10-20 18:49:00,593 | INFO | Epoch 273 Train Time 44.23330903053284s

2025-10-20 18:49:44,324 | INFO | Training epoch 274, Batch 1000/1000: LR=8.29e-05, Loss=2.28e-03 BER=9.04e-04 FER=1.65e-02
2025-10-20 18:49:44,360 | INFO | Epoch 274 Train Time 43.765284299850464s

2025-10-20 18:50:28,840 | INFO | Training epoch 275, Batch 1000/1000: LR=8.28e-05, Loss=2.34e-03 BER=9.22e-04 FER=1.65e-02
2025-10-20 18:50:28,877 | INFO | Epoch 275 Train Time 44.51632571220398s

2025-10-20 18:51:13,710 | INFO | Training epoch 276, Batch 1000/1000: LR=8.26e-05, Loss=2.35e-03 BER=9.31e-04 FER=1.68e-02
2025-10-20 18:51:13,744 | INFO | Epoch 276 Train Time 44.86577033996582s

2025-10-20 18:51:54,300 | INFO | Training epoch 277, Batch 1000/1000: LR=8.25e-05, Loss=2.39e-03 BER=9.51e-04 FER=1.71e-02
2025-10-20 18:51:54,350 | INFO | Epoch 277 Train Time 40.6049644947052s

2025-10-20 18:52:37,313 | INFO | Training epoch 278, Batch 1000/1000: LR=8.24e-05, Loss=2.30e-03 BER=9.15e-04 FER=1.67e-02
2025-10-20 18:52:37,354 | INFO | Epoch 278 Train Time 43.00273585319519s

2025-10-20 18:53:20,816 | INFO | Training epoch 279, Batch 1000/1000: LR=8.23e-05, Loss=2.31e-03 BER=9.11e-04 FER=1.65e-02
2025-10-20 18:53:20,865 | INFO | Epoch 279 Train Time 43.50903534889221s

2025-10-20 18:54:04,217 | INFO | Training epoch 280, Batch 1000/1000: LR=8.22e-05, Loss=2.32e-03 BER=9.30e-04 FER=1.67e-02
2025-10-20 18:54:04,265 | INFO | Epoch 280 Train Time 43.3996205329895s

2025-10-20 18:54:48,311 | INFO | Training epoch 281, Batch 1000/1000: LR=8.21e-05, Loss=2.39e-03 BER=9.48e-04 FER=1.72e-02
2025-10-20 18:54:48,351 | INFO | Epoch 281 Train Time 44.08412742614746s

2025-10-20 18:55:32,120 | INFO | Training epoch 282, Batch 1000/1000: LR=8.19e-05, Loss=2.31e-03 BER=9.25e-04 FER=1.66e-02
2025-10-20 18:55:32,157 | INFO | Epoch 282 Train Time 43.804691314697266s

2025-10-20 18:56:15,931 | INFO | Training epoch 283, Batch 1000/1000: LR=8.18e-05, Loss=2.24e-03 BER=8.89e-04 FER=1.65e-02
2025-10-20 18:56:15,969 | INFO | Epoch 283 Train Time 43.81136083602905s

2025-10-20 18:56:15,970 | INFO | [P1] saving best_model with loss 0.002245 at epoch 283
2025-10-20 18:56:58,933 | INFO | Training epoch 284, Batch 1000/1000: LR=8.17e-05, Loss=2.34e-03 BER=9.24e-04 FER=1.69e-02
2025-10-20 18:56:58,969 | INFO | Epoch 284 Train Time 42.90370750427246s

2025-10-20 18:57:42,008 | INFO | Training epoch 285, Batch 1000/1000: LR=8.16e-05, Loss=2.32e-03 BER=9.30e-04 FER=1.69e-02
2025-10-20 18:57:42,046 | INFO | Epoch 285 Train Time 43.075339794158936s

2025-10-20 18:58:25,418 | INFO | Training epoch 286, Batch 1000/1000: LR=8.14e-05, Loss=2.28e-03 BER=9.11e-04 FER=1.68e-02
2025-10-20 18:58:25,468 | INFO | Epoch 286 Train Time 43.42085242271423s

2025-10-20 18:59:08,020 | INFO | Training epoch 287, Batch 1000/1000: LR=8.13e-05, Loss=2.29e-03 BER=8.99e-04 FER=1.64e-02
2025-10-20 18:59:08,058 | INFO | Epoch 287 Train Time 42.58842492103577s

2025-10-20 18:59:52,520 | INFO | Training epoch 288, Batch 1000/1000: LR=8.12e-05, Loss=2.38e-03 BER=9.42e-04 FER=1.68e-02
2025-10-20 18:59:52,585 | INFO | Epoch 288 Train Time 44.52569031715393s

2025-10-20 19:00:34,963 | INFO | Training epoch 289, Batch 1000/1000: LR=8.11e-05, Loss=2.42e-03 BER=9.52e-04 FER=1.72e-02
2025-10-20 19:00:34,996 | INFO | Epoch 289 Train Time 42.41003489494324s

2025-10-20 19:01:16,265 | INFO | Training epoch 290, Batch 1000/1000: LR=8.10e-05, Loss=2.36e-03 BER=9.34e-04 FER=1.68e-02
2025-10-20 19:01:16,310 | INFO | Epoch 290 Train Time 41.31262516975403s

2025-10-20 19:01:58,241 | INFO | Training epoch 291, Batch 1000/1000: LR=8.08e-05, Loss=2.36e-03 BER=9.29e-04 FER=1.71e-02
2025-10-20 19:01:58,285 | INFO | Epoch 291 Train Time 41.97407817840576s

2025-10-20 19:02:42,520 | INFO | Training epoch 292, Batch 1000/1000: LR=8.07e-05, Loss=2.33e-03 BER=9.25e-04 FER=1.69e-02
2025-10-20 19:02:42,556 | INFO | Epoch 292 Train Time 44.2696430683136s

2025-10-20 19:03:27,134 | INFO | Training epoch 293, Batch 1000/1000: LR=8.06e-05, Loss=2.37e-03 BER=9.40e-04 FER=1.67e-02
2025-10-20 19:03:27,177 | INFO | Epoch 293 Train Time 44.62010955810547s

2025-10-20 19:04:10,311 | INFO | Training epoch 294, Batch 1000/1000: LR=8.05e-05, Loss=2.34e-03 BER=9.27e-04 FER=1.67e-02
2025-10-20 19:04:10,355 | INFO | Epoch 294 Train Time 43.17688226699829s

2025-10-20 19:04:54,126 | INFO | Training epoch 295, Batch 1000/1000: LR=8.03e-05, Loss=2.33e-03 BER=9.27e-04 FER=1.68e-02
2025-10-20 19:04:54,176 | INFO | Epoch 295 Train Time 43.819639682769775s

2025-10-20 19:05:37,853 | INFO | Training epoch 296, Batch 1000/1000: LR=8.02e-05, Loss=2.38e-03 BER=9.50e-04 FER=1.72e-02
2025-10-20 19:05:37,891 | INFO | Epoch 296 Train Time 43.71378445625305s

2025-10-20 19:06:21,515 | INFO | Training epoch 297, Batch 1000/1000: LR=8.01e-05, Loss=2.44e-03 BER=9.64e-04 FER=1.74e-02
2025-10-20 19:06:21,557 | INFO | Epoch 297 Train Time 43.66441893577576s

2025-10-20 19:07:04,939 | INFO | Training epoch 298, Batch 1000/1000: LR=8.00e-05, Loss=2.30e-03 BER=9.19e-04 FER=1.67e-02
2025-10-20 19:07:04,993 | INFO | Epoch 298 Train Time 43.43509221076965s

2025-10-20 19:07:48,616 | INFO | Training epoch 299, Batch 1000/1000: LR=7.98e-05, Loss=2.33e-03 BER=9.27e-04 FER=1.71e-02
2025-10-20 19:07:48,656 | INFO | Epoch 299 Train Time 43.66179156303406s

2025-10-20 19:08:31,313 | INFO | Training epoch 300, Batch 1000/1000: LR=7.97e-05, Loss=2.26e-03 BER=8.88e-04 FER=1.62e-02
2025-10-20 19:08:31,360 | INFO | Epoch 300 Train Time 42.703474283218384s

2025-10-20 19:09:15,322 | INFO | Training epoch 301, Batch 1000/1000: LR=7.96e-05, Loss=2.27e-03 BER=9.04e-04 FER=1.65e-02
2025-10-20 19:09:15,357 | INFO | Epoch 301 Train Time 43.99511361122131s

2025-10-20 19:09:58,509 | INFO | Training epoch 302, Batch 1000/1000: LR=7.95e-05, Loss=2.34e-03 BER=9.29e-04 FER=1.67e-02
2025-10-20 19:09:58,564 | INFO | Epoch 302 Train Time 43.20581245422363s

2025-10-20 19:10:41,506 | INFO | Training epoch 303, Batch 1000/1000: LR=7.93e-05, Loss=2.30e-03 BER=8.98e-04 FER=1.64e-02
2025-10-20 19:10:41,543 | INFO | Epoch 303 Train Time 42.97755575180054s

2025-10-20 19:11:25,345 | INFO | Training epoch 304, Batch 1000/1000: LR=7.92e-05, Loss=2.27e-03 BER=8.89e-04 FER=1.60e-02
2025-10-20 19:11:25,404 | INFO | Epoch 304 Train Time 43.85960626602173s

2025-10-20 19:12:08,397 | INFO | Training epoch 305, Batch 1000/1000: LR=7.91e-05, Loss=2.26e-03 BER=9.04e-04 FER=1.63e-02
2025-10-20 19:12:08,436 | INFO | Epoch 305 Train Time 43.031899213790894s

2025-10-20 19:12:50,946 | INFO | Training epoch 306, Batch 1000/1000: LR=7.90e-05, Loss=2.31e-03 BER=9.23e-04 FER=1.67e-02
2025-10-20 19:12:50,993 | INFO | Epoch 306 Train Time 42.5545220375061s

2025-10-20 19:13:34,610 | INFO | Training epoch 307, Batch 1000/1000: LR=7.88e-05, Loss=2.23e-03 BER=8.87e-04 FER=1.61e-02
2025-10-20 19:13:34,648 | INFO | Epoch 307 Train Time 43.65396308898926s

2025-10-20 19:13:34,648 | INFO | [P1] saving best_model with loss 0.002230 at epoch 307
2025-10-20 19:14:17,507 | INFO | Training epoch 308, Batch 1000/1000: LR=7.87e-05, Loss=2.30e-03 BER=9.04e-04 FER=1.65e-02
2025-10-20 19:14:17,546 | INFO | Epoch 308 Train Time 42.78780174255371s

2025-10-20 19:15:01,379 | INFO | Training epoch 309, Batch 1000/1000: LR=7.86e-05, Loss=2.34e-03 BER=9.27e-04 FER=1.66e-02
2025-10-20 19:15:01,445 | INFO | Epoch 309 Train Time 43.89757752418518s

2025-10-20 19:15:45,475 | INFO | Training epoch 310, Batch 1000/1000: LR=7.85e-05, Loss=2.29e-03 BER=9.11e-04 FER=1.66e-02
2025-10-20 19:15:45,523 | INFO | Epoch 310 Train Time 44.0770149230957s

2025-10-20 19:16:29,547 | INFO | Training epoch 311, Batch 1000/1000: LR=7.83e-05, Loss=2.47e-03 BER=9.64e-04 FER=1.74e-02
2025-10-20 19:16:29,595 | INFO | Epoch 311 Train Time 44.07033634185791s

2025-10-20 19:17:12,759 | INFO | Training epoch 312, Batch 1000/1000: LR=7.82e-05, Loss=2.29e-03 BER=9.11e-04 FER=1.64e-02
2025-10-20 19:17:12,806 | INFO | Epoch 312 Train Time 43.20973753929138s

2025-10-20 19:17:54,134 | INFO | Training epoch 313, Batch 1000/1000: LR=7.81e-05, Loss=2.17e-03 BER=8.77e-04 FER=1.58e-02
2025-10-20 19:17:54,172 | INFO | Epoch 313 Train Time 41.36516809463501s

2025-10-20 19:17:54,173 | INFO | [P1] saving best_model with loss 0.002173 at epoch 313
2025-10-20 19:18:37,109 | INFO | Training epoch 314, Batch 1000/1000: LR=7.79e-05, Loss=2.28e-03 BER=9.06e-04 FER=1.67e-02
2025-10-20 19:18:37,157 | INFO | Epoch 314 Train Time 42.88244581222534s

2025-10-20 19:19:20,753 | INFO | Training epoch 315, Batch 1000/1000: LR=7.78e-05, Loss=2.32e-03 BER=9.25e-04 FER=1.67e-02
2025-10-20 19:19:20,816 | INFO | Epoch 315 Train Time 43.6582567691803s

2025-10-20 19:20:04,737 | INFO | Training epoch 316, Batch 1000/1000: LR=7.77e-05, Loss=2.17e-03 BER=8.64e-04 FER=1.54e-02
2025-10-20 19:20:04,784 | INFO | Epoch 316 Train Time 43.96639823913574s

2025-10-20 19:20:04,784 | INFO | [P1] saving best_model with loss 0.002172 at epoch 316
2025-10-20 19:20:48,584 | INFO | Training epoch 317, Batch 1000/1000: LR=7.75e-05, Loss=2.27e-03 BER=9.00e-04 FER=1.65e-02
2025-10-20 19:20:48,634 | INFO | Epoch 317 Train Time 43.75485587120056s

2025-10-20 19:21:33,011 | INFO | Training epoch 318, Batch 1000/1000: LR=7.74e-05, Loss=2.30e-03 BER=9.04e-04 FER=1.63e-02
2025-10-20 19:21:33,062 | INFO | Epoch 318 Train Time 44.426764726638794s

2025-10-20 19:22:15,715 | INFO | Training epoch 319, Batch 1000/1000: LR=7.73e-05, Loss=2.36e-03 BER=9.34e-04 FER=1.69e-02
2025-10-20 19:22:15,759 | INFO | Epoch 319 Train Time 42.69644856452942s

2025-10-20 19:22:59,425 | INFO | Training epoch 320, Batch 1000/1000: LR=7.72e-05, Loss=2.35e-03 BER=9.33e-04 FER=1.69e-02
2025-10-20 19:22:59,473 | INFO | Epoch 320 Train Time 43.71293544769287s

2025-10-20 19:23:42,954 | INFO | Training epoch 321, Batch 1000/1000: LR=7.70e-05, Loss=2.29e-03 BER=9.00e-04 FER=1.63e-02
2025-10-20 19:23:43,002 | INFO | Epoch 321 Train Time 43.52784061431885s

2025-10-20 19:24:26,895 | INFO | Training epoch 322, Batch 1000/1000: LR=7.69e-05, Loss=2.27e-03 BER=8.92e-04 FER=1.62e-02
2025-10-20 19:24:26,948 | INFO | Epoch 322 Train Time 43.94421696662903s

2025-10-20 19:25:10,715 | INFO | Training epoch 323, Batch 1000/1000: LR=7.68e-05, Loss=2.34e-03 BER=9.24e-04 FER=1.68e-02
2025-10-20 19:25:10,755 | INFO | Epoch 323 Train Time 43.80649161338806s

2025-10-20 19:25:55,625 | INFO | Training epoch 324, Batch 1000/1000: LR=7.66e-05, Loss=2.34e-03 BER=9.23e-04 FER=1.67e-02
2025-10-20 19:25:55,665 | INFO | Epoch 324 Train Time 44.90820813179016s

2025-10-20 19:26:39,513 | INFO | Training epoch 325, Batch 1000/1000: LR=7.65e-05, Loss=2.29e-03 BER=9.03e-04 FER=1.64e-02
2025-10-20 19:26:39,554 | INFO | Epoch 325 Train Time 43.887473344802856s

2025-10-20 19:27:22,924 | INFO | Training epoch 326, Batch 1000/1000: LR=7.64e-05, Loss=2.32e-03 BER=9.23e-04 FER=1.67e-02
2025-10-20 19:27:22,963 | INFO | Epoch 326 Train Time 43.40870642662048s

2025-10-20 19:28:06,507 | INFO | Training epoch 327, Batch 1000/1000: LR=7.62e-05, Loss=2.27e-03 BER=9.06e-04 FER=1.64e-02
2025-10-20 19:28:06,547 | INFO | Epoch 327 Train Time 43.58251428604126s

2025-10-20 19:28:49,284 | INFO | Training epoch 328, Batch 1000/1000: LR=7.61e-05, Loss=2.34e-03 BER=9.22e-04 FER=1.69e-02
2025-10-20 19:28:49,319 | INFO | Epoch 328 Train Time 42.77087140083313s

2025-10-20 19:29:31,521 | INFO | Training epoch 329, Batch 1000/1000: LR=7.60e-05, Loss=2.26e-03 BER=8.98e-04 FER=1.62e-02
2025-10-20 19:29:31,574 | INFO | Epoch 329 Train Time 42.25403928756714s

2025-10-20 19:30:12,936 | INFO | Training epoch 330, Batch 1000/1000: LR=7.58e-05, Loss=2.30e-03 BER=9.05e-04 FER=1.63e-02
2025-10-20 19:30:12,975 | INFO | Epoch 330 Train Time 41.399847984313965s

2025-10-20 19:30:55,812 | INFO | Training epoch 331, Batch 1000/1000: LR=7.57e-05, Loss=2.33e-03 BER=9.26e-04 FER=1.66e-02
2025-10-20 19:30:55,854 | INFO | Epoch 331 Train Time 42.87758684158325s

2025-10-20 19:31:39,409 | INFO | Training epoch 332, Batch 1000/1000: LR=7.56e-05, Loss=2.33e-03 BER=9.07e-04 FER=1.64e-02
2025-10-20 19:31:39,455 | INFO | Epoch 332 Train Time 43.60029172897339s

2025-10-20 19:32:22,525 | INFO | Training epoch 333, Batch 1000/1000: LR=7.54e-05, Loss=2.33e-03 BER=9.27e-04 FER=1.67e-02
2025-10-20 19:32:22,568 | INFO | Epoch 333 Train Time 43.111079931259155s

2025-10-20 19:33:06,729 | INFO | Training epoch 334, Batch 1000/1000: LR=7.53e-05, Loss=2.29e-03 BER=9.05e-04 FER=1.61e-02
2025-10-20 19:33:06,769 | INFO | Epoch 334 Train Time 44.19901180267334s

2025-10-20 19:33:48,836 | INFO | Training epoch 335, Batch 1000/1000: LR=7.52e-05, Loss=2.30e-03 BER=9.11e-04 FER=1.65e-02
2025-10-20 19:33:48,893 | INFO | Epoch 335 Train Time 42.12246870994568s

2025-10-20 19:34:31,582 | INFO | Training epoch 336, Batch 1000/1000: LR=7.50e-05, Loss=2.36e-03 BER=9.29e-04 FER=1.66e-02
2025-10-20 19:34:31,625 | INFO | Epoch 336 Train Time 42.73063135147095s

2025-10-20 19:35:13,926 | INFO | Training epoch 337, Batch 1000/1000: LR=7.49e-05, Loss=2.29e-03 BER=9.11e-04 FER=1.64e-02
2025-10-20 19:35:13,964 | INFO | Epoch 337 Train Time 42.338409662246704s

2025-10-20 19:35:56,003 | INFO | Training epoch 338, Batch 1000/1000: LR=7.48e-05, Loss=2.44e-03 BER=9.69e-04 FER=1.74e-02
2025-10-20 19:35:56,038 | INFO | Epoch 338 Train Time 42.072508335113525s

2025-10-20 19:36:39,714 | INFO | Training epoch 339, Batch 1000/1000: LR=7.46e-05, Loss=2.34e-03 BER=9.27e-04 FER=1.67e-02
2025-10-20 19:36:39,751 | INFO | Epoch 339 Train Time 43.71248531341553s

2025-10-20 19:37:22,508 | INFO | Training epoch 340, Batch 1000/1000: LR=7.45e-05, Loss=2.28e-03 BER=9.01e-04 FER=1.65e-02
2025-10-20 19:37:22,553 | INFO | Epoch 340 Train Time 42.80018210411072s

2025-10-20 19:38:06,409 | INFO | Training epoch 341, Batch 1000/1000: LR=7.43e-05, Loss=2.28e-03 BER=9.03e-04 FER=1.63e-02
2025-10-20 19:38:06,449 | INFO | Epoch 341 Train Time 43.89442777633667s

2025-10-20 19:38:49,648 | INFO | Training epoch 342, Batch 1000/1000: LR=7.42e-05, Loss=2.24e-03 BER=8.84e-04 FER=1.59e-02
2025-10-20 19:38:49,711 | INFO | Epoch 342 Train Time 43.26089310646057s

2025-10-20 19:39:33,815 | INFO | Training epoch 343, Batch 1000/1000: LR=7.41e-05, Loss=2.26e-03 BER=8.94e-04 FER=1.64e-02
2025-10-20 19:39:33,849 | INFO | Epoch 343 Train Time 44.1373770236969s

2025-10-20 19:40:16,984 | INFO | Training epoch 344, Batch 1000/1000: LR=7.39e-05, Loss=2.18e-03 BER=8.59e-04 FER=1.56e-02
2025-10-20 19:40:17,021 | INFO | Epoch 344 Train Time 43.170060873031616s

2025-10-20 19:41:00,678 | INFO | Training epoch 345, Batch 1000/1000: LR=7.38e-05, Loss=2.23e-03 BER=8.91e-04 FER=1.60e-02
2025-10-20 19:41:00,715 | INFO | Epoch 345 Train Time 43.69245362281799s

2025-10-20 19:41:44,327 | INFO | Training epoch 346, Batch 1000/1000: LR=7.37e-05, Loss=2.28e-03 BER=9.02e-04 FER=1.64e-02
2025-10-20 19:41:44,370 | INFO | Epoch 346 Train Time 43.65342926979065s

2025-10-20 19:42:27,894 | INFO | Training epoch 347, Batch 1000/1000: LR=7.35e-05, Loss=2.23e-03 BER=8.83e-04 FER=1.58e-02
2025-10-20 19:42:27,958 | INFO | Epoch 347 Train Time 43.58694887161255s

2025-10-20 19:43:11,294 | INFO | Training epoch 348, Batch 1000/1000: LR=7.34e-05, Loss=2.33e-03 BER=9.21e-04 FER=1.67e-02
2025-10-20 19:43:11,329 | INFO | Epoch 348 Train Time 43.37001919746399s

2025-10-20 19:43:54,618 | INFO | Training epoch 349, Batch 1000/1000: LR=7.32e-05, Loss=2.33e-03 BER=9.14e-04 FER=1.66e-02
2025-10-20 19:43:54,684 | INFO | Epoch 349 Train Time 43.353718519210815s

2025-10-20 19:44:39,018 | INFO | Training epoch 350, Batch 1000/1000: LR=7.31e-05, Loss=2.23e-03 BER=8.81e-04 FER=1.60e-02
2025-10-20 19:44:39,054 | INFO | Epoch 350 Train Time 44.368480920791626s

2025-10-20 19:45:23,309 | INFO | Training epoch 351, Batch 1000/1000: LR=7.30e-05, Loss=2.18e-03 BER=8.62e-04 FER=1.57e-02
2025-10-20 19:45:23,363 | INFO | Epoch 351 Train Time 44.30829954147339s

2025-10-20 19:46:07,228 | INFO | Training epoch 352, Batch 1000/1000: LR=7.28e-05, Loss=2.22e-03 BER=8.78e-04 FER=1.57e-02
2025-10-20 19:46:07,271 | INFO | Epoch 352 Train Time 43.906673431396484s

2025-10-20 19:46:49,525 | INFO | Training epoch 353, Batch 1000/1000: LR=7.27e-05, Loss=2.21e-03 BER=8.76e-04 FER=1.58e-02
2025-10-20 19:46:49,577 | INFO | Epoch 353 Train Time 42.30423712730408s

2025-10-20 19:47:31,730 | INFO | Training epoch 354, Batch 1000/1000: LR=7.26e-05, Loss=2.22e-03 BER=8.86e-04 FER=1.59e-02
2025-10-20 19:47:31,775 | INFO | Epoch 354 Train Time 42.196558713912964s

2025-10-20 19:48:15,706 | INFO | Training epoch 355, Batch 1000/1000: LR=7.24e-05, Loss=2.28e-03 BER=9.12e-04 FER=1.65e-02
2025-10-20 19:48:15,746 | INFO | Epoch 355 Train Time 43.96998691558838s

2025-10-20 19:48:59,693 | INFO | Training epoch 356, Batch 1000/1000: LR=7.23e-05, Loss=2.29e-03 BER=9.08e-04 FER=1.63e-02
2025-10-20 19:48:59,735 | INFO | Epoch 356 Train Time 43.98695349693298s

2025-10-20 19:49:43,336 | INFO | Training epoch 357, Batch 1000/1000: LR=7.21e-05, Loss=2.37e-03 BER=9.25e-04 FER=1.70e-02
2025-10-20 19:49:43,369 | INFO | Epoch 357 Train Time 43.63311004638672s

2025-10-20 19:50:26,761 | INFO | Training epoch 358, Batch 1000/1000: LR=7.20e-05, Loss=2.28e-03 BER=8.94e-04 FER=1.63e-02
2025-10-20 19:50:26,797 | INFO | Epoch 358 Train Time 43.42659568786621s

2025-10-20 19:51:09,264 | INFO | Training epoch 359, Batch 1000/1000: LR=7.19e-05, Loss=2.32e-03 BER=9.10e-04 FER=1.64e-02
2025-10-20 19:51:09,305 | INFO | Epoch 359 Train Time 42.506919145584106s

2025-10-20 19:51:52,950 | INFO | Training epoch 360, Batch 1000/1000: LR=7.17e-05, Loss=2.27e-03 BER=9.00e-04 FER=1.61e-02
2025-10-20 19:51:53,000 | INFO | Epoch 360 Train Time 43.69410037994385s

2025-10-20 19:52:36,252 | INFO | Training epoch 361, Batch 1000/1000: LR=7.16e-05, Loss=2.22e-03 BER=8.89e-04 FER=1.60e-02
2025-10-20 19:52:36,290 | INFO | Epoch 361 Train Time 43.288841247558594s

2025-10-20 19:53:20,535 | INFO | Training epoch 362, Batch 1000/1000: LR=7.14e-05, Loss=2.32e-03 BER=9.11e-04 FER=1.65e-02
2025-10-20 19:53:20,573 | INFO | Epoch 362 Train Time 44.28124785423279s

2025-10-20 19:54:02,922 | INFO | Training epoch 363, Batch 1000/1000: LR=7.13e-05, Loss=2.24e-03 BER=8.82e-04 FER=1.59e-02
2025-10-20 19:54:02,969 | INFO | Epoch 363 Train Time 42.394246339797974s

2025-10-20 19:54:46,407 | INFO | Training epoch 364, Batch 1000/1000: LR=7.12e-05, Loss=2.31e-03 BER=9.13e-04 FER=1.64e-02
2025-10-20 19:54:46,447 | INFO | Epoch 364 Train Time 43.47670817375183s

2025-10-20 19:55:30,680 | INFO | Training epoch 365, Batch 1000/1000: LR=7.10e-05, Loss=2.25e-03 BER=8.89e-04 FER=1.62e-02
2025-10-20 19:55:30,728 | INFO | Epoch 365 Train Time 44.279799461364746s

2025-10-20 19:56:14,218 | INFO | Training epoch 366, Batch 1000/1000: LR=7.09e-05, Loss=2.21e-03 BER=8.67e-04 FER=1.56e-02
2025-10-20 19:56:14,261 | INFO | Epoch 366 Train Time 43.53223633766174s

2025-10-20 19:56:57,908 | INFO | Training epoch 367, Batch 1000/1000: LR=7.07e-05, Loss=2.25e-03 BER=8.94e-04 FER=1.62e-02
2025-10-20 19:56:57,953 | INFO | Epoch 367 Train Time 43.69080352783203s

2025-10-20 19:57:42,251 | INFO | Training epoch 368, Batch 1000/1000: LR=7.06e-05, Loss=2.15e-03 BER=8.35e-04 FER=1.51e-02
2025-10-20 19:57:42,288 | INFO | Epoch 368 Train Time 44.3343300819397s

2025-10-20 19:57:42,289 | INFO | [P1] saving best_model with loss 0.002150 at epoch 368
2025-10-20 19:58:25,924 | INFO | Training epoch 369, Batch 1000/1000: LR=7.04e-05, Loss=2.29e-03 BER=9.01e-04 FER=1.64e-02
2025-10-20 19:58:25,969 | INFO | Epoch 369 Train Time 43.58717203140259s

2025-10-20 19:59:09,316 | INFO | Training epoch 370, Batch 1000/1000: LR=7.03e-05, Loss=2.33e-03 BER=9.15e-04 FER=1.64e-02
2025-10-20 19:59:09,363 | INFO | Epoch 370 Train Time 43.39215445518494s

2025-10-20 19:59:52,310 | INFO | Training epoch 371, Batch 1000/1000: LR=7.02e-05, Loss=2.21e-03 BER=8.70e-04 FER=1.57e-02
2025-10-20 19:59:52,363 | INFO | Epoch 371 Train Time 42.999364137649536s

2025-10-20 20:00:35,813 | INFO | Training epoch 372, Batch 1000/1000: LR=7.00e-05, Loss=2.32e-03 BER=9.23e-04 FER=1.64e-02
2025-10-20 20:00:35,849 | INFO | Epoch 372 Train Time 43.485196113586426s

2025-10-20 20:01:19,718 | INFO | Training epoch 373, Batch 1000/1000: LR=6.99e-05, Loss=2.32e-03 BER=9.04e-04 FER=1.62e-02
2025-10-20 20:01:19,758 | INFO | Epoch 373 Train Time 43.90719532966614s

2025-10-20 20:02:03,426 | INFO | Training epoch 374, Batch 1000/1000: LR=6.97e-05, Loss=2.28e-03 BER=9.03e-04 FER=1.63e-02
2025-10-20 20:02:03,460 | INFO | Epoch 374 Train Time 43.70067501068115s

2025-10-20 20:02:46,009 | INFO | Training epoch 375, Batch 1000/1000: LR=6.96e-05, Loss=2.25e-03 BER=8.96e-04 FER=1.65e-02
2025-10-20 20:02:46,046 | INFO | Epoch 375 Train Time 42.58428192138672s

2025-10-20 20:03:29,716 | INFO | Training epoch 376, Batch 1000/1000: LR=6.94e-05, Loss=2.24e-03 BER=8.89e-04 FER=1.61e-02
2025-10-20 20:03:29,752 | INFO | Epoch 376 Train Time 43.705554246902466s

2025-10-20 20:04:14,818 | INFO | Training epoch 377, Batch 1000/1000: LR=6.93e-05, Loss=2.24e-03 BER=8.79e-04 FER=1.61e-02
2025-10-20 20:04:14,869 | INFO | Epoch 377 Train Time 45.11573147773743s

2025-10-20 20:04:58,707 | INFO | Training epoch 378, Batch 1000/1000: LR=6.92e-05, Loss=2.33e-03 BER=9.28e-04 FER=1.65e-02
2025-10-20 20:04:58,762 | INFO | Epoch 378 Train Time 43.89101982116699s

2025-10-20 20:05:40,493 | INFO | Training epoch 379, Batch 1000/1000: LR=6.90e-05, Loss=2.35e-03 BER=9.31e-04 FER=1.66e-02
2025-10-20 20:05:40,552 | INFO | Epoch 379 Train Time 41.788918018341064s

2025-10-20 20:06:24,332 | INFO | Training epoch 380, Batch 1000/1000: LR=6.89e-05, Loss=2.25e-03 BER=8.89e-04 FER=1.64e-02
2025-10-20 20:06:24,369 | INFO | Epoch 380 Train Time 43.81649589538574s

2025-10-20 20:07:08,833 | INFO | Training epoch 381, Batch 1000/1000: LR=6.87e-05, Loss=2.19e-03 BER=8.64e-04 FER=1.57e-02
2025-10-20 20:07:08,881 | INFO | Epoch 381 Train Time 44.51039242744446s

2025-10-20 20:07:52,347 | INFO | Training epoch 382, Batch 1000/1000: LR=6.86e-05, Loss=2.28e-03 BER=9.08e-04 FER=1.64e-02
2025-10-20 20:07:52,396 | INFO | Epoch 382 Train Time 43.5130250453949s

2025-10-20 20:08:34,739 | INFO | Training epoch 383, Batch 1000/1000: LR=6.84e-05, Loss=2.18e-03 BER=8.64e-04 FER=1.56e-02
2025-10-20 20:08:34,777 | INFO | Epoch 383 Train Time 42.37964415550232s

2025-10-20 20:09:18,415 | INFO | Training epoch 384, Batch 1000/1000: LR=6.83e-05, Loss=2.31e-03 BER=9.10e-04 FER=1.63e-02
2025-10-20 20:09:18,481 | INFO | Epoch 384 Train Time 43.70308709144592s

2025-10-20 20:10:01,713 | INFO | Training epoch 385, Batch 1000/1000: LR=6.81e-05, Loss=2.24e-03 BER=8.99e-04 FER=1.58e-02
2025-10-20 20:10:01,749 | INFO | Epoch 385 Train Time 43.2659068107605s

2025-10-20 20:10:44,825 | INFO | Training epoch 386, Batch 1000/1000: LR=6.80e-05, Loss=2.28e-03 BER=9.16e-04 FER=1.62e-02
2025-10-20 20:10:44,864 | INFO | Epoch 386 Train Time 43.11377716064453s

2025-10-20 20:11:27,914 | INFO | Training epoch 387, Batch 1000/1000: LR=6.79e-05, Loss=2.35e-03 BER=9.19e-04 FER=1.67e-02
2025-10-20 20:11:27,957 | INFO | Epoch 387 Train Time 43.091763973236084s

2025-10-20 20:12:12,727 | INFO | Training epoch 388, Batch 1000/1000: LR=6.77e-05, Loss=2.26e-03 BER=8.89e-04 FER=1.63e-02
2025-10-20 20:12:12,763 | INFO | Epoch 388 Train Time 44.8043270111084s

2025-10-20 20:12:57,413 | INFO | Training epoch 389, Batch 1000/1000: LR=6.76e-05, Loss=2.23e-03 BER=8.78e-04 FER=1.60e-02
2025-10-20 20:12:57,454 | INFO | Epoch 389 Train Time 44.689666509628296s

2025-10-20 20:13:41,908 | INFO | Training epoch 390, Batch 1000/1000: LR=6.74e-05, Loss=2.19e-03 BER=8.79e-04 FER=1.57e-02
2025-10-20 20:13:41,978 | INFO | Epoch 390 Train Time 44.52238631248474s

2025-10-20 20:14:25,139 | INFO | Training epoch 391, Batch 1000/1000: LR=6.73e-05, Loss=2.18e-03 BER=8.62e-04 FER=1.56e-02
2025-10-20 20:14:25,184 | INFO | Epoch 391 Train Time 43.20359134674072s

2025-10-20 20:15:11,120 | INFO | Training epoch 392, Batch 1000/1000: LR=6.71e-05, Loss=2.30e-03 BER=9.07e-04 FER=1.63e-02
2025-10-20 20:15:11,170 | INFO | Epoch 392 Train Time 45.98527121543884s

2025-10-20 20:15:55,512 | INFO | Training epoch 393, Batch 1000/1000: LR=6.70e-05, Loss=2.24e-03 BER=9.01e-04 FER=1.60e-02
2025-10-20 20:15:55,557 | INFO | Epoch 393 Train Time 44.385329484939575s

2025-10-20 20:16:40,226 | INFO | Training epoch 394, Batch 1000/1000: LR=6.68e-05, Loss=2.19e-03 BER=8.61e-04 FER=1.60e-02
2025-10-20 20:16:40,276 | INFO | Epoch 394 Train Time 44.71832513809204s

2025-10-20 20:17:24,707 | INFO | Training epoch 395, Batch 1000/1000: LR=6.67e-05, Loss=2.21e-03 BER=8.80e-04 FER=1.59e-02
2025-10-20 20:17:24,755 | INFO | Epoch 395 Train Time 44.478402853012085s

2025-10-20 20:18:09,313 | INFO | Training epoch 396, Batch 1000/1000: LR=6.65e-05, Loss=2.27e-03 BER=8.93e-04 FER=1.60e-02
2025-10-20 20:18:09,364 | INFO | Epoch 396 Train Time 44.60682225227356s

2025-10-20 20:18:54,656 | INFO | Training epoch 397, Batch 1000/1000: LR=6.64e-05, Loss=2.21e-03 BER=8.86e-04 FER=1.57e-02
2025-10-20 20:18:54,738 | INFO | Epoch 397 Train Time 45.3725528717041s

2025-10-20 20:19:40,117 | INFO | Training epoch 398, Batch 1000/1000: LR=6.62e-05, Loss=2.27e-03 BER=8.92e-04 FER=1.58e-02
2025-10-20 20:19:40,161 | INFO | Epoch 398 Train Time 45.42105841636658s

2025-10-20 20:20:24,634 | INFO | Training epoch 399, Batch 1000/1000: LR=6.61e-05, Loss=2.29e-03 BER=9.09e-04 FER=1.64e-02
2025-10-20 20:20:24,686 | INFO | Epoch 399 Train Time 44.52393984794617s

2025-10-20 20:21:09,184 | INFO | Training epoch 400, Batch 1000/1000: LR=6.59e-05, Loss=2.24e-03 BER=8.89e-04 FER=1.59e-02
2025-10-20 20:21:09,240 | INFO | Epoch 400 Train Time 44.55305504798889s

2025-10-20 20:21:52,213 | INFO | Training epoch 401, Batch 1000/1000: LR=6.58e-05, Loss=2.17e-03 BER=8.54e-04 FER=1.55e-02
2025-10-20 20:21:52,258 | INFO | Epoch 401 Train Time 43.01631021499634s

2025-10-20 20:22:37,119 | INFO | Training epoch 402, Batch 1000/1000: LR=6.56e-05, Loss=2.23e-03 BER=8.87e-04 FER=1.60e-02
2025-10-20 20:22:37,170 | INFO | Epoch 402 Train Time 44.91066265106201s

2025-10-20 20:23:22,541 | INFO | Training epoch 403, Batch 1000/1000: LR=6.55e-05, Loss=2.30e-03 BER=9.14e-04 FER=1.64e-02
2025-10-20 20:23:22,583 | INFO | Epoch 403 Train Time 45.41079807281494s

2025-10-20 20:24:04,935 | INFO | Training epoch 404, Batch 1000/1000: LR=6.54e-05, Loss=2.19e-03 BER=8.65e-04 FER=1.56e-02
2025-10-20 20:24:04,974 | INFO | Epoch 404 Train Time 42.38976430892944s

2025-10-20 20:24:48,281 | INFO | Training epoch 405, Batch 1000/1000: LR=6.52e-05, Loss=2.20e-03 BER=8.79e-04 FER=1.55e-02
2025-10-20 20:24:48,325 | INFO | Epoch 405 Train Time 43.35052967071533s

2025-10-20 20:25:31,406 | INFO | Training epoch 406, Batch 1000/1000: LR=6.51e-05, Loss=2.23e-03 BER=8.79e-04 FER=1.58e-02
2025-10-20 20:25:31,445 | INFO | Epoch 406 Train Time 43.119179248809814s

2025-10-20 20:26:12,215 | INFO | Training epoch 407, Batch 1000/1000: LR=6.49e-05, Loss=2.16e-03 BER=8.54e-04 FER=1.55e-02
2025-10-20 20:26:12,253 | INFO | Epoch 407 Train Time 40.80692958831787s

2025-10-20 20:26:56,139 | INFO | Training epoch 408, Batch 1000/1000: LR=6.48e-05, Loss=2.29e-03 BER=9.04e-04 FER=1.65e-02
2025-10-20 20:26:56,183 | INFO | Epoch 408 Train Time 43.92741918563843s

2025-10-20 20:27:40,025 | INFO | Training epoch 409, Batch 1000/1000: LR=6.46e-05, Loss=2.34e-03 BER=9.27e-04 FER=1.63e-02
2025-10-20 20:27:40,060 | INFO | Epoch 409 Train Time 43.87605404853821s

2025-10-20 20:28:23,631 | INFO | Training epoch 410, Batch 1000/1000: LR=6.45e-05, Loss=2.25e-03 BER=8.78e-04 FER=1.61e-02
2025-10-20 20:28:23,676 | INFO | Epoch 410 Train Time 43.6141562461853s

2025-10-20 20:29:07,698 | INFO | Training epoch 411, Batch 1000/1000: LR=6.43e-05, Loss=2.26e-03 BER=8.90e-04 FER=1.57e-02
2025-10-20 20:29:07,751 | INFO | Epoch 411 Train Time 44.073641538619995s

2025-10-20 20:29:50,917 | INFO | Training epoch 412, Batch 1000/1000: LR=6.42e-05, Loss=2.14e-03 BER=8.56e-04 FER=1.55e-02
2025-10-20 20:29:50,960 | INFO | Epoch 412 Train Time 43.2080717086792s

2025-10-20 20:29:50,960 | INFO | [P1] saving best_model with loss 0.002139 at epoch 412
2025-10-20 20:30:34,240 | INFO | Training epoch 413, Batch 1000/1000: LR=6.40e-05, Loss=2.26e-03 BER=8.93e-04 FER=1.61e-02
2025-10-20 20:30:34,277 | INFO | Epoch 413 Train Time 43.21464157104492s

2025-10-20 20:31:16,715 | INFO | Training epoch 414, Batch 1000/1000: LR=6.39e-05, Loss=2.19e-03 BER=8.62e-04 FER=1.55e-02
2025-10-20 20:31:16,757 | INFO | Epoch 414 Train Time 42.47826886177063s

2025-10-20 20:32:00,916 | INFO | Training epoch 415, Batch 1000/1000: LR=6.37e-05, Loss=2.20e-03 BER=8.66e-04 FER=1.56e-02
2025-10-20 20:32:00,985 | INFO | Epoch 415 Train Time 44.22737646102905s

2025-10-20 20:32:44,135 | INFO | Training epoch 416, Batch 1000/1000: LR=6.36e-05, Loss=2.12e-03 BER=8.41e-04 FER=1.53e-02
2025-10-20 20:32:44,179 | INFO | Epoch 416 Train Time 43.19237732887268s

2025-10-20 20:32:44,179 | INFO | [P1] saving best_model with loss 0.002115 at epoch 416
2025-10-20 20:33:26,133 | INFO | Training epoch 417, Batch 1000/1000: LR=6.34e-05, Loss=2.14e-03 BER=8.52e-04 FER=1.53e-02
2025-10-20 20:33:26,171 | INFO | Epoch 417 Train Time 41.89677596092224s

2025-10-20 20:34:10,007 | INFO | Training epoch 418, Batch 1000/1000: LR=6.33e-05, Loss=2.26e-03 BER=9.07e-04 FER=1.59e-02
2025-10-20 20:34:10,048 | INFO | Epoch 418 Train Time 43.87602758407593s

2025-10-20 20:34:53,649 | INFO | Training epoch 419, Batch 1000/1000: LR=6.31e-05, Loss=2.27e-03 BER=9.03e-04 FER=1.60e-02
2025-10-20 20:34:53,693 | INFO | Epoch 419 Train Time 43.643564224243164s

2025-10-20 20:35:37,542 | INFO | Training epoch 420, Batch 1000/1000: LR=6.30e-05, Loss=2.18e-03 BER=8.71e-04 FER=1.57e-02
2025-10-20 20:35:37,590 | INFO | Epoch 420 Train Time 43.89639925956726s

2025-10-20 20:36:20,836 | INFO | Training epoch 421, Batch 1000/1000: LR=6.28e-05, Loss=2.27e-03 BER=9.02e-04 FER=1.61e-02
2025-10-20 20:36:20,870 | INFO | Epoch 421 Train Time 43.27791714668274s

2025-10-20 20:37:04,412 | INFO | Training epoch 422, Batch 1000/1000: LR=6.27e-05, Loss=2.20e-03 BER=8.76e-04 FER=1.58e-02
2025-10-20 20:37:04,449 | INFO | Epoch 422 Train Time 43.57792329788208s

2025-10-20 20:37:47,835 | INFO | Training epoch 423, Batch 1000/1000: LR=6.25e-05, Loss=2.30e-03 BER=9.14e-04 FER=1.63e-02
2025-10-20 20:37:47,882 | INFO | Epoch 423 Train Time 43.43159198760986s

2025-10-20 20:38:31,176 | INFO | Training epoch 424, Batch 1000/1000: LR=6.24e-05, Loss=2.19e-03 BER=8.82e-04 FER=1.56e-02
2025-10-20 20:38:31,214 | INFO | Epoch 424 Train Time 43.33010911941528s

2025-10-20 20:39:13,908 | INFO | Training epoch 425, Batch 1000/1000: LR=6.22e-05, Loss=2.23e-03 BER=8.88e-04 FER=1.59e-02
2025-10-20 20:39:13,959 | INFO | Epoch 425 Train Time 42.74387741088867s

2025-10-20 20:39:57,508 | INFO | Training epoch 426, Batch 1000/1000: LR=6.21e-05, Loss=2.28e-03 BER=9.11e-04 FER=1.63e-02
2025-10-20 20:39:57,554 | INFO | Epoch 426 Train Time 43.593958139419556s

2025-10-20 20:40:41,090 | INFO | Training epoch 427, Batch 1000/1000: LR=6.19e-05, Loss=2.22e-03 BER=8.88e-04 FER=1.56e-02
2025-10-20 20:40:41,131 | INFO | Epoch 427 Train Time 43.57554841041565s

2025-10-20 20:41:24,828 | INFO | Training epoch 428, Batch 1000/1000: LR=6.18e-05, Loss=2.27e-03 BER=9.09e-04 FER=1.62e-02
2025-10-20 20:41:24,870 | INFO | Epoch 428 Train Time 43.73801565170288s

2025-10-20 20:42:08,425 | INFO | Training epoch 429, Batch 1000/1000: LR=6.16e-05, Loss=2.19e-03 BER=8.70e-04 FER=1.55e-02
2025-10-20 20:42:08,463 | INFO | Epoch 429 Train Time 43.59040546417236s

2025-10-20 20:42:51,309 | INFO | Training epoch 430, Batch 1000/1000: LR=6.14e-05, Loss=2.25e-03 BER=8.98e-04 FER=1.61e-02
2025-10-20 20:42:51,354 | INFO | Epoch 430 Train Time 42.89016628265381s

2025-10-20 20:43:34,007 | INFO | Training epoch 431, Batch 1000/1000: LR=6.13e-05, Loss=2.24e-03 BER=8.91e-04 FER=1.62e-02
2025-10-20 20:43:34,053 | INFO | Epoch 431 Train Time 42.698272705078125s

2025-10-20 20:44:17,021 | INFO | Training epoch 432, Batch 1000/1000: LR=6.11e-05, Loss=2.23e-03 BER=8.89e-04 FER=1.58e-02
2025-10-20 20:44:17,058 | INFO | Epoch 432 Train Time 43.00313663482666s

2025-10-20 20:45:00,613 | INFO | Training epoch 433, Batch 1000/1000: LR=6.10e-05, Loss=2.23e-03 BER=8.90e-04 FER=1.58e-02
2025-10-20 20:45:00,664 | INFO | Epoch 433 Train Time 43.60576057434082s

2025-10-20 20:45:44,998 | INFO | Training epoch 434, Batch 1000/1000: LR=6.08e-05, Loss=2.12e-03 BER=8.46e-04 FER=1.52e-02
2025-10-20 20:45:45,049 | INFO | Epoch 434 Train Time 44.383575677871704s

2025-10-20 20:46:26,711 | INFO | Training epoch 435, Batch 1000/1000: LR=6.07e-05, Loss=2.18e-03 BER=8.66e-04 FER=1.56e-02
2025-10-20 20:46:26,769 | INFO | Epoch 435 Train Time 41.718822717666626s

2025-10-20 20:47:09,001 | INFO | Training epoch 436, Batch 1000/1000: LR=6.05e-05, Loss=2.18e-03 BER=8.60e-04 FER=1.55e-02
2025-10-20 20:47:09,044 | INFO | Epoch 436 Train Time 42.271848917007446s

2025-10-20 20:47:51,418 | INFO | Training epoch 437, Batch 1000/1000: LR=6.04e-05, Loss=2.15e-03 BER=8.59e-04 FER=1.55e-02
2025-10-20 20:47:51,457 | INFO | Epoch 437 Train Time 42.41224789619446s

2025-10-20 20:48:34,508 | INFO | Training epoch 438, Batch 1000/1000: LR=6.02e-05, Loss=2.11e-03 BER=8.46e-04 FER=1.50e-02
2025-10-20 20:48:34,550 | INFO | Epoch 438 Train Time 43.09185552597046s

2025-10-20 20:48:34,550 | INFO | [P1] saving best_model with loss 0.002110 at epoch 438
2025-10-20 20:49:18,389 | INFO | Training epoch 439, Batch 1000/1000: LR=6.01e-05, Loss=2.17e-03 BER=8.54e-04 FER=1.53e-02
2025-10-20 20:49:18,424 | INFO | Epoch 439 Train Time 43.76640319824219s

2025-10-20 20:50:02,106 | INFO | Training epoch 440, Batch 1000/1000: LR=5.99e-05, Loss=2.24e-03 BER=8.95e-04 FER=1.57e-02
2025-10-20 20:50:02,149 | INFO | Epoch 440 Train Time 43.723631858825684s

2025-10-20 20:50:45,521 | INFO | Training epoch 441, Batch 1000/1000: LR=5.98e-05, Loss=2.21e-03 BER=8.71e-04 FER=1.55e-02
2025-10-20 20:50:45,560 | INFO | Epoch 441 Train Time 43.409579038619995s

2025-10-20 20:51:29,239 | INFO | Training epoch 442, Batch 1000/1000: LR=5.96e-05, Loss=2.15e-03 BER=8.42e-04 FER=1.52e-02
2025-10-20 20:51:29,277 | INFO | Epoch 442 Train Time 43.71584153175354s

2025-10-20 20:52:13,435 | INFO | Training epoch 443, Batch 1000/1000: LR=5.95e-05, Loss=2.11e-03 BER=8.31e-04 FER=1.49e-02
2025-10-20 20:52:13,476 | INFO | Epoch 443 Train Time 44.197590827941895s

2025-10-20 20:52:56,753 | INFO | Training epoch 444, Batch 1000/1000: LR=5.93e-05, Loss=2.15e-03 BER=8.53e-04 FER=1.56e-02
2025-10-20 20:52:56,789 | INFO | Epoch 444 Train Time 43.31171727180481s

2025-10-20 20:53:39,948 | INFO | Training epoch 445, Batch 1000/1000: LR=5.92e-05, Loss=2.15e-03 BER=8.54e-04 FER=1.53e-02
2025-10-20 20:53:40,015 | INFO | Epoch 445 Train Time 43.22498846054077s

2025-10-20 20:54:22,621 | INFO | Training epoch 446, Batch 1000/1000: LR=5.90e-05, Loss=2.16e-03 BER=8.55e-04 FER=1.54e-02
2025-10-20 20:54:22,660 | INFO | Epoch 446 Train Time 42.64319324493408s

2025-10-20 20:55:05,587 | INFO | Training epoch 447, Batch 1000/1000: LR=5.89e-05, Loss=2.25e-03 BER=8.91e-04 FER=1.58e-02
2025-10-20 20:55:05,627 | INFO | Epoch 447 Train Time 42.96520209312439s

2025-10-20 20:55:48,756 | INFO | Training epoch 448, Batch 1000/1000: LR=5.87e-05, Loss=2.19e-03 BER=8.71e-04 FER=1.56e-02
2025-10-20 20:55:48,794 | INFO | Epoch 448 Train Time 43.16560959815979s

2025-10-20 20:56:32,839 | INFO | Training epoch 449, Batch 1000/1000: LR=5.86e-05, Loss=2.28e-03 BER=9.06e-04 FER=1.61e-02
2025-10-20 20:56:32,881 | INFO | Epoch 449 Train Time 44.085941791534424s

2025-10-20 20:57:17,312 | INFO | Training epoch 450, Batch 1000/1000: LR=5.84e-05, Loss=2.23e-03 BER=8.81e-04 FER=1.60e-02
2025-10-20 20:57:17,367 | INFO | Epoch 450 Train Time 44.48454761505127s

2025-10-20 20:57:59,909 | INFO | Training epoch 451, Batch 1000/1000: LR=5.82e-05, Loss=2.28e-03 BER=8.97e-04 FER=1.58e-02
2025-10-20 20:57:59,964 | INFO | Epoch 451 Train Time 42.595425605773926s

2025-10-20 20:58:44,838 | INFO | Training epoch 452, Batch 1000/1000: LR=5.81e-05, Loss=2.28e-03 BER=9.11e-04 FER=1.64e-02
2025-10-20 20:58:44,881 | INFO | Epoch 452 Train Time 44.91622591018677s

2025-10-20 20:59:28,199 | INFO | Training epoch 453, Batch 1000/1000: LR=5.79e-05, Loss=2.10e-03 BER=8.25e-04 FER=1.50e-02
2025-10-20 20:59:28,239 | INFO | Epoch 453 Train Time 43.35655236244202s

2025-10-20 20:59:28,239 | INFO | [P1] saving best_model with loss 0.002097 at epoch 453
2025-10-20 21:00:11,638 | INFO | Training epoch 454, Batch 1000/1000: LR=5.78e-05, Loss=2.25e-03 BER=8.83e-04 FER=1.58e-02
2025-10-20 21:00:11,672 | INFO | Epoch 454 Train Time 43.319409132003784s

2025-10-20 21:00:55,130 | INFO | Training epoch 455, Batch 1000/1000: LR=5.76e-05, Loss=2.10e-03 BER=8.31e-04 FER=1.53e-02
2025-10-20 21:00:55,179 | INFO | Epoch 455 Train Time 43.50568771362305s

2025-10-20 21:01:38,411 | INFO | Training epoch 456, Batch 1000/1000: LR=5.75e-05, Loss=2.27e-03 BER=8.88e-04 FER=1.60e-02
2025-10-20 21:01:38,462 | INFO | Epoch 456 Train Time 43.28155732154846s

2025-10-20 21:02:22,507 | INFO | Training epoch 457, Batch 1000/1000: LR=5.73e-05, Loss=2.25e-03 BER=8.97e-04 FER=1.57e-02
2025-10-20 21:02:22,558 | INFO | Epoch 457 Train Time 44.09518098831177s

2025-10-20 21:03:06,721 | INFO | Training epoch 458, Batch 1000/1000: LR=5.72e-05, Loss=2.28e-03 BER=9.09e-04 FER=1.63e-02
2025-10-20 21:03:06,775 | INFO | Epoch 458 Train Time 44.21532869338989s

2025-10-20 21:03:50,517 | INFO | Training epoch 459, Batch 1000/1000: LR=5.70e-05, Loss=2.20e-03 BER=8.71e-04 FER=1.55e-02
2025-10-20 21:03:50,562 | INFO | Epoch 459 Train Time 43.7852463722229s

2025-10-20 21:04:34,211 | INFO | Training epoch 460, Batch 1000/1000: LR=5.69e-05, Loss=2.11e-03 BER=8.39e-04 FER=1.48e-02
2025-10-20 21:04:34,266 | INFO | Epoch 460 Train Time 43.70388579368591s

2025-10-20 21:05:17,914 | INFO | Training epoch 461, Batch 1000/1000: LR=5.67e-05, Loss=2.20e-03 BER=8.76e-04 FER=1.57e-02
2025-10-20 21:05:17,952 | INFO | Epoch 461 Train Time 43.68419575691223s

2025-10-20 21:06:01,515 | INFO | Training epoch 462, Batch 1000/1000: LR=5.65e-05, Loss=2.21e-03 BER=8.75e-04 FER=1.56e-02
2025-10-20 21:06:01,557 | INFO | Epoch 462 Train Time 43.60387825965881s

2025-10-20 21:06:44,623 | INFO | Training epoch 463, Batch 1000/1000: LR=5.64e-05, Loss=2.15e-03 BER=8.62e-04 FER=1.54e-02
2025-10-20 21:06:44,677 | INFO | Epoch 463 Train Time 43.118173360824585s

2025-10-20 21:07:28,608 | INFO | Training epoch 464, Batch 1000/1000: LR=5.62e-05, Loss=2.28e-03 BER=9.07e-04 FER=1.62e-02
2025-10-20 21:07:28,656 | INFO | Epoch 464 Train Time 43.9778847694397s

2025-10-20 21:08:11,506 | INFO | Training epoch 465, Batch 1000/1000: LR=5.61e-05, Loss=2.19e-03 BER=8.77e-04 FER=1.54e-02
2025-10-20 21:08:11,555 | INFO | Epoch 465 Train Time 42.89834451675415s

2025-10-20 21:08:55,509 | INFO | Training epoch 466, Batch 1000/1000: LR=5.59e-05, Loss=2.14e-03 BER=8.46e-04 FER=1.52e-02
2025-10-20 21:08:55,567 | INFO | Epoch 466 Train Time 44.010921239852905s

2025-10-20 21:09:38,296 | INFO | Training epoch 467, Batch 1000/1000: LR=5.58e-05, Loss=2.23e-03 BER=8.92e-04 FER=1.57e-02
2025-10-20 21:09:38,341 | INFO | Epoch 467 Train Time 42.77259707450867s

2025-10-20 21:10:21,914 | INFO | Training epoch 468, Batch 1000/1000: LR=5.56e-05, Loss=2.26e-03 BER=9.00e-04 FER=1.62e-02
2025-10-20 21:10:21,957 | INFO | Epoch 468 Train Time 43.61445164680481s

2025-10-20 21:11:05,011 | INFO | Training epoch 469, Batch 1000/1000: LR=5.55e-05, Loss=2.16e-03 BER=8.59e-04 FER=1.56e-02
2025-10-20 21:11:05,060 | INFO | Epoch 469 Train Time 43.10201954841614s

2025-10-20 21:11:48,218 | INFO | Training epoch 470, Batch 1000/1000: LR=5.53e-05, Loss=2.20e-03 BER=8.87e-04 FER=1.56e-02
2025-10-20 21:11:48,262 | INFO | Epoch 470 Train Time 43.200446367263794s

2025-10-20 21:12:32,705 | INFO | Training epoch 471, Batch 1000/1000: LR=5.52e-05, Loss=2.20e-03 BER=8.85e-04 FER=1.57e-02
2025-10-20 21:12:32,745 | INFO | Epoch 471 Train Time 44.481961488723755s

2025-10-20 21:13:17,345 | INFO | Training epoch 472, Batch 1000/1000: LR=5.50e-05, Loss=2.19e-03 BER=8.64e-04 FER=1.55e-02
2025-10-20 21:13:17,383 | INFO | Epoch 472 Train Time 44.63587832450867s

2025-10-20 21:14:00,706 | INFO | Training epoch 473, Batch 1000/1000: LR=5.48e-05, Loss=2.20e-03 BER=8.76e-04 FER=1.59e-02
2025-10-20 21:14:00,764 | INFO | Epoch 473 Train Time 43.37912631034851s

2025-10-20 21:14:44,645 | INFO | Training epoch 474, Batch 1000/1000: LR=5.47e-05, Loss=2.20e-03 BER=8.72e-04 FER=1.55e-02
2025-10-20 21:14:44,682 | INFO | Epoch 474 Train Time 43.917022705078125s

2025-10-20 21:15:28,205 | INFO | Training epoch 475, Batch 1000/1000: LR=5.45e-05, Loss=2.19e-03 BER=8.88e-04 FER=1.55e-02
2025-10-20 21:15:28,270 | INFO | Epoch 475 Train Time 43.587175130844116s

2025-10-20 21:16:12,011 | INFO | Training epoch 476, Batch 1000/1000: LR=5.44e-05, Loss=2.16e-03 BER=8.45e-04 FER=1.53e-02
2025-10-20 21:16:12,062 | INFO | Epoch 476 Train Time 43.79046559333801s

2025-10-20 21:16:54,936 | INFO | Training epoch 477, Batch 1000/1000: LR=5.42e-05, Loss=2.14e-03 BER=8.52e-04 FER=1.50e-02
2025-10-20 21:16:54,974 | INFO | Epoch 477 Train Time 42.90721559524536s

2025-10-20 21:17:38,284 | INFO | Training epoch 478, Batch 1000/1000: LR=5.41e-05, Loss=2.12e-03 BER=8.47e-04 FER=1.52e-02
2025-10-20 21:17:38,337 | INFO | Epoch 478 Train Time 43.36159944534302s

2025-10-20 21:18:21,907 | INFO | Training epoch 479, Batch 1000/1000: LR=5.39e-05, Loss=2.17e-03 BER=8.65e-04 FER=1.56e-02
2025-10-20 21:18:21,942 | INFO | Epoch 479 Train Time 43.60364007949829s

2025-10-20 21:19:06,135 | INFO | Training epoch 480, Batch 1000/1000: LR=5.38e-05, Loss=2.18e-03 BER=8.69e-04 FER=1.55e-02
2025-10-20 21:19:06,189 | INFO | Epoch 480 Train Time 44.24618124961853s

2025-10-20 21:19:49,330 | INFO | Training epoch 481, Batch 1000/1000: LR=5.36e-05, Loss=2.22e-03 BER=8.73e-04 FER=1.58e-02
2025-10-20 21:19:49,381 | INFO | Epoch 481 Train Time 43.19078063964844s

2025-10-20 21:20:33,708 | INFO | Training epoch 482, Batch 1000/1000: LR=5.35e-05, Loss=2.09e-03 BER=8.29e-04 FER=1.48e-02
2025-10-20 21:20:33,753 | INFO | Epoch 482 Train Time 44.37051200866699s

2025-10-20 21:20:33,753 | INFO | [P1] saving best_model with loss 0.002091 at epoch 482
2025-10-20 21:21:18,214 | INFO | Training epoch 483, Batch 1000/1000: LR=5.33e-05, Loss=2.22e-03 BER=8.83e-04 FER=1.57e-02
2025-10-20 21:21:18,265 | INFO | Epoch 483 Train Time 44.4031343460083s

2025-10-20 21:22:02,726 | INFO | Training epoch 484, Batch 1000/1000: LR=5.31e-05, Loss=2.15e-03 BER=8.47e-04 FER=1.52e-02
2025-10-20 21:22:02,772 | INFO | Epoch 484 Train Time 44.50596809387207s

2025-10-20 21:22:47,418 | INFO | Training epoch 485, Batch 1000/1000: LR=5.30e-05, Loss=2.20e-03 BER=8.68e-04 FER=1.55e-02
2025-10-20 21:22:47,459 | INFO | Epoch 485 Train Time 44.68510389328003s

2025-10-20 21:23:31,110 | INFO | Training epoch 486, Batch 1000/1000: LR=5.28e-05, Loss=2.20e-03 BER=8.85e-04 FER=1.57e-02
2025-10-20 21:23:31,175 | INFO | Epoch 486 Train Time 43.714930295944214s

2025-10-20 21:24:15,111 | INFO | Training epoch 487, Batch 1000/1000: LR=5.27e-05, Loss=2.16e-03 BER=8.68e-04 FER=1.52e-02
2025-10-20 21:24:15,148 | INFO | Epoch 487 Train Time 43.97182893753052s

2025-10-20 21:24:58,423 | INFO | Training epoch 488, Batch 1000/1000: LR=5.25e-05, Loss=2.17e-03 BER=8.63e-04 FER=1.54e-02
2025-10-20 21:24:58,463 | INFO | Epoch 488 Train Time 43.31345200538635s

2025-10-20 21:25:41,928 | INFO | Training epoch 489, Batch 1000/1000: LR=5.24e-05, Loss=2.15e-03 BER=8.58e-04 FER=1.55e-02
2025-10-20 21:25:41,980 | INFO | Epoch 489 Train Time 43.51596450805664s

2025-10-20 21:26:26,106 | INFO | Training epoch 490, Batch 1000/1000: LR=5.22e-05, Loss=2.23e-03 BER=8.83e-04 FER=1.58e-02
2025-10-20 21:26:26,142 | INFO | Epoch 490 Train Time 44.161643743515015s

2025-10-20 21:27:09,807 | INFO | Training epoch 491, Batch 1000/1000: LR=5.21e-05, Loss=2.20e-03 BER=8.67e-04 FER=1.57e-02
2025-10-20 21:27:09,849 | INFO | Epoch 491 Train Time 43.70517420768738s

2025-10-20 21:27:54,417 | INFO | Training epoch 492, Batch 1000/1000: LR=5.19e-05, Loss=2.12e-03 BER=8.52e-04 FER=1.49e-02
2025-10-20 21:27:54,472 | INFO | Epoch 492 Train Time 44.62226581573486s

2025-10-20 21:28:38,045 | INFO | Training epoch 493, Batch 1000/1000: LR=5.17e-05, Loss=2.23e-03 BER=9.00e-04 FER=1.58e-02
2025-10-20 21:28:38,084 | INFO | Epoch 493 Train Time 43.61020803451538s

2025-10-20 21:29:21,408 | INFO | Training epoch 494, Batch 1000/1000: LR=5.16e-05, Loss=2.24e-03 BER=8.92e-04 FER=1.55e-02
2025-10-20 21:29:21,454 | INFO | Epoch 494 Train Time 43.368375062942505s

2025-10-20 21:30:06,030 | INFO | Training epoch 495, Batch 1000/1000: LR=5.14e-05, Loss=2.18e-03 BER=8.58e-04 FER=1.52e-02
2025-10-20 21:30:06,073 | INFO | Epoch 495 Train Time 44.61765456199646s

2025-10-20 21:30:50,115 | INFO | Training epoch 496, Batch 1000/1000: LR=5.13e-05, Loss=2.05e-03 BER=8.24e-04 FER=1.47e-02
2025-10-20 21:30:50,156 | INFO | Epoch 496 Train Time 44.08272099494934s

2025-10-20 21:30:50,157 | INFO | [P1] saving best_model with loss 0.002053 at epoch 496
2025-10-20 21:31:33,593 | INFO | Training epoch 497, Batch 1000/1000: LR=5.11e-05, Loss=2.20e-03 BER=8.83e-04 FER=1.56e-02
2025-10-20 21:31:33,650 | INFO | Epoch 497 Train Time 43.39357542991638s

2025-10-20 21:32:16,733 | INFO | Training epoch 498, Batch 1000/1000: LR=5.10e-05, Loss=2.11e-03 BER=8.37e-04 FER=1.53e-02
2025-10-20 21:32:16,775 | INFO | Epoch 498 Train Time 43.12365126609802s

2025-10-20 21:33:00,526 | INFO | Training epoch 499, Batch 1000/1000: LR=5.08e-05, Loss=2.19e-03 BER=8.72e-04 FER=1.53e-02
2025-10-20 21:33:00,568 | INFO | Epoch 499 Train Time 43.79213762283325s

2025-10-20 21:33:43,809 | INFO | Training epoch 500, Batch 1000/1000: LR=5.07e-05, Loss=2.15e-03 BER=8.55e-04 FER=1.53e-02
2025-10-20 21:33:43,859 | INFO | Epoch 500 Train Time 43.28927183151245s

2025-10-20 21:34:27,781 | INFO | Training epoch 501, Batch 1000/1000: LR=5.05e-05, Loss=2.30e-03 BER=9.11e-04 FER=1.58e-02
2025-10-20 21:34:27,831 | INFO | Epoch 501 Train Time 43.97115111351013s

2025-10-20 21:35:12,290 | INFO | Training epoch 502, Batch 1000/1000: LR=5.03e-05, Loss=2.11e-03 BER=8.32e-04 FER=1.50e-02
2025-10-20 21:35:12,328 | INFO | Epoch 502 Train Time 44.49624800682068s

2025-10-20 21:35:56,032 | INFO | Training epoch 503, Batch 1000/1000: LR=5.02e-05, Loss=2.15e-03 BER=8.60e-04 FER=1.53e-02
2025-10-20 21:35:56,078 | INFO | Epoch 503 Train Time 43.74792194366455s

2025-10-20 21:36:38,508 | INFO | Training epoch 504, Batch 1000/1000: LR=5.00e-05, Loss=2.11e-03 BER=8.42e-04 FER=1.51e-02
2025-10-20 21:36:38,551 | INFO | Epoch 504 Train Time 42.47264742851257s

2025-10-20 21:37:22,604 | INFO | Training epoch 505, Batch 1000/1000: LR=4.99e-05, Loss=2.19e-03 BER=8.82e-04 FER=1.55e-02
2025-10-20 21:37:22,640 | INFO | Epoch 505 Train Time 44.08751606941223s

2025-10-20 21:38:06,040 | INFO | Training epoch 506, Batch 1000/1000: LR=4.97e-05, Loss=2.21e-03 BER=8.75e-04 FER=1.55e-02
2025-10-20 21:38:06,086 | INFO | Epoch 506 Train Time 43.44535756111145s

2025-10-20 21:38:48,731 | INFO | Training epoch 507, Batch 1000/1000: LR=4.96e-05, Loss=2.07e-03 BER=8.27e-04 FER=1.49e-02
2025-10-20 21:38:48,787 | INFO | Epoch 507 Train Time 42.69896364212036s

2025-10-20 21:39:31,721 | INFO | Training epoch 508, Batch 1000/1000: LR=4.94e-05, Loss=2.22e-03 BER=8.81e-04 FER=1.57e-02
2025-10-20 21:39:31,755 | INFO | Epoch 508 Train Time 42.96613383293152s

2025-10-20 21:40:15,914 | INFO | Training epoch 509, Batch 1000/1000: LR=4.93e-05, Loss=2.07e-03 BER=8.29e-04 FER=1.48e-02
2025-10-20 21:40:15,951 | INFO | Epoch 509 Train Time 44.19472289085388s

2025-10-20 21:40:59,309 | INFO | Training epoch 510, Batch 1000/1000: LR=4.91e-05, Loss=2.20e-03 BER=8.70e-04 FER=1.56e-02
2025-10-20 21:40:59,351 | INFO | Epoch 510 Train Time 43.398186922073364s

2025-10-20 21:41:44,108 | INFO | Training epoch 511, Batch 1000/1000: LR=4.89e-05, Loss=2.17e-03 BER=8.62e-04 FER=1.54e-02
2025-10-20 21:41:44,162 | INFO | Epoch 511 Train Time 44.809606313705444s

2025-10-20 21:42:27,507 | INFO | Training epoch 512, Batch 1000/1000: LR=4.88e-05, Loss=2.17e-03 BER=8.65e-04 FER=1.54e-02
2025-10-20 21:42:27,563 | INFO | Epoch 512 Train Time 43.39920139312744s

2025-10-20 21:43:11,306 | INFO | Training epoch 513, Batch 1000/1000: LR=4.86e-05, Loss=2.25e-03 BER=8.92e-04 FER=1.57e-02
2025-10-20 21:43:11,345 | INFO | Epoch 513 Train Time 43.7812716960907s

2025-10-20 21:43:55,339 | INFO | Training epoch 514, Batch 1000/1000: LR=4.85e-05, Loss=2.14e-03 BER=8.47e-04 FER=1.51e-02
2025-10-20 21:43:55,381 | INFO | Epoch 514 Train Time 44.03438878059387s

2025-10-20 21:44:38,233 | INFO | Training epoch 515, Batch 1000/1000: LR=4.83e-05, Loss=2.16e-03 BER=8.55e-04 FER=1.55e-02
2025-10-20 21:44:38,288 | INFO | Epoch 515 Train Time 42.90613389015198s

2025-10-20 21:45:22,124 | INFO | Training epoch 516, Batch 1000/1000: LR=4.82e-05, Loss=2.16e-03 BER=8.70e-04 FER=1.54e-02
2025-10-20 21:45:22,166 | INFO | Epoch 516 Train Time 43.876678466796875s

2025-10-20 21:46:04,428 | INFO | Training epoch 517, Batch 1000/1000: LR=4.80e-05, Loss=2.14e-03 BER=8.45e-04 FER=1.52e-02
2025-10-20 21:46:04,467 | INFO | Epoch 517 Train Time 42.298678398132324s

2025-10-20 21:46:49,027 | INFO | Training epoch 518, Batch 1000/1000: LR=4.79e-05, Loss=2.04e-03 BER=8.16e-04 FER=1.47e-02
2025-10-20 21:46:49,067 | INFO | Epoch 518 Train Time 44.59924840927124s

2025-10-20 21:46:49,067 | INFO | [P1] saving best_model with loss 0.002039 at epoch 518
2025-10-20 21:47:31,451 | INFO | Training epoch 519, Batch 1000/1000: LR=4.77e-05, Loss=2.15e-03 BER=8.59e-04 FER=1.51e-02
2025-10-20 21:47:31,508 | INFO | Epoch 519 Train Time 42.337427377700806s

2025-10-20 21:48:13,637 | INFO | Training epoch 520, Batch 1000/1000: LR=4.75e-05, Loss=2.05e-03 BER=8.16e-04 FER=1.45e-02
2025-10-20 21:48:13,684 | INFO | Epoch 520 Train Time 42.17558550834656s

2025-10-20 21:48:57,609 | INFO | Training epoch 521, Batch 1000/1000: LR=4.74e-05, Loss=2.10e-03 BER=8.32e-04 FER=1.49e-02
2025-10-20 21:48:57,662 | INFO | Epoch 521 Train Time 43.97609090805054s

2025-10-20 21:49:41,210 | INFO | Training epoch 522, Batch 1000/1000: LR=4.72e-05, Loss=2.14e-03 BER=8.47e-04 FER=1.52e-02
2025-10-20 21:49:41,269 | INFO | Epoch 522 Train Time 43.60566210746765s

2025-10-20 21:50:24,375 | INFO | Training epoch 523, Batch 1000/1000: LR=4.71e-05, Loss=2.11e-03 BER=8.39e-04 FER=1.53e-02
2025-10-20 21:50:24,407 | INFO | Epoch 523 Train Time 43.13667607307434s

2025-10-20 21:51:08,115 | INFO | Training epoch 524, Batch 1000/1000: LR=4.69e-05, Loss=2.27e-03 BER=9.02e-04 FER=1.59e-02
2025-10-20 21:51:08,151 | INFO | Epoch 524 Train Time 43.742340087890625s

2025-10-20 21:51:51,819 | INFO | Training epoch 525, Batch 1000/1000: LR=4.68e-05, Loss=2.15e-03 BER=8.49e-04 FER=1.48e-02
2025-10-20 21:51:51,864 | INFO | Epoch 525 Train Time 43.71188259124756s

2025-10-20 21:52:35,111 | INFO | Training epoch 526, Batch 1000/1000: LR=4.66e-05, Loss=2.24e-03 BER=8.98e-04 FER=1.59e-02
2025-10-20 21:52:35,153 | INFO | Epoch 526 Train Time 43.28541016578674s

2025-10-20 21:53:18,883 | INFO | Training epoch 527, Batch 1000/1000: LR=4.65e-05, Loss=2.10e-03 BER=8.30e-04 FER=1.50e-02
2025-10-20 21:53:18,922 | INFO | Epoch 527 Train Time 43.76847434043884s

2025-10-20 21:54:03,421 | INFO | Training epoch 528, Batch 1000/1000: LR=4.63e-05, Loss=2.09e-03 BER=8.31e-04 FER=1.46e-02
2025-10-20 21:54:03,475 | INFO | Epoch 528 Train Time 44.55149006843567s

2025-10-20 21:54:47,718 | INFO | Training epoch 529, Batch 1000/1000: LR=4.62e-05, Loss=2.24e-03 BER=8.91e-04 FER=1.59e-02
2025-10-20 21:54:47,756 | INFO | Epoch 529 Train Time 44.27952480316162s

2025-10-20 21:55:30,840 | INFO | Training epoch 530, Batch 1000/1000: LR=4.60e-05, Loss=2.17e-03 BER=8.68e-04 FER=1.55e-02
2025-10-20 21:55:30,876 | INFO | Epoch 530 Train Time 43.11692214012146s

2025-10-20 21:56:14,632 | INFO | Training epoch 531, Batch 1000/1000: LR=4.58e-05, Loss=2.10e-03 BER=8.42e-04 FER=1.46e-02
2025-10-20 21:56:14,676 | INFO | Epoch 531 Train Time 43.79898190498352s

2025-10-20 21:56:56,982 | INFO | Training epoch 532, Batch 1000/1000: LR=4.57e-05, Loss=2.21e-03 BER=8.85e-04 FER=1.55e-02
2025-10-20 21:56:57,038 | INFO | Epoch 532 Train Time 42.36092710494995s

2025-10-20 21:57:40,095 | INFO | Training epoch 533, Batch 1000/1000: LR=4.55e-05, Loss=2.10e-03 BER=8.34e-04 FER=1.50e-02
2025-10-20 21:57:40,129 | INFO | Epoch 533 Train Time 43.088807821273804s

2025-10-20 21:58:24,418 | INFO | Training epoch 534, Batch 1000/1000: LR=4.54e-05, Loss=2.08e-03 BER=8.33e-04 FER=1.46e-02
2025-10-20 21:58:24,471 | INFO | Epoch 534 Train Time 44.34036993980408s

2025-10-20 21:59:09,307 | INFO | Training epoch 535, Batch 1000/1000: LR=4.52e-05, Loss=2.08e-03 BER=8.28e-04 FER=1.49e-02
2025-10-20 21:59:09,340 | INFO | Epoch 535 Train Time 44.867833375930786s

2025-10-20 21:59:53,526 | INFO | Training epoch 536, Batch 1000/1000: LR=4.51e-05, Loss=2.07e-03 BER=8.26e-04 FER=1.46e-02
2025-10-20 21:59:53,570 | INFO | Epoch 536 Train Time 44.2288544178009s

2025-10-20 22:00:36,147 | INFO | Training epoch 537, Batch 1000/1000: LR=4.49e-05, Loss=2.20e-03 BER=8.65e-04 FER=1.54e-02
2025-10-20 22:00:36,186 | INFO | Epoch 537 Train Time 42.61423301696777s

2025-10-20 22:01:18,812 | INFO | Training epoch 538, Batch 1000/1000: LR=4.48e-05, Loss=2.15e-03 BER=8.51e-04 FER=1.51e-02
2025-10-20 22:01:18,855 | INFO | Epoch 538 Train Time 42.6685574054718s

2025-10-20 22:02:01,408 | INFO | Training epoch 539, Batch 1000/1000: LR=4.46e-05, Loss=2.23e-03 BER=8.82e-04 FER=1.57e-02
2025-10-20 22:02:01,458 | INFO | Epoch 539 Train Time 42.601341247558594s

2025-10-20 22:02:45,433 | INFO | Training epoch 540, Batch 1000/1000: LR=4.45e-05, Loss=2.13e-03 BER=8.46e-04 FER=1.49e-02
2025-10-20 22:02:45,480 | INFO | Epoch 540 Train Time 44.02015209197998s

2025-10-20 22:03:27,832 | INFO | Training epoch 541, Batch 1000/1000: LR=4.43e-05, Loss=2.09e-03 BER=8.32e-04 FER=1.44e-02
2025-10-20 22:03:27,874 | INFO | Epoch 541 Train Time 42.39289975166321s

2025-10-20 22:04:11,813 | INFO | Training epoch 542, Batch 1000/1000: LR=4.41e-05, Loss=2.25e-03 BER=9.10e-04 FER=1.56e-02
2025-10-20 22:04:11,856 | INFO | Epoch 542 Train Time 43.98029565811157s

2025-10-20 22:04:55,399 | INFO | Training epoch 543, Batch 1000/1000: LR=4.40e-05, Loss=2.09e-03 BER=8.24e-04 FER=1.48e-02
2025-10-20 22:04:55,444 | INFO | Epoch 543 Train Time 43.587443351745605s

2025-10-20 22:05:38,029 | INFO | Training epoch 544, Batch 1000/1000: LR=4.38e-05, Loss=2.09e-03 BER=8.31e-04 FER=1.48e-02
2025-10-20 22:05:38,079 | INFO | Epoch 544 Train Time 42.63321137428284s

2025-10-20 22:06:21,135 | INFO | Training epoch 545, Batch 1000/1000: LR=4.37e-05, Loss=2.02e-03 BER=7.98e-04 FER=1.42e-02
2025-10-20 22:06:21,179 | INFO | Epoch 545 Train Time 43.09896993637085s

2025-10-20 22:06:21,179 | INFO | [P1] saving best_model with loss 0.002019 at epoch 545
2025-10-20 22:07:04,522 | INFO | Training epoch 546, Batch 1000/1000: LR=4.35e-05, Loss=2.09e-03 BER=8.32e-04 FER=1.47e-02
2025-10-20 22:07:04,562 | INFO | Epoch 546 Train Time 43.255600929260254s

2025-10-20 22:07:49,436 | INFO | Training epoch 547, Batch 1000/1000: LR=4.34e-05, Loss=2.17e-03 BER=8.68e-04 FER=1.53e-02
2025-10-20 22:07:49,488 | INFO | Epoch 547 Train Time 44.92507839202881s

2025-10-20 22:08:33,241 | INFO | Training epoch 548, Batch 1000/1000: LR=4.32e-05, Loss=2.18e-03 BER=8.66e-04 FER=1.54e-02
2025-10-20 22:08:33,288 | INFO | Epoch 548 Train Time 43.798256397247314s

2025-10-20 22:09:16,850 | INFO | Training epoch 549, Batch 1000/1000: LR=4.31e-05, Loss=2.15e-03 BER=8.54e-04 FER=1.50e-02
2025-10-20 22:09:16,891 | INFO | Epoch 549 Train Time 43.601906538009644s

2025-10-20 22:10:00,576 | INFO | Training epoch 550, Batch 1000/1000: LR=4.29e-05, Loss=2.09e-03 BER=8.37e-04 FER=1.47e-02
2025-10-20 22:10:00,633 | INFO | Epoch 550 Train Time 43.7395236492157s

2025-10-20 22:10:45,009 | INFO | Training epoch 551, Batch 1000/1000: LR=4.28e-05, Loss=2.17e-03 BER=8.64e-04 FER=1.53e-02
2025-10-20 22:10:45,060 | INFO | Epoch 551 Train Time 44.42630624771118s

2025-10-20 22:11:28,930 | INFO | Training epoch 552, Batch 1000/1000: LR=4.26e-05, Loss=2.09e-03 BER=8.28e-04 FER=1.49e-02
2025-10-20 22:11:28,985 | INFO | Epoch 552 Train Time 43.923906087875366s

2025-10-20 22:12:13,142 | INFO | Training epoch 553, Batch 1000/1000: LR=4.24e-05, Loss=2.20e-03 BER=8.68e-04 FER=1.52e-02
2025-10-20 22:12:13,194 | INFO | Epoch 553 Train Time 44.20816087722778s

2025-10-20 22:12:56,609 | INFO | Training epoch 554, Batch 1000/1000: LR=4.23e-05, Loss=2.10e-03 BER=8.37e-04 FER=1.46e-02
2025-10-20 22:12:56,671 | INFO | Epoch 554 Train Time 43.47573971748352s

2025-10-20 22:13:41,019 | INFO | Training epoch 555, Batch 1000/1000: LR=4.21e-05, Loss=2.12e-03 BER=8.39e-04 FER=1.48e-02
2025-10-20 22:13:41,073 | INFO | Epoch 555 Train Time 44.39898490905762s

2025-10-20 22:14:24,510 | INFO | Training epoch 556, Batch 1000/1000: LR=4.20e-05, Loss=2.17e-03 BER=8.58e-04 FER=1.52e-02
2025-10-20 22:14:24,554 | INFO | Epoch 556 Train Time 43.48045468330383s

2025-10-20 22:15:08,024 | INFO | Training epoch 557, Batch 1000/1000: LR=4.18e-05, Loss=2.15e-03 BER=8.53e-04 FER=1.49e-02
2025-10-20 22:15:08,065 | INFO | Epoch 557 Train Time 43.510029792785645s

2025-10-20 22:15:50,483 | INFO | Training epoch 558, Batch 1000/1000: LR=4.17e-05, Loss=2.24e-03 BER=8.75e-04 FER=1.55e-02
2025-10-20 22:15:50,525 | INFO | Epoch 558 Train Time 42.457061529159546s

2025-10-20 22:16:34,509 | INFO | Training epoch 559, Batch 1000/1000: LR=4.15e-05, Loss=2.14e-03 BER=8.53e-04 FER=1.52e-02
2025-10-20 22:16:34,550 | INFO | Epoch 559 Train Time 44.02389645576477s

2025-10-20 22:17:18,318 | INFO | Training epoch 560, Batch 1000/1000: LR=4.14e-05, Loss=2.20e-03 BER=8.81e-04 FER=1.56e-02
2025-10-20 22:17:18,362 | INFO | Epoch 560 Train Time 43.81059980392456s

2025-10-20 22:18:01,591 | INFO | Training epoch 561, Batch 1000/1000: LR=4.12e-05, Loss=2.15e-03 BER=8.48e-04 FER=1.54e-02
2025-10-20 22:18:01,647 | INFO | Epoch 561 Train Time 43.28361511230469s

2025-10-20 22:18:43,690 | INFO | Training epoch 562, Batch 1000/1000: LR=4.11e-05, Loss=2.06e-03 BER=8.20e-04 FER=1.48e-02
2025-10-20 22:18:43,738 | INFO | Epoch 562 Train Time 42.09010410308838s

2025-10-20 22:19:26,916 | INFO | Training epoch 563, Batch 1000/1000: LR=4.09e-05, Loss=2.13e-03 BER=8.49e-04 FER=1.53e-02
2025-10-20 22:19:26,963 | INFO | Epoch 563 Train Time 43.22327017784119s

2025-10-20 22:20:11,109 | INFO | Training epoch 564, Batch 1000/1000: LR=4.08e-05, Loss=2.10e-03 BER=8.35e-04 FER=1.48e-02
2025-10-20 22:20:11,178 | INFO | Epoch 564 Train Time 44.2140953540802s

2025-10-20 22:20:54,713 | INFO | Training epoch 565, Batch 1000/1000: LR=4.06e-05, Loss=2.13e-03 BER=8.55e-04 FER=1.51e-02
2025-10-20 22:20:54,759 | INFO | Epoch 565 Train Time 43.58005213737488s

2025-10-20 22:21:38,323 | INFO | Training epoch 566, Batch 1000/1000: LR=4.05e-05, Loss=2.14e-03 BER=8.60e-04 FER=1.49e-02
2025-10-20 22:21:38,367 | INFO | Epoch 566 Train Time 43.60212445259094s

2025-10-20 22:22:22,616 | INFO | Training epoch 567, Batch 1000/1000: LR=4.03e-05, Loss=2.10e-03 BER=8.41e-04 FER=1.47e-02
2025-10-20 22:22:22,659 | INFO | Epoch 567 Train Time 44.291313886642456s

2025-10-20 22:23:06,403 | INFO | Training epoch 568, Batch 1000/1000: LR=4.02e-05, Loss=2.12e-03 BER=8.32e-04 FER=1.47e-02
2025-10-20 22:23:06,442 | INFO | Epoch 568 Train Time 43.78170156478882s

2025-10-20 22:23:49,007 | INFO | Training epoch 569, Batch 1000/1000: LR=4.00e-05, Loss=2.15e-03 BER=8.53e-04 FER=1.50e-02
2025-10-20 22:23:49,050 | INFO | Epoch 569 Train Time 42.6066689491272s

2025-10-20 22:24:33,055 | INFO | Training epoch 570, Batch 1000/1000: LR=3.99e-05, Loss=2.18e-03 BER=8.69e-04 FER=1.53e-02
2025-10-20 22:24:33,123 | INFO | Epoch 570 Train Time 44.07114553451538s

2025-10-20 22:25:16,411 | INFO | Training epoch 571, Batch 1000/1000: LR=3.97e-05, Loss=2.11e-03 BER=8.39e-04 FER=1.50e-02
2025-10-20 22:25:16,454 | INFO | Epoch 571 Train Time 43.32989192008972s

2025-10-20 22:26:00,808 | INFO | Training epoch 572, Batch 1000/1000: LR=3.96e-05, Loss=2.09e-03 BER=8.24e-04 FER=1.48e-02
2025-10-20 22:26:00,861 | INFO | Epoch 572 Train Time 44.40658235549927s

2025-10-20 22:26:44,033 | INFO | Training epoch 573, Batch 1000/1000: LR=3.94e-05, Loss=2.05e-03 BER=8.27e-04 FER=1.48e-02
2025-10-20 22:26:44,078 | INFO | Epoch 573 Train Time 43.21578764915466s

2025-10-20 22:27:28,315 | INFO | Training epoch 574, Batch 1000/1000: LR=3.92e-05, Loss=2.13e-03 BER=8.50e-04 FER=1.49e-02
2025-10-20 22:27:28,364 | INFO | Epoch 574 Train Time 44.28454566001892s

2025-10-20 22:28:12,622 | INFO | Training epoch 575, Batch 1000/1000: LR=3.91e-05, Loss=2.09e-03 BER=8.25e-04 FER=1.46e-02
2025-10-20 22:28:12,679 | INFO | Epoch 575 Train Time 44.3131320476532s

2025-10-20 22:28:55,917 | INFO | Training epoch 576, Batch 1000/1000: LR=3.89e-05, Loss=2.05e-03 BER=8.13e-04 FER=1.47e-02
2025-10-20 22:28:55,965 | INFO | Epoch 576 Train Time 43.28526210784912s

2025-10-20 22:29:41,230 | INFO | Training epoch 577, Batch 1000/1000: LR=3.88e-05, Loss=2.05e-03 BER=8.21e-04 FER=1.48e-02
2025-10-20 22:29:41,288 | INFO | Epoch 577 Train Time 45.32089948654175s

2025-10-20 22:30:27,252 | INFO | Training epoch 578, Batch 1000/1000: LR=3.86e-05, Loss=2.15e-03 BER=8.53e-04 FER=1.51e-02
2025-10-20 22:30:27,313 | INFO | Epoch 578 Train Time 46.02321481704712s

2025-10-20 22:31:13,209 | INFO | Training epoch 579, Batch 1000/1000: LR=3.85e-05, Loss=2.06e-03 BER=8.22e-04 FER=1.43e-02
2025-10-20 22:31:13,267 | INFO | Epoch 579 Train Time 45.95219922065735s

2025-10-20 22:31:56,657 | INFO | Training epoch 580, Batch 1000/1000: LR=3.83e-05, Loss=2.07e-03 BER=8.32e-04 FER=1.46e-02
2025-10-20 22:31:56,723 | INFO | Epoch 580 Train Time 43.45493149757385s

2025-10-20 22:32:41,711 | INFO | Training epoch 581, Batch 1000/1000: LR=3.82e-05, Loss=2.13e-03 BER=8.47e-04 FER=1.49e-02
2025-10-20 22:32:41,763 | INFO | Epoch 581 Train Time 45.03679633140564s

2025-10-20 22:33:27,489 | INFO | Training epoch 582, Batch 1000/1000: LR=3.80e-05, Loss=2.13e-03 BER=8.55e-04 FER=1.54e-02
2025-10-20 22:33:27,564 | INFO | Epoch 582 Train Time 45.799986124038696s

2025-10-20 22:34:11,015 | INFO | Training epoch 583, Batch 1000/1000: LR=3.79e-05, Loss=1.99e-03 BER=7.89e-04 FER=1.39e-02
2025-10-20 22:34:11,066 | INFO | Epoch 583 Train Time 43.50112557411194s

2025-10-20 22:34:11,067 | INFO | [P1] saving best_model with loss 0.001988 at epoch 583
2025-10-20 22:34:54,982 | INFO | Training epoch 584, Batch 1000/1000: LR=3.77e-05, Loss=2.17e-03 BER=8.75e-04 FER=1.53e-02
2025-10-20 22:34:55,033 | INFO | Epoch 584 Train Time 43.857115507125854s

2025-10-20 22:35:41,020 | INFO | Training epoch 585, Batch 1000/1000: LR=3.76e-05, Loss=2.14e-03 BER=8.51e-04 FER=1.49e-02
2025-10-20 22:35:41,073 | INFO | Epoch 585 Train Time 46.03609895706177s

2025-10-20 22:36:26,007 | INFO | Training epoch 586, Batch 1000/1000: LR=3.74e-05, Loss=2.04e-03 BER=8.02e-04 FER=1.43e-02
2025-10-20 22:36:26,057 | INFO | Epoch 586 Train Time 44.982933044433594s

2025-10-20 22:37:10,665 | INFO | Training epoch 587, Batch 1000/1000: LR=3.73e-05, Loss=2.11e-03 BER=8.44e-04 FER=1.50e-02
2025-10-20 22:37:10,723 | INFO | Epoch 587 Train Time 44.66478943824768s

2025-10-20 22:37:55,230 | INFO | Training epoch 588, Batch 1000/1000: LR=3.71e-05, Loss=2.14e-03 BER=8.45e-04 FER=1.50e-02
2025-10-20 22:37:55,277 | INFO | Epoch 588 Train Time 44.55280065536499s

2025-10-20 22:38:39,315 | INFO | Training epoch 589, Batch 1000/1000: LR=3.70e-05, Loss=2.07e-03 BER=8.28e-04 FER=1.46e-02
2025-10-20 22:38:39,372 | INFO | Epoch 589 Train Time 44.09402894973755s

2025-10-20 22:39:25,091 | INFO | Training epoch 590, Batch 1000/1000: LR=3.68e-05, Loss=2.06e-03 BER=8.15e-04 FER=1.47e-02
2025-10-20 22:39:25,167 | INFO | Epoch 590 Train Time 45.79346966743469s

2025-10-20 22:40:10,332 | INFO | Training epoch 591, Batch 1000/1000: LR=3.67e-05, Loss=1.97e-03 BER=7.94e-04 FER=1.41e-02
2025-10-20 22:40:10,379 | INFO | Epoch 591 Train Time 45.208067417144775s

2025-10-20 22:40:10,379 | INFO | [P1] saving best_model with loss 0.001972 at epoch 591
2025-10-20 22:40:55,909 | INFO | Training epoch 592, Batch 1000/1000: LR=3.65e-05, Loss=2.15e-03 BER=8.58e-04 FER=1.51e-02
2025-10-20 22:40:55,980 | INFO | Epoch 592 Train Time 45.498536825180054s

2025-10-20 22:41:38,954 | INFO | Training epoch 593, Batch 1000/1000: LR=3.64e-05, Loss=2.12e-03 BER=8.44e-04 FER=1.49e-02
2025-10-20 22:41:39,014 | INFO | Epoch 593 Train Time 43.03322768211365s

2025-10-20 22:42:22,188 | INFO | Training epoch 594, Batch 1000/1000: LR=3.62e-05, Loss=2.06e-03 BER=8.22e-04 FER=1.46e-02
2025-10-20 22:42:22,238 | INFO | Epoch 594 Train Time 43.22218203544617s

2025-10-20 22:43:05,925 | INFO | Training epoch 595, Batch 1000/1000: LR=3.61e-05, Loss=2.14e-03 BER=8.57e-04 FER=1.51e-02
2025-10-20 22:43:05,970 | INFO | Epoch 595 Train Time 43.731393337249756s

2025-10-20 22:43:49,222 | INFO | Training epoch 596, Batch 1000/1000: LR=3.59e-05, Loss=2.07e-03 BER=8.22e-04 FER=1.47e-02
2025-10-20 22:43:49,275 | INFO | Epoch 596 Train Time 43.303375244140625s

2025-10-20 22:44:33,616 | INFO | Training epoch 597, Batch 1000/1000: LR=3.58e-05, Loss=2.10e-03 BER=8.28e-04 FER=1.49e-02
2025-10-20 22:44:33,658 | INFO | Epoch 597 Train Time 44.38123917579651s

2025-10-20 22:45:17,203 | INFO | Training epoch 598, Batch 1000/1000: LR=3.56e-05, Loss=2.11e-03 BER=8.39e-04 FER=1.49e-02
2025-10-20 22:45:17,248 | INFO | Epoch 598 Train Time 43.588725328445435s

2025-10-20 22:46:00,592 | INFO | Training epoch 599, Batch 1000/1000: LR=3.55e-05, Loss=2.04e-03 BER=8.13e-04 FER=1.45e-02
2025-10-20 22:46:00,634 | INFO | Epoch 599 Train Time 43.38410997390747s

2025-10-20 22:46:43,502 | INFO | Training epoch 600, Batch 1000/1000: LR=3.54e-05, Loss=2.05e-03 BER=8.18e-04 FER=1.42e-02
2025-10-20 22:46:43,555 | INFO | Epoch 600 Train Time 42.920437812805176s

2025-10-20 22:47:26,823 | INFO | Training epoch 601, Batch 1000/1000: LR=3.52e-05, Loss=2.09e-03 BER=8.30e-04 FER=1.47e-02
2025-10-20 22:47:26,868 | INFO | Epoch 601 Train Time 43.312114238739014s

2025-10-20 22:48:09,945 | INFO | Training epoch 602, Batch 1000/1000: LR=3.51e-05, Loss=2.03e-03 BER=8.14e-04 FER=1.45e-02
2025-10-20 22:48:09,995 | INFO | Epoch 602 Train Time 43.12508034706116s

2025-10-20 22:48:53,788 | INFO | Training epoch 603, Batch 1000/1000: LR=3.49e-05, Loss=2.06e-03 BER=8.23e-04 FER=1.45e-02
2025-10-20 22:48:53,826 | INFO | Epoch 603 Train Time 43.82993173599243s

2025-10-20 22:49:37,209 | INFO | Training epoch 604, Batch 1000/1000: LR=3.48e-05, Loss=2.09e-03 BER=8.32e-04 FER=1.50e-02
2025-10-20 22:49:37,251 | INFO | Epoch 604 Train Time 43.42371082305908s

2025-10-20 22:50:20,108 | INFO | Training epoch 605, Batch 1000/1000: LR=3.46e-05, Loss=2.07e-03 BER=8.20e-04 FER=1.46e-02
2025-10-20 22:50:20,151 | INFO | Epoch 605 Train Time 42.89796566963196s

2025-10-20 22:51:02,525 | INFO | Training epoch 606, Batch 1000/1000: LR=3.45e-05, Loss=2.05e-03 BER=8.12e-04 FER=1.45e-02
2025-10-20 22:51:02,570 | INFO | Epoch 606 Train Time 42.417746782302856s

2025-10-20 22:51:45,732 | INFO | Training epoch 607, Batch 1000/1000: LR=3.43e-05, Loss=2.08e-03 BER=8.37e-04 FER=1.48e-02
2025-10-20 22:51:45,779 | INFO | Epoch 607 Train Time 43.20777940750122s

2025-10-20 22:52:29,733 | INFO | Training epoch 608, Batch 1000/1000: LR=3.42e-05, Loss=2.03e-03 BER=8.08e-04 FER=1.43e-02
2025-10-20 22:52:29,804 | INFO | Epoch 608 Train Time 44.02389693260193s

2025-10-20 22:53:11,086 | INFO | Training epoch 609, Batch 1000/1000: LR=3.40e-05, Loss=2.03e-03 BER=8.03e-04 FER=1.45e-02
2025-10-20 22:53:11,120 | INFO | Epoch 609 Train Time 41.31526255607605s

2025-10-20 22:53:54,314 | INFO | Training epoch 610, Batch 1000/1000: LR=3.39e-05, Loss=2.09e-03 BER=8.37e-04 FER=1.46e-02
2025-10-20 22:53:54,356 | INFO | Epoch 610 Train Time 43.23501133918762s

2025-10-20 22:54:37,817 | INFO | Training epoch 611, Batch 1000/1000: LR=3.37e-05, Loss=2.10e-03 BER=8.39e-04 FER=1.48e-02
2025-10-20 22:54:37,870 | INFO | Epoch 611 Train Time 43.5128653049469s

2025-10-20 22:55:22,207 | INFO | Training epoch 612, Batch 1000/1000: LR=3.36e-05, Loss=2.13e-03 BER=8.47e-04 FER=1.51e-02
2025-10-20 22:55:22,252 | INFO | Epoch 612 Train Time 44.37975454330444s

2025-10-20 22:56:06,620 | INFO | Training epoch 613, Batch 1000/1000: LR=3.34e-05, Loss=2.07e-03 BER=8.33e-04 FER=1.47e-02
2025-10-20 22:56:06,671 | INFO | Epoch 613 Train Time 44.41764497756958s

2025-10-20 22:56:50,513 | INFO | Training epoch 614, Batch 1000/1000: LR=3.33e-05, Loss=2.04e-03 BER=8.05e-04 FER=1.41e-02
2025-10-20 22:56:50,568 | INFO | Epoch 614 Train Time 43.89547824859619s

2025-10-20 22:57:33,605 | INFO | Training epoch 615, Batch 1000/1000: LR=3.31e-05, Loss=2.08e-03 BER=8.44e-04 FER=1.48e-02
2025-10-20 22:57:33,653 | INFO | Epoch 615 Train Time 43.08392143249512s

2025-10-20 22:58:17,516 | INFO | Training epoch 616, Batch 1000/1000: LR=3.30e-05, Loss=2.12e-03 BER=8.47e-04 FER=1.48e-02
2025-10-20 22:58:17,570 | INFO | Epoch 616 Train Time 43.91615295410156s

2025-10-20 22:59:00,713 | INFO | Training epoch 617, Batch 1000/1000: LR=3.29e-05, Loss=2.12e-03 BER=8.42e-04 FER=1.46e-02
2025-10-20 22:59:00,759 | INFO | Epoch 617 Train Time 43.18687343597412s

2025-10-20 22:59:42,838 | INFO | Training epoch 618, Batch 1000/1000: LR=3.27e-05, Loss=2.06e-03 BER=8.24e-04 FER=1.48e-02
2025-10-20 22:59:42,882 | INFO | Epoch 618 Train Time 42.121280908584595s

2025-10-20 23:00:25,607 | INFO | Training epoch 619, Batch 1000/1000: LR=3.26e-05, Loss=2.08e-03 BER=8.26e-04 FER=1.47e-02
2025-10-20 23:00:25,651 | INFO | Epoch 619 Train Time 42.7677948474884s

2025-10-20 23:01:09,592 | INFO | Training epoch 620, Batch 1000/1000: LR=3.24e-05, Loss=2.09e-03 BER=8.36e-04 FER=1.46e-02
2025-10-20 23:01:09,631 | INFO | Epoch 620 Train Time 43.97836089134216s

2025-10-20 23:01:53,028 | INFO | Training epoch 621, Batch 1000/1000: LR=3.23e-05, Loss=2.05e-03 BER=8.20e-04 FER=1.44e-02
2025-10-20 23:01:53,074 | INFO | Epoch 621 Train Time 43.44213247299194s

2025-10-20 23:02:36,617 | INFO | Training epoch 622, Batch 1000/1000: LR=3.21e-05, Loss=2.01e-03 BER=8.06e-04 FER=1.42e-02
2025-10-20 23:02:36,674 | INFO | Epoch 622 Train Time 43.597649574279785s

2025-10-20 23:03:20,023 | INFO | Training epoch 623, Batch 1000/1000: LR=3.20e-05, Loss=1.97e-03 BER=7.87e-04 FER=1.38e-02
2025-10-20 23:03:20,068 | INFO | Epoch 623 Train Time 43.392481327056885s

2025-10-20 23:03:20,068 | INFO | [P1] saving best_model with loss 0.001969 at epoch 623
2025-10-20 23:04:02,831 | INFO | Training epoch 624, Batch 1000/1000: LR=3.18e-05, Loss=2.09e-03 BER=8.32e-04 FER=1.44e-02
2025-10-20 23:04:02,881 | INFO | Epoch 624 Train Time 42.710437297821045s

2025-10-20 23:04:46,206 | INFO | Training epoch 625, Batch 1000/1000: LR=3.17e-05, Loss=2.14e-03 BER=8.55e-04 FER=1.51e-02
2025-10-20 23:04:46,260 | INFO | Epoch 625 Train Time 43.378565073013306s

2025-10-20 23:05:30,259 | INFO | Training epoch 626, Batch 1000/1000: LR=3.16e-05, Loss=2.03e-03 BER=8.05e-04 FER=1.43e-02
2025-10-20 23:05:30,337 | INFO | Epoch 626 Train Time 44.075958013534546s

2025-10-20 23:06:13,512 | INFO | Training epoch 627, Batch 1000/1000: LR=3.14e-05, Loss=1.96e-03 BER=7.84e-04 FER=1.39e-02
2025-10-20 23:06:13,581 | INFO | Epoch 627 Train Time 43.242122650146484s

2025-10-20 23:06:13,581 | INFO | [P1] saving best_model with loss 0.001961 at epoch 627
2025-10-20 23:06:57,897 | INFO | Training epoch 628, Batch 1000/1000: LR=3.13e-05, Loss=2.07e-03 BER=8.29e-04 FER=1.49e-02
2025-10-20 23:06:57,971 | INFO | Epoch 628 Train Time 44.28769016265869s

2025-10-20 23:07:42,039 | INFO | Training epoch 629, Batch 1000/1000: LR=3.11e-05, Loss=2.09e-03 BER=8.30e-04 FER=1.46e-02
2025-10-20 23:07:42,112 | INFO | Epoch 629 Train Time 44.139697790145874s

2025-10-20 23:08:26,028 | INFO | Training epoch 630, Batch 1000/1000: LR=3.10e-05, Loss=2.03e-03 BER=8.03e-04 FER=1.40e-02
2025-10-20 23:08:26,083 | INFO | Epoch 630 Train Time 43.97068238258362s

2025-10-20 23:09:09,213 | INFO | Training epoch 631, Batch 1000/1000: LR=3.08e-05, Loss=2.13e-03 BER=8.46e-04 FER=1.49e-02
2025-10-20 23:09:09,269 | INFO | Epoch 631 Train Time 43.18426871299744s

2025-10-20 23:09:52,609 | INFO | Training epoch 632, Batch 1000/1000: LR=3.07e-05, Loss=2.00e-03 BER=7.94e-04 FER=1.43e-02
2025-10-20 23:09:52,663 | INFO | Epoch 632 Train Time 43.39339542388916s

2025-10-20 23:10:33,505 | INFO | Training epoch 633, Batch 1000/1000: LR=3.06e-05, Loss=2.09e-03 BER=8.31e-04 FER=1.47e-02
2025-10-20 23:10:33,549 | INFO | Epoch 633 Train Time 40.88482880592346s

2025-10-20 23:11:17,317 | INFO | Training epoch 634, Batch 1000/1000: LR=3.04e-05, Loss=2.08e-03 BER=8.15e-04 FER=1.45e-02
2025-10-20 23:11:17,372 | INFO | Epoch 634 Train Time 43.82165718078613s

2025-10-20 23:12:01,026 | INFO | Training epoch 635, Batch 1000/1000: LR=3.03e-05, Loss=2.02e-03 BER=8.10e-04 FER=1.42e-02
2025-10-20 23:12:01,087 | INFO | Epoch 635 Train Time 43.71404194831848s

2025-10-20 23:12:45,435 | INFO | Training epoch 636, Batch 1000/1000: LR=3.01e-05, Loss=2.02e-03 BER=8.02e-04 FER=1.41e-02
2025-10-20 23:12:45,482 | INFO | Epoch 636 Train Time 44.39399313926697s

2025-10-20 23:13:28,132 | INFO | Training epoch 637, Batch 1000/1000: LR=3.00e-05, Loss=2.02e-03 BER=8.05e-04 FER=1.40e-02
2025-10-20 23:13:28,172 | INFO | Epoch 637 Train Time 42.688241958618164s

2025-10-20 23:14:11,737 | INFO | Training epoch 638, Batch 1000/1000: LR=2.98e-05, Loss=2.03e-03 BER=8.11e-04 FER=1.41e-02
2025-10-20 23:14:11,779 | INFO | Epoch 638 Train Time 43.60634922981262s

2025-10-20 23:14:56,226 | INFO | Training epoch 639, Batch 1000/1000: LR=2.97e-05, Loss=2.00e-03 BER=7.97e-04 FER=1.41e-02
2025-10-20 23:14:56,293 | INFO | Epoch 639 Train Time 44.513163328170776s

2025-10-20 23:15:40,009 | INFO | Training epoch 640, Batch 1000/1000: LR=2.96e-05, Loss=2.10e-03 BER=8.33e-04 FER=1.45e-02
2025-10-20 23:15:40,066 | INFO | Epoch 640 Train Time 43.77057242393494s

2025-10-20 23:16:23,010 | INFO | Training epoch 641, Batch 1000/1000: LR=2.94e-05, Loss=2.05e-03 BER=8.23e-04 FER=1.44e-02
2025-10-20 23:16:23,059 | INFO | Epoch 641 Train Time 42.991678953170776s

2025-10-20 23:17:04,589 | INFO | Training epoch 642, Batch 1000/1000: LR=2.93e-05, Loss=2.04e-03 BER=8.08e-04 FER=1.42e-02
2025-10-20 23:17:04,633 | INFO | Epoch 642 Train Time 41.57278394699097s

2025-10-20 23:17:47,873 | INFO | Training epoch 643, Batch 1000/1000: LR=2.91e-05, Loss=2.04e-03 BER=8.15e-04 FER=1.41e-02
2025-10-20 23:17:47,923 | INFO | Epoch 643 Train Time 43.28810405731201s

2025-10-20 23:18:31,939 | INFO | Training epoch 644, Batch 1000/1000: LR=2.90e-05, Loss=2.02e-03 BER=7.97e-04 FER=1.41e-02
2025-10-20 23:18:31,980 | INFO | Epoch 644 Train Time 44.05350947380066s

2025-10-20 23:19:15,624 | INFO | Training epoch 645, Batch 1000/1000: LR=2.89e-05, Loss=2.13e-03 BER=8.37e-04 FER=1.47e-02
2025-10-20 23:19:15,671 | INFO | Epoch 645 Train Time 43.68985104560852s

2025-10-20 23:19:58,440 | INFO | Training epoch 646, Batch 1000/1000: LR=2.87e-05, Loss=2.04e-03 BER=8.20e-04 FER=1.43e-02
2025-10-20 23:19:58,482 | INFO | Epoch 646 Train Time 42.81009125709534s

2025-10-20 23:20:40,966 | INFO | Training epoch 647, Batch 1000/1000: LR=2.86e-05, Loss=2.05e-03 BER=8.13e-04 FER=1.45e-02
2025-10-20 23:20:41,011 | INFO | Epoch 647 Train Time 42.527987480163574s

2025-10-20 23:21:23,990 | INFO | Training epoch 648, Batch 1000/1000: LR=2.84e-05, Loss=2.10e-03 BER=8.31e-04 FER=1.45e-02
2025-10-20 23:21:24,046 | INFO | Epoch 648 Train Time 43.03262138366699s

2025-10-20 23:22:07,118 | INFO | Training epoch 649, Batch 1000/1000: LR=2.83e-05, Loss=1.93e-03 BER=7.59e-04 FER=1.36e-02
2025-10-20 23:22:07,167 | INFO | Epoch 649 Train Time 43.11937141418457s

2025-10-20 23:22:07,167 | INFO | [P1] saving best_model with loss 0.001931 at epoch 649
2025-10-20 23:22:50,413 | INFO | Training epoch 650, Batch 1000/1000: LR=2.82e-05, Loss=1.96e-03 BER=7.84e-04 FER=1.38e-02
2025-10-20 23:22:50,469 | INFO | Epoch 650 Train Time 43.18631863594055s

2025-10-20 23:23:32,015 | INFO | Training epoch 651, Batch 1000/1000: LR=2.80e-05, Loss=2.04e-03 BER=8.10e-04 FER=1.43e-02
2025-10-20 23:23:32,057 | INFO | Epoch 651 Train Time 41.586790800094604s

2025-10-20 23:24:15,105 | INFO | Training epoch 652, Batch 1000/1000: LR=2.79e-05, Loss=1.96e-03 BER=7.80e-04 FER=1.39e-02
2025-10-20 23:24:15,152 | INFO | Epoch 652 Train Time 43.093585729599s

2025-10-20 23:24:58,219 | INFO | Training epoch 653, Batch 1000/1000: LR=2.78e-05, Loss=2.01e-03 BER=7.98e-04 FER=1.43e-02
2025-10-20 23:24:58,272 | INFO | Epoch 653 Train Time 43.11920666694641s

2025-10-20 23:25:41,315 | INFO | Training epoch 654, Batch 1000/1000: LR=2.76e-05, Loss=2.05e-03 BER=8.10e-04 FER=1.43e-02
2025-10-20 23:25:41,376 | INFO | Epoch 654 Train Time 43.10205578804016s

2025-10-20 23:26:24,415 | INFO | Training epoch 655, Batch 1000/1000: LR=2.75e-05, Loss=2.09e-03 BER=8.38e-04 FER=1.46e-02
2025-10-20 23:26:24,462 | INFO | Epoch 655 Train Time 43.08533978462219s

2025-10-20 23:27:08,319 | INFO | Training epoch 656, Batch 1000/1000: LR=2.73e-05, Loss=2.05e-03 BER=8.18e-04 FER=1.44e-02
2025-10-20 23:27:08,361 | INFO | Epoch 656 Train Time 43.8974974155426s

2025-10-20 23:27:50,617 | INFO | Training epoch 657, Batch 1000/1000: LR=2.72e-05, Loss=2.08e-03 BER=8.27e-04 FER=1.45e-02
2025-10-20 23:27:50,668 | INFO | Epoch 657 Train Time 42.30541396141052s

2025-10-20 23:28:35,093 | INFO | Training epoch 658, Batch 1000/1000: LR=2.71e-05, Loss=2.07e-03 BER=8.25e-04 FER=1.44e-02
2025-10-20 23:28:35,167 | INFO | Epoch 658 Train Time 44.49752497673035s

2025-10-20 23:29:19,332 | INFO | Training epoch 659, Batch 1000/1000: LR=2.69e-05, Loss=2.00e-03 BER=8.01e-04 FER=1.42e-02
2025-10-20 23:29:19,377 | INFO | Epoch 659 Train Time 44.20935034751892s

2025-10-20 23:30:03,463 | INFO | Training epoch 660, Batch 1000/1000: LR=2.68e-05, Loss=2.06e-03 BER=8.19e-04 FER=1.41e-02
2025-10-20 23:30:03,509 | INFO | Epoch 660 Train Time 44.1306893825531s

2025-10-20 23:30:46,390 | INFO | Training epoch 661, Batch 1000/1000: LR=2.67e-05, Loss=2.15e-03 BER=8.54e-04 FER=1.50e-02
2025-10-20 23:30:46,436 | INFO | Epoch 661 Train Time 42.926042318344116s

2025-10-20 23:31:29,723 | INFO | Training epoch 662, Batch 1000/1000: LR=2.65e-05, Loss=2.01e-03 BER=7.99e-04 FER=1.40e-02
2025-10-20 23:31:29,765 | INFO | Epoch 662 Train Time 43.32672929763794s

2025-10-20 23:32:13,417 | INFO | Training epoch 663, Batch 1000/1000: LR=2.64e-05, Loss=2.00e-03 BER=7.90e-04 FER=1.40e-02
2025-10-20 23:32:13,470 | INFO | Epoch 663 Train Time 43.70434856414795s

2025-10-20 23:32:56,922 | INFO | Training epoch 664, Batch 1000/1000: LR=2.62e-05, Loss=2.10e-03 BER=8.34e-04 FER=1.43e-02
2025-10-20 23:32:56,971 | INFO | Epoch 664 Train Time 43.50017023086548s

2025-10-20 23:33:39,669 | INFO | Training epoch 665, Batch 1000/1000: LR=2.61e-05, Loss=1.99e-03 BER=7.90e-04 FER=1.40e-02
2025-10-20 23:33:39,729 | INFO | Epoch 665 Train Time 42.756399154663086s

2025-10-20 23:34:23,412 | INFO | Training epoch 666, Batch 1000/1000: LR=2.60e-05, Loss=2.02e-03 BER=8.09e-04 FER=1.41e-02
2025-10-20 23:34:23,465 | INFO | Epoch 666 Train Time 43.73435187339783s

2025-10-20 23:35:07,518 | INFO | Training epoch 667, Batch 1000/1000: LR=2.58e-05, Loss=2.06e-03 BER=8.19e-04 FER=1.43e-02
2025-10-20 23:35:07,582 | INFO | Epoch 667 Train Time 44.116034746170044s

2025-10-20 23:35:51,210 | INFO | Training epoch 668, Batch 1000/1000: LR=2.57e-05, Loss=2.09e-03 BER=8.32e-04 FER=1.46e-02
2025-10-20 23:35:51,263 | INFO | Epoch 668 Train Time 43.67877674102783s

2025-10-20 23:36:35,311 | INFO | Training epoch 669, Batch 1000/1000: LR=2.56e-05, Loss=2.05e-03 BER=8.16e-04 FER=1.43e-02
2025-10-20 23:36:35,364 | INFO | Epoch 669 Train Time 44.10045313835144s

2025-10-20 23:37:18,614 | INFO | Training epoch 670, Batch 1000/1000: LR=2.54e-05, Loss=2.07e-03 BER=8.26e-04 FER=1.43e-02
2025-10-20 23:37:18,658 | INFO | Epoch 670 Train Time 43.292638063430786s

2025-10-20 23:38:02,411 | INFO | Training epoch 671, Batch 1000/1000: LR=2.53e-05, Loss=2.07e-03 BER=8.18e-04 FER=1.43e-02
2025-10-20 23:38:02,457 | INFO | Epoch 671 Train Time 43.79761362075806s

2025-10-20 23:38:45,482 | INFO | Training epoch 672, Batch 1000/1000: LR=2.52e-05, Loss=1.97e-03 BER=7.81e-04 FER=1.38e-02
2025-10-20 23:38:45,522 | INFO | Epoch 672 Train Time 43.06430435180664s

2025-10-20 23:39:27,934 | INFO | Training epoch 673, Batch 1000/1000: LR=2.50e-05, Loss=2.12e-03 BER=8.55e-04 FER=1.46e-02
2025-10-20 23:39:27,978 | INFO | Epoch 673 Train Time 42.4544153213501s

2025-10-20 23:40:11,726 | INFO | Training epoch 674, Batch 1000/1000: LR=2.49e-05, Loss=2.06e-03 BER=8.21e-04 FER=1.45e-02
2025-10-20 23:40:11,772 | INFO | Epoch 674 Train Time 43.79350233078003s

2025-10-20 23:40:54,835 | INFO | Training epoch 675, Batch 1000/1000: LR=2.48e-05, Loss=2.05e-03 BER=8.18e-04 FER=1.43e-02
2025-10-20 23:40:54,891 | INFO | Epoch 675 Train Time 43.11771512031555s

2025-10-20 23:41:37,807 | INFO | Training epoch 676, Batch 1000/1000: LR=2.46e-05, Loss=2.06e-03 BER=8.24e-04 FER=1.46e-02
2025-10-20 23:41:37,881 | INFO | Epoch 676 Train Time 42.98893117904663s

2025-10-20 23:42:21,983 | INFO | Training epoch 677, Batch 1000/1000: LR=2.45e-05, Loss=1.97e-03 BER=7.88e-04 FER=1.39e-02
2025-10-20 23:42:22,034 | INFO | Epoch 677 Train Time 44.14819288253784s

2025-10-20 23:43:06,506 | INFO | Training epoch 678, Batch 1000/1000: LR=2.44e-05, Loss=2.02e-03 BER=8.12e-04 FER=1.41e-02
2025-10-20 23:43:06,562 | INFO | Epoch 678 Train Time 44.526795625686646s

2025-10-20 23:43:49,918 | INFO | Training epoch 679, Batch 1000/1000: LR=2.42e-05, Loss=1.99e-03 BER=8.03e-04 FER=1.42e-02
2025-10-20 23:43:49,955 | INFO | Epoch 679 Train Time 43.39202094078064s

2025-10-20 23:44:34,582 | INFO | Training epoch 680, Batch 1000/1000: LR=2.41e-05, Loss=2.10e-03 BER=8.41e-04 FER=1.45e-02
2025-10-20 23:44:34,631 | INFO | Epoch 680 Train Time 44.67558431625366s

2025-10-20 23:45:18,286 | INFO | Training epoch 681, Batch 1000/1000: LR=2.40e-05, Loss=2.00e-03 BER=8.03e-04 FER=1.41e-02
2025-10-20 23:45:18,345 | INFO | Epoch 681 Train Time 43.71267604827881s

2025-10-20 23:46:01,417 | INFO | Training epoch 682, Batch 1000/1000: LR=2.38e-05, Loss=2.05e-03 BER=8.15e-04 FER=1.42e-02
2025-10-20 23:46:01,462 | INFO | Epoch 682 Train Time 43.115845680236816s

2025-10-20 23:46:45,517 | INFO | Training epoch 683, Batch 1000/1000: LR=2.37e-05, Loss=2.03e-03 BER=8.14e-04 FER=1.43e-02
2025-10-20 23:46:45,559 | INFO | Epoch 683 Train Time 44.09560966491699s

2025-10-20 23:47:28,611 | INFO | Training epoch 684, Batch 1000/1000: LR=2.36e-05, Loss=1.98e-03 BER=7.83e-04 FER=1.38e-02
2025-10-20 23:47:28,657 | INFO | Epoch 684 Train Time 43.09583044052124s

2025-10-20 23:48:12,137 | INFO | Training epoch 685, Batch 1000/1000: LR=2.35e-05, Loss=2.01e-03 BER=8.02e-04 FER=1.41e-02
2025-10-20 23:48:12,183 | INFO | Epoch 685 Train Time 43.52446937561035s

2025-10-20 23:48:55,514 | INFO | Training epoch 686, Batch 1000/1000: LR=2.33e-05, Loss=2.13e-03 BER=8.61e-04 FER=1.46e-02
2025-10-20 23:48:55,574 | INFO | Epoch 686 Train Time 43.38892197608948s

2025-10-20 23:49:38,612 | INFO | Training epoch 687, Batch 1000/1000: LR=2.32e-05, Loss=2.01e-03 BER=7.99e-04 FER=1.42e-02
2025-10-20 23:49:38,664 | INFO | Epoch 687 Train Time 43.08829307556152s

2025-10-20 23:50:19,794 | INFO | Training epoch 688, Batch 1000/1000: LR=2.31e-05, Loss=2.05e-03 BER=8.08e-04 FER=1.44e-02
2025-10-20 23:50:19,835 | INFO | Epoch 688 Train Time 41.16984844207764s

2025-10-20 23:51:01,817 | INFO | Training epoch 689, Batch 1000/1000: LR=2.29e-05, Loss=2.07e-03 BER=8.29e-04 FER=1.44e-02
2025-10-20 23:51:01,864 | INFO | Epoch 689 Train Time 42.02769732475281s

2025-10-20 23:51:45,208 | INFO | Training epoch 690, Batch 1000/1000: LR=2.28e-05, Loss=2.07e-03 BER=8.36e-04 FER=1.47e-02
2025-10-20 23:51:45,244 | INFO | Epoch 690 Train Time 43.37886381149292s

2025-10-20 23:52:28,604 | INFO | Training epoch 691, Batch 1000/1000: LR=2.27e-05, Loss=2.04e-03 BER=8.10e-04 FER=1.45e-02
2025-10-20 23:52:28,644 | INFO | Epoch 691 Train Time 43.39831233024597s

2025-10-20 23:53:12,013 | INFO | Training epoch 692, Batch 1000/1000: LR=2.25e-05, Loss=1.99e-03 BER=8.03e-04 FER=1.41e-02
2025-10-20 23:53:12,069 | INFO | Epoch 692 Train Time 43.42431974411011s

2025-10-20 23:53:54,197 | INFO | Training epoch 693, Batch 1000/1000: LR=2.24e-05, Loss=2.01e-03 BER=7.92e-04 FER=1.39e-02
2025-10-20 23:53:54,245 | INFO | Epoch 693 Train Time 42.17372703552246s

2025-10-20 23:54:34,409 | INFO | Training epoch 694, Batch 1000/1000: LR=2.23e-05, Loss=2.17e-03 BER=8.72e-04 FER=1.51e-02
2025-10-20 23:54:34,458 | INFO | Epoch 694 Train Time 40.21218514442444s

2025-10-20 23:55:17,615 | INFO | Training epoch 695, Batch 1000/1000: LR=2.22e-05, Loss=2.10e-03 BER=8.45e-04 FER=1.47e-02
2025-10-20 23:55:17,666 | INFO | Epoch 695 Train Time 43.207175731658936s

2025-10-20 23:55:59,715 | INFO | Training epoch 696, Batch 1000/1000: LR=2.20e-05, Loss=1.97e-03 BER=7.85e-04 FER=1.37e-02
2025-10-20 23:55:59,759 | INFO | Epoch 696 Train Time 42.09128022193909s

2025-10-20 23:56:42,931 | INFO | Training epoch 697, Batch 1000/1000: LR=2.19e-05, Loss=2.00e-03 BER=7.99e-04 FER=1.41e-02
2025-10-20 23:56:42,977 | INFO | Epoch 697 Train Time 43.217278480529785s

2025-10-20 23:57:26,420 | INFO | Training epoch 698, Batch 1000/1000: LR=2.18e-05, Loss=2.02e-03 BER=8.00e-04 FER=1.41e-02
2025-10-20 23:57:26,472 | INFO | Epoch 698 Train Time 43.49341702461243s

2025-10-20 23:58:08,903 | INFO | Training epoch 699, Batch 1000/1000: LR=2.17e-05, Loss=1.92e-03 BER=7.59e-04 FER=1.35e-02
2025-10-20 23:58:08,942 | INFO | Epoch 699 Train Time 42.468822717666626s

2025-10-20 23:58:08,942 | INFO | [P1] saving best_model with loss 0.001915 at epoch 699
2025-10-20 23:58:51,220 | INFO | Training epoch 700, Batch 1000/1000: LR=2.15e-05, Loss=2.05e-03 BER=8.23e-04 FER=1.42e-02
2025-10-20 23:58:51,269 | INFO | Epoch 700 Train Time 42.226879835128784s

2025-10-20 23:59:34,424 | INFO | Training epoch 701, Batch 1000/1000: LR=2.14e-05, Loss=1.98e-03 BER=7.87e-04 FER=1.38e-02
2025-10-20 23:59:34,475 | INFO | Epoch 701 Train Time 43.20351600646973s

2025-10-21 00:00:17,844 | INFO | Training epoch 702, Batch 1000/1000: LR=2.13e-05, Loss=2.00e-03 BER=7.94e-04 FER=1.40e-02
2025-10-21 00:00:17,887 | INFO | Epoch 702 Train Time 43.40964913368225s

2025-10-21 00:01:01,411 | INFO | Training epoch 703, Batch 1000/1000: LR=2.12e-05, Loss=2.06e-03 BER=8.19e-04 FER=1.43e-02
2025-10-21 00:01:01,468 | INFO | Epoch 703 Train Time 43.58010458946228s

2025-10-21 00:01:45,525 | INFO | Training epoch 704, Batch 1000/1000: LR=2.10e-05, Loss=2.10e-03 BER=8.37e-04 FER=1.45e-02
2025-10-21 00:01:45,573 | INFO | Epoch 704 Train Time 44.104201793670654s

2025-10-21 00:02:28,797 | INFO | Training epoch 705, Batch 1000/1000: LR=2.09e-05, Loss=2.02e-03 BER=7.97e-04 FER=1.41e-02
2025-10-21 00:02:28,839 | INFO | Epoch 705 Train Time 43.264657974243164s

2025-10-21 00:03:11,920 | INFO | Training epoch 706, Batch 1000/1000: LR=2.08e-05, Loss=2.08e-03 BER=8.28e-04 FER=1.46e-02
2025-10-21 00:03:11,960 | INFO | Epoch 706 Train Time 43.11918616294861s

2025-10-21 00:03:55,216 | INFO | Training epoch 707, Batch 1000/1000: LR=2.07e-05, Loss=1.94e-03 BER=7.71e-04 FER=1.37e-02
2025-10-21 00:03:55,280 | INFO | Epoch 707 Train Time 43.3195116519928s

2025-10-21 00:04:38,756 | INFO | Training epoch 708, Batch 1000/1000: LR=2.05e-05, Loss=2.07e-03 BER=8.31e-04 FER=1.44e-02
2025-10-21 00:04:38,802 | INFO | Epoch 708 Train Time 43.51944828033447s

2025-10-21 00:05:21,715 | INFO | Training epoch 709, Batch 1000/1000: LR=2.04e-05, Loss=2.11e-03 BER=8.45e-04 FER=1.48e-02
2025-10-21 00:05:21,759 | INFO | Epoch 709 Train Time 42.95630741119385s

2025-10-21 00:06:04,924 | INFO | Training epoch 710, Batch 1000/1000: LR=2.03e-05, Loss=2.00e-03 BER=7.93e-04 FER=1.39e-02
2025-10-21 00:06:04,972 | INFO | Epoch 710 Train Time 43.212342262268066s

2025-10-21 00:06:46,796 | INFO | Training epoch 711, Batch 1000/1000: LR=2.02e-05, Loss=1.93e-03 BER=7.69e-04 FER=1.36e-02
2025-10-21 00:06:46,856 | INFO | Epoch 711 Train Time 41.88296866416931s

2025-10-21 00:07:30,311 | INFO | Training epoch 712, Batch 1000/1000: LR=2.00e-05, Loss=1.83e-03 BER=7.30e-04 FER=1.28e-02
2025-10-21 00:07:30,353 | INFO | Epoch 712 Train Time 43.4956636428833s

2025-10-21 00:07:30,354 | INFO | [P1] saving best_model with loss 0.001827 at epoch 712
2025-10-21 00:08:13,919 | INFO | Training epoch 713, Batch 1000/1000: LR=1.99e-05, Loss=2.04e-03 BER=8.14e-04 FER=1.43e-02
2025-10-21 00:08:13,967 | INFO | Epoch 713 Train Time 43.50148248672485s

2025-10-21 00:08:57,441 | INFO | Training epoch 714, Batch 1000/1000: LR=1.98e-05, Loss=1.90e-03 BER=7.52e-04 FER=1.33e-02
2025-10-21 00:08:57,484 | INFO | Epoch 714 Train Time 43.51555037498474s

2025-10-21 00:09:40,610 | INFO | Training epoch 715, Batch 1000/1000: LR=1.97e-05, Loss=2.03e-03 BER=8.09e-04 FER=1.42e-02
2025-10-21 00:09:40,667 | INFO | Epoch 715 Train Time 43.18101525306702s

2025-10-21 00:10:24,825 | INFO | Training epoch 716, Batch 1000/1000: LR=1.96e-05, Loss=2.00e-03 BER=7.98e-04 FER=1.41e-02
2025-10-21 00:10:24,869 | INFO | Epoch 716 Train Time 44.20166087150574s

2025-10-21 00:11:08,620 | INFO | Training epoch 717, Batch 1000/1000: LR=1.94e-05, Loss=1.93e-03 BER=7.72e-04 FER=1.35e-02
2025-10-21 00:11:08,693 | INFO | Epoch 717 Train Time 43.821600914001465s

2025-10-21 00:11:51,331 | INFO | Training epoch 718, Batch 1000/1000: LR=1.93e-05, Loss=2.11e-03 BER=8.49e-04 FER=1.50e-02
2025-10-21 00:11:51,373 | INFO | Epoch 718 Train Time 42.679149866104126s

2025-10-21 00:12:34,838 | INFO | Training epoch 719, Batch 1000/1000: LR=1.92e-05, Loss=1.93e-03 BER=7.76e-04 FER=1.35e-02
2025-10-21 00:12:34,883 | INFO | Epoch 719 Train Time 43.50942349433899s

2025-10-21 00:13:18,597 | INFO | Training epoch 720, Batch 1000/1000: LR=1.91e-05, Loss=2.07e-03 BER=8.26e-04 FER=1.44e-02
2025-10-21 00:13:18,642 | INFO | Epoch 720 Train Time 43.757320404052734s

2025-10-21 00:14:01,941 | INFO | Training epoch 721, Batch 1000/1000: LR=1.89e-05, Loss=2.11e-03 BER=8.43e-04 FER=1.44e-02
2025-10-21 00:14:01,992 | INFO | Epoch 721 Train Time 43.349424600601196s

2025-10-21 00:14:44,730 | INFO | Training epoch 722, Batch 1000/1000: LR=1.88e-05, Loss=1.98e-03 BER=7.87e-04 FER=1.36e-02
2025-10-21 00:14:44,785 | INFO | Epoch 722 Train Time 42.79118847846985s

2025-10-21 00:15:28,996 | INFO | Training epoch 723, Batch 1000/1000: LR=1.87e-05, Loss=2.03e-03 BER=8.11e-04 FER=1.41e-02
2025-10-21 00:15:29,044 | INFO | Epoch 723 Train Time 44.25776124000549s

2025-10-21 00:16:12,638 | INFO | Training epoch 724, Batch 1000/1000: LR=1.86e-05, Loss=1.95e-03 BER=7.78e-04 FER=1.39e-02
2025-10-21 00:16:12,679 | INFO | Epoch 724 Train Time 43.63440656661987s

2025-10-21 00:16:56,116 | INFO | Training epoch 725, Batch 1000/1000: LR=1.85e-05, Loss=1.96e-03 BER=7.81e-04 FER=1.37e-02
2025-10-21 00:16:56,173 | INFO | Epoch 725 Train Time 43.49236798286438s

2025-10-21 00:17:39,845 | INFO | Training epoch 726, Batch 1000/1000: LR=1.84e-05, Loss=1.98e-03 BER=7.88e-04 FER=1.38e-02
2025-10-21 00:17:39,925 | INFO | Epoch 726 Train Time 43.750680446624756s

2025-10-21 00:18:24,032 | INFO | Training epoch 727, Batch 1000/1000: LR=1.82e-05, Loss=1.98e-03 BER=7.89e-04 FER=1.37e-02
2025-10-21 00:18:24,081 | INFO | Epoch 727 Train Time 44.15249419212341s

2025-10-21 00:19:08,513 | INFO | Training epoch 728, Batch 1000/1000: LR=1.81e-05, Loss=2.03e-03 BER=8.07e-04 FER=1.42e-02
2025-10-21 00:19:08,568 | INFO | Epoch 728 Train Time 44.48621582984924s

2025-10-21 00:19:51,937 | INFO | Training epoch 729, Batch 1000/1000: LR=1.80e-05, Loss=2.00e-03 BER=8.03e-04 FER=1.39e-02
2025-10-21 00:19:51,986 | INFO | Epoch 729 Train Time 43.416558504104614s

2025-10-21 00:20:34,610 | INFO | Training epoch 730, Batch 1000/1000: LR=1.79e-05, Loss=2.00e-03 BER=7.98e-04 FER=1.39e-02
2025-10-21 00:20:34,666 | INFO | Epoch 730 Train Time 42.67939853668213s

2025-10-21 00:21:17,919 | INFO | Training epoch 731, Batch 1000/1000: LR=1.78e-05, Loss=1.97e-03 BER=7.88e-04 FER=1.38e-02
2025-10-21 00:21:17,957 | INFO | Epoch 731 Train Time 43.289623498916626s

2025-10-21 00:22:01,323 | INFO | Training epoch 732, Batch 1000/1000: LR=1.76e-05, Loss=1.99e-03 BER=7.94e-04 FER=1.38e-02
2025-10-21 00:22:01,377 | INFO | Epoch 732 Train Time 43.41871118545532s

2025-10-21 00:22:45,520 | INFO | Training epoch 733, Batch 1000/1000: LR=1.75e-05, Loss=2.13e-03 BER=8.52e-04 FER=1.49e-02
2025-10-21 00:22:45,577 | INFO | Epoch 733 Train Time 44.196916818618774s

2025-10-21 00:23:28,642 | INFO | Training epoch 734, Batch 1000/1000: LR=1.74e-05, Loss=2.06e-03 BER=8.22e-04 FER=1.43e-02
2025-10-21 00:23:28,683 | INFO | Epoch 734 Train Time 43.10438680648804s

2025-10-21 00:24:11,910 | INFO | Training epoch 735, Batch 1000/1000: LR=1.73e-05, Loss=1.95e-03 BER=7.75e-04 FER=1.36e-02
2025-10-21 00:24:11,954 | INFO | Epoch 735 Train Time 43.269733905792236s

2025-10-21 00:24:55,614 | INFO | Training epoch 736, Batch 1000/1000: LR=1.72e-05, Loss=2.07e-03 BER=8.37e-04 FER=1.45e-02
2025-10-21 00:24:55,656 | INFO | Epoch 736 Train Time 43.70054483413696s

2025-10-21 00:25:39,023 | INFO | Training epoch 737, Batch 1000/1000: LR=1.71e-05, Loss=2.06e-03 BER=8.22e-04 FER=1.44e-02
2025-10-21 00:25:39,065 | INFO | Epoch 737 Train Time 43.40831732749939s

2025-10-21 00:26:21,684 | INFO | Training epoch 738, Batch 1000/1000: LR=1.70e-05, Loss=2.01e-03 BER=7.96e-04 FER=1.40e-02
2025-10-21 00:26:21,721 | INFO | Epoch 738 Train Time 42.65430784225464s

2025-10-21 00:27:05,012 | INFO | Training epoch 739, Batch 1000/1000: LR=1.68e-05, Loss=2.01e-03 BER=7.96e-04 FER=1.40e-02
2025-10-21 00:27:05,062 | INFO | Epoch 739 Train Time 43.340617179870605s

2025-10-21 00:27:47,832 | INFO | Training epoch 740, Batch 1000/1000: LR=1.67e-05, Loss=1.97e-03 BER=7.78e-04 FER=1.38e-02
2025-10-21 00:27:47,884 | INFO | Epoch 740 Train Time 42.820141553878784s

2025-10-21 00:28:31,306 | INFO | Training epoch 741, Batch 1000/1000: LR=1.66e-05, Loss=2.10e-03 BER=8.39e-04 FER=1.45e-02
2025-10-21 00:28:31,359 | INFO | Epoch 741 Train Time 43.47297739982605s

2025-10-21 00:29:15,915 | INFO | Training epoch 742, Batch 1000/1000: LR=1.65e-05, Loss=2.01e-03 BER=8.03e-04 FER=1.40e-02
2025-10-21 00:29:15,950 | INFO | Epoch 742 Train Time 44.58991312980652s

2025-10-21 00:29:59,082 | INFO | Training epoch 743, Batch 1000/1000: LR=1.64e-05, Loss=2.02e-03 BER=8.09e-04 FER=1.41e-02
2025-10-21 00:29:59,118 | INFO | Epoch 743 Train Time 43.16629195213318s

2025-10-21 00:30:42,226 | INFO | Training epoch 744, Batch 1000/1000: LR=1.63e-05, Loss=2.08e-03 BER=8.40e-04 FER=1.44e-02
2025-10-21 00:30:42,267 | INFO | Epoch 744 Train Time 43.148505449295044s

2025-10-21 00:31:26,711 | INFO | Training epoch 745, Batch 1000/1000: LR=1.62e-05, Loss=2.00e-03 BER=7.96e-04 FER=1.38e-02
2025-10-21 00:31:26,752 | INFO | Epoch 745 Train Time 44.48325848579407s

2025-10-21 00:32:10,212 | INFO | Training epoch 746, Batch 1000/1000: LR=1.61e-05, Loss=1.96e-03 BER=7.84e-04 FER=1.37e-02
2025-10-21 00:32:10,275 | INFO | Epoch 746 Train Time 43.5224506855011s

2025-10-21 00:32:54,832 | INFO | Training epoch 747, Batch 1000/1000: LR=1.59e-05, Loss=2.02e-03 BER=7.96e-04 FER=1.40e-02
2025-10-21 00:32:54,886 | INFO | Epoch 747 Train Time 44.607935428619385s

2025-10-21 00:33:38,419 | INFO | Training epoch 748, Batch 1000/1000: LR=1.58e-05, Loss=2.07e-03 BER=8.16e-04 FER=1.43e-02
2025-10-21 00:33:38,465 | INFO | Epoch 748 Train Time 43.57710552215576s

2025-10-21 00:34:21,909 | INFO | Training epoch 749, Batch 1000/1000: LR=1.57e-05, Loss=1.90e-03 BER=7.56e-04 FER=1.34e-02
2025-10-21 00:34:21,953 | INFO | Epoch 749 Train Time 43.48702383041382s

2025-10-21 00:35:05,232 | INFO | Training epoch 750, Batch 1000/1000: LR=1.56e-05, Loss=1.96e-03 BER=7.82e-04 FER=1.37e-02
2025-10-21 00:35:05,283 | INFO | Epoch 750 Train Time 43.32889795303345s

2025-10-21 00:35:49,412 | INFO | Training epoch 751, Batch 1000/1000: LR=1.55e-05, Loss=2.01e-03 BER=8.08e-04 FER=1.39e-02
2025-10-21 00:35:49,462 | INFO | Epoch 751 Train Time 44.177563190460205s

2025-10-21 00:36:32,104 | INFO | Training epoch 752, Batch 1000/1000: LR=1.54e-05, Loss=2.03e-03 BER=8.04e-04 FER=1.42e-02
2025-10-21 00:36:32,143 | INFO | Epoch 752 Train Time 42.679607629776s

2025-10-21 00:37:15,950 | INFO | Training epoch 753, Batch 1000/1000: LR=1.53e-05, Loss=2.01e-03 BER=7.98e-04 FER=1.39e-02
2025-10-21 00:37:15,990 | INFO | Epoch 753 Train Time 43.845714807510376s

2025-10-21 00:37:59,610 | INFO | Training epoch 754, Batch 1000/1000: LR=1.52e-05, Loss=1.95e-03 BER=7.86e-04 FER=1.37e-02
2025-10-21 00:37:59,674 | INFO | Epoch 754 Train Time 43.68232011795044s

2025-10-21 00:38:43,946 | INFO | Training epoch 755, Batch 1000/1000: LR=1.51e-05, Loss=1.98e-03 BER=7.85e-04 FER=1.40e-02
2025-10-21 00:38:44,000 | INFO | Epoch 755 Train Time 44.32555317878723s

2025-10-21 00:39:27,690 | INFO | Training epoch 756, Batch 1000/1000: LR=1.50e-05, Loss=2.11e-03 BER=8.50e-04 FER=1.46e-02
2025-10-21 00:39:27,728 | INFO | Epoch 756 Train Time 43.72668266296387s

2025-10-21 00:40:11,820 | INFO | Training epoch 757, Batch 1000/1000: LR=1.48e-05, Loss=2.01e-03 BER=7.99e-04 FER=1.39e-02
2025-10-21 00:40:11,873 | INFO | Epoch 757 Train Time 44.14274311065674s

2025-10-21 00:40:55,820 | INFO | Training epoch 758, Batch 1000/1000: LR=1.47e-05, Loss=2.02e-03 BER=8.06e-04 FER=1.43e-02
2025-10-21 00:40:55,861 | INFO | Epoch 758 Train Time 43.98735785484314s

2025-10-21 00:41:38,830 | INFO | Training epoch 759, Batch 1000/1000: LR=1.46e-05, Loss=1.93e-03 BER=7.74e-04 FER=1.36e-02
2025-10-21 00:41:38,882 | INFO | Epoch 759 Train Time 43.019060134887695s

2025-10-21 00:42:22,624 | INFO | Training epoch 760, Batch 1000/1000: LR=1.45e-05, Loss=1.99e-03 BER=7.88e-04 FER=1.37e-02
2025-10-21 00:42:22,675 | INFO | Epoch 760 Train Time 43.791969537734985s

2025-10-21 00:43:06,474 | INFO | Training epoch 761, Batch 1000/1000: LR=1.44e-05, Loss=2.04e-03 BER=8.17e-04 FER=1.42e-02
2025-10-21 00:43:06,533 | INFO | Epoch 761 Train Time 43.85681676864624s

2025-10-21 00:43:49,108 | INFO | Training epoch 762, Batch 1000/1000: LR=1.43e-05, Loss=1.90e-03 BER=7.61e-04 FER=1.33e-02
2025-10-21 00:43:49,155 | INFO | Epoch 762 Train Time 42.62123727798462s

2025-10-21 00:44:34,052 | INFO | Training epoch 763, Batch 1000/1000: LR=1.42e-05, Loss=2.02e-03 BER=8.10e-04 FER=1.40e-02
2025-10-21 00:44:34,090 | INFO | Epoch 763 Train Time 44.93431305885315s

2025-10-21 00:45:18,045 | INFO | Training epoch 764, Batch 1000/1000: LR=1.41e-05, Loss=2.08e-03 BER=8.40e-04 FER=1.46e-02
2025-10-21 00:45:18,094 | INFO | Epoch 764 Train Time 44.003159284591675s

2025-10-21 00:46:01,508 | INFO | Training epoch 765, Batch 1000/1000: LR=1.40e-05, Loss=2.05e-03 BER=8.26e-04 FER=1.45e-02
2025-10-21 00:46:01,545 | INFO | Epoch 765 Train Time 43.4485650062561s

2025-10-21 00:46:47,147 | INFO | Training epoch 766, Batch 1000/1000: LR=1.39e-05, Loss=1.96e-03 BER=7.80e-04 FER=1.39e-02
2025-10-21 00:46:47,199 | INFO | Epoch 766 Train Time 45.65300273895264s

2025-10-21 00:47:32,007 | INFO | Training epoch 767, Batch 1000/1000: LR=1.38e-05, Loss=1.92e-03 BER=7.66e-04 FER=1.34e-02
2025-10-21 00:47:32,053 | INFO | Epoch 767 Train Time 44.85322451591492s

2025-10-21 00:48:16,617 | INFO | Training epoch 768, Batch 1000/1000: LR=1.37e-05, Loss=2.02e-03 BER=8.11e-04 FER=1.40e-02
2025-10-21 00:48:16,669 | INFO | Epoch 768 Train Time 44.61334300041199s

2025-10-21 00:49:01,019 | INFO | Training epoch 769, Batch 1000/1000: LR=1.36e-05, Loss=1.98e-03 BER=7.90e-04 FER=1.41e-02
2025-10-21 00:49:01,056 | INFO | Epoch 769 Train Time 44.38493609428406s

2025-10-21 00:49:46,934 | INFO | Training epoch 770, Batch 1000/1000: LR=1.35e-05, Loss=2.08e-03 BER=8.30e-04 FER=1.40e-02
2025-10-21 00:49:46,987 | INFO | Epoch 770 Train Time 45.928542137145996s

2025-10-21 00:50:32,547 | INFO | Training epoch 771, Batch 1000/1000: LR=1.34e-05, Loss=2.04e-03 BER=8.22e-04 FER=1.43e-02
2025-10-21 00:50:32,640 | INFO | Epoch 771 Train Time 45.65081834793091s

2025-10-21 00:51:17,530 | INFO | Training epoch 772, Batch 1000/1000: LR=1.33e-05, Loss=1.95e-03 BER=7.83e-04 FER=1.35e-02
2025-10-21 00:51:17,568 | INFO | Epoch 772 Train Time 44.926020860672s

2025-10-21 00:52:02,210 | INFO | Training epoch 773, Batch 1000/1000: LR=1.32e-05, Loss=1.94e-03 BER=7.71e-04 FER=1.36e-02
2025-10-21 00:52:02,257 | INFO | Epoch 773 Train Time 44.68756318092346s

2025-10-21 00:52:47,226 | INFO | Training epoch 774, Batch 1000/1000: LR=1.31e-05, Loss=2.10e-03 BER=8.36e-04 FER=1.44e-02
2025-10-21 00:52:47,269 | INFO | Epoch 774 Train Time 45.01080274581909s

2025-10-21 00:53:32,209 | INFO | Training epoch 775, Batch 1000/1000: LR=1.30e-05, Loss=1.94e-03 BER=7.82e-04 FER=1.35e-02
2025-10-21 00:53:32,256 | INFO | Epoch 775 Train Time 44.9855215549469s

2025-10-21 00:54:18,390 | INFO | Training epoch 776, Batch 1000/1000: LR=1.29e-05, Loss=1.96e-03 BER=7.83e-04 FER=1.38e-02
2025-10-21 00:54:18,446 | INFO | Epoch 776 Train Time 46.189104080200195s

2025-10-21 00:55:02,908 | INFO | Training epoch 777, Batch 1000/1000: LR=1.28e-05, Loss=1.92e-03 BER=7.69e-04 FER=1.34e-02
2025-10-21 00:55:02,952 | INFO | Epoch 777 Train Time 44.503194093704224s

2025-10-21 00:55:48,615 | INFO | Training epoch 778, Batch 1000/1000: LR=1.27e-05, Loss=1.95e-03 BER=7.75e-04 FER=1.35e-02
2025-10-21 00:55:48,649 | INFO | Epoch 778 Train Time 45.69624042510986s

2025-10-21 00:56:34,211 | INFO | Training epoch 779, Batch 1000/1000: LR=1.26e-05, Loss=1.98e-03 BER=7.89e-04 FER=1.38e-02
2025-10-21 00:56:34,278 | INFO | Epoch 779 Train Time 45.627779960632324s

2025-10-21 00:57:18,808 | INFO | Training epoch 780, Batch 1000/1000: LR=1.25e-05, Loss=1.93e-03 BER=7.74e-04 FER=1.34e-02
2025-10-21 00:57:18,844 | INFO | Epoch 780 Train Time 44.56252384185791s

2025-10-21 00:58:03,106 | INFO | Training epoch 781, Batch 1000/1000: LR=1.24e-05, Loss=2.02e-03 BER=8.12e-04 FER=1.42e-02
2025-10-21 00:58:03,153 | INFO | Epoch 781 Train Time 44.30767273902893s

2025-10-21 00:58:49,605 | INFO | Training epoch 782, Batch 1000/1000: LR=1.23e-05, Loss=1.98e-03 BER=7.86e-04 FER=1.38e-02
2025-10-21 00:58:49,655 | INFO | Epoch 782 Train Time 46.5004608631134s

2025-10-21 00:59:34,021 | INFO | Training epoch 783, Batch 1000/1000: LR=1.22e-05, Loss=1.93e-03 BER=7.65e-04 FER=1.37e-02
2025-10-21 00:59:34,061 | INFO | Epoch 783 Train Time 44.40437316894531s

2025-10-21 01:00:17,513 | INFO | Training epoch 784, Batch 1000/1000: LR=1.21e-05, Loss=1.89e-03 BER=7.49e-04 FER=1.33e-02
2025-10-21 01:00:17,556 | INFO | Epoch 784 Train Time 43.493857860565186s

2025-10-21 01:01:01,318 | INFO | Training epoch 785, Batch 1000/1000: LR=1.20e-05, Loss=2.02e-03 BER=8.07e-04 FER=1.40e-02
2025-10-21 01:01:01,355 | INFO | Epoch 785 Train Time 43.798038721084595s

2025-10-21 01:01:44,314 | INFO | Training epoch 786, Batch 1000/1000: LR=1.19e-05, Loss=1.98e-03 BER=7.95e-04 FER=1.38e-02
2025-10-21 01:01:44,365 | INFO | Epoch 786 Train Time 43.00908970832825s

2025-10-21 01:02:26,616 | INFO | Training epoch 787, Batch 1000/1000: LR=1.18e-05, Loss=1.88e-03 BER=7.57e-04 FER=1.30e-02
2025-10-21 01:02:26,666 | INFO | Epoch 787 Train Time 42.299877405166626s

2025-10-21 01:03:10,338 | INFO | Training epoch 788, Batch 1000/1000: LR=1.17e-05, Loss=2.01e-03 BER=7.95e-04 FER=1.38e-02
2025-10-21 01:03:10,394 | INFO | Epoch 788 Train Time 43.726818323135376s

2025-10-21 01:03:54,536 | INFO | Training epoch 789, Batch 1000/1000: LR=1.16e-05, Loss=2.05e-03 BER=8.29e-04 FER=1.43e-02
2025-10-21 01:03:54,589 | INFO | Epoch 789 Train Time 44.19324851036072s

2025-10-21 01:04:38,314 | INFO | Training epoch 790, Batch 1000/1000: LR=1.15e-05, Loss=2.04e-03 BER=8.06e-04 FER=1.42e-02
2025-10-21 01:04:38,372 | INFO | Epoch 790 Train Time 43.78152418136597s

2025-10-21 01:05:20,957 | INFO | Training epoch 791, Batch 1000/1000: LR=1.14e-05, Loss=1.96e-03 BER=7.94e-04 FER=1.36e-02
2025-10-21 01:05:21,002 | INFO | Epoch 791 Train Time 42.62927460670471s

2025-10-21 01:06:04,694 | INFO | Training epoch 792, Batch 1000/1000: LR=1.13e-05, Loss=1.91e-03 BER=7.53e-04 FER=1.31e-02
2025-10-21 01:06:04,754 | INFO | Epoch 792 Train Time 43.74999141693115s

2025-10-21 01:06:47,925 | INFO | Training epoch 793, Batch 1000/1000: LR=1.12e-05, Loss=2.01e-03 BER=8.03e-04 FER=1.40e-02
2025-10-21 01:06:47,965 | INFO | Epoch 793 Train Time 43.209490060806274s

2025-10-21 01:07:30,954 | INFO | Training epoch 794, Batch 1000/1000: LR=1.11e-05, Loss=2.00e-03 BER=7.99e-04 FER=1.38e-02
2025-10-21 01:07:30,994 | INFO | Epoch 794 Train Time 43.02826285362244s

2025-10-21 01:08:14,116 | INFO | Training epoch 795, Batch 1000/1000: LR=1.10e-05, Loss=1.96e-03 BER=7.75e-04 FER=1.36e-02
2025-10-21 01:08:14,164 | INFO | Epoch 795 Train Time 43.16868829727173s

2025-10-21 01:08:57,517 | INFO | Training epoch 796, Batch 1000/1000: LR=1.09e-05, Loss=2.00e-03 BER=8.03e-04 FER=1.41e-02
2025-10-21 01:08:57,569 | INFO | Epoch 796 Train Time 43.404253005981445s

2025-10-21 01:09:41,807 | INFO | Training epoch 797, Batch 1000/1000: LR=1.08e-05, Loss=2.00e-03 BER=7.99e-04 FER=1.40e-02
2025-10-21 01:09:41,845 | INFO | Epoch 797 Train Time 44.273688077926636s

2025-10-21 01:10:25,329 | INFO | Training epoch 798, Batch 1000/1000: LR=1.07e-05, Loss=2.00e-03 BER=7.94e-04 FER=1.36e-02
2025-10-21 01:10:25,378 | INFO | Epoch 798 Train Time 43.53171706199646s

2025-10-21 01:11:08,290 | INFO | Training epoch 799, Batch 1000/1000: LR=1.06e-05, Loss=1.94e-03 BER=7.84e-04 FER=1.38e-02
2025-10-21 01:11:08,340 | INFO | Epoch 799 Train Time 42.961243867874146s

2025-10-21 01:11:51,394 | INFO | Training epoch 800, Batch 1000/1000: LR=1.05e-05, Loss=1.96e-03 BER=7.87e-04 FER=1.35e-02
2025-10-21 01:11:51,439 | INFO | Epoch 800 Train Time 43.097211599349976s

2025-10-21 01:12:34,607 | INFO | Training epoch 801, Batch 1000/1000: LR=1.05e-05, Loss=2.11e-03 BER=8.34e-04 FER=1.47e-02
2025-10-21 01:12:34,656 | INFO | Epoch 801 Train Time 43.215996742248535s

2025-10-21 01:13:17,522 | INFO | Training epoch 802, Batch 1000/1000: LR=1.04e-05, Loss=2.02e-03 BER=8.09e-04 FER=1.43e-02
2025-10-21 01:13:17,564 | INFO | Epoch 802 Train Time 42.90651750564575s

2025-10-21 01:14:00,957 | INFO | Training epoch 803, Batch 1000/1000: LR=1.03e-05, Loss=1.98e-03 BER=7.97e-04 FER=1.37e-02
2025-10-21 01:14:00,994 | INFO | Epoch 803 Train Time 43.42890691757202s

2025-10-21 01:14:44,115 | INFO | Training epoch 804, Batch 1000/1000: LR=1.02e-05, Loss=2.11e-03 BER=8.36e-04 FER=1.45e-02
2025-10-21 01:14:44,157 | INFO | Epoch 804 Train Time 43.162142515182495s

2025-10-21 01:15:26,922 | INFO | Training epoch 805, Batch 1000/1000: LR=1.01e-05, Loss=1.97e-03 BER=7.90e-04 FER=1.37e-02
2025-10-21 01:15:26,963 | INFO | Epoch 805 Train Time 42.804991245269775s

2025-10-21 01:16:10,769 | INFO | Training epoch 806, Batch 1000/1000: LR=1.00e-05, Loss=2.00e-03 BER=8.03e-04 FER=1.39e-02
2025-10-21 01:16:10,823 | INFO | Epoch 806 Train Time 43.85859417915344s

2025-10-21 01:16:52,968 | INFO | Training epoch 807, Batch 1000/1000: LR=9.91e-06, Loss=2.02e-03 BER=8.04e-04 FER=1.39e-02
2025-10-21 01:16:53,005 | INFO | Epoch 807 Train Time 42.180424451828s

2025-10-21 01:17:35,815 | INFO | Training epoch 808, Batch 1000/1000: LR=9.82e-06, Loss=1.94e-03 BER=7.71e-04 FER=1.35e-02
2025-10-21 01:17:35,865 | INFO | Epoch 808 Train Time 42.859249114990234s

2025-10-21 01:18:18,811 | INFO | Training epoch 809, Batch 1000/1000: LR=9.74e-06, Loss=1.88e-03 BER=7.45e-04 FER=1.31e-02
2025-10-21 01:18:18,856 | INFO | Epoch 809 Train Time 42.9891471862793s

2025-10-21 01:19:01,744 | INFO | Training epoch 810, Batch 1000/1000: LR=9.65e-06, Loss=1.90e-03 BER=7.63e-04 FER=1.33e-02
2025-10-21 01:19:01,798 | INFO | Epoch 810 Train Time 42.940566301345825s

2025-10-21 01:19:45,515 | INFO | Training epoch 811, Batch 1000/1000: LR=9.56e-06, Loss=1.94e-03 BER=7.73e-04 FER=1.34e-02
2025-10-21 01:19:45,567 | INFO | Epoch 811 Train Time 43.76779842376709s

2025-10-21 01:20:28,831 | INFO | Training epoch 812, Batch 1000/1000: LR=9.47e-06, Loss=1.99e-03 BER=7.90e-04 FER=1.38e-02
2025-10-21 01:20:28,883 | INFO | Epoch 812 Train Time 43.314270973205566s

2025-10-21 01:21:11,318 | INFO | Training epoch 813, Batch 1000/1000: LR=9.39e-06, Loss=2.03e-03 BER=8.08e-04 FER=1.38e-02
2025-10-21 01:21:11,355 | INFO | Epoch 813 Train Time 42.46918725967407s

2025-10-21 01:21:54,852 | INFO | Training epoch 814, Batch 1000/1000: LR=9.30e-06, Loss=1.87e-03 BER=7.45e-04 FER=1.30e-02
2025-10-21 01:21:54,891 | INFO | Epoch 814 Train Time 43.53391480445862s

2025-10-21 01:22:38,411 | INFO | Training epoch 815, Batch 1000/1000: LR=9.21e-06, Loss=1.95e-03 BER=7.79e-04 FER=1.33e-02
2025-10-21 01:22:38,466 | INFO | Epoch 815 Train Time 43.57349133491516s

2025-10-21 01:23:21,698 | INFO | Training epoch 816, Batch 1000/1000: LR=9.13e-06, Loss=1.88e-03 BER=7.54e-04 FER=1.32e-02
2025-10-21 01:23:21,737 | INFO | Epoch 816 Train Time 43.26992702484131s

2025-10-21 01:24:05,508 | INFO | Training epoch 817, Batch 1000/1000: LR=9.04e-06, Loss=1.96e-03 BER=7.87e-04 FER=1.39e-02
2025-10-21 01:24:05,559 | INFO | Epoch 817 Train Time 43.82094860076904s

2025-10-21 01:24:48,821 | INFO | Training epoch 818, Batch 1000/1000: LR=8.96e-06, Loss=1.95e-03 BER=7.79e-04 FER=1.35e-02
2025-10-21 01:24:48,860 | INFO | Epoch 818 Train Time 43.29956912994385s

2025-10-21 01:25:32,120 | INFO | Training epoch 819, Batch 1000/1000: LR=8.87e-06, Loss=1.94e-03 BER=7.75e-04 FER=1.34e-02
2025-10-21 01:25:32,162 | INFO | Epoch 819 Train Time 43.301469802856445s

2025-10-21 01:26:15,609 | INFO | Training epoch 820, Batch 1000/1000: LR=8.79e-06, Loss=1.98e-03 BER=7.91e-04 FER=1.38e-02
2025-10-21 01:26:15,670 | INFO | Epoch 820 Train Time 43.50605630874634s

2025-10-21 01:26:59,715 | INFO | Training epoch 821, Batch 1000/1000: LR=8.71e-06, Loss=1.88e-03 BER=7.48e-04 FER=1.30e-02
2025-10-21 01:26:59,753 | INFO | Epoch 821 Train Time 44.08160161972046s

2025-10-21 01:27:43,303 | INFO | Training epoch 822, Batch 1000/1000: LR=8.62e-06, Loss=1.90e-03 BER=7.61e-04 FER=1.32e-02
2025-10-21 01:27:43,341 | INFO | Epoch 822 Train Time 43.58662962913513s

2025-10-21 01:28:25,490 | INFO | Training epoch 823, Batch 1000/1000: LR=8.54e-06, Loss=1.95e-03 BER=7.81e-04 FER=1.35e-02
2025-10-21 01:28:25,538 | INFO | Epoch 823 Train Time 42.196117639541626s

2025-10-21 01:29:09,511 | INFO | Training epoch 824, Batch 1000/1000: LR=8.46e-06, Loss=1.99e-03 BER=8.01e-04 FER=1.38e-02
2025-10-21 01:29:09,572 | INFO | Epoch 824 Train Time 44.032188177108765s

2025-10-21 01:29:54,113 | INFO | Training epoch 825, Batch 1000/1000: LR=8.38e-06, Loss=2.02e-03 BER=8.07e-04 FER=1.39e-02
2025-10-21 01:29:54,166 | INFO | Epoch 825 Train Time 44.59295392036438s

2025-10-21 01:30:39,729 | INFO | Training epoch 826, Batch 1000/1000: LR=8.29e-06, Loss=2.05e-03 BER=8.21e-04 FER=1.40e-02
2025-10-21 01:30:39,773 | INFO | Epoch 826 Train Time 45.60602307319641s

2025-10-21 01:31:25,326 | INFO | Training epoch 827, Batch 1000/1000: LR=8.21e-06, Loss=1.89e-03 BER=7.59e-04 FER=1.32e-02
2025-10-21 01:31:25,389 | INFO | Epoch 827 Train Time 45.613648653030396s

2025-10-21 01:32:11,127 | INFO | Training epoch 828, Batch 1000/1000: LR=8.13e-06, Loss=2.00e-03 BER=8.03e-04 FER=1.40e-02
2025-10-21 01:32:11,184 | INFO | Epoch 828 Train Time 45.79299473762512s

2025-10-21 01:32:54,989 | INFO | Training epoch 829, Batch 1000/1000: LR=8.05e-06, Loss=1.92e-03 BER=7.70e-04 FER=1.33e-02
2025-10-21 01:32:55,039 | INFO | Epoch 829 Train Time 43.85322666168213s

2025-10-21 01:33:40,690 | INFO | Training epoch 830, Batch 1000/1000: LR=7.97e-06, Loss=1.96e-03 BER=7.87e-04 FER=1.35e-02
2025-10-21 01:33:40,728 | INFO | Epoch 830 Train Time 45.687777280807495s

2025-10-21 01:34:26,303 | INFO | Training epoch 831, Batch 1000/1000: LR=7.89e-06, Loss=1.99e-03 BER=7.90e-04 FER=1.38e-02
2025-10-21 01:34:26,350 | INFO | Epoch 831 Train Time 45.62089681625366s

2025-10-21 01:35:12,287 | INFO | Training epoch 832, Batch 1000/1000: LR=7.81e-06, Loss=2.03e-03 BER=8.02e-04 FER=1.38e-02
2025-10-21 01:35:12,329 | INFO | Epoch 832 Train Time 45.97782325744629s

2025-10-21 01:35:56,539 | INFO | Training epoch 833, Batch 1000/1000: LR=7.74e-06, Loss=1.99e-03 BER=7.90e-04 FER=1.40e-02
2025-10-21 01:35:56,592 | INFO | Epoch 833 Train Time 44.261998653411865s

2025-10-21 01:36:42,356 | INFO | Training epoch 834, Batch 1000/1000: LR=7.66e-06, Loss=1.97e-03 BER=7.91e-04 FER=1.38e-02
2025-10-21 01:36:42,396 | INFO | Epoch 834 Train Time 45.801734924316406s

2025-10-21 01:37:26,623 | INFO | Training epoch 835, Batch 1000/1000: LR=7.58e-06, Loss=2.08e-03 BER=8.34e-04 FER=1.45e-02
2025-10-21 01:37:26,672 | INFO | Epoch 835 Train Time 44.27535271644592s

2025-10-21 01:38:11,118 | INFO | Training epoch 836, Batch 1000/1000: LR=7.50e-06, Loss=1.95e-03 BER=7.68e-04 FER=1.35e-02
2025-10-21 01:38:11,169 | INFO | Epoch 836 Train Time 44.49569654464722s

2025-10-21 01:38:55,296 | INFO | Training epoch 837, Batch 1000/1000: LR=7.43e-06, Loss=1.97e-03 BER=7.72e-04 FER=1.37e-02
2025-10-21 01:38:55,357 | INFO | Epoch 837 Train Time 44.18640112876892s

2025-10-21 01:39:40,071 | INFO | Training epoch 838, Batch 1000/1000: LR=7.35e-06, Loss=1.93e-03 BER=7.79e-04 FER=1.35e-02
2025-10-21 01:39:40,121 | INFO | Epoch 838 Train Time 44.76201820373535s

2025-10-21 01:40:24,250 | INFO | Training epoch 839, Batch 1000/1000: LR=7.27e-06, Loss=1.92e-03 BER=7.63e-04 FER=1.32e-02
2025-10-21 01:40:24,304 | INFO | Epoch 839 Train Time 44.1820433139801s

2025-10-21 01:41:08,010 | INFO | Training epoch 840, Batch 1000/1000: LR=7.20e-06, Loss=1.98e-03 BER=7.90e-04 FER=1.40e-02
2025-10-21 01:41:08,053 | INFO | Epoch 840 Train Time 43.74714493751526s

2025-10-21 01:41:52,398 | INFO | Training epoch 841, Batch 1000/1000: LR=7.12e-06, Loss=2.05e-03 BER=8.11e-04 FER=1.39e-02
2025-10-21 01:41:52,444 | INFO | Epoch 841 Train Time 44.38818907737732s

2025-10-21 01:42:37,028 | INFO | Training epoch 842, Batch 1000/1000: LR=7.05e-06, Loss=1.93e-03 BER=7.74e-04 FER=1.35e-02
2025-10-21 01:42:37,081 | INFO | Epoch 842 Train Time 44.63490152359009s

2025-10-21 01:43:22,521 | INFO | Training epoch 843, Batch 1000/1000: LR=6.97e-06, Loss=1.88e-03 BER=7.45e-04 FER=1.30e-02
2025-10-21 01:43:22,576 | INFO | Epoch 843 Train Time 45.4935998916626s

2025-10-21 01:44:07,124 | INFO | Training epoch 844, Batch 1000/1000: LR=6.90e-06, Loss=1.99e-03 BER=7.96e-04 FER=1.38e-02
2025-10-21 01:44:07,178 | INFO | Epoch 844 Train Time 44.59989070892334s

2025-10-21 01:44:51,521 | INFO | Training epoch 845, Batch 1000/1000: LR=6.83e-06, Loss=1.95e-03 BER=7.84e-04 FER=1.36e-02
2025-10-21 01:44:51,590 | INFO | Epoch 845 Train Time 44.41028308868408s

2025-10-21 01:45:35,920 | INFO | Training epoch 846, Batch 1000/1000: LR=6.75e-06, Loss=1.88e-03 BER=7.51e-04 FER=1.30e-02
2025-10-21 01:45:35,966 | INFO | Epoch 846 Train Time 44.37520432472229s

2025-10-21 01:46:19,526 | INFO | Training epoch 847, Batch 1000/1000: LR=6.68e-06, Loss=1.98e-03 BER=7.93e-04 FER=1.39e-02
2025-10-21 01:46:19,597 | INFO | Epoch 847 Train Time 43.62933397293091s

2025-10-21 01:47:03,599 | INFO | Training epoch 848, Batch 1000/1000: LR=6.61e-06, Loss=2.04e-03 BER=8.15e-04 FER=1.41e-02
2025-10-21 01:47:03,659 | INFO | Epoch 848 Train Time 44.06041383743286s

2025-10-21 01:47:48,427 | INFO | Training epoch 849, Batch 1000/1000: LR=6.54e-06, Loss=1.89e-03 BER=7.46e-04 FER=1.31e-02
2025-10-21 01:47:48,489 | INFO | Epoch 849 Train Time 44.82857799530029s

2025-10-21 01:48:32,856 | INFO | Training epoch 850, Batch 1000/1000: LR=6.47e-06, Loss=2.01e-03 BER=8.04e-04 FER=1.37e-02
2025-10-21 01:48:32,904 | INFO | Epoch 850 Train Time 44.41392993927002s

2025-10-21 01:49:16,608 | INFO | Training epoch 851, Batch 1000/1000: LR=6.40e-06, Loss=2.08e-03 BER=8.25e-04 FER=1.43e-02
2025-10-21 01:49:16,673 | INFO | Epoch 851 Train Time 43.767558574676514s

2025-10-21 01:50:01,314 | INFO | Training epoch 852, Batch 1000/1000: LR=6.32e-06, Loss=2.03e-03 BER=8.11e-04 FER=1.39e-02
2025-10-21 01:50:01,369 | INFO | Epoch 852 Train Time 44.6954071521759s

2025-10-21 01:50:46,120 | INFO | Training epoch 853, Batch 1000/1000: LR=6.25e-06, Loss=1.85e-03 BER=7.47e-04 FER=1.30e-02
2025-10-21 01:50:46,168 | INFO | Epoch 853 Train Time 44.79721474647522s

2025-10-21 01:51:30,333 | INFO | Training epoch 854, Batch 1000/1000: LR=6.19e-06, Loss=1.98e-03 BER=7.87e-04 FER=1.40e-02
2025-10-21 01:51:30,380 | INFO | Epoch 854 Train Time 44.21024966239929s

2025-10-21 01:52:15,040 | INFO | Training epoch 855, Batch 1000/1000: LR=6.12e-06, Loss=1.92e-03 BER=7.66e-04 FER=1.33e-02
2025-10-21 01:52:15,087 | INFO | Epoch 855 Train Time 44.70573353767395s

2025-10-21 01:52:58,239 | INFO | Training epoch 856, Batch 1000/1000: LR=6.05e-06, Loss=1.95e-03 BER=7.72e-04 FER=1.36e-02
2025-10-21 01:52:58,287 | INFO | Epoch 856 Train Time 43.19872522354126s

2025-10-21 01:53:43,179 | INFO | Training epoch 857, Batch 1000/1000: LR=5.98e-06, Loss=1.94e-03 BER=7.77e-04 FER=1.38e-02
2025-10-21 01:53:43,222 | INFO | Epoch 857 Train Time 44.933101415634155s

2025-10-21 01:54:27,137 | INFO | Training epoch 858, Batch 1000/1000: LR=5.91e-06, Loss=1.97e-03 BER=7.92e-04 FER=1.34e-02
2025-10-21 01:54:27,188 | INFO | Epoch 858 Train Time 43.96386790275574s

2025-10-21 01:55:11,822 | INFO | Training epoch 859, Batch 1000/1000: LR=5.84e-06, Loss=2.02e-03 BER=8.12e-04 FER=1.39e-02
2025-10-21 01:55:11,874 | INFO | Epoch 859 Train Time 44.68492078781128s

2025-10-21 01:55:55,141 | INFO | Training epoch 860, Batch 1000/1000: LR=5.78e-06, Loss=1.96e-03 BER=7.86e-04 FER=1.38e-02
2025-10-21 01:55:55,196 | INFO | Epoch 860 Train Time 43.320319175720215s

2025-10-21 01:56:39,714 | INFO | Training epoch 861, Batch 1000/1000: LR=5.71e-06, Loss=2.01e-03 BER=8.03e-04 FER=1.39e-02
2025-10-21 01:56:39,758 | INFO | Epoch 861 Train Time 44.560303926467896s

2025-10-21 01:57:24,625 | INFO | Training epoch 862, Batch 1000/1000: LR=5.65e-06, Loss=1.92e-03 BER=7.69e-04 FER=1.36e-02
2025-10-21 01:57:24,684 | INFO | Epoch 862 Train Time 44.92467927932739s

2025-10-21 01:58:08,200 | INFO | Training epoch 863, Batch 1000/1000: LR=5.58e-06, Loss=1.98e-03 BER=7.82e-04 FER=1.36e-02
2025-10-21 01:58:08,250 | INFO | Epoch 863 Train Time 43.5646116733551s

2025-10-21 01:58:52,439 | INFO | Training epoch 864, Batch 1000/1000: LR=5.51e-06, Loss=1.94e-03 BER=7.78e-04 FER=1.36e-02
2025-10-21 01:58:52,493 | INFO | Epoch 864 Train Time 44.24177575111389s

2025-10-21 01:59:37,235 | INFO | Training epoch 865, Batch 1000/1000: LR=5.45e-06, Loss=1.99e-03 BER=7.89e-04 FER=1.36e-02
2025-10-21 01:59:37,292 | INFO | Epoch 865 Train Time 44.79734921455383s

2025-10-21 02:00:21,633 | INFO | Training epoch 866, Batch 1000/1000: LR=5.39e-06, Loss=2.09e-03 BER=8.33e-04 FER=1.43e-02
2025-10-21 02:00:21,685 | INFO | Epoch 866 Train Time 44.39167499542236s

2025-10-21 02:01:06,324 | INFO | Training epoch 867, Batch 1000/1000: LR=5.32e-06, Loss=2.02e-03 BER=7.96e-04 FER=1.39e-02
2025-10-21 02:01:06,372 | INFO | Epoch 867 Train Time 44.68487334251404s

2025-10-21 02:01:52,020 | INFO | Training epoch 868, Batch 1000/1000: LR=5.26e-06, Loss=2.00e-03 BER=7.92e-04 FER=1.38e-02
2025-10-21 02:01:52,072 | INFO | Epoch 868 Train Time 45.69864535331726s

2025-10-21 02:02:36,719 | INFO | Training epoch 869, Batch 1000/1000: LR=5.20e-06, Loss=2.01e-03 BER=8.00e-04 FER=1.37e-02
2025-10-21 02:02:36,777 | INFO | Epoch 869 Train Time 44.70335817337036s

2025-10-21 02:03:21,230 | INFO | Training epoch 870, Batch 1000/1000: LR=5.13e-06, Loss=1.99e-03 BER=8.01e-04 FER=1.37e-02
2025-10-21 02:03:21,281 | INFO | Epoch 870 Train Time 44.502652406692505s

2025-10-21 02:04:04,685 | INFO | Training epoch 871, Batch 1000/1000: LR=5.07e-06, Loss=1.96e-03 BER=7.75e-04 FER=1.38e-02
2025-10-21 02:04:04,719 | INFO | Epoch 871 Train Time 43.435625314712524s

2025-10-21 02:04:48,022 | INFO | Training epoch 872, Batch 1000/1000: LR=5.01e-06, Loss=2.08e-03 BER=8.44e-04 FER=1.44e-02
2025-10-21 02:04:48,066 | INFO | Epoch 872 Train Time 43.34545922279358s

2025-10-21 02:05:33,183 | INFO | Training epoch 873, Batch 1000/1000: LR=4.95e-06, Loss=1.91e-03 BER=7.67e-04 FER=1.35e-02
2025-10-21 02:05:33,231 | INFO | Epoch 873 Train Time 45.162747859954834s

2025-10-21 02:06:17,436 | INFO | Training epoch 874, Batch 1000/1000: LR=4.89e-06, Loss=1.93e-03 BER=7.57e-04 FER=1.32e-02
2025-10-21 02:06:17,497 | INFO | Epoch 874 Train Time 44.26489973068237s

2025-10-21 02:07:02,044 | INFO | Training epoch 875, Batch 1000/1000: LR=4.83e-06, Loss=2.00e-03 BER=8.00e-04 FER=1.36e-02
2025-10-21 02:07:02,095 | INFO | Epoch 875 Train Time 44.596771240234375s

2025-10-21 02:07:47,411 | INFO | Training epoch 876, Batch 1000/1000: LR=4.77e-06, Loss=1.96e-03 BER=7.86e-04 FER=1.35e-02
2025-10-21 02:07:47,468 | INFO | Epoch 876 Train Time 45.370436906814575s

2025-10-21 02:08:32,328 | INFO | Training epoch 877, Batch 1000/1000: LR=4.71e-06, Loss=2.03e-03 BER=8.24e-04 FER=1.42e-02
2025-10-21 02:08:32,385 | INFO | Epoch 877 Train Time 44.915793895721436s

2025-10-21 02:09:15,526 | INFO | Training epoch 878, Batch 1000/1000: LR=4.65e-06, Loss=1.95e-03 BER=7.73e-04 FER=1.37e-02
2025-10-21 02:09:15,576 | INFO | Epoch 878 Train Time 43.18897294998169s

2025-10-21 02:10:00,114 | INFO | Training epoch 879, Batch 1000/1000: LR=4.59e-06, Loss=1.94e-03 BER=7.80e-04 FER=1.36e-02
2025-10-21 02:10:00,159 | INFO | Epoch 879 Train Time 44.58183431625366s

2025-10-21 02:10:44,453 | INFO | Training epoch 880, Batch 1000/1000: LR=4.53e-06, Loss=1.98e-03 BER=7.94e-04 FER=1.36e-02
2025-10-21 02:10:44,498 | INFO | Epoch 880 Train Time 44.33721661567688s

2025-10-21 02:11:28,313 | INFO | Training epoch 881, Batch 1000/1000: LR=4.48e-06, Loss=1.91e-03 BER=7.67e-04 FER=1.33e-02
2025-10-21 02:11:28,363 | INFO | Epoch 881 Train Time 43.86286807060242s

2025-10-21 02:12:12,639 | INFO | Training epoch 882, Batch 1000/1000: LR=4.42e-06, Loss=1.89e-03 BER=7.50e-04 FER=1.33e-02
2025-10-21 02:12:12,703 | INFO | Epoch 882 Train Time 44.33947992324829s

2025-10-21 02:12:57,037 | INFO | Training epoch 883, Batch 1000/1000: LR=4.36e-06, Loss=2.03e-03 BER=8.12e-04 FER=1.40e-02
2025-10-21 02:12:57,091 | INFO | Epoch 883 Train Time 44.38524913787842s

2025-10-21 02:13:41,613 | INFO | Training epoch 884, Batch 1000/1000: LR=4.31e-06, Loss=1.99e-03 BER=7.99e-04 FER=1.38e-02
2025-10-21 02:13:41,677 | INFO | Epoch 884 Train Time 44.58321714401245s

2025-10-21 02:14:26,720 | INFO | Training epoch 885, Batch 1000/1000: LR=4.25e-06, Loss=1.92e-03 BER=7.65e-04 FER=1.31e-02
2025-10-21 02:14:26,764 | INFO | Epoch 885 Train Time 45.08447885513306s

2025-10-21 02:15:10,845 | INFO | Training epoch 886, Batch 1000/1000: LR=4.20e-06, Loss=1.89e-03 BER=7.53e-04 FER=1.31e-02
2025-10-21 02:15:10,897 | INFO | Epoch 886 Train Time 44.13107371330261s

2025-10-21 02:15:55,819 | INFO | Training epoch 887, Batch 1000/1000: LR=4.14e-06, Loss=1.85e-03 BER=7.41e-04 FER=1.28e-02
2025-10-21 02:15:55,866 | INFO | Epoch 887 Train Time 44.96603608131409s

2025-10-21 02:16:41,268 | INFO | Training epoch 888, Batch 1000/1000: LR=4.09e-06, Loss=1.93e-03 BER=7.74e-04 FER=1.33e-02
2025-10-21 02:16:41,321 | INFO | Epoch 888 Train Time 45.45364594459534s

2025-10-21 02:17:25,913 | INFO | Training epoch 889, Batch 1000/1000: LR=4.03e-06, Loss=2.00e-03 BER=8.08e-04 FER=1.41e-02
2025-10-21 02:17:25,965 | INFO | Epoch 889 Train Time 44.643693685531616s

2025-10-21 02:18:11,343 | INFO | Training epoch 890, Batch 1000/1000: LR=3.98e-06, Loss=2.02e-03 BER=8.08e-04 FER=1.39e-02
2025-10-21 02:18:11,395 | INFO | Epoch 890 Train Time 45.42840814590454s

2025-10-21 02:18:56,053 | INFO | Training epoch 891, Batch 1000/1000: LR=3.93e-06, Loss=1.97e-03 BER=7.91e-04 FER=1.36e-02
2025-10-21 02:18:56,099 | INFO | Epoch 891 Train Time 44.702106952667236s

2025-10-21 02:19:40,853 | INFO | Training epoch 892, Batch 1000/1000: LR=3.87e-06, Loss=1.98e-03 BER=7.91e-04 FER=1.37e-02
2025-10-21 02:19:40,902 | INFO | Epoch 892 Train Time 44.80224847793579s

2025-10-21 02:20:25,617 | INFO | Training epoch 893, Batch 1000/1000: LR=3.82e-06, Loss=2.05e-03 BER=8.29e-04 FER=1.44e-02
2025-10-21 02:20:25,672 | INFO | Epoch 893 Train Time 44.76745843887329s

2025-10-21 02:21:09,213 | INFO | Training epoch 894, Batch 1000/1000: LR=3.77e-06, Loss=2.04e-03 BER=8.21e-04 FER=1.43e-02
2025-10-21 02:21:09,262 | INFO | Epoch 894 Train Time 43.58771729469299s

2025-10-21 02:21:53,875 | INFO | Training epoch 895, Batch 1000/1000: LR=3.72e-06, Loss=1.97e-03 BER=7.99e-04 FER=1.38e-02
2025-10-21 02:21:53,918 | INFO | Epoch 895 Train Time 44.65434908866882s

2025-10-21 02:22:38,715 | INFO | Training epoch 896, Batch 1000/1000: LR=3.67e-06, Loss=1.99e-03 BER=7.84e-04 FER=1.36e-02
2025-10-21 02:22:38,772 | INFO | Epoch 896 Train Time 44.851643323898315s

2025-10-21 02:23:23,894 | INFO | Training epoch 897, Batch 1000/1000: LR=3.62e-06, Loss=1.92e-03 BER=7.75e-04 FER=1.36e-02
2025-10-21 02:23:23,970 | INFO | Epoch 897 Train Time 45.19522714614868s

2025-10-21 02:24:07,939 | INFO | Training epoch 898, Batch 1000/1000: LR=3.57e-06, Loss=1.97e-03 BER=7.84e-04 FER=1.35e-02
2025-10-21 02:24:07,996 | INFO | Epoch 898 Train Time 44.025285482406616s

2025-10-21 02:24:51,695 | INFO | Training epoch 899, Batch 1000/1000: LR=3.52e-06, Loss=1.83e-03 BER=7.36e-04 FER=1.26e-02
2025-10-21 02:24:51,741 | INFO | Epoch 899 Train Time 43.7436089515686s

2025-10-21 02:25:35,920 | INFO | Training epoch 900, Batch 1000/1000: LR=3.47e-06, Loss=1.97e-03 BER=7.83e-04 FER=1.34e-02
2025-10-21 02:25:35,975 | INFO | Epoch 900 Train Time 44.23280119895935s

2025-10-21 02:26:20,620 | INFO | Training epoch 901, Batch 1000/1000: LR=3.42e-06, Loss=1.89e-03 BER=7.58e-04 FER=1.34e-02
2025-10-21 02:26:20,677 | INFO | Epoch 901 Train Time 44.70012092590332s

2025-10-21 02:27:05,836 | INFO | Training epoch 902, Batch 1000/1000: LR=3.37e-06, Loss=1.98e-03 BER=7.97e-04 FER=1.35e-02
2025-10-21 02:27:05,881 | INFO | Epoch 902 Train Time 45.203261852264404s

2025-10-21 02:27:50,736 | INFO | Training epoch 903, Batch 1000/1000: LR=3.33e-06, Loss=1.96e-03 BER=7.76e-04 FER=1.36e-02
2025-10-21 02:27:50,779 | INFO | Epoch 903 Train Time 44.896621227264404s

2025-10-21 02:28:34,628 | INFO | Training epoch 904, Batch 1000/1000: LR=3.28e-06, Loss=1.87e-03 BER=7.45e-04 FER=1.32e-02
2025-10-21 02:28:34,675 | INFO | Epoch 904 Train Time 43.89457702636719s

2025-10-21 02:29:19,523 | INFO | Training epoch 905, Batch 1000/1000: LR=3.23e-06, Loss=1.90e-03 BER=7.56e-04 FER=1.32e-02
2025-10-21 02:29:19,569 | INFO | Epoch 905 Train Time 44.89284420013428s

2025-10-21 02:30:03,797 | INFO | Training epoch 906, Batch 1000/1000: LR=3.19e-06, Loss=1.93e-03 BER=7.76e-04 FER=1.34e-02
2025-10-21 02:30:03,854 | INFO | Epoch 906 Train Time 44.282119035720825s

2025-10-21 02:30:48,525 | INFO | Training epoch 907, Batch 1000/1000: LR=3.14e-06, Loss=1.95e-03 BER=7.73e-04 FER=1.34e-02
2025-10-21 02:30:48,584 | INFO | Epoch 907 Train Time 44.72897505760193s

2025-10-21 02:31:33,637 | INFO | Training epoch 908, Batch 1000/1000: LR=3.10e-06, Loss=1.99e-03 BER=7.96e-04 FER=1.40e-02
2025-10-21 02:31:33,700 | INFO | Epoch 908 Train Time 45.114468812942505s

2025-10-21 02:32:18,520 | INFO | Training epoch 909, Batch 1000/1000: LR=3.05e-06, Loss=1.97e-03 BER=7.89e-04 FER=1.38e-02
2025-10-21 02:32:18,563 | INFO | Epoch 909 Train Time 44.86254167556763s

2025-10-21 02:33:03,526 | INFO | Training epoch 910, Batch 1000/1000: LR=3.01e-06, Loss=1.92e-03 BER=7.65e-04 FER=1.32e-02
2025-10-21 02:33:03,571 | INFO | Epoch 910 Train Time 45.005597829818726s

2025-10-21 02:33:47,519 | INFO | Training epoch 911, Batch 1000/1000: LR=2.97e-06, Loss=1.97e-03 BER=7.94e-04 FER=1.36e-02
2025-10-21 02:33:47,566 | INFO | Epoch 911 Train Time 43.99351787567139s

2025-10-21 02:34:31,308 | INFO | Training epoch 912, Batch 1000/1000: LR=2.92e-06, Loss=1.91e-03 BER=7.66e-04 FER=1.34e-02
2025-10-21 02:34:31,365 | INFO | Epoch 912 Train Time 43.79767966270447s

2025-10-21 02:35:16,213 | INFO | Training epoch 913, Batch 1000/1000: LR=2.88e-06, Loss=2.02e-03 BER=8.03e-04 FER=1.37e-02
2025-10-21 02:35:16,266 | INFO | Epoch 913 Train Time 44.89955425262451s

2025-10-21 02:36:00,720 | INFO | Training epoch 914, Batch 1000/1000: LR=2.84e-06, Loss=1.93e-03 BER=7.65e-04 FER=1.32e-02
2025-10-21 02:36:00,772 | INFO | Epoch 914 Train Time 44.503947257995605s

2025-10-21 02:36:45,944 | INFO | Training epoch 915, Batch 1000/1000: LR=2.80e-06, Loss=1.95e-03 BER=7.80e-04 FER=1.34e-02
2025-10-21 02:36:45,990 | INFO | Epoch 915 Train Time 45.21720242500305s

2025-10-21 02:37:30,617 | INFO | Training epoch 916, Batch 1000/1000: LR=2.75e-06, Loss=1.92e-03 BER=7.71e-04 FER=1.37e-02
2025-10-21 02:37:30,673 | INFO | Epoch 916 Train Time 44.68149018287659s

2025-10-21 02:38:14,642 | INFO | Training epoch 917, Batch 1000/1000: LR=2.71e-06, Loss=1.93e-03 BER=7.81e-04 FER=1.36e-02
2025-10-21 02:38:14,687 | INFO | Epoch 917 Train Time 44.01226472854614s

2025-10-21 02:38:57,623 | INFO | Training epoch 918, Batch 1000/1000: LR=2.67e-06, Loss=1.98e-03 BER=7.87e-04 FER=1.35e-02
2025-10-21 02:38:57,677 | INFO | Epoch 918 Train Time 42.98878312110901s

2025-10-21 02:39:41,933 | INFO | Training epoch 919, Batch 1000/1000: LR=2.63e-06, Loss=1.95e-03 BER=7.64e-04 FER=1.34e-02
2025-10-21 02:39:41,990 | INFO | Epoch 919 Train Time 44.31170392036438s

2025-10-21 02:40:26,519 | INFO | Training epoch 920, Batch 1000/1000: LR=2.59e-06, Loss=1.96e-03 BER=7.78e-04 FER=1.35e-02
2025-10-21 02:40:26,572 | INFO | Epoch 920 Train Time 44.580873012542725s

2025-10-21 02:41:11,134 | INFO | Training epoch 921, Batch 1000/1000: LR=2.56e-06, Loss=1.90e-03 BER=7.59e-04 FER=1.35e-02
2025-10-21 02:41:11,179 | INFO | Epoch 921 Train Time 44.60604953765869s

2025-10-21 02:41:54,742 | INFO | Training epoch 922, Batch 1000/1000: LR=2.52e-06, Loss=1.91e-03 BER=7.64e-04 FER=1.34e-02
2025-10-21 02:41:54,789 | INFO | Epoch 922 Train Time 43.60800361633301s

2025-10-21 02:42:39,713 | INFO | Training epoch 923, Batch 1000/1000: LR=2.48e-06, Loss=1.91e-03 BER=7.68e-04 FER=1.33e-02
2025-10-21 02:42:39,757 | INFO | Epoch 923 Train Time 44.96649742126465s

2025-10-21 02:43:23,034 | INFO | Training epoch 924, Batch 1000/1000: LR=2.44e-06, Loss=1.83e-03 BER=7.23e-04 FER=1.26e-02
2025-10-21 02:43:23,088 | INFO | Epoch 924 Train Time 43.33024764060974s

2025-10-21 02:43:23,089 | INFO | [P1] saving best_model with loss 0.001825 at epoch 924
2025-10-21 02:44:06,518 | INFO | Training epoch 925, Batch 1000/1000: LR=2.40e-06, Loss=2.00e-03 BER=8.04e-04 FER=1.38e-02
2025-10-21 02:44:06,573 | INFO | Epoch 925 Train Time 43.37459444999695s

2025-10-21 02:44:49,525 | INFO | Training epoch 926, Batch 1000/1000: LR=2.37e-06, Loss=1.96e-03 BER=7.84e-04 FER=1.38e-02
2025-10-21 02:44:49,579 | INFO | Epoch 926 Train Time 43.00409150123596s

2025-10-21 02:45:33,815 | INFO | Training epoch 927, Batch 1000/1000: LR=2.33e-06, Loss=1.89e-03 BER=7.68e-04 FER=1.33e-02
2025-10-21 02:45:33,870 | INFO | Epoch 927 Train Time 44.29011940956116s

2025-10-21 02:46:18,027 | INFO | Training epoch 928, Batch 1000/1000: LR=2.30e-06, Loss=1.96e-03 BER=7.79e-04 FER=1.36e-02
2025-10-21 02:46:18,085 | INFO | Epoch 928 Train Time 44.21293830871582s

2025-10-21 02:47:01,688 | INFO | Training epoch 929, Batch 1000/1000: LR=2.26e-06, Loss=1.93e-03 BER=7.64e-04 FER=1.30e-02
2025-10-21 02:47:01,736 | INFO | Epoch 929 Train Time 43.650142669677734s

2025-10-21 02:47:45,927 | INFO | Training epoch 930, Batch 1000/1000: LR=2.23e-06, Loss=1.99e-03 BER=7.97e-04 FER=1.36e-02
2025-10-21 02:47:45,980 | INFO | Epoch 930 Train Time 44.24262809753418s

2025-10-21 02:48:30,734 | INFO | Training epoch 931, Batch 1000/1000: LR=2.19e-06, Loss=1.96e-03 BER=7.86e-04 FER=1.35e-02
2025-10-21 02:48:30,785 | INFO | Epoch 931 Train Time 44.80377960205078s

2025-10-21 02:49:14,398 | INFO | Training epoch 932, Batch 1000/1000: LR=2.16e-06, Loss=2.03e-03 BER=8.14e-04 FER=1.40e-02
2025-10-21 02:49:14,442 | INFO | Epoch 932 Train Time 43.65361309051514s

2025-10-21 02:49:57,818 | INFO | Training epoch 933, Batch 1000/1000: LR=2.13e-06, Loss=1.88e-03 BER=7.57e-04 FER=1.30e-02
2025-10-21 02:49:57,869 | INFO | Epoch 933 Train Time 43.42514944076538s

2025-10-21 02:50:42,743 | INFO | Training epoch 934, Batch 1000/1000: LR=2.09e-06, Loss=1.93e-03 BER=7.66e-04 FER=1.32e-02
2025-10-21 02:50:42,799 | INFO | Epoch 934 Train Time 44.928208112716675s

2025-10-21 02:51:26,421 | INFO | Training epoch 935, Batch 1000/1000: LR=2.06e-06, Loss=1.89e-03 BER=7.53e-04 FER=1.31e-02
2025-10-21 02:51:26,471 | INFO | Epoch 935 Train Time 43.671454668045044s

2025-10-21 02:52:10,096 | INFO | Training epoch 936, Batch 1000/1000: LR=2.03e-06, Loss=1.91e-03 BER=7.73e-04 FER=1.33e-02
2025-10-21 02:52:10,150 | INFO | Epoch 936 Train Time 43.67741847038269s

2025-10-21 02:52:54,803 | INFO | Training epoch 937, Batch 1000/1000: LR=2.00e-06, Loss=1.93e-03 BER=7.75e-04 FER=1.34e-02
2025-10-21 02:52:54,854 | INFO | Epoch 937 Train Time 44.701842308044434s

2025-10-21 02:53:39,916 | INFO | Training epoch 938, Batch 1000/1000: LR=1.97e-06, Loss=1.92e-03 BER=7.60e-04 FER=1.31e-02
2025-10-21 02:53:39,964 | INFO | Epoch 938 Train Time 45.108567237854004s

2025-10-21 02:54:24,868 | INFO | Training epoch 939, Batch 1000/1000: LR=1.94e-06, Loss=1.92e-03 BER=7.63e-04 FER=1.33e-02
2025-10-21 02:54:24,937 | INFO | Epoch 939 Train Time 44.97062921524048s

2025-10-21 02:55:10,113 | INFO | Training epoch 940, Batch 1000/1000: LR=1.91e-06, Loss=2.03e-03 BER=8.17e-04 FER=1.42e-02
2025-10-21 02:55:10,157 | INFO | Epoch 940 Train Time 45.21768307685852s

2025-10-21 02:55:54,214 | INFO | Training epoch 941, Batch 1000/1000: LR=1.88e-06, Loss=1.96e-03 BER=7.86e-04 FER=1.35e-02
2025-10-21 02:55:54,273 | INFO | Epoch 941 Train Time 44.11336040496826s

2025-10-21 02:56:38,924 | INFO | Training epoch 942, Batch 1000/1000: LR=1.85e-06, Loss=1.95e-03 BER=7.77e-04 FER=1.36e-02
2025-10-21 02:56:38,977 | INFO | Epoch 942 Train Time 44.70370936393738s

2025-10-21 02:57:22,936 | INFO | Training epoch 943, Batch 1000/1000: LR=1.82e-06, Loss=1.98e-03 BER=7.92e-04 FER=1.36e-02
2025-10-21 02:57:22,983 | INFO | Epoch 943 Train Time 44.00348925590515s

2025-10-21 02:58:07,543 | INFO | Training epoch 944, Batch 1000/1000: LR=1.79e-06, Loss=1.91e-03 BER=7.67e-04 FER=1.35e-02
2025-10-21 02:58:07,595 | INFO | Epoch 944 Train Time 44.611608028411865s

2025-10-21 02:58:52,244 | INFO | Training epoch 945, Batch 1000/1000: LR=1.76e-06, Loss=1.90e-03 BER=7.57e-04 FER=1.30e-02
2025-10-21 02:58:52,291 | INFO | Epoch 945 Train Time 44.69364380836487s

2025-10-21 02:59:36,526 | INFO | Training epoch 946, Batch 1000/1000: LR=1.74e-06, Loss=1.98e-03 BER=7.92e-04 FER=1.36e-02
2025-10-21 02:59:36,579 | INFO | Epoch 946 Train Time 44.28692102432251s

2025-10-21 03:00:20,818 | INFO | Training epoch 947, Batch 1000/1000: LR=1.71e-06, Loss=1.90e-03 BER=7.64e-04 FER=1.32e-02
2025-10-21 03:00:20,863 | INFO | Epoch 947 Train Time 44.28206276893616s

2025-10-21 03:01:02,018 | INFO | Training epoch 948, Batch 1000/1000: LR=1.68e-06, Loss=1.91e-03 BER=7.59e-04 FER=1.30e-02
2025-10-21 03:01:02,064 | INFO | Epoch 948 Train Time 41.199541330337524s

2025-10-21 03:01:45,943 | INFO | Training epoch 949, Batch 1000/1000: LR=1.66e-06, Loss=1.93e-03 BER=7.69e-04 FER=1.34e-02
2025-10-21 03:01:45,999 | INFO | Epoch 949 Train Time 43.93335485458374s

2025-10-21 03:02:29,468 | INFO | Training epoch 950, Batch 1000/1000: LR=1.63e-06, Loss=1.92e-03 BER=7.74e-04 FER=1.33e-02
2025-10-21 03:02:29,516 | INFO | Epoch 950 Train Time 43.51557230949402s

2025-10-21 03:03:13,829 | INFO | Training epoch 951, Batch 1000/1000: LR=1.61e-06, Loss=1.79e-03 BER=7.11e-04 FER=1.25e-02
2025-10-21 03:03:13,883 | INFO | Epoch 951 Train Time 44.3647735118866s

2025-10-21 03:03:13,883 | INFO | [P1] saving best_model with loss 0.001794 at epoch 951
2025-10-21 03:03:58,115 | INFO | Training epoch 952, Batch 1000/1000: LR=1.59e-06, Loss=1.89e-03 BER=7.56e-04 FER=1.32e-02
2025-10-21 03:03:58,162 | INFO | Epoch 952 Train Time 44.16941475868225s

2025-10-21 03:04:42,539 | INFO | Training epoch 953, Batch 1000/1000: LR=1.56e-06, Loss=1.95e-03 BER=7.72e-04 FER=1.34e-02
2025-10-21 03:04:42,597 | INFO | Epoch 953 Train Time 44.433326959609985s

2025-10-21 03:05:29,728 | INFO | Training epoch 954, Batch 1000/1000: LR=1.54e-06, Loss=1.88e-03 BER=7.48e-04 FER=1.32e-02
2025-10-21 03:05:29,783 | INFO | Epoch 954 Train Time 47.18543529510498s

2025-10-21 03:06:15,563 | INFO | Training epoch 955, Batch 1000/1000: LR=1.52e-06, Loss=1.91e-03 BER=7.63e-04 FER=1.32e-02
2025-10-21 03:06:15,612 | INFO | Epoch 955 Train Time 45.8261616230011s

2025-10-21 03:07:01,291 | INFO | Training epoch 956, Batch 1000/1000: LR=1.49e-06, Loss=1.98e-03 BER=7.95e-04 FER=1.36e-02
2025-10-21 03:07:01,353 | INFO | Epoch 956 Train Time 45.73973226547241s

2025-10-21 03:07:48,822 | INFO | Training epoch 957, Batch 1000/1000: LR=1.47e-06, Loss=1.92e-03 BER=7.69e-04 FER=1.31e-02
2025-10-21 03:07:48,866 | INFO | Epoch 957 Train Time 47.51037263870239s

2025-10-21 03:08:34,523 | INFO | Training epoch 958, Batch 1000/1000: LR=1.45e-06, Loss=1.85e-03 BER=7.36e-04 FER=1.28e-02
2025-10-21 03:08:34,582 | INFO | Epoch 958 Train Time 45.71478486061096s

2025-10-21 03:09:20,621 | INFO | Training epoch 959, Batch 1000/1000: LR=1.43e-06, Loss=1.94e-03 BER=7.71e-04 FER=1.35e-02
2025-10-21 03:09:20,676 | INFO | Epoch 959 Train Time 46.09153079986572s

2025-10-21 03:10:07,449 | INFO | Training epoch 960, Batch 1000/1000: LR=1.41e-06, Loss=1.92e-03 BER=7.71e-04 FER=1.32e-02
2025-10-21 03:10:07,510 | INFO | Epoch 960 Train Time 46.83254313468933s

2025-10-21 03:10:54,762 | INFO | Training epoch 961, Batch 1000/1000: LR=1.39e-06, Loss=1.93e-03 BER=7.68e-04 FER=1.36e-02
2025-10-21 03:10:54,807 | INFO | Epoch 961 Train Time 47.29442834854126s

2025-10-21 03:11:40,222 | INFO | Training epoch 962, Batch 1000/1000: LR=1.37e-06, Loss=1.91e-03 BER=7.76e-04 FER=1.35e-02
2025-10-21 03:11:40,265 | INFO | Epoch 962 Train Time 45.45579433441162s

2025-10-21 03:12:26,945 | INFO | Training epoch 963, Batch 1000/1000: LR=1.35e-06, Loss=1.92e-03 BER=7.63e-04 FER=1.34e-02
2025-10-21 03:12:27,013 | INFO | Epoch 963 Train Time 46.74690580368042s

2025-10-21 03:13:13,620 | INFO | Training epoch 964, Batch 1000/1000: LR=1.33e-06, Loss=1.97e-03 BER=7.80e-04 FER=1.35e-02
2025-10-21 03:13:13,669 | INFO | Epoch 964 Train Time 46.65308332443237s

2025-10-21 03:13:59,882 | INFO | Training epoch 965, Batch 1000/1000: LR=1.32e-06, Loss=1.98e-03 BER=7.95e-04 FER=1.38e-02
2025-10-21 03:13:59,924 | INFO | Epoch 965 Train Time 46.252498626708984s

2025-10-21 03:14:44,626 | INFO | Training epoch 966, Batch 1000/1000: LR=1.30e-06, Loss=2.03e-03 BER=8.03e-04 FER=1.37e-02
2025-10-21 03:14:44,686 | INFO | Epoch 966 Train Time 44.761075258255005s

2025-10-21 03:15:29,922 | INFO | Training epoch 967, Batch 1000/1000: LR=1.28e-06, Loss=1.99e-03 BER=7.98e-04 FER=1.39e-02
2025-10-21 03:15:29,970 | INFO | Epoch 967 Train Time 45.28144025802612s

2025-10-21 03:16:15,940 | INFO | Training epoch 968, Batch 1000/1000: LR=1.27e-06, Loss=1.89e-03 BER=7.58e-04 FER=1.32e-02
2025-10-21 03:16:15,988 | INFO | Epoch 968 Train Time 46.01731586456299s

2025-10-21 03:17:02,323 | INFO | Training epoch 969, Batch 1000/1000: LR=1.25e-06, Loss=1.93e-03 BER=7.77e-04 FER=1.33e-02
2025-10-21 03:17:02,373 | INFO | Epoch 969 Train Time 46.38272452354431s

2025-10-21 03:17:46,443 | INFO | Training epoch 970, Batch 1000/1000: LR=1.23e-06, Loss=1.88e-03 BER=7.50e-04 FER=1.31e-02
2025-10-21 03:17:46,494 | INFO | Epoch 970 Train Time 44.11915040016174s

2025-10-21 03:18:30,142 | INFO | Training epoch 971, Batch 1000/1000: LR=1.22e-06, Loss=1.83e-03 BER=7.29e-04 FER=1.25e-02
2025-10-21 03:18:30,188 | INFO | Epoch 971 Train Time 43.69294810295105s

2025-10-21 03:19:14,011 | INFO | Training epoch 972, Batch 1000/1000: LR=1.21e-06, Loss=1.84e-03 BER=7.43e-04 FER=1.27e-02
2025-10-21 03:19:14,058 | INFO | Epoch 972 Train Time 43.869070053100586s

2025-10-21 03:19:57,932 | INFO | Training epoch 973, Batch 1000/1000: LR=1.19e-06, Loss=1.97e-03 BER=7.92e-04 FER=1.36e-02
2025-10-21 03:19:57,983 | INFO | Epoch 973 Train Time 43.92403173446655s

2025-10-21 03:20:41,216 | INFO | Training epoch 974, Batch 1000/1000: LR=1.18e-06, Loss=1.97e-03 BER=7.84e-04 FER=1.34e-02
2025-10-21 03:20:41,262 | INFO | Epoch 974 Train Time 43.27813172340393s

2025-10-21 03:21:25,637 | INFO | Training epoch 975, Batch 1000/1000: LR=1.17e-06, Loss=1.98e-03 BER=7.86e-04 FER=1.36e-02
2025-10-21 03:21:25,682 | INFO | Epoch 975 Train Time 44.418023347854614s

2025-10-21 03:22:08,348 | INFO | Training epoch 976, Batch 1000/1000: LR=1.15e-06, Loss=1.96e-03 BER=7.84e-04 FER=1.36e-02
2025-10-21 03:22:08,399 | INFO | Epoch 976 Train Time 42.71646285057068s

2025-10-21 03:22:51,230 | INFO | Training epoch 977, Batch 1000/1000: LR=1.14e-06, Loss=1.93e-03 BER=7.70e-04 FER=1.32e-02
2025-10-21 03:22:51,277 | INFO | Epoch 977 Train Time 42.87628197669983s

2025-10-21 03:23:34,920 | INFO | Training epoch 978, Batch 1000/1000: LR=1.13e-06, Loss=1.87e-03 BER=7.49e-04 FER=1.31e-02
2025-10-21 03:23:34,971 | INFO | Epoch 978 Train Time 43.69302749633789s

2025-10-21 03:24:19,373 | INFO | Training epoch 979, Batch 1000/1000: LR=1.12e-06, Loss=1.92e-03 BER=7.67e-04 FER=1.32e-02
2025-10-21 03:24:19,417 | INFO | Epoch 979 Train Time 44.44475841522217s

2025-10-21 03:25:03,213 | INFO | Training epoch 980, Batch 1000/1000: LR=1.11e-06, Loss=1.98e-03 BER=7.88e-04 FER=1.35e-02
2025-10-21 03:25:03,260 | INFO | Epoch 980 Train Time 43.840800046920776s

2025-10-21 03:25:46,617 | INFO | Training epoch 981, Batch 1000/1000: LR=1.10e-06, Loss=1.91e-03 BER=7.71e-04 FER=1.34e-02
2025-10-21 03:25:46,668 | INFO | Epoch 981 Train Time 43.40689826011658s

2025-10-21 03:26:31,424 | INFO | Training epoch 982, Batch 1000/1000: LR=1.09e-06, Loss=1.90e-03 BER=7.60e-04 FER=1.32e-02
2025-10-21 03:26:31,471 | INFO | Epoch 982 Train Time 44.801766872406006s

2025-10-21 03:27:14,290 | INFO | Training epoch 983, Batch 1000/1000: LR=1.08e-06, Loss=1.92e-03 BER=7.74e-04 FER=1.34e-02
2025-10-21 03:27:14,337 | INFO | Epoch 983 Train Time 42.86452865600586s

2025-10-21 03:27:59,116 | INFO | Training epoch 984, Batch 1000/1000: LR=1.07e-06, Loss=1.99e-03 BER=7.96e-04 FER=1.37e-02
2025-10-21 03:27:59,163 | INFO | Epoch 984 Train Time 44.82436919212341s

2025-10-21 03:28:42,616 | INFO | Training epoch 985, Batch 1000/1000: LR=1.06e-06, Loss=1.98e-03 BER=7.93e-04 FER=1.38e-02
2025-10-21 03:28:42,658 | INFO | Epoch 985 Train Time 43.493762731552124s

2025-10-21 03:29:26,863 | INFO | Training epoch 986, Batch 1000/1000: LR=1.05e-06, Loss=1.95e-03 BER=7.82e-04 FER=1.34e-02
2025-10-21 03:29:26,914 | INFO | Epoch 986 Train Time 44.254323959350586s

2025-10-21 03:30:09,103 | INFO | Training epoch 987, Batch 1000/1000: LR=1.05e-06, Loss=2.01e-03 BER=7.99e-04 FER=1.39e-02
2025-10-21 03:30:09,141 | INFO | Epoch 987 Train Time 42.225969552993774s

2025-10-21 03:30:52,622 | INFO | Training epoch 988, Batch 1000/1000: LR=1.04e-06, Loss=1.94e-03 BER=7.81e-04 FER=1.36e-02
2025-10-21 03:30:52,671 | INFO | Epoch 988 Train Time 43.528297901153564s

2025-10-21 03:31:37,416 | INFO | Training epoch 989, Batch 1000/1000: LR=1.04e-06, Loss=2.02e-03 BER=8.27e-04 FER=1.40e-02
2025-10-21 03:31:37,466 | INFO | Epoch 989 Train Time 44.793956995010376s

2025-10-21 03:32:22,131 | INFO | Training epoch 990, Batch 1000/1000: LR=1.03e-06, Loss=1.92e-03 BER=7.63e-04 FER=1.32e-02
2025-10-21 03:32:22,176 | INFO | Epoch 990 Train Time 44.70897173881531s

2025-10-21 03:33:05,915 | INFO | Training epoch 991, Batch 1000/1000: LR=1.02e-06, Loss=1.90e-03 BER=7.59e-04 FER=1.35e-02
2025-10-21 03:33:05,953 | INFO | Epoch 991 Train Time 43.77643346786499s

2025-10-21 03:33:49,626 | INFO | Training epoch 992, Batch 1000/1000: LR=1.02e-06, Loss=1.94e-03 BER=7.72e-04 FER=1.32e-02
2025-10-21 03:33:49,678 | INFO | Epoch 992 Train Time 43.723718881607056s

2025-10-21 03:34:31,921 | INFO | Training epoch 993, Batch 1000/1000: LR=1.02e-06, Loss=1.98e-03 BER=7.91e-04 FER=1.37e-02
2025-10-21 03:34:31,964 | INFO | Epoch 993 Train Time 42.284343004226685s

2025-10-21 03:35:14,947 | INFO | Training epoch 994, Batch 1000/1000: LR=1.01e-06, Loss=1.95e-03 BER=7.78e-04 FER=1.35e-02
2025-10-21 03:35:14,996 | INFO | Epoch 994 Train Time 43.03097915649414s

2025-10-21 03:35:57,595 | INFO | Training epoch 995, Batch 1000/1000: LR=1.01e-06, Loss=1.93e-03 BER=7.73e-04 FER=1.35e-02
2025-10-21 03:35:57,644 | INFO | Epoch 995 Train Time 42.64660429954529s

2025-10-21 03:36:39,416 | INFO | Training epoch 996, Batch 1000/1000: LR=1.01e-06, Loss=1.95e-03 BER=7.72e-04 FER=1.34e-02
2025-10-21 03:36:39,457 | INFO | Epoch 996 Train Time 41.81195664405823s

2025-10-21 03:37:22,708 | INFO | Training epoch 997, Batch 1000/1000: LR=1.00e-06, Loss=1.95e-03 BER=7.80e-04 FER=1.36e-02
2025-10-21 03:37:22,754 | INFO | Epoch 997 Train Time 43.29651117324829s

2025-10-21 03:38:03,902 | INFO | Training epoch 998, Batch 1000/1000: LR=1.00e-06, Loss=1.87e-03 BER=7.45e-04 FER=1.29e-02
2025-10-21 03:38:03,945 | INFO | Epoch 998 Train Time 41.188971281051636s

2025-10-21 03:38:46,845 | INFO | Training epoch 999, Batch 1000/1000: LR=1.00e-06, Loss=1.97e-03 BER=7.79e-04 FER=1.35e-02
2025-10-21 03:38:46,892 | INFO | Epoch 999 Train Time 42.945398569107056s

2025-10-21 03:39:28,922 | INFO | Training epoch 1000, Batch 1000/1000: LR=1.00e-06, Loss=1.92e-03 BER=7.70e-04 FER=1.32e-02
2025-10-21 03:39:28,966 | INFO | Epoch 1000 Train Time 42.07304358482361s

2025-10-21 03:39:28,987 | INFO | Checkpoint saved: runs/20251020_152922/stage1_fp32__LDPC_n121_k80__Ndec10_d128_h8.pth
2025-10-21 03:39:29,005 | INFO | Checkpoint saved: runs/20251020_152922/stage1_fp32__LDPC_n121_k80__Ndec10_d128_h8__e1000_loss0.001922.pth
2025-10-21 03:39:40,316 | INFO | FER count threshold reached for EbN0:4
2025-10-21 03:39:40,371 | INFO | Test EbN0=4, BER=3.18e-04
2025-10-21 03:42:26,724 | INFO | FER count threshold reached for EbN0:5
2025-10-21 03:42:26,817 | INFO | Test EbN0=5, BER=2.70e-06
2025-10-21 07:06:00,442 | INFO | FER count threshold reached for EbN0:6
2025-10-21 07:06:00,509 | INFO | Test EbN0=6, BER=1.09e-08
2025-10-21 07:06:00,509 | INFO | 
Test Loss 4: 7.9001e-04 5: 6.9681e-06 6: 8.5241e-08
2025-10-21 07:06:00,509 | INFO | Test FER 4: 6.1683e-03 5: 6.7859e-05 6: 9.3228e-07
2025-10-21 07:06:00,509 | INFO | Test BER 4: 3.1830e-04 5: 2.7041e-06 6: 1.0909e-08
2025-10-21 07:06:00,509 | INFO | Test -ln(BER) 4: 8.0525e+00 5: 1.2821e+01 6: 1.8334e+01
2025-10-21 07:06:00,509 | INFO | # of testing samples: [100352.0, 1488384.0, 108336640.0]
 Test Time 12391.503587961197 s

2025-10-21 07:06:01,210 | INFO | Loaded checkpoint: runs/20251020_152922/stage1_fp32__LDPC_n121_k80__Ndec10_d128_h8.pth (strict=False)
2025-10-21 07:07:45,618 | INFO | Training epoch 1, Batch 1000/1000: LR=1.00e-04, Loss=1.50e-02 BER=5.26e-03 FER=1.70e-01
2025-10-21 07:07:45,677 | INFO | Epoch 1 Train Time 104.46392965316772s

2025-10-21 07:07:45,678 | INFO | [P2] saving best_model (QAT) with loss 0.014957 at epoch 1
2025-10-21 07:09:25,475 | INFO | Training epoch 2, Batch 1000/1000: LR=1.00e-04, Loss=5.35e-03 BER=1.94e-03 FER=5.27e-02
2025-10-21 07:09:25,542 | INFO | Epoch 2 Train Time 99.79431009292603s

2025-10-21 07:09:25,543 | INFO | [P2] saving best_model (QAT) with loss 0.005351 at epoch 2
2025-10-21 07:11:05,325 | INFO | Training epoch 3, Batch 1000/1000: LR=1.00e-04, Loss=4.32e-03 BER=1.60e-03 FER=3.99e-02
2025-10-21 07:11:05,375 | INFO | Epoch 3 Train Time 99.725332736969s

2025-10-21 07:11:05,375 | INFO | [P2] saving best_model (QAT) with loss 0.004322 at epoch 3
2025-10-21 07:12:46,863 | INFO | Training epoch 4, Batch 1000/1000: LR=1.00e-04, Loss=3.97e-03 BER=1.49e-03 FER=3.37e-02
2025-10-21 07:12:46,912 | INFO | Epoch 4 Train Time 101.46047186851501s

2025-10-21 07:12:46,913 | INFO | [P2] saving best_model (QAT) with loss 0.003968 at epoch 4
2025-10-21 07:14:22,006 | INFO | Training epoch 5, Batch 1000/1000: LR=1.00e-04, Loss=3.66e-03 BER=1.39e-03 FER=3.07e-02
2025-10-21 07:14:22,070 | INFO | Epoch 5 Train Time 95.03949189186096s

2025-10-21 07:14:22,071 | INFO | [P2] saving best_model (QAT) with loss 0.003663 at epoch 5
2025-10-21 07:16:02,381 | INFO | Training epoch 6, Batch 1000/1000: LR=1.00e-04, Loss=3.47e-03 BER=1.32e-03 FER=2.81e-02
2025-10-21 07:16:02,439 | INFO | Epoch 6 Train Time 100.26938080787659s

2025-10-21 07:16:02,440 | INFO | [P2] saving best_model (QAT) with loss 0.003471 at epoch 6
2025-10-21 07:17:43,440 | INFO | Training epoch 7, Batch 1000/1000: LR=1.00e-04, Loss=3.16e-03 BER=1.22e-03 FER=2.55e-02
2025-10-21 07:17:43,495 | INFO | Epoch 7 Train Time 100.92643642425537s

2025-10-21 07:17:43,496 | INFO | [P2] saving best_model (QAT) with loss 0.003165 at epoch 7
2025-10-21 07:19:24,480 | INFO | Training epoch 8, Batch 1000/1000: LR=1.00e-04, Loss=3.03e-03 BER=1.19e-03 FER=2.40e-02
2025-10-21 07:19:24,548 | INFO | Epoch 8 Train Time 100.94001269340515s

2025-10-21 07:19:24,549 | INFO | [P2] saving best_model (QAT) with loss 0.003034 at epoch 8
2025-10-21 07:21:03,844 | INFO | Training epoch 9, Batch 1000/1000: LR=1.00e-04, Loss=2.93e-03 BER=1.14e-03 FER=2.33e-02
2025-10-21 07:21:03,903 | INFO | Epoch 9 Train Time 99.24204421043396s

2025-10-21 07:21:03,903 | INFO | [P2] saving best_model (QAT) with loss 0.002930 at epoch 9
2025-10-21 07:22:41,656 | INFO | Training epoch 10, Batch 1000/1000: LR=1.00e-04, Loss=2.89e-03 BER=1.15e-03 FER=2.26e-02
2025-10-21 07:22:41,718 | INFO | Epoch 10 Train Time 97.69844603538513s

2025-10-21 07:22:41,719 | INFO | [P2] saving best_model (QAT) with loss 0.002890 at epoch 10
2025-10-21 07:24:31,487 | INFO | Training epoch 11, Batch 1000/1000: LR=1.00e-04, Loss=2.76e-03 BER=1.07e-03 FER=2.14e-02
2025-10-21 07:24:31,560 | INFO | Epoch 11 Train Time 109.71678280830383s

2025-10-21 07:24:31,561 | INFO | [P2] saving best_model (QAT) with loss 0.002759 at epoch 11
2025-10-21 07:26:13,530 | INFO | Training epoch 12, Batch 1000/1000: LR=1.00e-04, Loss=2.77e-03 BER=1.09e-03 FER=2.13e-02
2025-10-21 07:26:13,577 | INFO | Epoch 12 Train Time 101.88400173187256s

2025-10-21 07:27:55,865 | INFO | Training epoch 13, Batch 1000/1000: LR=1.00e-04, Loss=2.71e-03 BER=1.06e-03 FER=2.06e-02
2025-10-21 07:27:55,922 | INFO | Epoch 13 Train Time 102.3442907333374s

2025-10-21 07:27:55,923 | INFO | [P2] saving best_model (QAT) with loss 0.002714 at epoch 13
2025-10-21 07:29:34,551 | INFO | Training epoch 14, Batch 1000/1000: LR=1.00e-04, Loss=2.78e-03 BER=1.08e-03 FER=2.13e-02
2025-10-21 07:29:34,613 | INFO | Epoch 14 Train Time 98.57299637794495s

2025-10-21 07:31:15,717 | INFO | Training epoch 15, Batch 1000/1000: LR=1.00e-04, Loss=2.66e-03 BER=1.03e-03 FER=1.99e-02
2025-10-21 07:31:15,763 | INFO | Epoch 15 Train Time 101.14765691757202s

2025-10-21 07:31:15,763 | INFO | [P2] saving best_model (QAT) with loss 0.002656 at epoch 15
2025-10-21 07:32:49,996 | INFO | Training epoch 16, Batch 1000/1000: LR=1.00e-04, Loss=2.63e-03 BER=1.03e-03 FER=1.96e-02
2025-10-21 07:32:50,048 | INFO | Epoch 16 Train Time 94.19666814804077s

2025-10-21 07:32:50,049 | INFO | [P2] saving best_model (QAT) with loss 0.002631 at epoch 16
2025-10-21 07:34:28,473 | INFO | Training epoch 17, Batch 1000/1000: LR=1.00e-04, Loss=3.12e-03 BER=1.19e-03 FER=2.42e-02
2025-10-21 07:34:28,529 | INFO | Epoch 17 Train Time 98.3866355419159s

2025-10-21 07:36:08,788 | INFO | Training epoch 18, Batch 1000/1000: LR=1.00e-04, Loss=2.70e-03 BER=1.06e-03 FER=2.02e-02
2025-10-21 07:36:08,837 | INFO | Epoch 18 Train Time 100.30606055259705s

2025-10-21 07:37:48,592 | INFO | Training epoch 19, Batch 1000/1000: LR=1.00e-04, Loss=2.64e-03 BER=1.03e-03 FER=2.00e-02
2025-10-21 07:37:48,656 | INFO | Epoch 19 Train Time 99.8176896572113s

2025-10-21 07:39:27,200 | INFO | Training epoch 20, Batch 1000/1000: LR=1.00e-04, Loss=2.59e-03 BER=1.01e-03 FER=1.97e-02
2025-10-21 07:39:27,246 | INFO | Epoch 20 Train Time 98.58930945396423s

2025-10-21 07:39:27,247 | INFO | [P2] saving best_model (QAT) with loss 0.002586 at epoch 20
2025-10-21 07:41:15,136 | INFO | Training epoch 21, Batch 1000/1000: LR=1.00e-04, Loss=2.61e-03 BER=1.02e-03 FER=1.94e-02
2025-10-21 07:41:15,197 | INFO | Epoch 21 Train Time 107.8617570400238s

2025-10-21 07:43:00,687 | INFO | Training epoch 22, Batch 1000/1000: LR=1.00e-04, Loss=2.64e-03 BER=1.03e-03 FER=1.93e-02
2025-10-21 07:43:00,752 | INFO | Epoch 22 Train Time 105.55380344390869s

2025-10-21 07:44:48,872 | INFO | Training epoch 23, Batch 1000/1000: LR=1.00e-04, Loss=2.61e-03 BER=1.01e-03 FER=1.94e-02
2025-10-21 07:44:48,929 | INFO | Epoch 23 Train Time 108.17516255378723s

2025-10-21 07:46:37,025 | INFO | Training epoch 24, Batch 1000/1000: LR=1.00e-04, Loss=2.55e-03 BER=1.00e-03 FER=1.91e-02
2025-10-21 07:46:37,078 | INFO | Epoch 24 Train Time 108.14754486083984s

2025-10-21 07:46:37,079 | INFO | [P2] saving best_model (QAT) with loss 0.002549 at epoch 24
2025-10-21 07:48:23,713 | INFO | Training epoch 25, Batch 1000/1000: LR=1.00e-04, Loss=2.62e-03 BER=1.02e-03 FER=1.95e-02
2025-10-21 07:48:23,776 | INFO | Epoch 25 Train Time 106.58415150642395s

2025-10-21 07:50:15,593 | INFO | Training epoch 26, Batch 1000/1000: LR=1.00e-04, Loss=2.65e-03 BER=1.04e-03 FER=1.97e-02
2025-10-21 07:50:15,658 | INFO | Epoch 26 Train Time 111.88108921051025s

2025-10-21 07:51:58,008 | INFO | Training epoch 27, Batch 1000/1000: LR=1.00e-04, Loss=2.69e-03 BER=1.06e-03 FER=1.97e-02
2025-10-21 07:51:58,072 | INFO | Epoch 27 Train Time 102.41274881362915s

2025-10-21 07:53:38,498 | INFO | Training epoch 28, Batch 1000/1000: LR=1.00e-04, Loss=2.58e-03 BER=1.01e-03 FER=1.93e-02
2025-10-21 07:53:38,545 | INFO | Epoch 28 Train Time 100.47227382659912s

2025-10-21 07:55:24,394 | INFO | Training epoch 29, Batch 1000/1000: LR=1.00e-04, Loss=2.55e-03 BER=1.01e-03 FER=1.88e-02
2025-10-21 07:55:24,450 | INFO | Epoch 29 Train Time 105.90268874168396s

2025-10-21 07:57:01,863 | INFO | Training epoch 30, Batch 1000/1000: LR=9.99e-05, Loss=2.56e-03 BER=1.00e-03 FER=1.89e-02
2025-10-21 07:57:01,937 | INFO | Epoch 30 Train Time 97.48565816879272s

2025-10-21 07:58:37,174 | INFO | Training epoch 31, Batch 1000/1000: LR=9.99e-05, Loss=2.63e-03 BER=1.03e-03 FER=1.93e-02
2025-10-21 07:58:37,232 | INFO | Epoch 31 Train Time 95.29420971870422s

2025-10-21 08:00:21,118 | INFO | Training epoch 32, Batch 1000/1000: LR=9.99e-05, Loss=2.49e-03 BER=9.80e-04 FER=1.86e-02
2025-10-21 08:00:21,182 | INFO | Epoch 32 Train Time 103.94809103012085s

2025-10-21 08:00:21,183 | INFO | [P2] saving best_model (QAT) with loss 0.002489 at epoch 32
2025-10-21 08:02:05,005 | INFO | Training epoch 33, Batch 1000/1000: LR=9.99e-05, Loss=2.61e-03 BER=1.03e-03 FER=1.96e-02
2025-10-21 08:02:05,056 | INFO | Epoch 33 Train Time 103.75587606430054s

2025-10-21 08:03:46,681 | INFO | Training epoch 34, Batch 1000/1000: LR=9.99e-05, Loss=2.48e-03 BER=9.74e-04 FER=1.85e-02
2025-10-21 08:03:46,728 | INFO | Epoch 34 Train Time 101.67075848579407s

2025-10-21 08:03:46,728 | INFO | [P2] saving best_model (QAT) with loss 0.002481 at epoch 34
2025-10-21 08:05:27,408 | INFO | Training epoch 35, Batch 1000/1000: LR=9.99e-05, Loss=2.51e-03 BER=9.83e-04 FER=1.85e-02
2025-10-21 08:05:27,455 | INFO | Epoch 35 Train Time 100.65155243873596s

2025-10-21 08:07:03,859 | INFO | Training epoch 36, Batch 1000/1000: LR=9.99e-05, Loss=2.60e-03 BER=1.03e-03 FER=1.92e-02
2025-10-21 08:07:03,915 | INFO | Epoch 36 Train Time 96.45901799201965s

2025-10-21 08:08:39,109 | INFO | Training epoch 37, Batch 1000/1000: LR=9.99e-05, Loss=2.62e-03 BER=1.04e-03 FER=1.94e-02
2025-10-21 08:08:39,158 | INFO | Epoch 37 Train Time 95.2410056591034s

2025-10-21 08:10:14,260 | INFO | Training epoch 38, Batch 1000/1000: LR=9.99e-05, Loss=2.45e-03 BER=9.49e-04 FER=1.80e-02
2025-10-21 08:10:14,321 | INFO | Epoch 38 Train Time 95.16181445121765s

2025-10-21 08:10:14,321 | INFO | [P2] saving best_model (QAT) with loss 0.002449 at epoch 38
2025-10-21 08:11:59,309 | INFO | Training epoch 39, Batch 1000/1000: LR=9.99e-05, Loss=2.56e-03 BER=1.01e-03 FER=1.87e-02
2025-10-21 08:11:59,353 | INFO | Epoch 39 Train Time 104.91277742385864s

2025-10-21 08:13:43,871 | INFO | Training epoch 40, Batch 1000/1000: LR=9.99e-05, Loss=2.59e-03 BER=1.02e-03 FER=1.96e-02
2025-10-21 08:13:43,931 | INFO | Epoch 40 Train Time 104.57689166069031s

2025-10-21 08:15:28,047 | INFO | Training epoch 41, Batch 1000/1000: LR=9.99e-05, Loss=2.53e-03 BER=9.85e-04 FER=1.87e-02
2025-10-21 08:15:28,109 | INFO | Epoch 41 Train Time 104.17615938186646s

2025-10-21 08:17:06,167 | INFO | Training epoch 42, Batch 1000/1000: LR=9.99e-05, Loss=2.45e-03 BER=9.56e-04 FER=1.80e-02
2025-10-21 08:17:06,219 | INFO | Epoch 42 Train Time 98.10826063156128s

2025-10-21 08:18:50,215 | INFO | Training epoch 43, Batch 1000/1000: LR=9.99e-05, Loss=2.49e-03 BER=9.79e-04 FER=1.84e-02
2025-10-21 08:18:50,278 | INFO | Epoch 43 Train Time 104.05765318870544s

2025-10-21 08:20:28,316 | INFO | Training epoch 44, Batch 1000/1000: LR=9.99e-05, Loss=2.47e-03 BER=9.80e-04 FER=1.82e-02
2025-10-21 08:20:28,375 | INFO | Epoch 44 Train Time 98.09547114372253s

2025-10-21 08:22:06,599 | INFO | Training epoch 45, Batch 1000/1000: LR=9.99e-05, Loss=2.51e-03 BER=9.84e-04 FER=1.84e-02
2025-10-21 08:22:06,651 | INFO | Epoch 45 Train Time 98.27382731437683s

2025-10-21 08:23:50,472 | INFO | Training epoch 46, Batch 1000/1000: LR=9.99e-05, Loss=2.54e-03 BER=1.01e-03 FER=1.88e-02
2025-10-21 08:23:50,542 | INFO | Epoch 46 Train Time 103.89042711257935s

2025-10-21 08:25:36,992 | INFO | Training epoch 47, Batch 1000/1000: LR=9.99e-05, Loss=2.47e-03 BER=9.79e-04 FER=1.84e-02
2025-10-21 08:25:37,057 | INFO | Epoch 47 Train Time 106.51238012313843s

2025-10-21 08:27:18,862 | INFO | Training epoch 48, Batch 1000/1000: LR=9.99e-05, Loss=2.48e-03 BER=9.79e-04 FER=1.86e-02
2025-10-21 08:27:18,910 | INFO | Epoch 48 Train Time 101.85211682319641s

2025-10-21 08:28:52,915 | INFO | Training epoch 49, Batch 1000/1000: LR=9.99e-05, Loss=2.50e-03 BER=9.85e-04 FER=1.82e-02
2025-10-21 08:28:52,959 | INFO | Epoch 49 Train Time 94.04662895202637s

2025-10-21 08:30:41,050 | INFO | Training epoch 50, Batch 1000/1000: LR=9.99e-05, Loss=2.50e-03 BER=9.83e-04 FER=1.81e-02
2025-10-21 08:30:41,113 | INFO | Epoch 50 Train Time 108.15162515640259s

2025-10-21 08:32:30,186 | INFO | Training epoch 51, Batch 1000/1000: LR=9.98e-05, Loss=2.55e-03 BER=9.97e-04 FER=1.86e-02
2025-10-21 08:32:30,238 | INFO | Epoch 51 Train Time 109.12293267250061s

2025-10-21 08:34:09,607 | INFO | Training epoch 52, Batch 1000/1000: LR=9.98e-05, Loss=2.56e-03 BER=1.00e-03 FER=1.85e-02
2025-10-21 08:34:09,668 | INFO | Epoch 52 Train Time 99.42809200286865s

2025-10-21 08:35:50,813 | INFO | Training epoch 53, Batch 1000/1000: LR=9.98e-05, Loss=2.49e-03 BER=9.85e-04 FER=1.81e-02
2025-10-21 08:35:50,867 | INFO | Epoch 53 Train Time 101.19741320610046s

2025-10-21 08:37:29,743 | INFO | Training epoch 54, Batch 1000/1000: LR=9.98e-05, Loss=2.51e-03 BER=9.86e-04 FER=1.81e-02
2025-10-21 08:37:29,807 | INFO | Epoch 54 Train Time 98.93827652931213s

2025-10-21 08:39:10,125 | INFO | Training epoch 55, Batch 1000/1000: LR=9.98e-05, Loss=2.58e-03 BER=1.00e-03 FER=1.87e-02
2025-10-21 08:39:10,177 | INFO | Epoch 55 Train Time 100.36876225471497s

2025-10-21 08:40:57,961 | INFO | Training epoch 56, Batch 1000/1000: LR=9.98e-05, Loss=2.53e-03 BER=9.82e-04 FER=1.86e-02
2025-10-21 08:40:58,017 | INFO | Epoch 56 Train Time 107.83936977386475s

2025-10-21 08:42:39,563 | INFO | Training epoch 57, Batch 1000/1000: LR=9.98e-05, Loss=2.52e-03 BER=9.89e-04 FER=1.85e-02
2025-10-21 08:42:39,614 | INFO | Epoch 57 Train Time 101.59555053710938s

2025-10-21 08:44:18,420 | INFO | Training epoch 58, Batch 1000/1000: LR=9.98e-05, Loss=2.44e-03 BER=9.71e-04 FER=1.80e-02
2025-10-21 08:44:18,482 | INFO | Epoch 58 Train Time 98.86638975143433s

2025-10-21 08:44:18,483 | INFO | [P2] saving best_model (QAT) with loss 0.002438 at epoch 58
2025-10-21 08:46:00,551 | INFO | Training epoch 59, Batch 1000/1000: LR=9.98e-05, Loss=2.48e-03 BER=9.83e-04 FER=1.80e-02
2025-10-21 08:46:00,625 | INFO | Epoch 59 Train Time 102.05337572097778s

2025-10-21 08:47:41,337 | INFO | Training epoch 60, Batch 1000/1000: LR=9.98e-05, Loss=2.63e-03 BER=1.03e-03 FER=1.91e-02
2025-10-21 08:47:41,396 | INFO | Epoch 60 Train Time 100.7683367729187s

2025-10-21 08:49:25,670 | INFO | Training epoch 61, Batch 1000/1000: LR=9.98e-05, Loss=2.48e-03 BER=9.83e-04 FER=1.83e-02
2025-10-21 08:49:25,760 | INFO | Epoch 61 Train Time 104.36199569702148s

2025-10-21 08:51:02,435 | INFO | Training epoch 62, Batch 1000/1000: LR=9.98e-05, Loss=2.45e-03 BER=9.66e-04 FER=1.79e-02
2025-10-21 08:51:02,482 | INFO | Epoch 62 Train Time 96.72084665298462s

2025-10-21 08:52:47,801 | INFO | Training epoch 63, Batch 1000/1000: LR=9.98e-05, Loss=2.46e-03 BER=9.68e-04 FER=1.81e-02
2025-10-21 08:52:47,865 | INFO | Epoch 63 Train Time 105.38155627250671s

2025-10-21 08:54:28,041 | INFO | Training epoch 64, Batch 1000/1000: LR=9.98e-05, Loss=2.50e-03 BER=9.86e-04 FER=1.83e-02
2025-10-21 08:54:28,095 | INFO | Epoch 64 Train Time 100.22731900215149s

2025-10-21 08:56:04,127 | INFO | Training epoch 65, Batch 1000/1000: LR=9.98e-05, Loss=2.53e-03 BER=9.89e-04 FER=1.82e-02
2025-10-21 08:56:04,181 | INFO | Epoch 65 Train Time 96.08415699005127s

2025-10-21 08:57:42,484 | INFO | Training epoch 66, Batch 1000/1000: LR=9.97e-05, Loss=2.55e-03 BER=1.01e-03 FER=1.86e-02
2025-10-21 08:57:42,541 | INFO | Epoch 66 Train Time 98.35870456695557s

2025-10-21 08:59:25,495 | INFO | Training epoch 67, Batch 1000/1000: LR=9.97e-05, Loss=2.48e-03 BER=9.78e-04 FER=1.82e-02
2025-10-21 08:59:25,548 | INFO | Epoch 67 Train Time 103.00612092018127s

2025-10-21 09:01:03,829 | INFO | Training epoch 68, Batch 1000/1000: LR=9.97e-05, Loss=2.46e-03 BER=9.80e-04 FER=1.80e-02
2025-10-21 09:01:03,917 | INFO | Epoch 68 Train Time 98.36741828918457s

2025-10-21 09:02:44,427 | INFO | Training epoch 69, Batch 1000/1000: LR=9.97e-05, Loss=2.46e-03 BER=9.76e-04 FER=1.80e-02
2025-10-21 09:02:44,465 | INFO | Epoch 69 Train Time 100.54631519317627s

2025-10-21 09:04:15,846 | INFO | Training epoch 70, Batch 1000/1000: LR=9.97e-05, Loss=2.58e-03 BER=1.00e-03 FER=1.84e-02
2025-10-21 09:04:15,908 | INFO | Epoch 70 Train Time 91.4424946308136s

2025-10-21 09:05:53,211 | INFO | Training epoch 71, Batch 1000/1000: LR=9.97e-05, Loss=2.37e-03 BER=9.31e-04 FER=1.73e-02
2025-10-21 09:05:53,273 | INFO | Epoch 71 Train Time 97.36063861846924s

2025-10-21 09:05:53,274 | INFO | [P2] saving best_model (QAT) with loss 0.002365 at epoch 71
2025-10-21 09:07:38,470 | INFO | Training epoch 72, Batch 1000/1000: LR=9.97e-05, Loss=2.45e-03 BER=9.67e-04 FER=1.77e-02
2025-10-21 09:07:38,529 | INFO | Epoch 72 Train Time 105.16211104393005s

2025-10-21 09:09:15,918 | INFO | Training epoch 73, Batch 1000/1000: LR=9.97e-05, Loss=2.52e-03 BER=1.00e-03 FER=1.85e-02
2025-10-21 09:09:15,985 | INFO | Epoch 73 Train Time 97.45301938056946s

2025-10-21 09:10:55,284 | INFO | Training epoch 74, Batch 1000/1000: LR=9.97e-05, Loss=2.53e-03 BER=9.99e-04 FER=1.84e-02
2025-10-21 09:10:55,348 | INFO | Epoch 74 Train Time 99.36217904090881s

2025-10-21 09:12:42,120 | INFO | Training epoch 75, Batch 1000/1000: LR=9.97e-05, Loss=2.40e-03 BER=9.52e-04 FER=1.76e-02
2025-10-21 09:12:42,200 | INFO | Epoch 75 Train Time 106.84950542449951s

2025-10-21 09:14:25,406 | INFO | Training epoch 76, Batch 1000/1000: LR=9.97e-05, Loss=2.45e-03 BER=9.69e-04 FER=1.80e-02
2025-10-21 09:14:25,463 | INFO | Epoch 76 Train Time 103.26111054420471s

2025-10-21 09:16:05,625 | INFO | Training epoch 77, Batch 1000/1000: LR=9.96e-05, Loss=2.49e-03 BER=9.75e-04 FER=1.81e-02
2025-10-21 09:16:05,666 | INFO | Epoch 77 Train Time 100.2014467716217s

2025-10-21 09:17:45,422 | INFO | Training epoch 78, Batch 1000/1000: LR=9.96e-05, Loss=2.39e-03 BER=9.44e-04 FER=1.74e-02
2025-10-21 09:17:45,483 | INFO | Epoch 78 Train Time 99.8159875869751s

2025-10-21 09:19:27,837 | INFO | Training epoch 79, Batch 1000/1000: LR=9.96e-05, Loss=2.40e-03 BER=9.48e-04 FER=1.76e-02
2025-10-21 09:19:27,902 | INFO | Epoch 79 Train Time 102.41669178009033s

2025-10-21 09:21:12,108 | INFO | Training epoch 80, Batch 1000/1000: LR=9.96e-05, Loss=2.62e-03 BER=1.02e-03 FER=1.97e-02
2025-10-21 09:21:12,157 | INFO | Epoch 80 Train Time 104.252765417099s

2025-10-21 09:22:51,121 | INFO | Training epoch 81, Batch 1000/1000: LR=9.96e-05, Loss=2.39e-03 BER=9.30e-04 FER=1.77e-02
2025-10-21 09:22:51,216 | INFO | Epoch 81 Train Time 99.05784177780151s

2025-10-21 09:24:31,141 | INFO | Training epoch 82, Batch 1000/1000: LR=9.96e-05, Loss=2.59e-03 BER=9.94e-04 FER=1.88e-02
2025-10-21 09:24:31,185 | INFO | Epoch 82 Train Time 99.96647524833679s

2025-10-21 09:26:19,549 | INFO | Training epoch 83, Batch 1000/1000: LR=9.96e-05, Loss=2.62e-03 BER=1.03e-03 FER=1.94e-02
2025-10-21 09:26:19,598 | INFO | Epoch 83 Train Time 108.41148924827576s

2025-10-21 09:27:53,103 | INFO | Training epoch 84, Batch 1000/1000: LR=9.96e-05, Loss=2.58e-03 BER=1.01e-03 FER=1.90e-02
2025-10-21 09:27:53,163 | INFO | Epoch 84 Train Time 93.56382179260254s

2025-10-21 09:29:29,693 | INFO | Training epoch 85, Batch 1000/1000: LR=9.96e-05, Loss=2.53e-03 BER=9.97e-04 FER=1.85e-02
2025-10-21 09:29:29,736 | INFO | Epoch 85 Train Time 96.57187128067017s

2025-10-21 09:31:09,560 | INFO | Training epoch 86, Batch 1000/1000: LR=9.96e-05, Loss=2.45e-03 BER=9.51e-04 FER=1.75e-02
2025-10-21 09:31:09,614 | INFO | Epoch 86 Train Time 99.87722563743591s

2025-10-21 09:32:44,565 | INFO | Training epoch 87, Batch 1000/1000: LR=9.95e-05, Loss=2.46e-03 BER=9.49e-04 FER=1.78e-02
2025-10-21 09:32:44,632 | INFO | Epoch 87 Train Time 95.01539015769958s

2025-10-21 09:34:24,291 | INFO | Training epoch 88, Batch 1000/1000: LR=9.95e-05, Loss=2.48e-03 BER=9.76e-04 FER=1.80e-02
2025-10-21 09:34:24,341 | INFO | Epoch 88 Train Time 99.70750689506531s

2025-10-21 09:36:02,000 | INFO | Training epoch 89, Batch 1000/1000: LR=9.95e-05, Loss=2.53e-03 BER=9.99e-04 FER=1.82e-02
2025-10-21 09:36:02,054 | INFO | Epoch 89 Train Time 97.71195459365845s

2025-10-21 09:37:42,971 | INFO | Training epoch 90, Batch 1000/1000: LR=9.95e-05, Loss=2.37e-03 BER=9.26e-04 FER=1.74e-02
2025-10-21 09:37:43,015 | INFO | Epoch 90 Train Time 100.95962381362915s

2025-10-21 09:39:28,860 | INFO | Training epoch 91, Batch 1000/1000: LR=9.95e-05, Loss=2.49e-03 BER=9.78e-04 FER=1.81e-02
2025-10-21 09:39:28,913 | INFO | Epoch 91 Train Time 105.89592719078064s

2025-10-21 09:41:14,175 | INFO | Training epoch 92, Batch 1000/1000: LR=9.95e-05, Loss=2.51e-03 BER=9.95e-04 FER=1.81e-02
2025-10-21 09:41:14,241 | INFO | Epoch 92 Train Time 105.32632875442505s

2025-10-21 09:42:49,566 | INFO | Training epoch 93, Batch 1000/1000: LR=9.95e-05, Loss=2.52e-03 BER=9.94e-04 FER=1.83e-02
2025-10-21 09:42:49,622 | INFO | Epoch 93 Train Time 95.37904620170593s

2025-10-21 09:44:30,759 | INFO | Training epoch 94, Batch 1000/1000: LR=9.95e-05, Loss=2.48e-03 BER=9.69e-04 FER=1.80e-02
2025-10-21 09:44:30,835 | INFO | Epoch 94 Train Time 101.21117973327637s

2025-10-21 09:46:11,996 | INFO | Training epoch 95, Batch 1000/1000: LR=9.95e-05, Loss=2.49e-03 BER=9.93e-04 FER=1.79e-02
2025-10-21 09:46:12,060 | INFO | Epoch 95 Train Time 101.22399377822876s

2025-10-21 09:47:54,662 | INFO | Training epoch 96, Batch 1000/1000: LR=9.94e-05, Loss=2.49e-03 BER=9.80e-04 FER=1.82e-02
2025-10-21 09:47:54,740 | INFO | Epoch 96 Train Time 102.67812609672546s

2025-10-21 09:49:33,897 | INFO | Training epoch 97, Batch 1000/1000: LR=9.94e-05, Loss=2.48e-03 BER=9.67e-04 FER=1.80e-02
2025-10-21 09:49:33,947 | INFO | Epoch 97 Train Time 99.20546817779541s

2025-10-21 09:51:16,106 | INFO | Training epoch 98, Batch 1000/1000: LR=9.94e-05, Loss=2.45e-03 BER=9.56e-04 FER=1.78e-02
2025-10-21 09:51:16,175 | INFO | Epoch 98 Train Time 102.22646474838257s

2025-10-21 09:53:05,376 | INFO | Training epoch 99, Batch 1000/1000: LR=9.94e-05, Loss=2.53e-03 BER=9.95e-04 FER=1.84e-02
2025-10-21 09:53:05,424 | INFO | Epoch 99 Train Time 109.24774694442749s

2025-10-21 09:54:38,508 | INFO | Training epoch 100, Batch 1000/1000: LR=9.94e-05, Loss=2.48e-03 BER=9.74e-04 FER=1.82e-02
2025-10-21 09:54:38,566 | INFO | Epoch 100 Train Time 93.14011788368225s

2025-10-21 09:56:19,077 | INFO | Training epoch 101, Batch 1000/1000: LR=9.94e-05, Loss=2.46e-03 BER=9.71e-04 FER=1.80e-02
2025-10-21 09:56:19,129 | INFO | Epoch 101 Train Time 100.5606689453125s

2025-10-21 09:58:01,105 | INFO | Training epoch 102, Batch 1000/1000: LR=9.94e-05, Loss=2.47e-03 BER=9.70e-04 FER=1.85e-02
2025-10-21 09:58:01,156 | INFO | Epoch 102 Train Time 102.02493619918823s

2025-10-21 09:59:37,708 | INFO | Training epoch 103, Batch 1000/1000: LR=9.94e-05, Loss=2.44e-03 BER=9.64e-04 FER=1.76e-02
2025-10-21 09:59:37,763 | INFO | Epoch 103 Train Time 96.60629296302795s

2025-10-21 10:01:17,458 | INFO | Training epoch 104, Batch 1000/1000: LR=9.94e-05, Loss=2.48e-03 BER=9.69e-04 FER=1.80e-02
2025-10-21 10:01:17,520 | INFO | Epoch 104 Train Time 99.75485277175903s

2025-10-21 10:03:04,121 | INFO | Training epoch 105, Batch 1000/1000: LR=9.93e-05, Loss=2.41e-03 BER=9.51e-04 FER=1.76e-02
2025-10-21 10:03:04,169 | INFO | Epoch 105 Train Time 106.64767026901245s

2025-10-21 10:04:50,513 | INFO | Training epoch 106, Batch 1000/1000: LR=9.93e-05, Loss=2.41e-03 BER=9.62e-04 FER=1.74e-02
2025-10-21 10:04:50,564 | INFO | Epoch 106 Train Time 106.39353275299072s

2025-10-21 10:06:41,362 | INFO | Training epoch 107, Batch 1000/1000: LR=9.93e-05, Loss=2.56e-03 BER=1.01e-03 FER=1.90e-02
2025-10-21 10:06:41,455 | INFO | Epoch 107 Train Time 110.89008021354675s

2025-10-21 10:08:26,532 | INFO | Training epoch 108, Batch 1000/1000: LR=9.93e-05, Loss=2.52e-03 BER=9.90e-04 FER=1.85e-02
2025-10-21 10:08:26,594 | INFO | Epoch 108 Train Time 105.13738298416138s

2025-10-21 10:10:18,778 | INFO | Training epoch 109, Batch 1000/1000: LR=9.93e-05, Loss=2.41e-03 BER=9.53e-04 FER=1.76e-02
2025-10-21 10:10:18,837 | INFO | Epoch 109 Train Time 112.24132943153381s

2025-10-21 10:12:09,421 | INFO | Training epoch 110, Batch 1000/1000: LR=9.93e-05, Loss=2.38e-03 BER=9.41e-04 FER=1.73e-02
2025-10-21 10:12:09,478 | INFO | Epoch 110 Train Time 110.6401116847992s

2025-10-21 10:13:47,339 | INFO | Training epoch 111, Batch 1000/1000: LR=9.93e-05, Loss=2.33e-03 BER=9.12e-04 FER=1.70e-02
2025-10-21 10:13:47,395 | INFO | Epoch 111 Train Time 97.91548657417297s

2025-10-21 10:13:47,395 | INFO | [P2] saving best_model (QAT) with loss 0.002333 at epoch 111
2025-10-21 10:15:24,404 | INFO | Training epoch 112, Batch 1000/1000: LR=9.92e-05, Loss=2.49e-03 BER=9.77e-04 FER=1.82e-02
2025-10-21 10:15:24,458 | INFO | Epoch 112 Train Time 96.9577808380127s

2025-10-21 10:17:08,354 | INFO | Training epoch 113, Batch 1000/1000: LR=9.92e-05, Loss=2.51e-03 BER=9.88e-04 FER=1.82e-02
2025-10-21 10:17:08,425 | INFO | Epoch 113 Train Time 103.96616840362549s

2025-10-21 10:18:54,068 | INFO | Training epoch 114, Batch 1000/1000: LR=9.92e-05, Loss=2.52e-03 BER=9.88e-04 FER=1.81e-02
2025-10-21 10:18:54,120 | INFO | Epoch 114 Train Time 105.6898558139801s

2025-10-21 10:20:30,319 | INFO | Training epoch 115, Batch 1000/1000: LR=9.92e-05, Loss=2.49e-03 BER=9.81e-04 FER=1.79e-02
2025-10-21 10:20:30,401 | INFO | Epoch 115 Train Time 96.27937889099121s

2025-10-21 10:22:10,688 | INFO | Training epoch 116, Batch 1000/1000: LR=9.92e-05, Loss=2.54e-03 BER=1.00e-03 FER=1.85e-02
2025-10-21 10:22:10,743 | INFO | Epoch 116 Train Time 100.33970475196838s

2025-10-21 10:23:51,110 | INFO | Training epoch 117, Batch 1000/1000: LR=9.92e-05, Loss=2.57e-03 BER=1.00e-03 FER=1.87e-02
2025-10-21 10:23:51,174 | INFO | Epoch 117 Train Time 100.42912650108337s

2025-10-21 10:25:32,580 | INFO | Training epoch 118, Batch 1000/1000: LR=9.92e-05, Loss=2.43e-03 BER=9.59e-04 FER=1.78e-02
2025-10-21 10:25:32,646 | INFO | Epoch 118 Train Time 101.47038793563843s

2025-10-21 10:27:09,037 | INFO | Training epoch 119, Batch 1000/1000: LR=9.92e-05, Loss=2.46e-03 BER=9.84e-04 FER=1.81e-02
2025-10-21 10:27:09,082 | INFO | Epoch 119 Train Time 96.43482780456543s

2025-10-21 10:28:54,461 | INFO | Training epoch 120, Batch 1000/1000: LR=9.91e-05, Loss=2.43e-03 BER=9.54e-04 FER=1.77e-02
2025-10-21 10:28:54,519 | INFO | Epoch 120 Train Time 105.43546414375305s

2025-10-21 10:30:37,823 | INFO | Training epoch 121, Batch 1000/1000: LR=9.91e-05, Loss=2.50e-03 BER=9.90e-04 FER=1.82e-02
2025-10-21 10:30:37,886 | INFO | Epoch 121 Train Time 103.36475706100464s

2025-10-21 10:32:10,801 | INFO | Training epoch 122, Batch 1000/1000: LR=9.91e-05, Loss=2.51e-03 BER=9.85e-04 FER=1.78e-02
2025-10-21 10:32:10,867 | INFO | Epoch 122 Train Time 92.9807767868042s

2025-10-21 10:33:54,946 | INFO | Training epoch 123, Batch 1000/1000: LR=9.91e-05, Loss=2.42e-03 BER=9.45e-04 FER=1.76e-02
2025-10-21 10:33:55,003 | INFO | Epoch 123 Train Time 104.13501024246216s

2025-10-21 10:35:42,932 | INFO | Training epoch 124, Batch 1000/1000: LR=9.91e-05, Loss=2.58e-03 BER=1.00e-03 FER=1.89e-02
2025-10-21 10:35:43,011 | INFO | Epoch 124 Train Time 108.00611639022827s

2025-10-21 10:37:29,326 | INFO | Training epoch 125, Batch 1000/1000: LR=9.91e-05, Loss=2.39e-03 BER=9.44e-04 FER=1.76e-02
2025-10-21 10:37:29,376 | INFO | Epoch 125 Train Time 106.3625738620758s

2025-10-21 10:39:12,151 | INFO | Training epoch 126, Batch 1000/1000: LR=9.90e-05, Loss=2.46e-03 BER=9.68e-04 FER=1.80e-02
2025-10-21 10:39:12,229 | INFO | Epoch 126 Train Time 102.85124397277832s

2025-10-21 10:40:51,596 | INFO | Training epoch 127, Batch 1000/1000: LR=9.90e-05, Loss=2.42e-03 BER=9.61e-04 FER=1.74e-02
2025-10-21 10:40:51,648 | INFO | Epoch 127 Train Time 99.41783452033997s

2025-10-21 10:42:27,756 | INFO | Training epoch 128, Batch 1000/1000: LR=9.90e-05, Loss=2.39e-03 BER=9.40e-04 FER=1.74e-02
2025-10-21 10:42:27,821 | INFO | Epoch 128 Train Time 96.1717164516449s

2025-10-21 10:44:15,817 | INFO | Training epoch 129, Batch 1000/1000: LR=9.90e-05, Loss=2.49e-03 BER=9.88e-04 FER=1.79e-02
2025-10-21 10:44:15,868 | INFO | Epoch 129 Train Time 108.04633331298828s

2025-10-21 10:46:02,667 | INFO | Training epoch 130, Batch 1000/1000: LR=9.90e-05, Loss=2.59e-03 BER=1.03e-03 FER=1.89e-02
2025-10-21 10:46:02,720 | INFO | Epoch 130 Train Time 106.85031723976135s

2025-10-21 10:47:44,593 | INFO | Training epoch 131, Batch 1000/1000: LR=9.90e-05, Loss=2.44e-03 BER=9.70e-04 FER=1.79e-02
2025-10-21 10:47:44,643 | INFO | Epoch 131 Train Time 101.92090153694153s

2025-10-21 10:49:26,149 | INFO | Training epoch 132, Batch 1000/1000: LR=9.90e-05, Loss=2.45e-03 BER=9.61e-04 FER=1.82e-02
2025-10-21 10:49:26,221 | INFO | Epoch 132 Train Time 101.57597494125366s

2025-10-21 10:51:05,351 | INFO | Training epoch 133, Batch 1000/1000: LR=9.89e-05, Loss=2.43e-03 BER=9.59e-04 FER=1.75e-02
2025-10-21 10:51:05,400 | INFO | Epoch 133 Train Time 99.1785056591034s

2025-10-21 10:52:42,950 | INFO | Training epoch 134, Batch 1000/1000: LR=9.89e-05, Loss=2.39e-03 BER=9.30e-04 FER=1.75e-02
2025-10-21 10:52:43,015 | INFO | Epoch 134 Train Time 97.61316323280334s

2025-10-21 10:54:21,694 | INFO | Training epoch 135, Batch 1000/1000: LR=9.89e-05, Loss=2.43e-03 BER=9.44e-04 FER=1.76e-02
2025-10-21 10:54:21,796 | INFO | Epoch 135 Train Time 98.77923655509949s

2025-10-21 10:56:02,069 | INFO | Training epoch 136, Batch 1000/1000: LR=9.89e-05, Loss=2.51e-03 BER=9.87e-04 FER=1.83e-02
2025-10-21 10:56:02,134 | INFO | Epoch 136 Train Time 100.33617806434631s

2025-10-21 10:57:43,757 | INFO | Training epoch 137, Batch 1000/1000: LR=9.89e-05, Loss=2.47e-03 BER=9.80e-04 FER=1.81e-02
2025-10-21 10:57:43,817 | INFO | Epoch 137 Train Time 101.68144798278809s

2025-10-21 10:59:16,519 | INFO | Training epoch 138, Batch 1000/1000: LR=9.89e-05, Loss=2.44e-03 BER=9.65e-04 FER=1.80e-02
2025-10-21 10:59:16,575 | INFO | Epoch 138 Train Time 92.75689363479614s

2025-10-21 11:00:56,949 | INFO | Training epoch 139, Batch 1000/1000: LR=9.88e-05, Loss=2.36e-03 BER=9.27e-04 FER=1.73e-02
2025-10-21 11:00:56,999 | INFO | Epoch 139 Train Time 100.42255735397339s

2025-10-21 11:02:35,942 | INFO | Training epoch 140, Batch 1000/1000: LR=9.88e-05, Loss=2.53e-03 BER=9.96e-04 FER=1.84e-02
2025-10-21 11:02:35,998 | INFO | Epoch 140 Train Time 98.99801111221313s

2025-10-21 11:04:18,993 | INFO | Training epoch 141, Batch 1000/1000: LR=9.88e-05, Loss=2.48e-03 BER=9.76e-04 FER=1.79e-02
2025-10-21 11:04:19,062 | INFO | Epoch 141 Train Time 103.0622091293335s

2025-10-21 11:05:55,034 | INFO | Training epoch 142, Batch 1000/1000: LR=9.88e-05, Loss=2.42e-03 BER=9.49e-04 FER=1.76e-02
2025-10-21 11:05:55,086 | INFO | Epoch 142 Train Time 96.0232241153717s

2025-10-21 11:07:31,558 | INFO | Training epoch 143, Batch 1000/1000: LR=9.88e-05, Loss=2.45e-03 BER=9.60e-04 FER=1.79e-02
2025-10-21 11:07:31,593 | INFO | Epoch 143 Train Time 96.50628232955933s

2025-10-21 11:09:13,314 | INFO | Training epoch 144, Batch 1000/1000: LR=9.88e-05, Loss=2.56e-03 BER=1.02e-03 FER=1.85e-02
2025-10-21 11:09:13,355 | INFO | Epoch 144 Train Time 101.76096558570862s

2025-10-21 11:10:51,100 | INFO | Training epoch 145, Batch 1000/1000: LR=9.87e-05, Loss=2.40e-03 BER=9.34e-04 FER=1.75e-02
2025-10-21 11:10:51,165 | INFO | Epoch 145 Train Time 97.80843544006348s

2025-10-21 11:12:28,325 | INFO | Training epoch 146, Batch 1000/1000: LR=9.87e-05, Loss=2.46e-03 BER=9.76e-04 FER=1.78e-02
2025-10-21 11:12:28,379 | INFO | Epoch 146 Train Time 97.21281051635742s

2025-10-21 11:14:11,549 | INFO | Training epoch 147, Batch 1000/1000: LR=9.87e-05, Loss=2.45e-03 BER=9.62e-04 FER=1.79e-02
2025-10-21 11:14:11,599 | INFO | Epoch 147 Train Time 103.21940588951111s

2025-10-21 11:15:50,578 | INFO | Training epoch 148, Batch 1000/1000: LR=9.87e-05, Loss=2.48e-03 BER=9.66e-04 FER=1.77e-02
2025-10-21 11:15:50,644 | INFO | Epoch 148 Train Time 99.04323554039001s

2025-10-21 11:17:32,904 | INFO | Training epoch 149, Batch 1000/1000: LR=9.87e-05, Loss=2.38e-03 BER=9.36e-04 FER=1.71e-02
2025-10-21 11:17:32,956 | INFO | Epoch 149 Train Time 102.3102355003357s

2025-10-21 11:19:07,721 | INFO | Training epoch 150, Batch 1000/1000: LR=9.87e-05, Loss=2.45e-03 BER=9.64e-04 FER=1.75e-02
2025-10-21 11:19:07,772 | INFO | Epoch 150 Train Time 94.81409454345703s

2025-10-21 11:20:48,861 | INFO | Training epoch 151, Batch 1000/1000: LR=9.86e-05, Loss=2.44e-03 BER=9.64e-04 FER=1.75e-02
2025-10-21 11:20:48,928 | INFO | Epoch 151 Train Time 101.15492606163025s

2025-10-21 11:22:27,602 | INFO | Training epoch 152, Batch 1000/1000: LR=9.86e-05, Loss=2.48e-03 BER=9.75e-04 FER=1.81e-02
2025-10-21 11:22:27,661 | INFO | Epoch 152 Train Time 98.73203444480896s

2025-10-21 11:24:06,112 | INFO | Training epoch 153, Batch 1000/1000: LR=9.86e-05, Loss=2.40e-03 BER=9.36e-04 FER=1.75e-02
2025-10-21 11:24:06,175 | INFO | Epoch 153 Train Time 98.51272654533386s

2025-10-21 11:25:46,207 | INFO | Training epoch 154, Batch 1000/1000: LR=9.86e-05, Loss=2.51e-03 BER=9.96e-04 FER=1.83e-02
2025-10-21 11:25:46,256 | INFO | Epoch 154 Train Time 100.08009648323059s

2025-10-21 11:27:25,850 | INFO | Training epoch 155, Batch 1000/1000: LR=9.86e-05, Loss=2.42e-03 BER=9.56e-04 FER=1.79e-02
2025-10-21 11:27:25,921 | INFO | Epoch 155 Train Time 99.6639814376831s

2025-10-21 11:29:13,789 | INFO | Training epoch 156, Batch 1000/1000: LR=9.85e-05, Loss=2.56e-03 BER=9.99e-04 FER=1.87e-02
2025-10-21 11:29:13,853 | INFO | Epoch 156 Train Time 107.93003249168396s

2025-10-21 11:31:00,549 | INFO | Training epoch 157, Batch 1000/1000: LR=9.85e-05, Loss=2.43e-03 BER=9.57e-04 FER=1.79e-02
2025-10-21 11:31:00,611 | INFO | Epoch 157 Train Time 106.75617837905884s

2025-10-21 11:32:37,719 | INFO | Training epoch 158, Batch 1000/1000: LR=9.85e-05, Loss=2.46e-03 BER=9.72e-04 FER=1.79e-02
2025-10-21 11:32:37,793 | INFO | Epoch 158 Train Time 97.18074774742126s

2025-10-21 11:34:18,685 | INFO | Training epoch 159, Batch 1000/1000: LR=9.85e-05, Loss=2.50e-03 BER=9.88e-04 FER=1.80e-02
2025-10-21 11:34:18,750 | INFO | Epoch 159 Train Time 100.95565438270569s

2025-10-21 11:36:04,216 | INFO | Training epoch 160, Batch 1000/1000: LR=9.85e-05, Loss=2.45e-03 BER=9.69e-04 FER=1.79e-02
2025-10-21 11:36:04,267 | INFO | Epoch 160 Train Time 105.51472449302673s

2025-10-21 11:37:40,616 | INFO | Training epoch 161, Batch 1000/1000: LR=9.84e-05, Loss=2.46e-03 BER=9.76e-04 FER=1.78e-02
2025-10-21 11:37:40,671 | INFO | Epoch 161 Train Time 96.40113401412964s

2025-10-21 11:39:23,894 | INFO | Training epoch 162, Batch 1000/1000: LR=9.84e-05, Loss=2.43e-03 BER=9.66e-04 FER=1.79e-02
2025-10-21 11:39:23,951 | INFO | Epoch 162 Train Time 103.27790427207947s

2025-10-21 11:41:02,119 | INFO | Training epoch 163, Batch 1000/1000: LR=9.84e-05, Loss=2.47e-03 BER=9.65e-04 FER=1.80e-02
2025-10-21 11:41:02,177 | INFO | Epoch 163 Train Time 98.22453474998474s

2025-10-21 11:42:41,629 | INFO | Training epoch 164, Batch 1000/1000: LR=9.84e-05, Loss=2.59e-03 BER=1.01e-03 FER=1.86e-02
2025-10-21 11:42:41,681 | INFO | Epoch 164 Train Time 99.50291275978088s

2025-10-21 11:44:18,075 | INFO | Training epoch 165, Batch 1000/1000: LR=9.84e-05, Loss=2.42e-03 BER=9.50e-04 FER=1.80e-02
2025-10-21 11:44:18,137 | INFO | Epoch 165 Train Time 96.45469188690186s

2025-10-21 11:45:57,105 | INFO | Training epoch 166, Batch 1000/1000: LR=9.83e-05, Loss=2.48e-03 BER=9.86e-04 FER=1.81e-02
2025-10-21 11:45:57,158 | INFO | Epoch 166 Train Time 99.01774168014526s

2025-10-21 11:47:33,417 | INFO | Training epoch 167, Batch 1000/1000: LR=9.83e-05, Loss=2.47e-03 BER=9.66e-04 FER=1.78e-02
2025-10-21 11:47:33,460 | INFO | Epoch 167 Train Time 96.30021095275879s

2025-10-21 11:49:12,795 | INFO | Training epoch 168, Batch 1000/1000: LR=9.83e-05, Loss=2.42e-03 BER=9.54e-04 FER=1.75e-02
2025-10-21 11:49:12,854 | INFO | Epoch 168 Train Time 99.39224529266357s

2025-10-21 11:50:56,711 | INFO | Training epoch 169, Batch 1000/1000: LR=9.83e-05, Loss=2.50e-03 BER=9.78e-04 FER=1.84e-02
2025-10-21 11:50:56,765 | INFO | Epoch 169 Train Time 103.90751576423645s

2025-10-21 11:52:35,983 | INFO | Training epoch 170, Batch 1000/1000: LR=9.83e-05, Loss=2.48e-03 BER=9.88e-04 FER=1.81e-02
2025-10-21 11:52:36,034 | INFO | Epoch 170 Train Time 99.26696586608887s

2025-10-21 11:54:14,937 | INFO | Training epoch 171, Batch 1000/1000: LR=9.82e-05, Loss=2.40e-03 BER=9.30e-04 FER=1.76e-02
2025-10-21 11:54:14,993 | INFO | Epoch 171 Train Time 98.95740485191345s

2025-10-21 11:55:54,455 | INFO | Training epoch 172, Batch 1000/1000: LR=9.82e-05, Loss=2.42e-03 BER=9.58e-04 FER=1.78e-02
2025-10-21 11:55:54,520 | INFO | Epoch 172 Train Time 99.52525782585144s

2025-10-21 11:57:38,263 | INFO | Training epoch 173, Batch 1000/1000: LR=9.82e-05, Loss=2.45e-03 BER=9.65e-04 FER=1.78e-02
2025-10-21 11:57:38,321 | INFO | Epoch 173 Train Time 103.79934072494507s

2025-10-21 11:59:24,615 | INFO | Training epoch 174, Batch 1000/1000: LR=9.82e-05, Loss=2.53e-03 BER=9.98e-04 FER=1.86e-02
2025-10-21 11:59:24,665 | INFO | Epoch 174 Train Time 106.34258675575256s

2025-10-21 12:01:14,973 | INFO | Training epoch 175, Batch 1000/1000: LR=9.82e-05, Loss=2.50e-03 BER=9.80e-04 FER=1.82e-02
2025-10-21 12:01:15,031 | INFO | Epoch 175 Train Time 110.36454677581787s

2025-10-21 12:02:53,851 | INFO | Training epoch 176, Batch 1000/1000: LR=9.81e-05, Loss=2.47e-03 BER=9.73e-04 FER=1.79e-02
2025-10-21 12:02:53,914 | INFO | Epoch 176 Train Time 98.88216543197632s

2025-10-21 12:04:32,465 | INFO | Training epoch 177, Batch 1000/1000: LR=9.81e-05, Loss=2.44e-03 BER=9.68e-04 FER=1.78e-02
2025-10-21 12:04:32,519 | INFO | Epoch 177 Train Time 98.60358452796936s

2025-10-21 12:06:06,413 | INFO | Training epoch 178, Batch 1000/1000: LR=9.81e-05, Loss=2.48e-03 BER=9.80e-04 FER=1.77e-02
2025-10-21 12:06:06,455 | INFO | Epoch 178 Train Time 93.93461346626282s

2025-10-21 12:07:47,578 | INFO | Training epoch 179, Batch 1000/1000: LR=9.81e-05, Loss=2.54e-03 BER=9.96e-04 FER=1.87e-02
2025-10-21 12:07:47,624 | INFO | Epoch 179 Train Time 101.16785502433777s

2025-10-21 12:09:27,492 | INFO | Training epoch 180, Batch 1000/1000: LR=9.81e-05, Loss=2.43e-03 BER=9.60e-04 FER=1.76e-02
2025-10-21 12:09:27,552 | INFO | Epoch 180 Train Time 99.92627739906311s

2025-10-21 12:11:02,095 | INFO | Training epoch 181, Batch 1000/1000: LR=9.80e-05, Loss=2.39e-03 BER=9.57e-04 FER=1.74e-02
2025-10-21 12:11:02,156 | INFO | Epoch 181 Train Time 94.60271072387695s

2025-10-21 12:12:40,123 | INFO | Training epoch 182, Batch 1000/1000: LR=9.80e-05, Loss=2.45e-03 BER=9.70e-04 FER=1.80e-02
2025-10-21 12:12:40,165 | INFO | Epoch 182 Train Time 98.00785899162292s

2025-10-21 12:14:13,076 | INFO | Training epoch 183, Batch 1000/1000: LR=9.80e-05, Loss=2.36e-03 BER=9.21e-04 FER=1.75e-02
2025-10-21 12:14:13,128 | INFO | Epoch 183 Train Time 92.9604697227478s

2025-10-21 12:15:57,906 | INFO | Training epoch 184, Batch 1000/1000: LR=9.80e-05, Loss=2.41e-03 BER=9.50e-04 FER=1.77e-02
2025-10-21 12:15:57,968 | INFO | Epoch 184 Train Time 104.83816313743591s

2025-10-21 12:17:45,021 | INFO | Training epoch 185, Batch 1000/1000: LR=9.79e-05, Loss=2.52e-03 BER=1.00e-03 FER=1.89e-02
2025-10-21 12:17:45,071 | INFO | Epoch 185 Train Time 107.10116004943848s

2025-10-21 12:19:28,422 | INFO | Training epoch 186, Batch 1000/1000: LR=9.79e-05, Loss=2.45e-03 BER=9.61e-04 FER=1.78e-02
2025-10-21 12:19:28,485 | INFO | Epoch 186 Train Time 103.4127037525177s

2025-10-21 12:21:12,298 | INFO | Training epoch 187, Batch 1000/1000: LR=9.79e-05, Loss=2.45e-03 BER=9.53e-04 FER=1.76e-02
2025-10-21 12:21:12,345 | INFO | Epoch 187 Train Time 103.85797834396362s

2025-10-21 12:22:54,200 | INFO | Training epoch 188, Batch 1000/1000: LR=9.79e-05, Loss=2.50e-03 BER=9.88e-04 FER=1.80e-02
2025-10-21 12:22:54,278 | INFO | Epoch 188 Train Time 101.93039131164551s

2025-10-21 12:24:32,470 | INFO | Training epoch 189, Batch 1000/1000: LR=9.79e-05, Loss=2.51e-03 BER=9.75e-04 FER=1.83e-02
2025-10-21 12:24:32,548 | INFO | Epoch 189 Train Time 98.26849675178528s

2025-10-21 12:26:14,247 | INFO | Training epoch 190, Batch 1000/1000: LR=9.78e-05, Loss=2.44e-03 BER=9.58e-04 FER=1.78e-02
2025-10-21 12:26:14,306 | INFO | Epoch 190 Train Time 101.75565361976624s

2025-10-21 12:27:57,062 | INFO | Training epoch 191, Batch 1000/1000: LR=9.78e-05, Loss=2.41e-03 BER=9.57e-04 FER=1.77e-02
2025-10-21 12:27:57,107 | INFO | Epoch 191 Train Time 102.80000162124634s

2025-10-21 12:29:38,415 | INFO | Training epoch 192, Batch 1000/1000: LR=9.78e-05, Loss=2.48e-03 BER=9.79e-04 FER=1.81e-02
2025-10-21 12:29:38,477 | INFO | Epoch 192 Train Time 101.36800909042358s

2025-10-21 12:31:22,609 | INFO | Training epoch 193, Batch 1000/1000: LR=9.78e-05, Loss=2.52e-03 BER=9.93e-04 FER=1.83e-02
2025-10-21 12:31:22,679 | INFO | Epoch 193 Train Time 104.20094990730286s

2025-10-21 12:33:05,493 | INFO | Training epoch 194, Batch 1000/1000: LR=9.77e-05, Loss=2.56e-03 BER=1.02e-03 FER=1.83e-02
2025-10-21 12:33:05,545 | INFO | Epoch 194 Train Time 102.86590051651001s

2025-10-21 12:34:45,501 | INFO | Training epoch 195, Batch 1000/1000: LR=9.77e-05, Loss=2.44e-03 BER=9.55e-04 FER=1.79e-02
2025-10-21 12:34:45,561 | INFO | Epoch 195 Train Time 100.01485514640808s

2025-10-21 12:36:23,983 | INFO | Training epoch 196, Batch 1000/1000: LR=9.77e-05, Loss=2.39e-03 BER=9.50e-04 FER=1.78e-02
2025-10-21 12:36:24,047 | INFO | Epoch 196 Train Time 98.4844958782196s

2025-10-21 12:37:59,722 | INFO | Training epoch 197, Batch 1000/1000: LR=9.77e-05, Loss=2.41e-03 BER=9.35e-04 FER=1.74e-02
2025-10-21 12:37:59,778 | INFO | Epoch 197 Train Time 95.72925019264221s

2025-10-21 12:39:39,930 | INFO | Training epoch 198, Batch 1000/1000: LR=9.76e-05, Loss=2.43e-03 BER=9.64e-04 FER=1.79e-02
2025-10-21 12:39:39,983 | INFO | Epoch 198 Train Time 100.2032687664032s

2025-10-21 12:41:15,787 | INFO | Training epoch 199, Batch 1000/1000: LR=9.76e-05, Loss=2.38e-03 BER=9.29e-04 FER=1.74e-02
2025-10-21 12:41:15,855 | INFO | Epoch 199 Train Time 95.87058734893799s

2025-10-21 12:42:57,319 | INFO | Training epoch 200, Batch 1000/1000: LR=9.76e-05, Loss=2.51e-03 BER=9.96e-04 FER=1.83e-02
2025-10-21 12:42:57,376 | INFO | Epoch 200 Train Time 101.51837134361267s

2025-10-21 12:44:34,797 | INFO | Training epoch 201, Batch 1000/1000: LR=9.76e-05, Loss=2.40e-03 BER=9.54e-04 FER=1.75e-02
2025-10-21 12:44:34,860 | INFO | Epoch 201 Train Time 97.4824492931366s

2025-10-21 12:46:14,809 | INFO | Training epoch 202, Batch 1000/1000: LR=9.76e-05, Loss=2.41e-03 BER=9.55e-04 FER=1.76e-02
2025-10-21 12:46:14,855 | INFO | Epoch 202 Train Time 99.99410605430603s

2025-10-21 12:47:45,782 | INFO | Training epoch 203, Batch 1000/1000: LR=9.75e-05, Loss=2.45e-03 BER=9.74e-04 FER=1.79e-02
2025-10-21 12:47:45,844 | INFO | Epoch 203 Train Time 90.98751020431519s

2025-10-21 12:49:23,877 | INFO | Training epoch 204, Batch 1000/1000: LR=9.75e-05, Loss=2.54e-03 BER=1.00e-03 FER=1.83e-02
2025-10-21 12:49:23,954 | INFO | Epoch 204 Train Time 98.1078233718872s

2025-10-21 12:51:08,981 | INFO | Training epoch 205, Batch 1000/1000: LR=9.75e-05, Loss=2.45e-03 BER=9.68e-04 FER=1.78e-02
2025-10-21 12:51:09,041 | INFO | Epoch 205 Train Time 105.08421277999878s

2025-10-21 12:52:48,987 | INFO | Training epoch 206, Batch 1000/1000: LR=9.75e-05, Loss=2.36e-03 BER=9.26e-04 FER=1.74e-02
2025-10-21 12:52:49,045 | INFO | Epoch 206 Train Time 100.00221252441406s

2025-10-21 12:54:29,772 | INFO | Training epoch 207, Batch 1000/1000: LR=9.74e-05, Loss=2.44e-03 BER=9.58e-04 FER=1.76e-02
2025-10-21 12:54:29,837 | INFO | Epoch 207 Train Time 100.79101848602295s

2025-10-21 12:56:10,241 | INFO | Training epoch 208, Batch 1000/1000: LR=9.74e-05, Loss=2.35e-03 BER=9.20e-04 FER=1.71e-02
2025-10-21 12:56:10,291 | INFO | Epoch 208 Train Time 100.45271897315979s

2025-10-21 12:57:51,252 | INFO | Training epoch 209, Batch 1000/1000: LR=9.74e-05, Loss=2.50e-03 BER=9.92e-04 FER=1.83e-02
2025-10-21 12:57:51,313 | INFO | Epoch 209 Train Time 101.0201621055603s

2025-10-21 12:59:37,006 | INFO | Training epoch 210, Batch 1000/1000: LR=9.74e-05, Loss=2.35e-03 BER=9.12e-04 FER=1.72e-02
2025-10-21 12:59:37,050 | INFO | Epoch 210 Train Time 105.73486638069153s

2025-10-21 13:01:29,288 | INFO | Training epoch 211, Batch 1000/1000: LR=9.73e-05, Loss=2.45e-03 BER=9.62e-04 FER=1.79e-02
2025-10-21 13:01:29,339 | INFO | Epoch 211 Train Time 112.28791213035583s

2025-10-21 13:03:01,521 | INFO | Training epoch 212, Batch 1000/1000: LR=9.73e-05, Loss=2.54e-03 BER=1.00e-03 FER=1.86e-02
2025-10-21 13:03:01,578 | INFO | Epoch 212 Train Time 92.23709201812744s

2025-10-21 13:04:45,492 | INFO | Training epoch 213, Batch 1000/1000: LR=9.73e-05, Loss=2.45e-03 BER=9.76e-04 FER=1.77e-02
2025-10-21 13:04:45,555 | INFO | Epoch 213 Train Time 103.97648692131042s

2025-10-21 13:06:26,610 | INFO | Training epoch 214, Batch 1000/1000: LR=9.73e-05, Loss=2.41e-03 BER=9.59e-04 FER=1.76e-02
2025-10-21 13:06:26,701 | INFO | Epoch 214 Train Time 101.14541149139404s

2025-10-21 13:08:09,184 | INFO | Training epoch 215, Batch 1000/1000: LR=9.72e-05, Loss=2.58e-03 BER=1.01e-03 FER=1.85e-02
2025-10-21 13:08:09,242 | INFO | Epoch 215 Train Time 102.538001537323s

2025-10-21 13:09:58,451 | INFO | Training epoch 216, Batch 1000/1000: LR=9.72e-05, Loss=2.40e-03 BER=9.53e-04 FER=1.77e-02
2025-10-21 13:09:58,517 | INFO | Epoch 216 Train Time 109.27222609519958s

2025-10-21 13:11:39,104 | INFO | Training epoch 217, Batch 1000/1000: LR=9.72e-05, Loss=2.44e-03 BER=9.60e-04 FER=1.76e-02
2025-10-21 13:11:39,170 | INFO | Epoch 217 Train Time 100.6517481803894s

2025-10-21 13:13:24,200 | INFO | Training epoch 218, Batch 1000/1000: LR=9.72e-05, Loss=2.45e-03 BER=9.59e-04 FER=1.75e-02
2025-10-21 13:13:24,254 | INFO | Epoch 218 Train Time 105.0816740989685s

2025-10-21 13:15:05,729 | INFO | Training epoch 219, Batch 1000/1000: LR=9.71e-05, Loss=2.44e-03 BER=9.61e-04 FER=1.77e-02
2025-10-21 13:15:05,777 | INFO | Epoch 219 Train Time 101.5210325717926s

2025-10-21 13:16:48,256 | INFO | Training epoch 220, Batch 1000/1000: LR=9.71e-05, Loss=2.49e-03 BER=9.86e-04 FER=1.82e-02
2025-10-21 13:16:48,307 | INFO | Epoch 220 Train Time 102.52741122245789s

2025-10-21 13:18:22,267 | INFO | Training epoch 221, Batch 1000/1000: LR=9.71e-05, Loss=2.42e-03 BER=9.52e-04 FER=1.77e-02
2025-10-21 13:18:22,338 | INFO | Epoch 221 Train Time 94.02914452552795s

2025-10-21 13:20:04,165 | INFO | Training epoch 222, Batch 1000/1000: LR=9.70e-05, Loss=2.46e-03 BER=9.66e-04 FER=1.82e-02
2025-10-21 13:20:04,222 | INFO | Epoch 222 Train Time 101.88232398033142s

2025-10-21 13:21:43,588 | INFO | Training epoch 223, Batch 1000/1000: LR=9.70e-05, Loss=2.38e-03 BER=9.37e-04 FER=1.72e-02
2025-10-21 13:21:43,653 | INFO | Epoch 223 Train Time 99.42925500869751s

2025-10-21 13:23:21,750 | INFO | Training epoch 224, Batch 1000/1000: LR=9.70e-05, Loss=2.35e-03 BER=9.16e-04 FER=1.71e-02
2025-10-21 13:23:21,816 | INFO | Epoch 224 Train Time 98.16124987602234s

2025-10-21 13:24:56,064 | INFO | Training epoch 225, Batch 1000/1000: LR=9.70e-05, Loss=2.58e-03 BER=1.01e-03 FER=1.87e-02
2025-10-21 13:24:56,112 | INFO | Epoch 225 Train Time 94.295081615448s

2025-10-21 13:26:33,076 | INFO | Training epoch 226, Batch 1000/1000: LR=9.69e-05, Loss=2.41e-03 BER=9.41e-04 FER=1.74e-02
2025-10-21 13:26:33,130 | INFO | Epoch 226 Train Time 97.01658821105957s

2025-10-21 13:28:10,280 | INFO | Training epoch 227, Batch 1000/1000: LR=9.69e-05, Loss=2.44e-03 BER=9.70e-04 FER=1.77e-02
2025-10-21 13:28:10,339 | INFO | Epoch 227 Train Time 97.20715522766113s

2025-10-21 13:29:49,926 | INFO | Training epoch 228, Batch 1000/1000: LR=9.69e-05, Loss=2.43e-03 BER=9.57e-04 FER=1.75e-02
2025-10-21 13:29:49,987 | INFO | Epoch 228 Train Time 99.64574074745178s

2025-10-21 13:31:30,651 | INFO | Training epoch 229, Batch 1000/1000: LR=9.69e-05, Loss=2.43e-03 BER=9.55e-04 FER=1.75e-02
2025-10-21 13:31:30,705 | INFO | Epoch 229 Train Time 100.7162127494812s

2025-10-21 13:33:10,705 | INFO | Training epoch 230, Batch 1000/1000: LR=9.68e-05, Loss=2.41e-03 BER=9.45e-04 FER=1.73e-02
2025-10-21 13:33:10,760 | INFO | Epoch 230 Train Time 100.05350875854492s

2025-10-21 13:34:47,155 | INFO | Training epoch 231, Batch 1000/1000: LR=9.68e-05, Loss=2.33e-03 BER=9.11e-04 FER=1.72e-02
2025-10-21 13:34:47,202 | INFO | Epoch 231 Train Time 96.44049739837646s

2025-10-21 13:34:47,203 | INFO | [P2] saving best_model (QAT) with loss 0.002331 at epoch 231
2025-10-21 13:36:29,315 | INFO | Training epoch 232, Batch 1000/1000: LR=9.68e-05, Loss=2.44e-03 BER=9.63e-04 FER=1.77e-02
2025-10-21 13:36:29,370 | INFO | Epoch 232 Train Time 102.08217072486877s

2025-10-21 13:38:05,604 | INFO | Training epoch 233, Batch 1000/1000: LR=9.67e-05, Loss=2.45e-03 BER=9.67e-04 FER=1.78e-02
2025-10-21 13:38:05,663 | INFO | Epoch 233 Train Time 96.29168701171875s

2025-10-21 13:39:50,206 | INFO | Training epoch 234, Batch 1000/1000: LR=9.67e-05, Loss=2.45e-03 BER=9.63e-04 FER=1.79e-02
2025-10-21 13:39:50,271 | INFO | Epoch 234 Train Time 104.60596060752869s

2025-10-21 13:41:32,573 | INFO | Training epoch 235, Batch 1000/1000: LR=9.67e-05, Loss=2.45e-03 BER=9.70e-04 FER=1.77e-02
2025-10-21 13:41:32,642 | INFO | Epoch 235 Train Time 102.37018251419067s

2025-10-21 13:43:12,198 | INFO | Training epoch 236, Batch 1000/1000: LR=9.67e-05, Loss=2.46e-03 BER=9.79e-04 FER=1.79e-02
2025-10-21 13:43:12,258 | INFO | Epoch 236 Train Time 99.61360311508179s

2025-10-21 13:44:53,518 | INFO | Training epoch 237, Batch 1000/1000: LR=9.66e-05, Loss=2.41e-03 BER=9.56e-04 FER=1.75e-02
2025-10-21 13:44:53,574 | INFO | Epoch 237 Train Time 101.31391453742981s

2025-10-21 13:46:24,497 | INFO | Training epoch 238, Batch 1000/1000: LR=9.66e-05, Loss=2.45e-03 BER=9.62e-04 FER=1.78e-02
2025-10-21 13:46:24,559 | INFO | Epoch 238 Train Time 90.98299193382263s

2025-10-21 13:48:07,802 | INFO | Training epoch 239, Batch 1000/1000: LR=9.66e-05, Loss=2.27e-03 BER=8.89e-04 FER=1.66e-02
2025-10-21 13:48:07,840 | INFO | Epoch 239 Train Time 103.28037667274475s

2025-10-21 13:48:07,841 | INFO | [P2] saving best_model (QAT) with loss 0.002265 at epoch 239
2025-10-21 13:49:46,002 | INFO | Training epoch 240, Batch 1000/1000: LR=9.66e-05, Loss=2.51e-03 BER=9.96e-04 FER=1.80e-02
2025-10-21 13:49:46,065 | INFO | Epoch 240 Train Time 98.12089252471924s

2025-10-21 13:51:33,677 | INFO | Training epoch 241, Batch 1000/1000: LR=9.65e-05, Loss=2.35e-03 BER=9.24e-04 FER=1.71e-02
2025-10-21 13:51:33,727 | INFO | Epoch 241 Train Time 107.66063237190247s

2025-10-21 13:53:12,232 | INFO | Training epoch 242, Batch 1000/1000: LR=9.65e-05, Loss=2.50e-03 BER=9.83e-04 FER=1.81e-02
2025-10-21 13:53:12,282 | INFO | Epoch 242 Train Time 98.55244636535645s

2025-10-21 13:54:57,167 | INFO | Training epoch 243, Batch 1000/1000: LR=9.65e-05, Loss=2.43e-03 BER=9.62e-04 FER=1.75e-02
2025-10-21 13:54:57,219 | INFO | Epoch 243 Train Time 104.93598246574402s

2025-10-21 13:56:36,423 | INFO | Training epoch 244, Batch 1000/1000: LR=9.64e-05, Loss=2.44e-03 BER=9.63e-04 FER=1.80e-02
2025-10-21 13:56:36,494 | INFO | Epoch 244 Train Time 99.2731065750122s

2025-10-21 13:58:14,554 | INFO | Training epoch 245, Batch 1000/1000: LR=9.64e-05, Loss=2.47e-03 BER=9.82e-04 FER=1.82e-02
2025-10-21 13:58:14,609 | INFO | Epoch 245 Train Time 98.11435556411743s

2025-10-21 13:59:58,406 | INFO | Training epoch 246, Batch 1000/1000: LR=9.64e-05, Loss=2.49e-03 BER=9.85e-04 FER=1.80e-02
2025-10-21 13:59:58,474 | INFO | Epoch 246 Train Time 103.86311221122742s

2025-10-21 14:01:39,218 | INFO | Training epoch 247, Batch 1000/1000: LR=9.64e-05, Loss=2.46e-03 BER=9.68e-04 FER=1.79e-02
2025-10-21 14:01:39,261 | INFO | Epoch 247 Train Time 100.78697633743286s

2025-10-21 14:03:21,313 | INFO | Training epoch 248, Batch 1000/1000: LR=9.63e-05, Loss=2.50e-03 BER=9.82e-04 FER=1.82e-02
2025-10-21 14:03:21,384 | INFO | Epoch 248 Train Time 102.1219630241394s

2025-10-21 14:05:06,509 | INFO | Training epoch 249, Batch 1000/1000: LR=9.63e-05, Loss=2.40e-03 BER=9.45e-04 FER=1.76e-02
2025-10-21 14:05:06,565 | INFO | Epoch 249 Train Time 105.17911672592163s

2025-10-21 14:06:49,485 | INFO | Training epoch 250, Batch 1000/1000: LR=9.63e-05, Loss=2.56e-03 BER=1.01e-03 FER=1.86e-02
2025-10-21 14:06:49,534 | INFO | Epoch 250 Train Time 102.96843934059143s

2025-10-21 14:08:32,909 | INFO | Training epoch 251, Batch 1000/1000: LR=9.62e-05, Loss=2.37e-03 BER=9.36e-04 FER=1.72e-02
2025-10-21 14:08:32,954 | INFO | Epoch 251 Train Time 103.41802668571472s

2025-10-21 14:10:14,001 | INFO | Training epoch 252, Batch 1000/1000: LR=9.62e-05, Loss=2.49e-03 BER=9.85e-04 FER=1.81e-02
2025-10-21 14:10:14,054 | INFO | Epoch 252 Train Time 101.0987298488617s

2025-10-21 14:11:54,275 | INFO | Training epoch 253, Batch 1000/1000: LR=9.62e-05, Loss=2.48e-03 BER=9.81e-04 FER=1.81e-02
2025-10-21 14:11:54,342 | INFO | Epoch 253 Train Time 100.28673958778381s

2025-10-21 14:13:33,578 | INFO | Training epoch 254, Batch 1000/1000: LR=9.61e-05, Loss=2.39e-03 BER=9.56e-04 FER=1.74e-02
2025-10-21 14:13:33,637 | INFO | Epoch 254 Train Time 99.29297733306885s

2025-10-21 14:15:19,947 | INFO | Training epoch 255, Batch 1000/1000: LR=9.61e-05, Loss=2.49e-03 BER=9.89e-04 FER=1.82e-02
2025-10-21 14:15:20,008 | INFO | Epoch 255 Train Time 106.36809515953064s

2025-10-21 14:16:58,576 | INFO | Training epoch 256, Batch 1000/1000: LR=9.61e-05, Loss=2.51e-03 BER=9.90e-04 FER=1.95e-02
2025-10-21 14:16:58,615 | INFO | Epoch 256 Train Time 98.60602688789368s

2025-10-21 14:18:44,007 | INFO | Training epoch 257, Batch 1000/1000: LR=9.61e-05, Loss=2.30e-03 BER=9.10e-04 FER=1.72e-02
2025-10-21 14:18:44,057 | INFO | Epoch 257 Train Time 105.44105386734009s

2025-10-21 14:20:19,649 | INFO | Training epoch 258, Batch 1000/1000: LR=9.60e-05, Loss=2.35e-03 BER=9.40e-04 FER=1.73e-02
2025-10-21 14:20:19,718 | INFO | Epoch 258 Train Time 95.6584541797638s

2025-10-21 14:21:57,843 | INFO | Training epoch 259, Batch 1000/1000: LR=9.60e-05, Loss=2.50e-03 BER=9.92e-04 FER=1.82e-02
2025-10-21 14:21:57,891 | INFO | Epoch 259 Train Time 98.169269323349s

2025-10-21 14:23:42,818 | INFO | Training epoch 260, Batch 1000/1000: LR=9.60e-05, Loss=2.46e-03 BER=9.69e-04 FER=1.78e-02
2025-10-21 14:23:42,883 | INFO | Epoch 260 Train Time 104.99153351783752s

2025-10-21 14:25:20,749 | INFO | Training epoch 261, Batch 1000/1000: LR=9.59e-05, Loss=2.48e-03 BER=9.80e-04 FER=1.78e-02
2025-10-21 14:25:20,799 | INFO | Epoch 261 Train Time 97.91439509391785s

2025-10-21 14:27:06,702 | INFO | Training epoch 262, Batch 1000/1000: LR=9.59e-05, Loss=2.47e-03 BER=9.68e-04 FER=1.76e-02
2025-10-21 14:27:06,769 | INFO | Epoch 262 Train Time 105.96619248390198s

2025-10-21 14:28:53,959 | INFO | Training epoch 263, Batch 1000/1000: LR=9.59e-05, Loss=2.48e-03 BER=9.79e-04 FER=1.78e-02
2025-10-21 14:28:54,037 | INFO | Epoch 263 Train Time 107.26705002784729s

2025-10-21 14:30:32,387 | INFO | Training epoch 264, Batch 1000/1000: LR=9.58e-05, Loss=2.35e-03 BER=9.31e-04 FER=1.71e-02
2025-10-21 14:30:32,436 | INFO | Epoch 264 Train Time 98.39768648147583s

2025-10-21 14:32:13,527 | INFO | Training epoch 265, Batch 1000/1000: LR=9.58e-05, Loss=2.36e-03 BER=9.27e-04 FER=1.72e-02
2025-10-21 14:32:13,584 | INFO | Epoch 265 Train Time 101.14641451835632s

2025-10-21 14:34:08,607 | INFO | Training epoch 266, Batch 1000/1000: LR=9.58e-05, Loss=2.57e-03 BER=1.02e-03 FER=1.87e-02
2025-10-21 14:34:08,659 | INFO | Epoch 266 Train Time 115.07263851165771s

2025-10-21 14:35:40,880 | INFO | Training epoch 267, Batch 1000/1000: LR=9.57e-05, Loss=2.34e-03 BER=9.14e-04 FER=1.71e-02
2025-10-21 14:35:40,940 | INFO | Epoch 267 Train Time 92.279700756073s

2025-10-21 14:37:19,226 | INFO | Training epoch 268, Batch 1000/1000: LR=9.57e-05, Loss=2.37e-03 BER=9.28e-04 FER=1.73e-02
2025-10-21 14:37:19,278 | INFO | Epoch 268 Train Time 98.33375763893127s

2025-10-21 14:39:00,290 | INFO | Training epoch 269, Batch 1000/1000: LR=9.57e-05, Loss=2.57e-03 BER=9.96e-04 FER=1.84e-02
2025-10-21 14:39:00,356 | INFO | Epoch 269 Train Time 101.07690501213074s

2025-10-21 14:40:45,567 | INFO | Training epoch 270, Batch 1000/1000: LR=9.56e-05, Loss=2.47e-03 BER=9.72e-04 FER=1.80e-02
2025-10-21 14:40:45,642 | INFO | Epoch 270 Train Time 105.28459548950195s

2025-10-21 14:42:26,621 | INFO | Training epoch 271, Batch 1000/1000: LR=9.56e-05, Loss=2.41e-03 BER=9.55e-04 FER=1.78e-02
2025-10-21 14:42:26,671 | INFO | Epoch 271 Train Time 101.02657985687256s

2025-10-21 14:44:13,376 | INFO | Training epoch 272, Batch 1000/1000: LR=9.56e-05, Loss=2.42e-03 BER=9.61e-04 FER=1.78e-02
2025-10-21 14:44:13,428 | INFO | Epoch 272 Train Time 106.75424909591675s

2025-10-21 14:45:55,778 | INFO | Training epoch 273, Batch 1000/1000: LR=9.56e-05, Loss=2.37e-03 BER=9.34e-04 FER=1.70e-02
2025-10-21 14:45:55,842 | INFO | Epoch 273 Train Time 102.41338038444519s

2025-10-21 14:47:39,340 | INFO | Training epoch 274, Batch 1000/1000: LR=9.55e-05, Loss=2.38e-03 BER=9.39e-04 FER=1.74e-02
2025-10-21 14:47:39,412 | INFO | Epoch 274 Train Time 103.5682168006897s

2025-10-21 14:49:24,142 | INFO | Training epoch 275, Batch 1000/1000: LR=9.55e-05, Loss=2.45e-03 BER=9.63e-04 FER=1.79e-02
2025-10-21 14:49:24,193 | INFO | Epoch 275 Train Time 104.78065013885498s

2025-10-21 14:51:10,420 | INFO | Training epoch 276, Batch 1000/1000: LR=9.55e-05, Loss=2.44e-03 BER=9.60e-04 FER=1.76e-02
2025-10-21 14:51:10,481 | INFO | Epoch 276 Train Time 106.28622722625732s

2025-10-21 14:52:54,749 | INFO | Training epoch 277, Batch 1000/1000: LR=9.54e-05, Loss=2.40e-03 BER=9.43e-04 FER=1.72e-02
2025-10-21 14:52:54,808 | INFO | Epoch 277 Train Time 104.32439541816711s

2025-10-21 14:54:35,321 | INFO | Training epoch 278, Batch 1000/1000: LR=9.54e-05, Loss=2.45e-03 BER=9.67e-04 FER=1.78e-02
2025-10-21 14:54:35,384 | INFO | Epoch 278 Train Time 100.57488679885864s

2025-10-21 14:56:11,252 | INFO | Training epoch 279, Batch 1000/1000: LR=9.54e-05, Loss=2.45e-03 BER=9.64e-04 FER=1.75e-02
2025-10-21 14:56:11,302 | INFO | Epoch 279 Train Time 95.91624855995178s

2025-10-21 14:57:51,247 | INFO | Training epoch 280, Batch 1000/1000: LR=9.53e-05, Loss=2.32e-03 BER=9.16e-04 FER=1.67e-02
2025-10-21 14:57:51,306 | INFO | Epoch 280 Train Time 100.00257873535156s

2025-10-21 14:59:41,315 | INFO | Training epoch 281, Batch 1000/1000: LR=9.53e-05, Loss=2.49e-03 BER=9.81e-04 FER=1.81e-02
2025-10-21 14:59:41,361 | INFO | Epoch 281 Train Time 110.05433988571167s

2025-10-21 15:01:16,577 | INFO | Training epoch 282, Batch 1000/1000: LR=9.53e-05, Loss=2.45e-03 BER=9.77e-04 FER=1.78e-02
2025-10-21 15:01:16,640 | INFO | Epoch 282 Train Time 95.27588057518005s

2025-10-21 15:02:59,896 | INFO | Training epoch 283, Batch 1000/1000: LR=9.52e-05, Loss=2.43e-03 BER=9.66e-04 FER=1.77e-02
2025-10-21 15:02:59,947 | INFO | Epoch 283 Train Time 103.30454730987549s

2025-10-21 15:04:47,981 | INFO | Training epoch 284, Batch 1000/1000: LR=9.52e-05, Loss=2.46e-03 BER=9.73e-04 FER=1.79e-02
2025-10-21 15:04:48,040 | INFO | Epoch 284 Train Time 108.09228181838989s

2025-10-21 15:06:38,613 | INFO | Training epoch 285, Batch 1000/1000: LR=9.52e-05, Loss=2.32e-03 BER=9.24e-04 FER=1.68e-02
2025-10-21 15:06:38,681 | INFO | Epoch 285 Train Time 110.63771533966064s

2025-10-21 15:08:20,986 | INFO | Training epoch 286, Batch 1000/1000: LR=9.51e-05, Loss=2.36e-03 BER=9.30e-04 FER=1.74e-02
2025-10-21 15:08:21,068 | INFO | Epoch 286 Train Time 102.38618636131287s

2025-10-21 15:09:59,003 | INFO | Training epoch 287, Batch 1000/1000: LR=9.51e-05, Loss=2.49e-03 BER=9.81e-04 FER=1.80e-02
2025-10-21 15:09:59,049 | INFO | Epoch 287 Train Time 97.97885179519653s

2025-10-21 15:11:37,899 | INFO | Training epoch 288, Batch 1000/1000: LR=9.51e-05, Loss=2.43e-03 BER=9.50e-04 FER=1.75e-02
2025-10-21 15:11:37,949 | INFO | Epoch 288 Train Time 98.89667105674744s

2025-10-21 15:13:21,236 | INFO | Training epoch 289, Batch 1000/1000: LR=9.50e-05, Loss=2.40e-03 BER=9.46e-04 FER=1.76e-02
2025-10-21 15:13:21,288 | INFO | Epoch 289 Train Time 103.33833312988281s

2025-10-21 15:15:01,872 | INFO | Training epoch 290, Batch 1000/1000: LR=9.50e-05, Loss=2.40e-03 BER=9.61e-04 FER=1.75e-02
2025-10-21 15:15:01,922 | INFO | Epoch 290 Train Time 100.63341665267944s

2025-10-21 15:16:44,418 | INFO | Training epoch 291, Batch 1000/1000: LR=9.50e-05, Loss=2.42e-03 BER=9.61e-04 FER=1.75e-02
2025-10-21 15:16:44,469 | INFO | Epoch 291 Train Time 102.54607605934143s

2025-10-21 15:18:26,249 | INFO | Training epoch 292, Batch 1000/1000: LR=9.49e-05, Loss=2.46e-03 BER=9.77e-04 FER=1.77e-02
2025-10-21 15:18:26,308 | INFO | Epoch 292 Train Time 101.83628058433533s

2025-10-21 15:20:10,829 | INFO | Training epoch 293, Batch 1000/1000: LR=9.49e-05, Loss=2.48e-03 BER=9.81e-04 FER=1.78e-02
2025-10-21 15:20:10,889 | INFO | Epoch 293 Train Time 104.57873558998108s

2025-10-21 15:21:46,934 | INFO | Training epoch 294, Batch 1000/1000: LR=9.48e-05, Loss=2.41e-03 BER=9.57e-04 FER=1.78e-02
2025-10-21 15:21:46,985 | INFO | Epoch 294 Train Time 96.09462547302246s

2025-10-21 15:23:26,698 | INFO | Training epoch 295, Batch 1000/1000: LR=9.48e-05, Loss=2.40e-03 BER=9.37e-04 FER=1.73e-02
2025-10-21 15:23:26,757 | INFO | Epoch 295 Train Time 99.77064180374146s

2025-10-21 15:25:03,840 | INFO | Training epoch 296, Batch 1000/1000: LR=9.48e-05, Loss=2.42e-03 BER=9.58e-04 FER=1.75e-02
2025-10-21 15:25:03,890 | INFO | Epoch 296 Train Time 97.13272047042847s

2025-10-21 15:26:39,571 | INFO | Training epoch 297, Batch 1000/1000: LR=9.47e-05, Loss=2.39e-03 BER=9.44e-04 FER=1.75e-02
2025-10-21 15:26:39,651 | INFO | Epoch 297 Train Time 95.75910878181458s

2025-10-21 15:28:23,906 | INFO | Training epoch 298, Batch 1000/1000: LR=9.47e-05, Loss=2.46e-03 BER=9.70e-04 FER=1.79e-02
2025-10-21 15:28:23,957 | INFO | Epoch 298 Train Time 104.30434608459473s

2025-10-21 15:30:06,803 | INFO | Training epoch 299, Batch 1000/1000: LR=9.47e-05, Loss=2.42e-03 BER=9.59e-04 FER=1.77e-02
2025-10-21 15:30:06,859 | INFO | Epoch 299 Train Time 102.89915347099304s

2025-10-21 15:31:47,696 | INFO | Training epoch 300, Batch 1000/1000: LR=9.46e-05, Loss=2.50e-03 BER=9.90e-04 FER=1.82e-02
2025-10-21 15:31:47,751 | INFO | Epoch 300 Train Time 100.89036965370178s

2025-10-21 15:33:31,830 | INFO | Training epoch 301, Batch 1000/1000: LR=9.46e-05, Loss=2.44e-03 BER=9.67e-04 FER=1.80e-02
2025-10-21 15:33:31,895 | INFO | Epoch 301 Train Time 104.14256763458252s

2025-10-21 15:35:10,269 | INFO | Training epoch 302, Batch 1000/1000: LR=9.46e-05, Loss=2.54e-03 BER=1.01e-03 FER=1.83e-02
2025-10-21 15:35:10,330 | INFO | Epoch 302 Train Time 98.43340349197388s

2025-10-21 15:36:58,600 | INFO | Training epoch 303, Batch 1000/1000: LR=9.45e-05, Loss=2.44e-03 BER=9.54e-04 FER=1.78e-02
2025-10-21 15:36:58,651 | INFO | Epoch 303 Train Time 108.32054853439331s

2025-10-21 15:38:41,116 | INFO | Training epoch 304, Batch 1000/1000: LR=9.45e-05, Loss=2.42e-03 BER=9.54e-04 FER=1.75e-02
2025-10-21 15:38:41,179 | INFO | Epoch 304 Train Time 102.52644848823547s

2025-10-21 15:40:13,606 | INFO | Training epoch 305, Batch 1000/1000: LR=9.45e-05, Loss=2.47e-03 BER=9.71e-04 FER=1.75e-02
2025-10-21 15:40:13,655 | INFO | Epoch 305 Train Time 92.47500085830688s

2025-10-21 15:41:50,485 | INFO | Training epoch 306, Batch 1000/1000: LR=9.44e-05, Loss=2.44e-03 BER=9.65e-04 FER=1.77e-02
2025-10-21 15:41:50,548 | INFO | Epoch 306 Train Time 96.89134812355042s

2025-10-21 15:43:26,805 | INFO | Training epoch 307, Batch 1000/1000: LR=9.44e-05, Loss=2.41e-03 BER=9.48e-04 FER=1.75e-02
2025-10-21 15:43:26,855 | INFO | Epoch 307 Train Time 96.30380773544312s

2025-10-21 15:45:15,411 | INFO | Training epoch 308, Batch 1000/1000: LR=9.44e-05, Loss=2.41e-03 BER=9.51e-04 FER=1.76e-02
2025-10-21 15:45:15,476 | INFO | Epoch 308 Train Time 108.61873078346252s

2025-10-21 15:46:59,680 | INFO | Training epoch 309, Batch 1000/1000: LR=9.43e-05, Loss=2.29e-03 BER=9.05e-04 FER=1.68e-02
2025-10-21 15:46:59,741 | INFO | Epoch 309 Train Time 104.26376938819885s

2025-10-21 15:48:48,568 | INFO | Training epoch 310, Batch 1000/1000: LR=9.43e-05, Loss=2.49e-03 BER=9.86e-04 FER=1.79e-02
2025-10-21 15:48:48,654 | INFO | Epoch 310 Train Time 108.91139101982117s

2025-10-21 15:50:31,388 | INFO | Training epoch 311, Batch 1000/1000: LR=9.42e-05, Loss=2.53e-03 BER=1.01e-03 FER=1.81e-02
2025-10-21 15:50:31,443 | INFO | Epoch 311 Train Time 102.78705096244812s

2025-10-21 15:52:24,666 | INFO | Training epoch 312, Batch 1000/1000: LR=9.42e-05, Loss=2.46e-03 BER=9.58e-04 FER=1.77e-02
2025-10-21 15:52:24,728 | INFO | Epoch 312 Train Time 113.28229689598083s

2025-10-21 15:54:09,310 | INFO | Training epoch 313, Batch 1000/1000: LR=9.42e-05, Loss=2.28e-03 BER=8.96e-04 FER=1.66e-02
2025-10-21 15:54:09,361 | INFO | Epoch 313 Train Time 104.63169288635254s

2025-10-21 15:55:56,777 | INFO | Training epoch 314, Batch 1000/1000: LR=9.41e-05, Loss=2.43e-03 BER=9.58e-04 FER=1.73e-02
2025-10-21 15:55:56,842 | INFO | Epoch 314 Train Time 107.47990989685059s

2025-10-21 15:57:41,352 | INFO | Training epoch 315, Batch 1000/1000: LR=9.41e-05, Loss=2.33e-03 BER=9.12e-04 FER=1.70e-02
2025-10-21 15:57:41,403 | INFO | Epoch 315 Train Time 104.55922985076904s

2025-10-21 15:59:42,078 | INFO | Training epoch 316, Batch 1000/1000: LR=9.41e-05, Loss=2.46e-03 BER=9.75e-04 FER=1.79e-02
2025-10-21 15:59:42,129 | INFO | Epoch 316 Train Time 120.72450017929077s

2025-10-21 16:01:19,186 | INFO | Training epoch 317, Batch 1000/1000: LR=9.40e-05, Loss=2.50e-03 BER=9.74e-04 FER=1.80e-02
2025-10-21 16:01:19,283 | INFO | Epoch 317 Train Time 97.15052580833435s

2025-10-21 16:02:58,811 | INFO | Training epoch 318, Batch 1000/1000: LR=9.40e-05, Loss=2.47e-03 BER=9.66e-04 FER=1.76e-02
2025-10-21 16:02:58,863 | INFO | Epoch 318 Train Time 99.57899785041809s

2025-10-21 16:04:42,907 | INFO | Training epoch 319, Batch 1000/1000: LR=9.40e-05, Loss=2.49e-03 BER=9.91e-04 FER=1.81e-02
2025-10-21 16:04:42,975 | INFO | Epoch 319 Train Time 104.11002087593079s

2025-10-21 16:06:19,296 | INFO | Training epoch 320, Batch 1000/1000: LR=9.39e-05, Loss=2.73e-03 BER=1.04e-03 FER=2.10e-02
2025-10-21 16:06:19,349 | INFO | Epoch 320 Train Time 96.37267756462097s

2025-10-21 16:07:59,697 | INFO | Training epoch 321, Batch 1000/1000: LR=9.39e-05, Loss=2.39e-03 BER=9.21e-04 FER=1.73e-02
2025-10-21 16:07:59,745 | INFO | Epoch 321 Train Time 100.3948106765747s

2025-10-21 16:09:44,396 | INFO | Training epoch 322, Batch 1000/1000: LR=9.38e-05, Loss=2.42e-03 BER=9.43e-04 FER=1.74e-02
2025-10-21 16:09:44,446 | INFO | Epoch 322 Train Time 104.69943356513977s

2025-10-21 16:11:22,490 | INFO | Training epoch 323, Batch 1000/1000: LR=9.38e-05, Loss=2.52e-03 BER=9.91e-04 FER=1.79e-02
2025-10-21 16:11:22,543 | INFO | Epoch 323 Train Time 98.09631037712097s

2025-10-21 16:13:10,209 | INFO | Training epoch 324, Batch 1000/1000: LR=9.38e-05, Loss=2.43e-03 BER=9.72e-04 FER=1.78e-02
2025-10-21 16:13:10,259 | INFO | Epoch 324 Train Time 107.71400094032288s

2025-10-21 16:14:54,838 | INFO | Training epoch 325, Batch 1000/1000: LR=9.37e-05, Loss=2.41e-03 BER=9.43e-04 FER=1.71e-02
2025-10-21 16:14:54,905 | INFO | Epoch 325 Train Time 104.64559149742126s

2025-10-21 16:16:43,533 | INFO | Training epoch 326, Batch 1000/1000: LR=9.37e-05, Loss=2.45e-03 BER=9.59e-04 FER=1.76e-02
2025-10-21 16:16:43,585 | INFO | Epoch 326 Train Time 108.67890906333923s

2025-10-21 16:18:27,476 | INFO | Training epoch 327, Batch 1000/1000: LR=9.37e-05, Loss=2.52e-03 BER=9.97e-04 FER=1.82e-02
2025-10-21 16:18:27,547 | INFO | Epoch 327 Train Time 103.96086168289185s

2025-10-21 16:20:10,509 | INFO | Training epoch 328, Batch 1000/1000: LR=9.36e-05, Loss=2.43e-03 BER=9.51e-04 FER=1.75e-02
2025-10-21 16:20:10,554 | INFO | Epoch 328 Train Time 103.0049684047699s

2025-10-21 16:21:51,474 | INFO | Training epoch 329, Batch 1000/1000: LR=9.36e-05, Loss=2.43e-03 BER=9.57e-04 FER=1.77e-02
2025-10-21 16:21:51,543 | INFO | Epoch 329 Train Time 100.98739266395569s

2025-10-21 16:23:33,732 | INFO | Training epoch 330, Batch 1000/1000: LR=9.35e-05, Loss=2.36e-03 BER=9.29e-04 FER=1.74e-02
2025-10-21 16:23:33,774 | INFO | Epoch 330 Train Time 102.22938013076782s

2025-10-21 16:25:10,460 | INFO | Training epoch 331, Batch 1000/1000: LR=9.35e-05, Loss=2.41e-03 BER=9.54e-04 FER=1.79e-02
2025-10-21 16:25:10,504 | INFO | Epoch 331 Train Time 96.72888517379761s

2025-10-21 16:26:55,614 | INFO | Training epoch 332, Batch 1000/1000: LR=9.35e-05, Loss=2.48e-03 BER=9.86e-04 FER=1.76e-02
2025-10-21 16:26:55,675 | INFO | Epoch 332 Train Time 105.16896867752075s

2025-10-21 16:28:32,928 | INFO | Training epoch 333, Batch 1000/1000: LR=9.34e-05, Loss=2.40e-03 BER=9.39e-04 FER=1.76e-02
2025-10-21 16:28:32,989 | INFO | Epoch 333 Train Time 97.31372570991516s

2025-10-21 16:30:16,579 | INFO | Training epoch 334, Batch 1000/1000: LR=9.34e-05, Loss=2.46e-03 BER=9.70e-04 FER=1.79e-02
2025-10-21 16:30:16,648 | INFO | Epoch 334 Train Time 103.6579704284668s

2025-10-21 16:32:00,549 | INFO | Training epoch 335, Batch 1000/1000: LR=9.33e-05, Loss=2.35e-03 BER=9.24e-04 FER=1.70e-02
2025-10-21 16:32:00,603 | INFO | Epoch 335 Train Time 103.95370411872864s

2025-10-21 16:33:43,448 | INFO | Training epoch 336, Batch 1000/1000: LR=9.33e-05, Loss=2.46e-03 BER=9.81e-04 FER=1.81e-02
2025-10-21 16:33:43,496 | INFO | Epoch 336 Train Time 102.89173603057861s

2025-10-21 16:35:24,453 | INFO | Training epoch 337, Batch 1000/1000: LR=9.33e-05, Loss=2.36e-03 BER=9.36e-04 FER=1.72e-02
2025-10-21 16:35:24,506 | INFO | Epoch 337 Train Time 101.0091700553894s

2025-10-21 16:37:08,534 | INFO | Training epoch 338, Batch 1000/1000: LR=9.32e-05, Loss=2.45e-03 BER=9.58e-04 FER=1.76e-02
2025-10-21 16:37:08,582 | INFO | Epoch 338 Train Time 104.0748040676117s

2025-10-21 16:38:42,976 | INFO | Training epoch 339, Batch 1000/1000: LR=9.32e-05, Loss=2.47e-03 BER=9.69e-04 FER=1.79e-02
2025-10-21 16:38:43,031 | INFO | Epoch 339 Train Time 94.44759035110474s

2025-10-21 16:40:23,773 | INFO | Training epoch 340, Batch 1000/1000: LR=9.31e-05, Loss=2.37e-03 BER=9.46e-04 FER=1.72e-02
2025-10-21 16:40:23,839 | INFO | Epoch 340 Train Time 100.80631303787231s

2025-10-21 16:42:08,017 | INFO | Training epoch 341, Batch 1000/1000: LR=9.31e-05, Loss=2.45e-03 BER=9.71e-04 FER=1.77e-02
2025-10-21 16:42:08,072 | INFO | Epoch 341 Train Time 104.22950983047485s

2025-10-21 16:43:55,310 | INFO | Training epoch 342, Batch 1000/1000: LR=9.31e-05, Loss=2.41e-03 BER=9.47e-04 FER=1.73e-02
2025-10-21 16:43:55,358 | INFO | Epoch 342 Train Time 107.28484797477722s

2025-10-21 16:45:36,980 | INFO | Training epoch 343, Batch 1000/1000: LR=9.30e-05, Loss=2.34e-03 BER=9.21e-04 FER=1.71e-02
2025-10-21 16:45:37,037 | INFO | Epoch 343 Train Time 101.6775267124176s

2025-10-21 16:47:17,440 | INFO | Training epoch 344, Batch 1000/1000: LR=9.30e-05, Loss=2.43e-03 BER=9.65e-04 FER=1.74e-02
2025-10-21 16:47:17,485 | INFO | Epoch 344 Train Time 100.4471492767334s

2025-10-21 16:48:54,913 | INFO | Training epoch 345, Batch 1000/1000: LR=9.29e-05, Loss=2.40e-03 BER=9.44e-04 FER=1.75e-02
2025-10-21 16:48:54,966 | INFO | Epoch 345 Train Time 97.47924590110779s

2025-10-21 16:50:44,506 | INFO | Training epoch 346, Batch 1000/1000: LR=9.29e-05, Loss=2.32e-03 BER=9.09e-04 FER=1.69e-02
2025-10-21 16:50:44,568 | INFO | Epoch 346 Train Time 109.6013457775116s

2025-10-21 16:52:24,521 | INFO | Training epoch 347, Batch 1000/1000: LR=9.29e-05, Loss=2.32e-03 BER=9.21e-04 FER=1.70e-02
2025-10-21 16:52:24,567 | INFO | Epoch 347 Train Time 99.99814462661743s

2025-10-21 16:54:09,595 | INFO | Training epoch 348, Batch 1000/1000: LR=9.28e-05, Loss=2.48e-03 BER=9.85e-04 FER=1.81e-02
2025-10-21 16:54:09,640 | INFO | Epoch 348 Train Time 105.07167267799377s

2025-10-21 16:55:52,492 | INFO | Training epoch 349, Batch 1000/1000: LR=9.28e-05, Loss=2.38e-03 BER=9.37e-04 FER=1.75e-02
2025-10-21 16:55:52,556 | INFO | Epoch 349 Train Time 102.91444563865662s

2025-10-21 16:57:41,190 | INFO | Training epoch 350, Batch 1000/1000: LR=9.27e-05, Loss=2.48e-03 BER=9.72e-04 FER=1.79e-02
2025-10-21 16:57:41,243 | INFO | Epoch 350 Train Time 108.68559885025024s

2025-10-21 16:59:26,095 | INFO | Training epoch 351, Batch 1000/1000: LR=9.27e-05, Loss=2.36e-03 BER=9.36e-04 FER=1.73e-02
2025-10-21 16:59:26,155 | INFO | Epoch 351 Train Time 104.9112594127655s

2025-10-21 17:01:03,972 | INFO | Training epoch 352, Batch 1000/1000: LR=9.27e-05, Loss=2.36e-03 BER=9.38e-04 FER=1.73e-02
2025-10-21 17:01:04,031 | INFO | Epoch 352 Train Time 97.87454581260681s

2025-10-21 17:02:51,516 | INFO | Training epoch 353, Batch 1000/1000: LR=9.26e-05, Loss=2.39e-03 BER=9.49e-04 FER=1.76e-02
2025-10-21 17:02:51,566 | INFO | Epoch 353 Train Time 107.5339183807373s

2025-10-21 17:04:32,692 | INFO | Training epoch 354, Batch 1000/1000: LR=9.26e-05, Loss=2.38e-03 BER=9.31e-04 FER=1.70e-02
2025-10-21 17:04:32,756 | INFO | Epoch 354 Train Time 101.18890452384949s

2025-10-21 17:06:14,389 | INFO | Training epoch 355, Batch 1000/1000: LR=9.25e-05, Loss=2.42e-03 BER=9.65e-04 FER=1.75e-02
2025-10-21 17:06:14,449 | INFO | Epoch 355 Train Time 101.69193410873413s

2025-10-21 17:07:55,292 | INFO | Training epoch 356, Batch 1000/1000: LR=9.25e-05, Loss=2.41e-03 BER=9.54e-04 FER=1.73e-02
2025-10-21 17:07:55,349 | INFO | Epoch 356 Train Time 100.89961791038513s

2025-10-21 17:09:41,357 | INFO | Training epoch 357, Batch 1000/1000: LR=9.25e-05, Loss=2.37e-03 BER=9.44e-04 FER=1.71e-02
2025-10-21 17:09:41,414 | INFO | Epoch 357 Train Time 106.06323146820068s

2025-10-21 17:11:22,783 | INFO | Training epoch 358, Batch 1000/1000: LR=9.24e-05, Loss=2.42e-03 BER=9.64e-04 FER=1.77e-02
2025-10-21 17:11:22,835 | INFO | Epoch 358 Train Time 101.41983652114868s

2025-10-21 17:13:05,827 | INFO | Training epoch 359, Batch 1000/1000: LR=9.24e-05, Loss=2.41e-03 BER=9.53e-04 FER=1.76e-02
2025-10-21 17:13:05,880 | INFO | Epoch 359 Train Time 103.04419159889221s

2025-10-21 17:14:49,333 | INFO | Training epoch 360, Batch 1000/1000: LR=9.23e-05, Loss=2.34e-03 BER=9.14e-04 FER=1.69e-02
2025-10-21 17:14:49,387 | INFO | Epoch 360 Train Time 103.50500202178955s

2025-10-21 17:16:29,570 | INFO | Training epoch 361, Batch 1000/1000: LR=9.23e-05, Loss=2.40e-03 BER=9.41e-04 FER=1.74e-02
2025-10-21 17:16:29,621 | INFO | Epoch 361 Train Time 100.23339343070984s

2025-10-21 17:18:14,255 | INFO | Training epoch 362, Batch 1000/1000: LR=9.23e-05, Loss=2.41e-03 BER=9.54e-04 FER=1.73e-02
2025-10-21 17:18:14,291 | INFO | Epoch 362 Train Time 104.66887879371643s

2025-10-21 17:19:57,883 | INFO | Training epoch 363, Batch 1000/1000: LR=9.22e-05, Loss=2.40e-03 BER=9.53e-04 FER=1.74e-02
2025-10-21 17:19:57,938 | INFO | Epoch 363 Train Time 103.64563345909119s

2025-10-21 17:21:32,902 | INFO | Training epoch 364, Batch 1000/1000: LR=9.22e-05, Loss=2.37e-03 BER=9.39e-04 FER=1.70e-02
2025-10-21 17:21:32,965 | INFO | Epoch 364 Train Time 95.02584671974182s

2025-10-21 17:23:15,394 | INFO | Training epoch 365, Batch 1000/1000: LR=9.21e-05, Loss=2.29e-03 BER=9.07e-04 FER=1.68e-02
2025-10-21 17:23:15,453 | INFO | Epoch 365 Train Time 102.48730945587158s

2025-10-21 17:25:00,460 | INFO | Training epoch 366, Batch 1000/1000: LR=9.21e-05, Loss=2.45e-03 BER=9.70e-04 FER=1.76e-02
2025-10-21 17:25:00,515 | INFO | Epoch 366 Train Time 105.06004667282104s

2025-10-21 17:26:45,814 | INFO | Training epoch 367, Batch 1000/1000: LR=9.20e-05, Loss=2.33e-03 BER=9.23e-04 FER=1.70e-02
2025-10-21 17:26:45,875 | INFO | Epoch 367 Train Time 105.35848259925842s

2025-10-21 17:28:26,772 | INFO | Training epoch 368, Batch 1000/1000: LR=9.20e-05, Loss=2.34e-03 BER=9.28e-04 FER=1.70e-02
2025-10-21 17:28:26,831 | INFO | Epoch 368 Train Time 100.95442843437195s

2025-10-21 17:30:12,111 | INFO | Training epoch 369, Batch 1000/1000: LR=9.20e-05, Loss=2.36e-03 BER=9.39e-04 FER=1.76e-02
2025-10-21 17:30:12,163 | INFO | Epoch 369 Train Time 105.32969117164612s

2025-10-21 17:32:04,273 | INFO | Training epoch 370, Batch 1000/1000: LR=9.19e-05, Loss=2.38e-03 BER=9.48e-04 FER=1.69e-02
2025-10-21 17:32:04,322 | INFO | Epoch 370 Train Time 112.15593719482422s

2025-10-21 17:33:47,823 | INFO | Training epoch 371, Batch 1000/1000: LR=9.19e-05, Loss=2.33e-03 BER=9.18e-04 FER=1.68e-02
2025-10-21 17:33:47,868 | INFO | Epoch 371 Train Time 103.54534721374512s

2025-10-21 17:35:38,705 | INFO | Training epoch 372, Batch 1000/1000: LR=9.18e-05, Loss=2.41e-03 BER=9.41e-04 FER=1.73e-02
2025-10-21 17:35:38,764 | INFO | Epoch 372 Train Time 110.89466500282288s

2025-10-21 17:37:28,799 | INFO | Training epoch 373, Batch 1000/1000: LR=9.18e-05, Loss=2.37e-03 BER=9.38e-04 FER=1.73e-02
2025-10-21 17:37:28,855 | INFO | Epoch 373 Train Time 110.08939719200134s

2025-10-21 17:39:14,368 | INFO | Training epoch 374, Batch 1000/1000: LR=9.17e-05, Loss=2.32e-03 BER=9.16e-04 FER=1.67e-02
2025-10-21 17:39:14,430 | INFO | Epoch 374 Train Time 105.57357573509216s

2025-10-21 17:41:07,898 | INFO | Training epoch 375, Batch 1000/1000: LR=9.17e-05, Loss=2.48e-03 BER=9.88e-04 FER=1.77e-02
2025-10-21 17:41:07,954 | INFO | Epoch 375 Train Time 113.52244353294373s

2025-10-21 17:42:53,700 | INFO | Training epoch 376, Batch 1000/1000: LR=9.17e-05, Loss=2.45e-03 BER=9.64e-04 FER=1.72e-02
2025-10-21 17:42:53,751 | INFO | Epoch 376 Train Time 105.79575037956238s

2025-10-21 17:44:32,227 | INFO | Training epoch 377, Batch 1000/1000: LR=9.16e-05, Loss=2.41e-03 BER=9.51e-04 FER=1.74e-02
2025-10-21 17:44:32,288 | INFO | Epoch 377 Train Time 98.53583455085754s

2025-10-21 17:46:13,273 | INFO | Training epoch 378, Batch 1000/1000: LR=9.16e-05, Loss=2.46e-03 BER=9.71e-04 FER=1.75e-02
2025-10-21 17:46:13,326 | INFO | Epoch 378 Train Time 101.03622388839722s

2025-10-21 17:47:48,316 | INFO | Training epoch 379, Batch 1000/1000: LR=9.15e-05, Loss=2.39e-03 BER=9.50e-04 FER=1.72e-02
2025-10-21 17:47:48,364 | INFO | Epoch 379 Train Time 95.03650999069214s

2025-10-21 17:49:32,714 | INFO | Training epoch 380, Batch 1000/1000: LR=9.15e-05, Loss=2.46e-03 BER=9.69e-04 FER=1.75e-02
2025-10-21 17:49:32,792 | INFO | Epoch 380 Train Time 104.42732262611389s

2025-10-21 17:51:13,006 | INFO | Training epoch 381, Batch 1000/1000: LR=9.14e-05, Loss=2.34e-03 BER=9.16e-04 FER=1.68e-02
2025-10-21 17:51:13,052 | INFO | Epoch 381 Train Time 100.25747871398926s

2025-10-21 17:52:59,976 | INFO | Training epoch 382, Batch 1000/1000: LR=9.14e-05, Loss=2.37e-03 BER=9.36e-04 FER=1.72e-02
2025-10-21 17:53:00,040 | INFO | Epoch 382 Train Time 106.98670291900635s

2025-10-21 17:54:38,977 | INFO | Training epoch 383, Batch 1000/1000: LR=9.14e-05, Loss=2.37e-03 BER=9.38e-04 FER=1.69e-02
2025-10-21 17:54:39,031 | INFO | Epoch 383 Train Time 98.98966717720032s

2025-10-21 17:56:22,696 | INFO | Training epoch 384, Batch 1000/1000: LR=9.13e-05, Loss=2.42e-03 BER=9.45e-04 FER=1.72e-02
2025-10-21 17:56:22,756 | INFO | Epoch 384 Train Time 103.72401452064514s

2025-10-21 17:58:07,660 | INFO | Training epoch 385, Batch 1000/1000: LR=9.13e-05, Loss=2.45e-03 BER=9.61e-04 FER=1.77e-02
2025-10-21 17:58:07,720 | INFO | Epoch 385 Train Time 104.96212339401245s

2025-10-21 17:59:45,461 | INFO | Training epoch 386, Batch 1000/1000: LR=9.12e-05, Loss=2.33e-03 BER=9.25e-04 FER=1.68e-02
2025-10-21 17:59:45,520 | INFO | Epoch 386 Train Time 97.79839634895325s

2025-10-21 18:01:28,929 | INFO | Training epoch 387, Batch 1000/1000: LR=9.12e-05, Loss=2.42e-03 BER=9.52e-04 FER=1.73e-02
2025-10-21 18:01:28,992 | INFO | Epoch 387 Train Time 103.47105240821838s

2025-10-21 18:03:18,828 | INFO | Training epoch 388, Batch 1000/1000: LR=9.11e-05, Loss=2.44e-03 BER=9.71e-04 FER=1.78e-02
2025-10-21 18:03:18,892 | INFO | Epoch 388 Train Time 109.89936351776123s

2025-10-21 18:05:04,991 | INFO | Training epoch 389, Batch 1000/1000: LR=9.11e-05, Loss=2.41e-03 BER=9.45e-04 FER=1.73e-02
2025-10-21 18:05:05,075 | INFO | Epoch 389 Train Time 106.1802625656128s

2025-10-21 18:06:43,356 | INFO | Training epoch 390, Batch 1000/1000: LR=9.10e-05, Loss=2.41e-03 BER=9.47e-04 FER=1.73e-02
2025-10-21 18:06:43,405 | INFO | Epoch 390 Train Time 98.32806396484375s

2025-10-21 18:08:18,024 | INFO | Training epoch 391, Batch 1000/1000: LR=9.10e-05, Loss=2.41e-03 BER=9.44e-04 FER=1.71e-02
2025-10-21 18:08:18,080 | INFO | Epoch 391 Train Time 94.67392802238464s

2025-10-21 18:09:54,418 | INFO | Training epoch 392, Batch 1000/1000: LR=9.10e-05, Loss=2.33e-03 BER=9.14e-04 FER=1.67e-02
2025-10-21 18:09:54,464 | INFO | Epoch 392 Train Time 96.38072419166565s

2025-10-21 18:11:33,541 | INFO | Training epoch 393, Batch 1000/1000: LR=9.09e-05, Loss=2.42e-03 BER=9.63e-04 FER=1.73e-02
2025-10-21 18:11:33,599 | INFO | Epoch 393 Train Time 99.1345899105072s

2025-10-21 18:13:10,724 | INFO | Training epoch 394, Batch 1000/1000: LR=9.09e-05, Loss=2.32e-03 BER=9.23e-04 FER=1.71e-02
2025-10-21 18:13:10,789 | INFO | Epoch 394 Train Time 97.18876552581787s

2025-10-21 18:14:53,059 | INFO | Training epoch 395, Batch 1000/1000: LR=9.08e-05, Loss=2.39e-03 BER=9.39e-04 FER=1.71e-02
2025-10-21 18:14:53,124 | INFO | Epoch 395 Train Time 102.33445310592651s

2025-10-21 18:16:38,147 | INFO | Training epoch 396, Batch 1000/1000: LR=9.08e-05, Loss=2.39e-03 BER=9.48e-04 FER=1.74e-02
2025-10-21 18:16:38,198 | INFO | Epoch 396 Train Time 105.07262372970581s

2025-10-21 18:18:20,701 | INFO | Training epoch 397, Batch 1000/1000: LR=9.07e-05, Loss=2.37e-03 BER=9.37e-04 FER=1.70e-02
2025-10-21 18:18:20,752 | INFO | Epoch 397 Train Time 102.5524492263794s

2025-10-21 18:19:59,911 | INFO | Training epoch 398, Batch 1000/1000: LR=9.07e-05, Loss=2.38e-03 BER=9.49e-04 FER=1.71e-02
2025-10-21 18:19:59,961 | INFO | Epoch 398 Train Time 99.20767116546631s

2025-10-21 18:21:45,638 | INFO | Training epoch 399, Batch 1000/1000: LR=9.06e-05, Loss=2.27e-03 BER=8.91e-04 FER=1.64e-02
2025-10-21 18:21:45,709 | INFO | Epoch 399 Train Time 105.74683284759521s

2025-10-21 18:23:28,655 | INFO | Training epoch 400, Batch 1000/1000: LR=9.06e-05, Loss=2.41e-03 BER=9.51e-04 FER=1.74e-02
2025-10-21 18:23:28,706 | INFO | Epoch 400 Train Time 102.99587869644165s

2025-10-21 18:25:10,061 | INFO | Training epoch 401, Batch 1000/1000: LR=9.05e-05, Loss=2.41e-03 BER=9.53e-04 FER=1.73e-02
2025-10-21 18:25:10,118 | INFO | Epoch 401 Train Time 101.41126346588135s

2025-10-21 18:26:52,209 | INFO | Training epoch 402, Batch 1000/1000: LR=9.05e-05, Loss=2.52e-03 BER=9.92e-04 FER=1.79e-02
2025-10-21 18:26:52,269 | INFO | Epoch 402 Train Time 102.14906334877014s

2025-10-21 18:28:30,540 | INFO | Training epoch 403, Batch 1000/1000: LR=9.05e-05, Loss=2.35e-03 BER=9.27e-04 FER=1.70e-02
2025-10-21 18:28:30,601 | INFO | Epoch 403 Train Time 98.33154273033142s

2025-10-21 18:30:07,005 | INFO | Training epoch 404, Batch 1000/1000: LR=9.04e-05, Loss=2.49e-03 BER=9.86e-04 FER=1.79e-02
2025-10-21 18:30:07,049 | INFO | Epoch 404 Train Time 96.44610691070557s

2025-10-21 18:31:48,243 | INFO | Training epoch 405, Batch 1000/1000: LR=9.04e-05, Loss=2.29e-03 BER=8.99e-04 FER=1.66e-02
2025-10-21 18:31:48,300 | INFO | Epoch 405 Train Time 101.24919700622559s

2025-10-21 18:33:41,082 | INFO | Training epoch 406, Batch 1000/1000: LR=9.03e-05, Loss=2.20e-03 BER=8.70e-04 FER=1.60e-02
2025-10-21 18:33:41,135 | INFO | Epoch 406 Train Time 112.83383083343506s

2025-10-21 18:33:41,135 | INFO | [P2] saving best_model (QAT) with loss 0.002203 at epoch 406
2025-10-21 18:35:21,533 | INFO | Training epoch 407, Batch 1000/1000: LR=9.03e-05, Loss=2.34e-03 BER=9.27e-04 FER=1.69e-02
2025-10-21 18:35:21,587 | INFO | Epoch 407 Train Time 100.36471247673035s

2025-10-21 18:37:10,443 | INFO | Training epoch 408, Batch 1000/1000: LR=9.02e-05, Loss=2.43e-03 BER=9.55e-04 FER=1.76e-02
2025-10-21 18:37:10,505 | INFO | Epoch 408 Train Time 108.91685461997986s

2025-10-21 18:38:55,289 | INFO | Training epoch 409, Batch 1000/1000: LR=9.02e-05, Loss=2.38e-03 BER=9.44e-04 FER=1.73e-02
2025-10-21 18:38:55,336 | INFO | Epoch 409 Train Time 104.83057308197021s

2025-10-21 18:40:34,682 | INFO | Training epoch 410, Batch 1000/1000: LR=9.01e-05, Loss=2.31e-03 BER=9.07e-04 FER=1.69e-02
2025-10-21 18:40:34,745 | INFO | Epoch 410 Train Time 99.40715193748474s

2025-10-21 18:42:10,864 | INFO | Training epoch 411, Batch 1000/1000: LR=9.01e-05, Loss=2.39e-03 BER=9.49e-04 FER=1.70e-02
2025-10-21 18:42:10,928 | INFO | Epoch 411 Train Time 96.18188548088074s

2025-10-21 18:43:51,206 | INFO | Training epoch 412, Batch 1000/1000: LR=9.00e-05, Loss=2.30e-03 BER=9.17e-04 FER=1.68e-02
2025-10-21 18:43:51,259 | INFO | Epoch 412 Train Time 100.33008074760437s

2025-10-21 18:45:29,341 | INFO | Training epoch 413, Batch 1000/1000: LR=9.00e-05, Loss=2.35e-03 BER=9.30e-04 FER=1.68e-02
2025-10-21 18:45:29,382 | INFO | Epoch 413 Train Time 98.1217393875122s

2025-10-21 18:47:13,599 | INFO | Training epoch 414, Batch 1000/1000: LR=8.99e-05, Loss=2.39e-03 BER=9.47e-04 FER=1.69e-02
2025-10-21 18:47:13,653 | INFO | Epoch 414 Train Time 104.26837086677551s

2025-10-21 18:49:00,004 | INFO | Training epoch 415, Batch 1000/1000: LR=8.99e-05, Loss=2.40e-03 BER=9.56e-04 FER=1.75e-02
2025-10-21 18:49:00,053 | INFO | Epoch 415 Train Time 106.39862275123596s

2025-10-21 18:50:48,757 | INFO | Training epoch 416, Batch 1000/1000: LR=8.98e-05, Loss=2.47e-03 BER=9.80e-04 FER=1.76e-02
2025-10-21 18:50:48,815 | INFO | Epoch 416 Train Time 108.76130676269531s

2025-10-21 18:52:25,868 | INFO | Training epoch 417, Batch 1000/1000: LR=8.98e-05, Loss=2.34e-03 BER=9.25e-04 FER=1.70e-02
2025-10-21 18:52:25,930 | INFO | Epoch 417 Train Time 97.11296391487122s

2025-10-21 18:54:07,086 | INFO | Training epoch 418, Batch 1000/1000: LR=8.98e-05, Loss=2.29e-03 BER=9.07e-04 FER=1.67e-02
2025-10-21 18:54:07,137 | INFO | Epoch 418 Train Time 101.20645761489868s

2025-10-21 18:55:48,696 | INFO | Training epoch 419, Batch 1000/1000: LR=8.97e-05, Loss=2.35e-03 BER=9.26e-04 FER=1.74e-02
2025-10-21 18:55:48,740 | INFO | Epoch 419 Train Time 101.60056757926941s

2025-10-21 18:57:42,564 | INFO | Training epoch 420, Batch 1000/1000: LR=8.97e-05, Loss=2.31e-03 BER=9.04e-04 FER=1.67e-02
2025-10-21 18:57:42,621 | INFO | Epoch 420 Train Time 113.87993025779724s

2025-10-21 18:59:17,633 | INFO | Training epoch 421, Batch 1000/1000: LR=8.96e-05, Loss=2.25e-03 BER=8.90e-04 FER=1.66e-02
2025-10-21 18:59:17,700 | INFO | Epoch 421 Train Time 95.0777359008789s

2025-10-21 19:00:58,598 | INFO | Training epoch 422, Batch 1000/1000: LR=8.96e-05, Loss=2.42e-03 BER=9.56e-04 FER=1.79e-02
2025-10-21 19:00:58,654 | INFO | Epoch 422 Train Time 100.95252680778503s

2025-10-21 19:02:38,301 | INFO | Training epoch 423, Batch 1000/1000: LR=8.95e-05, Loss=2.45e-03 BER=9.75e-04 FER=1.77e-02
2025-10-21 19:02:38,386 | INFO | Epoch 423 Train Time 99.73003196716309s

2025-10-21 19:04:18,089 | INFO | Training epoch 424, Batch 1000/1000: LR=8.95e-05, Loss=2.34e-03 BER=9.21e-04 FER=1.70e-02
2025-10-21 19:04:18,139 | INFO | Epoch 424 Train Time 99.75286865234375s

2025-10-21 19:06:00,400 | INFO | Training epoch 425, Batch 1000/1000: LR=8.94e-05, Loss=2.38e-03 BER=9.29e-04 FER=1.70e-02
2025-10-21 19:06:00,436 | INFO | Epoch 425 Train Time 102.2952311038971s

2025-10-21 19:07:46,931 | INFO | Training epoch 426, Batch 1000/1000: LR=8.94e-05, Loss=2.44e-03 BER=9.62e-04 FER=1.76e-02
2025-10-21 19:07:46,990 | INFO | Epoch 426 Train Time 106.55277442932129s

2025-10-21 19:09:34,618 | INFO | Training epoch 427, Batch 1000/1000: LR=8.93e-05, Loss=2.42e-03 BER=9.62e-04 FER=1.75e-02
2025-10-21 19:09:34,683 | INFO | Epoch 427 Train Time 107.6919276714325s

2025-10-21 19:11:12,038 | INFO | Training epoch 428, Batch 1000/1000: LR=8.93e-05, Loss=2.34e-03 BER=9.18e-04 FER=1.70e-02
2025-10-21 19:11:12,092 | INFO | Epoch 428 Train Time 97.40758514404297s

2025-10-21 19:12:52,114 | INFO | Training epoch 429, Batch 1000/1000: LR=8.92e-05, Loss=2.28e-03 BER=8.93e-04 FER=1.65e-02
2025-10-21 19:12:52,164 | INFO | Epoch 429 Train Time 100.07033109664917s

2025-10-21 19:14:33,952 | INFO | Training epoch 430, Batch 1000/1000: LR=8.92e-05, Loss=2.38e-03 BER=9.37e-04 FER=1.70e-02
2025-10-21 19:14:34,021 | INFO | Epoch 430 Train Time 101.85605692863464s

2025-10-21 19:16:14,869 | INFO | Training epoch 431, Batch 1000/1000: LR=8.91e-05, Loss=2.25e-03 BER=9.02e-04 FER=1.66e-02
2025-10-21 19:16:14,924 | INFO | Epoch 431 Train Time 100.90208911895752s

2025-10-21 19:17:59,284 | INFO | Training epoch 432, Batch 1000/1000: LR=8.91e-05, Loss=2.44e-03 BER=9.59e-04 FER=1.78e-02
2025-10-21 19:17:59,333 | INFO | Epoch 432 Train Time 104.40697622299194s

2025-10-21 19:19:46,241 | INFO | Training epoch 433, Batch 1000/1000: LR=8.90e-05, Loss=2.40e-03 BER=9.57e-04 FER=1.71e-02
2025-10-21 19:19:46,302 | INFO | Epoch 433 Train Time 106.96797204017639s

2025-10-21 19:21:28,495 | INFO | Training epoch 434, Batch 1000/1000: LR=8.90e-05, Loss=2.38e-03 BER=9.42e-04 FER=1.72e-02
2025-10-21 19:21:28,564 | INFO | Epoch 434 Train Time 102.26037406921387s

2025-10-21 19:23:06,154 | INFO | Training epoch 435, Batch 1000/1000: LR=8.89e-05, Loss=2.37e-03 BER=9.45e-04 FER=1.73e-02
2025-10-21 19:23:06,205 | INFO | Epoch 435 Train Time 97.64059710502625s

2025-10-21 19:24:44,979 | INFO | Training epoch 436, Batch 1000/1000: LR=8.89e-05, Loss=2.33e-03 BER=9.11e-04 FER=1.68e-02
2025-10-21 19:24:45,030 | INFO | Epoch 436 Train Time 98.82350945472717s

2025-10-21 19:26:17,093 | INFO | Training epoch 437, Batch 1000/1000: LR=8.88e-05, Loss=2.38e-03 BER=9.34e-04 FER=1.71e-02
2025-10-21 19:26:17,148 | INFO | Epoch 437 Train Time 92.11571955680847s

2025-10-21 19:28:01,617 | INFO | Training epoch 438, Batch 1000/1000: LR=8.88e-05, Loss=2.37e-03 BER=9.32e-04 FER=1.72e-02
2025-10-21 19:28:01,683 | INFO | Epoch 438 Train Time 104.5338671207428s

2025-10-21 19:29:46,550 | INFO | Training epoch 439, Batch 1000/1000: LR=8.87e-05, Loss=2.43e-03 BER=9.56e-04 FER=1.77e-02
2025-10-21 19:29:46,616 | INFO | Epoch 439 Train Time 104.93282628059387s

2025-10-21 19:31:28,592 | INFO | Training epoch 440, Batch 1000/1000: LR=8.87e-05, Loss=2.32e-03 BER=9.19e-04 FER=1.67e-02
2025-10-21 19:31:28,645 | INFO | Epoch 440 Train Time 102.02603197097778s

2025-10-21 19:33:10,710 | INFO | Training epoch 441, Batch 1000/1000: LR=8.86e-05, Loss=2.40e-03 BER=9.48e-04 FER=1.74e-02
2025-10-21 19:33:10,747 | INFO | Epoch 441 Train Time 102.1016480922699s

2025-10-21 19:34:55,722 | INFO | Training epoch 442, Batch 1000/1000: LR=8.86e-05, Loss=2.30e-03 BER=9.09e-04 FER=1.66e-02
2025-10-21 19:34:55,772 | INFO | Epoch 442 Train Time 105.02415037155151s

2025-10-21 19:36:37,998 | INFO | Training epoch 443, Batch 1000/1000: LR=8.85e-05, Loss=2.34e-03 BER=9.10e-04 FER=1.66e-02
2025-10-21 19:36:38,065 | INFO | Epoch 443 Train Time 102.29085183143616s

2025-10-21 19:38:23,160 | INFO | Training epoch 444, Batch 1000/1000: LR=8.85e-05, Loss=2.34e-03 BER=9.20e-04 FER=1.68e-02
2025-10-21 19:38:23,230 | INFO | Epoch 444 Train Time 105.16373443603516s

2025-10-21 19:40:05,277 | INFO | Training epoch 445, Batch 1000/1000: LR=8.84e-05, Loss=2.40e-03 BER=9.39e-04 FER=1.73e-02
2025-10-21 19:40:05,329 | INFO | Epoch 445 Train Time 102.09758639335632s

2025-10-21 19:41:54,166 | INFO | Training epoch 446, Batch 1000/1000: LR=8.84e-05, Loss=2.43e-03 BER=9.64e-04 FER=1.73e-02
2025-10-21 19:41:54,202 | INFO | Epoch 446 Train Time 108.8721399307251s

2025-10-21 19:43:40,221 | INFO | Training epoch 447, Batch 1000/1000: LR=8.83e-05, Loss=2.42e-03 BER=9.55e-04 FER=1.70e-02
2025-10-21 19:43:40,266 | INFO | Epoch 447 Train Time 106.06268239021301s

2025-10-21 19:45:19,483 | INFO | Training epoch 448, Batch 1000/1000: LR=8.83e-05, Loss=2.37e-03 BER=9.39e-04 FER=1.70e-02
2025-10-21 19:45:19,535 | INFO | Epoch 448 Train Time 99.26791977882385s

2025-10-21 19:47:05,474 | INFO | Training epoch 449, Batch 1000/1000: LR=8.82e-05, Loss=2.29e-03 BER=9.12e-04 FER=1.68e-02
2025-10-21 19:47:05,526 | INFO | Epoch 449 Train Time 105.98868894577026s

2025-10-21 19:48:44,495 | INFO | Training epoch 450, Batch 1000/1000: LR=8.82e-05, Loss=2.46e-03 BER=9.74e-04 FER=1.74e-02
2025-10-21 19:48:44,542 | INFO | Epoch 450 Train Time 99.01515626907349s

2025-10-21 19:50:29,440 | INFO | Training epoch 451, Batch 1000/1000: LR=8.81e-05, Loss=2.41e-03 BER=9.45e-04 FER=1.71e-02
2025-10-21 19:50:29,504 | INFO | Epoch 451 Train Time 104.96058297157288s

2025-10-21 19:52:09,406 | INFO | Training epoch 452, Batch 1000/1000: LR=8.81e-05, Loss=2.36e-03 BER=9.24e-04 FER=1.69e-02
2025-10-21 19:52:09,470 | INFO | Epoch 452 Train Time 99.96495699882507s

2025-10-21 19:53:46,022 | INFO | Training epoch 453, Batch 1000/1000: LR=8.80e-05, Loss=2.36e-03 BER=9.38e-04 FER=1.73e-02
2025-10-21 19:53:46,073 | INFO | Epoch 453 Train Time 96.60108852386475s

2025-10-21 19:55:23,681 | INFO | Training epoch 454, Batch 1000/1000: LR=8.80e-05, Loss=2.40e-03 BER=9.46e-04 FER=1.71e-02
2025-10-21 19:55:23,727 | INFO | Epoch 454 Train Time 97.65327143669128s

2025-10-21 19:57:02,360 | INFO | Training epoch 455, Batch 1000/1000: LR=8.79e-05, Loss=2.35e-03 BER=9.31e-04 FER=1.69e-02
2025-10-21 19:57:02,410 | INFO | Epoch 455 Train Time 98.68156433105469s

2025-10-21 19:58:46,277 | INFO | Training epoch 456, Batch 1000/1000: LR=8.79e-05, Loss=2.39e-03 BER=9.45e-04 FER=1.72e-02
2025-10-21 19:58:46,346 | INFO | Epoch 456 Train Time 103.93575525283813s

2025-10-21 20:00:30,662 | INFO | Training epoch 457, Batch 1000/1000: LR=8.78e-05, Loss=2.46e-03 BER=9.61e-04 FER=1.79e-02
2025-10-21 20:00:30,703 | INFO | Epoch 457 Train Time 104.35517597198486s

2025-10-21 20:02:06,505 | INFO | Training epoch 458, Batch 1000/1000: LR=8.78e-05, Loss=2.39e-03 BER=9.25e-04 FER=1.67e-02
2025-10-21 20:02:06,567 | INFO | Epoch 458 Train Time 95.86274933815002s

2025-10-21 20:03:52,808 | INFO | Training epoch 459, Batch 1000/1000: LR=8.77e-05, Loss=2.47e-03 BER=9.70e-04 FER=1.77e-02
2025-10-21 20:03:52,859 | INFO | Epoch 459 Train Time 106.29058170318604s

2025-10-21 20:05:43,974 | INFO | Training epoch 460, Batch 1000/1000: LR=8.77e-05, Loss=2.35e-03 BER=9.25e-04 FER=1.68e-02
2025-10-21 20:05:44,024 | INFO | Epoch 460 Train Time 111.16408848762512s

2025-10-21 20:07:37,959 | INFO | Training epoch 461, Batch 1000/1000: LR=8.76e-05, Loss=2.47e-03 BER=9.71e-04 FER=1.76e-02
2025-10-21 20:07:38,023 | INFO | Epoch 461 Train Time 113.99711680412292s

2025-10-21 20:09:30,295 | INFO | Training epoch 462, Batch 1000/1000: LR=8.76e-05, Loss=2.28e-03 BER=9.03e-04 FER=1.67e-02
2025-10-21 20:09:30,352 | INFO | Epoch 462 Train Time 112.32809114456177s

2025-10-21 20:11:24,455 | INFO | Training epoch 463, Batch 1000/1000: LR=8.75e-05, Loss=2.43e-03 BER=9.59e-04 FER=1.76e-02
2025-10-21 20:11:24,506 | INFO | Epoch 463 Train Time 114.15238904953003s

2025-10-21 20:13:14,785 | INFO | Training epoch 464, Batch 1000/1000: LR=8.75e-05, Loss=2.40e-03 BER=9.49e-04 FER=1.72e-02
2025-10-21 20:13:14,835 | INFO | Epoch 464 Train Time 110.32773184776306s

2025-10-21 20:14:53,195 | INFO | Training epoch 465, Batch 1000/1000: LR=8.74e-05, Loss=2.37e-03 BER=9.50e-04 FER=1.74e-02
2025-10-21 20:14:53,246 | INFO | Epoch 465 Train Time 98.40972661972046s

2025-10-21 20:16:37,004 | INFO | Training epoch 466, Batch 1000/1000: LR=8.74e-05, Loss=2.35e-03 BER=9.15e-04 FER=1.69e-02
2025-10-21 20:16:37,055 | INFO | Epoch 466 Train Time 103.80741381645203s

2025-10-21 20:18:19,489 | INFO | Training epoch 467, Batch 1000/1000: LR=8.73e-05, Loss=2.37e-03 BER=9.39e-04 FER=1.67e-02
2025-10-21 20:18:19,544 | INFO | Epoch 467 Train Time 102.4880268573761s

2025-10-21 20:19:58,472 | INFO | Training epoch 468, Batch 1000/1000: LR=8.73e-05, Loss=2.33e-03 BER=9.19e-04 FER=1.66e-02
2025-10-21 20:19:58,541 | INFO | Epoch 468 Train Time 98.99528789520264s

2025-10-21 20:21:44,468 | INFO | Training epoch 469, Batch 1000/1000: LR=8.72e-05, Loss=2.40e-03 BER=9.50e-04 FER=1.72e-02
2025-10-21 20:21:44,533 | INFO | Epoch 469 Train Time 105.99118542671204s

2025-10-21 20:23:26,733 | INFO | Training epoch 470, Batch 1000/1000: LR=8.72e-05, Loss=2.32e-03 BER=9.19e-04 FER=1.68e-02
2025-10-21 20:23:26,785 | INFO | Epoch 470 Train Time 102.24918270111084s

2025-10-21 20:25:04,970 | INFO | Training epoch 471, Batch 1000/1000: LR=8.71e-05, Loss=2.34e-03 BER=9.35e-04 FER=1.67e-02
2025-10-21 20:25:05,034 | INFO | Epoch 471 Train Time 98.24864673614502s

2025-10-21 20:26:46,562 | INFO | Training epoch 472, Batch 1000/1000: LR=8.71e-05, Loss=2.38e-03 BER=9.37e-04 FER=1.70e-02
2025-10-21 20:26:46,611 | INFO | Epoch 472 Train Time 101.5757896900177s

2025-10-21 20:28:23,210 | INFO | Training epoch 473, Batch 1000/1000: LR=8.70e-05, Loss=2.29e-03 BER=9.04e-04 FER=1.65e-02
2025-10-21 20:28:23,274 | INFO | Epoch 473 Train Time 96.66151070594788s

2025-10-21 20:30:04,958 | INFO | Training epoch 474, Batch 1000/1000: LR=8.70e-05, Loss=2.42e-03 BER=9.54e-04 FER=1.74e-02
2025-10-21 20:30:05,009 | INFO | Epoch 474 Train Time 101.73428440093994s

2025-10-21 20:31:44,594 | INFO | Training epoch 475, Batch 1000/1000: LR=8.69e-05, Loss=2.29e-03 BER=9.08e-04 FER=1.64e-02
2025-10-21 20:31:44,640 | INFO | Epoch 475 Train Time 99.62941980361938s

2025-10-21 20:33:20,807 | INFO | Training epoch 476, Batch 1000/1000: LR=8.68e-05, Loss=2.29e-03 BER=9.07e-04 FER=1.67e-02
2025-10-21 20:33:20,856 | INFO | Epoch 476 Train Time 96.21402835845947s

2025-10-21 20:35:00,668 | INFO | Training epoch 477, Batch 1000/1000: LR=8.68e-05, Loss=2.49e-03 BER=9.78e-04 FER=1.80e-02
2025-10-21 20:35:00,735 | INFO | Epoch 477 Train Time 99.87854266166687s

2025-10-21 20:36:39,815 | INFO | Training epoch 478, Batch 1000/1000: LR=8.67e-05, Loss=2.42e-03 BER=9.64e-04 FER=1.74e-02
2025-10-21 20:36:39,864 | INFO | Epoch 478 Train Time 99.12718749046326s

2025-10-21 20:38:20,312 | INFO | Training epoch 479, Batch 1000/1000: LR=8.67e-05, Loss=2.38e-03 BER=9.40e-04 FER=1.70e-02
2025-10-21 20:38:20,366 | INFO | Epoch 479 Train Time 100.50096583366394s

2025-10-21 20:40:04,615 | INFO | Training epoch 480, Batch 1000/1000: LR=8.66e-05, Loss=2.33e-03 BER=9.32e-04 FER=1.71e-02
2025-10-21 20:40:04,677 | INFO | Epoch 480 Train Time 104.30964136123657s

2025-10-21 20:41:48,202 | INFO | Training epoch 481, Batch 1000/1000: LR=8.66e-05, Loss=2.41e-03 BER=9.45e-04 FER=1.74e-02
2025-10-21 20:41:48,275 | INFO | Epoch 481 Train Time 103.59702920913696s

2025-10-21 20:43:30,003 | INFO | Training epoch 482, Batch 1000/1000: LR=8.65e-05, Loss=2.30e-03 BER=9.03e-04 FER=1.69e-02
2025-10-21 20:43:30,066 | INFO | Epoch 482 Train Time 101.79012751579285s

2025-10-21 20:45:06,740 | INFO | Training epoch 483, Batch 1000/1000: LR=8.65e-05, Loss=2.31e-03 BER=9.16e-04 FER=1.67e-02
2025-10-21 20:45:06,806 | INFO | Epoch 483 Train Time 96.73825430870056s

2025-10-21 20:46:49,322 | INFO | Training epoch 484, Batch 1000/1000: LR=8.64e-05, Loss=2.35e-03 BER=9.28e-04 FER=1.69e-02
2025-10-21 20:46:49,371 | INFO | Epoch 484 Train Time 102.56426095962524s

2025-10-21 20:48:29,036 | INFO | Training epoch 485, Batch 1000/1000: LR=8.64e-05, Loss=2.36e-03 BER=9.23e-04 FER=1.69e-02
2025-10-21 20:48:29,099 | INFO | Epoch 485 Train Time 99.7267096042633s

2025-10-21 20:50:14,823 | INFO | Training epoch 486, Batch 1000/1000: LR=8.63e-05, Loss=2.37e-03 BER=9.28e-04 FER=1.69e-02
2025-10-21 20:50:14,871 | INFO | Epoch 486 Train Time 105.77075386047363s

2025-10-21 20:51:58,139 | INFO | Training epoch 487, Batch 1000/1000: LR=8.63e-05, Loss=2.41e-03 BER=9.42e-04 FER=1.75e-02
2025-10-21 20:51:58,201 | INFO | Epoch 487 Train Time 103.32862758636475s

2025-10-21 20:53:39,964 | INFO | Training epoch 488, Batch 1000/1000: LR=8.62e-05, Loss=2.44e-03 BER=9.59e-04 FER=1.84e-02
2025-10-21 20:53:40,023 | INFO | Epoch 488 Train Time 101.82108664512634s

2025-10-21 20:55:19,626 | INFO | Training epoch 489, Batch 1000/1000: LR=8.62e-05, Loss=2.29e-03 BER=9.08e-04 FER=1.66e-02
2025-10-21 20:55:19,671 | INFO | Epoch 489 Train Time 99.64592933654785s

2025-10-21 20:57:05,246 | INFO | Training epoch 490, Batch 1000/1000: LR=8.61e-05, Loss=2.44e-03 BER=9.56e-04 FER=1.74e-02
2025-10-21 20:57:05,302 | INFO | Epoch 490 Train Time 105.63107252120972s

2025-10-21 20:58:42,558 | INFO | Training epoch 491, Batch 1000/1000: LR=8.60e-05, Loss=2.28e-03 BER=9.20e-04 FER=1.67e-02
2025-10-21 20:58:42,615 | INFO | Epoch 491 Train Time 97.31216859817505s

2025-10-21 21:00:19,795 | INFO | Training epoch 492, Batch 1000/1000: LR=8.60e-05, Loss=2.26e-03 BER=8.99e-04 FER=1.65e-02
2025-10-21 21:00:19,845 | INFO | Epoch 492 Train Time 97.22874617576599s

2025-10-21 21:02:01,657 | INFO | Training epoch 493, Batch 1000/1000: LR=8.59e-05, Loss=2.32e-03 BER=9.27e-04 FER=1.68e-02
2025-10-21 21:02:01,717 | INFO | Epoch 493 Train Time 101.87065696716309s

2025-10-21 21:03:43,946 | INFO | Training epoch 494, Batch 1000/1000: LR=8.59e-05, Loss=2.36e-03 BER=9.38e-04 FER=1.71e-02
2025-10-21 21:03:44,002 | INFO | Epoch 494 Train Time 102.28405928611755s

2025-10-21 21:05:20,106 | INFO | Training epoch 495, Batch 1000/1000: LR=8.58e-05, Loss=2.28e-03 BER=8.99e-04 FER=1.65e-02
2025-10-21 21:05:20,173 | INFO | Epoch 495 Train Time 96.16951417922974s

2025-10-21 21:06:55,273 | INFO | Training epoch 496, Batch 1000/1000: LR=8.58e-05, Loss=2.38e-03 BER=9.45e-04 FER=1.71e-02
2025-10-21 21:06:55,320 | INFO | Epoch 496 Train Time 95.14567828178406s

2025-10-21 21:08:37,237 | INFO | Training epoch 497, Batch 1000/1000: LR=8.57e-05, Loss=2.29e-03 BER=9.09e-04 FER=1.66e-02
2025-10-21 21:08:37,291 | INFO | Epoch 497 Train Time 101.96897768974304s

2025-10-21 21:10:15,630 | INFO | Training epoch 498, Batch 1000/1000: LR=8.57e-05, Loss=2.27e-03 BER=9.04e-04 FER=1.69e-02
2025-10-21 21:10:15,693 | INFO | Epoch 498 Train Time 98.3997654914856s

2025-10-21 21:11:57,355 | INFO | Training epoch 499, Batch 1000/1000: LR=8.56e-05, Loss=2.33e-03 BER=9.16e-04 FER=1.65e-02
2025-10-21 21:11:57,408 | INFO | Epoch 499 Train Time 101.7142322063446s

2025-10-21 21:13:33,918 | INFO | Training epoch 500, Batch 1000/1000: LR=8.56e-05, Loss=2.33e-03 BER=9.09e-04 FER=1.67e-02
2025-10-21 21:13:33,967 | INFO | Epoch 500 Train Time 96.55756783485413s

2025-10-21 21:15:14,196 | INFO | Training epoch 501, Batch 1000/1000: LR=8.55e-05, Loss=2.34e-03 BER=9.28e-04 FER=1.71e-02
2025-10-21 21:15:14,254 | INFO | Epoch 501 Train Time 100.28576970100403s

2025-10-21 21:16:54,073 | INFO | Training epoch 502, Batch 1000/1000: LR=8.54e-05, Loss=2.39e-03 BER=9.42e-04 FER=1.68e-02
2025-10-21 21:16:54,136 | INFO | Epoch 502 Train Time 99.87958931922913s

2025-10-21 21:18:43,119 | INFO | Training epoch 503, Batch 1000/1000: LR=8.54e-05, Loss=2.44e-03 BER=9.48e-04 FER=1.72e-02
2025-10-21 21:18:43,172 | INFO | Epoch 503 Train Time 109.03421664237976s

2025-10-21 21:20:35,500 | INFO | Training epoch 504, Batch 1000/1000: LR=8.53e-05, Loss=2.29e-03 BER=9.08e-04 FER=1.67e-02
2025-10-21 21:20:35,574 | INFO | Epoch 504 Train Time 112.40082573890686s

2025-10-21 21:22:15,506 | INFO | Training epoch 505, Batch 1000/1000: LR=8.53e-05, Loss=2.40e-03 BER=9.47e-04 FER=1.72e-02
2025-10-21 21:22:15,560 | INFO | Epoch 505 Train Time 99.98326802253723s

2025-10-21 21:23:57,102 | INFO | Training epoch 506, Batch 1000/1000: LR=8.52e-05, Loss=2.31e-03 BER=9.14e-04 FER=1.68e-02
2025-10-21 21:23:57,148 | INFO | Epoch 506 Train Time 101.58742046356201s

2025-10-21 21:25:55,485 | INFO | Training epoch 507, Batch 1000/1000: LR=8.52e-05, Loss=2.30e-03 BER=9.12e-04 FER=1.67e-02
2025-10-21 21:25:55,544 | INFO | Epoch 507 Train Time 118.39472818374634s

2025-10-21 21:27:41,902 | INFO | Training epoch 508, Batch 1000/1000: LR=8.51e-05, Loss=2.36e-03 BER=9.33e-04 FER=1.70e-02
2025-10-21 21:27:41,948 | INFO | Epoch 508 Train Time 106.4005274772644s

2025-10-21 21:29:27,107 | INFO | Training epoch 509, Batch 1000/1000: LR=8.51e-05, Loss=2.36e-03 BER=9.29e-04 FER=1.73e-02
2025-10-21 21:29:27,167 | INFO | Epoch 509 Train Time 105.21736073493958s

2025-10-21 21:31:07,065 | INFO | Training epoch 510, Batch 1000/1000: LR=8.50e-05, Loss=2.26e-03 BER=8.97e-04 FER=1.65e-02
2025-10-21 21:31:07,128 | INFO | Epoch 510 Train Time 99.96024084091187s

2025-10-21 21:32:52,797 | INFO | Training epoch 511, Batch 1000/1000: LR=8.49e-05, Loss=2.32e-03 BER=9.15e-04 FER=1.68e-02
2025-10-21 21:32:52,857 | INFO | Epoch 511 Train Time 105.7281563282013s

2025-10-21 21:34:35,492 | INFO | Training epoch 512, Batch 1000/1000: LR=8.49e-05, Loss=2.33e-03 BER=9.17e-04 FER=1.68e-02
2025-10-21 21:34:35,541 | INFO | Epoch 512 Train Time 102.68176937103271s

2025-10-21 21:36:16,414 | INFO | Training epoch 513, Batch 1000/1000: LR=8.48e-05, Loss=2.22e-03 BER=8.72e-04 FER=1.60e-02
2025-10-21 21:36:16,463 | INFO | Epoch 513 Train Time 100.92089223861694s

2025-10-21 21:37:58,708 | INFO | Training epoch 514, Batch 1000/1000: LR=8.48e-05, Loss=2.41e-03 BER=9.57e-04 FER=1.76e-02
2025-10-21 21:37:58,762 | INFO | Epoch 514 Train Time 102.29819869995117s

2025-10-21 21:39:37,402 | INFO | Training epoch 515, Batch 1000/1000: LR=8.47e-05, Loss=2.30e-03 BER=9.05e-04 FER=1.66e-02
2025-10-21 21:39:37,463 | INFO | Epoch 515 Train Time 98.69935345649719s

2025-10-21 21:41:17,870 | INFO | Training epoch 516, Batch 1000/1000: LR=8.47e-05, Loss=2.37e-03 BER=9.32e-04 FER=1.70e-02
2025-10-21 21:41:17,929 | INFO | Epoch 516 Train Time 100.46499180793762s

2025-10-21 21:42:59,886 | INFO | Training epoch 517, Batch 1000/1000: LR=8.46e-05, Loss=2.39e-03 BER=9.54e-04 FER=1.70e-02
2025-10-21 21:42:59,947 | INFO | Epoch 517 Train Time 102.01645731925964s

2025-10-21 21:44:43,272 | INFO | Training epoch 518, Batch 1000/1000: LR=8.46e-05, Loss=2.37e-03 BER=9.30e-04 FER=1.72e-02
2025-10-21 21:44:43,335 | INFO | Epoch 518 Train Time 103.38738822937012s

2025-10-21 21:46:29,691 | INFO | Training epoch 519, Batch 1000/1000: LR=8.45e-05, Loss=2.27e-03 BER=8.87e-04 FER=1.62e-02
2025-10-21 21:46:29,747 | INFO | Epoch 519 Train Time 106.4101128578186s

2025-10-21 21:48:05,803 | INFO | Training epoch 520, Batch 1000/1000: LR=8.44e-05, Loss=2.38e-03 BER=9.41e-04 FER=1.68e-02
2025-10-21 21:48:05,863 | INFO | Epoch 520 Train Time 96.11541676521301s

2025-10-21 21:49:40,703 | INFO | Training epoch 521, Batch 1000/1000: LR=8.44e-05, Loss=2.40e-03 BER=9.37e-04 FER=1.73e-02
2025-10-21 21:49:40,762 | INFO | Epoch 521 Train Time 94.89731001853943s

2025-10-21 21:51:17,232 | INFO | Training epoch 522, Batch 1000/1000: LR=8.43e-05, Loss=2.38e-03 BER=9.39e-04 FER=1.72e-02
2025-10-21 21:51:17,297 | INFO | Epoch 522 Train Time 96.5338523387909s

2025-10-21 21:53:03,170 | INFO | Training epoch 523, Batch 1000/1000: LR=8.43e-05, Loss=2.29e-03 BER=9.02e-04 FER=1.66e-02
2025-10-21 21:53:03,230 | INFO | Epoch 523 Train Time 105.93267297744751s

2025-10-21 21:54:48,757 | INFO | Training epoch 524, Batch 1000/1000: LR=8.42e-05, Loss=2.35e-03 BER=9.26e-04 FER=1.67e-02
2025-10-21 21:54:48,812 | INFO | Epoch 524 Train Time 105.58028650283813s

2025-10-21 21:56:34,920 | INFO | Training epoch 525, Batch 1000/1000: LR=8.42e-05, Loss=2.37e-03 BER=9.47e-04 FER=1.70e-02
2025-10-21 21:56:34,976 | INFO | Epoch 525 Train Time 106.16225743293762s

2025-10-21 21:58:10,510 | INFO | Training epoch 526, Batch 1000/1000: LR=8.41e-05, Loss=2.38e-03 BER=9.33e-04 FER=1.73e-02
2025-10-21 21:58:10,561 | INFO | Epoch 526 Train Time 95.58484745025635s

2025-10-21 21:59:47,019 | INFO | Training epoch 527, Batch 1000/1000: LR=8.40e-05, Loss=2.29e-03 BER=9.11e-04 FER=1.64e-02
2025-10-21 21:59:47,079 | INFO | Epoch 527 Train Time 96.51570773124695s

2025-10-21 22:01:32,782 | INFO | Training epoch 528, Batch 1000/1000: LR=8.40e-05, Loss=2.32e-03 BER=9.00e-04 FER=1.65e-02
2025-10-21 22:01:32,848 | INFO | Epoch 528 Train Time 105.76830887794495s

2025-10-21 22:03:13,525 | INFO | Training epoch 529, Batch 1000/1000: LR=8.39e-05, Loss=2.41e-03 BER=9.59e-04 FER=1.70e-02
2025-10-21 22:03:13,572 | INFO | Epoch 529 Train Time 100.72262787818909s

2025-10-21 22:04:59,406 | INFO | Training epoch 530, Batch 1000/1000: LR=8.39e-05, Loss=2.26e-03 BER=8.83e-04 FER=1.64e-02
2025-10-21 22:04:59,454 | INFO | Epoch 530 Train Time 105.87985420227051s

2025-10-21 22:06:37,324 | INFO | Training epoch 531, Batch 1000/1000: LR=8.38e-05, Loss=2.40e-03 BER=9.48e-04 FER=1.73e-02
2025-10-21 22:06:37,374 | INFO | Epoch 531 Train Time 97.91851329803467s

2025-10-21 22:08:14,106 | INFO | Training epoch 532, Batch 1000/1000: LR=8.38e-05, Loss=2.40e-03 BER=9.51e-04 FER=1.75e-02
2025-10-21 22:08:14,157 | INFO | Epoch 532 Train Time 96.78110027313232s

2025-10-21 22:09:56,541 | INFO | Training epoch 533, Batch 1000/1000: LR=8.37e-05, Loss=2.38e-03 BER=9.37e-04 FER=1.70e-02
2025-10-21 22:09:56,597 | INFO | Epoch 533 Train Time 102.43890118598938s

2025-10-21 22:11:38,053 | INFO | Training epoch 534, Batch 1000/1000: LR=8.36e-05, Loss=2.31e-03 BER=9.10e-04 FER=1.66e-02
2025-10-21 22:11:38,102 | INFO | Epoch 534 Train Time 101.50303316116333s

2025-10-21 22:13:15,012 | INFO | Training epoch 535, Batch 1000/1000: LR=8.36e-05, Loss=2.30e-03 BER=9.13e-04 FER=1.64e-02
2025-10-21 22:13:15,075 | INFO | Epoch 535 Train Time 96.97112894058228s

2025-10-21 22:15:00,346 | INFO | Training epoch 536, Batch 1000/1000: LR=8.35e-05, Loss=2.31e-03 BER=9.11e-04 FER=1.64e-02
2025-10-21 22:15:00,408 | INFO | Epoch 536 Train Time 105.33237218856812s

2025-10-21 22:16:47,840 | INFO | Training epoch 537, Batch 1000/1000: LR=8.35e-05, Loss=2.38e-03 BER=9.41e-04 FER=1.71e-02
2025-10-21 22:16:47,904 | INFO | Epoch 537 Train Time 107.49390292167664s

2025-10-21 22:18:36,882 | INFO | Training epoch 538, Batch 1000/1000: LR=8.34e-05, Loss=2.34e-03 BER=9.25e-04 FER=1.67e-02
2025-10-21 22:18:36,931 | INFO | Epoch 538 Train Time 109.02692365646362s

2025-10-21 22:20:13,423 | INFO | Training epoch 539, Batch 1000/1000: LR=8.34e-05, Loss=2.38e-03 BER=9.36e-04 FER=1.68e-02
2025-10-21 22:20:13,481 | INFO | Epoch 539 Train Time 96.54860782623291s

2025-10-21 22:21:55,806 | INFO | Training epoch 540, Batch 1000/1000: LR=8.33e-05, Loss=2.38e-03 BER=9.50e-04 FER=1.73e-02
2025-10-21 22:21:55,856 | INFO | Epoch 540 Train Time 102.37417793273926s

2025-10-21 22:23:33,382 | INFO | Training epoch 541, Batch 1000/1000: LR=8.32e-05, Loss=2.42e-03 BER=9.57e-04 FER=1.74e-02
2025-10-21 22:23:33,441 | INFO | Epoch 541 Train Time 97.58337330818176s

2025-10-21 22:25:16,164 | INFO | Training epoch 542, Batch 1000/1000: LR=8.32e-05, Loss=2.35e-03 BER=9.19e-04 FER=1.69e-02
2025-10-21 22:25:16,221 | INFO | Epoch 542 Train Time 102.77785277366638s

2025-10-21 22:26:52,204 | INFO | Training epoch 543, Batch 1000/1000: LR=8.31e-05, Loss=2.41e-03 BER=9.56e-04 FER=1.72e-02
2025-10-21 22:26:52,252 | INFO | Epoch 543 Train Time 96.02933716773987s

2025-10-21 22:28:40,097 | INFO | Training epoch 544, Batch 1000/1000: LR=8.31e-05, Loss=2.34e-03 BER=9.26e-04 FER=1.68e-02
2025-10-21 22:28:40,149 | INFO | Epoch 544 Train Time 107.8955626487732s

2025-10-21 22:30:19,760 | INFO | Training epoch 545, Batch 1000/1000: LR=8.30e-05, Loss=2.40e-03 BER=9.43e-04 FER=1.72e-02
2025-10-21 22:30:19,812 | INFO | Epoch 545 Train Time 99.66092705726624s

2025-10-21 22:32:05,966 | INFO | Training epoch 546, Batch 1000/1000: LR=8.29e-05, Loss=2.30e-03 BER=9.11e-04 FER=1.67e-02
2025-10-21 22:32:06,021 | INFO | Epoch 546 Train Time 106.20736145973206s

2025-10-21 22:33:47,808 | INFO | Training epoch 547, Batch 1000/1000: LR=8.29e-05, Loss=2.38e-03 BER=9.42e-04 FER=1.73e-02
2025-10-21 22:33:47,855 | INFO | Epoch 547 Train Time 101.83265089988708s

2025-10-21 22:35:36,577 | INFO | Training epoch 548, Batch 1000/1000: LR=8.28e-05, Loss=2.35e-03 BER=9.15e-04 FER=1.69e-02
2025-10-21 22:35:36,627 | INFO | Epoch 548 Train Time 108.769371509552s

2025-10-21 22:37:16,609 | INFO | Training epoch 549, Batch 1000/1000: LR=8.28e-05, Loss=2.31e-03 BER=9.08e-04 FER=1.65e-02
2025-10-21 22:37:16,658 | INFO | Epoch 549 Train Time 100.03011178970337s

2025-10-21 22:39:04,946 | INFO | Training epoch 550, Batch 1000/1000: LR=8.27e-05, Loss=2.33e-03 BER=9.23e-04 FER=1.67e-02
2025-10-21 22:39:05,009 | INFO | Epoch 550 Train Time 108.34945774078369s

2025-10-21 22:40:46,106 | INFO | Training epoch 551, Batch 1000/1000: LR=8.26e-05, Loss=2.36e-03 BER=9.32e-04 FER=1.69e-02
2025-10-21 22:40:46,167 | INFO | Epoch 551 Train Time 101.15556812286377s

2025-10-21 22:42:31,893 | INFO | Training epoch 552, Batch 1000/1000: LR=8.26e-05, Loss=2.37e-03 BER=9.24e-04 FER=1.68e-02
2025-10-21 22:42:31,950 | INFO | Epoch 552 Train Time 105.78210806846619s

2025-10-21 22:44:20,883 | INFO | Training epoch 553, Batch 1000/1000: LR=8.25e-05, Loss=2.41e-03 BER=9.48e-04 FER=1.73e-02
2025-10-21 22:44:20,952 | INFO | Epoch 553 Train Time 108.99967956542969s

2025-10-21 22:46:06,175 | INFO | Training epoch 554, Batch 1000/1000: LR=8.25e-05, Loss=2.36e-03 BER=9.27e-04 FER=1.67e-02
2025-10-21 22:46:06,221 | INFO | Epoch 554 Train Time 105.26809239387512s

2025-10-21 22:47:47,002 | INFO | Training epoch 555, Batch 1000/1000: LR=8.24e-05, Loss=2.35e-03 BER=9.31e-04 FER=1.71e-02
2025-10-21 22:47:47,054 | INFO | Epoch 555 Train Time 100.83105802536011s

2025-10-21 22:49:26,999 | INFO | Training epoch 556, Batch 1000/1000: LR=8.24e-05, Loss=2.34e-03 BER=9.19e-04 FER=1.67e-02
2025-10-21 22:49:27,057 | INFO | Epoch 556 Train Time 100.0011191368103s

2025-10-21 22:51:08,815 | INFO | Training epoch 557, Batch 1000/1000: LR=8.23e-05, Loss=2.47e-03 BER=9.74e-04 FER=1.77e-02
2025-10-21 22:51:08,864 | INFO | Epoch 557 Train Time 101.80602550506592s

2025-10-21 22:52:46,717 | INFO | Training epoch 558, Batch 1000/1000: LR=8.22e-05, Loss=2.42e-03 BER=9.60e-04 FER=1.74e-02
2025-10-21 22:52:46,752 | INFO | Epoch 558 Train Time 97.88732957839966s

2025-10-21 22:54:21,597 | INFO | Training epoch 559, Batch 1000/1000: LR=8.22e-05, Loss=2.33e-03 BER=9.14e-04 FER=1.65e-02
2025-10-21 22:54:21,653 | INFO | Epoch 559 Train Time 94.89840412139893s

2025-10-21 22:56:08,294 | INFO | Training epoch 560, Batch 1000/1000: LR=8.21e-05, Loss=2.36e-03 BER=9.29e-04 FER=1.71e-02
2025-10-21 22:56:08,346 | INFO | Epoch 560 Train Time 106.69233226776123s

2025-10-21 22:57:41,887 | INFO | Training epoch 561, Batch 1000/1000: LR=8.21e-05, Loss=2.22e-03 BER=8.91e-04 FER=1.63e-02
2025-10-21 22:57:41,933 | INFO | Epoch 561 Train Time 93.5851194858551s

2025-10-21 22:59:22,107 | INFO | Training epoch 562, Batch 1000/1000: LR=8.20e-05, Loss=2.31e-03 BER=9.10e-04 FER=1.64e-02
2025-10-21 22:59:22,166 | INFO | Epoch 562 Train Time 100.23213028907776s

2025-10-21 23:01:01,920 | INFO | Training epoch 563, Batch 1000/1000: LR=8.19e-05, Loss=2.34e-03 BER=9.22e-04 FER=1.70e-02
2025-10-21 23:01:01,970 | INFO | Epoch 563 Train Time 99.80203485488892s

2025-10-21 23:02:50,638 | INFO | Training epoch 564, Batch 1000/1000: LR=8.19e-05, Loss=2.34e-03 BER=9.29e-04 FER=1.68e-02
2025-10-21 23:02:50,690 | INFO | Epoch 564 Train Time 108.7196364402771s

2025-10-21 23:04:32,608 | INFO | Training epoch 565, Batch 1000/1000: LR=8.18e-05, Loss=2.31e-03 BER=9.07e-04 FER=1.65e-02
2025-10-21 23:04:32,697 | INFO | Epoch 565 Train Time 102.00552129745483s

2025-10-21 23:06:14,555 | INFO | Training epoch 566, Batch 1000/1000: LR=8.18e-05, Loss=2.30e-03 BER=9.07e-04 FER=1.66e-02
2025-10-21 23:06:14,608 | INFO | Epoch 566 Train Time 101.90944647789001s

2025-10-21 23:07:54,184 | INFO | Training epoch 567, Batch 1000/1000: LR=8.17e-05, Loss=2.22e-03 BER=8.78e-04 FER=1.62e-02
2025-10-21 23:07:54,248 | INFO | Epoch 567 Train Time 99.63845682144165s

2025-10-21 23:09:35,884 | INFO | Training epoch 568, Batch 1000/1000: LR=8.16e-05, Loss=2.29e-03 BER=8.97e-04 FER=1.63e-02
2025-10-21 23:09:35,946 | INFO | Epoch 568 Train Time 101.69696426391602s

2025-10-21 23:11:21,629 | INFO | Training epoch 569, Batch 1000/1000: LR=8.16e-05, Loss=2.36e-03 BER=9.36e-04 FER=1.69e-02
2025-10-21 23:11:21,678 | INFO | Epoch 569 Train Time 105.7310426235199s

2025-10-21 23:13:05,152 | INFO | Training epoch 570, Batch 1000/1000: LR=8.15e-05, Loss=2.34e-03 BER=9.29e-04 FER=1.69e-02
2025-10-21 23:13:05,211 | INFO | Epoch 570 Train Time 103.53216218948364s

2025-10-21 23:14:42,502 | INFO | Training epoch 571, Batch 1000/1000: LR=8.14e-05, Loss=2.43e-03 BER=9.76e-04 FER=1.75e-02
2025-10-21 23:14:42,562 | INFO | Epoch 571 Train Time 97.34991407394409s

2025-10-21 23:16:19,234 | INFO | Training epoch 572, Batch 1000/1000: LR=8.14e-05, Loss=2.27e-03 BER=8.91e-04 FER=1.63e-02
2025-10-21 23:16:19,295 | INFO | Epoch 572 Train Time 96.73245120048523s

2025-10-21 23:18:06,453 | INFO | Training epoch 573, Batch 1000/1000: LR=8.13e-05, Loss=2.27e-03 BER=8.93e-04 FER=1.62e-02
2025-10-21 23:18:06,510 | INFO | Epoch 573 Train Time 107.21392321586609s

2025-10-21 23:19:51,184 | INFO | Training epoch 574, Batch 1000/1000: LR=8.13e-05, Loss=2.28e-03 BER=8.98e-04 FER=1.64e-02
2025-10-21 23:19:51,257 | INFO | Epoch 574 Train Time 104.7456328868866s

2025-10-21 23:21:30,199 | INFO | Training epoch 575, Batch 1000/1000: LR=8.12e-05, Loss=2.35e-03 BER=9.21e-04 FER=1.66e-02
2025-10-21 23:21:30,246 | INFO | Epoch 575 Train Time 98.98541307449341s

2025-10-21 23:23:13,387 | INFO | Training epoch 576, Batch 1000/1000: LR=8.11e-05, Loss=2.34e-03 BER=9.40e-04 FER=1.69e-02
2025-10-21 23:23:13,439 | INFO | Epoch 576 Train Time 103.19135212898254s

2025-10-21 23:24:57,575 | INFO | Training epoch 577, Batch 1000/1000: LR=8.11e-05, Loss=2.31e-03 BER=9.15e-04 FER=1.65e-02
2025-10-21 23:24:57,622 | INFO | Epoch 577 Train Time 104.18155288696289s

2025-10-21 23:26:36,598 | INFO | Training epoch 578, Batch 1000/1000: LR=8.10e-05, Loss=2.45e-03 BER=9.64e-04 FER=1.72e-02
2025-10-21 23:26:36,645 | INFO | Epoch 578 Train Time 99.02246046066284s

2025-10-21 23:28:18,510 | INFO | Training epoch 579, Batch 1000/1000: LR=8.10e-05, Loss=2.30e-03 BER=9.13e-04 FER=1.65e-02
2025-10-21 23:28:18,574 | INFO | Epoch 579 Train Time 101.9277720451355s

2025-10-21 23:30:01,711 | INFO | Training epoch 580, Batch 1000/1000: LR=8.09e-05, Loss=2.23e-03 BER=8.87e-04 FER=1.59e-02
2025-10-21 23:30:01,769 | INFO | Epoch 580 Train Time 103.1932897567749s

2025-10-21 23:31:42,214 | INFO | Training epoch 581, Batch 1000/1000: LR=8.08e-05, Loss=2.38e-03 BER=9.41e-04 FER=1.72e-02
2025-10-21 23:31:42,275 | INFO | Epoch 581 Train Time 100.50523900985718s

2025-10-21 23:33:25,697 | INFO | Training epoch 582, Batch 1000/1000: LR=8.08e-05, Loss=2.42e-03 BER=9.60e-04 FER=1.74e-02
2025-10-21 23:33:25,749 | INFO | Epoch 582 Train Time 103.47210693359375s

2025-10-21 23:35:07,869 | INFO | Training epoch 583, Batch 1000/1000: LR=8.07e-05, Loss=2.20e-03 BER=8.78e-04 FER=1.57e-02
2025-10-21 23:35:07,930 | INFO | Epoch 583 Train Time 102.18030858039856s

2025-10-21 23:35:07,931 | INFO | [P2] saving best_model (QAT) with loss 0.002198 at epoch 583
2025-10-21 23:36:52,012 | INFO | Training epoch 584, Batch 1000/1000: LR=8.07e-05, Loss=2.40e-03 BER=9.47e-04 FER=1.71e-02
2025-10-21 23:36:52,082 | INFO | Epoch 584 Train Time 104.06702780723572s

2025-10-21 23:38:33,704 | INFO | Training epoch 585, Batch 1000/1000: LR=8.06e-05, Loss=2.33e-03 BER=9.29e-04 FER=1.67e-02
2025-10-21 23:38:33,763 | INFO | Epoch 585 Train Time 101.6798586845398s

2025-10-21 23:40:14,015 | INFO | Training epoch 586, Batch 1000/1000: LR=8.05e-05, Loss=2.31e-03 BER=9.12e-04 FER=1.65e-02
2025-10-21 23:40:14,067 | INFO | Epoch 586 Train Time 100.30299806594849s

2025-10-21 23:41:53,142 | INFO | Training epoch 587, Batch 1000/1000: LR=8.05e-05, Loss=2.30e-03 BER=9.07e-04 FER=1.65e-02
2025-10-21 23:41:53,195 | INFO | Epoch 587 Train Time 99.12535047531128s

2025-10-21 23:43:31,791 | INFO | Training epoch 588, Batch 1000/1000: LR=8.04e-05, Loss=2.24e-03 BER=8.89e-04 FER=1.65e-02
2025-10-21 23:43:31,832 | INFO | Epoch 588 Train Time 98.63615798950195s

2025-10-21 23:45:12,232 | INFO | Training epoch 589, Batch 1000/1000: LR=8.03e-05, Loss=2.13e-03 BER=8.53e-04 FER=1.54e-02
2025-10-21 23:45:12,295 | INFO | Epoch 589 Train Time 100.46217513084412s

2025-10-21 23:45:12,296 | INFO | [P2] saving best_model (QAT) with loss 0.002132 at epoch 589
2025-10-21 23:46:55,166 | INFO | Training epoch 590, Batch 1000/1000: LR=8.03e-05, Loss=2.33e-03 BER=9.15e-04 FER=1.69e-02
2025-10-21 23:46:55,221 | INFO | Epoch 590 Train Time 102.8166823387146s

2025-10-21 23:48:37,810 | INFO | Training epoch 591, Batch 1000/1000: LR=8.02e-05, Loss=2.31e-03 BER=9.15e-04 FER=1.65e-02
2025-10-21 23:48:37,860 | INFO | Epoch 591 Train Time 102.63838768005371s

2025-10-21 23:50:25,586 | INFO | Training epoch 592, Batch 1000/1000: LR=8.02e-05, Loss=2.31e-03 BER=9.24e-04 FER=1.66e-02
2025-10-21 23:50:25,653 | INFO | Epoch 592 Train Time 107.79128360748291s

2025-10-21 23:52:07,949 | INFO | Training epoch 593, Batch 1000/1000: LR=8.01e-05, Loss=2.31e-03 BER=9.08e-04 FER=1.67e-02
2025-10-21 23:52:08,002 | INFO | Epoch 593 Train Time 102.34741806983948s

2025-10-21 23:53:45,914 | INFO | Training epoch 594, Batch 1000/1000: LR=8.00e-05, Loss=2.35e-03 BER=9.31e-04 FER=1.65e-02
2025-10-21 23:53:45,973 | INFO | Epoch 594 Train Time 97.96987438201904s

2025-10-21 23:55:29,309 | INFO | Training epoch 595, Batch 1000/1000: LR=8.00e-05, Loss=2.45e-03 BER=9.72e-04 FER=1.75e-02
2025-10-21 23:55:29,362 | INFO | Epoch 595 Train Time 103.38783740997314s

2025-10-21 23:57:21,420 | INFO | Training epoch 596, Batch 1000/1000: LR=7.99e-05, Loss=2.34e-03 BER=9.23e-04 FER=1.67e-02
2025-10-21 23:57:21,487 | INFO | Epoch 596 Train Time 112.12344121932983s

2025-10-21 23:59:11,207 | INFO | Training epoch 597, Batch 1000/1000: LR=7.98e-05, Loss=2.40e-03 BER=9.54e-04 FER=1.71e-02
2025-10-21 23:59:11,267 | INFO | Epoch 597 Train Time 109.77908301353455s

2025-10-22 00:00:56,900 | INFO | Training epoch 598, Batch 1000/1000: LR=7.98e-05, Loss=2.25e-03 BER=8.90e-04 FER=1.63e-02
2025-10-22 00:00:56,964 | INFO | Epoch 598 Train Time 105.69452428817749s

2025-10-22 00:02:35,005 | INFO | Training epoch 599, Batch 1000/1000: LR=7.97e-05, Loss=2.34e-03 BER=9.24e-04 FER=1.69e-02
2025-10-22 00:02:35,059 | INFO | Epoch 599 Train Time 98.0949592590332s

2025-10-22 00:04:12,208 | INFO | Training epoch 600, Batch 1000/1000: LR=7.97e-05, Loss=2.36e-03 BER=9.24e-04 FER=1.69e-02
2025-10-22 00:04:12,256 | INFO | Epoch 600 Train Time 97.19539284706116s

2025-10-22 00:05:57,765 | INFO | Training epoch 601, Batch 1000/1000: LR=7.96e-05, Loss=2.37e-03 BER=9.36e-04 FER=1.67e-02
2025-10-22 00:05:57,824 | INFO | Epoch 601 Train Time 105.56740593910217s

2025-10-22 00:07:41,199 | INFO | Training epoch 602, Batch 1000/1000: LR=7.95e-05, Loss=2.24e-03 BER=8.92e-04 FER=1.62e-02
2025-10-22 00:07:41,257 | INFO | Epoch 602 Train Time 103.43167996406555s

2025-10-22 00:09:17,727 | INFO | Training epoch 603, Batch 1000/1000: LR=7.95e-05, Loss=2.32e-03 BER=9.21e-04 FER=1.66e-02
2025-10-22 00:09:17,788 | INFO | Epoch 603 Train Time 96.53069639205933s

2025-10-22 00:10:59,413 | INFO | Training epoch 604, Batch 1000/1000: LR=7.94e-05, Loss=2.28e-03 BER=9.02e-04 FER=1.65e-02
2025-10-22 00:10:59,470 | INFO | Epoch 604 Train Time 101.68047738075256s

2025-10-22 00:12:40,630 | INFO | Training epoch 605, Batch 1000/1000: LR=7.93e-05, Loss=2.36e-03 BER=9.26e-04 FER=1.66e-02
2025-10-22 00:12:40,684 | INFO | Epoch 605 Train Time 101.21182131767273s

2025-10-22 00:14:18,031 | INFO | Training epoch 606, Batch 1000/1000: LR=7.93e-05, Loss=2.29e-03 BER=9.14e-04 FER=1.65e-02
2025-10-22 00:14:18,097 | INFO | Epoch 606 Train Time 97.41193985939026s

2025-10-22 00:16:00,410 | INFO | Training epoch 607, Batch 1000/1000: LR=7.92e-05, Loss=2.26e-03 BER=8.91e-04 FER=1.64e-02
2025-10-22 00:16:00,472 | INFO | Epoch 607 Train Time 102.37329435348511s

2025-10-22 00:17:44,824 | INFO | Training epoch 608, Batch 1000/1000: LR=7.92e-05, Loss=2.30e-03 BER=9.13e-04 FER=1.65e-02
2025-10-22 00:17:44,891 | INFO | Epoch 608 Train Time 104.41713571548462s

2025-10-22 00:19:22,455 | INFO | Training epoch 609, Batch 1000/1000: LR=7.91e-05, Loss=2.36e-03 BER=9.35e-04 FER=1.67e-02
2025-10-22 00:19:22,520 | INFO | Epoch 609 Train Time 97.62714457511902s

2025-10-22 00:21:00,946 | INFO | Training epoch 610, Batch 1000/1000: LR=7.90e-05, Loss=2.38e-03 BER=9.36e-04 FER=1.70e-02
2025-10-22 00:21:01,013 | INFO | Epoch 610 Train Time 98.491628408432s

2025-10-22 00:22:39,024 | INFO | Training epoch 611, Batch 1000/1000: LR=7.90e-05, Loss=2.28e-03 BER=9.07e-04 FER=1.64e-02
2025-10-22 00:22:39,076 | INFO | Epoch 611 Train Time 98.06198453903198s

2025-10-22 00:24:15,657 | INFO | Training epoch 612, Batch 1000/1000: LR=7.89e-05, Loss=2.27e-03 BER=9.07e-04 FER=1.63e-02
2025-10-22 00:24:15,705 | INFO | Epoch 612 Train Time 96.62782764434814s

2025-10-22 00:25:56,408 | INFO | Training epoch 613, Batch 1000/1000: LR=7.88e-05, Loss=2.38e-03 BER=9.42e-04 FER=1.70e-02
2025-10-22 00:25:56,468 | INFO | Epoch 613 Train Time 100.76218461990356s

2025-10-22 00:27:38,425 | INFO | Training epoch 614, Batch 1000/1000: LR=7.88e-05, Loss=2.23e-03 BER=8.77e-04 FER=1.61e-02
2025-10-22 00:27:38,461 | INFO | Epoch 614 Train Time 101.99071455001831s

2025-10-22 00:29:20,787 | INFO | Training epoch 615, Batch 1000/1000: LR=7.87e-05, Loss=2.30e-03 BER=9.09e-04 FER=1.66e-02
2025-10-22 00:29:20,844 | INFO | Epoch 615 Train Time 102.38195705413818s

2025-10-22 00:31:03,899 | INFO | Training epoch 616, Batch 1000/1000: LR=7.86e-05, Loss=2.27e-03 BER=8.89e-04 FER=1.63e-02
2025-10-22 00:31:03,945 | INFO | Epoch 616 Train Time 103.09938907623291s

2025-10-22 00:32:42,031 | INFO | Training epoch 617, Batch 1000/1000: LR=7.86e-05, Loss=2.33e-03 BER=9.32e-04 FER=1.66e-02
2025-10-22 00:32:42,091 | INFO | Epoch 617 Train Time 98.14381194114685s

2025-10-22 00:34:19,529 | INFO | Training epoch 618, Batch 1000/1000: LR=7.85e-05, Loss=2.27e-03 BER=8.98e-04 FER=1.63e-02
2025-10-22 00:34:19,590 | INFO | Epoch 618 Train Time 97.49869441986084s

2025-10-22 00:36:03,001 | INFO | Training epoch 619, Batch 1000/1000: LR=7.85e-05, Loss=2.27e-03 BER=8.98e-04 FER=1.63e-02
2025-10-22 00:36:03,058 | INFO | Epoch 619 Train Time 103.46676445007324s

2025-10-22 00:37:42,638 | INFO | Training epoch 620, Batch 1000/1000: LR=7.84e-05, Loss=2.40e-03 BER=9.46e-04 FER=1.68e-02
2025-10-22 00:37:42,683 | INFO | Epoch 620 Train Time 99.62365889549255s

2025-10-22 00:39:24,880 | INFO | Training epoch 621, Batch 1000/1000: LR=7.83e-05, Loss=2.27e-03 BER=8.98e-04 FER=1.64e-02
2025-10-22 00:39:24,940 | INFO | Epoch 621 Train Time 102.25610256195068s

2025-10-22 00:41:03,030 | INFO | Training epoch 622, Batch 1000/1000: LR=7.83e-05, Loss=2.35e-03 BER=9.23e-04 FER=1.67e-02
2025-10-22 00:41:03,086 | INFO | Epoch 622 Train Time 98.14374589920044s

2025-10-22 00:42:35,224 | INFO | Training epoch 623, Batch 1000/1000: LR=7.82e-05, Loss=2.33e-03 BER=9.17e-04 FER=1.65e-02
2025-10-22 00:42:35,286 | INFO | Epoch 623 Train Time 92.19825601577759s

2025-10-22 00:44:20,989 | INFO | Training epoch 624, Batch 1000/1000: LR=7.81e-05, Loss=2.30e-03 BER=9.21e-04 FER=1.68e-02
2025-10-22 00:44:21,043 | INFO | Epoch 624 Train Time 105.75593280792236s

2025-10-22 00:45:53,496 | INFO | Training epoch 625, Batch 1000/1000: LR=7.81e-05, Loss=2.44e-03 BER=9.72e-04 FER=1.74e-02
2025-10-22 00:45:53,567 | INFO | Epoch 625 Train Time 92.52268099784851s

2025-10-22 00:47:39,717 | INFO | Training epoch 626, Batch 1000/1000: LR=7.80e-05, Loss=2.36e-03 BER=9.29e-04 FER=1.68e-02
2025-10-22 00:47:39,780 | INFO | Epoch 626 Train Time 106.21214628219604s

2025-10-22 00:49:23,469 | INFO | Training epoch 627, Batch 1000/1000: LR=7.79e-05, Loss=2.31e-03 BER=9.17e-04 FER=1.65e-02
2025-10-22 00:49:23,525 | INFO | Epoch 627 Train Time 103.74414348602295s

2025-10-22 00:51:06,053 | INFO | Training epoch 628, Batch 1000/1000: LR=7.79e-05, Loss=2.32e-03 BER=9.13e-04 FER=1.65e-02
2025-10-22 00:51:06,104 | INFO | Epoch 628 Train Time 102.57779169082642s

2025-10-22 00:52:43,835 | INFO | Training epoch 629, Batch 1000/1000: LR=7.78e-05, Loss=2.18e-03 BER=8.60e-04 FER=1.57e-02
2025-10-22 00:52:43,886 | INFO | Epoch 629 Train Time 97.77971315383911s

2025-10-22 00:54:17,690 | INFO | Training epoch 630, Batch 1000/1000: LR=7.77e-05, Loss=2.29e-03 BER=9.05e-04 FER=1.66e-02
2025-10-22 00:54:17,745 | INFO | Epoch 630 Train Time 93.85838723182678s

2025-10-22 00:56:02,006 | INFO | Training epoch 631, Batch 1000/1000: LR=7.77e-05, Loss=2.22e-03 BER=8.81e-04 FER=1.61e-02
2025-10-22 00:56:02,055 | INFO | Epoch 631 Train Time 104.30909037590027s

2025-10-22 00:57:42,883 | INFO | Training epoch 632, Batch 1000/1000: LR=7.76e-05, Loss=2.34e-03 BER=9.26e-04 FER=1.68e-02
2025-10-22 00:57:42,934 | INFO | Epoch 632 Train Time 100.87736749649048s

2025-10-22 00:59:27,699 | INFO | Training epoch 633, Batch 1000/1000: LR=7.75e-05, Loss=2.33e-03 BER=9.29e-04 FER=1.66e-02
2025-10-22 00:59:27,772 | INFO | Epoch 633 Train Time 104.83613419532776s

2025-10-22 01:01:01,121 | INFO | Training epoch 634, Batch 1000/1000: LR=7.75e-05, Loss=2.38e-03 BER=9.40e-04 FER=1.69e-02
2025-10-22 01:01:01,171 | INFO | Epoch 634 Train Time 93.39788556098938s

2025-10-22 01:02:38,401 | INFO | Training epoch 635, Batch 1000/1000: LR=7.74e-05, Loss=2.26e-03 BER=9.01e-04 FER=1.62e-02
2025-10-22 01:02:38,455 | INFO | Epoch 635 Train Time 97.28345441818237s

2025-10-22 01:04:22,974 | INFO | Training epoch 636, Batch 1000/1000: LR=7.74e-05, Loss=2.24e-03 BER=8.87e-04 FER=1.61e-02
2025-10-22 01:04:23,036 | INFO | Epoch 636 Train Time 104.57915019989014s

2025-10-22 01:06:11,480 | INFO | Training epoch 637, Batch 1000/1000: LR=7.73e-05, Loss=2.32e-03 BER=9.19e-04 FER=1.67e-02
2025-10-22 01:06:11,547 | INFO | Epoch 637 Train Time 108.50898098945618s

2025-10-22 01:08:05,566 | INFO | Training epoch 638, Batch 1000/1000: LR=7.72e-05, Loss=2.38e-03 BER=9.42e-04 FER=1.70e-02
2025-10-22 01:08:05,614 | INFO | Epoch 638 Train Time 114.06460547447205s

2025-10-22 01:09:53,991 | INFO | Training epoch 639, Batch 1000/1000: LR=7.72e-05, Loss=2.27e-03 BER=8.96e-04 FER=1.63e-02
2025-10-22 01:09:54,058 | INFO | Epoch 639 Train Time 108.44231009483337s

2025-10-22 01:11:34,499 | INFO | Training epoch 640, Batch 1000/1000: LR=7.71e-05, Loss=2.23e-03 BER=8.89e-04 FER=1.61e-02
2025-10-22 01:11:34,549 | INFO | Epoch 640 Train Time 100.48972582817078s

2025-10-22 01:13:23,006 | INFO | Training epoch 641, Batch 1000/1000: LR=7.70e-05, Loss=2.16e-03 BER=8.43e-04 FER=1.57e-02
2025-10-22 01:13:23,078 | INFO | Epoch 641 Train Time 108.52810430526733s

2025-10-22 01:15:15,483 | INFO | Training epoch 642, Batch 1000/1000: LR=7.70e-05, Loss=2.28e-03 BER=8.99e-04 FER=1.66e-02
2025-10-22 01:15:15,538 | INFO | Epoch 642 Train Time 112.4590470790863s

2025-10-22 01:16:59,746 | INFO | Training epoch 643, Batch 1000/1000: LR=7.69e-05, Loss=2.36e-03 BER=9.46e-04 FER=1.68e-02
2025-10-22 01:16:59,785 | INFO | Epoch 643 Train Time 104.24514746665955s

2025-10-22 01:18:34,742 | INFO | Training epoch 644, Batch 1000/1000: LR=7.68e-05, Loss=2.34e-03 BER=9.29e-04 FER=1.68e-02
2025-10-22 01:18:34,800 | INFO | Epoch 644 Train Time 95.01451683044434s

2025-10-22 01:20:18,017 | INFO | Training epoch 645, Batch 1000/1000: LR=7.68e-05, Loss=2.24e-03 BER=8.85e-04 FER=1.60e-02
2025-10-22 01:20:18,080 | INFO | Epoch 645 Train Time 103.27902245521545s

2025-10-22 01:22:00,942 | INFO | Training epoch 646, Batch 1000/1000: LR=7.67e-05, Loss=2.30e-03 BER=9.05e-04 FER=1.63e-02
2025-10-22 01:22:01,012 | INFO | Epoch 646 Train Time 102.9306378364563s

2025-10-22 01:23:39,428 | INFO | Training epoch 647, Batch 1000/1000: LR=7.66e-05, Loss=2.29e-03 BER=9.04e-04 FER=1.65e-02
2025-10-22 01:23:39,482 | INFO | Epoch 647 Train Time 98.466721534729s

2025-10-22 01:25:22,127 | INFO | Training epoch 648, Batch 1000/1000: LR=7.66e-05, Loss=2.30e-03 BER=9.02e-04 FER=1.66e-02
2025-10-22 01:25:22,165 | INFO | Epoch 648 Train Time 102.68289351463318s

2025-10-22 01:27:00,695 | INFO | Training epoch 649, Batch 1000/1000: LR=7.65e-05, Loss=2.30e-03 BER=9.21e-04 FER=1.67e-02
2025-10-22 01:27:00,744 | INFO | Epoch 649 Train Time 98.57726192474365s

2025-10-22 01:28:39,866 | INFO | Training epoch 650, Batch 1000/1000: LR=7.64e-05, Loss=2.22e-03 BER=8.66e-04 FER=1.60e-02
2025-10-22 01:28:39,918 | INFO | Epoch 650 Train Time 99.17209148406982s

2025-10-22 01:30:17,856 | INFO | Training epoch 651, Batch 1000/1000: LR=7.64e-05, Loss=2.35e-03 BER=9.30e-04 FER=1.70e-02
2025-10-22 01:30:17,906 | INFO | Epoch 651 Train Time 97.98663425445557s

2025-10-22 01:31:54,049 | INFO | Training epoch 652, Batch 1000/1000: LR=7.63e-05, Loss=2.23e-03 BER=8.79e-04 FER=1.61e-02
2025-10-22 01:31:54,097 | INFO | Epoch 652 Train Time 96.18991184234619s

2025-10-22 01:33:34,261 | INFO | Training epoch 653, Batch 1000/1000: LR=7.62e-05, Loss=2.22e-03 BER=8.81e-04 FER=1.59e-02
2025-10-22 01:33:34,336 | INFO | Epoch 653 Train Time 100.23820400238037s

2025-10-22 01:35:17,878 | INFO | Training epoch 654, Batch 1000/1000: LR=7.62e-05, Loss=2.24e-03 BER=8.88e-04 FER=1.58e-02
2025-10-22 01:35:17,942 | INFO | Epoch 654 Train Time 103.60382509231567s

2025-10-22 01:36:59,102 | INFO | Training epoch 655, Batch 1000/1000: LR=7.61e-05, Loss=2.32e-03 BER=9.16e-04 FER=1.67e-02
2025-10-22 01:36:59,157 | INFO | Epoch 655 Train Time 101.21386313438416s

2025-10-22 01:38:40,788 | INFO | Training epoch 656, Batch 1000/1000: LR=7.60e-05, Loss=2.27e-03 BER=8.93e-04 FER=1.63e-02
2025-10-22 01:38:40,840 | INFO | Epoch 656 Train Time 101.68225193023682s

2025-10-22 01:40:18,821 | INFO | Training epoch 657, Batch 1000/1000: LR=7.60e-05, Loss=2.28e-03 BER=8.99e-04 FER=1.64e-02
2025-10-22 01:40:18,871 | INFO | Epoch 657 Train Time 98.0292272567749s

2025-10-22 01:42:03,596 | INFO | Training epoch 658, Batch 1000/1000: LR=7.59e-05, Loss=2.26e-03 BER=8.95e-04 FER=1.62e-02
2025-10-22 01:42:03,649 | INFO | Epoch 658 Train Time 104.77661895751953s

2025-10-22 01:43:45,076 | INFO | Training epoch 659, Batch 1000/1000: LR=7.58e-05, Loss=2.24e-03 BER=8.83e-04 FER=1.59e-02
2025-10-22 01:43:45,124 | INFO | Epoch 659 Train Time 101.47382187843323s

2025-10-22 01:45:22,336 | INFO | Training epoch 660, Batch 1000/1000: LR=7.58e-05, Loss=2.40e-03 BER=9.43e-04 FER=1.72e-02
2025-10-22 01:45:22,382 | INFO | Epoch 660 Train Time 97.25681114196777s

2025-10-22 01:47:07,081 | INFO | Training epoch 661, Batch 1000/1000: LR=7.57e-05, Loss=2.22e-03 BER=8.76e-04 FER=1.62e-02
2025-10-22 01:47:07,146 | INFO | Epoch 661 Train Time 104.76288414001465s

2025-10-22 01:48:43,024 | INFO | Training epoch 662, Batch 1000/1000: LR=7.56e-05, Loss=2.32e-03 BER=9.15e-04 FER=1.66e-02
2025-10-22 01:48:43,075 | INFO | Epoch 662 Train Time 95.92838382720947s

2025-10-22 01:50:19,465 | INFO | Training epoch 663, Batch 1000/1000: LR=7.56e-05, Loss=2.32e-03 BER=9.06e-04 FER=1.61e-02
2025-10-22 01:50:19,515 | INFO | Epoch 663 Train Time 96.43865537643433s

2025-10-22 01:51:58,204 | INFO | Training epoch 664, Batch 1000/1000: LR=7.55e-05, Loss=2.22e-03 BER=8.73e-04 FER=1.59e-02
2025-10-22 01:51:58,283 | INFO | Epoch 664 Train Time 98.76704692840576s

2025-10-22 01:53:35,056 | INFO | Training epoch 665, Batch 1000/1000: LR=7.54e-05, Loss=2.26e-03 BER=8.92e-04 FER=1.61e-02
2025-10-22 01:53:35,098 | INFO | Epoch 665 Train Time 96.81398582458496s

2025-10-22 01:55:15,928 | INFO | Training epoch 666, Batch 1000/1000: LR=7.54e-05, Loss=2.36e-03 BER=9.31e-04 FER=1.68e-02
2025-10-22 01:55:15,974 | INFO | Epoch 666 Train Time 100.87465739250183s

2025-10-22 01:56:58,398 | INFO | Training epoch 667, Batch 1000/1000: LR=7.53e-05, Loss=2.35e-03 BER=9.37e-04 FER=1.67e-02
2025-10-22 01:56:58,456 | INFO | Epoch 667 Train Time 102.48081564903259s

2025-10-22 01:58:34,305 | INFO | Training epoch 668, Batch 1000/1000: LR=7.52e-05, Loss=2.35e-03 BER=9.40e-04 FER=1.69e-02
2025-10-22 01:58:34,357 | INFO | Epoch 668 Train Time 95.90030360221863s

2025-10-22 02:00:17,789 | INFO | Training epoch 669, Batch 1000/1000: LR=7.52e-05, Loss=2.37e-03 BER=9.35e-04 FER=1.67e-02
2025-10-22 02:00:17,838 | INFO | Epoch 669 Train Time 103.48029851913452s

2025-10-22 02:01:54,505 | INFO | Training epoch 670, Batch 1000/1000: LR=7.51e-05, Loss=2.32e-03 BER=9.11e-04 FER=1.63e-02
2025-10-22 02:01:54,558 | INFO | Epoch 670 Train Time 96.71903586387634s

2025-10-22 02:03:32,880 | INFO | Training epoch 671, Batch 1000/1000: LR=7.50e-05, Loss=2.37e-03 BER=9.36e-04 FER=1.69e-02
2025-10-22 02:03:32,926 | INFO | Epoch 671 Train Time 98.3667562007904s

2025-10-22 02:05:14,739 | INFO | Training epoch 672, Batch 1000/1000: LR=7.50e-05, Loss=2.32e-03 BER=9.14e-04 FER=1.65e-02
2025-10-22 02:05:14,794 | INFO | Epoch 672 Train Time 101.86565685272217s

2025-10-22 02:06:58,871 | INFO | Training epoch 673, Batch 1000/1000: LR=7.49e-05, Loss=2.29e-03 BER=9.13e-04 FER=1.65e-02
2025-10-22 02:06:58,923 | INFO | Epoch 673 Train Time 104.1285719871521s

2025-10-22 02:08:35,035 | INFO | Training epoch 674, Batch 1000/1000: LR=7.48e-05, Loss=2.40e-03 BER=9.50e-04 FER=1.69e-02
2025-10-22 02:08:35,081 | INFO | Epoch 674 Train Time 96.15648484230042s

2025-10-22 02:10:15,066 | INFO | Training epoch 675, Batch 1000/1000: LR=7.48e-05, Loss=2.43e-03 BER=9.62e-04 FER=1.71e-02
2025-10-22 02:10:15,130 | INFO | Epoch 675 Train Time 100.04792952537537s

2025-10-22 02:11:49,777 | INFO | Training epoch 676, Batch 1000/1000: LR=7.47e-05, Loss=2.26e-03 BER=8.93e-04 FER=1.63e-02
2025-10-22 02:11:49,826 | INFO | Epoch 676 Train Time 94.6943850517273s

2025-10-22 02:13:31,152 | INFO | Training epoch 677, Batch 1000/1000: LR=7.46e-05, Loss=2.30e-03 BER=9.16e-04 FER=1.63e-02
2025-10-22 02:13:31,203 | INFO | Epoch 677 Train Time 101.37639617919922s

2025-10-22 02:15:07,969 | INFO | Training epoch 678, Batch 1000/1000: LR=7.46e-05, Loss=2.32e-03 BER=9.17e-04 FER=1.65e-02
2025-10-22 02:15:08,033 | INFO | Epoch 678 Train Time 96.82887291908264s

2025-10-22 02:16:52,321 | INFO | Training epoch 679, Batch 1000/1000: LR=7.45e-05, Loss=2.29e-03 BER=8.97e-04 FER=1.65e-02
2025-10-22 02:16:52,370 | INFO | Epoch 679 Train Time 104.33533143997192s

2025-10-22 02:18:33,657 | INFO | Training epoch 680, Batch 1000/1000: LR=7.44e-05, Loss=2.35e-03 BER=9.29e-04 FER=1.67e-02
2025-10-22 02:18:33,712 | INFO | Epoch 680 Train Time 101.3408055305481s

2025-10-22 02:20:22,726 | INFO | Training epoch 681, Batch 1000/1000: LR=7.43e-05, Loss=2.38e-03 BER=9.40e-04 FER=1.72e-02
2025-10-22 02:20:22,786 | INFO | Epoch 681 Train Time 109.07260274887085s

2025-10-22 02:21:58,882 | INFO | Training epoch 682, Batch 1000/1000: LR=7.43e-05, Loss=2.30e-03 BER=9.24e-04 FER=1.67e-02
2025-10-22 02:21:58,933 | INFO | Epoch 682 Train Time 96.14666652679443s

2025-10-22 02:23:45,555 | INFO | Training epoch 683, Batch 1000/1000: LR=7.42e-05, Loss=2.31e-03 BER=9.18e-04 FER=1.65e-02
2025-10-22 02:23:45,608 | INFO | Epoch 683 Train Time 106.67387437820435s

2025-10-22 02:25:27,816 | INFO | Training epoch 684, Batch 1000/1000: LR=7.41e-05, Loss=2.28e-03 BER=9.03e-04 FER=1.65e-02
2025-10-22 02:25:27,878 | INFO | Epoch 684 Train Time 102.26795959472656s

2025-10-22 02:27:16,992 | INFO | Training epoch 685, Batch 1000/1000: LR=7.41e-05, Loss=2.28e-03 BER=9.07e-04 FER=1.62e-02
2025-10-22 02:27:17,053 | INFO | Epoch 685 Train Time 109.1734938621521s

2025-10-22 02:29:04,913 | INFO | Training epoch 686, Batch 1000/1000: LR=7.40e-05, Loss=2.29e-03 BER=9.05e-04 FER=1.61e-02
2025-10-22 02:29:04,983 | INFO | Epoch 686 Train Time 107.92895984649658s

2025-10-22 02:30:49,026 | INFO | Training epoch 687, Batch 1000/1000: LR=7.39e-05, Loss=2.28e-03 BER=8.94e-04 FER=1.62e-02
2025-10-22 02:30:49,083 | INFO | Epoch 687 Train Time 104.09844851493835s

2025-10-22 02:32:32,244 | INFO | Training epoch 688, Batch 1000/1000: LR=7.39e-05, Loss=2.31e-03 BER=9.13e-04 FER=1.64e-02
2025-10-22 02:32:32,295 | INFO | Epoch 688 Train Time 103.21011924743652s

2025-10-22 02:34:14,411 | INFO | Training epoch 689, Batch 1000/1000: LR=7.38e-05, Loss=2.27e-03 BER=8.95e-04 FER=1.62e-02
2025-10-22 02:34:14,468 | INFO | Epoch 689 Train Time 102.17106437683105s

2025-10-22 02:35:49,415 | INFO | Training epoch 690, Batch 1000/1000: LR=7.37e-05, Loss=2.27e-03 BER=8.88e-04 FER=1.60e-02
2025-10-22 02:35:49,483 | INFO | Epoch 690 Train Time 95.01438903808594s

2025-10-22 02:37:29,233 | INFO | Training epoch 691, Batch 1000/1000: LR=7.37e-05, Loss=2.33e-03 BER=9.32e-04 FER=1.62e-02
2025-10-22 02:37:29,294 | INFO | Epoch 691 Train Time 99.80933904647827s

2025-10-22 02:39:07,918 | INFO | Training epoch 692, Batch 1000/1000: LR=7.36e-05, Loss=2.32e-03 BER=9.22e-04 FER=1.66e-02
2025-10-22 02:39:07,990 | INFO | Epoch 692 Train Time 98.69481539726257s

2025-10-22 02:40:45,910 | INFO | Training epoch 693, Batch 1000/1000: LR=7.35e-05, Loss=2.30e-03 BER=9.03e-04 FER=1.65e-02
2025-10-22 02:40:45,974 | INFO | Epoch 693 Train Time 97.98343229293823s

2025-10-22 02:42:17,903 | INFO | Training epoch 694, Batch 1000/1000: LR=7.35e-05, Loss=2.31e-03 BER=9.11e-04 FER=1.63e-02
2025-10-22 02:42:17,954 | INFO | Epoch 694 Train Time 91.97820734977722s

2025-10-22 02:43:58,152 | INFO | Training epoch 695, Batch 1000/1000: LR=7.34e-05, Loss=2.29e-03 BER=9.07e-04 FER=1.62e-02
2025-10-22 02:43:58,213 | INFO | Epoch 695 Train Time 100.25615286827087s

2025-10-22 02:45:32,301 | INFO | Training epoch 696, Batch 1000/1000: LR=7.33e-05, Loss=2.36e-03 BER=9.24e-04 FER=1.68e-02
2025-10-22 02:45:32,359 | INFO | Epoch 696 Train Time 94.14541339874268s

2025-10-22 02:47:16,012 | INFO | Training epoch 697, Batch 1000/1000: LR=7.32e-05, Loss=2.23e-03 BER=8.82e-04 FER=1.60e-02
2025-10-22 02:47:16,062 | INFO | Epoch 697 Train Time 103.7010018825531s

2025-10-22 02:48:59,043 | INFO | Training epoch 698, Batch 1000/1000: LR=7.32e-05, Loss=2.35e-03 BER=9.30e-04 FER=1.67e-02
2025-10-22 02:48:59,084 | INFO | Epoch 698 Train Time 103.02075624465942s

2025-10-22 02:50:43,851 | INFO | Training epoch 699, Batch 1000/1000: LR=7.31e-05, Loss=2.21e-03 BER=8.77e-04 FER=1.58e-02
2025-10-22 02:50:43,914 | INFO | Epoch 699 Train Time 104.82851219177246s

2025-10-22 02:52:28,048 | INFO | Training epoch 700, Batch 1000/1000: LR=7.30e-05, Loss=2.32e-03 BER=9.19e-04 FER=1.66e-02
2025-10-22 02:52:28,112 | INFO | Epoch 700 Train Time 104.19730997085571s

2025-10-22 02:54:11,421 | INFO | Training epoch 701, Batch 1000/1000: LR=7.30e-05, Loss=2.24e-03 BER=8.78e-04 FER=1.61e-02
2025-10-22 02:54:11,495 | INFO | Epoch 701 Train Time 103.381667137146s

2025-10-22 02:55:48,035 | INFO | Training epoch 702, Batch 1000/1000: LR=7.29e-05, Loss=2.31e-03 BER=9.05e-04 FER=1.63e-02
2025-10-22 02:55:48,095 | INFO | Epoch 702 Train Time 96.59938883781433s

2025-10-22 02:57:25,851 | INFO | Training epoch 703, Batch 1000/1000: LR=7.28e-05, Loss=2.25e-03 BER=8.96e-04 FER=1.62e-02
2025-10-22 02:57:25,900 | INFO | Epoch 703 Train Time 97.80420756340027s

2025-10-22 02:59:12,150 | INFO | Training epoch 704, Batch 1000/1000: LR=7.28e-05, Loss=2.32e-03 BER=9.20e-04 FER=1.66e-02
2025-10-22 02:59:12,213 | INFO | Epoch 704 Train Time 106.31197881698608s

2025-10-22 03:00:52,187 | INFO | Training epoch 705, Batch 1000/1000: LR=7.27e-05, Loss=2.32e-03 BER=9.18e-04 FER=1.64e-02
2025-10-22 03:00:52,237 | INFO | Epoch 705 Train Time 100.02247500419617s

2025-10-22 03:02:30,922 | INFO | Training epoch 706, Batch 1000/1000: LR=7.26e-05, Loss=2.23e-03 BER=8.77e-04 FER=1.61e-02
2025-10-22 03:02:30,970 | INFO | Epoch 706 Train Time 98.73187136650085s

2025-10-22 03:04:08,455 | INFO | Training epoch 707, Batch 1000/1000: LR=7.26e-05, Loss=2.28e-03 BER=8.95e-04 FER=1.62e-02
2025-10-22 03:04:08,510 | INFO | Epoch 707 Train Time 97.53848648071289s

2025-10-22 03:05:48,993 | INFO | Training epoch 708, Batch 1000/1000: LR=7.25e-05, Loss=2.24e-03 BER=8.84e-04 FER=1.60e-02
2025-10-22 03:05:49,046 | INFO | Epoch 708 Train Time 100.5347695350647s

2025-10-22 03:07:36,007 | INFO | Training epoch 709, Batch 1000/1000: LR=7.24e-05, Loss=2.24e-03 BER=8.81e-04 FER=1.60e-02
2025-10-22 03:07:36,059 | INFO | Epoch 709 Train Time 107.01228642463684s

2025-10-22 03:09:19,593 | INFO | Training epoch 710, Batch 1000/1000: LR=7.23e-05, Loss=2.36e-03 BER=9.33e-04 FER=1.70e-02
2025-10-22 03:09:19,657 | INFO | Epoch 710 Train Time 103.59752130508423s

2025-10-22 03:10:58,874 | INFO | Training epoch 711, Batch 1000/1000: LR=7.23e-05, Loss=2.33e-03 BER=9.24e-04 FER=1.64e-02
2025-10-22 03:10:58,934 | INFO | Epoch 711 Train Time 99.27472615242004s

2025-10-22 03:12:29,086 | INFO | Training epoch 712, Batch 1000/1000: LR=7.22e-05, Loss=2.25e-03 BER=8.93e-04 FER=1.61e-02
2025-10-22 03:12:29,140 | INFO | Epoch 712 Train Time 90.20524048805237s

2025-10-22 03:14:07,822 | INFO | Training epoch 713, Batch 1000/1000: LR=7.21e-05, Loss=2.26e-03 BER=8.90e-04 FER=1.61e-02
2025-10-22 03:14:07,887 | INFO | Epoch 713 Train Time 98.7452929019928s

2025-10-22 03:15:49,847 | INFO | Training epoch 714, Batch 1000/1000: LR=7.21e-05, Loss=2.33e-03 BER=9.31e-04 FER=1.67e-02
2025-10-22 03:15:49,911 | INFO | Epoch 714 Train Time 102.02296018600464s

2025-10-22 03:17:34,548 | INFO | Training epoch 715, Batch 1000/1000: LR=7.20e-05, Loss=2.23e-03 BER=8.87e-04 FER=1.60e-02
2025-10-22 03:17:34,615 | INFO | Epoch 715 Train Time 104.70300626754761s

2025-10-22 03:19:10,393 | INFO | Training epoch 716, Batch 1000/1000: LR=7.19e-05, Loss=2.31e-03 BER=9.05e-04 FER=1.63e-02
2025-10-22 03:19:10,451 | INFO | Epoch 716 Train Time 95.83454704284668s

2025-10-22 03:20:52,589 | INFO | Training epoch 717, Batch 1000/1000: LR=7.19e-05, Loss=2.23e-03 BER=8.86e-04 FER=1.62e-02
2025-10-22 03:20:52,642 | INFO | Epoch 717 Train Time 102.18922781944275s

2025-10-22 03:22:32,470 | INFO | Training epoch 718, Batch 1000/1000: LR=7.18e-05, Loss=2.30e-03 BER=9.07e-04 FER=1.63e-02
2025-10-22 03:22:32,515 | INFO | Epoch 718 Train Time 99.87239813804626s

2025-10-22 03:24:06,198 | INFO | Training epoch 719, Batch 1000/1000: LR=7.17e-05, Loss=2.39e-03 BER=9.48e-04 FER=1.68e-02
2025-10-22 03:24:06,262 | INFO | Epoch 719 Train Time 93.7449562549591s

2025-10-22 03:25:49,158 | INFO | Training epoch 720, Batch 1000/1000: LR=7.16e-05, Loss=2.15e-03 BER=8.41e-04 FER=1.56e-02
2025-10-22 03:25:49,204 | INFO | Epoch 720 Train Time 102.94131231307983s

2025-10-22 03:27:28,864 | INFO | Training epoch 721, Batch 1000/1000: LR=7.16e-05, Loss=2.25e-03 BER=8.80e-04 FER=1.58e-02
2025-10-22 03:27:28,905 | INFO | Epoch 721 Train Time 99.69937777519226s

2025-10-22 03:29:21,315 | INFO | Training epoch 722, Batch 1000/1000: LR=7.15e-05, Loss=2.23e-03 BER=8.71e-04 FER=1.62e-02
2025-10-22 03:29:21,380 | INFO | Epoch 722 Train Time 112.47397422790527s

2025-10-22 03:31:04,504 | INFO | Training epoch 723, Batch 1000/1000: LR=7.14e-05, Loss=2.27e-03 BER=8.89e-04 FER=1.63e-02
2025-10-22 03:31:04,562 | INFO | Epoch 723 Train Time 103.18045926094055s

2025-10-22 03:32:48,744 | INFO | Training epoch 724, Batch 1000/1000: LR=7.14e-05, Loss=2.32e-03 BER=9.27e-04 FER=1.67e-02
2025-10-22 03:32:48,796 | INFO | Epoch 724 Train Time 104.2324321269989s

2025-10-22 03:34:24,873 | INFO | Training epoch 725, Batch 1000/1000: LR=7.13e-05, Loss=2.36e-03 BER=9.35e-04 FER=1.68e-02
2025-10-22 03:34:24,920 | INFO | Epoch 725 Train Time 96.1224775314331s

2025-10-22 03:36:24,405 | INFO | Training epoch 726, Batch 1000/1000: LR=7.12e-05, Loss=2.28e-03 BER=8.89e-04 FER=1.64e-02
2025-10-22 03:36:24,471 | INFO | Epoch 726 Train Time 119.55059385299683s

2025-10-22 03:38:07,316 | INFO | Training epoch 727, Batch 1000/1000: LR=7.12e-05, Loss=2.28e-03 BER=9.04e-04 FER=1.65e-02
2025-10-22 03:38:07,390 | INFO | Epoch 727 Train Time 102.91755151748657s

2025-10-22 03:39:56,506 | INFO | Training epoch 728, Batch 1000/1000: LR=7.11e-05, Loss=2.24e-03 BER=9.00e-04 FER=1.62e-02
2025-10-22 03:39:56,593 | INFO | Epoch 728 Train Time 109.20124220848083s

2025-10-22 03:41:46,771 | INFO | Training epoch 729, Batch 1000/1000: LR=7.10e-05, Loss=2.35e-03 BER=9.37e-04 FER=1.65e-02
2025-10-22 03:41:46,835 | INFO | Epoch 729 Train Time 110.24074029922485s

2025-10-22 03:43:36,458 | INFO | Training epoch 730, Batch 1000/1000: LR=7.09e-05, Loss=2.18e-03 BER=8.66e-04 FER=1.58e-02
2025-10-22 03:43:36,509 | INFO | Epoch 730 Train Time 109.67310357093811s

2025-10-22 03:45:14,896 | INFO | Training epoch 731, Batch 1000/1000: LR=7.09e-05, Loss=2.33e-03 BER=9.29e-04 FER=1.67e-02
2025-10-22 03:45:14,948 | INFO | Epoch 731 Train Time 98.43755197525024s

2025-10-22 03:47:08,973 | INFO | Training epoch 732, Batch 1000/1000: LR=7.08e-05, Loss=2.36e-03 BER=9.41e-04 FER=1.69e-02
2025-10-22 03:47:09,055 | INFO | Epoch 732 Train Time 114.10588669776917s

2025-10-22 03:48:49,983 | INFO | Training epoch 733, Batch 1000/1000: LR=7.07e-05, Loss=2.25e-03 BER=8.84e-04 FER=1.61e-02
2025-10-22 03:48:50,037 | INFO | Epoch 733 Train Time 100.98071646690369s

2025-10-22 03:50:29,848 | INFO | Training epoch 734, Batch 1000/1000: LR=7.07e-05, Loss=2.31e-03 BER=9.09e-04 FER=1.62e-02
2025-10-22 03:50:29,894 | INFO | Epoch 734 Train Time 99.85533165931702s

2025-10-22 03:52:14,509 | INFO | Training epoch 735, Batch 1000/1000: LR=7.06e-05, Loss=2.24e-03 BER=8.94e-04 FER=1.60e-02
2025-10-22 03:52:14,572 | INFO | Epoch 735 Train Time 104.67695546150208s

2025-10-22 03:53:50,360 | INFO | Training epoch 736, Batch 1000/1000: LR=7.05e-05, Loss=2.29e-03 BER=9.12e-04 FER=1.64e-02
2025-10-22 03:53:50,410 | INFO | Epoch 736 Train Time 95.8366494178772s

2025-10-22 03:55:31,345 | INFO | Training epoch 737, Batch 1000/1000: LR=7.04e-05, Loss=2.28e-03 BER=9.14e-04 FER=1.65e-02
2025-10-22 03:55:31,397 | INFO | Epoch 737 Train Time 100.98589754104614s

2025-10-22 03:57:14,599 | INFO | Training epoch 738, Batch 1000/1000: LR=7.04e-05, Loss=2.25e-03 BER=8.92e-04 FER=1.61e-02
2025-10-22 03:57:14,680 | INFO | Epoch 738 Train Time 103.2811644077301s

2025-10-22 03:58:49,311 | INFO | Training epoch 739, Batch 1000/1000: LR=7.03e-05, Loss=2.22e-03 BER=8.82e-04 FER=1.61e-02
2025-10-22 03:58:49,357 | INFO | Epoch 739 Train Time 94.67701864242554s

2025-10-22 04:00:25,441 | INFO | Training epoch 740, Batch 1000/1000: LR=7.02e-05, Loss=2.35e-03 BER=9.18e-04 FER=1.66e-02
2025-10-22 04:00:25,512 | INFO | Epoch 740 Train Time 96.15312957763672s

2025-10-22 04:02:04,264 | INFO | Training epoch 741, Batch 1000/1000: LR=7.02e-05, Loss=2.24e-03 BER=8.88e-04 FER=1.58e-02
2025-10-22 04:02:04,315 | INFO | Epoch 741 Train Time 98.80236983299255s

2025-10-22 04:03:40,358 | INFO | Training epoch 742, Batch 1000/1000: LR=7.01e-05, Loss=2.36e-03 BER=9.22e-04 FER=1.67e-02
2025-10-22 04:03:40,420 | INFO | Epoch 742 Train Time 96.10272574424744s

2025-10-22 04:05:23,939 | INFO | Training epoch 743, Batch 1000/1000: LR=7.00e-05, Loss=2.25e-03 BER=8.90e-04 FER=1.61e-02
2025-10-22 04:05:23,999 | INFO | Epoch 743 Train Time 103.57843232154846s

2025-10-22 04:07:01,554 | INFO | Training epoch 744, Batch 1000/1000: LR=6.99e-05, Loss=2.27e-03 BER=8.84e-04 FER=1.62e-02
2025-10-22 04:07:01,605 | INFO | Epoch 744 Train Time 97.60459852218628s

2025-10-22 04:08:43,502 | INFO | Training epoch 745, Batch 1000/1000: LR=6.99e-05, Loss=2.20e-03 BER=8.66e-04 FER=1.57e-02
2025-10-22 04:08:43,569 | INFO | Epoch 745 Train Time 101.9624092578888s

2025-10-22 04:10:22,542 | INFO | Training epoch 746, Batch 1000/1000: LR=6.98e-05, Loss=2.38e-03 BER=9.51e-04 FER=1.68e-02
2025-10-22 04:10:22,597 | INFO | Epoch 746 Train Time 99.0272057056427s

2025-10-22 04:12:03,597 | INFO | Training epoch 747, Batch 1000/1000: LR=6.97e-05, Loss=2.21e-03 BER=8.64e-04 FER=1.59e-02
2025-10-22 04:12:03,650 | INFO | Epoch 747 Train Time 101.05153965950012s

2025-10-22 04:13:46,297 | INFO | Training epoch 748, Batch 1000/1000: LR=6.97e-05, Loss=2.31e-03 BER=9.06e-04 FER=1.65e-02
2025-10-22 04:13:46,332 | INFO | Epoch 748 Train Time 102.68058490753174s

2025-10-22 04:15:29,619 | INFO | Training epoch 749, Batch 1000/1000: LR=6.96e-05, Loss=2.18e-03 BER=8.58e-04 FER=1.55e-02
2025-10-22 04:15:29,693 | INFO | Epoch 749 Train Time 103.35926032066345s

2025-10-22 04:17:08,749 | INFO | Training epoch 750, Batch 1000/1000: LR=6.95e-05, Loss=2.18e-03 BER=8.70e-04 FER=1.58e-02
2025-10-22 04:17:08,790 | INFO | Epoch 750 Train Time 99.09474992752075s

2025-10-22 04:18:53,238 | INFO | Training epoch 751, Batch 1000/1000: LR=6.94e-05, Loss=2.22e-03 BER=8.81e-04 FER=1.60e-02
2025-10-22 04:18:53,291 | INFO | Epoch 751 Train Time 104.50038528442383s

2025-10-22 04:20:28,377 | INFO | Training epoch 752, Batch 1000/1000: LR=6.94e-05, Loss=2.26e-03 BER=8.99e-04 FER=1.61e-02
2025-10-22 04:20:28,430 | INFO | Epoch 752 Train Time 95.13752484321594s

2025-10-22 04:22:12,589 | INFO | Training epoch 753, Batch 1000/1000: LR=6.93e-05, Loss=2.20e-03 BER=8.62e-04 FER=1.57e-02
2025-10-22 04:22:12,652 | INFO | Epoch 753 Train Time 104.22104954719543s

2025-10-22 04:23:50,012 | INFO | Training epoch 754, Batch 1000/1000: LR=6.92e-05, Loss=2.26e-03 BER=8.85e-04 FER=1.58e-02
2025-10-22 04:23:50,066 | INFO | Epoch 754 Train Time 97.41231203079224s

2025-10-22 04:25:29,024 | INFO | Training epoch 755, Batch 1000/1000: LR=6.92e-05, Loss=2.28e-03 BER=9.04e-04 FER=1.62e-02
2025-10-22 04:25:29,078 | INFO | Epoch 755 Train Time 99.01088094711304s

2025-10-22 04:27:11,999 | INFO | Training epoch 756, Batch 1000/1000: LR=6.91e-05, Loss=2.27e-03 BER=9.11e-04 FER=1.60e-02
2025-10-22 04:27:12,062 | INFO | Epoch 756 Train Time 102.98185229301453s

2025-10-22 04:28:58,075 | INFO | Training epoch 757, Batch 1000/1000: LR=6.90e-05, Loss=2.28e-03 BER=8.98e-04 FER=1.64e-02
2025-10-22 04:28:58,125 | INFO | Epoch 757 Train Time 106.06192803382874s

2025-10-22 04:30:36,325 | INFO | Training epoch 758, Batch 1000/1000: LR=6.89e-05, Loss=2.31e-03 BER=9.24e-04 FER=1.64e-02
2025-10-22 04:30:36,383 | INFO | Epoch 758 Train Time 98.25692057609558s

2025-10-22 04:32:18,421 | INFO | Training epoch 759, Batch 1000/1000: LR=6.89e-05, Loss=2.32e-03 BER=9.17e-04 FER=1.67e-02
2025-10-22 04:32:18,505 | INFO | Epoch 759 Train Time 102.11953973770142s

2025-10-22 04:34:00,556 | INFO | Training epoch 760, Batch 1000/1000: LR=6.88e-05, Loss=2.23e-03 BER=8.86e-04 FER=1.60e-02
2025-10-22 04:34:00,606 | INFO | Epoch 760 Train Time 102.10017251968384s

2025-10-22 04:35:46,277 | INFO | Training epoch 761, Batch 1000/1000: LR=6.87e-05, Loss=2.26e-03 BER=8.90e-04 FER=1.62e-02
2025-10-22 04:35:46,341 | INFO | Epoch 761 Train Time 105.73344421386719s

2025-10-22 04:37:28,457 | INFO | Training epoch 762, Batch 1000/1000: LR=6.86e-05, Loss=2.22e-03 BER=8.92e-04 FER=1.59e-02
2025-10-22 04:37:28,515 | INFO | Epoch 762 Train Time 102.17299628257751s

2025-10-22 04:39:10,073 | INFO | Training epoch 763, Batch 1000/1000: LR=6.86e-05, Loss=2.20e-03 BER=8.76e-04 FER=1.56e-02
2025-10-22 04:39:10,129 | INFO | Epoch 763 Train Time 101.61298775672913s

2025-10-22 04:40:40,939 | INFO | Training epoch 764, Batch 1000/1000: LR=6.85e-05, Loss=2.33e-03 BER=9.22e-04 FER=1.64e-02
2025-10-22 04:40:41,006 | INFO | Epoch 764 Train Time 90.875723361969s

2025-10-22 04:42:20,088 | INFO | Training epoch 765, Batch 1000/1000: LR=6.84e-05, Loss=2.17e-03 BER=8.57e-04 FER=1.55e-02
2025-10-22 04:42:20,151 | INFO | Epoch 765 Train Time 99.14410495758057s

2025-10-22 04:44:01,973 | INFO | Training epoch 766, Batch 1000/1000: LR=6.84e-05, Loss=2.20e-03 BER=8.69e-04 FER=1.56e-02
2025-10-22 04:44:02,044 | INFO | Epoch 766 Train Time 101.89146184921265s

2025-10-22 04:45:34,925 | INFO | Training epoch 767, Batch 1000/1000: LR=6.83e-05, Loss=2.32e-03 BER=9.07e-04 FER=1.65e-02
2025-10-22 04:45:34,973 | INFO | Epoch 767 Train Time 92.92818832397461s

2025-10-22 04:47:11,367 | INFO | Training epoch 768, Batch 1000/1000: LR=6.82e-05, Loss=2.29e-03 BER=9.10e-04 FER=1.62e-02
2025-10-22 04:47:11,415 | INFO | Epoch 768 Train Time 96.43982934951782s

2025-10-22 04:48:49,028 | INFO | Training epoch 769, Batch 1000/1000: LR=6.81e-05, Loss=2.31e-03 BER=9.13e-04 FER=1.66e-02
2025-10-22 04:48:49,083 | INFO | Epoch 769 Train Time 97.66711902618408s

2025-10-22 04:50:33,501 | INFO | Training epoch 770, Batch 1000/1000: LR=6.81e-05, Loss=2.33e-03 BER=9.27e-04 FER=1.66e-02
2025-10-22 04:50:33,559 | INFO | Epoch 770 Train Time 104.47443509101868s

2025-10-22 04:52:21,047 | INFO | Training epoch 771, Batch 1000/1000: LR=6.80e-05, Loss=2.30e-03 BER=9.10e-04 FER=1.63e-02
2025-10-22 04:52:21,109 | INFO | Epoch 771 Train Time 107.5491795539856s

2025-10-22 04:54:09,777 | INFO | Training epoch 772, Batch 1000/1000: LR=6.79e-05, Loss=2.26e-03 BER=8.94e-04 FER=1.59e-02
2025-10-22 04:54:09,831 | INFO | Epoch 772 Train Time 108.72112107276917s

2025-10-22 04:55:58,205 | INFO | Training epoch 773, Batch 1000/1000: LR=6.79e-05, Loss=2.26e-03 BER=8.97e-04 FER=1.64e-02
2025-10-22 04:55:58,255 | INFO | Epoch 773 Train Time 108.42256498336792s

2025-10-22 04:57:54,698 | INFO | Training epoch 774, Batch 1000/1000: LR=6.78e-05, Loss=2.28e-03 BER=9.01e-04 FER=1.63e-02
2025-10-22 04:57:54,748 | INFO | Epoch 774 Train Time 116.49213361740112s

2025-10-22 04:59:42,127 | INFO | Training epoch 775, Batch 1000/1000: LR=6.77e-05, Loss=2.26e-03 BER=8.88e-04 FER=1.60e-02
2025-10-22 04:59:42,182 | INFO | Epoch 775 Train Time 107.43240070343018s

2025-10-22 05:01:32,491 | INFO | Training epoch 776, Batch 1000/1000: LR=6.76e-05, Loss=2.23e-03 BER=8.89e-04 FER=1.61e-02
2025-10-22 05:01:32,556 | INFO | Epoch 776 Train Time 110.37316751480103s

2025-10-22 05:03:27,065 | INFO | Training epoch 777, Batch 1000/1000: LR=6.76e-05, Loss=2.32e-03 BER=9.15e-04 FER=1.65e-02
2025-10-22 05:03:27,118 | INFO | Epoch 777 Train Time 114.56079125404358s

2025-10-22 05:05:10,347 | INFO | Training epoch 778, Batch 1000/1000: LR=6.75e-05, Loss=2.19e-03 BER=8.54e-04 FER=1.54e-02
2025-10-22 05:05:10,388 | INFO | Epoch 778 Train Time 103.26923489570618s

2025-10-22 05:06:53,665 | INFO | Training epoch 779, Batch 1000/1000: LR=6.74e-05, Loss=2.28e-03 BER=8.95e-04 FER=1.61e-02
2025-10-22 05:06:53,729 | INFO | Epoch 779 Train Time 103.34025359153748s

2025-10-22 05:08:39,710 | INFO | Training epoch 780, Batch 1000/1000: LR=6.73e-05, Loss=2.26e-03 BER=9.01e-04 FER=1.63e-02
2025-10-22 05:08:39,764 | INFO | Epoch 780 Train Time 106.03353786468506s

2025-10-22 05:10:23,484 | INFO | Training epoch 781, Batch 1000/1000: LR=6.73e-05, Loss=2.20e-03 BER=8.71e-04 FER=1.60e-02
2025-10-22 05:10:23,534 | INFO | Epoch 781 Train Time 103.76895141601562s

2025-10-22 05:12:00,543 | INFO | Training epoch 782, Batch 1000/1000: LR=6.72e-05, Loss=2.36e-03 BER=9.33e-04 FER=1.67e-02
2025-10-22 05:12:00,598 | INFO | Epoch 782 Train Time 97.0627715587616s

2025-10-22 05:13:45,796 | INFO | Training epoch 783, Batch 1000/1000: LR=6.71e-05, Loss=2.25e-03 BER=9.01e-04 FER=1.61e-02
2025-10-22 05:13:45,847 | INFO | Epoch 783 Train Time 105.2477056980133s

2025-10-22 05:15:30,037 | INFO | Training epoch 784, Batch 1000/1000: LR=6.70e-05, Loss=2.26e-03 BER=8.92e-04 FER=1.61e-02
2025-10-22 05:15:30,090 | INFO | Epoch 784 Train Time 104.24152517318726s

2025-10-22 05:17:16,124 | INFO | Training epoch 785, Batch 1000/1000: LR=6.70e-05, Loss=2.30e-03 BER=9.05e-04 FER=1.65e-02
2025-10-22 05:17:16,172 | INFO | Epoch 785 Train Time 106.08134126663208s

2025-10-22 05:18:54,735 | INFO | Training epoch 786, Batch 1000/1000: LR=6.69e-05, Loss=2.24e-03 BER=8.94e-04 FER=1.59e-02
2025-10-22 05:18:54,788 | INFO | Epoch 786 Train Time 98.61521339416504s

2025-10-22 05:20:37,848 | INFO | Training epoch 787, Batch 1000/1000: LR=6.68e-05, Loss=2.23e-03 BER=8.85e-04 FER=1.59e-02
2025-10-22 05:20:37,896 | INFO | Epoch 787 Train Time 103.10615301132202s

2025-10-22 05:22:24,195 | INFO | Training epoch 788, Batch 1000/1000: LR=6.68e-05, Loss=2.33e-03 BER=9.20e-04 FER=1.67e-02
2025-10-22 05:22:24,246 | INFO | Epoch 788 Train Time 106.3496196269989s

2025-10-22 05:24:02,613 | INFO | Training epoch 789, Batch 1000/1000: LR=6.67e-05, Loss=2.28e-03 BER=9.05e-04 FER=1.60e-02
2025-10-22 05:24:02,680 | INFO | Epoch 789 Train Time 98.43290948867798s

2025-10-22 05:25:48,266 | INFO | Training epoch 790, Batch 1000/1000: LR=6.66e-05, Loss=2.21e-03 BER=8.68e-04 FER=1.56e-02
2025-10-22 05:25:48,314 | INFO | Epoch 790 Train Time 105.63287734985352s

2025-10-22 05:27:39,332 | INFO | Training epoch 791, Batch 1000/1000: LR=6.65e-05, Loss=2.31e-03 BER=9.05e-04 FER=1.63e-02
2025-10-22 05:27:39,375 | INFO | Epoch 791 Train Time 111.06035327911377s

2025-10-22 05:29:21,285 | INFO | Training epoch 792, Batch 1000/1000: LR=6.65e-05, Loss=2.33e-03 BER=9.21e-04 FER=1.65e-02
2025-10-22 05:29:21,341 | INFO | Epoch 792 Train Time 101.96471405029297s

2025-10-22 05:31:05,118 | INFO | Training epoch 793, Batch 1000/1000: LR=6.64e-05, Loss=2.26e-03 BER=8.96e-04 FER=1.61e-02
2025-10-22 05:31:05,167 | INFO | Epoch 793 Train Time 103.82414841651917s

2025-10-22 05:32:50,389 | INFO | Training epoch 794, Batch 1000/1000: LR=6.63e-05, Loss=2.23e-03 BER=8.86e-04 FER=1.58e-02
2025-10-22 05:32:50,454 | INFO | Epoch 794 Train Time 105.28634023666382s

2025-10-22 05:34:28,135 | INFO | Training epoch 795, Batch 1000/1000: LR=6.62e-05, Loss=2.24e-03 BER=8.99e-04 FER=1.63e-02
2025-10-22 05:34:28,195 | INFO | Epoch 795 Train Time 97.73878860473633s

2025-10-22 05:36:13,521 | INFO | Training epoch 796, Batch 1000/1000: LR=6.62e-05, Loss=2.29e-03 BER=9.09e-04 FER=1.63e-02
2025-10-22 05:36:13,591 | INFO | Epoch 796 Train Time 105.39561414718628s

2025-10-22 05:37:53,777 | INFO | Training epoch 797, Batch 1000/1000: LR=6.61e-05, Loss=2.27e-03 BER=9.02e-04 FER=1.61e-02
2025-10-22 05:37:53,841 | INFO | Epoch 797 Train Time 100.2483971118927s

2025-10-22 05:39:33,196 | INFO | Training epoch 798, Batch 1000/1000: LR=6.60e-05, Loss=2.27e-03 BER=8.99e-04 FER=1.63e-02
2025-10-22 05:39:33,247 | INFO | Epoch 798 Train Time 99.40483498573303s

2025-10-22 05:41:15,832 | INFO | Training epoch 799, Batch 1000/1000: LR=6.59e-05, Loss=2.31e-03 BER=9.27e-04 FER=1.68e-02
2025-10-22 05:41:15,878 | INFO | Epoch 799 Train Time 102.62976408004761s

2025-10-22 05:43:01,592 | INFO | Training epoch 800, Batch 1000/1000: LR=6.59e-05, Loss=2.30e-03 BER=8.98e-04 FER=1.64e-02
2025-10-22 05:43:01,646 | INFO | Epoch 800 Train Time 105.7664566040039s

2025-10-22 05:44:43,268 | INFO | Training epoch 801, Batch 1000/1000: LR=6.58e-05, Loss=2.22e-03 BER=8.80e-04 FER=1.53e-02
2025-10-22 05:44:43,320 | INFO | Epoch 801 Train Time 101.67256116867065s

2025-10-22 05:46:19,769 | INFO | Training epoch 802, Batch 1000/1000: LR=6.57e-05, Loss=2.31e-03 BER=9.18e-04 FER=1.63e-02
2025-10-22 05:46:19,823 | INFO | Epoch 802 Train Time 96.50246691703796s

2025-10-22 05:47:59,954 | INFO | Training epoch 803, Batch 1000/1000: LR=6.56e-05, Loss=2.29e-03 BER=9.06e-04 FER=1.64e-02
2025-10-22 05:48:00,010 | INFO | Epoch 803 Train Time 100.18510103225708s

2025-10-22 05:49:40,798 | INFO | Training epoch 804, Batch 1000/1000: LR=6.56e-05, Loss=2.32e-03 BER=9.13e-04 FER=1.66e-02
2025-10-22 05:49:40,847 | INFO | Epoch 804 Train Time 100.836017370224s

2025-10-22 05:51:17,993 | INFO | Training epoch 805, Batch 1000/1000: LR=6.55e-05, Loss=2.19e-03 BER=8.75e-04 FER=1.58e-02
2025-10-22 05:51:18,038 | INFO | Epoch 805 Train Time 97.18929433822632s

2025-10-22 05:53:01,986 | INFO | Training epoch 806, Batch 1000/1000: LR=6.54e-05, Loss=2.32e-03 BER=9.12e-04 FER=1.63e-02
2025-10-22 05:53:02,037 | INFO | Epoch 806 Train Time 103.99751663208008s

2025-10-22 05:54:36,936 | INFO | Training epoch 807, Batch 1000/1000: LR=6.54e-05, Loss=2.28e-03 BER=9.14e-04 FER=1.61e-02
2025-10-22 05:54:36,982 | INFO | Epoch 807 Train Time 94.94305205345154s

2025-10-22 05:56:15,362 | INFO | Training epoch 808, Batch 1000/1000: LR=6.53e-05, Loss=2.24e-03 BER=8.92e-04 FER=1.62e-02
2025-10-22 05:56:15,416 | INFO | Epoch 808 Train Time 98.43246936798096s

2025-10-22 05:57:59,353 | INFO | Training epoch 809, Batch 1000/1000: LR=6.52e-05, Loss=2.26e-03 BER=8.90e-04 FER=1.63e-02
2025-10-22 05:57:59,400 | INFO | Epoch 809 Train Time 103.98318290710449s

2025-10-22 05:59:45,804 | INFO | Training epoch 810, Batch 1000/1000: LR=6.51e-05, Loss=2.33e-03 BER=9.30e-04 FER=1.67e-02
2025-10-22 05:59:45,856 | INFO | Epoch 810 Train Time 106.45483231544495s

2025-10-22 06:01:24,456 | INFO | Training epoch 811, Batch 1000/1000: LR=6.51e-05, Loss=2.24e-03 BER=8.84e-04 FER=1.61e-02
2025-10-22 06:01:24,521 | INFO | Epoch 811 Train Time 98.66388940811157s

2025-10-22 06:03:04,826 | INFO | Training epoch 812, Batch 1000/1000: LR=6.50e-05, Loss=2.20e-03 BER=8.74e-04 FER=1.59e-02
2025-10-22 06:03:04,882 | INFO | Epoch 812 Train Time 100.35852885246277s

2025-10-22 06:04:47,802 | INFO | Training epoch 813, Batch 1000/1000: LR=6.49e-05, Loss=2.18e-03 BER=8.51e-04 FER=1.56e-02
2025-10-22 06:04:47,858 | INFO | Epoch 813 Train Time 102.97485017776489s

2025-10-22 06:06:31,807 | INFO | Training epoch 814, Batch 1000/1000: LR=6.48e-05, Loss=2.26e-03 BER=8.89e-04 FER=1.59e-02
2025-10-22 06:06:31,874 | INFO | Epoch 814 Train Time 104.0153636932373s

2025-10-22 06:08:10,038 | INFO | Training epoch 815, Batch 1000/1000: LR=6.48e-05, Loss=2.21e-03 BER=8.76e-04 FER=1.58e-02
2025-10-22 06:08:10,101 | INFO | Epoch 815 Train Time 98.22621703147888s

2025-10-22 06:09:58,853 | INFO | Training epoch 816, Batch 1000/1000: LR=6.47e-05, Loss=2.16e-03 BER=8.56e-04 FER=1.53e-02
2025-10-22 06:09:58,918 | INFO | Epoch 816 Train Time 108.81523871421814s

2025-10-22 06:11:44,933 | INFO | Training epoch 817, Batch 1000/1000: LR=6.46e-05, Loss=2.19e-03 BER=8.64e-04 FER=1.57e-02
2025-10-22 06:11:44,984 | INFO | Epoch 817 Train Time 106.06504964828491s

2025-10-22 06:13:27,248 | INFO | Training epoch 818, Batch 1000/1000: LR=6.45e-05, Loss=2.27e-03 BER=9.03e-04 FER=1.61e-02
2025-10-22 06:13:27,312 | INFO | Epoch 818 Train Time 102.32791996002197s

2025-10-22 06:15:16,415 | INFO | Training epoch 819, Batch 1000/1000: LR=6.45e-05, Loss=2.22e-03 BER=8.79e-04 FER=1.57e-02
2025-10-22 06:15:16,464 | INFO | Epoch 819 Train Time 109.15005922317505s

2025-10-22 06:16:58,990 | INFO | Training epoch 820, Batch 1000/1000: LR=6.44e-05, Loss=2.32e-03 BER=9.11e-04 FER=1.63e-02
2025-10-22 06:16:59,058 | INFO | Epoch 820 Train Time 102.59383988380432s

2025-10-22 06:18:41,059 | INFO | Training epoch 821, Batch 1000/1000: LR=6.43e-05, Loss=2.24e-03 BER=8.90e-04 FER=1.62e-02
2025-10-22 06:18:41,108 | INFO | Epoch 821 Train Time 102.04874324798584s

2025-10-22 06:20:20,162 | INFO | Training epoch 822, Batch 1000/1000: LR=6.42e-05, Loss=2.32e-03 BER=9.13e-04 FER=1.66e-02
2025-10-22 06:20:20,217 | INFO | Epoch 822 Train Time 99.10697650909424s

2025-10-22 06:22:05,827 | INFO | Training epoch 823, Batch 1000/1000: LR=6.42e-05, Loss=2.24e-03 BER=8.84e-04 FER=1.59e-02
2025-10-22 06:22:05,889 | INFO | Epoch 823 Train Time 105.67182421684265s

2025-10-22 06:23:40,854 | INFO | Training epoch 824, Batch 1000/1000: LR=6.41e-05, Loss=2.17e-03 BER=8.58e-04 FER=1.56e-02
2025-10-22 06:23:40,908 | INFO | Epoch 824 Train Time 95.0179431438446s

2025-10-22 06:25:17,008 | INFO | Training epoch 825, Batch 1000/1000: LR=6.40e-05, Loss=2.27e-03 BER=8.98e-04 FER=1.61e-02
2025-10-22 06:25:17,060 | INFO | Epoch 825 Train Time 96.15048885345459s

2025-10-22 06:27:01,036 | INFO | Training epoch 826, Batch 1000/1000: LR=6.39e-05, Loss=2.30e-03 BER=9.12e-04 FER=1.63e-02
2025-10-22 06:27:01,073 | INFO | Epoch 826 Train Time 104.012136220932s

2025-10-22 06:28:38,864 | INFO | Training epoch 827, Batch 1000/1000: LR=6.39e-05, Loss=2.29e-03 BER=9.13e-04 FER=1.65e-02
2025-10-22 06:28:38,913 | INFO | Epoch 827 Train Time 97.83893823623657s

2025-10-22 06:30:18,962 | INFO | Training epoch 828, Batch 1000/1000: LR=6.38e-05, Loss=2.26e-03 BER=8.91e-04 FER=1.60e-02
2025-10-22 06:30:19,011 | INFO | Epoch 828 Train Time 100.09609365463257s

2025-10-22 06:31:55,188 | INFO | Training epoch 829, Batch 1000/1000: LR=6.37e-05, Loss=2.30e-03 BER=8.91e-04 FER=1.61e-02
2025-10-22 06:31:55,235 | INFO | Epoch 829 Train Time 96.22190952301025s

2025-10-22 06:33:31,875 | INFO | Training epoch 830, Batch 1000/1000: LR=6.36e-05, Loss=2.24e-03 BER=8.90e-04 FER=1.59e-02
2025-10-22 06:33:31,935 | INFO | Epoch 830 Train Time 96.69821286201477s

2025-10-22 06:35:16,048 | INFO | Training epoch 831, Batch 1000/1000: LR=6.36e-05, Loss=2.29e-03 BER=8.96e-04 FER=1.61e-02
2025-10-22 06:35:16,095 | INFO | Epoch 831 Train Time 104.15932035446167s

2025-10-22 06:36:51,659 | INFO | Training epoch 832, Batch 1000/1000: LR=6.35e-05, Loss=2.25e-03 BER=8.96e-04 FER=1.60e-02
2025-10-22 06:36:51,707 | INFO | Epoch 832 Train Time 95.6098620891571s

2025-10-22 06:38:32,256 | INFO | Training epoch 833, Batch 1000/1000: LR=6.34e-05, Loss=2.28e-03 BER=9.04e-04 FER=1.60e-02
2025-10-22 06:38:32,318 | INFO | Epoch 833 Train Time 100.6103184223175s

2025-10-22 06:40:12,096 | INFO | Training epoch 834, Batch 1000/1000: LR=6.33e-05, Loss=2.32e-03 BER=9.15e-04 FER=1.63e-02
2025-10-22 06:40:12,157 | INFO | Epoch 834 Train Time 99.83816885948181s

2025-10-22 06:41:51,677 | INFO | Training epoch 835, Batch 1000/1000: LR=6.33e-05, Loss=2.25e-03 BER=8.89e-04 FER=1.58e-02
2025-10-22 06:41:51,723 | INFO | Epoch 835 Train Time 99.56427955627441s

2025-10-22 06:43:32,549 | INFO | Training epoch 836, Batch 1000/1000: LR=6.32e-05, Loss=2.29e-03 BER=9.07e-04 FER=1.61e-02
2025-10-22 06:43:32,597 | INFO | Epoch 836 Train Time 100.8725471496582s

2025-10-22 06:45:12,479 | INFO | Training epoch 837, Batch 1000/1000: LR=6.31e-05, Loss=2.20e-03 BER=8.69e-04 FER=1.58e-02
2025-10-22 06:45:12,533 | INFO | Epoch 837 Train Time 99.93536448478699s

2025-10-22 06:46:55,996 | INFO | Training epoch 838, Batch 1000/1000: LR=6.30e-05, Loss=2.25e-03 BER=8.96e-04 FER=1.60e-02
2025-10-22 06:46:56,046 | INFO | Epoch 838 Train Time 103.51199865341187s

2025-10-22 06:48:34,599 | INFO | Training epoch 839, Batch 1000/1000: LR=6.30e-05, Loss=2.36e-03 BER=9.39e-04 FER=1.68e-02
2025-10-22 06:48:34,658 | INFO | Epoch 839 Train Time 98.60910391807556s

2025-10-22 06:50:08,494 | INFO | Training epoch 840, Batch 1000/1000: LR=6.29e-05, Loss=2.10e-03 BER=8.31e-04 FER=1.50e-02
2025-10-22 06:50:08,558 | INFO | Epoch 840 Train Time 93.89992904663086s

2025-10-22 06:50:08,559 | INFO | [P2] saving best_model (QAT) with loss 0.002101 at epoch 840
2025-10-22 06:51:50,270 | INFO | Training epoch 841, Batch 1000/1000: LR=6.28e-05, Loss=2.22e-03 BER=8.81e-04 FER=1.58e-02
2025-10-22 06:51:50,329 | INFO | Epoch 841 Train Time 101.68999004364014s

2025-10-22 06:53:35,962 | INFO | Training epoch 842, Batch 1000/1000: LR=6.27e-05, Loss=2.24e-03 BER=8.89e-04 FER=1.56e-02
2025-10-22 06:53:36,015 | INFO | Epoch 842 Train Time 105.68489170074463s

2025-10-22 06:55:19,879 | INFO | Training epoch 843, Batch 1000/1000: LR=6.27e-05, Loss=2.29e-03 BER=9.09e-04 FER=1.65e-02
2025-10-22 06:55:19,932 | INFO | Epoch 843 Train Time 103.9157497882843s

2025-10-22 06:56:55,823 | INFO | Training epoch 844, Batch 1000/1000: LR=6.26e-05, Loss=2.18e-03 BER=8.77e-04 FER=1.59e-02
2025-10-22 06:56:55,873 | INFO | Epoch 844 Train Time 95.9377965927124s

2025-10-22 06:58:37,193 | INFO | Training epoch 845, Batch 1000/1000: LR=6.25e-05, Loss=2.27e-03 BER=8.91e-04 FER=1.60e-02
2025-10-22 06:58:37,244 | INFO | Epoch 845 Train Time 101.37032198905945s

2025-10-22 07:00:09,591 | INFO | Training epoch 846, Batch 1000/1000: LR=6.24e-05, Loss=2.36e-03 BER=9.40e-04 FER=1.68e-02
2025-10-22 07:00:09,650 | INFO | Epoch 846 Train Time 92.40442156791687s

2025-10-22 07:01:51,994 | INFO | Training epoch 847, Batch 1000/1000: LR=6.24e-05, Loss=2.23e-03 BER=8.76e-04 FER=1.59e-02
2025-10-22 07:01:52,040 | INFO | Epoch 847 Train Time 102.38824486732483s

2025-10-22 07:03:29,868 | INFO | Training epoch 848, Batch 1000/1000: LR=6.23e-05, Loss=2.23e-03 BER=8.77e-04 FER=1.58e-02
2025-10-22 07:03:29,933 | INFO | Epoch 848 Train Time 97.89289569854736s

2025-10-22 07:05:05,529 | INFO | Training epoch 849, Batch 1000/1000: LR=6.22e-05, Loss=2.22e-03 BER=8.87e-04 FER=1.58e-02
2025-10-22 07:05:05,585 | INFO | Epoch 849 Train Time 95.65081596374512s

2025-10-22 07:06:41,592 | INFO | Training epoch 850, Batch 1000/1000: LR=6.21e-05, Loss=2.22e-03 BER=8.71e-04 FER=1.59e-02
2025-10-22 07:06:41,643 | INFO | Epoch 850 Train Time 96.0566201210022s

2025-10-22 07:08:21,014 | INFO | Training epoch 851, Batch 1000/1000: LR=6.21e-05, Loss=2.28e-03 BER=9.10e-04 FER=1.64e-02
2025-10-22 07:08:21,072 | INFO | Epoch 851 Train Time 99.42687201499939s

2025-10-22 07:10:00,506 | INFO | Training epoch 852, Batch 1000/1000: LR=6.20e-05, Loss=2.19e-03 BER=8.67e-04 FER=1.59e-02
2025-10-22 07:10:00,556 | INFO | Epoch 852 Train Time 99.48239016532898s

2025-10-22 07:11:46,766 | INFO | Training epoch 853, Batch 1000/1000: LR=6.19e-05, Loss=2.29e-03 BER=9.13e-04 FER=1.62e-02
2025-10-22 07:11:46,816 | INFO | Epoch 853 Train Time 106.25913691520691s

2025-10-22 07:13:36,842 | INFO | Training epoch 854, Batch 1000/1000: LR=6.18e-05, Loss=2.20e-03 BER=8.72e-04 FER=1.60e-02
2025-10-22 07:13:36,892 | INFO | Epoch 854 Train Time 110.07509326934814s

2025-10-22 07:15:11,813 | INFO | Training epoch 855, Batch 1000/1000: LR=6.18e-05, Loss=2.29e-03 BER=9.00e-04 FER=1.62e-02
2025-10-22 07:15:11,863 | INFO | Epoch 855 Train Time 94.96952319145203s

2025-10-22 07:16:51,393 | INFO | Training epoch 856, Batch 1000/1000: LR=6.17e-05, Loss=2.25e-03 BER=8.98e-04 FER=1.60e-02
2025-10-22 07:16:51,457 | INFO | Epoch 856 Train Time 99.59263443946838s

2025-10-22 07:18:35,191 | INFO | Training epoch 857, Batch 1000/1000: LR=6.16e-05, Loss=2.20e-03 BER=8.65e-04 FER=1.55e-02
2025-10-22 07:18:35,272 | INFO | Epoch 857 Train Time 103.8133602142334s

2025-10-22 07:20:17,306 | INFO | Training epoch 858, Batch 1000/1000: LR=6.15e-05, Loss=2.18e-03 BER=8.57e-04 FER=1.55e-02
2025-10-22 07:20:17,351 | INFO | Epoch 858 Train Time 102.07811522483826s

2025-10-22 07:21:57,292 | INFO | Training epoch 859, Batch 1000/1000: LR=6.14e-05, Loss=2.23e-03 BER=8.83e-04 FER=1.57e-02
2025-10-22 07:21:57,339 | INFO | Epoch 859 Train Time 99.98732900619507s

2025-10-22 07:23:42,414 | INFO | Training epoch 860, Batch 1000/1000: LR=6.14e-05, Loss=2.22e-03 BER=8.74e-04 FER=1.59e-02
2025-10-22 07:23:42,466 | INFO | Epoch 860 Train Time 105.12471652030945s

2025-10-22 07:25:35,968 | INFO | Training epoch 861, Batch 1000/1000: LR=6.13e-05, Loss=2.25e-03 BER=8.87e-04 FER=1.60e-02
2025-10-22 07:25:36,034 | INFO | Epoch 861 Train Time 113.56561326980591s

2025-10-22 07:27:36,821 | INFO | Training epoch 862, Batch 1000/1000: LR=6.12e-05, Loss=2.18e-03 BER=8.62e-04 FER=1.56e-02
2025-10-22 07:27:36,874 | INFO | Epoch 862 Train Time 120.83843493461609s

2025-10-22 07:29:24,294 | INFO | Training epoch 863, Batch 1000/1000: LR=6.11e-05, Loss=2.36e-03 BER=9.42e-04 FER=1.68e-02
2025-10-22 07:29:24,349 | INFO | Epoch 863 Train Time 107.4739625453949s

2025-10-22 07:31:10,917 | INFO | Training epoch 864, Batch 1000/1000: LR=6.11e-05, Loss=2.18e-03 BER=8.63e-04 FER=1.53e-02
2025-10-22 07:31:10,965 | INFO | Epoch 864 Train Time 106.61460065841675s

2025-10-22 07:33:04,566 | INFO | Training epoch 865, Batch 1000/1000: LR=6.10e-05, Loss=2.22e-03 BER=8.77e-04 FER=1.57e-02
2025-10-22 07:33:04,617 | INFO | Epoch 865 Train Time 113.65072298049927s

2025-10-22 07:35:04,144 | INFO | Training epoch 866, Batch 1000/1000: LR=6.09e-05, Loss=2.17e-03 BER=8.55e-04 FER=1.56e-02
2025-10-22 07:35:04,203 | INFO | Epoch 866 Train Time 119.58362412452698s

2025-10-22 07:36:48,190 | INFO | Training epoch 867, Batch 1000/1000: LR=6.08e-05, Loss=2.33e-03 BER=9.15e-04 FER=1.64e-02
2025-10-22 07:36:48,238 | INFO | Epoch 867 Train Time 104.03369426727295s

2025-10-22 07:38:28,382 | INFO | Training epoch 868, Batch 1000/1000: LR=6.08e-05, Loss=2.16e-03 BER=8.55e-04 FER=1.53e-02
2025-10-22 07:38:28,430 | INFO | Epoch 868 Train Time 100.19175004959106s

2025-10-22 07:40:05,802 | INFO | Training epoch 869, Batch 1000/1000: LR=6.07e-05, Loss=2.18e-03 BER=8.63e-04 FER=1.56e-02
2025-10-22 07:40:05,853 | INFO | Epoch 869 Train Time 97.42089462280273s

2025-10-22 07:41:46,669 | INFO | Training epoch 870, Batch 1000/1000: LR=6.06e-05, Loss=2.21e-03 BER=8.70e-04 FER=1.56e-02
2025-10-22 07:41:46,718 | INFO | Epoch 870 Train Time 100.86390709877014s

2025-10-22 07:43:31,218 | INFO | Training epoch 871, Batch 1000/1000: LR=6.05e-05, Loss=2.18e-03 BER=8.66e-04 FER=1.57e-02
2025-10-22 07:43:31,289 | INFO | Epoch 871 Train Time 104.56983637809753s

2025-10-22 07:45:18,118 | INFO | Training epoch 872, Batch 1000/1000: LR=6.05e-05, Loss=2.18e-03 BER=8.69e-04 FER=1.56e-02
2025-10-22 07:45:18,181 | INFO | Epoch 872 Train Time 106.89126896858215s

2025-10-22 07:46:51,962 | INFO | Training epoch 873, Batch 1000/1000: LR=6.04e-05, Loss=2.14e-03 BER=8.46e-04 FER=1.52e-02
2025-10-22 07:46:52,012 | INFO | Epoch 873 Train Time 93.83013892173767s

2025-10-22 07:48:32,501 | INFO | Training epoch 874, Batch 1000/1000: LR=6.03e-05, Loss=2.24e-03 BER=8.86e-04 FER=1.58e-02
2025-10-22 07:48:32,571 | INFO | Epoch 874 Train Time 100.55810976028442s

2025-10-22 07:50:16,388 | INFO | Training epoch 875, Batch 1000/1000: LR=6.02e-05, Loss=2.26e-03 BER=8.93e-04 FER=1.59e-02
2025-10-22 07:50:16,439 | INFO | Epoch 875 Train Time 103.86638832092285s

2025-10-22 07:51:57,411 | INFO | Training epoch 876, Batch 1000/1000: LR=6.02e-05, Loss=2.13e-03 BER=8.39e-04 FER=1.51e-02
2025-10-22 07:51:57,456 | INFO | Epoch 876 Train Time 101.0158965587616s

2025-10-22 07:53:34,618 | INFO | Training epoch 877, Batch 1000/1000: LR=6.01e-05, Loss=2.21e-03 BER=8.78e-04 FER=1.57e-02
2025-10-22 07:53:34,671 | INFO | Epoch 877 Train Time 97.21306014060974s

2025-10-22 07:55:15,027 | INFO | Training epoch 878, Batch 1000/1000: LR=6.00e-05, Loss=2.21e-03 BER=8.86e-04 FER=1.57e-02
2025-10-22 07:55:15,082 | INFO | Epoch 878 Train Time 100.40993666648865s

2025-10-22 07:56:54,265 | INFO | Training epoch 879, Batch 1000/1000: LR=5.99e-05, Loss=2.47e-03 BER=9.54e-04 FER=1.84e-02
2025-10-22 07:56:54,321 | INFO | Epoch 879 Train Time 99.23791599273682s

2025-10-22 07:58:36,131 | INFO | Training epoch 880, Batch 1000/1000: LR=5.99e-05, Loss=2.20e-03 BER=8.65e-04 FER=1.52e-02
2025-10-22 07:58:36,186 | INFO | Epoch 880 Train Time 101.86408996582031s

2025-10-22 08:00:12,621 | INFO | Training epoch 881, Batch 1000/1000: LR=5.98e-05, Loss=2.23e-03 BER=8.87e-04 FER=1.61e-02
2025-10-22 08:00:12,670 | INFO | Epoch 881 Train Time 96.48270297050476s

2025-10-22 08:01:53,890 | INFO | Training epoch 882, Batch 1000/1000: LR=5.97e-05, Loss=2.26e-03 BER=8.97e-04 FER=1.60e-02
2025-10-22 08:01:53,945 | INFO | Epoch 882 Train Time 101.27371716499329s

2025-10-22 08:03:36,194 | INFO | Training epoch 883, Batch 1000/1000: LR=5.96e-05, Loss=2.22e-03 BER=8.72e-04 FER=1.56e-02
2025-10-22 08:03:36,266 | INFO | Epoch 883 Train Time 102.32049369812012s

2025-10-22 08:05:18,442 | INFO | Training epoch 884, Batch 1000/1000: LR=5.95e-05, Loss=2.29e-03 BER=9.07e-04 FER=1.65e-02
2025-10-22 08:05:18,491 | INFO | Epoch 884 Train Time 102.223299741745s

2025-10-22 08:06:55,882 | INFO | Training epoch 885, Batch 1000/1000: LR=5.95e-05, Loss=2.24e-03 BER=8.89e-04 FER=1.55e-02
2025-10-22 08:06:55,945 | INFO | Epoch 885 Train Time 97.45291924476624s

2025-10-22 08:08:38,242 | INFO | Training epoch 886, Batch 1000/1000: LR=5.94e-05, Loss=2.31e-03 BER=9.23e-04 FER=1.64e-02
2025-10-22 08:08:38,308 | INFO | Epoch 886 Train Time 102.362380027771s

2025-10-22 08:10:18,902 | INFO | Training epoch 887, Batch 1000/1000: LR=5.93e-05, Loss=2.20e-03 BER=8.75e-04 FER=1.53e-02
2025-10-22 08:10:18,944 | INFO | Epoch 887 Train Time 100.63509964942932s

2025-10-22 08:12:00,081 | INFO | Training epoch 888, Batch 1000/1000: LR=5.92e-05, Loss=2.13e-03 BER=8.54e-04 FER=1.53e-02
2025-10-22 08:12:00,131 | INFO | Epoch 888 Train Time 101.18657279014587s

2025-10-22 08:13:44,402 | INFO | Training epoch 889, Batch 1000/1000: LR=5.92e-05, Loss=2.19e-03 BER=8.59e-04 FER=1.56e-02
2025-10-22 08:13:44,453 | INFO | Epoch 889 Train Time 104.32023668289185s

2025-10-22 08:15:22,301 | INFO | Training epoch 890, Batch 1000/1000: LR=5.91e-05, Loss=2.22e-03 BER=8.88e-04 FER=1.56e-02
2025-10-22 08:15:22,350 | INFO | Epoch 890 Train Time 97.8957245349884s

2025-10-22 08:17:00,404 | INFO | Training epoch 891, Batch 1000/1000: LR=5.90e-05, Loss=2.22e-03 BER=8.95e-04 FER=1.58e-02
2025-10-22 08:17:00,482 | INFO | Epoch 891 Train Time 98.13032102584839s

2025-10-22 08:18:40,858 | INFO | Training epoch 892, Batch 1000/1000: LR=5.89e-05, Loss=2.24e-03 BER=8.86e-04 FER=1.61e-02
2025-10-22 08:18:40,904 | INFO | Epoch 892 Train Time 100.42116975784302s

2025-10-22 08:20:27,550 | INFO | Training epoch 893, Batch 1000/1000: LR=5.89e-05, Loss=2.18e-03 BER=8.64e-04 FER=1.57e-02
2025-10-22 08:20:27,612 | INFO | Epoch 893 Train Time 106.7066125869751s

2025-10-22 08:22:08,301 | INFO | Training epoch 894, Batch 1000/1000: LR=5.88e-05, Loss=2.20e-03 BER=8.73e-04 FER=1.56e-02
2025-10-22 08:22:08,353 | INFO | Epoch 894 Train Time 100.73946499824524s

2025-10-22 08:23:47,072 | INFO | Training epoch 895, Batch 1000/1000: LR=5.87e-05, Loss=2.21e-03 BER=8.80e-04 FER=1.55e-02
2025-10-22 08:23:47,119 | INFO | Epoch 895 Train Time 98.76588654518127s

2025-10-22 08:25:25,498 | INFO | Training epoch 896, Batch 1000/1000: LR=5.86e-05, Loss=2.15e-03 BER=8.55e-04 FER=1.51e-02
2025-10-22 08:25:25,554 | INFO | Epoch 896 Train Time 98.43320965766907s

2025-10-22 08:27:02,053 | INFO | Training epoch 897, Batch 1000/1000: LR=5.86e-05, Loss=2.19e-03 BER=8.63e-04 FER=1.57e-02
2025-10-22 08:27:02,108 | INFO | Epoch 897 Train Time 96.55192136764526s

2025-10-22 08:28:44,511 | INFO | Training epoch 898, Batch 1000/1000: LR=5.85e-05, Loss=2.22e-03 BER=8.76e-04 FER=1.57e-02
2025-10-22 08:28:44,575 | INFO | Epoch 898 Train Time 102.46568608283997s

2025-10-22 08:30:33,310 | INFO | Training epoch 899, Batch 1000/1000: LR=5.84e-05, Loss=2.13e-03 BER=8.37e-04 FER=1.51e-02
2025-10-22 08:30:33,373 | INFO | Epoch 899 Train Time 108.79681921005249s

2025-10-22 08:32:13,146 | INFO | Training epoch 900, Batch 1000/1000: LR=5.83e-05, Loss=2.19e-03 BER=8.68e-04 FER=1.55e-02
2025-10-22 08:32:13,196 | INFO | Epoch 900 Train Time 99.82169508934021s

2025-10-22 08:33:54,790 | INFO | Training epoch 901, Batch 1000/1000: LR=5.82e-05, Loss=2.10e-03 BER=8.36e-04 FER=1.49e-02
2025-10-22 08:33:54,838 | INFO | Epoch 901 Train Time 101.64108395576477s

2025-10-22 08:35:33,598 | INFO | Training epoch 902, Batch 1000/1000: LR=5.82e-05, Loss=2.21e-03 BER=8.72e-04 FER=1.57e-02
2025-10-22 08:35:33,663 | INFO | Epoch 902 Train Time 98.82313942909241s

2025-10-22 08:37:15,342 | INFO | Training epoch 903, Batch 1000/1000: LR=5.81e-05, Loss=2.32e-03 BER=9.21e-04 FER=1.63e-02
2025-10-22 08:37:15,393 | INFO | Epoch 903 Train Time 101.72898745536804s

2025-10-22 08:38:59,224 | INFO | Training epoch 904, Batch 1000/1000: LR=5.80e-05, Loss=2.27e-03 BER=8.96e-04 FER=1.60e-02
2025-10-22 08:38:59,276 | INFO | Epoch 904 Train Time 103.8822033405304s

2025-10-22 08:40:49,389 | INFO | Training epoch 905, Batch 1000/1000: LR=5.79e-05, Loss=2.27e-03 BER=9.04e-04 FER=1.62e-02
2025-10-22 08:40:49,442 | INFO | Epoch 905 Train Time 110.16428661346436s

2025-10-22 08:42:35,774 | INFO | Training epoch 906, Batch 1000/1000: LR=5.79e-05, Loss=2.13e-03 BER=8.31e-04 FER=1.50e-02
2025-10-22 08:42:35,837 | INFO | Epoch 906 Train Time 106.39319348335266s

2025-10-22 08:44:24,561 | INFO | Training epoch 907, Batch 1000/1000: LR=5.78e-05, Loss=2.26e-03 BER=8.83e-04 FER=1.62e-02
2025-10-22 08:44:24,628 | INFO | Epoch 907 Train Time 108.78991675376892s

2025-10-22 08:46:12,926 | INFO | Training epoch 908, Batch 1000/1000: LR=5.77e-05, Loss=2.30e-03 BER=9.06e-04 FER=1.63e-02
2025-10-22 08:46:12,990 | INFO | Epoch 908 Train Time 108.36006450653076s

2025-10-22 08:47:52,736 | INFO | Training epoch 909, Batch 1000/1000: LR=5.76e-05, Loss=2.23e-03 BER=8.80e-04 FER=1.60e-02
2025-10-22 08:47:52,778 | INFO | Epoch 909 Train Time 99.78760886192322s

2025-10-22 08:49:46,262 | INFO | Training epoch 910, Batch 1000/1000: LR=5.76e-05, Loss=2.19e-03 BER=8.71e-04 FER=1.54e-02
2025-10-22 08:49:46,330 | INFO | Epoch 910 Train Time 113.55041670799255s

2025-10-22 08:51:23,826 | INFO | Training epoch 911, Batch 1000/1000: LR=5.75e-05, Loss=2.20e-03 BER=8.83e-04 FER=1.59e-02
2025-10-22 08:51:23,875 | INFO | Epoch 911 Train Time 97.54355478286743s

2025-10-22 08:53:02,920 | INFO | Training epoch 912, Batch 1000/1000: LR=5.74e-05, Loss=2.15e-03 BER=8.62e-04 FER=1.54e-02
2025-10-22 08:53:02,974 | INFO | Epoch 912 Train Time 99.0983955860138s

2025-10-22 08:54:43,283 | INFO | Training epoch 913, Batch 1000/1000: LR=5.73e-05, Loss=2.25e-03 BER=8.90e-04 FER=1.59e-02
2025-10-22 08:54:43,327 | INFO | Epoch 913 Train Time 100.35154318809509s

2025-10-22 08:56:22,251 | INFO | Training epoch 914, Batch 1000/1000: LR=5.72e-05, Loss=2.13e-03 BER=8.41e-04 FER=1.53e-02
2025-10-22 08:56:22,311 | INFO | Epoch 914 Train Time 98.9830904006958s

2025-10-22 08:58:04,748 | INFO | Training epoch 915, Batch 1000/1000: LR=5.72e-05, Loss=2.22e-03 BER=8.92e-04 FER=1.60e-02
2025-10-22 08:58:04,798 | INFO | Epoch 915 Train Time 102.48569321632385s

2025-10-22 08:59:49,762 | INFO | Training epoch 916, Batch 1000/1000: LR=5.71e-05, Loss=2.22e-03 BER=8.80e-04 FER=1.57e-02
2025-10-22 08:59:49,825 | INFO | Epoch 916 Train Time 105.0254454612732s

2025-10-22 09:01:32,526 | INFO | Training epoch 917, Batch 1000/1000: LR=5.70e-05, Loss=2.21e-03 BER=8.64e-04 FER=1.55e-02
2025-10-22 09:01:32,581 | INFO | Epoch 917 Train Time 102.75499033927917s

2025-10-22 09:03:20,786 | INFO | Training epoch 918, Batch 1000/1000: LR=5.69e-05, Loss=2.20e-03 BER=8.79e-04 FER=1.60e-02
2025-10-22 09:03:20,853 | INFO | Epoch 918 Train Time 108.27058410644531s

2025-10-22 09:05:01,571 | INFO | Training epoch 919, Batch 1000/1000: LR=5.69e-05, Loss=2.18e-03 BER=8.76e-04 FER=1.57e-02
2025-10-22 09:05:01,619 | INFO | Epoch 919 Train Time 100.76496291160583s

2025-10-22 09:06:42,018 | INFO | Training epoch 920, Batch 1000/1000: LR=5.68e-05, Loss=2.18e-03 BER=8.55e-04 FER=1.51e-02
2025-10-22 09:06:42,070 | INFO | Epoch 920 Train Time 100.4498028755188s

2025-10-22 09:08:24,680 | INFO | Training epoch 921, Batch 1000/1000: LR=5.67e-05, Loss=2.27e-03 BER=8.99e-04 FER=1.62e-02
2025-10-22 09:08:24,729 | INFO | Epoch 921 Train Time 102.65814757347107s

2025-10-22 09:10:07,816 | INFO | Training epoch 922, Batch 1000/1000: LR=5.66e-05, Loss=2.21e-03 BER=8.63e-04 FER=1.59e-02
2025-10-22 09:10:07,874 | INFO | Epoch 922 Train Time 103.14319467544556s

2025-10-22 09:11:50,496 | INFO | Training epoch 923, Batch 1000/1000: LR=5.65e-05, Loss=2.22e-03 BER=8.71e-04 FER=1.58e-02
2025-10-22 09:11:50,554 | INFO | Epoch 923 Train Time 102.67864203453064s

2025-10-22 09:13:35,707 | INFO | Training epoch 924, Batch 1000/1000: LR=5.65e-05, Loss=2.18e-03 BER=8.66e-04 FER=1.56e-02
2025-10-22 09:13:35,750 | INFO | Epoch 924 Train Time 105.19515633583069s

2025-10-22 09:15:15,327 | INFO | Training epoch 925, Batch 1000/1000: LR=5.64e-05, Loss=2.30e-03 BER=9.08e-04 FER=1.63e-02
2025-10-22 09:15:15,373 | INFO | Epoch 925 Train Time 99.62179756164551s

2025-10-22 09:16:48,234 | INFO | Training epoch 926, Batch 1000/1000: LR=5.63e-05, Loss=2.14e-03 BER=8.35e-04 FER=1.50e-02
2025-10-22 09:16:48,297 | INFO | Epoch 926 Train Time 92.92294883728027s

2025-10-22 09:18:34,316 | INFO | Training epoch 927, Batch 1000/1000: LR=5.62e-05, Loss=2.22e-03 BER=8.86e-04 FER=1.56e-02
2025-10-22 09:18:34,373 | INFO | Epoch 927 Train Time 106.07469773292542s

2025-10-22 09:20:07,228 | INFO | Training epoch 928, Batch 1000/1000: LR=5.62e-05, Loss=2.14e-03 BER=8.50e-04 FER=1.53e-02
2025-10-22 09:20:07,282 | INFO | Epoch 928 Train Time 92.90755939483643s

2025-10-22 09:21:52,094 | INFO | Training epoch 929, Batch 1000/1000: LR=5.61e-05, Loss=2.18e-03 BER=8.72e-04 FER=1.56e-02
2025-10-22 09:21:52,158 | INFO | Epoch 929 Train Time 104.8751425743103s

2025-10-22 09:23:31,494 | INFO | Training epoch 930, Batch 1000/1000: LR=5.60e-05, Loss=2.20e-03 BER=8.95e-04 FER=1.56e-02
2025-10-22 09:23:31,554 | INFO | Epoch 930 Train Time 99.39464354515076s

2025-10-22 09:25:18,493 | INFO | Training epoch 931, Batch 1000/1000: LR=5.59e-05, Loss=2.23e-03 BER=8.96e-04 FER=1.59e-02
2025-10-22 09:25:18,543 | INFO | Epoch 931 Train Time 106.9881157875061s

2025-10-22 09:27:00,659 | INFO | Training epoch 932, Batch 1000/1000: LR=5.59e-05, Loss=2.19e-03 BER=8.70e-04 FER=1.56e-02
2025-10-22 09:27:00,722 | INFO | Epoch 932 Train Time 102.17676568031311s

2025-10-22 09:28:43,795 | INFO | Training epoch 933, Batch 1000/1000: LR=5.58e-05, Loss=2.20e-03 BER=8.74e-04 FER=1.56e-02
2025-10-22 09:28:43,866 | INFO | Epoch 933 Train Time 103.14300894737244s

2025-10-22 09:30:28,789 | INFO | Training epoch 934, Batch 1000/1000: LR=5.57e-05, Loss=2.20e-03 BER=8.76e-04 FER=1.53e-02
2025-10-22 09:30:28,848 | INFO | Epoch 934 Train Time 104.98017597198486s

2025-10-22 09:32:04,614 | INFO | Training epoch 935, Batch 1000/1000: LR=5.56e-05, Loss=2.16e-03 BER=8.50e-04 FER=1.54e-02
2025-10-22 09:32:04,659 | INFO | Epoch 935 Train Time 95.81027126312256s

2025-10-22 09:33:43,717 | INFO | Training epoch 936, Batch 1000/1000: LR=5.55e-05, Loss=2.22e-03 BER=8.86e-04 FER=1.58e-02
2025-10-22 09:33:43,770 | INFO | Epoch 936 Train Time 99.10987114906311s

2025-10-22 09:35:22,815 | INFO | Training epoch 937, Batch 1000/1000: LR=5.55e-05, Loss=2.13e-03 BER=8.42e-04 FER=1.48e-02
2025-10-22 09:35:22,872 | INFO | Epoch 937 Train Time 99.1011073589325s

2025-10-22 09:37:03,888 | INFO | Training epoch 938, Batch 1000/1000: LR=5.54e-05, Loss=2.15e-03 BER=8.50e-04 FER=1.53e-02
2025-10-22 09:37:03,952 | INFO | Epoch 938 Train Time 101.07865047454834s

2025-10-22 09:38:44,477 | INFO | Training epoch 939, Batch 1000/1000: LR=5.53e-05, Loss=2.20e-03 BER=8.72e-04 FER=1.57e-02
2025-10-22 09:38:44,542 | INFO | Epoch 939 Train Time 100.58879160881042s

2025-10-22 09:40:31,665 | INFO | Training epoch 940, Batch 1000/1000: LR=5.52e-05, Loss=2.20e-03 BER=8.74e-04 FER=1.56e-02
2025-10-22 09:40:31,721 | INFO | Epoch 940 Train Time 107.17693948745728s

2025-10-22 09:42:11,028 | INFO | Training epoch 941, Batch 1000/1000: LR=5.52e-05, Loss=2.27e-03 BER=9.04e-04 FER=1.62e-02
2025-10-22 09:42:11,088 | INFO | Epoch 941 Train Time 99.36559295654297s

2025-10-22 09:43:49,311 | INFO | Training epoch 942, Batch 1000/1000: LR=5.51e-05, Loss=2.23e-03 BER=8.92e-04 FER=1.58e-02
2025-10-22 09:43:49,364 | INFO | Epoch 942 Train Time 98.27525734901428s

2025-10-22 09:45:31,636 | INFO | Training epoch 943, Batch 1000/1000: LR=5.50e-05, Loss=2.22e-03 BER=8.79e-04 FER=1.57e-02
2025-10-22 09:45:31,686 | INFO | Epoch 943 Train Time 102.3210015296936s

2025-10-22 09:47:09,802 | INFO | Training epoch 944, Batch 1000/1000: LR=5.49e-05, Loss=2.16e-03 BER=8.61e-04 FER=1.52e-02
2025-10-22 09:47:09,861 | INFO | Epoch 944 Train Time 98.17373657226562s

2025-10-22 09:48:53,526 | INFO | Training epoch 945, Batch 1000/1000: LR=5.48e-05, Loss=2.18e-03 BER=8.67e-04 FER=1.54e-02
2025-10-22 09:48:53,585 | INFO | Epoch 945 Train Time 103.72351479530334s

2025-10-22 09:50:33,218 | INFO | Training epoch 946, Batch 1000/1000: LR=5.48e-05, Loss=2.19e-03 BER=8.70e-04 FER=1.57e-02
2025-10-22 09:50:33,264 | INFO | Epoch 946 Train Time 99.67758584022522s

2025-10-22 09:52:21,456 | INFO | Training epoch 947, Batch 1000/1000: LR=5.47e-05, Loss=2.24e-03 BER=8.92e-04 FER=1.59e-02
2025-10-22 09:52:21,508 | INFO | Epoch 947 Train Time 108.2426540851593s

2025-10-22 09:54:02,026 | INFO | Training epoch 948, Batch 1000/1000: LR=5.46e-05, Loss=2.27e-03 BER=9.05e-04 FER=1.62e-02
2025-10-22 09:54:02,078 | INFO | Epoch 948 Train Time 100.5691168308258s

2025-10-22 09:55:47,417 | INFO | Training epoch 949, Batch 1000/1000: LR=5.45e-05, Loss=2.17e-03 BER=8.62e-04 FER=1.55e-02
2025-10-22 09:55:47,465 | INFO | Epoch 949 Train Time 105.38605880737305s

2025-10-22 09:57:28,895 | INFO | Training epoch 950, Batch 1000/1000: LR=5.45e-05, Loss=2.22e-03 BER=8.96e-04 FER=1.59e-02
2025-10-22 09:57:28,942 | INFO | Epoch 950 Train Time 101.47555446624756s

2025-10-22 09:59:14,022 | INFO | Training epoch 951, Batch 1000/1000: LR=5.44e-05, Loss=2.24e-03 BER=8.81e-04 FER=1.58e-02
2025-10-22 09:59:14,072 | INFO | Epoch 951 Train Time 105.12973976135254s

2025-10-22 10:01:03,133 | INFO | Training epoch 952, Batch 1000/1000: LR=5.43e-05, Loss=2.23e-03 BER=8.85e-04 FER=1.57e-02
2025-10-22 10:01:03,183 | INFO | Epoch 952 Train Time 109.10905289649963s

2025-10-22 10:02:58,897 | INFO | Training epoch 953, Batch 1000/1000: LR=5.42e-05, Loss=2.25e-03 BER=8.98e-04 FER=1.60e-02
2025-10-22 10:02:58,951 | INFO | Epoch 953 Train Time 115.7666985988617s

2025-10-22 10:04:49,847 | INFO | Training epoch 954, Batch 1000/1000: LR=5.42e-05, Loss=2.13e-03 BER=8.29e-04 FER=1.50e-02
2025-10-22 10:04:49,910 | INFO | Epoch 954 Train Time 110.95797920227051s

2025-10-22 10:06:27,970 | INFO | Training epoch 955, Batch 1000/1000: LR=5.41e-05, Loss=2.11e-03 BER=8.30e-04 FER=1.48e-02
2025-10-22 10:06:28,021 | INFO | Epoch 955 Train Time 98.10994958877563s

2025-10-22 10:08:10,635 | INFO | Training epoch 956, Batch 1000/1000: LR=5.40e-05, Loss=2.22e-03 BER=8.75e-04 FER=1.54e-02
2025-10-22 10:08:10,690 | INFO | Epoch 956 Train Time 102.6671679019928s

2025-10-22 10:09:48,362 | INFO | Training epoch 957, Batch 1000/1000: LR=5.39e-05, Loss=2.19e-03 BER=8.69e-04 FER=1.52e-02
2025-10-22 10:09:48,420 | INFO | Epoch 957 Train Time 97.72858357429504s

2025-10-22 10:11:31,995 | INFO | Training epoch 958, Batch 1000/1000: LR=5.38e-05, Loss=2.13e-03 BER=8.46e-04 FER=1.52e-02
2025-10-22 10:11:32,061 | INFO | Epoch 958 Train Time 103.63965249061584s

2025-10-22 10:13:13,008 | INFO | Training epoch 959, Batch 1000/1000: LR=5.38e-05, Loss=2.12e-03 BER=8.30e-04 FER=1.50e-02
2025-10-22 10:13:13,059 | INFO | Epoch 959 Train Time 100.99708127975464s

2025-10-22 10:15:00,671 | INFO | Training epoch 960, Batch 1000/1000: LR=5.37e-05, Loss=2.18e-03 BER=8.67e-04 FER=1.57e-02
2025-10-22 10:15:00,722 | INFO | Epoch 960 Train Time 107.66208052635193s

2025-10-22 10:16:47,083 | INFO | Training epoch 961, Batch 1000/1000: LR=5.36e-05, Loss=2.22e-03 BER=8.80e-04 FER=1.58e-02
2025-10-22 10:16:47,135 | INFO | Epoch 961 Train Time 106.41160106658936s

2025-10-22 10:18:24,448 | INFO | Training epoch 962, Batch 1000/1000: LR=5.35e-05, Loss=2.21e-03 BER=8.82e-04 FER=1.57e-02
2025-10-22 10:18:24,502 | INFO | Epoch 962 Train Time 97.364501953125s

2025-10-22 10:20:00,486 | INFO | Training epoch 963, Batch 1000/1000: LR=5.35e-05, Loss=2.13e-03 BER=8.45e-04 FER=1.50e-02
2025-10-22 10:20:00,558 | INFO | Epoch 963 Train Time 96.05526828765869s

2025-10-22 10:21:39,288 | INFO | Training epoch 964, Batch 1000/1000: LR=5.34e-05, Loss=2.24e-03 BER=9.01e-04 FER=1.57e-02
2025-10-22 10:21:39,351 | INFO | Epoch 964 Train Time 98.792067527771s

2025-10-22 10:23:19,076 | INFO | Training epoch 965, Batch 1000/1000: LR=5.33e-05, Loss=2.14e-03 BER=8.49e-04 FER=1.50e-02
2025-10-22 10:23:19,127 | INFO | Epoch 965 Train Time 99.77458643913269s

2025-10-22 10:24:59,225 | INFO | Training epoch 966, Batch 1000/1000: LR=5.32e-05, Loss=2.12e-03 BER=8.40e-04 FER=1.51e-02
2025-10-22 10:24:59,269 | INFO | Epoch 966 Train Time 100.14045357704163s

2025-10-22 10:26:34,141 | INFO | Training epoch 967, Batch 1000/1000: LR=5.31e-05, Loss=2.16e-03 BER=8.53e-04 FER=1.54e-02
2025-10-22 10:26:34,188 | INFO | Epoch 967 Train Time 94.91829776763916s

2025-10-22 10:28:18,596 | INFO | Training epoch 968, Batch 1000/1000: LR=5.31e-05, Loss=2.21e-03 BER=8.69e-04 FER=1.53e-02
2025-10-22 10:28:18,653 | INFO | Epoch 968 Train Time 104.46298551559448s

2025-10-22 10:29:57,471 | INFO | Training epoch 969, Batch 1000/1000: LR=5.30e-05, Loss=2.26e-03 BER=8.94e-04 FER=1.58e-02
2025-10-22 10:29:57,534 | INFO | Epoch 969 Train Time 98.87981986999512s

2025-10-22 10:31:41,656 | INFO | Training epoch 970, Batch 1000/1000: LR=5.29e-05, Loss=2.27e-03 BER=9.05e-04 FER=1.57e-02
2025-10-22 10:31:41,720 | INFO | Epoch 970 Train Time 104.18516612052917s

2025-10-22 10:33:18,147 | INFO | Training epoch 971, Batch 1000/1000: LR=5.28e-05, Loss=2.29e-03 BER=9.11e-04 FER=1.63e-02
2025-10-22 10:33:18,201 | INFO | Epoch 971 Train Time 96.47888159751892s

2025-10-22 10:34:58,700 | INFO | Training epoch 972, Batch 1000/1000: LR=5.28e-05, Loss=2.13e-03 BER=8.39e-04 FER=1.53e-02
2025-10-22 10:34:58,744 | INFO | Epoch 972 Train Time 100.54231762886047s

2025-10-22 10:36:45,940 | INFO | Training epoch 973, Batch 1000/1000: LR=5.27e-05, Loss=2.32e-03 BER=9.15e-04 FER=1.62e-02
2025-10-22 10:36:45,992 | INFO | Epoch 973 Train Time 107.24686622619629s

2025-10-22 10:38:32,950 | INFO | Training epoch 974, Batch 1000/1000: LR=5.26e-05, Loss=2.19e-03 BER=8.62e-04 FER=1.54e-02
2025-10-22 10:38:33,014 | INFO | Epoch 974 Train Time 107.02017068862915s

2025-10-22 10:40:15,336 | INFO | Training epoch 975, Batch 1000/1000: LR=5.25e-05, Loss=2.23e-03 BER=8.84e-04 FER=1.58e-02
2025-10-22 10:40:15,395 | INFO | Epoch 975 Train Time 102.37976717948914s

2025-10-22 10:41:52,836 | INFO | Training epoch 976, Batch 1000/1000: LR=5.24e-05, Loss=2.21e-03 BER=8.82e-04 FER=1.55e-02
2025-10-22 10:41:52,882 | INFO | Epoch 976 Train Time 97.48622536659241s

2025-10-22 10:43:29,790 | INFO | Training epoch 977, Batch 1000/1000: LR=5.24e-05, Loss=2.15e-03 BER=8.60e-04 FER=1.54e-02
2025-10-22 10:43:29,851 | INFO | Epoch 977 Train Time 96.96723985671997s

2025-10-22 10:45:12,091 | INFO | Training epoch 978, Batch 1000/1000: LR=5.23e-05, Loss=2.22e-03 BER=8.85e-04 FER=1.58e-02
2025-10-22 10:45:12,148 | INFO | Epoch 978 Train Time 102.29391670227051s

2025-10-22 10:46:54,428 | INFO | Training epoch 979, Batch 1000/1000: LR=5.22e-05, Loss=2.17e-03 BER=8.71e-04 FER=1.54e-02
2025-10-22 10:46:54,484 | INFO | Epoch 979 Train Time 102.33475685119629s

2025-10-22 10:48:32,918 | INFO | Training epoch 980, Batch 1000/1000: LR=5.21e-05, Loss=2.20e-03 BER=8.68e-04 FER=1.53e-02
2025-10-22 10:48:32,968 | INFO | Epoch 980 Train Time 98.4824857711792s

2025-10-22 10:50:19,637 | INFO | Training epoch 981, Batch 1000/1000: LR=5.21e-05, Loss=2.26e-03 BER=8.96e-04 FER=1.61e-02
2025-10-22 10:50:19,696 | INFO | Epoch 981 Train Time 106.7263457775116s

2025-10-22 10:51:56,596 | INFO | Training epoch 982, Batch 1000/1000: LR=5.20e-05, Loss=2.23e-03 BER=8.90e-04 FER=1.55e-02
2025-10-22 10:51:56,649 | INFO | Epoch 982 Train Time 96.95170736312866s

2025-10-22 10:53:29,923 | INFO | Training epoch 983, Batch 1000/1000: LR=5.19e-05, Loss=2.21e-03 BER=8.73e-04 FER=1.57e-02
2025-10-22 10:53:29,983 | INFO | Epoch 983 Train Time 93.33275270462036s

2025-10-22 10:55:01,511 | INFO | Training epoch 984, Batch 1000/1000: LR=5.18e-05, Loss=2.25e-03 BER=8.99e-04 FER=1.60e-02
2025-10-22 10:55:01,556 | INFO | Epoch 984 Train Time 91.57264876365662s

2025-10-22 10:56:40,123 | INFO | Training epoch 985, Batch 1000/1000: LR=5.17e-05, Loss=2.25e-03 BER=8.81e-04 FER=1.57e-02
2025-10-22 10:56:40,189 | INFO | Epoch 985 Train Time 98.63128662109375s

2025-10-22 10:58:21,134 | INFO | Training epoch 986, Batch 1000/1000: LR=5.17e-05, Loss=2.12e-03 BER=8.47e-04 FER=1.51e-02
2025-10-22 10:58:21,176 | INFO | Epoch 986 Train Time 100.9854691028595s

2025-10-22 10:59:57,771 | INFO | Training epoch 987, Batch 1000/1000: LR=5.16e-05, Loss=2.20e-03 BER=8.71e-04 FER=1.58e-02
2025-10-22 10:59:57,818 | INFO | Epoch 987 Train Time 96.64185833930969s

2025-10-22 11:01:40,750 | INFO | Training epoch 988, Batch 1000/1000: LR=5.15e-05, Loss=2.16e-03 BER=8.59e-04 FER=1.53e-02
2025-10-22 11:01:40,814 | INFO | Epoch 988 Train Time 102.99460816383362s

2025-10-22 11:03:23,049 | INFO | Training epoch 989, Batch 1000/1000: LR=5.14e-05, Loss=2.16e-03 BER=8.60e-04 FER=1.54e-02
2025-10-22 11:03:23,100 | INFO | Epoch 989 Train Time 102.2852087020874s

2025-10-22 11:05:06,534 | INFO | Training epoch 990, Batch 1000/1000: LR=5.14e-05, Loss=2.21e-03 BER=8.76e-04 FER=1.58e-02
2025-10-22 11:05:06,581 | INFO | Epoch 990 Train Time 103.47963118553162s

2025-10-22 11:06:44,673 | INFO | Training epoch 991, Batch 1000/1000: LR=5.13e-05, Loss=2.20e-03 BER=8.77e-04 FER=1.57e-02
2025-10-22 11:06:44,734 | INFO | Epoch 991 Train Time 98.15128087997437s

2025-10-22 11:08:20,420 | INFO | Training epoch 992, Batch 1000/1000: LR=5.12e-05, Loss=2.12e-03 BER=8.35e-04 FER=1.51e-02
2025-10-22 11:08:20,468 | INFO | Epoch 992 Train Time 95.73351168632507s

2025-10-22 11:10:05,259 | INFO | Training epoch 993, Batch 1000/1000: LR=5.11e-05, Loss=2.25e-03 BER=8.93e-04 FER=1.62e-02
2025-10-22 11:10:05,303 | INFO | Epoch 993 Train Time 104.83359575271606s

2025-10-22 11:11:53,292 | INFO | Training epoch 994, Batch 1000/1000: LR=5.10e-05, Loss=2.09e-03 BER=8.23e-04 FER=1.49e-02
2025-10-22 11:11:53,343 | INFO | Epoch 994 Train Time 108.03950357437134s

2025-10-22 11:11:53,344 | INFO | [P2] saving best_model (QAT) with loss 0.002089 at epoch 994
2025-10-22 11:13:44,318 | INFO | Training epoch 995, Batch 1000/1000: LR=5.10e-05, Loss=2.28e-03 BER=9.00e-04 FER=1.60e-02
2025-10-22 11:13:44,383 | INFO | Epoch 995 Train Time 110.93932390213013s

2025-10-22 11:15:25,650 | INFO | Training epoch 996, Batch 1000/1000: LR=5.09e-05, Loss=2.16e-03 BER=8.58e-04 FER=1.54e-02
2025-10-22 11:15:25,721 | INFO | Epoch 996 Train Time 101.33598256111145s

2025-10-22 11:17:14,056 | INFO | Training epoch 997, Batch 1000/1000: LR=5.08e-05, Loss=2.21e-03 BER=8.89e-04 FER=1.59e-02
2025-10-22 11:17:14,122 | INFO | Epoch 997 Train Time 108.40015625953674s

2025-10-22 11:19:00,749 | INFO | Training epoch 998, Batch 1000/1000: LR=5.07e-05, Loss=2.21e-03 BER=8.77e-04 FER=1.58e-02
2025-10-22 11:19:00,799 | INFO | Epoch 998 Train Time 106.67600512504578s

2025-10-22 11:20:46,847 | INFO | Training epoch 999, Batch 1000/1000: LR=5.07e-05, Loss=2.16e-03 BER=8.59e-04 FER=1.52e-02
2025-10-22 11:20:46,929 | INFO | Epoch 999 Train Time 106.12835025787354s

2025-10-22 11:22:30,465 | INFO | Training epoch 1000, Batch 1000/1000: LR=5.06e-05, Loss=2.20e-03 BER=8.67e-04 FER=1.54e-02
2025-10-22 11:22:30,516 | INFO | Epoch 1000 Train Time 103.58553290367126s

2025-10-22 11:24:09,791 | INFO | Training epoch 1001, Batch 1000/1000: LR=5.05e-05, Loss=2.18e-03 BER=8.76e-04 FER=1.56e-02
2025-10-22 11:24:09,839 | INFO | Epoch 1001 Train Time 99.32150888442993s

2025-10-22 11:25:48,212 | INFO | Training epoch 1002, Batch 1000/1000: LR=5.04e-05, Loss=2.26e-03 BER=8.99e-04 FER=1.57e-02
2025-10-22 11:25:48,263 | INFO | Epoch 1002 Train Time 98.42301869392395s

2025-10-22 11:27:26,828 | INFO | Training epoch 1003, Batch 1000/1000: LR=5.03e-05, Loss=2.22e-03 BER=8.80e-04 FER=1.56e-02
2025-10-22 11:27:26,876 | INFO | Epoch 1003 Train Time 98.61124587059021s

2025-10-22 11:29:01,904 | INFO | Training epoch 1004, Batch 1000/1000: LR=5.03e-05, Loss=2.19e-03 BER=8.63e-04 FER=1.53e-02
2025-10-22 11:29:01,967 | INFO | Epoch 1004 Train Time 95.08953547477722s

2025-10-22 11:30:42,670 | INFO | Training epoch 1005, Batch 1000/1000: LR=5.02e-05, Loss=2.05e-03 BER=8.07e-04 FER=1.47e-02
2025-10-22 11:30:42,732 | INFO | Epoch 1005 Train Time 100.76430368423462s

2025-10-22 11:30:42,733 | INFO | [P2] saving best_model (QAT) with loss 0.002045 at epoch 1005
2025-10-22 11:32:29,101 | INFO | Training epoch 1006, Batch 1000/1000: LR=5.01e-05, Loss=2.27e-03 BER=8.95e-04 FER=1.58e-02
2025-10-22 11:32:29,157 | INFO | Epoch 1006 Train Time 106.30739617347717s

2025-10-22 11:34:12,437 | INFO | Training epoch 1007, Batch 1000/1000: LR=5.00e-05, Loss=2.23e-03 BER=8.88e-04 FER=1.56e-02
2025-10-22 11:34:12,481 | INFO | Epoch 1007 Train Time 103.32153987884521s

2025-10-22 11:35:52,399 | INFO | Training epoch 1008, Batch 1000/1000: LR=5.00e-05, Loss=2.16e-03 BER=8.46e-04 FER=1.52e-02
2025-10-22 11:35:52,438 | INFO | Epoch 1008 Train Time 99.95610237121582s

2025-10-22 11:37:30,607 | INFO | Training epoch 1009, Batch 1000/1000: LR=4.99e-05, Loss=2.19e-03 BER=8.67e-04 FER=1.51e-02
2025-10-22 11:37:30,648 | INFO | Epoch 1009 Train Time 98.2084105014801s

2025-10-22 11:39:04,204 | INFO | Training epoch 1010, Batch 1000/1000: LR=4.98e-05, Loss=2.15e-03 BER=8.44e-04 FER=1.50e-02
2025-10-22 11:39:04,256 | INFO | Epoch 1010 Train Time 93.60670971870422s

2025-10-22 11:40:49,366 | INFO | Training epoch 1011, Batch 1000/1000: LR=4.97e-05, Loss=2.16e-03 BER=8.60e-04 FER=1.54e-02
2025-10-22 11:40:49,422 | INFO | Epoch 1011 Train Time 105.16449761390686s

2025-10-22 11:42:27,098 | INFO | Training epoch 1012, Batch 1000/1000: LR=4.96e-05, Loss=2.13e-03 BER=8.32e-04 FER=1.50e-02
2025-10-22 11:42:27,151 | INFO | Epoch 1012 Train Time 97.72829174995422s

2025-10-22 11:44:07,075 | INFO | Training epoch 1013, Batch 1000/1000: LR=4.96e-05, Loss=2.13e-03 BER=8.51e-04 FER=1.51e-02
2025-10-22 11:44:07,128 | INFO | Epoch 1013 Train Time 99.97498631477356s

2025-10-22 11:45:51,581 | INFO | Training epoch 1014, Batch 1000/1000: LR=4.95e-05, Loss=2.11e-03 BER=8.42e-04 FER=1.49e-02
2025-10-22 11:45:51,626 | INFO | Epoch 1014 Train Time 104.49609184265137s

2025-10-22 11:47:29,965 | INFO | Training epoch 1015, Batch 1000/1000: LR=4.94e-05, Loss=2.25e-03 BER=8.92e-04 FER=1.58e-02
2025-10-22 11:47:30,012 | INFO | Epoch 1015 Train Time 98.38320016860962s

2025-10-22 11:49:09,323 | INFO | Training epoch 1016, Batch 1000/1000: LR=4.93e-05, Loss=2.19e-03 BER=8.68e-04 FER=1.58e-02
2025-10-22 11:49:09,378 | INFO | Epoch 1016 Train Time 99.36476469039917s

2025-10-22 11:50:48,731 | INFO | Training epoch 1017, Batch 1000/1000: LR=4.93e-05, Loss=2.27e-03 BER=9.08e-04 FER=1.59e-02
2025-10-22 11:50:48,779 | INFO | Epoch 1017 Train Time 99.39956474304199s

2025-10-22 11:52:25,169 | INFO | Training epoch 1018, Batch 1000/1000: LR=4.92e-05, Loss=2.17e-03 BER=8.65e-04 FER=1.53e-02
2025-10-22 11:52:25,215 | INFO | Epoch 1018 Train Time 96.43466401100159s

2025-10-22 11:54:02,555 | INFO | Training epoch 1019, Batch 1000/1000: LR=4.91e-05, Loss=2.16e-03 BER=8.65e-04 FER=1.54e-02
2025-10-22 11:54:02,611 | INFO | Epoch 1019 Train Time 97.39470720291138s

2025-10-22 11:55:45,048 | INFO | Training epoch 1020, Batch 1000/1000: LR=4.90e-05, Loss=2.22e-03 BER=8.72e-04 FER=1.57e-02
2025-10-22 11:55:45,094 | INFO | Epoch 1020 Train Time 102.48095083236694s

2025-10-22 11:57:29,601 | INFO | Training epoch 1021, Batch 1000/1000: LR=4.89e-05, Loss=2.29e-03 BER=9.01e-04 FER=1.59e-02
2025-10-22 11:57:29,654 | INFO | Epoch 1021 Train Time 104.55907082557678s

2025-10-22 11:59:10,725 | INFO | Training epoch 1022, Batch 1000/1000: LR=4.89e-05, Loss=2.20e-03 BER=8.69e-04 FER=1.55e-02
2025-10-22 11:59:10,791 | INFO | Epoch 1022 Train Time 101.13612818717957s

2025-10-22 12:00:53,309 | INFO | Training epoch 1023, Batch 1000/1000: LR=4.88e-05, Loss=2.21e-03 BER=8.89e-04 FER=1.58e-02
2025-10-22 12:00:53,366 | INFO | Epoch 1023 Train Time 102.57382225990295s

2025-10-22 12:02:34,056 | INFO | Training epoch 1024, Batch 1000/1000: LR=4.87e-05, Loss=2.15e-03 BER=8.51e-04 FER=1.52e-02
2025-10-22 12:02:34,114 | INFO | Epoch 1024 Train Time 100.74661755561829s

2025-10-22 12:04:10,800 | INFO | Training epoch 1025, Batch 1000/1000: LR=4.86e-05, Loss=2.27e-03 BER=8.93e-04 FER=1.56e-02
2025-10-22 12:04:10,850 | INFO | Epoch 1025 Train Time 96.73500514030457s

2025-10-22 12:05:53,911 | INFO | Training epoch 1026, Batch 1000/1000: LR=4.86e-05, Loss=2.14e-03 BER=8.39e-04 FER=1.50e-02
2025-10-22 12:05:53,961 | INFO | Epoch 1026 Train Time 103.10956716537476s

2025-10-22 12:07:45,016 | INFO | Training epoch 1027, Batch 1000/1000: LR=4.85e-05, Loss=2.17e-03 BER=8.63e-04 FER=1.54e-02
2025-10-22 12:07:45,070 | INFO | Epoch 1027 Train Time 111.10806035995483s

2025-10-22 12:09:21,701 | INFO | Training epoch 1028, Batch 1000/1000: LR=4.84e-05, Loss=2.19e-03 BER=8.77e-04 FER=1.58e-02
2025-10-22 12:09:21,758 | INFO | Epoch 1028 Train Time 96.68689894676208s

2025-10-22 12:11:04,830 | INFO | Training epoch 1029, Batch 1000/1000: LR=4.83e-05, Loss=2.24e-03 BER=8.86e-04 FER=1.58e-02
2025-10-22 12:11:04,893 | INFO | Epoch 1029 Train Time 103.13413572311401s

2025-10-22 12:12:45,376 | INFO | Training epoch 1030, Batch 1000/1000: LR=4.82e-05, Loss=2.24e-03 BER=8.75e-04 FER=1.58e-02
2025-10-22 12:12:45,411 | INFO | Epoch 1030 Train Time 100.51637411117554s

2025-10-22 12:14:18,600 | INFO | Training epoch 1031, Batch 1000/1000: LR=4.82e-05, Loss=2.11e-03 BER=8.28e-04 FER=1.49e-02
2025-10-22 12:14:18,658 | INFO | Epoch 1031 Train Time 93.24646997451782s

2025-10-22 12:16:00,256 | INFO | Training epoch 1032, Batch 1000/1000: LR=4.81e-05, Loss=2.16e-03 BER=8.61e-04 FER=1.52e-02
2025-10-22 12:16:00,312 | INFO | Epoch 1032 Train Time 101.65191197395325s

2025-10-22 12:17:37,881 | INFO | Training epoch 1033, Batch 1000/1000: LR=4.80e-05, Loss=2.28e-03 BER=9.17e-04 FER=1.61e-02
2025-10-22 12:17:37,945 | INFO | Epoch 1033 Train Time 97.63121247291565s

2025-10-22 12:19:17,993 | INFO | Training epoch 1034, Batch 1000/1000: LR=4.79e-05, Loss=2.19e-03 BER=8.58e-04 FER=1.51e-02
2025-10-22 12:19:18,054 | INFO | Epoch 1034 Train Time 100.1081166267395s

2025-10-22 12:20:58,195 | INFO | Training epoch 1035, Batch 1000/1000: LR=4.79e-05, Loss=2.16e-03 BER=8.55e-04 FER=1.53e-02
2025-10-22 12:20:58,255 | INFO | Epoch 1035 Train Time 100.20015001296997s

2025-10-22 12:22:49,155 | INFO | Training epoch 1036, Batch 1000/1000: LR=4.78e-05, Loss=2.16e-03 BER=8.61e-04 FER=1.55e-02
2025-10-22 12:22:49,211 | INFO | Epoch 1036 Train Time 110.95478558540344s

2025-10-22 12:24:31,188 | INFO | Training epoch 1037, Batch 1000/1000: LR=4.77e-05, Loss=2.14e-03 BER=8.50e-04 FER=1.51e-02
2025-10-22 12:24:31,236 | INFO | Epoch 1037 Train Time 102.02327346801758s

2025-10-22 12:26:08,326 | INFO | Training epoch 1038, Batch 1000/1000: LR=4.76e-05, Loss=2.13e-03 BER=8.36e-04 FER=1.51e-02
2025-10-22 12:26:08,372 | INFO | Epoch 1038 Train Time 97.13549494743347s

2025-10-22 12:27:50,059 | INFO | Training epoch 1039, Batch 1000/1000: LR=4.75e-05, Loss=2.10e-03 BER=8.30e-04 FER=1.50e-02
2025-10-22 12:27:50,134 | INFO | Epoch 1039 Train Time 101.76090717315674s

2025-10-22 12:29:39,533 | INFO | Training epoch 1040, Batch 1000/1000: LR=4.75e-05, Loss=2.19e-03 BER=8.66e-04 FER=1.53e-02
2025-10-22 12:29:39,580 | INFO | Epoch 1040 Train Time 109.44462513923645s

2025-10-22 12:31:30,477 | INFO | Training epoch 1041, Batch 1000/1000: LR=4.74e-05, Loss=2.15e-03 BER=8.54e-04 FER=1.50e-02
2025-10-22 12:31:30,545 | INFO | Epoch 1041 Train Time 110.96309661865234s

2025-10-22 12:33:23,259 | INFO | Training epoch 1042, Batch 1000/1000: LR=4.73e-05, Loss=2.18e-03 BER=8.71e-04 FER=1.54e-02
2025-10-22 12:33:23,318 | INFO | Epoch 1042 Train Time 112.76914048194885s

2025-10-22 12:35:15,417 | INFO | Training epoch 1043, Batch 1000/1000: LR=4.72e-05, Loss=2.12e-03 BER=8.38e-04 FER=1.50e-02
2025-10-22 12:35:15,465 | INFO | Epoch 1043 Train Time 112.14469027519226s

2025-10-22 12:37:01,236 | INFO | Training epoch 1044, Batch 1000/1000: LR=4.72e-05, Loss=2.15e-03 BER=8.54e-04 FER=1.53e-02
2025-10-22 12:37:01,284 | INFO | Epoch 1044 Train Time 105.81832480430603s

2025-10-22 12:38:43,655 | INFO | Training epoch 1045, Batch 1000/1000: LR=4.71e-05, Loss=2.27e-03 BER=9.02e-04 FER=1.62e-02
2025-10-22 12:38:43,731 | INFO | Epoch 1045 Train Time 102.44534587860107s

2025-10-22 12:40:26,132 | INFO | Training epoch 1046, Batch 1000/1000: LR=4.70e-05, Loss=2.14e-03 BER=8.44e-04 FER=1.50e-02
2025-10-22 12:40:26,167 | INFO | Epoch 1046 Train Time 102.43441438674927s

2025-10-22 12:42:09,780 | INFO | Training epoch 1047, Batch 1000/1000: LR=4.69e-05, Loss=2.18e-03 BER=8.76e-04 FER=1.56e-02
2025-10-22 12:42:09,848 | INFO | Epoch 1047 Train Time 103.680104970932s

2025-10-22 12:43:51,848 | INFO | Training epoch 1048, Batch 1000/1000: LR=4.68e-05, Loss=2.12e-03 BER=8.40e-04 FER=1.51e-02
2025-10-22 12:43:51,900 | INFO | Epoch 1048 Train Time 102.0498058795929s

2025-10-22 12:45:28,718 | INFO | Training epoch 1049, Batch 1000/1000: LR=4.68e-05, Loss=2.17e-03 BER=8.58e-04 FER=1.54e-02
2025-10-22 12:45:28,780 | INFO | Epoch 1049 Train Time 96.87876772880554s

2025-10-22 12:47:14,071 | INFO | Training epoch 1050, Batch 1000/1000: LR=4.67e-05, Loss=2.18e-03 BER=8.63e-04 FER=1.53e-02
2025-10-22 12:47:14,139 | INFO | Epoch 1050 Train Time 105.35779547691345s

2025-10-22 12:48:55,896 | INFO | Training epoch 1051, Batch 1000/1000: LR=4.66e-05, Loss=2.16e-03 BER=8.58e-04 FER=1.53e-02
2025-10-22 12:48:55,959 | INFO | Epoch 1051 Train Time 101.81856036186218s

2025-10-22 12:50:31,479 | INFO | Training epoch 1052, Batch 1000/1000: LR=4.65e-05, Loss=2.24e-03 BER=8.91e-04 FER=1.58e-02
2025-10-22 12:50:31,531 | INFO | Epoch 1052 Train Time 95.57076168060303s

2025-10-22 12:52:12,803 | INFO | Training epoch 1053, Batch 1000/1000: LR=4.65e-05, Loss=2.16e-03 BER=8.69e-04 FER=1.52e-02
2025-10-22 12:52:12,865 | INFO | Epoch 1053 Train Time 101.33362531661987s

2025-10-22 12:54:02,191 | INFO | Training epoch 1054, Batch 1000/1000: LR=4.64e-05, Loss=2.23e-03 BER=8.82e-04 FER=1.57e-02
2025-10-22 12:54:02,242 | INFO | Epoch 1054 Train Time 109.37555146217346s

2025-10-22 12:55:43,336 | INFO | Training epoch 1055, Batch 1000/1000: LR=4.63e-05, Loss=2.22e-03 BER=8.76e-04 FER=1.56e-02
2025-10-22 12:55:43,403 | INFO | Epoch 1055 Train Time 101.15948987007141s

2025-10-22 12:57:23,357 | INFO | Training epoch 1056, Batch 1000/1000: LR=4.62e-05, Loss=2.20e-03 BER=8.68e-04 FER=1.54e-02
2025-10-22 12:57:23,417 | INFO | Epoch 1056 Train Time 100.01262044906616s

2025-10-22 12:58:56,652 | INFO | Training epoch 1057, Batch 1000/1000: LR=4.62e-05, Loss=2.09e-03 BER=8.33e-04 FER=1.47e-02
2025-10-22 12:58:56,701 | INFO | Epoch 1057 Train Time 93.28236532211304s

2025-10-22 13:00:37,917 | INFO | Training epoch 1058, Batch 1000/1000: LR=4.61e-05, Loss=2.08e-03 BER=8.22e-04 FER=1.48e-02
2025-10-22 13:00:37,970 | INFO | Epoch 1058 Train Time 101.26686787605286s

2025-10-22 13:02:16,514 | INFO | Training epoch 1059, Batch 1000/1000: LR=4.60e-05, Loss=2.18e-03 BER=8.68e-04 FER=1.55e-02
2025-10-22 13:02:16,572 | INFO | Epoch 1059 Train Time 98.60036301612854s

2025-10-22 13:04:01,119 | INFO | Training epoch 1060, Batch 1000/1000: LR=4.59e-05, Loss=2.21e-03 BER=8.78e-04 FER=1.57e-02
2025-10-22 13:04:01,167 | INFO | Epoch 1060 Train Time 104.59329319000244s

2025-10-22 13:05:43,995 | INFO | Training epoch 1061, Batch 1000/1000: LR=4.58e-05, Loss=2.12e-03 BER=8.47e-04 FER=1.50e-02
2025-10-22 13:05:44,034 | INFO | Epoch 1061 Train Time 102.86545705795288s

2025-10-22 13:07:23,680 | INFO | Training epoch 1062, Batch 1000/1000: LR=4.58e-05, Loss=2.16e-03 BER=8.57e-04 FER=1.52e-02
2025-10-22 13:07:23,734 | INFO | Epoch 1062 Train Time 99.69890475273132s

2025-10-22 13:09:04,682 | INFO | Training epoch 1063, Batch 1000/1000: LR=4.57e-05, Loss=2.13e-03 BER=8.45e-04 FER=1.50e-02
2025-10-22 13:09:04,738 | INFO | Epoch 1063 Train Time 101.00238180160522s

2025-10-22 13:10:42,653 | INFO | Training epoch 1064, Batch 1000/1000: LR=4.56e-05, Loss=2.20e-03 BER=8.82e-04 FER=1.54e-02
2025-10-22 13:10:42,715 | INFO | Epoch 1064 Train Time 97.97643661499023s

2025-10-22 13:12:21,102 | INFO | Training epoch 1065, Batch 1000/1000: LR=4.55e-05, Loss=2.07e-03 BER=8.31e-04 FER=1.48e-02
2025-10-22 13:12:21,163 | INFO | Epoch 1065 Train Time 98.44630432128906s

2025-10-22 13:14:09,237 | INFO | Training epoch 1066, Batch 1000/1000: LR=4.55e-05, Loss=2.09e-03 BER=8.31e-04 FER=1.46e-02
2025-10-22 13:14:09,300 | INFO | Epoch 1066 Train Time 108.13531231880188s

2025-10-22 13:15:54,344 | INFO | Training epoch 1067, Batch 1000/1000: LR=4.54e-05, Loss=2.12e-03 BER=8.52e-04 FER=1.51e-02
2025-10-22 13:15:54,403 | INFO | Epoch 1067 Train Time 105.10213685035706s

2025-10-22 13:17:32,557 | INFO | Training epoch 1068, Batch 1000/1000: LR=4.53e-05, Loss=2.25e-03 BER=8.98e-04 FER=1.60e-02
2025-10-22 13:17:32,611 | INFO | Epoch 1068 Train Time 98.20652174949646s

2025-10-22 13:19:17,855 | INFO | Training epoch 1069, Batch 1000/1000: LR=4.52e-05, Loss=2.15e-03 BER=8.47e-04 FER=1.50e-02
2025-10-22 13:19:17,895 | INFO | Epoch 1069 Train Time 105.28354167938232s

2025-10-22 13:20:58,313 | INFO | Training epoch 1070, Batch 1000/1000: LR=4.51e-05, Loss=2.23e-03 BER=8.79e-04 FER=1.56e-02
2025-10-22 13:20:58,367 | INFO | Epoch 1070 Train Time 100.46921753883362s

2025-10-22 13:22:41,993 | INFO | Training epoch 1071, Batch 1000/1000: LR=4.51e-05, Loss=2.08e-03 BER=8.18e-04 FER=1.48e-02
2025-10-22 13:22:42,057 | INFO | Epoch 1071 Train Time 103.6895854473114s

2025-10-22 13:24:21,782 | INFO | Training epoch 1072, Batch 1000/1000: LR=4.50e-05, Loss=2.10e-03 BER=8.39e-04 FER=1.50e-02
2025-10-22 13:24:21,838 | INFO | Epoch 1072 Train Time 99.77933287620544s

2025-10-22 13:26:02,400 | INFO | Training epoch 1073, Batch 1000/1000: LR=4.49e-05, Loss=2.16e-03 BER=8.51e-04 FER=1.53e-02
2025-10-22 13:26:02,453 | INFO | Epoch 1073 Train Time 100.61437821388245s

2025-10-22 13:27:41,333 | INFO | Training epoch 1074, Batch 1000/1000: LR=4.48e-05, Loss=2.16e-03 BER=8.76e-04 FER=1.54e-02
2025-10-22 13:27:41,390 | INFO | Epoch 1074 Train Time 98.93581080436707s

2025-10-22 13:29:17,671 | INFO | Training epoch 1075, Batch 1000/1000: LR=4.48e-05, Loss=2.15e-03 BER=8.57e-04 FER=1.51e-02
2025-10-22 13:29:17,726 | INFO | Epoch 1075 Train Time 96.33414912223816s

2025-10-22 13:30:58,972 | INFO | Training epoch 1076, Batch 1000/1000: LR=4.47e-05, Loss=2.11e-03 BER=8.44e-04 FER=1.52e-02
2025-10-22 13:30:59,022 | INFO | Epoch 1076 Train Time 101.29521131515503s

2025-10-22 13:32:39,295 | INFO | Training epoch 1077, Batch 1000/1000: LR=4.46e-05, Loss=2.15e-03 BER=8.54e-04 FER=1.54e-02
2025-10-22 13:32:39,343 | INFO | Epoch 1077 Train Time 100.32000660896301s

2025-10-22 13:34:19,635 | INFO | Training epoch 1078, Batch 1000/1000: LR=4.45e-05, Loss=2.23e-03 BER=8.90e-04 FER=1.57e-02
2025-10-22 13:34:19,685 | INFO | Epoch 1078 Train Time 100.34038138389587s

2025-10-22 13:36:02,545 | INFO | Training epoch 1079, Batch 1000/1000: LR=4.45e-05, Loss=2.24e-03 BER=8.92e-04 FER=1.58e-02
2025-10-22 13:36:02,622 | INFO | Epoch 1079 Train Time 102.93633556365967s

2025-10-22 13:37:48,127 | INFO | Training epoch 1080, Batch 1000/1000: LR=4.44e-05, Loss=2.19e-03 BER=8.58e-04 FER=1.52e-02
2025-10-22 13:37:48,180 | INFO | Epoch 1080 Train Time 105.55589437484741s

2025-10-22 13:39:30,857 | INFO | Training epoch 1081, Batch 1000/1000: LR=4.43e-05, Loss=2.14e-03 BER=8.41e-04 FER=1.50e-02
2025-10-22 13:39:30,905 | INFO | Epoch 1081 Train Time 102.72185635566711s

2025-10-22 13:41:09,068 | INFO | Training epoch 1082, Batch 1000/1000: LR=4.42e-05, Loss=2.19e-03 BER=8.69e-04 FER=1.54e-02
2025-10-22 13:41:09,120 | INFO | Epoch 1082 Train Time 98.21345400810242s

2025-10-22 13:43:01,365 | INFO | Training epoch 1083, Batch 1000/1000: LR=4.41e-05, Loss=2.22e-03 BER=8.87e-04 FER=1.56e-02
2025-10-22 13:43:01,410 | INFO | Epoch 1083 Train Time 112.28837418556213s

2025-10-22 13:44:52,487 | INFO | Training epoch 1084, Batch 1000/1000: LR=4.41e-05, Loss=2.20e-03 BER=8.70e-04 FER=1.55e-02
2025-10-22 13:44:52,549 | INFO | Epoch 1084 Train Time 111.13694357872009s

2025-10-22 13:46:48,081 | INFO | Training epoch 1085, Batch 1000/1000: LR=4.40e-05, Loss=2.20e-03 BER=8.72e-04 FER=1.54e-02
2025-10-22 13:46:48,136 | INFO | Epoch 1085 Train Time 115.5853807926178s

2025-10-22 13:48:33,462 | INFO | Training epoch 1086, Batch 1000/1000: LR=4.39e-05, Loss=2.18e-03 BER=8.74e-04 FER=1.56e-02
2025-10-22 13:48:33,526 | INFO | Epoch 1086 Train Time 105.38879203796387s

2025-10-22 13:50:21,678 | INFO | Training epoch 1087, Batch 1000/1000: LR=4.38e-05, Loss=2.13e-03 BER=8.57e-04 FER=1.51e-02
2025-10-22 13:50:21,729 | INFO | Epoch 1087 Train Time 108.20131993293762s

2025-10-22 13:52:11,514 | INFO | Training epoch 1088, Batch 1000/1000: LR=4.38e-05, Loss=2.13e-03 BER=8.48e-04 FER=1.50e-02
2025-10-22 13:52:11,580 | INFO | Epoch 1088 Train Time 109.84947276115417s

2025-10-22 13:53:53,661 | INFO | Training epoch 1089, Batch 1000/1000: LR=4.37e-05, Loss=2.16e-03 BER=8.56e-04 FER=1.51e-02
2025-10-22 13:53:53,710 | INFO | Epoch 1089 Train Time 102.12928819656372s

2025-10-22 13:55:38,522 | INFO | Training epoch 1090, Batch 1000/1000: LR=4.36e-05, Loss=2.27e-03 BER=9.05e-04 FER=1.60e-02
2025-10-22 13:55:38,576 | INFO | Epoch 1090 Train Time 104.86445808410645s

2025-10-22 13:57:20,266 | INFO | Training epoch 1091, Batch 1000/1000: LR=4.35e-05, Loss=2.14e-03 BER=8.53e-04 FER=1.51e-02
2025-10-22 13:57:20,330 | INFO | Epoch 1091 Train Time 101.75247764587402s

2025-10-22 13:59:05,177 | INFO | Training epoch 1092, Batch 1000/1000: LR=4.34e-05, Loss=2.13e-03 BER=8.44e-04 FER=1.50e-02
2025-10-22 13:59:05,229 | INFO | Epoch 1092 Train Time 104.8977198600769s

2025-10-22 14:00:42,394 | INFO | Training epoch 1093, Batch 1000/1000: LR=4.34e-05, Loss=2.12e-03 BER=8.46e-04 FER=1.51e-02
2025-10-22 14:00:42,449 | INFO | Epoch 1093 Train Time 97.21957850456238s

2025-10-22 14:02:19,210 | INFO | Training epoch 1094, Batch 1000/1000: LR=4.33e-05, Loss=2.19e-03 BER=8.58e-04 FER=1.51e-02
2025-10-22 14:02:19,260 | INFO | Epoch 1094 Train Time 96.80967044830322s

2025-10-22 14:04:01,850 | INFO | Training epoch 1095, Batch 1000/1000: LR=4.32e-05, Loss=2.19e-03 BER=8.65e-04 FER=1.55e-02
2025-10-22 14:04:01,913 | INFO | Epoch 1095 Train Time 102.65229439735413s

2025-10-22 14:05:38,918 | INFO | Training epoch 1096, Batch 1000/1000: LR=4.31e-05, Loss=2.20e-03 BER=8.72e-04 FER=1.54e-02
2025-10-22 14:05:38,980 | INFO | Epoch 1096 Train Time 97.06540298461914s

2025-10-22 14:07:22,109 | INFO | Training epoch 1097, Batch 1000/1000: LR=4.31e-05, Loss=2.09e-03 BER=8.27e-04 FER=1.47e-02
2025-10-22 14:07:22,163 | INFO | Epoch 1097 Train Time 103.18132472038269s

2025-10-22 14:08:59,001 | INFO | Training epoch 1098, Batch 1000/1000: LR=4.30e-05, Loss=2.18e-03 BER=8.68e-04 FER=1.55e-02
2025-10-22 14:08:59,043 | INFO | Epoch 1098 Train Time 96.87885975837708s

2025-10-22 14:10:40,309 | INFO | Training epoch 1099, Batch 1000/1000: LR=4.29e-05, Loss=2.19e-03 BER=8.76e-04 FER=1.56e-02
2025-10-22 14:10:40,370 | INFO | Epoch 1099 Train Time 101.32525205612183s

2025-10-22 14:12:25,708 | INFO | Training epoch 1100, Batch 1000/1000: LR=4.28e-05, Loss=2.16e-03 BER=8.58e-04 FER=1.56e-02
2025-10-22 14:12:25,749 | INFO | Epoch 1100 Train Time 105.3780779838562s

2025-10-22 14:14:05,841 | INFO | Training epoch 1101, Batch 1000/1000: LR=4.28e-05, Loss=2.15e-03 BER=8.62e-04 FER=1.50e-02
2025-10-22 14:14:05,905 | INFO | Epoch 1101 Train Time 100.15412306785583s

2025-10-22 14:15:42,936 | INFO | Training epoch 1102, Batch 1000/1000: LR=4.27e-05, Loss=2.14e-03 BER=8.37e-04 FER=1.47e-02
2025-10-22 14:15:42,981 | INFO | Epoch 1102 Train Time 97.07563376426697s

2025-10-22 14:17:28,976 | INFO | Training epoch 1103, Batch 1000/1000: LR=4.26e-05, Loss=2.16e-03 BER=8.59e-04 FER=1.55e-02
2025-10-22 14:17:29,024 | INFO | Epoch 1103 Train Time 106.04117059707642s

2025-10-22 14:19:11,331 | INFO | Training epoch 1104, Batch 1000/1000: LR=4.25e-05, Loss=2.11e-03 BER=8.33e-04 FER=1.49e-02
2025-10-22 14:19:11,382 | INFO | Epoch 1104 Train Time 102.35645508766174s

2025-10-22 14:20:56,931 | INFO | Training epoch 1105, Batch 1000/1000: LR=4.24e-05, Loss=2.22e-03 BER=8.88e-04 FER=1.56e-02
2025-10-22 14:20:56,996 | INFO | Epoch 1105 Train Time 105.61312961578369s

2025-10-22 14:22:34,434 | INFO | Training epoch 1106, Batch 1000/1000: LR=4.24e-05, Loss=2.07e-03 BER=8.25e-04 FER=1.47e-02
2025-10-22 14:22:34,475 | INFO | Epoch 1106 Train Time 97.47777843475342s

2025-10-22 14:24:15,836 | INFO | Training epoch 1107, Batch 1000/1000: LR=4.23e-05, Loss=2.22e-03 BER=8.72e-04 FER=1.52e-02
2025-10-22 14:24:15,897 | INFO | Epoch 1107 Train Time 101.42157578468323s

2025-10-22 14:25:58,118 | INFO | Training epoch 1108, Batch 1000/1000: LR=4.22e-05, Loss=2.20e-03 BER=8.77e-04 FER=1.56e-02
2025-10-22 14:25:58,179 | INFO | Epoch 1108 Train Time 102.28117251396179s

2025-10-22 14:27:36,366 | INFO | Training epoch 1109, Batch 1000/1000: LR=4.21e-05, Loss=2.05e-03 BER=8.10e-04 FER=1.45e-02
2025-10-22 14:27:36,429 | INFO | Epoch 1109 Train Time 98.24780702590942s

2025-10-22 14:29:18,302 | INFO | Training epoch 1110, Batch 1000/1000: LR=4.21e-05, Loss=2.11e-03 BER=8.35e-04 FER=1.50e-02
2025-10-22 14:29:18,360 | INFO | Epoch 1110 Train Time 101.93069219589233s

2025-10-22 14:31:03,179 | INFO | Training epoch 1111, Batch 1000/1000: LR=4.20e-05, Loss=2.12e-03 BER=8.45e-04 FER=1.53e-02
2025-10-22 14:31:03,218 | INFO | Epoch 1111 Train Time 104.85586977005005s

2025-10-22 14:32:40,594 | INFO | Training epoch 1112, Batch 1000/1000: LR=4.19e-05, Loss=2.08e-03 BER=8.20e-04 FER=1.47e-02
2025-10-22 14:32:40,653 | INFO | Epoch 1112 Train Time 97.43432521820068s

2025-10-22 14:34:25,999 | INFO | Training epoch 1113, Batch 1000/1000: LR=4.18e-05, Loss=2.16e-03 BER=8.53e-04 FER=1.53e-02
2025-10-22 14:34:26,052 | INFO | Epoch 1113 Train Time 105.39675259590149s

2025-10-22 14:36:04,067 | INFO | Training epoch 1114, Batch 1000/1000: LR=4.18e-05, Loss=2.08e-03 BER=8.30e-04 FER=1.46e-02
2025-10-22 14:36:04,114 | INFO | Epoch 1114 Train Time 98.06143951416016s

2025-10-22 14:37:43,601 | INFO | Training epoch 1115, Batch 1000/1000: LR=4.17e-05, Loss=2.23e-03 BER=8.90e-04 FER=1.56e-02
2025-10-22 14:37:43,664 | INFO | Epoch 1115 Train Time 99.54885172843933s

2025-10-22 14:39:27,261 | INFO | Training epoch 1116, Batch 1000/1000: LR=4.16e-05, Loss=2.22e-03 BER=8.73e-04 FER=1.53e-02
2025-10-22 14:39:27,317 | INFO | Epoch 1116 Train Time 103.65244054794312s

2025-10-22 14:41:14,309 | INFO | Training epoch 1117, Batch 1000/1000: LR=4.15e-05, Loss=2.19e-03 BER=8.68e-04 FER=1.54e-02
2025-10-22 14:41:14,362 | INFO | Epoch 1117 Train Time 107.04341721534729s

2025-10-22 14:42:47,527 | INFO | Training epoch 1118, Batch 1000/1000: LR=4.15e-05, Loss=2.08e-03 BER=8.27e-04 FER=1.46e-02
2025-10-22 14:42:47,571 | INFO | Epoch 1118 Train Time 93.20850110054016s

2025-10-22 14:44:29,183 | INFO | Training epoch 1119, Batch 1000/1000: LR=4.14e-05, Loss=2.13e-03 BER=8.46e-04 FER=1.51e-02
2025-10-22 14:44:29,250 | INFO | Epoch 1119 Train Time 101.67731261253357s

2025-10-22 14:46:06,611 | INFO | Training epoch 1120, Batch 1000/1000: LR=4.13e-05, Loss=2.15e-03 BER=8.58e-04 FER=1.52e-02
2025-10-22 14:46:06,662 | INFO | Epoch 1120 Train Time 97.4110164642334s

2025-10-22 14:47:46,292 | INFO | Training epoch 1121, Batch 1000/1000: LR=4.12e-05, Loss=2.11e-03 BER=8.42e-04 FER=1.51e-02
2025-10-22 14:47:46,339 | INFO | Epoch 1121 Train Time 99.67657017707825s

2025-10-22 14:49:33,206 | INFO | Training epoch 1122, Batch 1000/1000: LR=4.11e-05, Loss=2.14e-03 BER=8.50e-04 FER=1.47e-02
2025-10-22 14:49:33,270 | INFO | Epoch 1122 Train Time 106.9295744895935s

2025-10-22 14:51:07,222 | INFO | Training epoch 1123, Batch 1000/1000: LR=4.11e-05, Loss=2.11e-03 BER=8.39e-04 FER=1.50e-02
2025-10-22 14:51:07,258 | INFO | Epoch 1123 Train Time 93.98725461959839s

2025-10-22 14:52:47,439 | INFO | Training epoch 1124, Batch 1000/1000: LR=4.10e-05, Loss=2.10e-03 BER=8.41e-04 FER=1.52e-02
2025-10-22 14:52:47,503 | INFO | Epoch 1124 Train Time 100.24349761009216s

2025-10-22 14:54:30,630 | INFO | Training epoch 1125, Batch 1000/1000: LR=4.09e-05, Loss=2.17e-03 BER=8.58e-04 FER=1.52e-02
2025-10-22 14:54:30,687 | INFO | Epoch 1125 Train Time 103.18348836898804s

2025-10-22 14:56:19,458 | INFO | Training epoch 1126, Batch 1000/1000: LR=4.08e-05, Loss=2.08e-03 BER=8.39e-04 FER=1.48e-02
2025-10-22 14:56:19,509 | INFO | Epoch 1126 Train Time 108.82020306587219s

2025-10-22 14:58:12,514 | INFO | Training epoch 1127, Batch 1000/1000: LR=4.08e-05, Loss=2.17e-03 BER=8.70e-04 FER=1.52e-02
2025-10-22 14:58:12,576 | INFO | Epoch 1127 Train Time 113.06634664535522s

2025-10-22 15:00:00,207 | INFO | Training epoch 1128, Batch 1000/1000: LR=4.07e-05, Loss=2.14e-03 BER=8.54e-04 FER=1.52e-02
2025-10-22 15:00:00,255 | INFO | Epoch 1128 Train Time 107.67841649055481s

2025-10-22 15:01:52,166 | INFO | Training epoch 1129, Batch 1000/1000: LR=4.06e-05, Loss=2.06e-03 BER=8.18e-04 FER=1.45e-02
2025-10-22 15:01:52,211 | INFO | Epoch 1129 Train Time 111.95317459106445s

2025-10-22 15:03:38,378 | INFO | Training epoch 1130, Batch 1000/1000: LR=4.05e-05, Loss=2.11e-03 BER=8.44e-04 FER=1.50e-02
2025-10-22 15:03:38,433 | INFO | Epoch 1130 Train Time 106.2205023765564s

2025-10-22 15:05:21,868 | INFO | Training epoch 1131, Batch 1000/1000: LR=4.05e-05, Loss=2.09e-03 BER=8.25e-04 FER=1.48e-02
2025-10-22 15:05:21,938 | INFO | Epoch 1131 Train Time 103.50440669059753s

2025-10-22 15:07:08,331 | INFO | Training epoch 1132, Batch 1000/1000: LR=4.04e-05, Loss=2.10e-03 BER=8.42e-04 FER=1.49e-02
2025-10-22 15:07:08,379 | INFO | Epoch 1132 Train Time 106.43619561195374s

2025-10-22 15:08:46,592 | INFO | Training epoch 1133, Batch 1000/1000: LR=4.03e-05, Loss=2.14e-03 BER=8.57e-04 FER=1.51e-02
2025-10-22 15:08:46,665 | INFO | Epoch 1133 Train Time 98.28326678276062s

2025-10-22 15:10:23,516 | INFO | Training epoch 1134, Batch 1000/1000: LR=4.02e-05, Loss=2.14e-03 BER=8.53e-04 FER=1.54e-02
2025-10-22 15:10:23,567 | INFO | Epoch 1134 Train Time 96.90186977386475s

2025-10-22 15:12:00,850 | INFO | Training epoch 1135, Batch 1000/1000: LR=4.02e-05, Loss=2.08e-03 BER=8.29e-04 FER=1.46e-02
2025-10-22 15:12:00,908 | INFO | Epoch 1135 Train Time 97.33942604064941s

2025-10-22 15:13:39,848 | INFO | Training epoch 1136, Batch 1000/1000: LR=4.01e-05, Loss=2.11e-03 BER=8.40e-04 FER=1.50e-02
2025-10-22 15:13:39,903 | INFO | Epoch 1136 Train Time 98.99340867996216s

2025-10-22 15:15:20,508 | INFO | Training epoch 1137, Batch 1000/1000: LR=4.00e-05, Loss=2.15e-03 BER=8.52e-04 FER=1.51e-02
2025-10-22 15:15:20,558 | INFO | Epoch 1137 Train Time 100.65398669242859s

2025-10-22 15:16:59,450 | INFO | Training epoch 1138, Batch 1000/1000: LR=3.99e-05, Loss=2.16e-03 BER=8.73e-04 FER=1.53e-02
2025-10-22 15:16:59,510 | INFO | Epoch 1138 Train Time 98.95181131362915s

2025-10-22 15:18:36,207 | INFO | Training epoch 1139, Batch 1000/1000: LR=3.99e-05, Loss=2.15e-03 BER=8.52e-04 FER=1.51e-02
2025-10-22 15:18:36,268 | INFO | Epoch 1139 Train Time 96.75494742393494s

2025-10-22 15:20:16,901 | INFO | Training epoch 1140, Batch 1000/1000: LR=3.98e-05, Loss=2.14e-03 BER=8.57e-04 FER=1.51e-02
2025-10-22 15:20:16,962 | INFO | Epoch 1140 Train Time 100.69247031211853s

2025-10-22 15:21:53,507 | INFO | Training epoch 1141, Batch 1000/1000: LR=3.97e-05, Loss=2.06e-03 BER=8.16e-04 FER=1.47e-02
2025-10-22 15:21:53,564 | INFO | Epoch 1141 Train Time 96.60150146484375s

2025-10-22 15:23:31,018 | INFO | Training epoch 1142, Batch 1000/1000: LR=3.96e-05, Loss=2.12e-03 BER=8.43e-04 FER=1.48e-02
2025-10-22 15:23:31,076 | INFO | Epoch 1142 Train Time 97.51079487800598s

2025-10-22 15:25:12,194 | INFO | Training epoch 1143, Batch 1000/1000: LR=3.96e-05, Loss=2.22e-03 BER=8.67e-04 FER=1.55e-02
2025-10-22 15:25:12,233 | INFO | Epoch 1143 Train Time 101.15655255317688s

2025-10-22 15:26:53,495 | INFO | Training epoch 1144, Batch 1000/1000: LR=3.95e-05, Loss=2.16e-03 BER=8.64e-04 FER=1.55e-02
2025-10-22 15:26:53,542 | INFO | Epoch 1144 Train Time 101.30779242515564s

2025-10-22 15:28:37,388 | INFO | Training epoch 1145, Batch 1000/1000: LR=3.94e-05, Loss=2.00e-03 BER=7.82e-04 FER=1.40e-02
2025-10-22 15:28:37,442 | INFO | Epoch 1145 Train Time 103.89911603927612s

2025-10-22 15:28:37,443 | INFO | [P2] saving best_model (QAT) with loss 0.001999 at epoch 1145
2025-10-22 15:30:15,232 | INFO | Training epoch 1146, Batch 1000/1000: LR=3.93e-05, Loss=2.30e-03 BER=9.17e-04 FER=1.64e-02
2025-10-22 15:30:15,284 | INFO | Epoch 1146 Train Time 97.73427724838257s

2025-10-22 15:31:55,224 | INFO | Training epoch 1147, Batch 1000/1000: LR=3.92e-05, Loss=2.15e-03 BER=8.57e-04 FER=1.54e-02
2025-10-22 15:31:55,274 | INFO | Epoch 1147 Train Time 99.98882174491882s

2025-10-22 15:33:36,795 | INFO | Training epoch 1148, Batch 1000/1000: LR=3.92e-05, Loss=2.12e-03 BER=8.34e-04 FER=1.50e-02
2025-10-22 15:33:36,859 | INFO | Epoch 1148 Train Time 101.58367443084717s

2025-10-22 15:35:18,510 | INFO | Training epoch 1149, Batch 1000/1000: LR=3.91e-05, Loss=2.07e-03 BER=8.09e-04 FER=1.47e-02
2025-10-22 15:35:18,562 | INFO | Epoch 1149 Train Time 101.70172071456909s

2025-10-22 15:36:53,220 | INFO | Training epoch 1150, Batch 1000/1000: LR=3.90e-05, Loss=2.17e-03 BER=8.65e-04 FER=1.52e-02
2025-10-22 15:36:53,274 | INFO | Epoch 1150 Train Time 94.71087002754211s

2025-10-22 15:38:39,282 | INFO | Training epoch 1151, Batch 1000/1000: LR=3.89e-05, Loss=2.12e-03 BER=8.31e-04 FER=1.49e-02
2025-10-22 15:38:39,329 | INFO | Epoch 1151 Train Time 106.05413341522217s

2025-10-22 15:40:14,944 | INFO | Training epoch 1152, Batch 1000/1000: LR=3.89e-05, Loss=2.18e-03 BER=8.69e-04 FER=1.52e-02
2025-10-22 15:40:14,996 | INFO | Epoch 1152 Train Time 95.66606855392456s

2025-10-22 15:41:58,481 | INFO | Training epoch 1153, Batch 1000/1000: LR=3.88e-05, Loss=2.13e-03 BER=8.50e-04 FER=1.51e-02
2025-10-22 15:41:58,556 | INFO | Epoch 1153 Train Time 103.55857634544373s

2025-10-22 15:43:39,267 | INFO | Training epoch 1154, Batch 1000/1000: LR=3.87e-05, Loss=2.13e-03 BER=8.46e-04 FER=1.47e-02
2025-10-22 15:43:39,315 | INFO | Epoch 1154 Train Time 100.75799798965454s

2025-10-22 15:45:16,508 | INFO | Training epoch 1155, Batch 1000/1000: LR=3.86e-05, Loss=2.15e-03 BER=8.50e-04 FER=1.51e-02
2025-10-22 15:45:16,570 | INFO | Epoch 1155 Train Time 97.25301671028137s

2025-10-22 15:46:53,310 | INFO | Training epoch 1156, Batch 1000/1000: LR=3.86e-05, Loss=2.07e-03 BER=8.31e-04 FER=1.46e-02
2025-10-22 15:46:53,375 | INFO | Epoch 1156 Train Time 96.80419540405273s

2025-10-22 15:48:32,022 | INFO | Training epoch 1157, Batch 1000/1000: LR=3.85e-05, Loss=2.11e-03 BER=8.42e-04 FER=1.48e-02
2025-10-22 15:48:32,061 | INFO | Epoch 1157 Train Time 98.68421697616577s

2025-10-22 15:50:15,793 | INFO | Training epoch 1158, Batch 1000/1000: LR=3.84e-05, Loss=2.14e-03 BER=8.47e-04 FER=1.54e-02
2025-10-22 15:50:15,837 | INFO | Epoch 1158 Train Time 103.77463817596436s

2025-10-22 15:51:59,704 | INFO | Training epoch 1159, Batch 1000/1000: LR=3.83e-05, Loss=2.08e-03 BER=8.21e-04 FER=1.45e-02
2025-10-22 15:51:59,758 | INFO | Epoch 1159 Train Time 103.91968941688538s

2025-10-22 15:53:43,363 | INFO | Training epoch 1160, Batch 1000/1000: LR=3.83e-05, Loss=2.10e-03 BER=8.34e-04 FER=1.47e-02
2025-10-22 15:53:43,423 | INFO | Epoch 1160 Train Time 103.66367149353027s

2025-10-22 15:55:20,002 | INFO | Training epoch 1161, Batch 1000/1000: LR=3.82e-05, Loss=2.11e-03 BER=8.45e-04 FER=1.50e-02
2025-10-22 15:55:20,046 | INFO | Epoch 1161 Train Time 96.6222517490387s

2025-10-22 15:56:54,902 | INFO | Training epoch 1162, Batch 1000/1000: LR=3.81e-05, Loss=2.02e-03 BER=7.91e-04 FER=1.42e-02
2025-10-22 15:56:54,966 | INFO | Epoch 1162 Train Time 94.91894268989563s

2025-10-22 15:58:32,566 | INFO | Training epoch 1163, Batch 1000/1000: LR=3.80e-05, Loss=2.17e-03 BER=8.59e-04 FER=1.55e-02
2025-10-22 15:58:32,616 | INFO | Epoch 1163 Train Time 97.64909267425537s

2025-10-22 16:00:11,312 | INFO | Training epoch 1164, Batch 1000/1000: LR=3.80e-05, Loss=2.15e-03 BER=8.58e-04 FER=1.52e-02
2025-10-22 16:00:11,363 | INFO | Epoch 1164 Train Time 98.74561476707458s

2025-10-22 16:01:50,443 | INFO | Training epoch 1165, Batch 1000/1000: LR=3.79e-05, Loss=2.14e-03 BER=8.44e-04 FER=1.48e-02
2025-10-22 16:01:50,506 | INFO | Epoch 1165 Train Time 99.14203834533691s

2025-10-22 16:03:33,226 | INFO | Training epoch 1166, Batch 1000/1000: LR=3.78e-05, Loss=2.12e-03 BER=8.45e-04 FER=1.53e-02
2025-10-22 16:03:33,271 | INFO | Epoch 1166 Train Time 102.76336860656738s

2025-10-22 16:05:12,623 | INFO | Training epoch 1167, Batch 1000/1000: LR=3.77e-05, Loss=2.11e-03 BER=8.37e-04 FER=1.49e-02
2025-10-22 16:05:12,679 | INFO | Epoch 1167 Train Time 99.40668535232544s

2025-10-22 16:06:48,140 | INFO | Training epoch 1168, Batch 1000/1000: LR=3.77e-05, Loss=2.08e-03 BER=8.30e-04 FER=1.49e-02
2025-10-22 16:06:48,188 | INFO | Epoch 1168 Train Time 95.50864338874817s

2025-10-22 16:08:23,593 | INFO | Training epoch 1169, Batch 1000/1000: LR=3.76e-05, Loss=2.17e-03 BER=8.69e-04 FER=1.53e-02
2025-10-22 16:08:23,643 | INFO | Epoch 1169 Train Time 95.45360541343689s

2025-10-22 16:10:04,603 | INFO | Training epoch 1170, Batch 1000/1000: LR=3.75e-05, Loss=2.18e-03 BER=8.69e-04 FER=1.53e-02
2025-10-22 16:10:04,661 | INFO | Epoch 1170 Train Time 101.01690101623535s

2025-10-22 16:11:54,350 | INFO | Training epoch 1171, Batch 1000/1000: LR=3.74e-05, Loss=2.15e-03 BER=8.48e-04 FER=1.49e-02
2025-10-22 16:11:54,398 | INFO | Epoch 1171 Train Time 109.73597145080566s

2025-10-22 16:13:42,364 | INFO | Training epoch 1172, Batch 1000/1000: LR=3.74e-05, Loss=2.22e-03 BER=8.85e-04 FER=1.56e-02
2025-10-22 16:13:42,412 | INFO | Epoch 1172 Train Time 108.01249408721924s

2025-10-22 16:15:43,796 | INFO | Training epoch 1173, Batch 1000/1000: LR=3.73e-05, Loss=2.05e-03 BER=8.30e-04 FER=1.47e-02
2025-10-22 16:15:43,850 | INFO | Epoch 1173 Train Time 121.436842918396s

2025-10-22 16:17:34,285 | INFO | Training epoch 1174, Batch 1000/1000: LR=3.72e-05, Loss=2.26e-03 BER=8.92e-04 FER=1.57e-02
2025-10-22 16:17:34,344 | INFO | Epoch 1174 Train Time 110.4933385848999s

2025-10-22 16:19:19,646 | INFO | Training epoch 1175, Batch 1000/1000: LR=3.71e-05, Loss=2.15e-03 BER=8.41e-04 FER=1.51e-02
2025-10-22 16:19:19,707 | INFO | Epoch 1175 Train Time 105.36159873008728s

2025-10-22 16:21:00,872 | INFO | Training epoch 1176, Batch 1000/1000: LR=3.71e-05, Loss=2.10e-03 BER=8.32e-04 FER=1.49e-02
2025-10-22 16:21:00,924 | INFO | Epoch 1176 Train Time 101.21634221076965s

2025-10-22 16:22:42,505 | INFO | Training epoch 1177, Batch 1000/1000: LR=3.70e-05, Loss=2.18e-03 BER=8.69e-04 FER=1.53e-02
2025-10-22 16:22:42,553 | INFO | Epoch 1177 Train Time 101.6276650428772s

2025-10-22 16:24:20,651 | INFO | Training epoch 1178, Batch 1000/1000: LR=3.69e-05, Loss=2.06e-03 BER=8.12e-04 FER=1.46e-02
2025-10-22 16:24:20,703 | INFO | Epoch 1178 Train Time 98.14800810813904s

2025-10-22 16:26:04,425 | INFO | Training epoch 1179, Batch 1000/1000: LR=3.68e-05, Loss=2.10e-03 BER=8.24e-04 FER=1.48e-02
2025-10-22 16:26:04,480 | INFO | Epoch 1179 Train Time 103.77550530433655s

2025-10-22 16:27:43,415 | INFO | Training epoch 1180, Batch 1000/1000: LR=3.68e-05, Loss=2.10e-03 BER=8.33e-04 FER=1.48e-02
2025-10-22 16:27:43,468 | INFO | Epoch 1180 Train Time 98.98690056800842s

2025-10-22 16:29:17,354 | INFO | Training epoch 1181, Batch 1000/1000: LR=3.67e-05, Loss=2.08e-03 BER=8.30e-04 FER=1.46e-02
2025-10-22 16:29:17,413 | INFO | Epoch 1181 Train Time 93.9438214302063s

2025-10-22 16:30:56,972 | INFO | Training epoch 1182, Batch 1000/1000: LR=3.66e-05, Loss=2.20e-03 BER=8.76e-04 FER=1.52e-02
2025-10-22 16:30:57,030 | INFO | Epoch 1182 Train Time 99.61465620994568s

2025-10-22 16:32:36,700 | INFO | Training epoch 1183, Batch 1000/1000: LR=3.65e-05, Loss=2.12e-03 BER=8.39e-04 FER=1.49e-02
2025-10-22 16:32:36,761 | INFO | Epoch 1183 Train Time 99.73028826713562s

2025-10-22 16:34:13,737 | INFO | Training epoch 1184, Batch 1000/1000: LR=3.65e-05, Loss=2.25e-03 BER=8.93e-04 FER=1.55e-02
2025-10-22 16:34:13,786 | INFO | Epoch 1184 Train Time 97.02421236038208s

2025-10-22 16:35:55,968 | INFO | Training epoch 1185, Batch 1000/1000: LR=3.64e-05, Loss=2.17e-03 BER=8.61e-04 FER=1.53e-02
2025-10-22 16:35:56,019 | INFO | Epoch 1185 Train Time 102.23150515556335s

2025-10-22 16:37:39,037 | INFO | Training epoch 1186, Batch 1000/1000: LR=3.63e-05, Loss=2.12e-03 BER=8.41e-04 FER=1.49e-02
2025-10-22 16:37:39,088 | INFO | Epoch 1186 Train Time 103.06760430335999s

2025-10-22 16:39:20,063 | INFO | Training epoch 1187, Batch 1000/1000: LR=3.62e-05, Loss=2.15e-03 BER=8.53e-04 FER=1.47e-02
2025-10-22 16:39:20,108 | INFO | Epoch 1187 Train Time 101.01855301856995s

2025-10-22 16:41:03,820 | INFO | Training epoch 1188, Batch 1000/1000: LR=3.62e-05, Loss=2.13e-03 BER=8.40e-04 FER=1.47e-02
2025-10-22 16:41:03,890 | INFO | Epoch 1188 Train Time 103.78082799911499s

2025-10-22 16:42:45,856 | INFO | Training epoch 1189, Batch 1000/1000: LR=3.61e-05, Loss=2.16e-03 BER=8.52e-04 FER=1.50e-02
2025-10-22 16:42:45,906 | INFO | Epoch 1189 Train Time 102.01375603675842s

2025-10-22 16:44:25,455 | INFO | Training epoch 1190, Batch 1000/1000: LR=3.60e-05, Loss=2.11e-03 BER=8.37e-04 FER=1.46e-02
2025-10-22 16:44:25,510 | INFO | Epoch 1190 Train Time 99.60349702835083s

2025-10-22 16:46:03,275 | INFO | Training epoch 1191, Batch 1000/1000: LR=3.59e-05, Loss=2.13e-03 BER=8.46e-04 FER=1.47e-02
2025-10-22 16:46:03,326 | INFO | Epoch 1191 Train Time 97.81424617767334s

2025-10-22 16:47:39,935 | INFO | Training epoch 1192, Batch 1000/1000: LR=3.59e-05, Loss=2.14e-03 BER=8.55e-04 FER=1.51e-02
2025-10-22 16:47:39,999 | INFO | Epoch 1192 Train Time 96.67157483100891s

2025-10-22 16:49:16,724 | INFO | Training epoch 1193, Batch 1000/1000: LR=3.58e-05, Loss=2.08e-03 BER=8.26e-04 FER=1.47e-02
2025-10-22 16:49:16,779 | INFO | Epoch 1193 Train Time 96.77922797203064s

2025-10-22 16:50:54,906 | INFO | Training epoch 1194, Batch 1000/1000: LR=3.57e-05, Loss=2.11e-03 BER=8.44e-04 FER=1.47e-02
2025-10-22 16:50:54,948 | INFO | Epoch 1194 Train Time 98.16746592521667s

2025-10-22 16:52:34,762 | INFO | Training epoch 1195, Batch 1000/1000: LR=3.56e-05, Loss=2.04e-03 BER=8.18e-04 FER=1.45e-02
2025-10-22 16:52:34,809 | INFO | Epoch 1195 Train Time 99.86029553413391s

2025-10-22 16:54:14,419 | INFO | Training epoch 1196, Batch 1000/1000: LR=3.56e-05, Loss=2.12e-03 BER=8.41e-04 FER=1.49e-02
2025-10-22 16:54:14,486 | INFO | Epoch 1196 Train Time 99.67519450187683s

2025-10-22 16:55:56,313 | INFO | Training epoch 1197, Batch 1000/1000: LR=3.55e-05, Loss=1.99e-03 BER=7.89e-04 FER=1.40e-02
2025-10-22 16:55:56,362 | INFO | Epoch 1197 Train Time 101.87433767318726s

2025-10-22 16:55:56,362 | INFO | [P2] saving best_model (QAT) with loss 0.001989 at epoch 1197
2025-10-22 16:57:34,310 | INFO | Training epoch 1198, Batch 1000/1000: LR=3.54e-05, Loss=2.12e-03 BER=8.48e-04 FER=1.47e-02
2025-10-22 16:57:34,363 | INFO | Epoch 1198 Train Time 97.9224328994751s

2025-10-22 16:59:14,368 | INFO | Training epoch 1199, Batch 1000/1000: LR=3.54e-05, Loss=2.17e-03 BER=8.59e-04 FER=1.50e-02
2025-10-22 16:59:14,420 | INFO | Epoch 1199 Train Time 100.05599331855774s

2025-10-22 17:00:52,299 | INFO | Training epoch 1200, Batch 1000/1000: LR=3.53e-05, Loss=2.14e-03 BER=8.48e-04 FER=1.51e-02
2025-10-22 17:00:52,346 | INFO | Epoch 1200 Train Time 97.92441916465759s

2025-10-22 17:02:31,373 | INFO | Training epoch 1201, Batch 1000/1000: LR=3.52e-05, Loss=2.24e-03 BER=9.01e-04 FER=1.56e-02
2025-10-22 17:02:31,436 | INFO | Epoch 1201 Train Time 99.08927536010742s

2025-10-22 17:04:14,351 | INFO | Training epoch 1202, Batch 1000/1000: LR=3.51e-05, Loss=2.12e-03 BER=8.41e-04 FER=1.50e-02
2025-10-22 17:04:14,402 | INFO | Epoch 1202 Train Time 102.96417140960693s

2025-10-22 17:05:53,957 | INFO | Training epoch 1203, Batch 1000/1000: LR=3.51e-05, Loss=2.14e-03 BER=8.54e-04 FER=1.50e-02
2025-10-22 17:05:53,997 | INFO | Epoch 1203 Train Time 99.59422302246094s

2025-10-22 17:07:32,418 | INFO | Training epoch 1204, Batch 1000/1000: LR=3.50e-05, Loss=2.11e-03 BER=8.40e-04 FER=1.51e-02
2025-10-22 17:07:32,499 | INFO | Epoch 1204 Train Time 98.5002875328064s

2025-10-22 17:09:07,393 | INFO | Training epoch 1205, Batch 1000/1000: LR=3.49e-05, Loss=2.19e-03 BER=8.69e-04 FER=1.53e-02
2025-10-22 17:09:07,444 | INFO | Epoch 1205 Train Time 94.94407439231873s

2025-10-22 17:10:52,250 | INFO | Training epoch 1206, Batch 1000/1000: LR=3.48e-05, Loss=2.10e-03 BER=8.40e-04 FER=1.48e-02
2025-10-22 17:10:52,316 | INFO | Epoch 1206 Train Time 104.87107467651367s

2025-10-22 17:12:31,993 | INFO | Training epoch 1207, Batch 1000/1000: LR=3.48e-05, Loss=2.17e-03 BER=8.60e-04 FER=1.51e-02
2025-10-22 17:12:32,050 | INFO | Epoch 1207 Train Time 99.73317289352417s

2025-10-22 17:14:11,858 | INFO | Training epoch 1208, Batch 1000/1000: LR=3.47e-05, Loss=2.07e-03 BER=8.26e-04 FER=1.45e-02
2025-10-22 17:14:11,914 | INFO | Epoch 1208 Train Time 99.86193084716797s

2025-10-22 17:15:52,023 | INFO | Training epoch 1209, Batch 1000/1000: LR=3.46e-05, Loss=2.19e-03 BER=8.74e-04 FER=1.53e-02
2025-10-22 17:15:52,070 | INFO | Epoch 1209 Train Time 100.15462398529053s

2025-10-22 17:17:33,151 | INFO | Training epoch 1210, Batch 1000/1000: LR=3.45e-05, Loss=2.16e-03 BER=8.56e-04 FER=1.55e-02
2025-10-22 17:17:33,200 | INFO | Epoch 1210 Train Time 101.12923312187195s

2025-10-22 17:19:12,639 | INFO | Training epoch 1211, Batch 1000/1000: LR=3.45e-05, Loss=2.05e-03 BER=8.09e-04 FER=1.45e-02
2025-10-22 17:19:12,687 | INFO | Epoch 1211 Train Time 99.48539113998413s

2025-10-22 17:20:52,774 | INFO | Training epoch 1212, Batch 1000/1000: LR=3.44e-05, Loss=2.15e-03 BER=8.60e-04 FER=1.50e-02
2025-10-22 17:20:52,828 | INFO | Epoch 1212 Train Time 100.14054107666016s

2025-10-22 17:22:34,802 | INFO | Training epoch 1213, Batch 1000/1000: LR=3.43e-05, Loss=2.15e-03 BER=8.60e-04 FER=1.51e-02
2025-10-22 17:22:34,856 | INFO | Epoch 1213 Train Time 102.0262291431427s

2025-10-22 17:24:16,862 | INFO | Training epoch 1214, Batch 1000/1000: LR=3.42e-05, Loss=2.19e-03 BER=8.72e-04 FER=1.52e-02
2025-10-22 17:24:16,918 | INFO | Epoch 1214 Train Time 102.06104707717896s

2025-10-22 17:26:06,407 | INFO | Training epoch 1215, Batch 1000/1000: LR=3.42e-05, Loss=2.08e-03 BER=8.20e-04 FER=1.42e-02
2025-10-22 17:26:06,457 | INFO | Epoch 1215 Train Time 109.53793787956238s

2025-10-22 17:27:57,879 | INFO | Training epoch 1216, Batch 1000/1000: LR=3.41e-05, Loss=2.06e-03 BER=8.10e-04 FER=1.46e-02
2025-10-22 17:27:57,930 | INFO | Epoch 1216 Train Time 111.47145342826843s

2025-10-22 17:29:49,536 | INFO | Training epoch 1217, Batch 1000/1000: LR=3.40e-05, Loss=2.13e-03 BER=8.42e-04 FER=1.48e-02
2025-10-22 17:29:49,590 | INFO | Epoch 1217 Train Time 111.65899658203125s

2025-10-22 17:31:28,801 | INFO | Training epoch 1218, Batch 1000/1000: LR=3.40e-05, Loss=2.14e-03 BER=8.45e-04 FER=1.48e-02
2025-10-22 17:31:28,881 | INFO | Epoch 1218 Train Time 99.28882074356079s

2025-10-22 17:33:10,495 | INFO | Training epoch 1219, Batch 1000/1000: LR=3.39e-05, Loss=2.25e-03 BER=8.93e-04 FER=1.58e-02
2025-10-22 17:33:10,557 | INFO | Epoch 1219 Train Time 101.67311596870422s

2025-10-22 17:35:01,098 | INFO | Training epoch 1220, Batch 1000/1000: LR=3.38e-05, Loss=2.07e-03 BER=8.37e-04 FER=1.46e-02
2025-10-22 17:35:01,160 | INFO | Epoch 1220 Train Time 110.60234665870667s

2025-10-22 17:36:50,007 | INFO | Training epoch 1221, Batch 1000/1000: LR=3.37e-05, Loss=2.02e-03 BER=8.01e-04 FER=1.45e-02
2025-10-22 17:36:50,062 | INFO | Epoch 1221 Train Time 108.90028595924377s

2025-10-22 17:38:27,506 | INFO | Training epoch 1222, Batch 1000/1000: LR=3.37e-05, Loss=2.13e-03 BER=8.45e-04 FER=1.46e-02
2025-10-22 17:38:27,573 | INFO | Epoch 1222 Train Time 97.50878524780273s

2025-10-22 17:40:15,558 | INFO | Training epoch 1223, Batch 1000/1000: LR=3.36e-05, Loss=2.05e-03 BER=8.09e-04 FER=1.43e-02
2025-10-22 17:40:15,623 | INFO | Epoch 1223 Train Time 108.04928255081177s

2025-10-22 17:41:58,911 | INFO | Training epoch 1224, Batch 1000/1000: LR=3.35e-05, Loss=2.15e-03 BER=8.45e-04 FER=1.51e-02
2025-10-22 17:41:58,966 | INFO | Epoch 1224 Train Time 103.34143233299255s

2025-10-22 17:43:38,182 | INFO | Training epoch 1225, Batch 1000/1000: LR=3.34e-05, Loss=2.15e-03 BER=8.48e-04 FER=1.48e-02
2025-10-22 17:43:38,236 | INFO | Epoch 1225 Train Time 99.26827192306519s

2025-10-22 17:45:18,937 | INFO | Training epoch 1226, Batch 1000/1000: LR=3.34e-05, Loss=2.07e-03 BER=8.26e-04 FER=1.46e-02
2025-10-22 17:45:18,996 | INFO | Epoch 1226 Train Time 100.75916624069214s

2025-10-22 17:47:02,533 | INFO | Training epoch 1227, Batch 1000/1000: LR=3.33e-05, Loss=2.07e-03 BER=8.15e-04 FER=1.47e-02
2025-10-22 17:47:02,587 | INFO | Epoch 1227 Train Time 103.59004926681519s

2025-10-22 17:48:41,269 | INFO | Training epoch 1228, Batch 1000/1000: LR=3.32e-05, Loss=2.04e-03 BER=8.16e-04 FER=1.43e-02
2025-10-22 17:48:41,321 | INFO | Epoch 1228 Train Time 98.73149228096008s

2025-10-22 17:50:21,845 | INFO | Training epoch 1229, Batch 1000/1000: LR=3.31e-05, Loss=2.10e-03 BER=8.38e-04 FER=1.48e-02
2025-10-22 17:50:21,911 | INFO | Epoch 1229 Train Time 100.58869576454163s

2025-10-22 17:52:04,161 | INFO | Training epoch 1230, Batch 1000/1000: LR=3.31e-05, Loss=2.11e-03 BER=8.29e-04 FER=1.47e-02
2025-10-22 17:52:04,244 | INFO | Epoch 1230 Train Time 102.33093762397766s

2025-10-22 17:53:46,205 | INFO | Training epoch 1231, Batch 1000/1000: LR=3.30e-05, Loss=2.10e-03 BER=8.37e-04 FER=1.49e-02
2025-10-22 17:53:46,250 | INFO | Epoch 1231 Train Time 102.00462341308594s

2025-10-22 17:55:28,756 | INFO | Training epoch 1232, Batch 1000/1000: LR=3.29e-05, Loss=2.08e-03 BER=8.23e-04 FER=1.44e-02
2025-10-22 17:55:28,809 | INFO | Epoch 1232 Train Time 102.55805230140686s

2025-10-22 17:57:07,605 | INFO | Training epoch 1233, Batch 1000/1000: LR=3.29e-05, Loss=2.14e-03 BER=8.59e-04 FER=1.50e-02
2025-10-22 17:57:07,706 | INFO | Epoch 1233 Train Time 98.89338541030884s

2025-10-22 17:58:48,617 | INFO | Training epoch 1234, Batch 1000/1000: LR=3.28e-05, Loss=2.09e-03 BER=8.31e-04 FER=1.49e-02
2025-10-22 17:58:48,675 | INFO | Epoch 1234 Train Time 100.96713590621948s

2025-10-22 18:00:27,938 | INFO | Training epoch 1235, Batch 1000/1000: LR=3.27e-05, Loss=2.12e-03 BER=8.30e-04 FER=1.47e-02
2025-10-22 18:00:28,001 | INFO | Epoch 1235 Train Time 99.3235330581665s

2025-10-22 18:02:06,779 | INFO | Training epoch 1236, Batch 1000/1000: LR=3.26e-05, Loss=2.06e-03 BER=8.15e-04 FER=1.46e-02
2025-10-22 18:02:06,853 | INFO | Epoch 1236 Train Time 98.85109949111938s

2025-10-22 18:03:41,691 | INFO | Training epoch 1237, Batch 1000/1000: LR=3.26e-05, Loss=2.11e-03 BER=8.38e-04 FER=1.48e-02
2025-10-22 18:03:41,755 | INFO | Epoch 1237 Train Time 94.90038919448853s

2025-10-22 18:05:27,617 | INFO | Training epoch 1238, Batch 1000/1000: LR=3.25e-05, Loss=2.13e-03 BER=8.48e-04 FER=1.49e-02
2025-10-22 18:05:27,673 | INFO | Epoch 1238 Train Time 105.91465044021606s

2025-10-22 18:07:08,998 | INFO | Training epoch 1239, Batch 1000/1000: LR=3.24e-05, Loss=2.12e-03 BER=8.48e-04 FER=1.50e-02
2025-10-22 18:07:09,045 | INFO | Epoch 1239 Train Time 101.37059926986694s

2025-10-22 18:08:46,698 | INFO | Training epoch 1240, Batch 1000/1000: LR=3.24e-05, Loss=2.07e-03 BER=8.27e-04 FER=1.45e-02
2025-10-22 18:08:46,765 | INFO | Epoch 1240 Train Time 97.71880626678467s

2025-10-22 18:10:27,795 | INFO | Training epoch 1241, Batch 1000/1000: LR=3.23e-05, Loss=2.10e-03 BER=8.44e-04 FER=1.47e-02
2025-10-22 18:10:27,873 | INFO | Epoch 1241 Train Time 101.10661029815674s

2025-10-22 18:12:01,508 | INFO | Training epoch 1242, Batch 1000/1000: LR=3.22e-05, Loss=2.07e-03 BER=8.16e-04 FER=1.46e-02
2025-10-22 18:12:01,566 | INFO | Epoch 1242 Train Time 93.69153332710266s

2025-10-22 18:13:39,530 | INFO | Training epoch 1243, Batch 1000/1000: LR=3.21e-05, Loss=2.07e-03 BER=8.17e-04 FER=1.46e-02
2025-10-22 18:13:39,581 | INFO | Epoch 1243 Train Time 98.01316285133362s

2025-10-22 18:15:19,911 | INFO | Training epoch 1244, Batch 1000/1000: LR=3.21e-05, Loss=2.01e-03 BER=8.13e-04 FER=1.42e-02
2025-10-22 18:15:19,978 | INFO | Epoch 1244 Train Time 100.39537858963013s

2025-10-22 18:17:06,693 | INFO | Training epoch 1245, Batch 1000/1000: LR=3.20e-05, Loss=2.15e-03 BER=8.52e-04 FER=1.48e-02
2025-10-22 18:17:06,745 | INFO | Epoch 1245 Train Time 106.76676821708679s

2025-10-22 18:18:46,657 | INFO | Training epoch 1246, Batch 1000/1000: LR=3.19e-05, Loss=2.12e-03 BER=8.49e-04 FER=1.47e-02
2025-10-22 18:18:46,716 | INFO | Epoch 1246 Train Time 99.96937012672424s

2025-10-22 18:20:27,118 | INFO | Training epoch 1247, Batch 1000/1000: LR=3.18e-05, Loss=2.07e-03 BER=8.25e-04 FER=1.47e-02
2025-10-22 18:20:27,175 | INFO | Epoch 1247 Train Time 100.45637130737305s

2025-10-22 18:22:12,755 | INFO | Training epoch 1248, Batch 1000/1000: LR=3.18e-05, Loss=2.16e-03 BER=8.47e-04 FER=1.49e-02
2025-10-22 18:22:12,806 | INFO | Epoch 1248 Train Time 105.62803411483765s

2025-10-22 18:23:57,105 | INFO | Training epoch 1249, Batch 1000/1000: LR=3.17e-05, Loss=1.97e-03 BER=7.86e-04 FER=1.41e-02
2025-10-22 18:23:57,154 | INFO | Epoch 1249 Train Time 104.34634757041931s

2025-10-22 18:23:57,155 | INFO | [P2] saving best_model (QAT) with loss 0.001973 at epoch 1249
2025-10-22 18:25:34,248 | INFO | Training epoch 1250, Batch 1000/1000: LR=3.16e-05, Loss=2.16e-03 BER=8.59e-04 FER=1.50e-02
2025-10-22 18:25:34,301 | INFO | Epoch 1250 Train Time 97.03053736686707s

2025-10-22 18:27:21,239 | INFO | Training epoch 1251, Batch 1000/1000: LR=3.16e-05, Loss=2.09e-03 BER=8.34e-04 FER=1.46e-02
2025-10-22 18:27:21,303 | INFO | Epoch 1251 Train Time 107.00002312660217s

2025-10-22 18:28:58,505 | INFO | Training epoch 1252, Batch 1000/1000: LR=3.15e-05, Loss=2.15e-03 BER=8.61e-04 FER=1.50e-02
2025-10-22 18:28:58,560 | INFO | Epoch 1252 Train Time 97.25583791732788s

2025-10-22 18:30:35,319 | INFO | Training epoch 1253, Batch 1000/1000: LR=3.14e-05, Loss=2.12e-03 BER=8.52e-04 FER=1.48e-02
2025-10-22 18:30:35,387 | INFO | Epoch 1253 Train Time 96.82487487792969s

2025-10-22 18:32:09,852 | INFO | Training epoch 1254, Batch 1000/1000: LR=3.13e-05, Loss=2.20e-03 BER=8.80e-04 FER=1.53e-02
2025-10-22 18:32:09,905 | INFO | Epoch 1254 Train Time 94.51566696166992s

2025-10-22 18:33:51,871 | INFO | Training epoch 1255, Batch 1000/1000: LR=3.13e-05, Loss=2.19e-03 BER=8.78e-04 FER=1.54e-02
2025-10-22 18:33:51,922 | INFO | Epoch 1255 Train Time 102.0151207447052s

2025-10-22 18:35:32,043 | INFO | Training epoch 1256, Batch 1000/1000: LR=3.12e-05, Loss=2.06e-03 BER=8.22e-04 FER=1.48e-02
2025-10-22 18:35:32,096 | INFO | Epoch 1256 Train Time 100.1730637550354s

2025-10-22 18:37:11,898 | INFO | Training epoch 1257, Batch 1000/1000: LR=3.11e-05, Loss=2.06e-03 BER=8.29e-04 FER=1.48e-02
2025-10-22 18:37:11,946 | INFO | Epoch 1257 Train Time 99.84847617149353s

2025-10-22 18:38:45,037 | INFO | Training epoch 1258, Batch 1000/1000: LR=3.11e-05, Loss=2.12e-03 BER=8.40e-04 FER=1.50e-02
2025-10-22 18:38:45,107 | INFO | Epoch 1258 Train Time 93.15943741798401s

2025-10-22 18:40:33,080 | INFO | Training epoch 1259, Batch 1000/1000: LR=3.10e-05, Loss=2.11e-03 BER=8.41e-04 FER=1.50e-02
2025-10-22 18:40:33,147 | INFO | Epoch 1259 Train Time 108.03846716880798s

2025-10-22 18:42:11,069 | INFO | Training epoch 1260, Batch 1000/1000: LR=3.09e-05, Loss=2.09e-03 BER=8.31e-04 FER=1.45e-02
2025-10-22 18:42:11,120 | INFO | Epoch 1260 Train Time 97.97144675254822s

2025-10-22 18:43:51,588 | INFO | Training epoch 1261, Batch 1000/1000: LR=3.08e-05, Loss=2.12e-03 BER=8.46e-04 FER=1.50e-02
2025-10-22 18:43:51,643 | INFO | Epoch 1261 Train Time 100.52110052108765s

2025-10-22 18:45:35,767 | INFO | Training epoch 1262, Batch 1000/1000: LR=3.08e-05, Loss=2.10e-03 BER=8.29e-04 FER=1.47e-02
2025-10-22 18:45:35,822 | INFO | Epoch 1262 Train Time 104.17778611183167s

2025-10-22 18:47:16,517 | INFO | Training epoch 1263, Batch 1000/1000: LR=3.07e-05, Loss=2.05e-03 BER=8.05e-04 FER=1.44e-02
2025-10-22 18:47:16,584 | INFO | Epoch 1263 Train Time 100.75931572914124s

2025-10-22 18:49:00,840 | INFO | Training epoch 1264, Batch 1000/1000: LR=3.06e-05, Loss=2.11e-03 BER=8.34e-04 FER=1.46e-02
2025-10-22 18:49:00,898 | INFO | Epoch 1264 Train Time 104.31173849105835s

2025-10-22 18:50:45,772 | INFO | Training epoch 1265, Batch 1000/1000: LR=3.06e-05, Loss=2.14e-03 BER=8.41e-04 FER=1.49e-02
2025-10-22 18:50:45,825 | INFO | Epoch 1265 Train Time 104.92540979385376s

2025-10-22 18:52:25,338 | INFO | Training epoch 1266, Batch 1000/1000: LR=3.05e-05, Loss=2.12e-03 BER=8.42e-04 FER=1.49e-02
2025-10-22 18:52:25,422 | INFO | Epoch 1266 Train Time 99.59547996520996s

2025-10-22 18:54:03,523 | INFO | Training epoch 1267, Batch 1000/1000: LR=3.04e-05, Loss=2.09e-03 BER=8.29e-04 FER=1.46e-02
2025-10-22 18:54:03,574 | INFO | Epoch 1267 Train Time 98.15070700645447s

2025-10-22 18:55:41,395 | INFO | Training epoch 1268, Batch 1000/1000: LR=3.03e-05, Loss=2.05e-03 BER=8.15e-04 FER=1.46e-02
2025-10-22 18:55:41,456 | INFO | Epoch 1268 Train Time 97.88073396682739s

2025-10-22 18:57:20,978 | INFO | Training epoch 1269, Batch 1000/1000: LR=3.03e-05, Loss=2.10e-03 BER=8.30e-04 FER=1.47e-02
2025-10-22 18:57:21,037 | INFO | Epoch 1269 Train Time 99.57885217666626s

2025-10-22 18:59:02,842 | INFO | Training epoch 1270, Batch 1000/1000: LR=3.02e-05, Loss=2.12e-03 BER=8.37e-04 FER=1.47e-02
2025-10-22 18:59:02,910 | INFO | Epoch 1270 Train Time 101.87115049362183s

2025-10-22 19:00:45,778 | INFO | Training epoch 1271, Batch 1000/1000: LR=3.01e-05, Loss=2.08e-03 BER=8.26e-04 FER=1.44e-02
2025-10-22 19:00:45,850 | INFO | Epoch 1271 Train Time 102.93828058242798s

2025-10-22 19:02:23,926 | INFO | Training epoch 1272, Batch 1000/1000: LR=3.01e-05, Loss=2.18e-03 BER=8.73e-04 FER=1.55e-02
2025-10-22 19:02:23,971 | INFO | Epoch 1272 Train Time 98.11929225921631s

2025-10-22 19:04:03,408 | INFO | Training epoch 1273, Batch 1000/1000: LR=3.00e-05, Loss=2.08e-03 BER=8.25e-04 FER=1.47e-02
2025-10-22 19:04:03,464 | INFO | Epoch 1273 Train Time 99.49145698547363s

2025-10-22 19:05:43,814 | INFO | Training epoch 1274, Batch 1000/1000: LR=2.99e-05, Loss=2.19e-03 BER=8.72e-04 FER=1.54e-02
2025-10-22 19:05:43,877 | INFO | Epoch 1274 Train Time 100.41176676750183s

2025-10-22 19:07:23,021 | INFO | Training epoch 1275, Batch 1000/1000: LR=2.98e-05, Loss=2.12e-03 BER=8.48e-04 FER=1.49e-02
2025-10-22 19:07:23,075 | INFO | Epoch 1275 Train Time 99.19701194763184s

2025-10-22 19:09:02,505 | INFO | Training epoch 1276, Batch 1000/1000: LR=2.98e-05, Loss=2.07e-03 BER=8.20e-04 FER=1.41e-02
2025-10-22 19:09:02,555 | INFO | Epoch 1276 Train Time 99.4784517288208s

2025-10-22 19:10:46,131 | INFO | Training epoch 1277, Batch 1000/1000: LR=2.97e-05, Loss=2.06e-03 BER=8.26e-04 FER=1.45e-02
2025-10-22 19:10:46,184 | INFO | Epoch 1277 Train Time 103.6282696723938s

2025-10-22 19:12:25,989 | INFO | Training epoch 1278, Batch 1000/1000: LR=2.96e-05, Loss=1.99e-03 BER=7.95e-04 FER=1.39e-02
2025-10-22 19:12:26,039 | INFO | Epoch 1278 Train Time 99.85211038589478s

2025-10-22 19:14:09,673 | INFO | Training epoch 1279, Batch 1000/1000: LR=2.96e-05, Loss=2.02e-03 BER=8.09e-04 FER=1.44e-02
2025-10-22 19:14:09,750 | INFO | Epoch 1279 Train Time 103.70852947235107s

2025-10-22 19:15:53,694 | INFO | Training epoch 1280, Batch 1000/1000: LR=2.95e-05, Loss=2.02e-03 BER=8.14e-04 FER=1.42e-02
2025-10-22 19:15:53,733 | INFO | Epoch 1280 Train Time 103.98139572143555s

2025-10-22 19:17:39,920 | INFO | Training epoch 1281, Batch 1000/1000: LR=2.94e-05, Loss=1.98e-03 BER=7.73e-04 FER=1.40e-02
2025-10-22 19:17:39,979 | INFO | Epoch 1281 Train Time 106.24368238449097s

2025-10-22 19:19:24,907 | INFO | Training epoch 1282, Batch 1000/1000: LR=2.94e-05, Loss=2.11e-03 BER=8.45e-04 FER=1.46e-02
2025-10-22 19:19:24,956 | INFO | Epoch 1282 Train Time 104.9753942489624s

2025-10-22 19:21:03,825 | INFO | Training epoch 1283, Batch 1000/1000: LR=2.93e-05, Loss=2.07e-03 BER=8.22e-04 FER=1.48e-02
2025-10-22 19:21:03,873 | INFO | Epoch 1283 Train Time 98.91556859016418s

2025-10-22 19:22:40,551 | INFO | Training epoch 1284, Batch 1000/1000: LR=2.92e-05, Loss=2.07e-03 BER=8.24e-04 FER=1.45e-02
2025-10-22 19:22:40,634 | INFO | Epoch 1284 Train Time 96.75964736938477s

2025-10-22 19:24:19,323 | INFO | Training epoch 1285, Batch 1000/1000: LR=2.91e-05, Loss=2.04e-03 BER=8.12e-04 FER=1.45e-02
2025-10-22 19:24:19,373 | INFO | Epoch 1285 Train Time 98.73684811592102s

2025-10-22 19:26:02,002 | INFO | Training epoch 1286, Batch 1000/1000: LR=2.91e-05, Loss=2.05e-03 BER=8.27e-04 FER=1.42e-02
2025-10-22 19:26:02,053 | INFO | Epoch 1286 Train Time 102.67967915534973s

2025-10-22 19:27:38,028 | INFO | Training epoch 1287, Batch 1000/1000: LR=2.90e-05, Loss=2.06e-03 BER=8.31e-04 FER=1.43e-02
2025-10-22 19:27:38,094 | INFO | Epoch 1287 Train Time 96.03966546058655s

2025-10-22 19:29:18,892 | INFO | Training epoch 1288, Batch 1000/1000: LR=2.89e-05, Loss=2.10e-03 BER=8.29e-04 FER=1.49e-02
2025-10-22 19:29:18,941 | INFO | Epoch 1288 Train Time 100.84580421447754s

2025-10-22 19:30:53,020 | INFO | Training epoch 1289, Batch 1000/1000: LR=2.89e-05, Loss=2.07e-03 BER=8.25e-04 FER=1.46e-02
2025-10-22 19:30:53,068 | INFO | Epoch 1289 Train Time 94.12532305717468s

2025-10-22 19:32:31,754 | INFO | Training epoch 1290, Batch 1000/1000: LR=2.88e-05, Loss=2.05e-03 BER=8.18e-04 FER=1.44e-02
2025-10-22 19:32:31,805 | INFO | Epoch 1290 Train Time 98.73645806312561s

2025-10-22 19:34:17,100 | INFO | Training epoch 1291, Batch 1000/1000: LR=2.87e-05, Loss=2.06e-03 BER=8.17e-04 FER=1.43e-02
2025-10-22 19:34:17,189 | INFO | Epoch 1291 Train Time 105.38047575950623s

2025-10-22 19:36:02,773 | INFO | Training epoch 1292, Batch 1000/1000: LR=2.87e-05, Loss=2.12e-03 BER=8.43e-04 FER=1.49e-02
2025-10-22 19:36:02,825 | INFO | Epoch 1292 Train Time 105.63386750221252s

2025-10-22 19:37:48,593 | INFO | Training epoch 1293, Batch 1000/1000: LR=2.86e-05, Loss=2.14e-03 BER=8.43e-04 FER=1.50e-02
2025-10-22 19:37:48,632 | INFO | Epoch 1293 Train Time 105.80501675605774s

2025-10-22 19:39:18,493 | INFO | Training epoch 1294, Batch 1000/1000: LR=2.85e-05, Loss=2.10e-03 BER=8.32e-04 FER=1.47e-02
2025-10-22 19:39:18,549 | INFO | Epoch 1294 Train Time 89.91606736183167s

2025-10-22 19:40:57,047 | INFO | Training epoch 1295, Batch 1000/1000: LR=2.84e-05, Loss=2.11e-03 BER=8.34e-04 FER=1.46e-02
2025-10-22 19:40:57,106 | INFO | Epoch 1295 Train Time 98.55411386489868s

2025-10-22 19:42:44,416 | INFO | Training epoch 1296, Batch 1000/1000: LR=2.84e-05, Loss=2.12e-03 BER=8.44e-04 FER=1.50e-02
2025-10-22 19:42:44,452 | INFO | Epoch 1296 Train Time 107.34548711776733s

2025-10-22 19:44:19,061 | INFO | Training epoch 1297, Batch 1000/1000: LR=2.83e-05, Loss=2.07e-03 BER=8.26e-04 FER=1.47e-02
2025-10-22 19:44:19,120 | INFO | Epoch 1297 Train Time 94.66689443588257s

2025-10-22 19:46:01,760 | INFO | Training epoch 1298, Batch 1000/1000: LR=2.82e-05, Loss=2.07e-03 BER=8.17e-04 FER=1.43e-02
2025-10-22 19:46:01,813 | INFO | Epoch 1298 Train Time 102.69033741950989s

2025-10-22 19:47:49,235 | INFO | Training epoch 1299, Batch 1000/1000: LR=2.82e-05, Loss=2.01e-03 BER=7.98e-04 FER=1.43e-02
2025-10-22 19:47:49,288 | INFO | Epoch 1299 Train Time 107.4729425907135s

2025-10-22 19:49:31,124 | INFO | Training epoch 1300, Batch 1000/1000: LR=2.81e-05, Loss=2.09e-03 BER=8.15e-04 FER=1.45e-02
2025-10-22 19:49:31,163 | INFO | Epoch 1300 Train Time 101.874826669693s

2025-10-22 19:51:10,699 | INFO | Training epoch 1301, Batch 1000/1000: LR=2.80e-05, Loss=2.04e-03 BER=8.25e-04 FER=1.41e-02
2025-10-22 19:51:10,742 | INFO | Epoch 1301 Train Time 99.57758569717407s

2025-10-22 19:52:46,668 | INFO | Training epoch 1302, Batch 1000/1000: LR=2.80e-05, Loss=2.10e-03 BER=8.34e-04 FER=1.47e-02
2025-10-22 19:52:46,742 | INFO | Epoch 1302 Train Time 95.99960708618164s

2025-10-22 19:54:33,497 | INFO | Training epoch 1303, Batch 1000/1000: LR=2.79e-05, Loss=2.08e-03 BER=8.28e-04 FER=1.45e-02
2025-10-22 19:54:33,550 | INFO | Epoch 1303 Train Time 106.80562472343445s

2025-10-22 19:56:10,997 | INFO | Training epoch 1304, Batch 1000/1000: LR=2.78e-05, Loss=2.00e-03 BER=7.92e-04 FER=1.40e-02
2025-10-22 19:56:11,048 | INFO | Epoch 1304 Train Time 97.49705624580383s

2025-10-22 19:57:48,873 | INFO | Training epoch 1305, Batch 1000/1000: LR=2.78e-05, Loss=2.15e-03 BER=8.61e-04 FER=1.52e-02
2025-10-22 19:57:48,925 | INFO | Epoch 1305 Train Time 97.87529397010803s

2025-10-22 19:59:34,251 | INFO | Training epoch 1306, Batch 1000/1000: LR=2.77e-05, Loss=2.13e-03 BER=8.47e-04 FER=1.49e-02
2025-10-22 19:59:34,303 | INFO | Epoch 1306 Train Time 105.37650108337402s

2025-10-22 20:01:18,840 | INFO | Training epoch 1307, Batch 1000/1000: LR=2.76e-05, Loss=2.11e-03 BER=8.42e-04 FER=1.48e-02
2025-10-22 20:01:18,893 | INFO | Epoch 1307 Train Time 104.58935236930847s

2025-10-22 20:02:59,513 | INFO | Training epoch 1308, Batch 1000/1000: LR=2.75e-05, Loss=2.07e-03 BER=8.21e-04 FER=1.46e-02
2025-10-22 20:02:59,586 | INFO | Epoch 1308 Train Time 100.69143629074097s

2025-10-22 20:04:37,789 | INFO | Training epoch 1309, Batch 1000/1000: LR=2.75e-05, Loss=1.99e-03 BER=7.96e-04 FER=1.40e-02
2025-10-22 20:04:37,843 | INFO | Epoch 1309 Train Time 98.25480103492737s

2025-10-22 20:06:16,506 | INFO | Training epoch 1310, Batch 1000/1000: LR=2.74e-05, Loss=2.01e-03 BER=7.97e-04 FER=1.39e-02
2025-10-22 20:06:16,582 | INFO | Epoch 1310 Train Time 98.73652243614197s

2025-10-22 20:07:52,818 | INFO | Training epoch 1311, Batch 1000/1000: LR=2.73e-05, Loss=2.09e-03 BER=8.32e-04 FER=1.46e-02
2025-10-22 20:07:52,869 | INFO | Epoch 1311 Train Time 96.28590250015259s

2025-10-22 20:09:36,050 | INFO | Training epoch 1312, Batch 1000/1000: LR=2.73e-05, Loss=2.06e-03 BER=8.10e-04 FER=1.42e-02
2025-10-22 20:09:36,128 | INFO | Epoch 1312 Train Time 103.25769138336182s

2025-10-22 20:11:17,893 | INFO | Training epoch 1313, Batch 1000/1000: LR=2.72e-05, Loss=2.05e-03 BER=8.23e-04 FER=1.47e-02
2025-10-22 20:11:17,949 | INFO | Epoch 1313 Train Time 101.81952261924744s

2025-10-22 20:12:52,309 | INFO | Training epoch 1314, Batch 1000/1000: LR=2.71e-05, Loss=2.04e-03 BER=8.04e-04 FER=1.44e-02
2025-10-22 20:12:52,379 | INFO | Epoch 1314 Train Time 94.42920708656311s

2025-10-22 20:14:37,420 | INFO | Training epoch 1315, Batch 1000/1000: LR=2.71e-05, Loss=2.15e-03 BER=8.57e-04 FER=1.51e-02
2025-10-22 20:14:37,471 | INFO | Epoch 1315 Train Time 105.08909583091736s

2025-10-22 20:16:15,360 | INFO | Training epoch 1316, Batch 1000/1000: LR=2.70e-05, Loss=2.04e-03 BER=8.16e-04 FER=1.43e-02
2025-10-22 20:16:15,415 | INFO | Epoch 1316 Train Time 97.9432373046875s

2025-10-22 20:17:58,797 | INFO | Training epoch 1317, Batch 1000/1000: LR=2.69e-05, Loss=2.09e-03 BER=8.27e-04 FER=1.45e-02
2025-10-22 20:17:58,856 | INFO | Epoch 1317 Train Time 103.4391257762909s

2025-10-22 20:19:36,943 | INFO | Training epoch 1318, Batch 1000/1000: LR=2.69e-05, Loss=2.05e-03 BER=8.14e-04 FER=1.42e-02
2025-10-22 20:19:36,992 | INFO | Epoch 1318 Train Time 98.13238739967346s

2025-10-22 20:21:14,695 | INFO | Training epoch 1319, Batch 1000/1000: LR=2.68e-05, Loss=2.07e-03 BER=8.18e-04 FER=1.48e-02
2025-10-22 20:21:14,751 | INFO | Epoch 1319 Train Time 97.75726532936096s

2025-10-22 20:22:50,408 | INFO | Training epoch 1320, Batch 1000/1000: LR=2.67e-05, Loss=2.08e-03 BER=8.35e-04 FER=1.48e-02
2025-10-22 20:22:50,459 | INFO | Epoch 1320 Train Time 95.70618844032288s

2025-10-22 20:24:34,891 | INFO | Training epoch 1321, Batch 1000/1000: LR=2.67e-05, Loss=1.99e-03 BER=7.94e-04 FER=1.41e-02
2025-10-22 20:24:34,952 | INFO | Epoch 1321 Train Time 104.49140810966492s

2025-10-22 20:26:24,194 | INFO | Training epoch 1322, Batch 1000/1000: LR=2.66e-05, Loss=2.14e-03 BER=8.46e-04 FER=1.50e-02
2025-10-22 20:26:24,258 | INFO | Epoch 1322 Train Time 109.30424523353577s

2025-10-22 20:28:05,291 | INFO | Training epoch 1323, Batch 1000/1000: LR=2.65e-05, Loss=1.98e-03 BER=8.00e-04 FER=1.41e-02
2025-10-22 20:28:05,347 | INFO | Epoch 1323 Train Time 101.08668851852417s

2025-10-22 20:29:42,599 | INFO | Training epoch 1324, Batch 1000/1000: LR=2.64e-05, Loss=2.05e-03 BER=8.12e-04 FER=1.41e-02
2025-10-22 20:29:42,658 | INFO | Epoch 1324 Train Time 97.3094003200531s

2025-10-22 20:31:18,553 | INFO | Training epoch 1325, Batch 1000/1000: LR=2.64e-05, Loss=2.11e-03 BER=8.55e-04 FER=1.48e-02
2025-10-22 20:31:18,605 | INFO | Epoch 1325 Train Time 95.94575428962708s

2025-10-22 20:32:54,793 | INFO | Training epoch 1326, Batch 1000/1000: LR=2.63e-05, Loss=2.04e-03 BER=8.15e-04 FER=1.45e-02
2025-10-22 20:32:54,852 | INFO | Epoch 1326 Train Time 96.24515867233276s

2025-10-22 20:34:39,045 | INFO | Training epoch 1327, Batch 1000/1000: LR=2.62e-05, Loss=2.07e-03 BER=8.26e-04 FER=1.44e-02
2025-10-22 20:34:39,109 | INFO | Epoch 1327 Train Time 104.25563311576843s

2025-10-22 20:36:25,584 | INFO | Training epoch 1328, Batch 1000/1000: LR=2.62e-05, Loss=2.03e-03 BER=8.02e-04 FER=1.41e-02
2025-10-22 20:36:25,628 | INFO | Epoch 1328 Train Time 106.51653718948364s

2025-10-22 20:37:57,884 | INFO | Training epoch 1329, Batch 1000/1000: LR=2.61e-05, Loss=2.13e-03 BER=8.50e-04 FER=1.47e-02
2025-10-22 20:37:57,934 | INFO | Epoch 1329 Train Time 92.30385088920593s

2025-10-22 20:39:37,571 | INFO | Training epoch 1330, Batch 1000/1000: LR=2.60e-05, Loss=2.11e-03 BER=8.36e-04 FER=1.47e-02
2025-10-22 20:39:37,634 | INFO | Epoch 1330 Train Time 99.69942927360535s

2025-10-22 20:41:11,655 | INFO | Training epoch 1331, Batch 1000/1000: LR=2.60e-05, Loss=2.04e-03 BER=8.08e-04 FER=1.39e-02
2025-10-22 20:41:11,703 | INFO | Epoch 1331 Train Time 94.06748270988464s

2025-10-22 20:42:54,791 | INFO | Training epoch 1332, Batch 1000/1000: LR=2.59e-05, Loss=2.09e-03 BER=8.36e-04 FER=1.48e-02
2025-10-22 20:42:54,841 | INFO | Epoch 1332 Train Time 103.13708543777466s

2025-10-22 20:44:36,453 | INFO | Training epoch 1333, Batch 1000/1000: LR=2.58e-05, Loss=2.05e-03 BER=8.17e-04 FER=1.43e-02
2025-10-22 20:44:36,504 | INFO | Epoch 1333 Train Time 101.66211366653442s

2025-10-22 20:46:14,491 | INFO | Training epoch 1334, Batch 1000/1000: LR=2.58e-05, Loss=2.08e-03 BER=8.28e-04 FER=1.46e-02
2025-10-22 20:46:14,554 | INFO | Epoch 1334 Train Time 98.0472309589386s

2025-10-22 20:48:03,603 | INFO | Training epoch 1335, Batch 1000/1000: LR=2.57e-05, Loss=2.15e-03 BER=8.60e-04 FER=1.48e-02
2025-10-22 20:48:03,668 | INFO | Epoch 1335 Train Time 109.11204028129578s

2025-10-22 20:49:39,368 | INFO | Training epoch 1336, Batch 1000/1000: LR=2.56e-05, Loss=2.09e-03 BER=8.31e-04 FER=1.48e-02
2025-10-22 20:49:39,424 | INFO | Epoch 1336 Train Time 95.75438284873962s

2025-10-22 20:51:19,620 | INFO | Training epoch 1337, Batch 1000/1000: LR=2.56e-05, Loss=1.99e-03 BER=7.98e-04 FER=1.39e-02
2025-10-22 20:51:19,661 | INFO | Epoch 1337 Train Time 100.23574447631836s

2025-10-22 20:53:03,957 | INFO | Training epoch 1338, Batch 1000/1000: LR=2.55e-05, Loss=2.07e-03 BER=8.33e-04 FER=1.47e-02
2025-10-22 20:53:04,037 | INFO | Epoch 1338 Train Time 104.37481141090393s

2025-10-22 20:54:52,849 | INFO | Training epoch 1339, Batch 1000/1000: LR=2.54e-05, Loss=2.06e-03 BER=8.18e-04 FER=1.45e-02
2025-10-22 20:54:52,894 | INFO | Epoch 1339 Train Time 108.85606241226196s

2025-10-22 20:56:40,987 | INFO | Training epoch 1340, Batch 1000/1000: LR=2.54e-05, Loss=2.06e-03 BER=8.21e-04 FER=1.42e-02
2025-10-22 20:56:41,043 | INFO | Epoch 1340 Train Time 108.14663600921631s

2025-10-22 20:58:20,073 | INFO | Training epoch 1341, Batch 1000/1000: LR=2.53e-05, Loss=2.08e-03 BER=8.25e-04 FER=1.46e-02
2025-10-22 20:58:20,153 | INFO | Epoch 1341 Train Time 99.10760450363159s

2025-10-22 21:00:07,025 | INFO | Training epoch 1342, Batch 1000/1000: LR=2.52e-05, Loss=2.12e-03 BER=8.50e-04 FER=1.47e-02
2025-10-22 21:00:07,070 | INFO | Epoch 1342 Train Time 106.91355443000793s

2025-10-22 21:01:45,306 | INFO | Training epoch 1343, Batch 1000/1000: LR=2.52e-05, Loss=2.10e-03 BER=8.35e-04 FER=1.48e-02
2025-10-22 21:01:45,356 | INFO | Epoch 1343 Train Time 98.28497195243835s

2025-10-22 21:03:26,039 | INFO | Training epoch 1344, Batch 1000/1000: LR=2.51e-05, Loss=2.09e-03 BER=8.19e-04 FER=1.45e-02
2025-10-22 21:03:26,088 | INFO | Epoch 1344 Train Time 100.73073244094849s

2025-10-22 21:05:04,286 | INFO | Training epoch 1345, Batch 1000/1000: LR=2.50e-05, Loss=2.11e-03 BER=8.43e-04 FER=1.48e-02
2025-10-22 21:05:04,344 | INFO | Epoch 1345 Train Time 98.25412559509277s

2025-10-22 21:06:42,293 | INFO | Training epoch 1346, Batch 1000/1000: LR=2.50e-05, Loss=2.07e-03 BER=8.30e-04 FER=1.47e-02
2025-10-22 21:06:42,345 | INFO | Epoch 1346 Train Time 97.99933362007141s

2025-10-22 21:08:23,704 | INFO | Training epoch 1347, Batch 1000/1000: LR=2.49e-05, Loss=2.24e-03 BER=8.92e-04 FER=1.54e-02
2025-10-22 21:08:23,771 | INFO | Epoch 1347 Train Time 101.42527651786804s

2025-10-22 21:09:57,575 | INFO | Training epoch 1348, Batch 1000/1000: LR=2.48e-05, Loss=2.03e-03 BER=8.11e-04 FER=1.40e-02
2025-10-22 21:09:57,642 | INFO | Epoch 1348 Train Time 93.86950063705444s

2025-10-22 21:11:43,677 | INFO | Training epoch 1349, Batch 1000/1000: LR=2.48e-05, Loss=2.02e-03 BER=7.97e-04 FER=1.43e-02
2025-10-22 21:11:43,771 | INFO | Epoch 1349 Train Time 106.12750458717346s

2025-10-22 21:13:27,122 | INFO | Training epoch 1350, Batch 1000/1000: LR=2.47e-05, Loss=2.08e-03 BER=8.33e-04 FER=1.46e-02
2025-10-22 21:13:27,157 | INFO | Epoch 1350 Train Time 103.3836522102356s

2025-10-22 21:15:17,480 | INFO | Training epoch 1351, Batch 1000/1000: LR=2.46e-05, Loss=2.06e-03 BER=8.19e-04 FER=1.45e-02
2025-10-22 21:15:17,531 | INFO | Epoch 1351 Train Time 110.37180376052856s

2025-10-22 21:16:51,620 | INFO | Training epoch 1352, Batch 1000/1000: LR=2.46e-05, Loss=2.07e-03 BER=8.27e-04 FER=1.44e-02
2025-10-22 21:16:51,680 | INFO | Epoch 1352 Train Time 94.14689064025879s

2025-10-22 21:18:38,457 | INFO | Training epoch 1353, Batch 1000/1000: LR=2.45e-05, Loss=2.06e-03 BER=8.43e-04 FER=1.45e-02
2025-10-22 21:18:38,523 | INFO | Epoch 1353 Train Time 106.84135437011719s

2025-10-22 21:20:13,495 | INFO | Training epoch 1354, Batch 1000/1000: LR=2.44e-05, Loss=2.08e-03 BER=8.21e-04 FER=1.48e-02
2025-10-22 21:20:13,555 | INFO | Epoch 1354 Train Time 95.0295979976654s

2025-10-22 21:21:57,738 | INFO | Training epoch 1355, Batch 1000/1000: LR=2.44e-05, Loss=2.08e-03 BER=8.26e-04 FER=1.45e-02
2025-10-22 21:21:57,794 | INFO | Epoch 1355 Train Time 104.23755884170532s

2025-10-22 21:23:35,068 | INFO | Training epoch 1356, Batch 1000/1000: LR=2.43e-05, Loss=2.11e-03 BER=8.37e-04 FER=1.49e-02
2025-10-22 21:23:35,162 | INFO | Epoch 1356 Train Time 97.36724996566772s

2025-10-22 21:25:20,402 | INFO | Training epoch 1357, Batch 1000/1000: LR=2.42e-05, Loss=2.01e-03 BER=7.98e-04 FER=1.41e-02
2025-10-22 21:25:20,452 | INFO | Epoch 1357 Train Time 105.28670072555542s

2025-10-22 21:26:58,015 | INFO | Training epoch 1358, Batch 1000/1000: LR=2.42e-05, Loss=2.05e-03 BER=8.16e-04 FER=1.46e-02
2025-10-22 21:26:58,058 | INFO | Epoch 1358 Train Time 97.6049554347992s

2025-10-22 21:28:40,196 | INFO | Training epoch 1359, Batch 1000/1000: LR=2.41e-05, Loss=2.07e-03 BER=8.27e-04 FER=1.44e-02
2025-10-22 21:28:40,252 | INFO | Epoch 1359 Train Time 102.19335007667542s

2025-10-22 21:30:12,735 | INFO | Training epoch 1360, Batch 1000/1000: LR=2.40e-05, Loss=2.10e-03 BER=8.39e-04 FER=1.47e-02
2025-10-22 21:30:12,784 | INFO | Epoch 1360 Train Time 92.52923011779785s

2025-10-22 21:31:48,892 | INFO | Training epoch 1361, Batch 1000/1000: LR=2.40e-05, Loss=2.01e-03 BER=7.99e-04 FER=1.41e-02
2025-10-22 21:31:48,946 | INFO | Epoch 1361 Train Time 96.15998220443726s

2025-10-22 21:33:36,756 | INFO | Training epoch 1362, Batch 1000/1000: LR=2.39e-05, Loss=2.11e-03 BER=8.38e-04 FER=1.46e-02
2025-10-22 21:33:36,816 | INFO | Epoch 1362 Train Time 107.86645936965942s

2025-10-22 21:35:23,707 | INFO | Training epoch 1363, Batch 1000/1000: LR=2.38e-05, Loss=2.03e-03 BER=8.09e-04 FER=1.43e-02
2025-10-22 21:35:23,770 | INFO | Epoch 1363 Train Time 106.95327496528625s

2025-10-22 21:37:06,788 | INFO | Training epoch 1364, Batch 1000/1000: LR=2.38e-05, Loss=2.16e-03 BER=8.64e-04 FER=1.50e-02
2025-10-22 21:37:06,845 | INFO | Epoch 1364 Train Time 103.07382392883301s

2025-10-22 21:38:46,520 | INFO | Training epoch 1365, Batch 1000/1000: LR=2.37e-05, Loss=2.05e-03 BER=8.23e-04 FER=1.45e-02
2025-10-22 21:38:46,573 | INFO | Epoch 1365 Train Time 99.72553038597107s

2025-10-22 21:40:18,039 | INFO | Training epoch 1366, Batch 1000/1000: LR=2.36e-05, Loss=2.14e-03 BER=8.50e-04 FER=1.48e-02
2025-10-22 21:40:18,094 | INFO | Epoch 1366 Train Time 91.52022433280945s

2025-10-22 21:42:02,059 | INFO | Training epoch 1367, Batch 1000/1000: LR=2.36e-05, Loss=2.17e-03 BER=8.70e-04 FER=1.51e-02
2025-10-22 21:42:02,109 | INFO | Epoch 1367 Train Time 104.01380801200867s

2025-10-22 21:43:45,654 | INFO | Training epoch 1368, Batch 1000/1000: LR=2.35e-05, Loss=2.06e-03 BER=8.15e-04 FER=1.43e-02
2025-10-22 21:43:45,705 | INFO | Epoch 1368 Train Time 103.59430146217346s

2025-10-22 21:45:27,305 | INFO | Training epoch 1369, Batch 1000/1000: LR=2.35e-05, Loss=2.07e-03 BER=8.43e-04 FER=1.46e-02
2025-10-22 21:45:27,359 | INFO | Epoch 1369 Train Time 101.65271520614624s

2025-10-22 21:47:10,990 | INFO | Training epoch 1370, Batch 1000/1000: LR=2.34e-05, Loss=2.09e-03 BER=8.29e-04 FER=1.47e-02
2025-10-22 21:47:11,043 | INFO | Epoch 1370 Train Time 103.68174719810486s

2025-10-22 21:48:52,821 | INFO | Training epoch 1371, Batch 1000/1000: LR=2.33e-05, Loss=2.10e-03 BER=8.34e-04 FER=1.47e-02
2025-10-22 21:48:52,868 | INFO | Epoch 1371 Train Time 101.82343435287476s

2025-10-22 21:50:34,419 | INFO | Training epoch 1372, Batch 1000/1000: LR=2.33e-05, Loss=2.15e-03 BER=8.55e-04 FER=1.50e-02
2025-10-22 21:50:34,471 | INFO | Epoch 1372 Train Time 101.60127711296082s

2025-10-22 21:52:15,701 | INFO | Training epoch 1373, Batch 1000/1000: LR=2.32e-05, Loss=2.07e-03 BER=8.24e-04 FER=1.43e-02
2025-10-22 21:52:15,766 | INFO | Epoch 1373 Train Time 101.29400539398193s

2025-10-22 21:54:00,429 | INFO | Training epoch 1374, Batch 1000/1000: LR=2.31e-05, Loss=2.02e-03 BER=8.08e-04 FER=1.40e-02
2025-10-22 21:54:00,477 | INFO | Epoch 1374 Train Time 104.71040415763855s

2025-10-22 21:55:41,388 | INFO | Training epoch 1375, Batch 1000/1000: LR=2.31e-05, Loss=2.14e-03 BER=8.58e-04 FER=1.47e-02
2025-10-22 21:55:41,460 | INFO | Epoch 1375 Train Time 100.98055362701416s

2025-10-22 21:57:17,795 | INFO | Training epoch 1376, Batch 1000/1000: LR=2.30e-05, Loss=2.06e-03 BER=8.17e-04 FER=1.45e-02
2025-10-22 21:57:17,849 | INFO | Epoch 1376 Train Time 96.38759756088257s

2025-10-22 21:59:02,518 | INFO | Training epoch 1377, Batch 1000/1000: LR=2.29e-05, Loss=2.09e-03 BER=8.37e-04 FER=1.47e-02
2025-10-22 21:59:02,557 | INFO | Epoch 1377 Train Time 104.70478963851929s

2025-10-22 22:00:39,098 | INFO | Training epoch 1378, Batch 1000/1000: LR=2.29e-05, Loss=1.96e-03 BER=7.87e-04 FER=1.40e-02
2025-10-22 22:00:39,161 | INFO | Epoch 1378 Train Time 96.6033365726471s

2025-10-22 22:00:39,161 | INFO | [P2] saving best_model (QAT) with loss 0.001959 at epoch 1378
2025-10-22 22:02:26,787 | INFO | Training epoch 1379, Batch 1000/1000: LR=2.28e-05, Loss=2.08e-03 BER=8.45e-04 FER=1.47e-02
2025-10-22 22:02:26,873 | INFO | Epoch 1379 Train Time 107.62875699996948s

2025-10-22 22:04:09,738 | INFO | Training epoch 1380, Batch 1000/1000: LR=2.27e-05, Loss=2.12e-03 BER=8.40e-04 FER=1.46e-02
2025-10-22 22:04:09,784 | INFO | Epoch 1380 Train Time 102.90540909767151s

2025-10-22 22:05:51,004 | INFO | Training epoch 1381, Batch 1000/1000: LR=2.27e-05, Loss=2.03e-03 BER=7.98e-04 FER=1.40e-02
2025-10-22 22:05:51,067 | INFO | Epoch 1381 Train Time 101.28175973892212s

2025-10-22 22:07:35,054 | INFO | Training epoch 1382, Batch 1000/1000: LR=2.26e-05, Loss=2.11e-03 BER=8.43e-04 FER=1.45e-02
2025-10-22 22:07:35,118 | INFO | Epoch 1382 Train Time 104.04872012138367s

2025-10-22 22:09:13,130 | INFO | Training epoch 1383, Batch 1000/1000: LR=2.25e-05, Loss=2.12e-03 BER=8.38e-04 FER=1.47e-02
2025-10-22 22:09:13,182 | INFO | Epoch 1383 Train Time 98.06286907196045s

2025-10-22 22:10:51,790 | INFO | Training epoch 1384, Batch 1000/1000: LR=2.25e-05, Loss=2.08e-03 BER=8.18e-04 FER=1.45e-02
2025-10-22 22:10:51,839 | INFO | Epoch 1384 Train Time 98.65601396560669s

2025-10-22 22:12:27,912 | INFO | Training epoch 1385, Batch 1000/1000: LR=2.24e-05, Loss=2.09e-03 BER=8.38e-04 FER=1.49e-02
2025-10-22 22:12:27,970 | INFO | Epoch 1385 Train Time 96.1297378540039s

2025-10-22 22:14:01,102 | INFO | Training epoch 1386, Batch 1000/1000: LR=2.24e-05, Loss=2.10e-03 BER=8.34e-04 FER=1.47e-02
2025-10-22 22:14:01,178 | INFO | Epoch 1386 Train Time 93.20650625228882s

2025-10-22 22:15:46,407 | INFO | Training epoch 1387, Batch 1000/1000: LR=2.23e-05, Loss=2.08e-03 BER=8.34e-04 FER=1.46e-02
2025-10-22 22:15:46,464 | INFO | Epoch 1387 Train Time 105.28354835510254s

2025-10-22 22:17:20,547 | INFO | Training epoch 1388, Batch 1000/1000: LR=2.22e-05, Loss=2.05e-03 BER=8.04e-04 FER=1.42e-02
2025-10-22 22:17:20,610 | INFO | Epoch 1388 Train Time 94.14546751976013s

2025-10-22 22:19:03,095 | INFO | Training epoch 1389, Batch 1000/1000: LR=2.22e-05, Loss=2.05e-03 BER=8.07e-04 FER=1.40e-02
2025-10-22 22:19:03,172 | INFO | Epoch 1389 Train Time 102.55947160720825s

2025-10-22 22:20:45,878 | INFO | Training epoch 1390, Batch 1000/1000: LR=2.21e-05, Loss=2.07e-03 BER=8.25e-04 FER=1.44e-02
2025-10-22 22:20:45,913 | INFO | Epoch 1390 Train Time 102.73867630958557s

2025-10-22 22:22:30,231 | INFO | Training epoch 1391, Batch 1000/1000: LR=2.20e-05, Loss=2.08e-03 BER=8.30e-04 FER=1.45e-02
2025-10-22 22:22:30,279 | INFO | Epoch 1391 Train Time 104.36430072784424s

2025-10-22 22:24:08,795 | INFO | Training epoch 1392, Batch 1000/1000: LR=2.20e-05, Loss=2.08e-03 BER=8.22e-04 FER=1.46e-02
2025-10-22 22:24:08,852 | INFO | Epoch 1392 Train Time 98.57212424278259s

2025-10-22 22:25:52,621 | INFO | Training epoch 1393, Batch 1000/1000: LR=2.19e-05, Loss=2.09e-03 BER=8.41e-04 FER=1.50e-02
2025-10-22 22:25:52,681 | INFO | Epoch 1393 Train Time 103.82520413398743s

2025-10-22 22:27:34,139 | INFO | Training epoch 1394, Batch 1000/1000: LR=2.18e-05, Loss=2.04e-03 BER=8.10e-04 FER=1.42e-02
2025-10-22 22:27:34,186 | INFO | Epoch 1394 Train Time 101.50425624847412s

2025-10-22 22:29:10,912 | INFO | Training epoch 1395, Batch 1000/1000: LR=2.18e-05, Loss=2.07e-03 BER=8.08e-04 FER=1.42e-02
2025-10-22 22:29:10,965 | INFO | Epoch 1395 Train Time 96.77807450294495s

2025-10-22 22:30:55,037 | INFO | Training epoch 1396, Batch 1000/1000: LR=2.17e-05, Loss=1.99e-03 BER=7.90e-04 FER=1.41e-02
2025-10-22 22:30:55,084 | INFO | Epoch 1396 Train Time 104.11761975288391s

2025-10-22 22:32:27,891 | INFO | Training epoch 1397, Batch 1000/1000: LR=2.17e-05, Loss=2.12e-03 BER=8.49e-04 FER=1.48e-02
2025-10-22 22:32:27,954 | INFO | Epoch 1397 Train Time 92.86893248558044s

2025-10-22 22:34:01,231 | INFO | Training epoch 1398, Batch 1000/1000: LR=2.16e-05, Loss=2.00e-03 BER=7.92e-04 FER=1.39e-02
2025-10-22 22:34:01,295 | INFO | Epoch 1398 Train Time 93.3390622138977s

2025-10-22 22:35:44,654 | INFO | Training epoch 1399, Batch 1000/1000: LR=2.15e-05, Loss=2.09e-03 BER=8.43e-04 FER=1.46e-02
2025-10-22 22:35:44,702 | INFO | Epoch 1399 Train Time 103.405677318573s

2025-10-22 22:37:23,572 | INFO | Training epoch 1400, Batch 1000/1000: LR=2.15e-05, Loss=2.08e-03 BER=8.29e-04 FER=1.44e-02
2025-10-22 22:37:23,634 | INFO | Epoch 1400 Train Time 98.92985892295837s

2025-10-22 22:39:12,598 | INFO | Training epoch 1401, Batch 1000/1000: LR=2.14e-05, Loss=2.05e-03 BER=8.12e-04 FER=1.44e-02
2025-10-22 22:39:12,647 | INFO | Epoch 1401 Train Time 109.01117634773254s

2025-10-22 22:40:54,262 | INFO | Training epoch 1402, Batch 1000/1000: LR=2.13e-05, Loss=2.01e-03 BER=8.07e-04 FER=1.43e-02
2025-10-22 22:40:54,327 | INFO | Epoch 1402 Train Time 101.6789345741272s

2025-10-22 22:42:35,161 | INFO | Training epoch 1403, Batch 1000/1000: LR=2.13e-05, Loss=2.04e-03 BER=8.11e-04 FER=1.44e-02
2025-10-22 22:42:35,206 | INFO | Epoch 1403 Train Time 100.87805604934692s

2025-10-22 22:44:13,893 | INFO | Training epoch 1404, Batch 1000/1000: LR=2.12e-05, Loss=2.03e-03 BER=8.20e-04 FER=1.44e-02
2025-10-22 22:44:13,948 | INFO | Epoch 1404 Train Time 98.74107670783997s

2025-10-22 22:45:49,706 | INFO | Training epoch 1405, Batch 1000/1000: LR=2.12e-05, Loss=1.93e-03 BER=7.68e-04 FER=1.35e-02
2025-10-22 22:45:49,758 | INFO | Epoch 1405 Train Time 95.80836486816406s

2025-10-22 22:45:49,758 | INFO | [P2] saving best_model (QAT) with loss 0.001929 at epoch 1405
2025-10-22 22:47:28,090 | INFO | Training epoch 1406, Batch 1000/1000: LR=2.11e-05, Loss=2.01e-03 BER=7.99e-04 FER=1.41e-02
2025-10-22 22:47:28,162 | INFO | Epoch 1406 Train Time 98.31160283088684s

2025-10-22 22:49:13,322 | INFO | Training epoch 1407, Batch 1000/1000: LR=2.10e-05, Loss=1.91e-03 BER=7.70e-04 FER=1.34e-02
2025-10-22 22:49:13,367 | INFO | Epoch 1407 Train Time 105.20171070098877s

2025-10-22 22:49:13,367 | INFO | [P2] saving best_model (QAT) with loss 0.001910 at epoch 1407
2025-10-22 22:50:53,994 | INFO | Training epoch 1408, Batch 1000/1000: LR=2.10e-05, Loss=2.04e-03 BER=8.02e-04 FER=1.44e-02
2025-10-22 22:50:54,063 | INFO | Epoch 1408 Train Time 100.59833812713623s

2025-10-22 22:52:33,612 | INFO | Training epoch 1409, Batch 1000/1000: LR=2.09e-05, Loss=1.91e-03 BER=7.59e-04 FER=1.33e-02
2025-10-22 22:52:33,653 | INFO | Epoch 1409 Train Time 99.58820700645447s

2025-10-22 22:52:33,653 | INFO | [P2] saving best_model (QAT) with loss 0.001905 at epoch 1409
2025-10-22 22:54:14,681 | INFO | Training epoch 1410, Batch 1000/1000: LR=2.08e-05, Loss=2.05e-03 BER=8.21e-04 FER=1.43e-02
2025-10-22 22:54:14,733 | INFO | Epoch 1410 Train Time 100.99002242088318s

2025-10-22 22:55:54,701 | INFO | Training epoch 1411, Batch 1000/1000: LR=2.08e-05, Loss=2.02e-03 BER=8.01e-04 FER=1.39e-02
2025-10-22 22:55:54,749 | INFO | Epoch 1411 Train Time 100.01342558860779s

2025-10-22 22:57:31,393 | INFO | Training epoch 1412, Batch 1000/1000: LR=2.07e-05, Loss=1.98e-03 BER=7.87e-04 FER=1.39e-02
2025-10-22 22:57:31,468 | INFO | Epoch 1412 Train Time 96.71806454658508s

2025-10-22 22:59:16,055 | INFO | Training epoch 1413, Batch 1000/1000: LR=2.07e-05, Loss=2.01e-03 BER=8.00e-04 FER=1.38e-02
2025-10-22 22:59:16,115 | INFO | Epoch 1413 Train Time 104.64559578895569s

2025-10-22 23:01:02,723 | INFO | Training epoch 1414, Batch 1000/1000: LR=2.06e-05, Loss=1.99e-03 BER=8.00e-04 FER=1.42e-02
2025-10-22 23:01:02,783 | INFO | Epoch 1414 Train Time 106.66599082946777s

2025-10-22 23:02:42,186 | INFO | Training epoch 1415, Batch 1000/1000: LR=2.05e-05, Loss=2.08e-03 BER=8.37e-04 FER=1.47e-02
2025-10-22 23:02:42,250 | INFO | Epoch 1415 Train Time 99.46598291397095s

2025-10-22 23:04:27,395 | INFO | Training epoch 1416, Batch 1000/1000: LR=2.05e-05, Loss=1.98e-03 BER=7.90e-04 FER=1.38e-02
2025-10-22 23:04:27,444 | INFO | Epoch 1416 Train Time 105.19281840324402s

2025-10-22 23:06:06,414 | INFO | Training epoch 1417, Batch 1000/1000: LR=2.04e-05, Loss=2.13e-03 BER=8.53e-04 FER=1.48e-02
2025-10-22 23:06:06,458 | INFO | Epoch 1417 Train Time 99.01208209991455s

2025-10-22 23:07:51,710 | INFO | Training epoch 1418, Batch 1000/1000: LR=2.03e-05, Loss=2.02e-03 BER=7.99e-04 FER=1.42e-02
2025-10-22 23:07:51,755 | INFO | Epoch 1418 Train Time 105.29593467712402s

2025-10-22 23:09:28,384 | INFO | Training epoch 1419, Batch 1000/1000: LR=2.03e-05, Loss=2.08e-03 BER=8.28e-04 FER=1.46e-02
2025-10-22 23:09:28,450 | INFO | Epoch 1419 Train Time 96.69309067726135s

2025-10-22 23:11:04,363 | INFO | Training epoch 1420, Batch 1000/1000: LR=2.02e-05, Loss=2.10e-03 BER=8.27e-04 FER=1.46e-02
2025-10-22 23:11:04,437 | INFO | Epoch 1420 Train Time 95.98458290100098s

2025-10-22 23:12:46,014 | INFO | Training epoch 1421, Batch 1000/1000: LR=2.02e-05, Loss=2.11e-03 BER=8.44e-04 FER=1.46e-02
2025-10-22 23:12:46,049 | INFO | Epoch 1421 Train Time 101.6109049320221s

2025-10-22 23:14:23,124 | INFO | Training epoch 1422, Batch 1000/1000: LR=2.01e-05, Loss=2.03e-03 BER=8.07e-04 FER=1.43e-02
2025-10-22 23:14:23,185 | INFO | Epoch 1422 Train Time 97.13543152809143s

2025-10-22 23:16:08,336 | INFO | Training epoch 1423, Batch 1000/1000: LR=2.00e-05, Loss=2.09e-03 BER=8.34e-04 FER=1.47e-02
2025-10-22 23:16:08,405 | INFO | Epoch 1423 Train Time 105.21721982955933s

2025-10-22 23:17:51,536 | INFO | Training epoch 1424, Batch 1000/1000: LR=2.00e-05, Loss=2.03e-03 BER=8.13e-04 FER=1.41e-02
2025-10-22 23:17:51,599 | INFO | Epoch 1424 Train Time 103.19286894798279s

2025-10-22 23:19:27,218 | INFO | Training epoch 1425, Batch 1000/1000: LR=1.99e-05, Loss=1.97e-03 BER=7.84e-04 FER=1.38e-02
2025-10-22 23:19:27,282 | INFO | Epoch 1425 Train Time 95.68087458610535s

2025-10-22 23:21:09,391 | INFO | Training epoch 1426, Batch 1000/1000: LR=1.99e-05, Loss=2.07e-03 BER=8.15e-04 FER=1.45e-02
2025-10-22 23:21:09,443 | INFO | Epoch 1426 Train Time 102.15939474105835s

2025-10-22 23:22:47,593 | INFO | Training epoch 1427, Batch 1000/1000: LR=1.98e-05, Loss=2.00e-03 BER=7.98e-04 FER=1.41e-02
2025-10-22 23:22:47,649 | INFO | Epoch 1427 Train Time 98.20486736297607s

2025-10-22 23:24:33,114 | INFO | Training epoch 1428, Batch 1000/1000: LR=1.97e-05, Loss=2.03e-03 BER=8.11e-04 FER=1.42e-02
2025-10-22 23:24:33,176 | INFO | Epoch 1428 Train Time 105.52496862411499s

2025-10-22 23:26:12,523 | INFO | Training epoch 1429, Batch 1000/1000: LR=1.97e-05, Loss=2.07e-03 BER=8.29e-04 FER=1.46e-02
2025-10-22 23:26:12,576 | INFO | Epoch 1429 Train Time 99.39702892303467s

2025-10-22 23:27:46,493 | INFO | Training epoch 1430, Batch 1000/1000: LR=1.96e-05, Loss=2.07e-03 BER=8.26e-04 FER=1.45e-02
2025-10-22 23:27:46,543 | INFO | Epoch 1430 Train Time 93.96668982505798s

2025-10-22 23:29:22,229 | INFO | Training epoch 1431, Batch 1000/1000: LR=1.96e-05, Loss=1.99e-03 BER=7.89e-04 FER=1.39e-02
2025-10-22 23:29:22,279 | INFO | Epoch 1431 Train Time 95.73421740531921s

2025-10-22 23:31:03,315 | INFO | Training epoch 1432, Batch 1000/1000: LR=1.95e-05, Loss=2.03e-03 BER=8.05e-04 FER=1.40e-02
2025-10-22 23:31:03,366 | INFO | Epoch 1432 Train Time 101.08617782592773s

2025-10-22 23:32:38,191 | INFO | Training epoch 1433, Batch 1000/1000: LR=1.94e-05, Loss=2.02e-03 BER=8.03e-04 FER=1.42e-02
2025-10-22 23:32:38,227 | INFO | Epoch 1433 Train Time 94.85980677604675s

2025-10-22 23:34:20,609 | INFO | Training epoch 1434, Batch 1000/1000: LR=1.94e-05, Loss=2.09e-03 BER=8.37e-04 FER=1.49e-02
2025-10-22 23:34:20,660 | INFO | Epoch 1434 Train Time 102.43200707435608s

2025-10-22 23:36:00,559 | INFO | Training epoch 1435, Batch 1000/1000: LR=1.93e-05, Loss=2.01e-03 BER=8.07e-04 FER=1.41e-02
2025-10-22 23:36:00,613 | INFO | Epoch 1435 Train Time 99.95224523544312s

2025-10-22 23:37:46,378 | INFO | Training epoch 1436, Batch 1000/1000: LR=1.92e-05, Loss=2.09e-03 BER=8.29e-04 FER=1.45e-02
2025-10-22 23:37:46,434 | INFO | Epoch 1436 Train Time 105.81985473632812s

2025-10-22 23:39:25,778 | INFO | Training epoch 1437, Batch 1000/1000: LR=1.92e-05, Loss=2.03e-03 BER=8.00e-04 FER=1.42e-02
2025-10-22 23:39:25,832 | INFO | Epoch 1437 Train Time 99.39612627029419s

2025-10-22 23:41:12,134 | INFO | Training epoch 1438, Batch 1000/1000: LR=1.91e-05, Loss=1.95e-03 BER=7.76e-04 FER=1.36e-02
2025-10-22 23:41:12,199 | INFO | Epoch 1438 Train Time 106.36567187309265s

2025-10-22 23:42:52,518 | INFO | Training epoch 1439, Batch 1000/1000: LR=1.91e-05, Loss=2.07e-03 BER=8.22e-04 FER=1.43e-02
2025-10-22 23:42:52,562 | INFO | Epoch 1439 Train Time 100.36162829399109s

2025-10-22 23:44:39,196 | INFO | Training epoch 1440, Batch 1000/1000: LR=1.90e-05, Loss=2.06e-03 BER=8.17e-04 FER=1.45e-02
2025-10-22 23:44:39,256 | INFO | Epoch 1440 Train Time 106.69298148155212s

2025-10-22 23:46:20,689 | INFO | Training epoch 1441, Batch 1000/1000: LR=1.89e-05, Loss=2.04e-03 BER=8.19e-04 FER=1.44e-02
2025-10-22 23:46:20,734 | INFO | Epoch 1441 Train Time 101.47659134864807s

2025-10-22 23:47:59,868 | INFO | Training epoch 1442, Batch 1000/1000: LR=1.89e-05, Loss=2.04e-03 BER=8.14e-04 FER=1.41e-02
2025-10-22 23:47:59,932 | INFO | Epoch 1442 Train Time 99.19665431976318s

2025-10-22 23:49:44,163 | INFO | Training epoch 1443, Batch 1000/1000: LR=1.88e-05, Loss=2.01e-03 BER=8.16e-04 FER=1.42e-02
2025-10-22 23:49:44,224 | INFO | Epoch 1443 Train Time 104.28966093063354s

2025-10-22 23:51:27,833 | INFO | Training epoch 1444, Batch 1000/1000: LR=1.88e-05, Loss=2.01e-03 BER=7.97e-04 FER=1.38e-02
2025-10-22 23:51:27,876 | INFO | Epoch 1444 Train Time 103.65114426612854s

2025-10-22 23:53:07,990 | INFO | Training epoch 1445, Batch 1000/1000: LR=1.87e-05, Loss=1.96e-03 BER=7.71e-04 FER=1.38e-02
2025-10-22 23:53:08,052 | INFO | Epoch 1445 Train Time 100.17529320716858s

2025-10-22 23:54:52,344 | INFO | Training epoch 1446, Batch 1000/1000: LR=1.86e-05, Loss=2.03e-03 BER=7.99e-04 FER=1.41e-02
2025-10-22 23:54:52,398 | INFO | Epoch 1446 Train Time 104.34403038024902s

2025-10-22 23:56:33,066 | INFO | Training epoch 1447, Batch 1000/1000: LR=1.86e-05, Loss=2.19e-03 BER=8.67e-04 FER=1.50e-02
2025-10-22 23:56:33,115 | INFO | Epoch 1447 Train Time 100.71626734733582s

2025-10-22 23:58:10,496 | INFO | Training epoch 1448, Batch 1000/1000: LR=1.85e-05, Loss=2.08e-03 BER=8.34e-04 FER=1.43e-02
2025-10-22 23:58:10,547 | INFO | Epoch 1448 Train Time 97.4304711818695s

2025-10-22 23:59:57,600 | INFO | Training epoch 1449, Batch 1000/1000: LR=1.85e-05, Loss=2.08e-03 BER=8.29e-04 FER=1.43e-02
2025-10-22 23:59:57,662 | INFO | Epoch 1449 Train Time 107.11365842819214s

2025-10-23 00:01:33,185 | INFO | Training epoch 1450, Batch 1000/1000: LR=1.84e-05, Loss=2.01e-03 BER=8.07e-04 FER=1.42e-02
2025-10-23 00:01:33,234 | INFO | Epoch 1450 Train Time 95.57118463516235s

2025-10-23 00:03:15,298 | INFO | Training epoch 1451, Batch 1000/1000: LR=1.84e-05, Loss=2.12e-03 BER=8.47e-04 FER=1.46e-02
2025-10-23 00:03:15,345 | INFO | Epoch 1451 Train Time 102.1097629070282s

2025-10-23 00:04:59,281 | INFO | Training epoch 1452, Batch 1000/1000: LR=1.83e-05, Loss=2.03e-03 BER=8.12e-04 FER=1.44e-02
2025-10-23 00:04:59,335 | INFO | Epoch 1452 Train Time 103.98858308792114s

2025-10-23 00:06:39,341 | INFO | Training epoch 1453, Batch 1000/1000: LR=1.82e-05, Loss=2.03e-03 BER=8.12e-04 FER=1.41e-02
2025-10-23 00:06:39,392 | INFO | Epoch 1453 Train Time 100.05586457252502s

2025-10-23 00:08:25,105 | INFO | Training epoch 1454, Batch 1000/1000: LR=1.82e-05, Loss=1.96e-03 BER=7.67e-04 FER=1.34e-02
2025-10-23 00:08:25,151 | INFO | Epoch 1454 Train Time 105.75815010070801s

2025-10-23 00:10:04,892 | INFO | Training epoch 1455, Batch 1000/1000: LR=1.81e-05, Loss=2.00e-03 BER=7.99e-04 FER=1.39e-02
2025-10-23 00:10:04,939 | INFO | Epoch 1455 Train Time 99.78537726402283s

2025-10-23 00:11:46,996 | INFO | Training epoch 1456, Batch 1000/1000: LR=1.81e-05, Loss=1.91e-03 BER=7.70e-04 FER=1.35e-02
2025-10-23 00:11:47,047 | INFO | Epoch 1456 Train Time 102.10735249519348s

2025-10-23 00:11:47,047 | INFO | [P2] saving best_model (QAT) with loss 0.001905 at epoch 1456
2025-10-23 00:13:26,882 | INFO | Training epoch 1457, Batch 1000/1000: LR=1.80e-05, Loss=2.04e-03 BER=8.17e-04 FER=1.43e-02
2025-10-23 00:13:26,934 | INFO | Epoch 1457 Train Time 99.79521799087524s

2025-10-23 00:15:10,106 | INFO | Training epoch 1458, Batch 1000/1000: LR=1.79e-05, Loss=1.93e-03 BER=7.63e-04 FER=1.34e-02
2025-10-23 00:15:10,157 | INFO | Epoch 1458 Train Time 103.22151756286621s

2025-10-23 00:16:53,410 | INFO | Training epoch 1459, Batch 1000/1000: LR=1.79e-05, Loss=2.06e-03 BER=8.30e-04 FER=1.47e-02
2025-10-23 00:16:53,466 | INFO | Epoch 1459 Train Time 103.30698823928833s

2025-10-23 00:18:33,947 | INFO | Training epoch 1460, Batch 1000/1000: LR=1.78e-05, Loss=2.08e-03 BER=8.30e-04 FER=1.46e-02
2025-10-23 00:18:33,995 | INFO | Epoch 1460 Train Time 100.52860498428345s

2025-10-23 00:20:16,099 | INFO | Training epoch 1461, Batch 1000/1000: LR=1.78e-05, Loss=2.08e-03 BER=8.32e-04 FER=1.46e-02
2025-10-23 00:20:16,147 | INFO | Epoch 1461 Train Time 102.15072178840637s

2025-10-23 00:21:58,657 | INFO | Training epoch 1462, Batch 1000/1000: LR=1.77e-05, Loss=2.12e-03 BER=8.43e-04 FER=1.48e-02
2025-10-23 00:21:58,718 | INFO | Epoch 1462 Train Time 102.56886863708496s

2025-10-23 00:23:47,894 | INFO | Training epoch 1463, Batch 1000/1000: LR=1.76e-05, Loss=2.03e-03 BER=8.08e-04 FER=1.39e-02
2025-10-23 00:23:47,950 | INFO | Epoch 1463 Train Time 109.23002314567566s

2025-10-23 00:25:35,803 | INFO | Training epoch 1464, Batch 1000/1000: LR=1.76e-05, Loss=2.09e-03 BER=8.34e-04 FER=1.45e-02
2025-10-23 00:25:35,853 | INFO | Epoch 1464 Train Time 107.90116286277771s

2025-10-23 00:27:15,331 | INFO | Training epoch 1465, Batch 1000/1000: LR=1.75e-05, Loss=1.99e-03 BER=7.85e-04 FER=1.36e-02
2025-10-23 00:27:15,378 | INFO | Epoch 1465 Train Time 99.52379250526428s

2025-10-23 00:28:58,110 | INFO | Training epoch 1466, Batch 1000/1000: LR=1.75e-05, Loss=1.98e-03 BER=7.83e-04 FER=1.40e-02
2025-10-23 00:28:58,171 | INFO | Epoch 1466 Train Time 102.79163098335266s

2025-10-23 00:30:36,585 | INFO | Training epoch 1467, Batch 1000/1000: LR=1.74e-05, Loss=2.01e-03 BER=8.00e-04 FER=1.42e-02
2025-10-23 00:30:36,635 | INFO | Epoch 1467 Train Time 98.46273159980774s

2025-10-23 00:32:14,795 | INFO | Training epoch 1468, Batch 1000/1000: LR=1.74e-05, Loss=2.04e-03 BER=8.17e-04 FER=1.43e-02
2025-10-23 00:32:14,856 | INFO | Epoch 1468 Train Time 98.21995639801025s

2025-10-23 00:34:00,287 | INFO | Training epoch 1469, Batch 1000/1000: LR=1.73e-05, Loss=2.07e-03 BER=8.18e-04 FER=1.42e-02
2025-10-23 00:34:00,343 | INFO | Epoch 1469 Train Time 105.48572516441345s

2025-10-23 00:35:42,815 | INFO | Training epoch 1470, Batch 1000/1000: LR=1.72e-05, Loss=2.03e-03 BER=8.08e-04 FER=1.44e-02
2025-10-23 00:35:42,867 | INFO | Epoch 1470 Train Time 102.52219033241272s

2025-10-23 00:37:20,035 | INFO | Training epoch 1471, Batch 1000/1000: LR=1.72e-05, Loss=2.08e-03 BER=8.38e-04 FER=1.46e-02
2025-10-23 00:37:20,088 | INFO | Epoch 1471 Train Time 97.21983909606934s

2025-10-23 00:38:51,510 | INFO | Training epoch 1472, Batch 1000/1000: LR=1.71e-05, Loss=1.99e-03 BER=8.02e-04 FER=1.40e-02
2025-10-23 00:38:51,581 | INFO | Epoch 1472 Train Time 91.49180960655212s

2025-10-23 00:40:33,203 | INFO | Training epoch 1473, Batch 1000/1000: LR=1.71e-05, Loss=2.07e-03 BER=8.21e-04 FER=1.41e-02
2025-10-23 00:40:33,262 | INFO | Epoch 1473 Train Time 101.67790341377258s

2025-10-23 00:42:13,402 | INFO | Training epoch 1474, Batch 1000/1000: LR=1.70e-05, Loss=2.00e-03 BER=8.03e-04 FER=1.41e-02
2025-10-23 00:42:13,452 | INFO | Epoch 1474 Train Time 100.1887936592102s

2025-10-23 00:43:50,819 | INFO | Training epoch 1475, Batch 1000/1000: LR=1.70e-05, Loss=2.06e-03 BER=8.23e-04 FER=1.43e-02
2025-10-23 00:43:50,867 | INFO | Epoch 1475 Train Time 97.41394662857056s

2025-10-23 00:45:36,408 | INFO | Training epoch 1476, Batch 1000/1000: LR=1.69e-05, Loss=2.07e-03 BER=8.36e-04 FER=1.42e-02
2025-10-23 00:45:36,474 | INFO | Epoch 1476 Train Time 105.60495281219482s

2025-10-23 00:47:17,247 | INFO | Training epoch 1477, Batch 1000/1000: LR=1.68e-05, Loss=2.02e-03 BER=8.01e-04 FER=1.41e-02
2025-10-23 00:47:17,318 | INFO | Epoch 1477 Train Time 100.84200096130371s

2025-10-23 00:49:02,673 | INFO | Training epoch 1478, Batch 1000/1000: LR=1.68e-05, Loss=2.04e-03 BER=8.08e-04 FER=1.43e-02
2025-10-23 00:49:02,737 | INFO | Epoch 1478 Train Time 105.41803121566772s

2025-10-23 00:50:49,825 | INFO | Training epoch 1479, Batch 1000/1000: LR=1.67e-05, Loss=2.03e-03 BER=8.04e-04 FER=1.39e-02
2025-10-23 00:50:49,883 | INFO | Epoch 1479 Train Time 107.14333248138428s

2025-10-23 00:52:33,085 | INFO | Training epoch 1480, Batch 1000/1000: LR=1.67e-05, Loss=2.05e-03 BER=8.25e-04 FER=1.42e-02
2025-10-23 00:52:33,183 | INFO | Epoch 1480 Train Time 103.29697299003601s

2025-10-23 00:54:14,527 | INFO | Training epoch 1481, Batch 1000/1000: LR=1.66e-05, Loss=2.05e-03 BER=8.17e-04 FER=1.43e-02
2025-10-23 00:54:14,573 | INFO | Epoch 1481 Train Time 101.38870477676392s

2025-10-23 00:55:59,730 | INFO | Training epoch 1482, Batch 1000/1000: LR=1.66e-05, Loss=2.03e-03 BER=7.98e-04 FER=1.38e-02
2025-10-23 00:55:59,783 | INFO | Epoch 1482 Train Time 105.20892977714539s

2025-10-23 00:57:41,339 | INFO | Training epoch 1483, Batch 1000/1000: LR=1.65e-05, Loss=2.03e-03 BER=8.08e-04 FER=1.41e-02
2025-10-23 00:57:41,386 | INFO | Epoch 1483 Train Time 101.60053563117981s

2025-10-23 00:59:25,176 | INFO | Training epoch 1484, Batch 1000/1000: LR=1.64e-05, Loss=2.05e-03 BER=8.19e-04 FER=1.43e-02
2025-10-23 00:59:25,224 | INFO | Epoch 1484 Train Time 103.8364794254303s

2025-10-23 01:01:04,159 | INFO | Training epoch 1485, Batch 1000/1000: LR=1.64e-05, Loss=2.02e-03 BER=8.03e-04 FER=1.40e-02
2025-10-23 01:01:04,217 | INFO | Epoch 1485 Train Time 98.99147701263428s

2025-10-23 01:02:46,448 | INFO | Training epoch 1486, Batch 1000/1000: LR=1.63e-05, Loss=2.03e-03 BER=8.11e-04 FER=1.41e-02
2025-10-23 01:02:46,511 | INFO | Epoch 1486 Train Time 102.2921850681305s

2025-10-23 01:04:35,266 | INFO | Training epoch 1487, Batch 1000/1000: LR=1.63e-05, Loss=2.06e-03 BER=8.25e-04 FER=1.43e-02
2025-10-23 01:04:35,321 | INFO | Epoch 1487 Train Time 108.809002161026s

2025-10-23 01:06:20,389 | INFO | Training epoch 1488, Batch 1000/1000: LR=1.62e-05, Loss=2.06e-03 BER=8.12e-04 FER=1.41e-02
2025-10-23 01:06:20,453 | INFO | Epoch 1488 Train Time 105.12871098518372s

2025-10-23 01:08:12,670 | INFO | Training epoch 1489, Batch 1000/1000: LR=1.62e-05, Loss=2.11e-03 BER=8.46e-04 FER=1.46e-02
2025-10-23 01:08:12,733 | INFO | Epoch 1489 Train Time 112.27915668487549s

2025-10-23 01:09:53,684 | INFO | Training epoch 1490, Batch 1000/1000: LR=1.61e-05, Loss=2.01e-03 BER=8.05e-04 FER=1.41e-02
2025-10-23 01:09:53,749 | INFO | Epoch 1490 Train Time 101.013667345047s

2025-10-23 01:11:32,376 | INFO | Training epoch 1491, Batch 1000/1000: LR=1.61e-05, Loss=2.01e-03 BER=7.99e-04 FER=1.38e-02
2025-10-23 01:11:32,439 | INFO | Epoch 1491 Train Time 98.68871331214905s

2025-10-23 01:13:13,552 | INFO | Training epoch 1492, Batch 1000/1000: LR=1.60e-05, Loss=2.06e-03 BER=8.32e-04 FER=1.47e-02
2025-10-23 01:13:13,618 | INFO | Epoch 1492 Train Time 101.17707824707031s

2025-10-23 01:14:51,421 | INFO | Training epoch 1493, Batch 1000/1000: LR=1.59e-05, Loss=1.99e-03 BER=7.87e-04 FER=1.39e-02
2025-10-23 01:14:51,471 | INFO | Epoch 1493 Train Time 97.85172438621521s

2025-10-23 01:16:33,705 | INFO | Training epoch 1494, Batch 1000/1000: LR=1.59e-05, Loss=1.97e-03 BER=7.85e-04 FER=1.38e-02
2025-10-23 01:16:33,779 | INFO | Epoch 1494 Train Time 102.30600500106812s

2025-10-23 01:18:07,951 | INFO | Training epoch 1495, Batch 1000/1000: LR=1.58e-05, Loss=1.97e-03 BER=7.74e-04 FER=1.35e-02
2025-10-23 01:18:08,012 | INFO | Epoch 1495 Train Time 94.22960114479065s

2025-10-23 01:19:48,201 | INFO | Training epoch 1496, Batch 1000/1000: LR=1.58e-05, Loss=1.93e-03 BER=7.61e-04 FER=1.35e-02
2025-10-23 01:19:48,270 | INFO | Epoch 1496 Train Time 100.25677371025085s

2025-10-23 01:21:33,616 | INFO | Training epoch 1497, Batch 1000/1000: LR=1.57e-05, Loss=1.96e-03 BER=7.81e-04 FER=1.38e-02
2025-10-23 01:21:33,698 | INFO | Epoch 1497 Train Time 105.42667126655579s

2025-10-23 01:23:13,371 | INFO | Training epoch 1498, Batch 1000/1000: LR=1.57e-05, Loss=1.92e-03 BER=7.71e-04 FER=1.35e-02
2025-10-23 01:23:13,421 | INFO | Epoch 1498 Train Time 99.7230806350708s

2025-10-23 01:25:00,943 | INFO | Training epoch 1499, Batch 1000/1000: LR=1.56e-05, Loss=2.00e-03 BER=7.94e-04 FER=1.38e-02
2025-10-23 01:25:00,998 | INFO | Epoch 1499 Train Time 107.57524108886719s

2025-10-23 01:26:38,560 | INFO | Training epoch 1500, Batch 1000/1000: LR=1.56e-05, Loss=2.07e-03 BER=8.30e-04 FER=1.44e-02
2025-10-23 01:26:38,623 | INFO | Epoch 1500 Train Time 97.62295794487s

2025-10-23 01:28:15,419 | INFO | Training epoch 1501, Batch 1000/1000: LR=1.55e-05, Loss=1.98e-03 BER=7.79e-04 FER=1.40e-02
2025-10-23 01:28:15,485 | INFO | Epoch 1501 Train Time 96.86072492599487s

2025-10-23 01:29:55,043 | INFO | Training epoch 1502, Batch 1000/1000: LR=1.54e-05, Loss=1.97e-03 BER=7.83e-04 FER=1.39e-02
2025-10-23 01:29:55,095 | INFO | Epoch 1502 Train Time 99.60787725448608s

2025-10-23 01:31:25,958 | INFO | Training epoch 1503, Batch 1000/1000: LR=1.54e-05, Loss=2.01e-03 BER=7.99e-04 FER=1.38e-02
2025-10-23 01:31:26,025 | INFO | Epoch 1503 Train Time 90.928377866745s

2025-10-23 01:33:05,023 | INFO | Training epoch 1504, Batch 1000/1000: LR=1.53e-05, Loss=2.01e-03 BER=8.14e-04 FER=1.42e-02
2025-10-23 01:33:05,082 | INFO | Epoch 1504 Train Time 99.05467557907104s

2025-10-23 01:34:48,791 | INFO | Training epoch 1505, Batch 1000/1000: LR=1.53e-05, Loss=1.99e-03 BER=7.88e-04 FER=1.41e-02
2025-10-23 01:34:48,840 | INFO | Epoch 1505 Train Time 103.75702452659607s

2025-10-23 01:36:31,478 | INFO | Training epoch 1506, Batch 1000/1000: LR=1.52e-05, Loss=1.98e-03 BER=7.90e-04 FER=1.40e-02
2025-10-23 01:36:31,541 | INFO | Epoch 1506 Train Time 102.70051193237305s

2025-10-23 01:38:06,871 | INFO | Training epoch 1507, Batch 1000/1000: LR=1.52e-05, Loss=2.00e-03 BER=8.00e-04 FER=1.41e-02
2025-10-23 01:38:06,922 | INFO | Epoch 1507 Train Time 95.37797832489014s

2025-10-23 01:39:48,930 | INFO | Training epoch 1508, Batch 1000/1000: LR=1.51e-05, Loss=2.00e-03 BER=7.98e-04 FER=1.41e-02
2025-10-23 01:39:48,985 | INFO | Epoch 1508 Train Time 102.06174635887146s

2025-10-23 01:41:23,223 | INFO | Training epoch 1509, Batch 1000/1000: LR=1.51e-05, Loss=2.02e-03 BER=8.07e-04 FER=1.41e-02
2025-10-23 01:41:23,277 | INFO | Epoch 1509 Train Time 94.29173374176025s

2025-10-23 01:43:02,877 | INFO | Training epoch 1510, Batch 1000/1000: LR=1.50e-05, Loss=2.13e-03 BER=8.44e-04 FER=1.47e-02
2025-10-23 01:43:02,941 | INFO | Epoch 1510 Train Time 99.66111278533936s

2025-10-23 01:44:42,096 | INFO | Training epoch 1511, Batch 1000/1000: LR=1.50e-05, Loss=2.03e-03 BER=8.02e-04 FER=1.42e-02
2025-10-23 01:44:42,130 | INFO | Epoch 1511 Train Time 99.18703985214233s

2025-10-23 01:46:25,143 | INFO | Training epoch 1512, Batch 1000/1000: LR=1.49e-05, Loss=1.99e-03 BER=7.86e-04 FER=1.38e-02
2025-10-23 01:46:25,198 | INFO | Epoch 1512 Train Time 103.06593155860901s

2025-10-23 01:48:03,089 | INFO | Training epoch 1513, Batch 1000/1000: LR=1.48e-05, Loss=2.04e-03 BER=8.16e-04 FER=1.41e-02
2025-10-23 01:48:03,124 | INFO | Epoch 1513 Train Time 97.92576050758362s

2025-10-23 01:49:46,601 | INFO | Training epoch 1514, Batch 1000/1000: LR=1.48e-05, Loss=1.98e-03 BER=7.88e-04 FER=1.36e-02
2025-10-23 01:49:46,649 | INFO | Epoch 1514 Train Time 103.52337265014648s

2025-10-23 01:51:27,239 | INFO | Training epoch 1515, Batch 1000/1000: LR=1.47e-05, Loss=2.07e-03 BER=8.22e-04 FER=1.43e-02
2025-10-23 01:51:27,317 | INFO | Epoch 1515 Train Time 100.66510558128357s

2025-10-23 01:53:09,536 | INFO | Training epoch 1516, Batch 1000/1000: LR=1.47e-05, Loss=1.95e-03 BER=7.78e-04 FER=1.35e-02
2025-10-23 01:53:09,578 | INFO | Epoch 1516 Train Time 102.25866198539734s

2025-10-23 01:54:50,676 | INFO | Training epoch 1517, Batch 1000/1000: LR=1.46e-05, Loss=2.07e-03 BER=8.28e-04 FER=1.41e-02
2025-10-23 01:54:50,737 | INFO | Epoch 1517 Train Time 101.15851926803589s

2025-10-23 01:56:33,091 | INFO | Training epoch 1518, Batch 1000/1000: LR=1.46e-05, Loss=2.00e-03 BER=7.87e-04 FER=1.40e-02
2025-10-23 01:56:33,139 | INFO | Epoch 1518 Train Time 102.40013980865479s

2025-10-23 01:58:23,909 | INFO | Training epoch 1519, Batch 1000/1000: LR=1.45e-05, Loss=1.95e-03 BER=7.85e-04 FER=1.36e-02
2025-10-23 01:58:23,960 | INFO | Epoch 1519 Train Time 110.81876540184021s

2025-10-23 02:00:05,916 | INFO | Training epoch 1520, Batch 1000/1000: LR=1.45e-05, Loss=2.02e-03 BER=8.07e-04 FER=1.38e-02
2025-10-23 02:00:05,978 | INFO | Epoch 1520 Train Time 102.01615858078003s

2025-10-23 02:01:49,359 | INFO | Training epoch 1521, Batch 1000/1000: LR=1.44e-05, Loss=2.04e-03 BER=8.24e-04 FER=1.43e-02
2025-10-23 02:01:49,404 | INFO | Epoch 1521 Train Time 103.42398262023926s

2025-10-23 02:03:29,216 | INFO | Training epoch 1522, Batch 1000/1000: LR=1.44e-05, Loss=2.06e-03 BER=8.16e-04 FER=1.43e-02
2025-10-23 02:03:29,260 | INFO | Epoch 1522 Train Time 99.85565662384033s

2025-10-23 02:05:06,196 | INFO | Training epoch 1523, Batch 1000/1000: LR=1.43e-05, Loss=1.97e-03 BER=7.89e-04 FER=1.37e-02
2025-10-23 02:05:06,247 | INFO | Epoch 1523 Train Time 96.98510956764221s

2025-10-23 02:06:50,526 | INFO | Training epoch 1524, Batch 1000/1000: LR=1.43e-05, Loss=2.06e-03 BER=8.24e-04 FER=1.44e-02
2025-10-23 02:06:50,591 | INFO | Epoch 1524 Train Time 104.34177279472351s

2025-10-23 02:08:31,267 | INFO | Training epoch 1525, Batch 1000/1000: LR=1.42e-05, Loss=2.05e-03 BER=8.01e-04 FER=1.42e-02
2025-10-23 02:08:31,317 | INFO | Epoch 1525 Train Time 100.72446489334106s

2025-10-23 02:10:21,470 | INFO | Training epoch 1526, Batch 1000/1000: LR=1.42e-05, Loss=1.94e-03 BER=7.72e-04 FER=1.35e-02
2025-10-23 02:10:21,538 | INFO | Epoch 1526 Train Time 110.22010898590088s

2025-10-23 02:11:58,727 | INFO | Training epoch 1527, Batch 1000/1000: LR=1.41e-05, Loss=1.98e-03 BER=7.90e-04 FER=1.38e-02
2025-10-23 02:11:58,782 | INFO | Epoch 1527 Train Time 97.24045276641846s

2025-10-23 02:13:38,180 | INFO | Training epoch 1528, Batch 1000/1000: LR=1.40e-05, Loss=2.04e-03 BER=8.20e-04 FER=1.41e-02
2025-10-23 02:13:38,233 | INFO | Epoch 1528 Train Time 99.44744277000427s

2025-10-23 02:15:22,365 | INFO | Training epoch 1529, Batch 1000/1000: LR=1.40e-05, Loss=2.07e-03 BER=8.31e-04 FER=1.42e-02
2025-10-23 02:15:22,431 | INFO | Epoch 1529 Train Time 104.1947512626648s

2025-10-23 02:16:59,094 | INFO | Training epoch 1530, Batch 1000/1000: LR=1.39e-05, Loss=2.02e-03 BER=8.09e-04 FER=1.40e-02
2025-10-23 02:16:59,154 | INFO | Epoch 1530 Train Time 96.72131443023682s

2025-10-23 02:18:40,780 | INFO | Training epoch 1531, Batch 1000/1000: LR=1.39e-05, Loss=2.05e-03 BER=8.21e-04 FER=1.42e-02
2025-10-23 02:18:40,830 | INFO | Epoch 1531 Train Time 101.67451572418213s

2025-10-23 02:20:18,679 | INFO | Training epoch 1532, Batch 1000/1000: LR=1.38e-05, Loss=1.95e-03 BER=7.80e-04 FER=1.36e-02
2025-10-23 02:20:18,731 | INFO | Epoch 1532 Train Time 97.89921545982361s

2025-10-23 02:21:56,094 | INFO | Training epoch 1533, Batch 1000/1000: LR=1.38e-05, Loss=2.08e-03 BER=8.25e-04 FER=1.47e-02
2025-10-23 02:21:56,153 | INFO | Epoch 1533 Train Time 97.42048501968384s

2025-10-23 02:23:38,116 | INFO | Training epoch 1534, Batch 1000/1000: LR=1.37e-05, Loss=2.04e-03 BER=8.12e-04 FER=1.41e-02
2025-10-23 02:23:38,158 | INFO | Epoch 1534 Train Time 102.00432205200195s

2025-10-23 02:25:23,168 | INFO | Training epoch 1535, Batch 1000/1000: LR=1.37e-05, Loss=1.97e-03 BER=7.94e-04 FER=1.40e-02
2025-10-23 02:25:23,210 | INFO | Epoch 1535 Train Time 105.05023765563965s

2025-10-23 02:27:07,057 | INFO | Training epoch 1536, Batch 1000/1000: LR=1.36e-05, Loss=2.03e-03 BER=8.11e-04 FER=1.41e-02
2025-10-23 02:27:07,099 | INFO | Epoch 1536 Train Time 103.88834691047668s

2025-10-23 02:28:47,332 | INFO | Training epoch 1537, Batch 1000/1000: LR=1.36e-05, Loss=1.92e-03 BER=7.54e-04 FER=1.34e-02
2025-10-23 02:28:47,387 | INFO | Epoch 1537 Train Time 100.28645014762878s

2025-10-23 02:30:26,386 | INFO | Training epoch 1538, Batch 1000/1000: LR=1.35e-05, Loss=1.98e-03 BER=7.88e-04 FER=1.37e-02
2025-10-23 02:30:26,449 | INFO | Epoch 1538 Train Time 99.06126928329468s

2025-10-23 02:32:09,801 | INFO | Training epoch 1539, Batch 1000/1000: LR=1.35e-05, Loss=2.05e-03 BER=8.20e-04 FER=1.43e-02
2025-10-23 02:32:09,859 | INFO | Epoch 1539 Train Time 103.40919876098633s

2025-10-23 02:33:50,551 | INFO | Training epoch 1540, Batch 1000/1000: LR=1.34e-05, Loss=2.04e-03 BER=8.11e-04 FER=1.42e-02
2025-10-23 02:33:50,607 | INFO | Epoch 1540 Train Time 100.746511220932s

2025-10-23 02:35:32,399 | INFO | Training epoch 1541, Batch 1000/1000: LR=1.34e-05, Loss=2.03e-03 BER=8.18e-04 FER=1.43e-02
2025-10-23 02:35:32,469 | INFO | Epoch 1541 Train Time 101.86038613319397s

2025-10-23 02:37:09,875 | INFO | Training epoch 1542, Batch 1000/1000: LR=1.33e-05, Loss=2.01e-03 BER=8.06e-04 FER=1.42e-02
2025-10-23 02:37:09,945 | INFO | Epoch 1542 Train Time 97.47441363334656s

2025-10-23 02:38:49,716 | INFO | Training epoch 1543, Batch 1000/1000: LR=1.33e-05, Loss=1.97e-03 BER=7.93e-04 FER=1.39e-02
2025-10-23 02:38:49,768 | INFO | Epoch 1543 Train Time 99.82096099853516s

2025-10-23 02:40:39,325 | INFO | Training epoch 1544, Batch 1000/1000: LR=1.32e-05, Loss=2.02e-03 BER=8.09e-04 FER=1.42e-02
2025-10-23 02:40:39,371 | INFO | Epoch 1544 Train Time 109.60205030441284s

2025-10-23 02:42:20,023 | INFO | Training epoch 1545, Batch 1000/1000: LR=1.32e-05, Loss=2.04e-03 BER=8.12e-04 FER=1.42e-02
2025-10-23 02:42:20,096 | INFO | Epoch 1545 Train Time 100.72326612472534s

2025-10-23 02:43:56,751 | INFO | Training epoch 1546, Batch 1000/1000: LR=1.31e-05, Loss=1.92e-03 BER=7.59e-04 FER=1.33e-02
2025-10-23 02:43:56,825 | INFO | Epoch 1546 Train Time 96.72757291793823s

2025-10-23 02:45:40,040 | INFO | Training epoch 1547, Batch 1000/1000: LR=1.31e-05, Loss=2.04e-03 BER=8.15e-04 FER=1.42e-02
2025-10-23 02:45:40,108 | INFO | Epoch 1547 Train Time 103.28178906440735s

2025-10-23 02:47:21,561 | INFO | Training epoch 1548, Batch 1000/1000: LR=1.30e-05, Loss=2.07e-03 BER=8.27e-04 FER=1.44e-02
2025-10-23 02:47:21,626 | INFO | Epoch 1548 Train Time 101.51624798774719s

2025-10-23 02:49:09,615 | INFO | Training epoch 1549, Batch 1000/1000: LR=1.30e-05, Loss=1.96e-03 BER=7.84e-04 FER=1.35e-02
2025-10-23 02:49:09,651 | INFO | Epoch 1549 Train Time 108.02111625671387s

2025-10-23 02:51:00,321 | INFO | Training epoch 1550, Batch 1000/1000: LR=1.29e-05, Loss=2.00e-03 BER=8.05e-04 FER=1.38e-02
2025-10-23 02:51:00,378 | INFO | Epoch 1550 Train Time 110.72679734230042s

2025-10-23 02:52:45,592 | INFO | Training epoch 1551, Batch 1000/1000: LR=1.29e-05, Loss=2.01e-03 BER=7.99e-04 FER=1.40e-02
2025-10-23 02:52:45,641 | INFO | Epoch 1551 Train Time 105.26203513145447s

2025-10-23 02:54:31,604 | INFO | Training epoch 1552, Batch 1000/1000: LR=1.28e-05, Loss=2.01e-03 BER=8.01e-04 FER=1.41e-02
2025-10-23 02:54:31,646 | INFO | Epoch 1552 Train Time 106.00127410888672s

2025-10-23 02:56:11,137 | INFO | Training epoch 1553, Batch 1000/1000: LR=1.28e-05, Loss=2.07e-03 BER=8.14e-04 FER=1.43e-02
2025-10-23 02:56:11,201 | INFO | Epoch 1553 Train Time 99.55485939979553s

2025-10-23 02:57:53,200 | INFO | Training epoch 1554, Batch 1000/1000: LR=1.27e-05, Loss=1.98e-03 BER=7.84e-04 FER=1.38e-02
2025-10-23 02:57:53,255 | INFO | Epoch 1554 Train Time 102.0516004562378s

2025-10-23 02:59:25,706 | INFO | Training epoch 1555, Batch 1000/1000: LR=1.27e-05, Loss=2.03e-03 BER=8.00e-04 FER=1.36e-02
2025-10-23 02:59:25,765 | INFO | Epoch 1555 Train Time 92.50805044174194s

2025-10-23 03:01:12,725 | INFO | Training epoch 1556, Batch 1000/1000: LR=1.26e-05, Loss=1.96e-03 BER=7.84e-04 FER=1.36e-02
2025-10-23 03:01:12,760 | INFO | Epoch 1556 Train Time 106.99393224716187s

2025-10-23 03:02:58,452 | INFO | Training epoch 1557, Batch 1000/1000: LR=1.26e-05, Loss=1.96e-03 BER=7.82e-04 FER=1.39e-02
2025-10-23 03:02:58,507 | INFO | Epoch 1557 Train Time 105.74587416648865s

2025-10-23 03:04:45,273 | INFO | Training epoch 1558, Batch 1000/1000: LR=1.25e-05, Loss=1.91e-03 BER=7.61e-04 FER=1.34e-02
2025-10-23 03:04:45,335 | INFO | Epoch 1558 Train Time 106.82548451423645s

2025-10-23 03:06:30,767 | INFO | Training epoch 1559, Batch 1000/1000: LR=1.25e-05, Loss=2.07e-03 BER=8.23e-04 FER=1.43e-02
2025-10-23 03:06:30,813 | INFO | Epoch 1559 Train Time 105.47758412361145s

2025-10-23 03:08:05,703 | INFO | Training epoch 1560, Batch 1000/1000: LR=1.24e-05, Loss=1.98e-03 BER=7.93e-04 FER=1.37e-02
2025-10-23 03:08:05,774 | INFO | Epoch 1560 Train Time 94.95883059501648s

2025-10-23 03:09:43,596 | INFO | Training epoch 1561, Batch 1000/1000: LR=1.24e-05, Loss=2.00e-03 BER=7.98e-04 FER=1.39e-02
2025-10-23 03:09:43,653 | INFO | Epoch 1561 Train Time 97.87845635414124s

2025-10-23 03:11:26,054 | INFO | Training epoch 1562, Batch 1000/1000: LR=1.23e-05, Loss=1.98e-03 BER=7.91e-04 FER=1.40e-02
2025-10-23 03:11:26,113 | INFO | Epoch 1562 Train Time 102.45752382278442s

2025-10-23 03:13:11,947 | INFO | Training epoch 1563, Batch 1000/1000: LR=1.23e-05, Loss=1.98e-03 BER=7.88e-04 FER=1.36e-02
2025-10-23 03:13:12,008 | INFO | Epoch 1563 Train Time 105.89349150657654s

2025-10-23 03:14:55,212 | INFO | Training epoch 1564, Batch 1000/1000: LR=1.22e-05, Loss=2.00e-03 BER=8.00e-04 FER=1.39e-02
2025-10-23 03:14:55,262 | INFO | Epoch 1564 Train Time 103.25232243537903s

2025-10-23 03:16:39,150 | INFO | Training epoch 1565, Batch 1000/1000: LR=1.22e-05, Loss=1.87e-03 BER=7.38e-04 FER=1.30e-02
2025-10-23 03:16:39,197 | INFO | Epoch 1565 Train Time 103.9344048500061s

2025-10-23 03:16:39,197 | INFO | [P2] saving best_model (QAT) with loss 0.001872 at epoch 1565
2025-10-23 03:18:21,355 | INFO | Training epoch 1566, Batch 1000/1000: LR=1.21e-05, Loss=2.00e-03 BER=8.14e-04 FER=1.41e-02
2025-10-23 03:18:21,410 | INFO | Epoch 1566 Train Time 102.13744187355042s

2025-10-23 03:20:03,288 | INFO | Training epoch 1567, Batch 1000/1000: LR=1.21e-05, Loss=2.04e-03 BER=8.13e-04 FER=1.42e-02
2025-10-23 03:20:03,354 | INFO | Epoch 1567 Train Time 101.94345498085022s

2025-10-23 03:21:42,742 | INFO | Training epoch 1568, Batch 1000/1000: LR=1.20e-05, Loss=1.99e-03 BER=8.00e-04 FER=1.39e-02
2025-10-23 03:21:42,791 | INFO | Epoch 1568 Train Time 99.43562626838684s

2025-10-23 03:23:21,120 | INFO | Training epoch 1569, Batch 1000/1000: LR=1.20e-05, Loss=2.04e-03 BER=8.12e-04 FER=1.43e-02
2025-10-23 03:23:21,183 | INFO | Epoch 1569 Train Time 98.3907961845398s

2025-10-23 03:25:02,796 | INFO | Training epoch 1570, Batch 1000/1000: LR=1.19e-05, Loss=2.00e-03 BER=7.96e-04 FER=1.39e-02
2025-10-23 03:25:02,852 | INFO | Epoch 1570 Train Time 101.66835641860962s

2025-10-23 03:26:46,141 | INFO | Training epoch 1571, Batch 1000/1000: LR=1.19e-05, Loss=1.98e-03 BER=7.85e-04 FER=1.38e-02
2025-10-23 03:26:46,202 | INFO | Epoch 1571 Train Time 103.34806299209595s

2025-10-23 03:28:31,265 | INFO | Training epoch 1572, Batch 1000/1000: LR=1.18e-05, Loss=2.00e-03 BER=7.91e-04 FER=1.36e-02
2025-10-23 03:28:31,327 | INFO | Epoch 1572 Train Time 105.12411522865295s

2025-10-23 03:30:08,788 | INFO | Training epoch 1573, Batch 1000/1000: LR=1.18e-05, Loss=2.06e-03 BER=8.21e-04 FER=1.42e-02
2025-10-23 03:30:08,879 | INFO | Epoch 1573 Train Time 97.55103635787964s

2025-10-23 03:31:49,426 | INFO | Training epoch 1574, Batch 1000/1000: LR=1.17e-05, Loss=2.00e-03 BER=8.03e-04 FER=1.39e-02
2025-10-23 03:31:49,476 | INFO | Epoch 1574 Train Time 100.59397220611572s

2025-10-23 03:33:31,774 | INFO | Training epoch 1575, Batch 1000/1000: LR=1.17e-05, Loss=1.98e-03 BER=7.98e-04 FER=1.38e-02
2025-10-23 03:33:31,828 | INFO | Epoch 1575 Train Time 102.35147476196289s

2025-10-23 03:35:16,853 | INFO | Training epoch 1576, Batch 1000/1000: LR=1.16e-05, Loss=2.04e-03 BER=8.08e-04 FER=1.42e-02
2025-10-23 03:35:16,914 | INFO | Epoch 1576 Train Time 105.08449387550354s

2025-10-23 03:36:58,748 | INFO | Training epoch 1577, Batch 1000/1000: LR=1.16e-05, Loss=2.09e-03 BER=8.31e-04 FER=1.43e-02
2025-10-23 03:36:58,800 | INFO | Epoch 1577 Train Time 101.88447833061218s

2025-10-23 03:38:30,970 | INFO | Training epoch 1578, Batch 1000/1000: LR=1.15e-05, Loss=1.98e-03 BER=7.89e-04 FER=1.39e-02
2025-10-23 03:38:31,040 | INFO | Epoch 1578 Train Time 92.23787927627563s

2025-10-23 03:40:15,465 | INFO | Training epoch 1579, Batch 1000/1000: LR=1.15e-05, Loss=2.05e-03 BER=8.09e-04 FER=1.41e-02
2025-10-23 03:40:15,523 | INFO | Epoch 1579 Train Time 104.48035955429077s

2025-10-23 03:41:56,494 | INFO | Training epoch 1580, Batch 1000/1000: LR=1.14e-05, Loss=2.06e-03 BER=8.19e-04 FER=1.40e-02
2025-10-23 03:41:56,561 | INFO | Epoch 1580 Train Time 101.03660440444946s

2025-10-23 03:43:30,480 | INFO | Training epoch 1581, Batch 1000/1000: LR=1.14e-05, Loss=2.04e-03 BER=8.15e-04 FER=1.41e-02
2025-10-23 03:43:30,536 | INFO | Epoch 1581 Train Time 93.97414875030518s

2025-10-23 03:45:16,187 | INFO | Training epoch 1582, Batch 1000/1000: LR=1.13e-05, Loss=1.99e-03 BER=8.00e-04 FER=1.38e-02
2025-10-23 03:45:16,257 | INFO | Epoch 1582 Train Time 105.71894121170044s

2025-10-23 03:46:49,251 | INFO | Training epoch 1583, Batch 1000/1000: LR=1.13e-05, Loss=2.08e-03 BER=8.22e-04 FER=1.44e-02
2025-10-23 03:46:49,319 | INFO | Epoch 1583 Train Time 93.06064224243164s

2025-10-23 03:48:37,900 | INFO | Training epoch 1584, Batch 1000/1000: LR=1.12e-05, Loss=2.05e-03 BER=8.07e-04 FER=1.43e-02
2025-10-23 03:48:37,967 | INFO | Epoch 1584 Train Time 108.64680790901184s

2025-10-23 03:50:29,407 | INFO | Training epoch 1585, Batch 1000/1000: LR=1.12e-05, Loss=2.00e-03 BER=8.05e-04 FER=1.37e-02
2025-10-23 03:50:29,472 | INFO | Epoch 1585 Train Time 111.5043089389801s

2025-10-23 03:52:11,898 | INFO | Training epoch 1586, Batch 1000/1000: LR=1.12e-05, Loss=2.02e-03 BER=8.00e-04 FER=1.41e-02
2025-10-23 03:52:11,954 | INFO | Epoch 1586 Train Time 102.47986841201782s

2025-10-23 03:53:47,565 | INFO | Training epoch 1587, Batch 1000/1000: LR=1.11e-05, Loss=1.89e-03 BER=7.59e-04 FER=1.34e-02
2025-10-23 03:53:47,619 | INFO | Epoch 1587 Train Time 95.6635012626648s

2025-10-23 03:55:36,972 | INFO | Training epoch 1588, Batch 1000/1000: LR=1.11e-05, Loss=2.03e-03 BER=8.06e-04 FER=1.40e-02
2025-10-23 03:55:37,039 | INFO | Epoch 1588 Train Time 109.418532371521s

2025-10-23 03:57:26,913 | INFO | Training epoch 1589, Batch 1000/1000: LR=1.10e-05, Loss=1.95e-03 BER=7.83e-04 FER=1.38e-02
2025-10-23 03:57:26,985 | INFO | Epoch 1589 Train Time 109.94526433944702s

2025-10-23 03:59:01,492 | INFO | Training epoch 1590, Batch 1000/1000: LR=1.10e-05, Loss=1.92e-03 BER=7.60e-04 FER=1.34e-02
2025-10-23 03:59:01,558 | INFO | Epoch 1590 Train Time 94.57035493850708s

2025-10-23 04:00:46,745 | INFO | Training epoch 1591, Batch 1000/1000: LR=1.09e-05, Loss=2.02e-03 BER=8.11e-04 FER=1.41e-02
2025-10-23 04:00:46,837 | INFO | Epoch 1591 Train Time 105.27726984024048s

2025-10-23 04:02:26,399 | INFO | Training epoch 1592, Batch 1000/1000: LR=1.09e-05, Loss=2.03e-03 BER=8.15e-04 FER=1.41e-02
2025-10-23 04:02:26,454 | INFO | Epoch 1592 Train Time 99.61534261703491s

2025-10-23 04:04:04,120 | INFO | Training epoch 1593, Batch 1000/1000: LR=1.08e-05, Loss=2.00e-03 BER=7.96e-04 FER=1.39e-02
2025-10-23 04:04:04,184 | INFO | Epoch 1593 Train Time 97.7293496131897s

2025-10-23 04:05:44,226 | INFO | Training epoch 1594, Batch 1000/1000: LR=1.08e-05, Loss=1.92e-03 BER=7.59e-04 FER=1.34e-02
2025-10-23 04:05:44,296 | INFO | Epoch 1594 Train Time 100.10994696617126s

2025-10-23 04:07:22,924 | INFO | Training epoch 1595, Batch 1000/1000: LR=1.07e-05, Loss=2.03e-03 BER=8.00e-04 FER=1.38e-02
2025-10-23 04:07:23,020 | INFO | Epoch 1595 Train Time 98.72194838523865s

2025-10-23 04:09:03,563 | INFO | Training epoch 1596, Batch 1000/1000: LR=1.07e-05, Loss=2.04e-03 BER=8.12e-04 FER=1.41e-02
2025-10-23 04:09:03,632 | INFO | Epoch 1596 Train Time 100.60931181907654s

2025-10-23 04:10:48,997 | INFO | Training epoch 1597, Batch 1000/1000: LR=1.06e-05, Loss=1.97e-03 BER=7.75e-04 FER=1.36e-02
2025-10-23 04:10:49,063 | INFO | Epoch 1597 Train Time 105.4297821521759s

2025-10-23 04:12:30,824 | INFO | Training epoch 1598, Batch 1000/1000: LR=1.06e-05, Loss=1.90e-03 BER=7.50e-04 FER=1.32e-02
2025-10-23 04:12:30,890 | INFO | Epoch 1598 Train Time 101.82554769515991s

2025-10-23 04:14:16,310 | INFO | Training epoch 1599, Batch 1000/1000: LR=1.05e-05, Loss=1.90e-03 BER=7.64e-04 FER=1.34e-02
2025-10-23 04:14:16,362 | INFO | Epoch 1599 Train Time 105.47104668617249s

2025-10-23 04:15:59,556 | INFO | Training epoch 1600, Batch 1000/1000: LR=1.05e-05, Loss=1.90e-03 BER=7.58e-04 FER=1.33e-02
2025-10-23 04:15:59,641 | INFO | Epoch 1600 Train Time 103.27885437011719s

2025-10-23 04:17:46,660 | INFO | Training epoch 1601, Batch 1000/1000: LR=1.05e-05, Loss=1.99e-03 BER=8.05e-04 FER=1.40e-02
2025-10-23 04:17:46,719 | INFO | Epoch 1601 Train Time 107.07613706588745s

2025-10-23 04:19:31,701 | INFO | Training epoch 1602, Batch 1000/1000: LR=1.04e-05, Loss=2.04e-03 BER=8.08e-04 FER=1.38e-02
2025-10-23 04:19:31,763 | INFO | Epoch 1602 Train Time 105.0424644947052s

2025-10-23 04:21:13,494 | INFO | Training epoch 1603, Batch 1000/1000: LR=1.04e-05, Loss=1.97e-03 BER=7.87e-04 FER=1.35e-02
2025-10-23 04:21:13,575 | INFO | Epoch 1603 Train Time 101.81045699119568s

2025-10-23 04:22:53,476 | INFO | Training epoch 1604, Batch 1000/1000: LR=1.03e-05, Loss=1.96e-03 BER=7.80e-04 FER=1.34e-02
2025-10-23 04:22:53,551 | INFO | Epoch 1604 Train Time 99.97389602661133s

2025-10-23 04:24:30,883 | INFO | Training epoch 1605, Batch 1000/1000: LR=1.03e-05, Loss=1.92e-03 BER=7.60e-04 FER=1.33e-02
2025-10-23 04:24:30,968 | INFO | Epoch 1605 Train Time 97.4147720336914s

2025-10-23 04:26:14,833 | INFO | Training epoch 1606, Batch 1000/1000: LR=1.02e-05, Loss=2.03e-03 BER=8.05e-04 FER=1.39e-02
2025-10-23 04:26:14,906 | INFO | Epoch 1606 Train Time 103.93678021430969s

2025-10-23 04:27:59,187 | INFO | Training epoch 1607, Batch 1000/1000: LR=1.02e-05, Loss=2.02e-03 BER=7.98e-04 FER=1.39e-02
2025-10-23 04:27:59,269 | INFO | Epoch 1607 Train Time 104.3612642288208s

2025-10-23 04:29:48,233 | INFO | Training epoch 1608, Batch 1000/1000: LR=1.01e-05, Loss=1.87e-03 BER=7.40e-04 FER=1.31e-02
2025-10-23 04:29:48,310 | INFO | Epoch 1608 Train Time 109.03999423980713s

2025-10-23 04:31:36,830 | INFO | Training epoch 1609, Batch 1000/1000: LR=1.01e-05, Loss=1.99e-03 BER=7.95e-04 FER=1.38e-02
2025-10-23 04:31:36,886 | INFO | Epoch 1609 Train Time 108.57385611534119s

2025-10-23 04:33:12,825 | INFO | Training epoch 1610, Batch 1000/1000: LR=1.00e-05, Loss=2.01e-03 BER=8.00e-04 FER=1.39e-02
2025-10-23 04:33:12,873 | INFO | Epoch 1610 Train Time 95.98470735549927s

2025-10-23 04:34:55,483 | INFO | Training epoch 1611, Batch 1000/1000: LR=1.00e-05, Loss=1.96e-03 BER=7.88e-04 FER=1.38e-02
2025-10-23 04:34:55,560 | INFO | Epoch 1611 Train Time 102.68668270111084s

2025-10-23 04:36:36,573 | INFO | Training epoch 1612, Batch 1000/1000: LR=9.96e-06, Loss=2.00e-03 BER=8.04e-04 FER=1.39e-02
2025-10-23 04:36:36,670 | INFO | Epoch 1612 Train Time 101.1072084903717s

2025-10-23 04:38:13,073 | INFO | Training epoch 1613, Batch 1000/1000: LR=9.91e-06, Loss=1.94e-03 BER=7.79e-04 FER=1.36e-02
2025-10-23 04:38:13,139 | INFO | Epoch 1613 Train Time 96.46597266197205s

2025-10-23 04:39:57,448 | INFO | Training epoch 1614, Batch 1000/1000: LR=9.87e-06, Loss=2.01e-03 BER=8.06e-04 FER=1.40e-02
2025-10-23 04:39:57,502 | INFO | Epoch 1614 Train Time 104.36168813705444s

2025-10-23 04:41:38,917 | INFO | Training epoch 1615, Batch 1000/1000: LR=9.82e-06, Loss=1.91e-03 BER=7.63e-04 FER=1.34e-02
2025-10-23 04:41:38,960 | INFO | Epoch 1615 Train Time 101.4558732509613s

2025-10-23 04:43:22,503 | INFO | Training epoch 1616, Batch 1000/1000: LR=9.78e-06, Loss=1.97e-03 BER=7.83e-04 FER=1.37e-02
2025-10-23 04:43:22,555 | INFO | Epoch 1616 Train Time 103.59405755996704s

2025-10-23 04:45:07,119 | INFO | Training epoch 1617, Batch 1000/1000: LR=9.74e-06, Loss=1.90e-03 BER=7.67e-04 FER=1.34e-02
2025-10-23 04:45:07,188 | INFO | Epoch 1617 Train Time 104.6318371295929s

2025-10-23 04:46:48,099 | INFO | Training epoch 1618, Batch 1000/1000: LR=9.69e-06, Loss=1.97e-03 BER=7.82e-04 FER=1.37e-02
2025-10-23 04:46:48,165 | INFO | Epoch 1618 Train Time 100.97216796875s

2025-10-23 04:48:35,724 | INFO | Training epoch 1619, Batch 1000/1000: LR=9.65e-06, Loss=2.02e-03 BER=8.02e-04 FER=1.40e-02
2025-10-23 04:48:35,771 | INFO | Epoch 1619 Train Time 107.6049313545227s

2025-10-23 04:50:21,223 | INFO | Training epoch 1620, Batch 1000/1000: LR=9.60e-06, Loss=2.03e-03 BER=8.10e-04 FER=1.40e-02
2025-10-23 04:50:21,282 | INFO | Epoch 1620 Train Time 105.50993633270264s

2025-10-23 04:51:54,398 | INFO | Training epoch 1621, Batch 1000/1000: LR=9.56e-06, Loss=2.02e-03 BER=8.00e-04 FER=1.40e-02
2025-10-23 04:51:54,446 | INFO | Epoch 1621 Train Time 93.16257953643799s

2025-10-23 04:53:37,219 | INFO | Training epoch 1622, Batch 1000/1000: LR=9.52e-06, Loss=1.98e-03 BER=7.82e-04 FER=1.37e-02
2025-10-23 04:53:37,271 | INFO | Epoch 1622 Train Time 102.82428693771362s

2025-10-23 04:55:14,909 | INFO | Training epoch 1623, Batch 1000/1000: LR=9.47e-06, Loss=1.99e-03 BER=8.00e-04 FER=1.41e-02
2025-10-23 04:55:14,958 | INFO | Epoch 1623 Train Time 97.68577933311462s

2025-10-23 04:56:57,081 | INFO | Training epoch 1624, Batch 1000/1000: LR=9.43e-06, Loss=1.95e-03 BER=7.80e-04 FER=1.32e-02
2025-10-23 04:56:57,150 | INFO | Epoch 1624 Train Time 102.19131541252136s

2025-10-23 04:58:40,211 | INFO | Training epoch 1625, Batch 1000/1000: LR=9.39e-06, Loss=2.03e-03 BER=8.20e-04 FER=1.43e-02
2025-10-23 04:58:40,291 | INFO | Epoch 1625 Train Time 103.13891410827637s

2025-10-23 05:00:21,451 | INFO | Training epoch 1626, Batch 1000/1000: LR=9.34e-06, Loss=1.99e-03 BER=7.90e-04 FER=1.38e-02
2025-10-23 05:00:21,520 | INFO | Epoch 1626 Train Time 101.22802829742432s

2025-10-23 05:02:07,401 | INFO | Training epoch 1627, Batch 1000/1000: LR=9.30e-06, Loss=1.95e-03 BER=7.73e-04 FER=1.31e-02
2025-10-23 05:02:07,467 | INFO | Epoch 1627 Train Time 105.9454665184021s

2025-10-23 05:03:48,114 | INFO | Training epoch 1628, Batch 1000/1000: LR=9.26e-06, Loss=2.07e-03 BER=8.17e-04 FER=1.40e-02
2025-10-23 05:03:48,178 | INFO | Epoch 1628 Train Time 100.70923209190369s

2025-10-23 05:05:37,356 | INFO | Training epoch 1629, Batch 1000/1000: LR=9.21e-06, Loss=1.88e-03 BER=7.44e-04 FER=1.30e-02
2025-10-23 05:05:37,427 | INFO | Epoch 1629 Train Time 109.24724054336548s

2025-10-23 05:07:30,133 | INFO | Training epoch 1630, Batch 1000/1000: LR=9.17e-06, Loss=1.97e-03 BER=7.83e-04 FER=1.38e-02
2025-10-23 05:07:30,213 | INFO | Epoch 1630 Train Time 112.784663438797s

2025-10-23 05:09:19,456 | INFO | Training epoch 1631, Batch 1000/1000: LR=9.13e-06, Loss=1.97e-03 BER=7.82e-04 FER=1.36e-02
2025-10-23 05:09:19,537 | INFO | Epoch 1631 Train Time 109.3229112625122s

2025-10-23 05:11:01,950 | INFO | Training epoch 1632, Batch 1000/1000: LR=9.08e-06, Loss=2.09e-03 BER=8.31e-04 FER=1.45e-02
2025-10-23 05:11:02,016 | INFO | Epoch 1632 Train Time 102.47836518287659s

2025-10-23 05:12:45,623 | INFO | Training epoch 1633, Batch 1000/1000: LR=9.04e-06, Loss=2.04e-03 BER=8.24e-04 FER=1.45e-02
2025-10-23 05:12:45,673 | INFO | Epoch 1633 Train Time 103.65445852279663s

2025-10-23 05:14:22,361 | INFO | Training epoch 1634, Batch 1000/1000: LR=9.00e-06, Loss=2.00e-03 BER=7.98e-04 FER=1.38e-02
2025-10-23 05:14:22,454 | INFO | Epoch 1634 Train Time 96.78003215789795s

2025-10-23 05:16:10,061 | INFO | Training epoch 1635, Batch 1000/1000: LR=8.96e-06, Loss=1.95e-03 BER=7.82e-04 FER=1.34e-02
2025-10-23 05:16:10,115 | INFO | Epoch 1635 Train Time 107.65945625305176s

2025-10-23 05:17:53,223 | INFO | Training epoch 1636, Batch 1000/1000: LR=8.92e-06, Loss=2.01e-03 BER=8.06e-04 FER=1.42e-02
2025-10-23 05:17:53,286 | INFO | Epoch 1636 Train Time 103.16955947875977s

2025-10-23 05:19:39,932 | INFO | Training epoch 1637, Batch 1000/1000: LR=8.87e-06, Loss=2.01e-03 BER=8.01e-04 FER=1.41e-02
2025-10-23 05:19:39,999 | INFO | Epoch 1637 Train Time 106.71120381355286s

2025-10-23 05:21:23,200 | INFO | Training epoch 1638, Batch 1000/1000: LR=8.83e-06, Loss=1.93e-03 BER=7.68e-04 FER=1.33e-02
2025-10-23 05:21:23,242 | INFO | Epoch 1638 Train Time 103.24217176437378s

2025-10-23 05:23:11,059 | INFO | Training epoch 1639, Batch 1000/1000: LR=8.79e-06, Loss=2.03e-03 BER=8.11e-04 FER=1.39e-02
2025-10-23 05:23:11,117 | INFO | Epoch 1639 Train Time 107.87434315681458s

2025-10-23 05:24:58,221 | INFO | Training epoch 1640, Batch 1000/1000: LR=8.75e-06, Loss=2.05e-03 BER=8.13e-04 FER=1.41e-02
2025-10-23 05:24:58,317 | INFO | Epoch 1640 Train Time 107.1983335018158s

2025-10-23 05:26:47,077 | INFO | Training epoch 1641, Batch 1000/1000: LR=8.71e-06, Loss=1.93e-03 BER=7.69e-04 FER=1.34e-02
2025-10-23 05:26:47,129 | INFO | Epoch 1641 Train Time 108.81039929389954s

2025-10-23 05:28:30,554 | INFO | Training epoch 1642, Batch 1000/1000: LR=8.66e-06, Loss=1.97e-03 BER=7.92e-04 FER=1.36e-02
2025-10-23 05:28:30,643 | INFO | Epoch 1642 Train Time 103.51258206367493s

2025-10-23 05:30:16,873 | INFO | Training epoch 1643, Batch 1000/1000: LR=8.62e-06, Loss=1.95e-03 BER=7.81e-04 FER=1.37e-02
2025-10-23 05:30:16,936 | INFO | Epoch 1643 Train Time 106.2899124622345s

2025-10-23 05:32:04,149 | INFO | Training epoch 1644, Batch 1000/1000: LR=8.58e-06, Loss=2.08e-03 BER=8.35e-04 FER=1.45e-02
2025-10-23 05:32:04,223 | INFO | Epoch 1644 Train Time 107.28539252281189s

2025-10-23 05:33:47,130 | INFO | Training epoch 1645, Batch 1000/1000: LR=8.54e-06, Loss=1.99e-03 BER=7.88e-04 FER=1.38e-02
2025-10-23 05:33:47,207 | INFO | Epoch 1645 Train Time 102.98206853866577s

2025-10-23 05:35:37,519 | INFO | Training epoch 1646, Batch 1000/1000: LR=8.50e-06, Loss=1.96e-03 BER=7.85e-04 FER=1.36e-02
2025-10-23 05:35:37,594 | INFO | Epoch 1646 Train Time 110.3855230808258s

2025-10-23 05:37:20,392 | INFO | Training epoch 1647, Batch 1000/1000: LR=8.46e-06, Loss=1.98e-03 BER=7.84e-04 FER=1.38e-02
2025-10-23 05:37:20,455 | INFO | Epoch 1647 Train Time 102.8591091632843s

2025-10-23 05:38:57,993 | INFO | Training epoch 1648, Batch 1000/1000: LR=8.42e-06, Loss=2.02e-03 BER=8.03e-04 FER=1.39e-02
2025-10-23 05:38:58,064 | INFO | Epoch 1648 Train Time 97.6075325012207s

2025-10-23 05:40:40,181 | INFO | Training epoch 1649, Batch 1000/1000: LR=8.38e-06, Loss=1.95e-03 BER=7.82e-04 FER=1.40e-02
2025-10-23 05:40:40,255 | INFO | Epoch 1649 Train Time 102.1902084350586s

2025-10-23 05:42:27,746 | INFO | Training epoch 1650, Batch 1000/1000: LR=8.33e-06, Loss=1.99e-03 BER=7.94e-04 FER=1.37e-02
2025-10-23 05:42:27,799 | INFO | Epoch 1650 Train Time 107.54250383377075s

2025-10-23 05:44:09,877 | INFO | Training epoch 1651, Batch 1000/1000: LR=8.29e-06, Loss=1.96e-03 BER=7.86e-04 FER=1.39e-02
2025-10-23 05:44:09,933 | INFO | Epoch 1651 Train Time 102.13263654708862s

2025-10-23 05:46:06,700 | INFO | Training epoch 1652, Batch 1000/1000: LR=8.25e-06, Loss=1.97e-03 BER=7.85e-04 FER=1.38e-02
2025-10-23 05:46:06,769 | INFO | Epoch 1652 Train Time 116.83456921577454s

2025-10-23 05:47:50,460 | INFO | Training epoch 1653, Batch 1000/1000: LR=8.21e-06, Loss=1.97e-03 BER=7.83e-04 FER=1.38e-02
2025-10-23 05:47:50,548 | INFO | Epoch 1653 Train Time 103.77733016014099s

2025-10-23 05:49:31,949 | INFO | Training epoch 1654, Batch 1000/1000: LR=8.17e-06, Loss=2.01e-03 BER=8.10e-04 FER=1.41e-02
2025-10-23 05:49:32,015 | INFO | Epoch 1654 Train Time 101.46609544754028s

2025-10-23 05:51:11,097 | INFO | Training epoch 1655, Batch 1000/1000: LR=8.13e-06, Loss=1.96e-03 BER=7.83e-04 FER=1.36e-02
2025-10-23 05:51:11,163 | INFO | Epoch 1655 Train Time 99.14608573913574s

2025-10-23 05:52:51,404 | INFO | Training epoch 1656, Batch 1000/1000: LR=8.09e-06, Loss=2.05e-03 BER=8.14e-04 FER=1.42e-02
2025-10-23 05:52:51,471 | INFO | Epoch 1656 Train Time 100.30640149116516s

2025-10-23 05:54:32,288 | INFO | Training epoch 1657, Batch 1000/1000: LR=8.05e-06, Loss=2.00e-03 BER=8.01e-04 FER=1.36e-02
2025-10-23 05:54:32,358 | INFO | Epoch 1657 Train Time 100.88613820075989s

2025-10-23 05:56:20,203 | INFO | Training epoch 1658, Batch 1000/1000: LR=8.01e-06, Loss=1.95e-03 BER=7.77e-04 FER=1.35e-02
2025-10-23 05:56:20,284 | INFO | Epoch 1658 Train Time 107.9242730140686s

2025-10-23 05:58:02,310 | INFO | Training epoch 1659, Batch 1000/1000: LR=7.97e-06, Loss=1.95e-03 BER=7.71e-04 FER=1.34e-02
2025-10-23 05:58:02,380 | INFO | Epoch 1659 Train Time 102.09452509880066s

2025-10-23 05:59:41,240 | INFO | Training epoch 1660, Batch 1000/1000: LR=7.93e-06, Loss=1.97e-03 BER=7.89e-04 FER=1.36e-02
2025-10-23 05:59:41,288 | INFO | Epoch 1660 Train Time 98.90662169456482s

2025-10-23 06:01:19,587 | INFO | Training epoch 1661, Batch 1000/1000: LR=7.89e-06, Loss=2.00e-03 BER=7.97e-04 FER=1.41e-02
2025-10-23 06:01:19,658 | INFO | Epoch 1661 Train Time 98.36961841583252s

2025-10-23 06:03:02,297 | INFO | Training epoch 1662, Batch 1000/1000: LR=7.85e-06, Loss=1.98e-03 BER=7.81e-04 FER=1.35e-02
2025-10-23 06:03:02,351 | INFO | Epoch 1662 Train Time 102.68983483314514s

2025-10-23 06:04:51,529 | INFO | Training epoch 1663, Batch 1000/1000: LR=7.81e-06, Loss=2.06e-03 BER=8.22e-04 FER=1.43e-02
2025-10-23 06:04:51,595 | INFO | Epoch 1663 Train Time 109.24281024932861s

2025-10-23 06:06:30,309 | INFO | Training epoch 1664, Batch 1000/1000: LR=7.78e-06, Loss=1.93e-03 BER=7.63e-04 FER=1.34e-02
2025-10-23 06:06:30,368 | INFO | Epoch 1664 Train Time 98.77188873291016s

2025-10-23 06:08:10,398 | INFO | Training epoch 1665, Batch 1000/1000: LR=7.74e-06, Loss=1.92e-03 BER=7.45e-04 FER=1.33e-02
2025-10-23 06:08:10,448 | INFO | Epoch 1665 Train Time 100.07873630523682s

2025-10-23 06:09:55,190 | INFO | Training epoch 1666, Batch 1000/1000: LR=7.70e-06, Loss=2.02e-03 BER=8.09e-04 FER=1.40e-02
2025-10-23 06:09:55,279 | INFO | Epoch 1666 Train Time 104.83014249801636s

2025-10-23 06:11:41,006 | INFO | Training epoch 1667, Batch 1000/1000: LR=7.66e-06, Loss=1.92e-03 BER=7.74e-04 FER=1.34e-02
2025-10-23 06:11:41,069 | INFO | Epoch 1667 Train Time 105.78816151618958s

2025-10-23 06:13:27,765 | INFO | Training epoch 1668, Batch 1000/1000: LR=7.62e-06, Loss=1.99e-03 BER=8.03e-04 FER=1.39e-02
2025-10-23 06:13:27,850 | INFO | Epoch 1668 Train Time 106.77872824668884s

2025-10-23 06:15:15,450 | INFO | Training epoch 1669, Batch 1000/1000: LR=7.58e-06, Loss=2.09e-03 BER=8.48e-04 FER=1.43e-02
2025-10-23 06:15:15,511 | INFO | Epoch 1669 Train Time 107.65900373458862s

2025-10-23 06:16:59,115 | INFO | Training epoch 1670, Batch 1000/1000: LR=7.54e-06, Loss=2.00e-03 BER=7.91e-04 FER=1.36e-02
2025-10-23 06:16:59,167 | INFO | Epoch 1670 Train Time 103.65375399589539s

2025-10-23 06:18:37,250 | INFO | Training epoch 1671, Batch 1000/1000: LR=7.50e-06, Loss=2.08e-03 BER=8.38e-04 FER=1.42e-02
2025-10-23 06:18:37,302 | INFO | Epoch 1671 Train Time 98.13219022750854s

2025-10-23 06:20:25,966 | INFO | Training epoch 1672, Batch 1000/1000: LR=7.46e-06, Loss=2.03e-03 BER=8.12e-04 FER=1.40e-02
2025-10-23 06:20:26,019 | INFO | Epoch 1672 Train Time 108.71520209312439s

2025-10-23 06:22:13,499 | INFO | Training epoch 1673, Batch 1000/1000: LR=7.43e-06, Loss=1.99e-03 BER=7.93e-04 FER=1.38e-02
2025-10-23 06:22:13,582 | INFO | Epoch 1673 Train Time 107.55976247787476s

2025-10-23 06:23:58,508 | INFO | Training epoch 1674, Batch 1000/1000: LR=7.39e-06, Loss=1.94e-03 BER=7.72e-04 FER=1.32e-02
2025-10-23 06:23:58,580 | INFO | Epoch 1674 Train Time 104.99621510505676s

2025-10-23 06:25:35,402 | INFO | Training epoch 1675, Batch 1000/1000: LR=7.35e-06, Loss=2.02e-03 BER=8.08e-04 FER=1.41e-02
2025-10-23 06:25:35,467 | INFO | Epoch 1675 Train Time 96.88505959510803s

2025-10-23 06:27:25,383 | INFO | Training epoch 1676, Batch 1000/1000: LR=7.31e-06, Loss=1.90e-03 BER=7.60e-04 FER=1.32e-02
2025-10-23 06:27:25,461 | INFO | Epoch 1676 Train Time 109.99177742004395s

2025-10-23 06:29:01,905 | INFO | Training epoch 1677, Batch 1000/1000: LR=7.27e-06, Loss=1.97e-03 BER=7.86e-04 FER=1.37e-02
2025-10-23 06:29:01,998 | INFO | Epoch 1677 Train Time 96.53376293182373s

2025-10-23 06:30:46,813 | INFO | Training epoch 1678, Batch 1000/1000: LR=7.24e-06, Loss=2.00e-03 BER=8.02e-04 FER=1.39e-02
2025-10-23 06:30:46,881 | INFO | Epoch 1678 Train Time 104.88164639472961s

2025-10-23 06:32:23,757 | INFO | Training epoch 1679, Batch 1000/1000: LR=7.20e-06, Loss=1.98e-03 BER=7.87e-04 FER=1.36e-02
2025-10-23 06:32:23,846 | INFO | Epoch 1679 Train Time 96.96085476875305s

2025-10-23 06:34:08,922 | INFO | Training epoch 1680, Batch 1000/1000: LR=7.16e-06, Loss=1.93e-03 BER=7.76e-04 FER=1.34e-02
2025-10-23 06:34:08,989 | INFO | Epoch 1680 Train Time 105.14254760742188s

2025-10-23 06:36:04,100 | INFO | Training epoch 1681, Batch 1000/1000: LR=7.12e-06, Loss=2.04e-03 BER=8.12e-04 FER=1.43e-02
2025-10-23 06:36:04,147 | INFO | Epoch 1681 Train Time 115.15636014938354s

2025-10-23 06:37:46,745 | INFO | Training epoch 1682, Batch 1000/1000: LR=7.09e-06, Loss=1.95e-03 BER=7.71e-04 FER=1.34e-02
2025-10-23 06:37:46,815 | INFO | Epoch 1682 Train Time 102.66717886924744s

2025-10-23 06:39:28,098 | INFO | Training epoch 1683, Batch 1000/1000: LR=7.05e-06, Loss=1.96e-03 BER=7.82e-04 FER=1.35e-02
2025-10-23 06:39:28,168 | INFO | Epoch 1683 Train Time 101.35127925872803s

2025-10-23 06:41:16,011 | INFO | Training epoch 1684, Batch 1000/1000: LR=7.01e-06, Loss=2.03e-03 BER=8.06e-04 FER=1.38e-02
2025-10-23 06:41:16,086 | INFO | Epoch 1684 Train Time 107.91629886627197s

2025-10-23 06:42:55,893 | INFO | Training epoch 1685, Batch 1000/1000: LR=6.97e-06, Loss=2.02e-03 BER=8.08e-04 FER=1.37e-02
2025-10-23 06:42:55,947 | INFO | Epoch 1685 Train Time 99.85979747772217s

2025-10-23 06:44:34,176 | INFO | Training epoch 1686, Batch 1000/1000: LR=6.94e-06, Loss=1.92e-03 BER=7.62e-04 FER=1.32e-02
2025-10-23 06:44:34,231 | INFO | Epoch 1686 Train Time 98.28152918815613s

2025-10-23 06:46:27,002 | INFO | Training epoch 1687, Batch 1000/1000: LR=6.90e-06, Loss=1.89e-03 BER=7.42e-04 FER=1.31e-02
2025-10-23 06:46:27,057 | INFO | Epoch 1687 Train Time 112.82343530654907s

2025-10-23 06:48:16,114 | INFO | Training epoch 1688, Batch 1000/1000: LR=6.86e-06, Loss=1.96e-03 BER=7.86e-04 FER=1.37e-02
2025-10-23 06:48:16,193 | INFO | Epoch 1688 Train Time 109.13427925109863s

2025-10-23 06:49:59,998 | INFO | Training epoch 1689, Batch 1000/1000: LR=6.83e-06, Loss=1.99e-03 BER=7.90e-04 FER=1.37e-02
2025-10-23 06:50:00,062 | INFO | Epoch 1689 Train Time 103.86786532402039s

2025-10-23 06:51:51,362 | INFO | Training epoch 1690, Batch 1000/1000: LR=6.79e-06, Loss=1.97e-03 BER=7.89e-04 FER=1.36e-02
2025-10-23 06:51:51,421 | INFO | Epoch 1690 Train Time 111.35833740234375s

2025-10-23 06:53:40,563 | INFO | Training epoch 1691, Batch 1000/1000: LR=6.75e-06, Loss=2.00e-03 BER=7.98e-04 FER=1.41e-02
2025-10-23 06:53:40,628 | INFO | Epoch 1691 Train Time 109.20515990257263s

2025-10-23 06:55:21,242 | INFO | Training epoch 1692, Batch 1000/1000: LR=6.72e-06, Loss=1.99e-03 BER=7.92e-04 FER=1.40e-02
2025-10-23 06:55:21,291 | INFO | Epoch 1692 Train Time 100.66178894042969s

2025-10-23 06:57:01,915 | INFO | Training epoch 1693, Batch 1000/1000: LR=6.68e-06, Loss=1.94e-03 BER=7.81e-04 FER=1.36e-02
2025-10-23 06:57:01,969 | INFO | Epoch 1693 Train Time 100.67751264572144s

2025-10-23 06:58:47,663 | INFO | Training epoch 1694, Batch 1000/1000: LR=6.64e-06, Loss=1.93e-03 BER=7.59e-04 FER=1.34e-02
2025-10-23 06:58:47,726 | INFO | Epoch 1694 Train Time 105.75579023361206s

2025-10-23 07:00:26,480 | INFO | Training epoch 1695, Batch 1000/1000: LR=6.61e-06, Loss=2.04e-03 BER=8.18e-04 FER=1.41e-02
2025-10-23 07:00:26,537 | INFO | Epoch 1695 Train Time 98.80915188789368s

2025-10-23 07:02:05,651 | INFO | Training epoch 1696, Batch 1000/1000: LR=6.57e-06, Loss=1.96e-03 BER=7.89e-04 FER=1.36e-02
2025-10-23 07:02:05,712 | INFO | Epoch 1696 Train Time 99.1736388206482s

2025-10-23 07:03:49,745 | INFO | Training epoch 1697, Batch 1000/1000: LR=6.54e-06, Loss=2.01e-03 BER=8.05e-04 FER=1.42e-02
2025-10-23 07:03:49,795 | INFO | Epoch 1697 Train Time 104.08117198944092s

2025-10-23 07:05:35,273 | INFO | Training epoch 1698, Batch 1000/1000: LR=6.50e-06, Loss=1.99e-03 BER=7.91e-04 FER=1.38e-02
2025-10-23 07:05:35,344 | INFO | Epoch 1698 Train Time 105.54824423789978s

2025-10-23 07:07:16,195 | INFO | Training epoch 1699, Batch 1000/1000: LR=6.47e-06, Loss=1.97e-03 BER=7.76e-04 FER=1.36e-02
2025-10-23 07:07:16,271 | INFO | Epoch 1699 Train Time 100.92554306983948s

2025-10-23 07:09:13,707 | INFO | Training epoch 1700, Batch 1000/1000: LR=6.43e-06, Loss=1.96e-03 BER=7.70e-04 FER=1.35e-02
2025-10-23 07:09:13,776 | INFO | Epoch 1700 Train Time 117.50231790542603s

2025-10-23 07:10:59,832 | INFO | Training epoch 1701, Batch 1000/1000: LR=6.40e-06, Loss=1.95e-03 BER=7.89e-04 FER=1.36e-02
2025-10-23 07:10:59,915 | INFO | Epoch 1701 Train Time 106.13769555091858s

2025-10-23 07:12:41,324 | INFO | Training epoch 1702, Batch 1000/1000: LR=6.36e-06, Loss=2.06e-03 BER=8.21e-04 FER=1.42e-02
2025-10-23 07:12:41,383 | INFO | Epoch 1702 Train Time 101.4666965007782s

2025-10-23 07:14:26,268 | INFO | Training epoch 1703, Batch 1000/1000: LR=6.32e-06, Loss=1.88e-03 BER=7.46e-04 FER=1.31e-02
2025-10-23 07:14:26,322 | INFO | Epoch 1703 Train Time 104.93738055229187s

2025-10-23 07:16:09,508 | INFO | Training epoch 1704, Batch 1000/1000: LR=6.29e-06, Loss=1.88e-03 BER=7.58e-04 FER=1.31e-02
2025-10-23 07:16:09,568 | INFO | Epoch 1704 Train Time 103.24390602111816s

2025-10-23 07:17:55,512 | INFO | Training epoch 1705, Batch 1000/1000: LR=6.25e-06, Loss=2.02e-03 BER=8.00e-04 FER=1.38e-02
2025-10-23 07:17:55,577 | INFO | Epoch 1705 Train Time 106.00670599937439s

2025-10-23 07:19:38,766 | INFO | Training epoch 1706, Batch 1000/1000: LR=6.22e-06, Loss=2.02e-03 BER=8.04e-04 FER=1.40e-02
2025-10-23 07:19:38,837 | INFO | Epoch 1706 Train Time 103.25889229774475s

2025-10-23 07:21:24,084 | INFO | Training epoch 1707, Batch 1000/1000: LR=6.19e-06, Loss=2.06e-03 BER=8.20e-04 FER=1.41e-02
2025-10-23 07:21:24,143 | INFO | Epoch 1707 Train Time 105.30441188812256s

2025-10-23 07:23:10,655 | INFO | Training epoch 1708, Batch 1000/1000: LR=6.15e-06, Loss=2.01e-03 BER=8.03e-04 FER=1.37e-02
2025-10-23 07:23:10,713 | INFO | Epoch 1708 Train Time 106.56821131706238s

2025-10-23 07:24:55,639 | INFO | Training epoch 1709, Batch 1000/1000: LR=6.12e-06, Loss=1.96e-03 BER=7.85e-04 FER=1.37e-02
2025-10-23 07:24:55,712 | INFO | Epoch 1709 Train Time 104.99741721153259s

2025-10-23 07:26:39,377 | INFO | Training epoch 1710, Batch 1000/1000: LR=6.08e-06, Loss=1.98e-03 BER=7.86e-04 FER=1.39e-02
2025-10-23 07:26:39,431 | INFO | Epoch 1710 Train Time 103.71557092666626s

2025-10-23 07:28:25,327 | INFO | Training epoch 1711, Batch 1000/1000: LR=6.05e-06, Loss=1.95e-03 BER=7.83e-04 FER=1.38e-02
2025-10-23 07:28:25,392 | INFO | Epoch 1711 Train Time 105.95885062217712s

2025-10-23 07:30:02,929 | INFO | Training epoch 1712, Batch 1000/1000: LR=6.01e-06, Loss=1.93e-03 BER=7.78e-04 FER=1.35e-02
2025-10-23 07:30:02,990 | INFO | Epoch 1712 Train Time 97.59715533256531s

2025-10-23 07:31:39,997 | INFO | Training epoch 1713, Batch 1000/1000: LR=5.98e-06, Loss=2.04e-03 BER=8.15e-04 FER=1.40e-02
2025-10-23 07:31:40,055 | INFO | Epoch 1713 Train Time 97.06331777572632s

2025-10-23 07:33:16,316 | INFO | Training epoch 1714, Batch 1000/1000: LR=5.95e-06, Loss=1.92e-03 BER=7.79e-04 FER=1.32e-02
2025-10-23 07:33:16,385 | INFO | Epoch 1714 Train Time 96.32872009277344s

2025-10-23 07:34:54,629 | INFO | Training epoch 1715, Batch 1000/1000: LR=5.91e-06, Loss=1.87e-03 BER=7.53e-04 FER=1.30e-02
2025-10-23 07:34:54,716 | INFO | Epoch 1715 Train Time 98.33016157150269s

2025-10-23 07:36:38,405 | INFO | Training epoch 1716, Batch 1000/1000: LR=5.88e-06, Loss=1.98e-03 BER=8.02e-04 FER=1.38e-02
2025-10-23 07:36:38,459 | INFO | Epoch 1716 Train Time 103.74105668067932s

2025-10-23 07:38:22,218 | INFO | Training epoch 1717, Batch 1000/1000: LR=5.84e-06, Loss=2.00e-03 BER=8.00e-04 FER=1.40e-02
2025-10-23 07:38:22,252 | INFO | Epoch 1717 Train Time 103.79022932052612s

2025-10-23 07:39:55,041 | INFO | Training epoch 1718, Batch 1000/1000: LR=5.81e-06, Loss=2.05e-03 BER=8.11e-04 FER=1.40e-02
2025-10-23 07:39:55,120 | INFO | Epoch 1718 Train Time 92.86726260185242s

2025-10-23 07:41:37,219 | INFO | Training epoch 1719, Batch 1000/1000: LR=5.78e-06, Loss=1.98e-03 BER=7.97e-04 FER=1.37e-02
2025-10-23 07:41:37,278 | INFO | Epoch 1719 Train Time 102.15649604797363s

2025-10-23 07:43:20,468 | INFO | Training epoch 1720, Batch 1000/1000: LR=5.74e-06, Loss=2.01e-03 BER=8.01e-04 FER=1.39e-02
2025-10-23 07:43:20,527 | INFO | Epoch 1720 Train Time 103.24762463569641s

2025-10-23 07:45:03,536 | INFO | Training epoch 1721, Batch 1000/1000: LR=5.71e-06, Loss=1.93e-03 BER=7.72e-04 FER=1.37e-02
2025-10-23 07:45:03,587 | INFO | Epoch 1721 Train Time 103.05880665779114s

2025-10-23 07:46:48,603 | INFO | Training epoch 1722, Batch 1000/1000: LR=5.68e-06, Loss=1.97e-03 BER=7.79e-04 FER=1.35e-02
2025-10-23 07:46:48,671 | INFO | Epoch 1722 Train Time 105.08173894882202s

2025-10-23 07:48:20,299 | INFO | Training epoch 1723, Batch 1000/1000: LR=5.65e-06, Loss=2.01e-03 BER=8.08e-04 FER=1.38e-02
2025-10-23 07:48:20,344 | INFO | Epoch 1723 Train Time 91.67136693000793s

2025-10-23 07:50:07,771 | INFO | Training epoch 1724, Batch 1000/1000: LR=5.61e-06, Loss=2.09e-03 BER=8.40e-04 FER=1.44e-02
2025-10-23 07:50:07,836 | INFO | Epoch 1724 Train Time 107.49151086807251s

2025-10-23 07:51:49,923 | INFO | Training epoch 1725, Batch 1000/1000: LR=5.58e-06, Loss=1.91e-03 BER=7.61e-04 FER=1.33e-02
2025-10-23 07:51:50,026 | INFO | Epoch 1725 Train Time 102.18786144256592s

2025-10-23 07:53:20,506 | INFO | Training epoch 1726, Batch 1000/1000: LR=5.55e-06, Loss=1.99e-03 BER=7.97e-04 FER=1.36e-02
2025-10-23 07:53:20,569 | INFO | Epoch 1726 Train Time 90.54099321365356s

2025-10-23 07:55:04,395 | INFO | Training epoch 1727, Batch 1000/1000: LR=5.51e-06, Loss=1.95e-03 BER=7.77e-04 FER=1.36e-02
2025-10-23 07:55:04,443 | INFO | Epoch 1727 Train Time 103.8731050491333s

2025-10-23 07:56:37,156 | INFO | Training epoch 1728, Batch 1000/1000: LR=5.48e-06, Loss=2.03e-03 BER=8.08e-04 FER=1.42e-02
2025-10-23 07:56:37,227 | INFO | Epoch 1728 Train Time 92.7834119796753s

2025-10-23 07:58:15,093 | INFO | Training epoch 1729, Batch 1000/1000: LR=5.45e-06, Loss=1.98e-03 BER=8.01e-04 FER=1.40e-02
2025-10-23 07:58:15,144 | INFO | Epoch 1729 Train Time 97.91560888290405s

2025-10-23 07:59:51,251 | INFO | Training epoch 1730, Batch 1000/1000: LR=5.42e-06, Loss=1.91e-03 BER=7.68e-04 FER=1.34e-02
2025-10-23 07:59:51,326 | INFO | Epoch 1730 Train Time 96.18067502975464s

2025-10-23 08:01:31,218 | INFO | Training epoch 1731, Batch 1000/1000: LR=5.39e-06, Loss=1.91e-03 BER=7.73e-04 FER=1.32e-02
2025-10-23 08:01:31,280 | INFO | Epoch 1731 Train Time 99.95199465751648s

2025-10-23 08:03:10,486 | INFO | Training epoch 1732, Batch 1000/1000: LR=5.35e-06, Loss=1.84e-03 BER=7.43e-04 FER=1.28e-02
2025-10-23 08:03:10,550 | INFO | Epoch 1732 Train Time 99.26884150505066s

2025-10-23 08:03:10,550 | INFO | [P2] saving best_model (QAT) with loss 0.001845 at epoch 1732
2025-10-23 08:04:50,390 | INFO | Training epoch 1733, Batch 1000/1000: LR=5.32e-06, Loss=1.88e-03 BER=7.49e-04 FER=1.32e-02
2025-10-23 08:04:50,451 | INFO | Epoch 1733 Train Time 99.80421757698059s

2025-10-23 08:06:34,483 | INFO | Training epoch 1734, Batch 1000/1000: LR=5.29e-06, Loss=1.83e-03 BER=7.28e-04 FER=1.26e-02
2025-10-23 08:06:34,547 | INFO | Epoch 1734 Train Time 104.09520626068115s

2025-10-23 08:06:34,547 | INFO | [P2] saving best_model (QAT) with loss 0.001830 at epoch 1734
2025-10-23 08:08:13,612 | INFO | Training epoch 1735, Batch 1000/1000: LR=5.26e-06, Loss=1.93e-03 BER=7.69e-04 FER=1.35e-02
2025-10-23 08:08:13,669 | INFO | Epoch 1735 Train Time 99.04063534736633s

2025-10-23 08:09:48,786 | INFO | Training epoch 1736, Batch 1000/1000: LR=5.23e-06, Loss=1.91e-03 BER=7.66e-04 FER=1.35e-02
2025-10-23 08:09:48,836 | INFO | Epoch 1736 Train Time 95.16551756858826s

2025-10-23 08:11:27,997 | INFO | Training epoch 1737, Batch 1000/1000: LR=5.20e-06, Loss=1.90e-03 BER=7.61e-04 FER=1.31e-02
2025-10-23 08:11:28,066 | INFO | Epoch 1737 Train Time 99.22844457626343s

2025-10-23 08:13:13,285 | INFO | Training epoch 1738, Batch 1000/1000: LR=5.16e-06, Loss=1.98e-03 BER=7.92e-04 FER=1.38e-02
2025-10-23 08:13:13,339 | INFO | Epoch 1738 Train Time 105.2710428237915s

2025-10-23 08:14:55,418 | INFO | Training epoch 1739, Batch 1000/1000: LR=5.13e-06, Loss=1.88e-03 BER=7.62e-04 FER=1.33e-02
2025-10-23 08:14:55,478 | INFO | Epoch 1739 Train Time 102.1376428604126s

2025-10-23 08:16:29,425 | INFO | Training epoch 1740, Batch 1000/1000: LR=5.10e-06, Loss=1.94e-03 BER=7.77e-04 FER=1.34e-02
2025-10-23 08:16:29,511 | INFO | Epoch 1740 Train Time 94.03134846687317s

2025-10-23 08:18:19,858 | INFO | Training epoch 1741, Batch 1000/1000: LR=5.07e-06, Loss=2.01e-03 BER=8.01e-04 FER=1.39e-02
2025-10-23 08:18:19,924 | INFO | Epoch 1741 Train Time 110.41113710403442s

2025-10-23 08:20:03,082 | INFO | Training epoch 1742, Batch 1000/1000: LR=5.04e-06, Loss=2.03e-03 BER=8.18e-04 FER=1.40e-02
2025-10-23 08:20:03,136 | INFO | Epoch 1742 Train Time 103.21109557151794s

2025-10-23 08:21:41,354 | INFO | Training epoch 1743, Batch 1000/1000: LR=5.01e-06, Loss=1.92e-03 BER=7.62e-04 FER=1.30e-02
2025-10-23 08:21:41,419 | INFO | Epoch 1743 Train Time 98.28155851364136s

2025-10-23 08:23:20,317 | INFO | Training epoch 1744, Batch 1000/1000: LR=4.98e-06, Loss=1.84e-03 BER=7.44e-04 FER=1.27e-02
2025-10-23 08:23:20,387 | INFO | Epoch 1744 Train Time 98.96574282646179s

2025-10-23 08:24:59,198 | INFO | Training epoch 1745, Batch 1000/1000: LR=4.95e-06, Loss=1.94e-03 BER=7.82e-04 FER=1.37e-02
2025-10-23 08:24:59,256 | INFO | Epoch 1745 Train Time 98.86757278442383s

2025-10-23 08:26:38,910 | INFO | Training epoch 1746, Batch 1000/1000: LR=4.92e-06, Loss=1.94e-03 BER=7.79e-04 FER=1.36e-02
2025-10-23 08:26:38,975 | INFO | Epoch 1746 Train Time 99.71804332733154s

2025-10-23 08:28:22,847 | INFO | Training epoch 1747, Batch 1000/1000: LR=4.89e-06, Loss=2.03e-03 BER=8.09e-04 FER=1.38e-02
2025-10-23 08:28:22,894 | INFO | Epoch 1747 Train Time 103.91776728630066s

2025-10-23 08:30:10,053 | INFO | Training epoch 1748, Batch 1000/1000: LR=4.86e-06, Loss=1.95e-03 BER=7.82e-04 FER=1.33e-02
2025-10-23 08:30:10,148 | INFO | Epoch 1748 Train Time 107.25271010398865s

2025-10-23 08:31:48,384 | INFO | Training epoch 1749, Batch 1000/1000: LR=4.83e-06, Loss=1.95e-03 BER=7.80e-04 FER=1.35e-02
2025-10-23 08:31:48,456 | INFO | Epoch 1749 Train Time 98.30628895759583s

2025-10-23 08:33:29,297 | INFO | Training epoch 1750, Batch 1000/1000: LR=4.80e-06, Loss=1.88e-03 BER=7.63e-04 FER=1.32e-02
2025-10-23 08:33:29,343 | INFO | Epoch 1750 Train Time 100.88617730140686s

2025-10-23 08:35:13,044 | INFO | Training epoch 1751, Batch 1000/1000: LR=4.77e-06, Loss=1.95e-03 BER=7.71e-04 FER=1.33e-02
2025-10-23 08:35:13,091 | INFO | Epoch 1751 Train Time 103.74637985229492s

2025-10-23 08:36:55,559 | INFO | Training epoch 1752, Batch 1000/1000: LR=4.74e-06, Loss=1.86e-03 BER=7.47e-04 FER=1.29e-02
2025-10-23 08:36:55,636 | INFO | Epoch 1752 Train Time 102.54375433921814s

2025-10-23 08:38:38,447 | INFO | Training epoch 1753, Batch 1000/1000: LR=4.71e-06, Loss=2.00e-03 BER=7.88e-04 FER=1.34e-02
2025-10-23 08:38:38,496 | INFO | Epoch 1753 Train Time 102.85694074630737s

2025-10-23 08:40:19,220 | INFO | Training epoch 1754, Batch 1000/1000: LR=4.68e-06, Loss=1.98e-03 BER=7.87e-04 FER=1.34e-02
2025-10-23 08:40:19,286 | INFO | Epoch 1754 Train Time 100.78826212882996s

2025-10-23 08:41:57,789 | INFO | Training epoch 1755, Batch 1000/1000: LR=4.65e-06, Loss=1.83e-03 BER=7.28e-04 FER=1.26e-02
2025-10-23 08:41:57,852 | INFO | Epoch 1755 Train Time 98.56588315963745s

2025-10-23 08:41:57,853 | INFO | [P2] saving best_model (QAT) with loss 0.001826 at epoch 1755
2025-10-23 08:43:43,297 | INFO | Training epoch 1756, Batch 1000/1000: LR=4.62e-06, Loss=2.01e-03 BER=7.94e-04 FER=1.35e-02
2025-10-23 08:43:43,373 | INFO | Epoch 1756 Train Time 105.40823411941528s

2025-10-23 08:45:26,791 | INFO | Training epoch 1757, Batch 1000/1000: LR=4.59e-06, Loss=1.99e-03 BER=7.96e-04 FER=1.36e-02
2025-10-23 08:45:26,856 | INFO | Epoch 1757 Train Time 103.48027610778809s

2025-10-23 08:47:06,798 | INFO | Training epoch 1758, Batch 1000/1000: LR=4.56e-06, Loss=1.93e-03 BER=7.75e-04 FER=1.32e-02
2025-10-23 08:47:06,880 | INFO | Epoch 1758 Train Time 100.0239520072937s

2025-10-23 08:48:48,973 | INFO | Training epoch 1759, Batch 1000/1000: LR=4.53e-06, Loss=1.99e-03 BER=8.01e-04 FER=1.39e-02
2025-10-23 08:48:49,055 | INFO | Epoch 1759 Train Time 102.17169880867004s

2025-10-23 08:50:41,100 | INFO | Training epoch 1760, Batch 1000/1000: LR=4.50e-06, Loss=2.04e-03 BER=8.20e-04 FER=1.43e-02
2025-10-23 08:50:41,164 | INFO | Epoch 1760 Train Time 112.10670304298401s

2025-10-23 08:52:24,919 | INFO | Training epoch 1761, Batch 1000/1000: LR=4.48e-06, Loss=2.03e-03 BER=8.07e-04 FER=1.39e-02
2025-10-23 08:52:24,969 | INFO | Epoch 1761 Train Time 103.80284976959229s

2025-10-23 08:54:02,583 | INFO | Training epoch 1762, Batch 1000/1000: LR=4.45e-06, Loss=1.98e-03 BER=7.88e-04 FER=1.36e-02
2025-10-23 08:54:02,647 | INFO | Epoch 1762 Train Time 97.67634272575378s

2025-10-23 08:55:39,694 | INFO | Training epoch 1763, Batch 1000/1000: LR=4.42e-06, Loss=1.89e-03 BER=7.52e-04 FER=1.32e-02
2025-10-23 08:55:39,768 | INFO | Epoch 1763 Train Time 97.11913108825684s

2025-10-23 08:57:19,116 | INFO | Training epoch 1764, Batch 1000/1000: LR=4.39e-06, Loss=1.94e-03 BER=7.74e-04 FER=1.35e-02
2025-10-23 08:57:19,178 | INFO | Epoch 1764 Train Time 99.4088659286499s

2025-10-23 08:59:01,129 | INFO | Training epoch 1765, Batch 1000/1000: LR=4.36e-06, Loss=1.90e-03 BER=7.57e-04 FER=1.31e-02
2025-10-23 08:59:01,192 | INFO | Epoch 1765 Train Time 102.01187348365784s

2025-10-23 09:00:43,323 | INFO | Training epoch 1766, Batch 1000/1000: LR=4.33e-06, Loss=1.89e-03 BER=7.60e-04 FER=1.29e-02
2025-10-23 09:00:43,378 | INFO | Epoch 1766 Train Time 102.18454337120056s

2025-10-23 09:02:16,598 | INFO | Training epoch 1767, Batch 1000/1000: LR=4.31e-06, Loss=2.02e-03 BER=8.14e-04 FER=1.40e-02
2025-10-23 09:02:16,653 | INFO | Epoch 1767 Train Time 93.27273607254028s

2025-10-23 09:04:00,484 | INFO | Training epoch 1768, Batch 1000/1000: LR=4.28e-06, Loss=2.03e-03 BER=8.15e-04 FER=1.42e-02
2025-10-23 09:04:00,541 | INFO | Epoch 1768 Train Time 103.88583970069885s

2025-10-23 09:05:42,382 | INFO | Training epoch 1769, Batch 1000/1000: LR=4.25e-06, Loss=2.03e-03 BER=8.10e-04 FER=1.40e-02
2025-10-23 09:05:42,443 | INFO | Epoch 1769 Train Time 101.90111231803894s

2025-10-23 09:07:27,019 | INFO | Training epoch 1770, Batch 1000/1000: LR=4.22e-06, Loss=1.85e-03 BER=7.37e-04 FER=1.29e-02
2025-10-23 09:07:27,070 | INFO | Epoch 1770 Train Time 104.6247079372406s

2025-10-23 09:09:04,386 | INFO | Training epoch 1771, Batch 1000/1000: LR=4.20e-06, Loss=1.99e-03 BER=7.94e-04 FER=1.37e-02
2025-10-23 09:09:04,448 | INFO | Epoch 1771 Train Time 97.37770414352417s

2025-10-23 09:10:44,957 | INFO | Training epoch 1772, Batch 1000/1000: LR=4.17e-06, Loss=1.95e-03 BER=7.75e-04 FER=1.35e-02
2025-10-23 09:10:45,013 | INFO | Epoch 1772 Train Time 100.56297874450684s

2025-10-23 09:12:30,094 | INFO | Training epoch 1773, Batch 1000/1000: LR=4.14e-06, Loss=1.92e-03 BER=7.69e-04 FER=1.32e-02
2025-10-23 09:12:30,164 | INFO | Epoch 1773 Train Time 105.14827609062195s

2025-10-23 09:14:14,951 | INFO | Training epoch 1774, Batch 1000/1000: LR=4.11e-06, Loss=1.95e-03 BER=7.75e-04 FER=1.35e-02
2025-10-23 09:14:15,022 | INFO | Epoch 1774 Train Time 104.85527467727661s

2025-10-23 09:15:50,764 | INFO | Training epoch 1775, Batch 1000/1000: LR=4.09e-06, Loss=1.95e-03 BER=7.81e-04 FER=1.34e-02
2025-10-23 09:15:50,814 | INFO | Epoch 1775 Train Time 95.78980612754822s

2025-10-23 09:17:33,982 | INFO | Training epoch 1776, Batch 1000/1000: LR=4.06e-06, Loss=1.91e-03 BER=7.64e-04 FER=1.34e-02
2025-10-23 09:17:34,055 | INFO | Epoch 1776 Train Time 103.24077725410461s

2025-10-23 09:19:19,810 | INFO | Training epoch 1777, Batch 1000/1000: LR=4.03e-06, Loss=2.07e-03 BER=8.21e-04 FER=1.42e-02
2025-10-23 09:19:19,870 | INFO | Epoch 1777 Train Time 105.81358408927917s

2025-10-23 09:20:58,419 | INFO | Training epoch 1778, Batch 1000/1000: LR=4.01e-06, Loss=1.99e-03 BER=7.94e-04 FER=1.38e-02
2025-10-23 09:20:58,480 | INFO | Epoch 1778 Train Time 98.6086437702179s

2025-10-23 09:22:33,295 | INFO | Training epoch 1779, Batch 1000/1000: LR=3.98e-06, Loss=1.96e-03 BER=7.76e-04 FER=1.35e-02
2025-10-23 09:22:33,347 | INFO | Epoch 1779 Train Time 94.86567425727844s

2025-10-23 09:24:05,783 | INFO | Training epoch 1780, Batch 1000/1000: LR=3.95e-06, Loss=1.95e-03 BER=7.83e-04 FER=1.35e-02
2025-10-23 09:24:05,842 | INFO | Epoch 1780 Train Time 92.49467039108276s

2025-10-23 09:25:48,821 | INFO | Training epoch 1781, Batch 1000/1000: LR=3.93e-06, Loss=1.93e-03 BER=7.78e-04 FER=1.35e-02
2025-10-23 09:25:48,890 | INFO | Epoch 1781 Train Time 103.0473268032074s

2025-10-23 09:27:39,026 | INFO | Training epoch 1782, Batch 1000/1000: LR=3.90e-06, Loss=1.96e-03 BER=7.90e-04 FER=1.38e-02
2025-10-23 09:27:39,096 | INFO | Epoch 1782 Train Time 110.20350694656372s

2025-10-23 09:29:19,267 | INFO | Training epoch 1783, Batch 1000/1000: LR=3.87e-06, Loss=1.92e-03 BER=7.50e-04 FER=1.34e-02
2025-10-23 09:29:19,303 | INFO | Epoch 1783 Train Time 100.20609974861145s

2025-10-23 09:31:07,313 | INFO | Training epoch 1784, Batch 1000/1000: LR=3.85e-06, Loss=1.94e-03 BER=7.85e-04 FER=1.36e-02
2025-10-23 09:31:07,395 | INFO | Epoch 1784 Train Time 108.09056949615479s

2025-10-23 09:32:48,196 | INFO | Training epoch 1785, Batch 1000/1000: LR=3.82e-06, Loss=2.00e-03 BER=8.06e-04 FER=1.39e-02
2025-10-23 09:32:48,281 | INFO | Epoch 1785 Train Time 100.8845751285553s

2025-10-23 09:34:27,386 | INFO | Training epoch 1786, Batch 1000/1000: LR=3.80e-06, Loss=2.05e-03 BER=8.20e-04 FER=1.43e-02
2025-10-23 09:34:27,452 | INFO | Epoch 1786 Train Time 99.16869163513184s

2025-10-23 09:36:05,178 | INFO | Training epoch 1787, Batch 1000/1000: LR=3.77e-06, Loss=2.01e-03 BER=7.97e-04 FER=1.37e-02
2025-10-23 09:36:05,254 | INFO | Epoch 1787 Train Time 97.80121326446533s

2025-10-23 09:37:50,272 | INFO | Training epoch 1788, Batch 1000/1000: LR=3.74e-06, Loss=1.90e-03 BER=7.57e-04 FER=1.32e-02
2025-10-23 09:37:50,350 | INFO | Epoch 1788 Train Time 105.09435224533081s

2025-10-23 09:39:29,802 | INFO | Training epoch 1789, Batch 1000/1000: LR=3.72e-06, Loss=1.87e-03 BER=7.43e-04 FER=1.31e-02
2025-10-23 09:39:29,864 | INFO | Epoch 1789 Train Time 99.5117084980011s

2025-10-23 09:41:03,654 | INFO | Training epoch 1790, Batch 1000/1000: LR=3.69e-06, Loss=1.94e-03 BER=7.70e-04 FER=1.35e-02
2025-10-23 09:41:03,706 | INFO | Epoch 1790 Train Time 93.84130501747131s

2025-10-23 09:42:43,486 | INFO | Training epoch 1791, Batch 1000/1000: LR=3.67e-06, Loss=1.93e-03 BER=7.67e-04 FER=1.32e-02
2025-10-23 09:42:43,560 | INFO | Epoch 1791 Train Time 99.85287284851074s

2025-10-23 09:44:19,846 | INFO | Training epoch 1792, Batch 1000/1000: LR=3.64e-06, Loss=1.95e-03 BER=7.76e-04 FER=1.34e-02
2025-10-23 09:44:19,910 | INFO | Epoch 1792 Train Time 96.34819412231445s

2025-10-23 09:46:01,938 | INFO | Training epoch 1793, Batch 1000/1000: LR=3.62e-06, Loss=1.89e-03 BER=7.54e-04 FER=1.32e-02
2025-10-23 09:46:01,997 | INFO | Epoch 1793 Train Time 102.08563709259033s

2025-10-23 09:47:39,967 | INFO | Training epoch 1794, Batch 1000/1000: LR=3.59e-06, Loss=1.88e-03 BER=7.52e-04 FER=1.29e-02
2025-10-23 09:47:40,040 | INFO | Epoch 1794 Train Time 98.04161357879639s

2025-10-23 09:49:25,212 | INFO | Training epoch 1795, Batch 1000/1000: LR=3.57e-06, Loss=2.03e-03 BER=8.12e-04 FER=1.41e-02
2025-10-23 09:49:25,262 | INFO | Epoch 1795 Train Time 105.21991086006165s

2025-10-23 09:51:03,629 | INFO | Training epoch 1796, Batch 1000/1000: LR=3.54e-06, Loss=2.03e-03 BER=8.13e-04 FER=1.41e-02
2025-10-23 09:51:03,693 | INFO | Epoch 1796 Train Time 98.42943239212036s

2025-10-23 09:52:43,980 | INFO | Training epoch 1797, Batch 1000/1000: LR=3.52e-06, Loss=1.93e-03 BER=7.69e-04 FER=1.35e-02
2025-10-23 09:52:44,017 | INFO | Epoch 1797 Train Time 100.32284688949585s

2025-10-23 09:54:24,081 | INFO | Training epoch 1798, Batch 1000/1000: LR=3.50e-06, Loss=2.05e-03 BER=8.26e-04 FER=1.42e-02
2025-10-23 09:54:24,146 | INFO | Epoch 1798 Train Time 100.12793183326721s

2025-10-23 09:56:07,216 | INFO | Training epoch 1799, Batch 1000/1000: LR=3.47e-06, Loss=1.85e-03 BER=7.40e-04 FER=1.30e-02
2025-10-23 09:56:07,282 | INFO | Epoch 1799 Train Time 103.1346333026886s

2025-10-23 09:57:50,731 | INFO | Training epoch 1800, Batch 1000/1000: LR=3.45e-06, Loss=1.96e-03 BER=7.82e-04 FER=1.33e-02
2025-10-23 09:57:50,793 | INFO | Epoch 1800 Train Time 103.51080775260925s

2025-10-23 09:59:25,879 | INFO | Training epoch 1801, Batch 1000/1000: LR=3.42e-06, Loss=1.89e-03 BER=7.62e-04 FER=1.32e-02
2025-10-23 09:59:25,959 | INFO | Epoch 1801 Train Time 95.16490125656128s

2025-10-23 10:01:01,038 | INFO | Training epoch 1802, Batch 1000/1000: LR=3.40e-06, Loss=1.93e-03 BER=7.66e-04 FER=1.35e-02
2025-10-23 10:01:01,092 | INFO | Epoch 1802 Train Time 95.1310293674469s

2025-10-23 10:02:44,523 | INFO | Training epoch 1803, Batch 1000/1000: LR=3.37e-06, Loss=2.02e-03 BER=8.02e-04 FER=1.38e-02
2025-10-23 10:02:44,582 | INFO | Epoch 1803 Train Time 103.48795247077942s

2025-10-23 10:04:30,911 | INFO | Training epoch 1804, Batch 1000/1000: LR=3.35e-06, Loss=1.99e-03 BER=7.88e-04 FER=1.38e-02
2025-10-23 10:04:30,961 | INFO | Epoch 1804 Train Time 106.37828779220581s

2025-10-23 10:06:14,418 | INFO | Training epoch 1805, Batch 1000/1000: LR=3.33e-06, Loss=1.93e-03 BER=7.79e-04 FER=1.34e-02
2025-10-23 10:06:14,487 | INFO | Epoch 1805 Train Time 103.52500414848328s

2025-10-23 10:07:56,901 | INFO | Training epoch 1806, Batch 1000/1000: LR=3.30e-06, Loss=2.01e-03 BER=8.01e-04 FER=1.37e-02
2025-10-23 10:07:56,961 | INFO | Epoch 1806 Train Time 102.47226333618164s

2025-10-23 10:09:39,554 | INFO | Training epoch 1807, Batch 1000/1000: LR=3.28e-06, Loss=1.79e-03 BER=7.08e-04 FER=1.23e-02
2025-10-23 10:09:39,604 | INFO | Epoch 1807 Train Time 102.64248514175415s

2025-10-23 10:09:39,605 | INFO | [P2] saving best_model (QAT) with loss 0.001792 at epoch 1807
2025-10-23 10:11:22,614 | INFO | Training epoch 1808, Batch 1000/1000: LR=3.26e-06, Loss=1.90e-03 BER=7.57e-04 FER=1.32e-02
2025-10-23 10:11:22,676 | INFO | Epoch 1808 Train Time 102.98003125190735s

2025-10-23 10:13:02,091 | INFO | Training epoch 1809, Batch 1000/1000: LR=3.23e-06, Loss=1.92e-03 BER=7.67e-04 FER=1.33e-02
2025-10-23 10:13:02,155 | INFO | Epoch 1809 Train Time 99.47799921035767s

2025-10-23 10:14:48,687 | INFO | Training epoch 1810, Batch 1000/1000: LR=3.21e-06, Loss=1.90e-03 BER=7.50e-04 FER=1.29e-02
2025-10-23 10:14:48,765 | INFO | Epoch 1810 Train Time 106.60830783843994s

2025-10-23 10:16:34,185 | INFO | Training epoch 1811, Batch 1000/1000: LR=3.19e-06, Loss=1.86e-03 BER=7.47e-04 FER=1.29e-02
2025-10-23 10:16:34,253 | INFO | Epoch 1811 Train Time 105.48578000068665s

2025-10-23 10:18:12,696 | INFO | Training epoch 1812, Batch 1000/1000: LR=3.17e-06, Loss=1.97e-03 BER=7.86e-04 FER=1.35e-02
2025-10-23 10:18:12,758 | INFO | Epoch 1812 Train Time 98.50446891784668s

2025-10-23 10:19:49,391 | INFO | Training epoch 1813, Batch 1000/1000: LR=3.14e-06, Loss=1.95e-03 BER=7.86e-04 FER=1.35e-02
2025-10-23 10:19:49,443 | INFO | Epoch 1813 Train Time 96.68269753456116s

2025-10-23 10:21:22,718 | INFO | Training epoch 1814, Batch 1000/1000: LR=3.12e-06, Loss=1.89e-03 BER=7.60e-04 FER=1.32e-02
2025-10-23 10:21:22,794 | INFO | Epoch 1814 Train Time 93.34953761100769s

2025-10-23 10:23:07,062 | INFO | Training epoch 1815, Batch 1000/1000: LR=3.10e-06, Loss=1.95e-03 BER=7.75e-04 FER=1.35e-02
2025-10-23 10:23:07,119 | INFO | Epoch 1815 Train Time 104.32329797744751s

2025-10-23 10:24:46,153 | INFO | Training epoch 1816, Batch 1000/1000: LR=3.08e-06, Loss=1.96e-03 BER=7.93e-04 FER=1.37e-02
2025-10-23 10:24:46,216 | INFO | Epoch 1816 Train Time 99.09498333930969s

2025-10-23 10:26:27,264 | INFO | Training epoch 1817, Batch 1000/1000: LR=3.05e-06, Loss=1.86e-03 BER=7.46e-04 FER=1.32e-02
2025-10-23 10:26:27,345 | INFO | Epoch 1817 Train Time 101.12744069099426s

2025-10-23 10:28:03,585 | INFO | Training epoch 1818, Batch 1000/1000: LR=3.03e-06, Loss=2.01e-03 BER=7.92e-04 FER=1.38e-02
2025-10-23 10:28:03,646 | INFO | Epoch 1818 Train Time 96.29853892326355s

2025-10-23 10:29:52,386 | INFO | Training epoch 1819, Batch 1000/1000: LR=3.01e-06, Loss=1.96e-03 BER=7.84e-04 FER=1.35e-02
2025-10-23 10:29:52,450 | INFO | Epoch 1819 Train Time 108.80378746986389s

2025-10-23 10:31:36,312 | INFO | Training epoch 1820, Batch 1000/1000: LR=2.99e-06, Loss=1.89e-03 BER=7.57e-04 FER=1.35e-02
2025-10-23 10:31:36,354 | INFO | Epoch 1820 Train Time 103.90234017372131s

2025-10-23 10:33:11,467 | INFO | Training epoch 1821, Batch 1000/1000: LR=2.97e-06, Loss=1.93e-03 BER=7.72e-04 FER=1.35e-02
2025-10-23 10:33:11,557 | INFO | Epoch 1821 Train Time 95.20155835151672s

2025-10-23 10:34:55,934 | INFO | Training epoch 1822, Batch 1000/1000: LR=2.94e-06, Loss=1.84e-03 BER=7.40e-04 FER=1.30e-02
2025-10-23 10:34:56,001 | INFO | Epoch 1822 Train Time 104.44288039207458s

2025-10-23 10:36:33,584 | INFO | Training epoch 1823, Batch 1000/1000: LR=2.92e-06, Loss=2.02e-03 BER=8.09e-04 FER=1.38e-02
2025-10-23 10:36:33,649 | INFO | Epoch 1823 Train Time 97.64603638648987s

2025-10-23 10:38:16,130 | INFO | Training epoch 1824, Batch 1000/1000: LR=2.90e-06, Loss=1.90e-03 BER=7.63e-04 FER=1.32e-02
2025-10-23 10:38:16,198 | INFO | Epoch 1824 Train Time 102.54803943634033s

2025-10-23 10:39:55,009 | INFO | Training epoch 1825, Batch 1000/1000: LR=2.88e-06, Loss=2.01e-03 BER=8.10e-04 FER=1.39e-02
2025-10-23 10:39:55,058 | INFO | Epoch 1825 Train Time 98.85749220848083s

2025-10-23 10:41:32,188 | INFO | Training epoch 1826, Batch 1000/1000: LR=2.86e-06, Loss=1.96e-03 BER=7.85e-04 FER=1.36e-02
2025-10-23 10:41:32,246 | INFO | Epoch 1826 Train Time 97.18673968315125s

2025-10-23 10:43:03,586 | INFO | Training epoch 1827, Batch 1000/1000: LR=2.84e-06, Loss=1.92e-03 BER=7.73e-04 FER=1.32e-02
2025-10-23 10:43:03,661 | INFO | Epoch 1827 Train Time 91.41417789459229s

2025-10-23 10:44:40,651 | INFO | Training epoch 1828, Batch 1000/1000: LR=2.82e-06, Loss=1.90e-03 BER=7.52e-04 FER=1.30e-02
2025-10-23 10:44:40,716 | INFO | Epoch 1828 Train Time 97.05412411689758s

2025-10-23 10:46:23,806 | INFO | Training epoch 1829, Batch 1000/1000: LR=2.80e-06, Loss=1.93e-03 BER=7.79e-04 FER=1.34e-02
2025-10-23 10:46:23,877 | INFO | Epoch 1829 Train Time 103.15896677970886s

2025-10-23 10:48:02,452 | INFO | Training epoch 1830, Batch 1000/1000: LR=2.77e-06, Loss=1.98e-03 BER=7.92e-04 FER=1.38e-02
2025-10-23 10:48:02,530 | INFO | Epoch 1830 Train Time 98.6512200832367s

2025-10-23 10:49:45,066 | INFO | Training epoch 1831, Batch 1000/1000: LR=2.75e-06, Loss=1.99e-03 BER=7.92e-04 FER=1.36e-02
2025-10-23 10:49:45,123 | INFO | Epoch 1831 Train Time 102.59030175209045s

2025-10-23 10:51:28,009 | INFO | Training epoch 1832, Batch 1000/1000: LR=2.73e-06, Loss=1.84e-03 BER=7.43e-04 FER=1.29e-02
2025-10-23 10:51:28,059 | INFO | Epoch 1832 Train Time 102.93435573577881s

2025-10-23 10:53:04,944 | INFO | Training epoch 1833, Batch 1000/1000: LR=2.71e-06, Loss=1.92e-03 BER=7.75e-04 FER=1.34e-02
2025-10-23 10:53:05,000 | INFO | Epoch 1833 Train Time 96.93948721885681s

2025-10-23 10:54:42,091 | INFO | Training epoch 1834, Batch 1000/1000: LR=2.69e-06, Loss=1.93e-03 BER=7.76e-04 FER=1.33e-02
2025-10-23 10:54:42,152 | INFO | Epoch 1834 Train Time 97.15144085884094s

2025-10-23 10:56:21,210 | INFO | Training epoch 1835, Batch 1000/1000: LR=2.67e-06, Loss=1.93e-03 BER=7.65e-04 FER=1.33e-02
2025-10-23 10:56:21,301 | INFO | Epoch 1835 Train Time 99.14762139320374s

2025-10-23 10:58:06,421 | INFO | Training epoch 1836, Batch 1000/1000: LR=2.65e-06, Loss=1.94e-03 BER=7.68e-04 FER=1.33e-02
2025-10-23 10:58:06,477 | INFO | Epoch 1836 Train Time 105.17514514923096s

2025-10-23 10:59:47,787 | INFO | Training epoch 1837, Batch 1000/1000: LR=2.63e-06, Loss=1.90e-03 BER=7.62e-04 FER=1.32e-02
2025-10-23 10:59:47,852 | INFO | Epoch 1837 Train Time 101.37394618988037s

2025-10-23 11:01:28,061 | INFO | Training epoch 1838, Batch 1000/1000: LR=2.61e-06, Loss=1.90e-03 BER=7.52e-04 FER=1.32e-02
2025-10-23 11:01:28,120 | INFO | Epoch 1838 Train Time 100.26518607139587s

2025-10-23 11:03:08,221 | INFO | Training epoch 1839, Batch 1000/1000: LR=2.59e-06, Loss=1.94e-03 BER=7.75e-04 FER=1.33e-02
2025-10-23 11:03:08,284 | INFO | Epoch 1839 Train Time 100.16295552253723s

2025-10-23 11:04:49,592 | INFO | Training epoch 1840, Batch 1000/1000: LR=2.57e-06, Loss=1.95e-03 BER=7.74e-04 FER=1.34e-02
2025-10-23 11:04:49,656 | INFO | Epoch 1840 Train Time 101.37094521522522s

2025-10-23 11:06:27,547 | INFO | Training epoch 1841, Batch 1000/1000: LR=2.56e-06, Loss=1.87e-03 BER=7.55e-04 FER=1.30e-02
2025-10-23 11:06:27,614 | INFO | Epoch 1841 Train Time 97.95590877532959s

2025-10-23 11:08:10,687 | INFO | Training epoch 1842, Batch 1000/1000: LR=2.54e-06, Loss=1.89e-03 BER=7.59e-04 FER=1.32e-02
2025-10-23 11:08:10,737 | INFO | Epoch 1842 Train Time 103.1220440864563s

2025-10-23 11:09:45,973 | INFO | Training epoch 1843, Batch 1000/1000: LR=2.52e-06, Loss=1.94e-03 BER=7.67e-04 FER=1.36e-02
2025-10-23 11:09:46,046 | INFO | Epoch 1843 Train Time 95.30781412124634s

2025-10-23 11:11:27,691 | INFO | Training epoch 1844, Batch 1000/1000: LR=2.50e-06, Loss=1.88e-03 BER=7.46e-04 FER=1.28e-02
2025-10-23 11:11:27,753 | INFO | Epoch 1844 Train Time 101.70604848861694s

2025-10-23 11:13:05,520 | INFO | Training epoch 1845, Batch 1000/1000: LR=2.48e-06, Loss=1.96e-03 BER=7.81e-04 FER=1.35e-02
2025-10-23 11:13:05,572 | INFO | Epoch 1845 Train Time 97.81767559051514s

2025-10-23 11:14:51,279 | INFO | Training epoch 1846, Batch 1000/1000: LR=2.46e-06, Loss=2.00e-03 BER=7.98e-04 FER=1.38e-02
2025-10-23 11:14:51,344 | INFO | Epoch 1846 Train Time 105.7703971862793s

2025-10-23 11:16:38,484 | INFO | Training epoch 1847, Batch 1000/1000: LR=2.44e-06, Loss=1.92e-03 BER=7.67e-04 FER=1.33e-02
2025-10-23 11:16:38,548 | INFO | Epoch 1847 Train Time 107.20298147201538s

2025-10-23 11:18:19,287 | INFO | Training epoch 1848, Batch 1000/1000: LR=2.42e-06, Loss=1.95e-03 BER=7.70e-04 FER=1.34e-02
2025-10-23 11:18:19,328 | INFO | Epoch 1848 Train Time 100.77773833274841s

2025-10-23 11:19:56,909 | INFO | Training epoch 1849, Batch 1000/1000: LR=2.40e-06, Loss=1.91e-03 BER=7.65e-04 FER=1.32e-02
2025-10-23 11:19:56,974 | INFO | Epoch 1849 Train Time 97.6439917087555s

2025-10-23 11:21:45,706 | INFO | Training epoch 1850, Batch 1000/1000: LR=2.39e-06, Loss=1.91e-03 BER=7.57e-04 FER=1.31e-02
2025-10-23 11:21:45,786 | INFO | Epoch 1850 Train Time 108.81022000312805s

2025-10-23 11:23:17,781 | INFO | Training epoch 1851, Batch 1000/1000: LR=2.37e-06, Loss=1.90e-03 BER=7.61e-04 FER=1.34e-02
2025-10-23 11:23:17,843 | INFO | Epoch 1851 Train Time 92.05509614944458s

2025-10-23 11:25:05,239 | INFO | Training epoch 1852, Batch 1000/1000: LR=2.35e-06, Loss=1.92e-03 BER=7.71e-04 FER=1.37e-02
2025-10-23 11:25:05,304 | INFO | Epoch 1852 Train Time 107.46047759056091s

2025-10-23 11:26:48,268 | INFO | Training epoch 1853, Batch 1000/1000: LR=2.33e-06, Loss=1.99e-03 BER=7.96e-04 FER=1.36e-02
2025-10-23 11:26:48,349 | INFO | Epoch 1853 Train Time 103.04314017295837s

2025-10-23 11:28:25,894 | INFO | Training epoch 1854, Batch 1000/1000: LR=2.31e-06, Loss=1.98e-03 BER=7.85e-04 FER=1.38e-02
2025-10-23 11:28:25,942 | INFO | Epoch 1854 Train Time 97.59155321121216s

2025-10-23 11:30:08,099 | INFO | Training epoch 1855, Batch 1000/1000: LR=2.30e-06, Loss=1.87e-03 BER=7.46e-04 FER=1.31e-02
2025-10-23 11:30:08,162 | INFO | Epoch 1855 Train Time 102.21948170661926s

2025-10-23 11:31:48,066 | INFO | Training epoch 1856, Batch 1000/1000: LR=2.28e-06, Loss=1.90e-03 BER=7.55e-04 FER=1.32e-02
2025-10-23 11:31:48,131 | INFO | Epoch 1856 Train Time 99.96783375740051s

2025-10-23 11:33:25,584 | INFO | Training epoch 1857, Batch 1000/1000: LR=2.26e-06, Loss=1.91e-03 BER=7.56e-04 FER=1.32e-02
2025-10-23 11:33:25,653 | INFO | Epoch 1857 Train Time 97.5197823047638s

2025-10-23 11:35:05,647 | INFO | Training epoch 1858, Batch 1000/1000: LR=2.24e-06, Loss=1.93e-03 BER=7.60e-04 FER=1.32e-02
2025-10-23 11:35:05,716 | INFO | Epoch 1858 Train Time 100.06160926818848s

2025-10-23 11:36:48,314 | INFO | Training epoch 1859, Batch 1000/1000: LR=2.23e-06, Loss=1.94e-03 BER=7.78e-04 FER=1.35e-02
2025-10-23 11:36:48,362 | INFO | Epoch 1859 Train Time 102.64500832557678s

2025-10-23 11:38:27,851 | INFO | Training epoch 1860, Batch 1000/1000: LR=2.21e-06, Loss=1.93e-03 BER=7.65e-04 FER=1.33e-02
2025-10-23 11:38:27,914 | INFO | Epoch 1860 Train Time 99.549161195755s

2025-10-23 11:40:04,823 | INFO | Training epoch 1861, Batch 1000/1000: LR=2.19e-06, Loss=1.94e-03 BER=7.74e-04 FER=1.33e-02
2025-10-23 11:40:04,874 | INFO | Epoch 1861 Train Time 96.9586615562439s

2025-10-23 11:41:43,591 | INFO | Training epoch 1862, Batch 1000/1000: LR=2.18e-06, Loss=1.99e-03 BER=7.97e-04 FER=1.37e-02
2025-10-23 11:41:43,653 | INFO | Epoch 1862 Train Time 98.77759003639221s

2025-10-23 11:43:18,562 | INFO | Training epoch 1863, Batch 1000/1000: LR=2.16e-06, Loss=1.83e-03 BER=7.28e-04 FER=1.28e-02
2025-10-23 11:43:18,626 | INFO | Epoch 1863 Train Time 94.9714343547821s

2025-10-23 11:44:57,371 | INFO | Training epoch 1864, Batch 1000/1000: LR=2.14e-06, Loss=1.91e-03 BER=7.57e-04 FER=1.32e-02
2025-10-23 11:44:57,443 | INFO | Epoch 1864 Train Time 98.81448483467102s

2025-10-23 11:46:38,499 | INFO | Training epoch 1865, Batch 1000/1000: LR=2.13e-06, Loss=1.91e-03 BER=7.57e-04 FER=1.31e-02
2025-10-23 11:46:38,547 | INFO | Epoch 1865 Train Time 101.10340929031372s

2025-10-23 11:48:18,392 | INFO | Training epoch 1866, Batch 1000/1000: LR=2.11e-06, Loss=1.96e-03 BER=7.84e-04 FER=1.32e-02
2025-10-23 11:48:18,467 | INFO | Epoch 1866 Train Time 99.91755986213684s

2025-10-23 11:49:51,885 | INFO | Training epoch 1867, Batch 1000/1000: LR=2.09e-06, Loss=1.90e-03 BER=7.62e-04 FER=1.32e-02
2025-10-23 11:49:51,950 | INFO | Epoch 1867 Train Time 93.48145580291748s

2025-10-23 11:51:25,231 | INFO | Training epoch 1868, Batch 1000/1000: LR=2.08e-06, Loss=2.02e-03 BER=7.91e-04 FER=1.37e-02
2025-10-23 11:51:25,290 | INFO | Epoch 1868 Train Time 93.33909249305725s

2025-10-23 11:53:05,516 | INFO | Training epoch 1869, Batch 1000/1000: LR=2.06e-06, Loss=1.93e-03 BER=7.80e-04 FER=1.34e-02
2025-10-23 11:53:05,564 | INFO | Epoch 1869 Train Time 100.27236223220825s

2025-10-23 11:54:51,820 | INFO | Training epoch 1870, Batch 1000/1000: LR=2.04e-06, Loss=1.98e-03 BER=7.89e-04 FER=1.37e-02
2025-10-23 11:54:51,872 | INFO | Epoch 1870 Train Time 106.30694770812988s

2025-10-23 11:56:28,482 | INFO | Training epoch 1871, Batch 1000/1000: LR=2.03e-06, Loss=1.97e-03 BER=7.81e-04 FER=1.36e-02
2025-10-23 11:56:28,545 | INFO | Epoch 1871 Train Time 96.6717734336853s

2025-10-23 11:58:11,311 | INFO | Training epoch 1872, Batch 1000/1000: LR=2.01e-06, Loss=1.93e-03 BER=7.59e-04 FER=1.30e-02
2025-10-23 11:58:11,398 | INFO | Epoch 1872 Train Time 102.85221028327942s

2025-10-23 11:59:55,294 | INFO | Training epoch 1873, Batch 1000/1000: LR=2.00e-06, Loss=1.92e-03 BER=7.60e-04 FER=1.34e-02
2025-10-23 11:59:55,350 | INFO | Epoch 1873 Train Time 103.95068740844727s

2025-10-23 12:01:34,692 | INFO | Training epoch 1874, Batch 1000/1000: LR=1.98e-06, Loss=1.94e-03 BER=7.79e-04 FER=1.33e-02
2025-10-23 12:01:34,730 | INFO | Epoch 1874 Train Time 99.37668085098267s

2025-10-23 12:03:12,469 | INFO | Training epoch 1875, Batch 1000/1000: LR=1.97e-06, Loss=2.04e-03 BER=8.17e-04 FER=1.40e-02
2025-10-23 12:03:12,546 | INFO | Epoch 1875 Train Time 97.81541228294373s

2025-10-23 12:04:55,693 | INFO | Training epoch 1876, Batch 1000/1000: LR=1.95e-06, Loss=1.98e-03 BER=7.93e-04 FER=1.37e-02
2025-10-23 12:04:55,755 | INFO | Epoch 1876 Train Time 103.20653200149536s

2025-10-23 12:06:35,996 | INFO | Training epoch 1877, Batch 1000/1000: LR=1.94e-06, Loss=1.94e-03 BER=7.88e-04 FER=1.34e-02
2025-10-23 12:06:36,075 | INFO | Epoch 1877 Train Time 100.31878733634949s

2025-10-23 12:08:17,622 | INFO | Training epoch 1878, Batch 1000/1000: LR=1.92e-06, Loss=1.91e-03 BER=7.59e-04 FER=1.31e-02
2025-10-23 12:08:17,681 | INFO | Epoch 1878 Train Time 101.6033148765564s

2025-10-23 12:09:55,656 | INFO | Training epoch 1879, Batch 1000/1000: LR=1.91e-06, Loss=1.99e-03 BER=8.01e-04 FER=1.35e-02
2025-10-23 12:09:55,725 | INFO | Epoch 1879 Train Time 98.04288744926453s

2025-10-23 12:11:39,964 | INFO | Training epoch 1880, Batch 1000/1000: LR=1.89e-06, Loss=1.95e-03 BER=7.86e-04 FER=1.36e-02
2025-10-23 12:11:40,049 | INFO | Epoch 1880 Train Time 104.32155537605286s

2025-10-23 12:13:22,152 | INFO | Training epoch 1881, Batch 1000/1000: LR=1.88e-06, Loss=1.88e-03 BER=7.52e-04 FER=1.29e-02
2025-10-23 12:13:22,227 | INFO | Epoch 1881 Train Time 102.17666912078857s

2025-10-23 12:15:05,750 | INFO | Training epoch 1882, Batch 1000/1000: LR=1.86e-06, Loss=1.97e-03 BER=7.96e-04 FER=1.37e-02
2025-10-23 12:15:05,815 | INFO | Epoch 1882 Train Time 103.58420729637146s

2025-10-23 12:16:43,329 | INFO | Training epoch 1883, Batch 1000/1000: LR=1.85e-06, Loss=1.87e-03 BER=7.49e-04 FER=1.30e-02
2025-10-23 12:16:43,374 | INFO | Epoch 1883 Train Time 97.55772948265076s

2025-10-23 12:18:27,713 | INFO | Training epoch 1884, Batch 1000/1000: LR=1.83e-06, Loss=1.95e-03 BER=7.88e-04 FER=1.35e-02
2025-10-23 12:18:27,807 | INFO | Epoch 1884 Train Time 104.43162679672241s

2025-10-23 12:20:11,509 | INFO | Training epoch 1885, Batch 1000/1000: LR=1.82e-06, Loss=2.01e-03 BER=8.01e-04 FER=1.37e-02
2025-10-23 12:20:11,549 | INFO | Epoch 1885 Train Time 103.73899602890015s

2025-10-23 12:21:50,308 | INFO | Training epoch 1886, Batch 1000/1000: LR=1.81e-06, Loss=1.98e-03 BER=8.03e-04 FER=1.36e-02
2025-10-23 12:21:50,378 | INFO | Epoch 1886 Train Time 98.82744479179382s

2025-10-23 12:23:30,961 | INFO | Training epoch 1887, Batch 1000/1000: LR=1.79e-06, Loss=1.98e-03 BER=7.91e-04 FER=1.37e-02
2025-10-23 12:23:31,052 | INFO | Epoch 1887 Train Time 100.67241144180298s

2025-10-23 12:25:16,784 | INFO | Training epoch 1888, Batch 1000/1000: LR=1.78e-06, Loss=1.85e-03 BER=7.46e-04 FER=1.30e-02
2025-10-23 12:25:16,853 | INFO | Epoch 1888 Train Time 105.79897117614746s

2025-10-23 12:26:56,042 | INFO | Training epoch 1889, Batch 1000/1000: LR=1.76e-06, Loss=1.84e-03 BER=7.36e-04 FER=1.30e-02
2025-10-23 12:26:56,092 | INFO | Epoch 1889 Train Time 99.23750948905945s

2025-10-23 12:28:39,356 | INFO | Training epoch 1890, Batch 1000/1000: LR=1.75e-06, Loss=2.04e-03 BER=8.17e-04 FER=1.40e-02
2025-10-23 12:28:39,434 | INFO | Epoch 1890 Train Time 103.3399269580841s

2025-10-23 12:30:15,243 | INFO | Training epoch 1891, Batch 1000/1000: LR=1.74e-06, Loss=1.91e-03 BER=7.61e-04 FER=1.31e-02
2025-10-23 12:30:15,314 | INFO | Epoch 1891 Train Time 95.87711668014526s

2025-10-23 12:31:51,482 | INFO | Training epoch 1892, Batch 1000/1000: LR=1.72e-06, Loss=1.84e-03 BER=7.30e-04 FER=1.29e-02
2025-10-23 12:31:51,542 | INFO | Epoch 1892 Train Time 96.22702026367188s

2025-10-23 12:33:33,812 | INFO | Training epoch 1893, Batch 1000/1000: LR=1.71e-06, Loss=1.92e-03 BER=7.54e-04 FER=1.32e-02
2025-10-23 12:33:33,905 | INFO | Epoch 1893 Train Time 102.36156821250916s

2025-10-23 12:35:14,430 | INFO | Training epoch 1894, Batch 1000/1000: LR=1.70e-06, Loss=1.93e-03 BER=7.75e-04 FER=1.32e-02
2025-10-23 12:35:14,501 | INFO | Epoch 1894 Train Time 100.59253859519958s

2025-10-23 12:36:56,407 | INFO | Training epoch 1895, Batch 1000/1000: LR=1.68e-06, Loss=1.89e-03 BER=7.53e-04 FER=1.29e-02
2025-10-23 12:36:56,473 | INFO | Epoch 1895 Train Time 101.97134828567505s

2025-10-23 12:38:36,907 | INFO | Training epoch 1896, Batch 1000/1000: LR=1.67e-06, Loss=1.83e-03 BER=7.29e-04 FER=1.27e-02
2025-10-23 12:38:36,987 | INFO | Epoch 1896 Train Time 100.51224780082703s

2025-10-23 12:40:14,347 | INFO | Training epoch 1897, Batch 1000/1000: LR=1.66e-06, Loss=1.91e-03 BER=7.68e-04 FER=1.34e-02
2025-10-23 12:40:14,418 | INFO | Epoch 1897 Train Time 97.42999935150146s

2025-10-23 12:41:52,771 | INFO | Training epoch 1898, Batch 1000/1000: LR=1.65e-06, Loss=1.90e-03 BER=7.60e-04 FER=1.33e-02
2025-10-23 12:41:52,856 | INFO | Epoch 1898 Train Time 98.43612837791443s

2025-10-23 12:43:28,096 | INFO | Training epoch 1899, Batch 1000/1000: LR=1.63e-06, Loss=1.98e-03 BER=7.86e-04 FER=1.32e-02
2025-10-23 12:43:28,144 | INFO | Epoch 1899 Train Time 95.28701496124268s

2025-10-23 12:45:07,231 | INFO | Training epoch 1900, Batch 1000/1000: LR=1.62e-06, Loss=1.93e-03 BER=7.79e-04 FER=1.35e-02
2025-10-23 12:45:07,277 | INFO | Epoch 1900 Train Time 99.13202428817749s

2025-10-23 12:46:42,138 | INFO | Training epoch 1901, Batch 1000/1000: LR=1.61e-06, Loss=1.87e-03 BER=7.41e-04 FER=1.30e-02
2025-10-23 12:46:42,212 | INFO | Epoch 1901 Train Time 94.93346333503723s

2025-10-23 12:48:25,123 | INFO | Training epoch 1902, Batch 1000/1000: LR=1.60e-06, Loss=1.84e-03 BER=7.37e-04 FER=1.27e-02
2025-10-23 12:48:25,181 | INFO | Epoch 1902 Train Time 102.96680331230164s

2025-10-23 12:50:08,185 | INFO | Training epoch 1903, Batch 1000/1000: LR=1.59e-06, Loss=1.99e-03 BER=7.99e-04 FER=1.38e-02
2025-10-23 12:50:08,241 | INFO | Epoch 1903 Train Time 103.05937314033508s

2025-10-23 12:51:52,503 | INFO | Training epoch 1904, Batch 1000/1000: LR=1.57e-06, Loss=1.94e-03 BER=7.87e-04 FER=1.34e-02
2025-10-23 12:51:52,600 | INFO | Epoch 1904 Train Time 104.35831356048584s

2025-10-23 12:53:36,734 | INFO | Training epoch 1905, Batch 1000/1000: LR=1.56e-06, Loss=1.92e-03 BER=7.67e-04 FER=1.33e-02
2025-10-23 12:53:36,794 | INFO | Epoch 1905 Train Time 104.19120359420776s

2025-10-23 12:55:16,810 | INFO | Training epoch 1906, Batch 1000/1000: LR=1.55e-06, Loss=1.82e-03 BER=7.25e-04 FER=1.26e-02
2025-10-23 12:55:16,867 | INFO | Epoch 1906 Train Time 100.0708417892456s

2025-10-23 12:56:58,925 | INFO | Training epoch 1907, Batch 1000/1000: LR=1.54e-06, Loss=1.76e-03 BER=6.85e-04 FER=1.24e-02
2025-10-23 12:56:59,001 | INFO | Epoch 1907 Train Time 102.13270854949951s

2025-10-23 12:56:59,001 | INFO | [P2] saving best_model (QAT) with loss 0.001760 at epoch 1907
2025-10-23 12:58:43,306 | INFO | Training epoch 1908, Batch 1000/1000: LR=1.53e-06, Loss=1.97e-03 BER=7.86e-04 FER=1.37e-02
2025-10-23 12:58:43,370 | INFO | Epoch 1908 Train Time 104.2600953578949s

2025-10-23 13:00:35,294 | INFO | Training epoch 1909, Batch 1000/1000: LR=1.52e-06, Loss=1.96e-03 BER=7.84e-04 FER=1.35e-02
2025-10-23 13:00:35,357 | INFO | Epoch 1909 Train Time 111.98554134368896s

2025-10-23 13:02:14,559 | INFO | Training epoch 1910, Batch 1000/1000: LR=1.50e-06, Loss=1.89e-03 BER=7.52e-04 FER=1.32e-02
2025-10-23 13:02:14,649 | INFO | Epoch 1910 Train Time 99.29131150245667s

2025-10-23 13:03:52,683 | INFO | Training epoch 1911, Batch 1000/1000: LR=1.49e-06, Loss=1.84e-03 BER=7.27e-04 FER=1.26e-02
2025-10-23 13:03:52,739 | INFO | Epoch 1911 Train Time 98.08818912506104s

2025-10-23 13:05:35,764 | INFO | Training epoch 1912, Batch 1000/1000: LR=1.48e-06, Loss=1.89e-03 BER=7.53e-04 FER=1.33e-02
2025-10-23 13:05:35,811 | INFO | Epoch 1912 Train Time 103.07073187828064s

2025-10-23 13:07:19,031 | INFO | Training epoch 1913, Batch 1000/1000: LR=1.47e-06, Loss=1.93e-03 BER=7.78e-04 FER=1.34e-02
2025-10-23 13:07:19,099 | INFO | Epoch 1913 Train Time 103.28715252876282s

2025-10-23 13:09:03,291 | INFO | Training epoch 1914, Batch 1000/1000: LR=1.46e-06, Loss=1.89e-03 BER=7.58e-04 FER=1.31e-02
2025-10-23 13:09:03,365 | INFO | Epoch 1914 Train Time 104.26478028297424s

2025-10-23 13:10:43,997 | INFO | Training epoch 1915, Batch 1000/1000: LR=1.45e-06, Loss=1.90e-03 BER=7.67e-04 FER=1.34e-02
2025-10-23 13:10:44,068 | INFO | Epoch 1915 Train Time 100.69967532157898s

2025-10-23 13:12:23,006 | INFO | Training epoch 1916, Batch 1000/1000: LR=1.44e-06, Loss=1.82e-03 BER=7.26e-04 FER=1.26e-02
2025-10-23 13:12:23,057 | INFO | Epoch 1916 Train Time 98.98625373840332s

2025-10-23 13:14:03,378 | INFO | Training epoch 1917, Batch 1000/1000: LR=1.43e-06, Loss=1.97e-03 BER=7.84e-04 FER=1.36e-02
2025-10-23 13:14:03,443 | INFO | Epoch 1917 Train Time 100.38569664955139s

2025-10-23 13:15:43,090 | INFO | Training epoch 1918, Batch 1000/1000: LR=1.42e-06, Loss=1.95e-03 BER=7.80e-04 FER=1.36e-02
2025-10-23 13:15:43,157 | INFO | Epoch 1918 Train Time 99.71208357810974s

2025-10-23 13:17:21,160 | INFO | Training epoch 1919, Batch 1000/1000: LR=1.41e-06, Loss=1.88e-03 BER=7.54e-04 FER=1.29e-02
2025-10-23 13:17:21,213 | INFO | Epoch 1919 Train Time 98.0551323890686s

2025-10-23 13:18:52,887 | INFO | Training epoch 1920, Batch 1000/1000: LR=1.40e-06, Loss=1.95e-03 BER=7.82e-04 FER=1.35e-02
2025-10-23 13:18:52,948 | INFO | Epoch 1920 Train Time 91.73357248306274s

2025-10-23 13:20:37,800 | INFO | Training epoch 1921, Batch 1000/1000: LR=1.39e-06, Loss=1.90e-03 BER=7.61e-04 FER=1.30e-02
2025-10-23 13:20:37,855 | INFO | Epoch 1921 Train Time 104.90567326545715s

2025-10-23 13:22:21,414 | INFO | Training epoch 1922, Batch 1000/1000: LR=1.38e-06, Loss=1.88e-03 BER=7.53e-04 FER=1.30e-02
2025-10-23 13:22:21,469 | INFO | Epoch 1922 Train Time 103.61246585845947s

2025-10-23 13:24:12,163 | INFO | Training epoch 1923, Batch 1000/1000: LR=1.37e-06, Loss=1.90e-03 BER=7.62e-04 FER=1.30e-02
2025-10-23 13:24:12,206 | INFO | Epoch 1923 Train Time 110.73578310012817s

2025-10-23 13:25:55,605 | INFO | Training epoch 1924, Batch 1000/1000: LR=1.36e-06, Loss=1.88e-03 BER=7.57e-04 FER=1.31e-02
2025-10-23 13:25:55,679 | INFO | Epoch 1924 Train Time 103.47166180610657s

2025-10-23 13:27:39,425 | INFO | Training epoch 1925, Batch 1000/1000: LR=1.35e-06, Loss=1.84e-03 BER=7.40e-04 FER=1.29e-02
2025-10-23 13:27:39,485 | INFO | Epoch 1925 Train Time 103.80332827568054s

2025-10-23 13:29:16,340 | INFO | Training epoch 1926, Batch 1000/1000: LR=1.34e-06, Loss=1.94e-03 BER=7.76e-04 FER=1.36e-02
2025-10-23 13:29:16,407 | INFO | Epoch 1926 Train Time 96.9212019443512s

2025-10-23 13:30:56,135 | INFO | Training epoch 1927, Batch 1000/1000: LR=1.33e-06, Loss=1.91e-03 BER=7.67e-04 FER=1.30e-02
2025-10-23 13:30:56,201 | INFO | Epoch 1927 Train Time 99.79154944419861s

2025-10-23 13:32:30,481 | INFO | Training epoch 1928, Batch 1000/1000: LR=1.33e-06, Loss=2.07e-03 BER=8.20e-04 FER=1.44e-02
2025-10-23 13:32:30,569 | INFO | Epoch 1928 Train Time 94.36641812324524s

2025-10-23 13:34:18,909 | INFO | Training epoch 1929, Batch 1000/1000: LR=1.32e-06, Loss=1.89e-03 BER=7.47e-04 FER=1.31e-02
2025-10-23 13:34:18,983 | INFO | Epoch 1929 Train Time 108.41183280944824s

2025-10-23 13:36:06,904 | INFO | Training epoch 1930, Batch 1000/1000: LR=1.31e-06, Loss=1.91e-03 BER=7.66e-04 FER=1.31e-02
2025-10-23 13:36:06,995 | INFO | Epoch 1930 Train Time 108.01013660430908s

2025-10-23 13:37:46,306 | INFO | Training epoch 1931, Batch 1000/1000: LR=1.30e-06, Loss=1.92e-03 BER=7.69e-04 FER=1.33e-02
2025-10-23 13:37:46,370 | INFO | Epoch 1931 Train Time 99.37274122238159s

2025-10-23 13:39:21,750 | INFO | Training epoch 1932, Batch 1000/1000: LR=1.29e-06, Loss=1.95e-03 BER=7.81e-04 FER=1.34e-02
2025-10-23 13:39:21,801 | INFO | Epoch 1932 Train Time 95.42939591407776s

2025-10-23 13:41:32,543 | INFO | Training epoch 1933, Batch 1000/1000: LR=1.28e-06, Loss=1.97e-03 BER=7.94e-04 FER=1.38e-02
2025-10-23 13:41:32,587 | INFO | Epoch 1933 Train Time 130.7841935157776s

2025-10-23 13:43:21,475 | INFO | Training epoch 1934, Batch 1000/1000: LR=1.27e-06, Loss=2.02e-03 BER=8.18e-04 FER=1.39e-02
2025-10-23 13:43:21,521 | INFO | Epoch 1934 Train Time 108.93161463737488s

2025-10-23 13:45:06,752 | INFO | Training epoch 1935, Batch 1000/1000: LR=1.27e-06, Loss=1.89e-03 BER=7.62e-04 FER=1.32e-02
2025-10-23 13:45:06,809 | INFO | Epoch 1935 Train Time 105.28653883934021s

2025-10-23 13:46:49,748 | INFO | Training epoch 1936, Batch 1000/1000: LR=1.26e-06, Loss=2.00e-03 BER=8.10e-04 FER=1.40e-02
2025-10-23 13:46:49,838 | INFO | Epoch 1936 Train Time 103.02878451347351s

2025-10-23 13:48:32,095 | INFO | Training epoch 1937, Batch 1000/1000: LR=1.25e-06, Loss=1.94e-03 BER=7.73e-04 FER=1.34e-02
2025-10-23 13:48:32,165 | INFO | Epoch 1937 Train Time 102.32457089424133s

2025-10-23 13:50:36,365 | INFO | Training epoch 1938, Batch 1000/1000: LR=1.24e-06, Loss=2.01e-03 BER=8.03e-04 FER=1.40e-02
2025-10-23 13:50:36,429 | INFO | Epoch 1938 Train Time 124.26138615608215s

2025-10-23 13:52:28,434 | INFO | Training epoch 1939, Batch 1000/1000: LR=1.23e-06, Loss=1.98e-03 BER=7.99e-04 FER=1.38e-02
2025-10-23 13:52:28,492 | INFO | Epoch 1939 Train Time 112.06173610687256s

2025-10-23 13:54:10,619 | INFO | Training epoch 1940, Batch 1000/1000: LR=1.23e-06, Loss=1.87e-03 BER=7.50e-04 FER=1.30e-02
2025-10-23 13:54:10,682 | INFO | Epoch 1940 Train Time 102.18852400779724s

2025-10-23 13:55:59,996 | INFO | Training epoch 1941, Batch 1000/1000: LR=1.22e-06, Loss=1.94e-03 BER=7.70e-04 FER=1.35e-02
2025-10-23 13:56:00,081 | INFO | Epoch 1941 Train Time 109.39659595489502s

2025-10-23 13:57:37,814 | INFO | Training epoch 1942, Batch 1000/1000: LR=1.21e-06, Loss=1.84e-03 BER=7.40e-04 FER=1.28e-02
2025-10-23 13:57:37,876 | INFO | Epoch 1942 Train Time 97.79405093193054s

2025-10-23 13:59:18,904 | INFO | Training epoch 1943, Batch 1000/1000: LR=1.21e-06, Loss=1.95e-03 BER=7.78e-04 FER=1.33e-02
2025-10-23 13:59:18,948 | INFO | Epoch 1943 Train Time 101.06971979141235s

2025-10-23 14:00:59,810 | INFO | Training epoch 1944, Batch 1000/1000: LR=1.20e-06, Loss=1.87e-03 BER=7.49e-04 FER=1.30e-02
2025-10-23 14:00:59,886 | INFO | Epoch 1944 Train Time 100.93722081184387s

2025-10-23 14:02:40,413 | INFO | Training epoch 1945, Batch 1000/1000: LR=1.19e-06, Loss=1.90e-03 BER=7.62e-04 FER=1.33e-02
2025-10-23 14:02:40,477 | INFO | Epoch 1945 Train Time 100.58939790725708s

2025-10-23 14:04:22,625 | INFO | Training epoch 1946, Batch 1000/1000: LR=1.18e-06, Loss=1.91e-03 BER=7.66e-04 FER=1.33e-02
2025-10-23 14:04:22,665 | INFO | Epoch 1946 Train Time 102.18627381324768s

2025-10-23 14:06:01,260 | INFO | Training epoch 1947, Batch 1000/1000: LR=1.18e-06, Loss=1.83e-03 BER=7.39e-04 FER=1.29e-02
2025-10-23 14:06:01,330 | INFO | Epoch 1947 Train Time 98.6632719039917s

2025-10-23 14:07:51,405 | INFO | Training epoch 1948, Batch 1000/1000: LR=1.17e-06, Loss=1.97e-03 BER=7.88e-04 FER=1.38e-02
2025-10-23 14:07:51,471 | INFO | Epoch 1948 Train Time 110.14014959335327s

2025-10-23 14:09:36,476 | INFO | Training epoch 1949, Batch 1000/1000: LR=1.17e-06, Loss=1.97e-03 BER=7.89e-04 FER=1.38e-02
2025-10-23 14:09:36,554 | INFO | Epoch 1949 Train Time 105.08091330528259s

2025-10-23 14:11:17,020 | INFO | Training epoch 1950, Batch 1000/1000: LR=1.16e-06, Loss=1.98e-03 BER=7.76e-04 FER=1.36e-02
2025-10-23 14:11:17,075 | INFO | Epoch 1950 Train Time 100.5194742679596s

2025-10-23 14:13:07,529 | INFO | Training epoch 1951, Batch 1000/1000: LR=1.15e-06, Loss=1.83e-03 BER=7.42e-04 FER=1.28e-02
2025-10-23 14:13:07,596 | INFO | Epoch 1951 Train Time 110.5190601348877s

2025-10-23 14:15:08,776 | INFO | Training epoch 1952, Batch 1000/1000: LR=1.15e-06, Loss=1.98e-03 BER=7.89e-04 FER=1.39e-02
2025-10-23 14:15:08,865 | INFO | Epoch 1952 Train Time 121.26767945289612s

2025-10-23 14:16:53,578 | INFO | Training epoch 1953, Batch 1000/1000: LR=1.14e-06, Loss=1.95e-03 BER=7.84e-04 FER=1.35e-02
2025-10-23 14:16:53,651 | INFO | Epoch 1953 Train Time 104.7847831249237s

2025-10-23 14:18:49,111 | INFO | Training epoch 1954, Batch 1000/1000: LR=1.13e-06, Loss=1.97e-03 BER=7.89e-04 FER=1.34e-02
2025-10-23 14:18:49,178 | INFO | Epoch 1954 Train Time 115.52473640441895s

2025-10-23 14:20:38,340 | INFO | Training epoch 1955, Batch 1000/1000: LR=1.13e-06, Loss=2.00e-03 BER=8.04e-04 FER=1.37e-02
2025-10-23 14:20:38,434 | INFO | Epoch 1955 Train Time 109.25545382499695s

2025-10-23 14:22:32,117 | INFO | Training epoch 1956, Batch 1000/1000: LR=1.12e-06, Loss=1.96e-03 BER=7.94e-04 FER=1.34e-02
2025-10-23 14:22:32,174 | INFO | Epoch 1956 Train Time 113.73769044876099s

2025-10-23 14:24:16,500 | INFO | Training epoch 1957, Batch 1000/1000: LR=1.12e-06, Loss=1.93e-03 BER=7.75e-04 FER=1.32e-02
2025-10-23 14:24:16,566 | INFO | Epoch 1957 Train Time 104.38999891281128s

2025-10-23 14:26:15,660 | INFO | Training epoch 1958, Batch 1000/1000: LR=1.11e-06, Loss=1.97e-03 BER=7.84e-04 FER=1.35e-02
2025-10-23 14:26:15,708 | INFO | Epoch 1958 Train Time 119.14081501960754s

2025-10-23 14:28:04,157 | INFO | Training epoch 1959, Batch 1000/1000: LR=1.11e-06, Loss=1.83e-03 BER=7.31e-04 FER=1.27e-02
2025-10-23 14:28:04,219 | INFO | Epoch 1959 Train Time 108.51000475883484s

2025-10-23 14:29:49,697 | INFO | Training epoch 1960, Batch 1000/1000: LR=1.10e-06, Loss=1.93e-03 BER=7.80e-04 FER=1.33e-02
2025-10-23 14:29:49,806 | INFO | Epoch 1960 Train Time 105.58487010002136s

2025-10-23 14:31:37,605 | INFO | Training epoch 1961, Batch 1000/1000: LR=1.10e-06, Loss=1.79e-03 BER=7.26e-04 FER=1.26e-02
2025-10-23 14:31:37,662 | INFO | Epoch 1961 Train Time 107.85387372970581s

2025-10-23 14:33:30,019 | INFO | Training epoch 1962, Batch 1000/1000: LR=1.09e-06, Loss=1.99e-03 BER=7.94e-04 FER=1.35e-02
2025-10-23 14:33:30,066 | INFO | Epoch 1962 Train Time 112.40319967269897s

2025-10-23 14:35:15,012 | INFO | Training epoch 1963, Batch 1000/1000: LR=1.09e-06, Loss=1.83e-03 BER=7.31e-04 FER=1.26e-02
2025-10-23 14:35:15,086 | INFO | Epoch 1963 Train Time 105.01897811889648s

2025-10-23 14:36:58,650 | INFO | Training epoch 1964, Batch 1000/1000: LR=1.08e-06, Loss=1.88e-03 BER=7.60e-04 FER=1.29e-02
2025-10-23 14:36:58,707 | INFO | Epoch 1964 Train Time 103.61891484260559s

2025-10-23 14:38:54,491 | INFO | Training epoch 1965, Batch 1000/1000: LR=1.08e-06, Loss=1.95e-03 BER=7.84e-04 FER=1.34e-02
2025-10-23 14:38:54,553 | INFO | Epoch 1965 Train Time 115.84502482414246s

2025-10-23 14:40:40,780 | INFO | Training epoch 1966, Batch 1000/1000: LR=1.07e-06, Loss=1.92e-03 BER=7.77e-04 FER=1.34e-02
2025-10-23 14:40:40,855 | INFO | Epoch 1966 Train Time 106.30015087127686s

2025-10-23 14:42:28,359 | INFO | Training epoch 1967, Batch 1000/1000: LR=1.07e-06, Loss=1.86e-03 BER=7.46e-04 FER=1.30e-02
2025-10-23 14:42:28,419 | INFO | Epoch 1967 Train Time 107.56037926673889s

2025-10-23 14:44:15,059 | INFO | Training epoch 1968, Batch 1000/1000: LR=1.07e-06, Loss=1.95e-03 BER=7.72e-04 FER=1.35e-02
2025-10-23 14:44:15,132 | INFO | Epoch 1968 Train Time 106.71270871162415s

2025-10-23 14:45:58,482 | INFO | Training epoch 1969, Batch 1000/1000: LR=1.06e-06, Loss=1.90e-03 BER=7.61e-04 FER=1.30e-02
2025-10-23 14:45:58,536 | INFO | Epoch 1969 Train Time 103.39947867393494s

2025-10-23 14:47:35,793 | INFO | Training epoch 1970, Batch 1000/1000: LR=1.06e-06, Loss=1.86e-03 BER=7.30e-04 FER=1.30e-02
2025-10-23 14:47:35,844 | INFO | Epoch 1970 Train Time 97.30694127082825s

2025-10-23 14:49:17,582 | INFO | Training epoch 1971, Batch 1000/1000: LR=1.05e-06, Loss=1.89e-03 BER=7.53e-04 FER=1.33e-02
2025-10-23 14:49:17,649 | INFO | Epoch 1971 Train Time 101.80414867401123s

2025-10-23 14:51:03,601 | INFO | Training epoch 1972, Batch 1000/1000: LR=1.05e-06, Loss=1.85e-03 BER=7.47e-04 FER=1.29e-02
2025-10-23 14:51:03,662 | INFO | Epoch 1972 Train Time 106.00948691368103s

2025-10-23 14:52:42,995 | INFO | Training epoch 1973, Batch 1000/1000: LR=1.05e-06, Loss=1.90e-03 BER=7.59e-04 FER=1.34e-02
2025-10-23 14:52:43,055 | INFO | Epoch 1973 Train Time 99.39102339744568s

2025-10-23 14:54:27,454 | INFO | Training epoch 1974, Batch 1000/1000: LR=1.04e-06, Loss=2.00e-03 BER=7.96e-04 FER=1.36e-02
2025-10-23 14:54:27,519 | INFO | Epoch 1974 Train Time 104.46303677558899s

2025-10-23 14:56:07,731 | INFO | Training epoch 1975, Batch 1000/1000: LR=1.04e-06, Loss=1.96e-03 BER=7.76e-04 FER=1.35e-02
2025-10-23 14:56:07,810 | INFO | Epoch 1975 Train Time 100.2892713546753s

2025-10-23 14:57:54,007 | INFO | Training epoch 1976, Batch 1000/1000: LR=1.04e-06, Loss=1.93e-03 BER=7.75e-04 FER=1.33e-02
2025-10-23 14:57:54,067 | INFO | Epoch 1976 Train Time 106.25583219528198s

2025-10-23 14:59:41,179 | INFO | Training epoch 1977, Batch 1000/1000: LR=1.04e-06, Loss=1.93e-03 BER=7.78e-04 FER=1.35e-02
2025-10-23 14:59:41,251 | INFO | Epoch 1977 Train Time 107.18197727203369s

2025-10-23 15:01:18,009 | INFO | Training epoch 1978, Batch 1000/1000: LR=1.03e-06, Loss=1.85e-03 BER=7.41e-04 FER=1.28e-02
2025-10-23 15:01:18,094 | INFO | Epoch 1978 Train Time 96.84212923049927s

2025-10-23 15:02:58,622 | INFO | Training epoch 1979, Batch 1000/1000: LR=1.03e-06, Loss=1.90e-03 BER=7.63e-04 FER=1.28e-02
2025-10-23 15:02:58,687 | INFO | Epoch 1979 Train Time 100.59180808067322s

2025-10-23 15:04:42,216 | INFO | Training epoch 1980, Batch 1000/1000: LR=1.03e-06, Loss=1.96e-03 BER=7.88e-04 FER=1.35e-02
2025-10-23 15:04:42,278 | INFO | Epoch 1980 Train Time 103.58996891975403s

2025-10-23 15:06:27,105 | INFO | Training epoch 1981, Batch 1000/1000: LR=1.02e-06, Loss=1.94e-03 BER=7.65e-04 FER=1.34e-02
2025-10-23 15:06:27,162 | INFO | Epoch 1981 Train Time 104.8831479549408s

2025-10-23 15:08:14,581 | INFO | Training epoch 1982, Batch 1000/1000: LR=1.02e-06, Loss=1.88e-03 BER=7.41e-04 FER=1.30e-02
2025-10-23 15:08:14,655 | INFO | Epoch 1982 Train Time 107.48993420600891s

2025-10-23 15:10:07,300 | INFO | Training epoch 1983, Batch 1000/1000: LR=1.02e-06, Loss=1.97e-03 BER=7.84e-04 FER=1.36e-02
2025-10-23 15:10:07,383 | INFO | Epoch 1983 Train Time 112.72734689712524s

2025-10-23 15:11:50,885 | INFO | Training epoch 1984, Batch 1000/1000: LR=1.02e-06, Loss=1.92e-03 BER=7.62e-04 FER=1.33e-02
2025-10-23 15:11:50,953 | INFO | Epoch 1984 Train Time 103.56658220291138s

2025-10-23 15:13:31,359 | INFO | Training epoch 1985, Batch 1000/1000: LR=1.02e-06, Loss=1.84e-03 BER=7.45e-04 FER=1.29e-02
2025-10-23 15:13:31,418 | INFO | Epoch 1985 Train Time 100.46344494819641s

2025-10-23 15:15:14,657 | INFO | Training epoch 1986, Batch 1000/1000: LR=1.01e-06, Loss=1.94e-03 BER=7.80e-04 FER=1.34e-02
2025-10-23 15:15:14,717 | INFO | Epoch 1986 Train Time 103.29766154289246s

2025-10-23 15:17:02,013 | INFO | Training epoch 1987, Batch 1000/1000: LR=1.01e-06, Loss=1.87e-03 BER=7.42e-04 FER=1.31e-02
2025-10-23 15:17:02,106 | INFO | Epoch 1987 Train Time 107.38758087158203s

2025-10-23 15:18:47,214 | INFO | Training epoch 1988, Batch 1000/1000: LR=1.01e-06, Loss=1.88e-03 BER=7.52e-04 FER=1.31e-02
2025-10-23 15:18:47,284 | INFO | Epoch 1988 Train Time 105.17647576332092s

2025-10-23 15:20:32,136 | INFO | Training epoch 1989, Batch 1000/1000: LR=1.01e-06, Loss=1.85e-03 BER=7.36e-04 FER=1.27e-02
2025-10-23 15:20:32,223 | INFO | Epoch 1989 Train Time 104.93765449523926s

2025-10-23 15:22:14,480 | INFO | Training epoch 1990, Batch 1000/1000: LR=1.01e-06, Loss=1.90e-03 BER=7.48e-04 FER=1.31e-02
2025-10-23 15:22:14,546 | INFO | Epoch 1990 Train Time 102.32175755500793s

2025-10-23 15:23:53,383 | INFO | Training epoch 1991, Batch 1000/1000: LR=1.01e-06, Loss=1.93e-03 BER=7.69e-04 FER=1.34e-02
2025-10-23 15:23:53,463 | INFO | Epoch 1991 Train Time 98.91572213172913s

2025-10-23 15:25:37,150 | INFO | Training epoch 1992, Batch 1000/1000: LR=1.00e-06, Loss=1.95e-03 BER=7.86e-04 FER=1.38e-02
2025-10-23 15:25:37,233 | INFO | Epoch 1992 Train Time 103.7681074142456s

2025-10-23 15:27:20,821 | INFO | Training epoch 1993, Batch 1000/1000: LR=1.00e-06, Loss=1.87e-03 BER=7.40e-04 FER=1.29e-02
2025-10-23 15:27:20,881 | INFO | Epoch 1993 Train Time 103.64587616920471s

2025-10-23 15:29:02,603 | INFO | Training epoch 1994, Batch 1000/1000: LR=1.00e-06, Loss=1.91e-03 BER=7.71e-04 FER=1.32e-02
2025-10-23 15:29:02,663 | INFO | Epoch 1994 Train Time 101.78022956848145s

2025-10-23 15:30:48,393 | INFO | Training epoch 1995, Batch 1000/1000: LR=1.00e-06, Loss=1.97e-03 BER=7.98e-04 FER=1.34e-02
2025-10-23 15:30:48,460 | INFO | Epoch 1995 Train Time 105.79644250869751s

2025-10-23 15:32:31,548 | INFO | Training epoch 1996, Batch 1000/1000: LR=1.00e-06, Loss=1.83e-03 BER=7.36e-04 FER=1.26e-02
2025-10-23 15:32:31,635 | INFO | Epoch 1996 Train Time 103.17431259155273s

2025-10-23 15:34:07,099 | INFO | Training epoch 1997, Batch 1000/1000: LR=1.00e-06, Loss=1.87e-03 BER=7.48e-04 FER=1.28e-02
2025-10-23 15:34:07,163 | INFO | Epoch 1997 Train Time 95.52668619155884s

2025-10-23 15:35:57,938 | INFO | Training epoch 1998, Batch 1000/1000: LR=1.00e-06, Loss=1.97e-03 BER=7.92e-04 FER=1.37e-02
2025-10-23 15:35:58,001 | INFO | Epoch 1998 Train Time 110.83669090270996s

2025-10-23 15:37:39,943 | INFO | Training epoch 1999, Batch 1000/1000: LR=1.00e-06, Loss=1.89e-03 BER=7.62e-04 FER=1.30e-02
2025-10-23 15:37:40,003 | INFO | Epoch 1999 Train Time 101.99996876716614s

2025-10-23 15:39:21,904 | INFO | Training epoch 2000, Batch 1000/1000: LR=1.00e-06, Loss=1.89e-03 BER=7.50e-04 FER=1.31e-02
2025-10-23 15:39:21,963 | INFO | Epoch 2000 Train Time 101.95778059959412s

2025-10-23 15:39:21,985 | INFO | Checkpoint saved: runs/20251020_152922/stage2_qat__LDPC_n121_k80__Ndec10_d128_h8.pth
2025-10-23 15:39:22,002 | INFO | Checkpoint saved: runs/20251020_152922/stage2_qat__LDPC_n121_k80__Ndec10_d128_h8__e2000_loss0.001886.pth
2025-10-23 15:39:22,423 | INFO | Loaded checkpoint: runs/20251020_152922/stage2_qat__LDPC_n121_k80__Ndec10_d128_h8.pth (strict=False)
2025-10-23 15:39:22,450 | INFO | Checkpoint saved: runs/20251020_152922/stage2_infer_frozen__LDPC_n121_k80__Ndec10_d128_h8__e1907_loss0.001760.pth
2025-10-23 15:39:38,529 | INFO | FER count threshold reached for EbN0:4
2025-10-23 15:39:38,613 | INFO | Test EbN0=4, BER=3.16e-04
2025-10-23 15:43:50,764 | INFO | FER count threshold reached for EbN0:5
2025-10-23 15:43:50,843 | INFO | Test EbN0=5, BER=2.90e-06
2025-10-23 19:54:56,692 | INFO | FER count threshold reached for EbN0:6
2025-10-23 19:54:56,789 | INFO | Test EbN0=6, BER=1.40e-08
2025-10-23 19:54:56,789 | INFO | 
Test Loss 4: 7.9783e-04 5: 7.6562e-06 6: 9.2790e-08
2025-10-23 19:54:56,790 | INFO | Test FER 4: 6.0487e-03 5: 6.4466e-05 6: 1.0727e-06
2025-10-23 19:54:56,790 | INFO | Test BER 4: 3.1608e-04 5: 2.9013e-06 6: 1.4045e-08
2025-10-23 19:54:56,790 | INFO | Test -ln(BER) 4: 8.0595e+00 5: 1.2750e+01 6: 1.8081e+01
2025-10-23 19:54:56,790 | INFO | # of testing samples: [100352.0, 1566720.0, 94150656.0]
 Test Time 15334.338666200638 s

2025-10-23 19:54:56,797 | INFO | Done.
