2025-10-27 16:22:04,641 | INFO | Device: cuda
2025-10-27 16:22:06,181 | INFO | Loaded checkpoint: runs/BCH_n63_k51__Ndec2_d32_h8/stage1_fp32__BCH_n63_k51__Ndec2_d32_h8__e1000_loss0.017735.pth (strict=True)
2025-10-27 16:22:29,254 | INFO | Training epoch 1, Batch 1000/1000: LR=1.00e-04, Loss=1.78e-02 BER=6.96e-03 FER=1.66e-01
2025-10-27 16:22:29,306 | INFO | Epoch 1 Train Time 23.1232807636261s

2025-10-27 16:22:29,307 | INFO | [P1] saving best_model with loss 0.017823 at epoch 1
2025-10-27 16:22:51,624 | INFO | Training epoch 2, Batch 1000/1000: LR=1.00e-04, Loss=1.76e-02 BER=6.87e-03 FER=1.64e-01
2025-10-27 16:22:51,696 | INFO | Epoch 2 Train Time 22.36585283279419s

2025-10-27 16:22:51,696 | INFO | [P1] saving best_model with loss 0.017591 at epoch 2
2025-10-27 16:23:11,714 | INFO | Training epoch 3, Batch 1000/1000: LR=1.00e-04, Loss=1.80e-02 BER=6.99e-03 FER=1.67e-01
2025-10-27 16:23:11,797 | INFO | Epoch 3 Train Time 20.087929487228394s

2025-10-27 16:23:32,158 | INFO | Training epoch 4, Batch 1000/1000: LR=1.00e-04, Loss=1.79e-02 BER=6.95e-03 FER=1.66e-01
2025-10-27 16:23:32,237 | INFO | Epoch 4 Train Time 20.438873529434204s

2025-10-27 16:23:54,225 | INFO | Training epoch 5, Batch 1000/1000: LR=1.00e-04, Loss=1.80e-02 BER=6.99e-03 FER=1.67e-01
2025-10-27 16:23:54,271 | INFO | Epoch 5 Train Time 22.032418489456177s

2025-10-27 16:24:15,946 | INFO | Training epoch 6, Batch 1000/1000: LR=1.00e-04, Loss=1.79e-02 BER=7.03e-03 FER=1.67e-01
2025-10-27 16:24:15,994 | INFO | Epoch 6 Train Time 21.72208070755005s

2025-10-27 16:24:35,531 | INFO | Training epoch 7, Batch 1000/1000: LR=1.00e-04, Loss=1.78e-02 BER=6.93e-03 FER=1.65e-01
2025-10-27 16:24:35,615 | INFO | Epoch 7 Train Time 19.619293689727783s

2025-10-27 16:24:56,458 | INFO | Training epoch 8, Batch 1000/1000: LR=1.00e-04, Loss=1.77e-02 BER=6.93e-03 FER=1.64e-01
2025-10-27 16:24:56,539 | INFO | Epoch 8 Train Time 20.922603607177734s

2025-10-27 16:25:15,295 | INFO | Training epoch 9, Batch 1000/1000: LR=1.00e-04, Loss=1.76e-02 BER=6.85e-03 FER=1.64e-01
2025-10-27 16:25:15,345 | INFO | Epoch 9 Train Time 18.804579496383667s

2025-10-27 16:25:15,345 | INFO | [P1] saving best_model with loss 0.017580 at epoch 9
2025-10-27 16:25:34,521 | INFO | Training epoch 10, Batch 1000/1000: LR=1.00e-04, Loss=1.76e-02 BER=6.90e-03 FER=1.64e-01
2025-10-27 16:25:34,571 | INFO | Epoch 10 Train Time 19.21300506591797s

2025-10-27 16:25:56,836 | INFO | Training epoch 11, Batch 1000/1000: LR=1.00e-04, Loss=1.78e-02 BER=6.94e-03 FER=1.66e-01
2025-10-27 16:25:56,902 | INFO | Epoch 11 Train Time 22.32962131500244s

2025-10-27 16:26:15,755 | INFO | Training epoch 12, Batch 1000/1000: LR=1.00e-04, Loss=1.78e-02 BER=6.93e-03 FER=1.66e-01
2025-10-27 16:26:15,844 | INFO | Epoch 12 Train Time 18.941007375717163s

2025-10-27 16:26:37,449 | INFO | Training epoch 13, Batch 1000/1000: LR=1.00e-04, Loss=1.78e-02 BER=6.93e-03 FER=1.65e-01
2025-10-27 16:26:37,532 | INFO | Epoch 13 Train Time 21.686973571777344s

2025-10-27 16:26:58,115 | INFO | Training epoch 14, Batch 1000/1000: LR=1.00e-04, Loss=1.79e-02 BER=6.96e-03 FER=1.66e-01
2025-10-27 16:26:58,172 | INFO | Epoch 14 Train Time 20.638309717178345s

2025-10-27 16:27:19,631 | INFO | Training epoch 15, Batch 1000/1000: LR=1.00e-04, Loss=1.76e-02 BER=6.85e-03 FER=1.65e-01
2025-10-27 16:27:19,718 | INFO | Epoch 15 Train Time 21.545319080352783s

2025-10-27 16:27:41,733 | INFO | Training epoch 16, Batch 1000/1000: LR=9.99e-05, Loss=1.77e-02 BER=6.90e-03 FER=1.64e-01
2025-10-27 16:27:41,781 | INFO | Epoch 16 Train Time 22.062283277511597s

2025-10-27 16:28:03,028 | INFO | Training epoch 17, Batch 1000/1000: LR=9.99e-05, Loss=1.76e-02 BER=6.86e-03 FER=1.64e-01
2025-10-27 16:28:03,081 | INFO | Epoch 17 Train Time 21.298831462860107s

2025-10-27 16:28:24,857 | INFO | Training epoch 18, Batch 1000/1000: LR=9.99e-05, Loss=1.76e-02 BER=6.88e-03 FER=1.64e-01
2025-10-27 16:28:24,938 | INFO | Epoch 18 Train Time 21.85633420944214s

2025-10-27 16:28:46,029 | INFO | Training epoch 19, Batch 1000/1000: LR=9.99e-05, Loss=1.79e-02 BER=6.98e-03 FER=1.67e-01
2025-10-27 16:28:46,091 | INFO | Epoch 19 Train Time 21.152272701263428s

2025-10-27 16:29:07,025 | INFO | Training epoch 20, Batch 1000/1000: LR=9.99e-05, Loss=1.78e-02 BER=6.93e-03 FER=1.65e-01
2025-10-27 16:29:07,095 | INFO | Epoch 20 Train Time 21.002815008163452s

2025-10-27 16:29:29,131 | INFO | Training epoch 21, Batch 1000/1000: LR=9.99e-05, Loss=1.77e-02 BER=6.91e-03 FER=1.64e-01
2025-10-27 16:29:29,213 | INFO | Epoch 21 Train Time 22.11775541305542s

2025-10-27 16:29:52,519 | INFO | Training epoch 22, Batch 1000/1000: LR=9.99e-05, Loss=1.76e-02 BER=6.84e-03 FER=1.63e-01
2025-10-27 16:29:52,599 | INFO | Epoch 22 Train Time 23.385170698165894s

2025-10-27 16:30:13,607 | INFO | Training epoch 23, Batch 1000/1000: LR=9.99e-05, Loss=1.78e-02 BER=6.98e-03 FER=1.66e-01
2025-10-27 16:30:13,675 | INFO | Epoch 23 Train Time 21.074060678482056s

2025-10-27 16:30:35,705 | INFO | Training epoch 24, Batch 1000/1000: LR=9.99e-05, Loss=1.77e-02 BER=6.93e-03 FER=1.65e-01
2025-10-27 16:30:35,770 | INFO | Epoch 24 Train Time 22.09453296661377s

2025-10-27 16:30:56,283 | INFO | Training epoch 25, Batch 1000/1000: LR=9.99e-05, Loss=1.77e-02 BER=6.93e-03 FER=1.65e-01
2025-10-27 16:30:56,345 | INFO | Epoch 25 Train Time 20.57446527481079s

2025-10-27 16:31:18,429 | INFO | Training epoch 26, Batch 1000/1000: LR=9.98e-05, Loss=1.78e-02 BER=6.95e-03 FER=1.65e-01
2025-10-27 16:31:18,503 | INFO | Epoch 26 Train Time 22.15690803527832s

2025-10-27 16:31:40,047 | INFO | Training epoch 27, Batch 1000/1000: LR=9.98e-05, Loss=1.77e-02 BER=6.95e-03 FER=1.65e-01
2025-10-27 16:31:40,118 | INFO | Epoch 27 Train Time 21.61323618888855s

2025-10-27 16:31:59,630 | INFO | Training epoch 28, Batch 1000/1000: LR=9.98e-05, Loss=1.77e-02 BER=6.86e-03 FER=1.63e-01
2025-10-27 16:31:59,721 | INFO | Epoch 28 Train Time 19.60170316696167s

2025-10-27 16:32:19,380 | INFO | Training epoch 29, Batch 1000/1000: LR=9.98e-05, Loss=1.76e-02 BER=6.88e-03 FER=1.64e-01
2025-10-27 16:32:19,441 | INFO | Epoch 29 Train Time 19.719261169433594s

2025-10-27 16:32:38,527 | INFO | Training epoch 30, Batch 1000/1000: LR=9.98e-05, Loss=1.77e-02 BER=6.92e-03 FER=1.65e-01
2025-10-27 16:32:38,582 | INFO | Epoch 30 Train Time 19.1405611038208s

2025-10-27 16:32:58,036 | INFO | Training epoch 31, Batch 1000/1000: LR=9.98e-05, Loss=1.75e-02 BER=6.86e-03 FER=1.64e-01
2025-10-27 16:32:58,096 | INFO | Epoch 31 Train Time 19.512284517288208s

2025-10-27 16:32:58,096 | INFO | [P1] saving best_model with loss 0.017514 at epoch 31
2025-10-27 16:33:18,844 | INFO | Training epoch 32, Batch 1000/1000: LR=9.98e-05, Loss=1.78e-02 BER=6.94e-03 FER=1.66e-01
2025-10-27 16:33:18,912 | INFO | Epoch 32 Train Time 20.792335510253906s

2025-10-27 16:33:40,428 | INFO | Training epoch 33, Batch 1000/1000: LR=9.98e-05, Loss=1.77e-02 BER=6.84e-03 FER=1.64e-01
2025-10-27 16:33:40,492 | INFO | Epoch 33 Train Time 21.579387426376343s

2025-10-27 16:34:00,826 | INFO | Training epoch 34, Batch 1000/1000: LR=9.97e-05, Loss=1.77e-02 BER=6.91e-03 FER=1.64e-01
2025-10-27 16:34:00,894 | INFO | Epoch 34 Train Time 20.400404691696167s

2025-10-27 16:34:22,660 | INFO | Training epoch 35, Batch 1000/1000: LR=9.97e-05, Loss=1.77e-02 BER=6.87e-03 FER=1.64e-01
2025-10-27 16:34:22,730 | INFO | Epoch 35 Train Time 21.834842681884766s

2025-10-27 16:34:44,427 | INFO | Training epoch 36, Batch 1000/1000: LR=9.97e-05, Loss=1.78e-02 BER=6.91e-03 FER=1.64e-01
2025-10-27 16:34:44,476 | INFO | Epoch 36 Train Time 21.744867086410522s

2025-10-27 16:35:05,855 | INFO | Training epoch 37, Batch 1000/1000: LR=9.97e-05, Loss=1.78e-02 BER=6.92e-03 FER=1.65e-01
2025-10-27 16:35:05,925 | INFO | Epoch 37 Train Time 21.447874784469604s

2025-10-27 16:35:26,361 | INFO | Training epoch 38, Batch 1000/1000: LR=9.97e-05, Loss=1.76e-02 BER=6.85e-03 FER=1.63e-01
2025-10-27 16:35:26,426 | INFO | Epoch 38 Train Time 20.49981999397278s

2025-10-27 16:35:44,119 | INFO | Training epoch 39, Batch 1000/1000: LR=9.96e-05, Loss=1.76e-02 BER=6.86e-03 FER=1.64e-01
2025-10-27 16:35:44,181 | INFO | Epoch 39 Train Time 17.754085302352905s

2025-10-27 16:36:06,360 | INFO | Training epoch 40, Batch 1000/1000: LR=9.96e-05, Loss=1.77e-02 BER=6.89e-03 FER=1.65e-01
2025-10-27 16:36:06,446 | INFO | Epoch 40 Train Time 22.262218713760376s

2025-10-27 16:36:25,735 | INFO | Training epoch 41, Batch 1000/1000: LR=9.96e-05, Loss=1.79e-02 BER=6.99e-03 FER=1.67e-01
2025-10-27 16:36:25,810 | INFO | Epoch 41 Train Time 19.3629252910614s

2025-10-27 16:36:47,128 | INFO | Training epoch 42, Batch 1000/1000: LR=9.96e-05, Loss=1.77e-02 BER=6.93e-03 FER=1.64e-01
2025-10-27 16:36:47,192 | INFO | Epoch 42 Train Time 21.381303548812866s

2025-10-27 16:37:07,292 | INFO | Training epoch 43, Batch 1000/1000: LR=9.96e-05, Loss=1.80e-02 BER=7.00e-03 FER=1.66e-01
2025-10-27 16:37:07,342 | INFO | Epoch 43 Train Time 20.14908194541931s

2025-10-27 16:37:27,606 | INFO | Training epoch 44, Batch 1000/1000: LR=9.95e-05, Loss=1.78e-02 BER=6.94e-03 FER=1.65e-01
2025-10-27 16:37:27,668 | INFO | Epoch 44 Train Time 20.325277090072632s

2025-10-27 16:37:49,225 | INFO | Training epoch 45, Batch 1000/1000: LR=9.95e-05, Loss=1.79e-02 BER=6.99e-03 FER=1.66e-01
2025-10-27 16:37:49,274 | INFO | Epoch 45 Train Time 21.605790376663208s

2025-10-27 16:38:09,540 | INFO | Training epoch 46, Batch 1000/1000: LR=9.95e-05, Loss=1.76e-02 BER=6.90e-03 FER=1.65e-01
2025-10-27 16:38:09,623 | INFO | Epoch 46 Train Time 20.34806776046753s

2025-10-27 16:38:30,948 | INFO | Training epoch 47, Batch 1000/1000: LR=9.95e-05, Loss=1.78e-02 BER=6.97e-03 FER=1.65e-01
2025-10-27 16:38:31,015 | INFO | Epoch 47 Train Time 21.390496253967285s

2025-10-27 16:38:51,120 | INFO | Training epoch 48, Batch 1000/1000: LR=9.95e-05, Loss=1.77e-02 BER=6.94e-03 FER=1.66e-01
2025-10-27 16:38:51,189 | INFO | Epoch 48 Train Time 20.173989057540894s

2025-10-27 16:39:12,467 | INFO | Training epoch 49, Batch 1000/1000: LR=9.94e-05, Loss=1.79e-02 BER=7.00e-03 FER=1.65e-01
2025-10-27 16:39:12,540 | INFO | Epoch 49 Train Time 21.3488130569458s

2025-10-27 16:39:32,989 | INFO | Training epoch 50, Batch 1000/1000: LR=9.94e-05, Loss=1.77e-02 BER=6.88e-03 FER=1.64e-01
2025-10-27 16:39:33,043 | INFO | Epoch 50 Train Time 20.501123905181885s

2025-10-27 16:39:53,623 | INFO | Training epoch 51, Batch 1000/1000: LR=9.94e-05, Loss=1.78e-02 BER=6.92e-03 FER=1.64e-01
2025-10-27 16:39:53,700 | INFO | Epoch 51 Train Time 20.656238794326782s

2025-10-27 16:40:15,737 | INFO | Training epoch 52, Batch 1000/1000: LR=9.94e-05, Loss=1.76e-02 BER=6.89e-03 FER=1.63e-01
2025-10-27 16:40:15,799 | INFO | Epoch 52 Train Time 22.098472356796265s

2025-10-27 16:40:37,642 | INFO | Training epoch 53, Batch 1000/1000: LR=9.93e-05, Loss=1.77e-02 BER=6.91e-03 FER=1.65e-01
2025-10-27 16:40:37,714 | INFO | Epoch 53 Train Time 21.91317319869995s

2025-10-27 16:40:59,510 | INFO | Training epoch 54, Batch 1000/1000: LR=9.93e-05, Loss=1.77e-02 BER=6.93e-03 FER=1.64e-01
2025-10-27 16:40:59,579 | INFO | Epoch 54 Train Time 21.86441707611084s

2025-10-27 16:41:21,547 | INFO | Training epoch 55, Batch 1000/1000: LR=9.93e-05, Loss=1.76e-02 BER=6.83e-03 FER=1.63e-01
2025-10-27 16:41:21,624 | INFO | Epoch 55 Train Time 22.04468035697937s

2025-10-27 16:41:43,533 | INFO | Training epoch 56, Batch 1000/1000: LR=9.93e-05, Loss=1.77e-02 BER=6.89e-03 FER=1.65e-01
2025-10-27 16:41:43,602 | INFO | Epoch 56 Train Time 21.976032257080078s

2025-10-27 16:42:04,763 | INFO | Training epoch 57, Batch 1000/1000: LR=9.92e-05, Loss=1.77e-02 BER=6.88e-03 FER=1.64e-01
2025-10-27 16:42:04,849 | INFO | Epoch 57 Train Time 21.245272636413574s

2025-10-27 16:42:26,338 | INFO | Training epoch 58, Batch 1000/1000: LR=9.92e-05, Loss=1.77e-02 BER=6.93e-03 FER=1.64e-01
2025-10-27 16:42:26,420 | INFO | Epoch 58 Train Time 21.56974983215332s

2025-10-27 16:42:45,007 | INFO | Training epoch 59, Batch 1000/1000: LR=9.92e-05, Loss=1.77e-02 BER=6.89e-03 FER=1.64e-01
2025-10-27 16:42:45,072 | INFO | Epoch 59 Train Time 18.649207830429077s

2025-10-27 16:43:05,150 | INFO | Training epoch 60, Batch 1000/1000: LR=9.92e-05, Loss=1.76e-02 BER=6.83e-03 FER=1.63e-01
2025-10-27 16:43:05,216 | INFO | Epoch 60 Train Time 20.14358639717102s

2025-10-27 16:43:24,129 | INFO | Training epoch 61, Batch 1000/1000: LR=9.91e-05, Loss=1.79e-02 BER=6.95e-03 FER=1.66e-01
2025-10-27 16:43:24,212 | INFO | Epoch 61 Train Time 18.994852304458618s

2025-10-27 16:43:45,217 | INFO | Training epoch 62, Batch 1000/1000: LR=9.91e-05, Loss=1.77e-02 BER=6.88e-03 FER=1.64e-01
2025-10-27 16:43:45,278 | INFO | Epoch 62 Train Time 21.064255237579346s

2025-10-27 16:44:06,417 | INFO | Training epoch 63, Batch 1000/1000: LR=9.91e-05, Loss=1.76e-02 BER=6.88e-03 FER=1.64e-01
2025-10-27 16:44:06,492 | INFO | Epoch 63 Train Time 21.213210105895996s

2025-10-27 16:44:27,118 | INFO | Training epoch 64, Batch 1000/1000: LR=9.90e-05, Loss=1.76e-02 BER=6.86e-03 FER=1.63e-01
2025-10-27 16:44:27,165 | INFO | Epoch 64 Train Time 20.670524835586548s

2025-10-27 16:44:46,549 | INFO | Training epoch 65, Batch 1000/1000: LR=9.90e-05, Loss=1.76e-02 BER=6.87e-03 FER=1.64e-01
2025-10-27 16:44:46,630 | INFO | Epoch 65 Train Time 19.464077949523926s

2025-10-27 16:45:04,778 | INFO | Training epoch 66, Batch 1000/1000: LR=9.90e-05, Loss=1.77e-02 BER=6.92e-03 FER=1.65e-01
2025-10-27 16:45:04,828 | INFO | Epoch 66 Train Time 18.1980721950531s

2025-10-27 16:45:26,339 | INFO | Training epoch 67, Batch 1000/1000: LR=9.89e-05, Loss=1.76e-02 BER=6.87e-03 FER=1.64e-01
2025-10-27 16:45:26,408 | INFO | Epoch 67 Train Time 21.57808232307434s

2025-10-27 16:45:45,106 | INFO | Training epoch 68, Batch 1000/1000: LR=9.89e-05, Loss=1.79e-02 BER=6.98e-03 FER=1.66e-01
2025-10-27 16:45:45,183 | INFO | Epoch 68 Train Time 18.774127960205078s

2025-10-27 16:46:08,208 | INFO | Training epoch 69, Batch 1000/1000: LR=9.89e-05, Loss=1.79e-02 BER=7.03e-03 FER=1.66e-01
2025-10-27 16:46:08,291 | INFO | Epoch 69 Train Time 23.106558084487915s

2025-10-27 16:46:29,205 | INFO | Training epoch 70, Batch 1000/1000: LR=9.88e-05, Loss=1.77e-02 BER=6.88e-03 FER=1.64e-01
2025-10-27 16:46:29,283 | INFO | Epoch 70 Train Time 20.990981101989746s

2025-10-27 16:46:49,415 | INFO | Training epoch 71, Batch 1000/1000: LR=9.88e-05, Loss=1.75e-02 BER=6.85e-03 FER=1.63e-01
2025-10-27 16:46:49,491 | INFO | Epoch 71 Train Time 20.207016944885254s

2025-10-27 16:46:49,492 | INFO | [P1] saving best_model with loss 0.017492 at epoch 71
2025-10-27 16:47:10,720 | INFO | Training epoch 72, Batch 1000/1000: LR=9.88e-05, Loss=1.76e-02 BER=6.89e-03 FER=1.64e-01
2025-10-27 16:47:10,799 | INFO | Epoch 72 Train Time 21.292055368423462s

2025-10-27 16:47:27,927 | INFO | Training epoch 73, Batch 1000/1000: LR=9.87e-05, Loss=1.76e-02 BER=6.91e-03 FER=1.64e-01
2025-10-27 16:47:27,999 | INFO | Epoch 73 Train Time 17.19867968559265s

2025-10-27 16:47:49,222 | INFO | Training epoch 74, Batch 1000/1000: LR=9.87e-05, Loss=1.77e-02 BER=6.88e-03 FER=1.64e-01
2025-10-27 16:47:49,291 | INFO | Epoch 74 Train Time 21.29114842414856s

2025-10-27 16:48:10,646 | INFO | Training epoch 75, Batch 1000/1000: LR=9.87e-05, Loss=1.78e-02 BER=6.92e-03 FER=1.65e-01
2025-10-27 16:48:10,716 | INFO | Epoch 75 Train Time 21.42352795600891s

2025-10-27 16:48:31,934 | INFO | Training epoch 76, Batch 1000/1000: LR=9.86e-05, Loss=1.75e-02 BER=6.85e-03 FER=1.63e-01
2025-10-27 16:48:32,015 | INFO | Epoch 76 Train Time 21.297115802764893s

2025-10-27 16:48:51,818 | INFO | Training epoch 77, Batch 1000/1000: LR=9.86e-05, Loss=1.78e-02 BER=6.90e-03 FER=1.63e-01
2025-10-27 16:48:51,881 | INFO | Epoch 77 Train Time 19.864619255065918s

2025-10-27 16:49:12,229 | INFO | Training epoch 78, Batch 1000/1000: LR=9.86e-05, Loss=1.76e-02 BER=6.86e-03 FER=1.63e-01
2025-10-27 16:49:12,310 | INFO | Epoch 78 Train Time 20.42854356765747s

2025-10-27 16:49:32,892 | INFO | Training epoch 79, Batch 1000/1000: LR=9.85e-05, Loss=1.76e-02 BER=6.88e-03 FER=1.64e-01
2025-10-27 16:49:32,950 | INFO | Epoch 79 Train Time 20.639163494110107s

2025-10-27 16:49:53,623 | INFO | Training epoch 80, Batch 1000/1000: LR=9.85e-05, Loss=1.75e-02 BER=6.84e-03 FER=1.62e-01
2025-10-27 16:49:53,678 | INFO | Epoch 80 Train Time 20.72742509841919s

2025-10-27 16:50:13,819 | INFO | Training epoch 81, Batch 1000/1000: LR=9.84e-05, Loss=1.77e-02 BER=6.92e-03 FER=1.64e-01
2025-10-27 16:50:13,875 | INFO | Epoch 81 Train Time 20.196207523345947s

2025-10-27 16:50:35,322 | INFO | Training epoch 82, Batch 1000/1000: LR=9.84e-05, Loss=1.76e-02 BER=6.88e-03 FER=1.63e-01
2025-10-27 16:50:35,408 | INFO | Epoch 82 Train Time 21.53145408630371s

2025-10-27 16:50:57,113 | INFO | Training epoch 83, Batch 1000/1000: LR=9.84e-05, Loss=1.76e-02 BER=6.85e-03 FER=1.63e-01
2025-10-27 16:50:57,198 | INFO | Epoch 83 Train Time 21.7889621257782s

2025-10-27 16:51:20,347 | INFO | Training epoch 84, Batch 1000/1000: LR=9.83e-05, Loss=1.72e-02 BER=6.73e-03 FER=1.60e-01
2025-10-27 16:51:20,418 | INFO | Epoch 84 Train Time 23.21844744682312s

2025-10-27 16:51:20,419 | INFO | [P1] saving best_model with loss 0.017245 at epoch 84
2025-10-27 16:51:42,554 | INFO | Training epoch 85, Batch 1000/1000: LR=9.83e-05, Loss=1.73e-02 BER=6.76e-03 FER=1.61e-01
2025-10-27 16:51:42,618 | INFO | Epoch 85 Train Time 22.182944536209106s

2025-10-27 16:52:01,307 | INFO | Training epoch 86, Batch 1000/1000: LR=9.82e-05, Loss=1.76e-02 BER=6.87e-03 FER=1.64e-01
2025-10-27 16:52:01,362 | INFO | Epoch 86 Train Time 18.74311900138855s

2025-10-27 16:52:22,759 | INFO | Training epoch 87, Batch 1000/1000: LR=9.82e-05, Loss=1.77e-02 BER=6.90e-03 FER=1.63e-01
2025-10-27 16:52:22,828 | INFO | Epoch 87 Train Time 21.465334177017212s

2025-10-27 16:52:41,509 | INFO | Training epoch 88, Batch 1000/1000: LR=9.82e-05, Loss=1.78e-02 BER=6.94e-03 FER=1.65e-01
2025-10-27 16:52:41,576 | INFO | Epoch 88 Train Time 18.744959115982056s

2025-10-27 16:53:00,093 | INFO | Training epoch 89, Batch 1000/1000: LR=9.81e-05, Loss=1.75e-02 BER=6.81e-03 FER=1.62e-01
2025-10-27 16:53:00,150 | INFO | Epoch 89 Train Time 18.572646856307983s

2025-10-27 16:53:22,587 | INFO | Training epoch 90, Batch 1000/1000: LR=9.81e-05, Loss=1.76e-02 BER=6.88e-03 FER=1.63e-01
2025-10-27 16:53:22,673 | INFO | Epoch 90 Train Time 22.521989583969116s

2025-10-27 16:53:43,921 | INFO | Training epoch 91, Batch 1000/1000: LR=9.80e-05, Loss=1.75e-02 BER=6.82e-03 FER=1.62e-01
2025-10-27 16:53:43,999 | INFO | Epoch 91 Train Time 21.325249433517456s

2025-10-27 16:54:05,110 | INFO | Training epoch 92, Batch 1000/1000: LR=9.80e-05, Loss=1.74e-02 BER=6.78e-03 FER=1.61e-01
2025-10-27 16:54:05,169 | INFO | Epoch 92 Train Time 21.16875672340393s

2025-10-27 16:54:26,321 | INFO | Training epoch 93, Batch 1000/1000: LR=9.79e-05, Loss=1.76e-02 BER=6.88e-03 FER=1.63e-01
2025-10-27 16:54:26,408 | INFO | Epoch 93 Train Time 21.238937616348267s

2025-10-27 16:54:47,400 | INFO | Training epoch 94, Batch 1000/1000: LR=9.79e-05, Loss=1.78e-02 BER=6.90e-03 FER=1.63e-01
2025-10-27 16:54:47,464 | INFO | Epoch 94 Train Time 21.053696632385254s

2025-10-27 16:55:07,919 | INFO | Training epoch 95, Batch 1000/1000: LR=9.79e-05, Loss=1.78e-02 BER=6.93e-03 FER=1.65e-01
2025-10-27 16:55:07,980 | INFO | Epoch 95 Train Time 20.513705492019653s

2025-10-27 16:55:29,320 | INFO | Training epoch 96, Batch 1000/1000: LR=9.78e-05, Loss=1.76e-02 BER=6.86e-03 FER=1.63e-01
2025-10-27 16:55:29,381 | INFO | Epoch 96 Train Time 21.40047287940979s

2025-10-27 16:55:50,335 | INFO | Training epoch 97, Batch 1000/1000: LR=9.78e-05, Loss=1.74e-02 BER=6.81e-03 FER=1.62e-01
2025-10-27 16:55:50,417 | INFO | Epoch 97 Train Time 21.034789323806763s

2025-10-27 16:56:11,933 | INFO | Training epoch 98, Batch 1000/1000: LR=9.77e-05, Loss=1.78e-02 BER=6.92e-03 FER=1.64e-01
2025-10-27 16:56:12,008 | INFO | Epoch 98 Train Time 21.5903959274292s

2025-10-27 16:56:31,727 | INFO | Training epoch 99, Batch 1000/1000: LR=9.77e-05, Loss=1.78e-02 BER=6.92e-03 FER=1.65e-01
2025-10-27 16:56:31,773 | INFO | Epoch 99 Train Time 19.76363778114319s

2025-10-27 16:56:51,529 | INFO | Training epoch 100, Batch 1000/1000: LR=9.76e-05, Loss=1.76e-02 BER=6.86e-03 FER=1.63e-01
2025-10-27 16:56:51,603 | INFO | Epoch 100 Train Time 19.828110218048096s

2025-10-27 16:57:09,800 | INFO | Training epoch 101, Batch 1000/1000: LR=9.76e-05, Loss=1.77e-02 BER=6.89e-03 FER=1.64e-01
2025-10-27 16:57:09,853 | INFO | Epoch 101 Train Time 18.24957299232483s

2025-10-27 16:57:31,188 | INFO | Training epoch 102, Batch 1000/1000: LR=9.75e-05, Loss=1.77e-02 BER=6.91e-03 FER=1.64e-01
2025-10-27 16:57:31,246 | INFO | Epoch 102 Train Time 21.391997575759888s

2025-10-27 16:57:53,311 | INFO | Training epoch 103, Batch 1000/1000: LR=9.75e-05, Loss=1.77e-02 BER=6.90e-03 FER=1.64e-01
2025-10-27 16:57:53,370 | INFO | Epoch 103 Train Time 22.122977018356323s

2025-10-27 16:58:13,129 | INFO | Training epoch 104, Batch 1000/1000: LR=9.74e-05, Loss=1.78e-02 BER=6.91e-03 FER=1.64e-01
2025-10-27 16:58:13,191 | INFO | Epoch 104 Train Time 19.819597005844116s

2025-10-27 16:58:32,258 | INFO | Training epoch 105, Batch 1000/1000: LR=9.74e-05, Loss=1.77e-02 BER=6.89e-03 FER=1.64e-01
2025-10-27 16:58:32,341 | INFO | Epoch 105 Train Time 19.14877486228943s

2025-10-27 16:58:53,395 | INFO | Training epoch 106, Batch 1000/1000: LR=9.73e-05, Loss=1.76e-02 BER=6.89e-03 FER=1.63e-01
2025-10-27 16:58:53,445 | INFO | Epoch 106 Train Time 21.103366136550903s

2025-10-27 16:59:14,428 | INFO | Training epoch 107, Batch 1000/1000: LR=9.73e-05, Loss=1.76e-02 BER=6.90e-03 FER=1.64e-01
2025-10-27 16:59:14,504 | INFO | Epoch 107 Train Time 21.05718231201172s

2025-10-27 16:59:35,112 | INFO | Training epoch 108, Batch 1000/1000: LR=9.72e-05, Loss=1.76e-02 BER=6.83e-03 FER=1.63e-01
2025-10-27 16:59:35,156 | INFO | Epoch 108 Train Time 20.64916467666626s

2025-10-27 16:59:56,345 | INFO | Training epoch 109, Batch 1000/1000: LR=9.72e-05, Loss=1.75e-02 BER=6.83e-03 FER=1.62e-01
2025-10-27 16:59:56,389 | INFO | Epoch 109 Train Time 21.231722831726074s

2025-10-27 17:00:16,699 | INFO | Training epoch 110, Batch 1000/1000: LR=9.71e-05, Loss=1.78e-02 BER=6.90e-03 FER=1.65e-01
2025-10-27 17:00:16,773 | INFO | Epoch 110 Train Time 20.38288712501526s

2025-10-27 17:00:37,621 | INFO | Training epoch 111, Batch 1000/1000: LR=9.71e-05, Loss=1.74e-02 BER=6.77e-03 FER=1.61e-01
2025-10-27 17:00:37,690 | INFO | Epoch 111 Train Time 20.916001319885254s

2025-10-27 17:00:59,499 | INFO | Training epoch 112, Batch 1000/1000: LR=9.70e-05, Loss=1.74e-02 BER=6.82e-03 FER=1.62e-01
2025-10-27 17:00:59,558 | INFO | Epoch 112 Train Time 21.86687660217285s

2025-10-27 17:01:20,224 | INFO | Training epoch 113, Batch 1000/1000: LR=9.70e-05, Loss=1.75e-02 BER=6.79e-03 FER=1.62e-01
2025-10-27 17:01:20,309 | INFO | Epoch 113 Train Time 20.74958825111389s

2025-10-27 17:01:39,698 | INFO | Training epoch 114, Batch 1000/1000: LR=9.69e-05, Loss=1.76e-02 BER=6.88e-03 FER=1.63e-01
2025-10-27 17:01:39,762 | INFO | Epoch 114 Train Time 19.452065229415894s

2025-10-27 17:02:00,523 | INFO | Training epoch 115, Batch 1000/1000: LR=9.69e-05, Loss=1.77e-02 BER=6.91e-03 FER=1.65e-01
2025-10-27 17:02:00,612 | INFO | Epoch 115 Train Time 20.84700870513916s

2025-10-27 17:02:20,430 | INFO | Training epoch 116, Batch 1000/1000: LR=9.68e-05, Loss=1.75e-02 BER=6.86e-03 FER=1.64e-01
2025-10-27 17:02:20,510 | INFO | Epoch 116 Train Time 19.897324085235596s

2025-10-27 17:02:41,021 | INFO | Training epoch 117, Batch 1000/1000: LR=9.67e-05, Loss=1.77e-02 BER=6.91e-03 FER=1.64e-01
2025-10-27 17:02:41,103 | INFO | Epoch 117 Train Time 20.59072971343994s

2025-10-27 17:03:02,147 | INFO | Training epoch 118, Batch 1000/1000: LR=9.67e-05, Loss=1.76e-02 BER=6.86e-03 FER=1.63e-01
2025-10-27 17:03:02,216 | INFO | Epoch 118 Train Time 21.111466646194458s

2025-10-27 17:03:22,403 | INFO | Training epoch 119, Batch 1000/1000: LR=9.66e-05, Loss=1.76e-02 BER=6.86e-03 FER=1.62e-01
2025-10-27 17:03:22,451 | INFO | Epoch 119 Train Time 20.234291076660156s

2025-10-27 17:03:44,622 | INFO | Training epoch 120, Batch 1000/1000: LR=9.66e-05, Loss=1.78e-02 BER=6.91e-03 FER=1.64e-01
2025-10-27 17:03:44,665 | INFO | Epoch 120 Train Time 22.213258266448975s

2025-10-27 17:04:05,820 | INFO | Training epoch 121, Batch 1000/1000: LR=9.65e-05, Loss=1.76e-02 BER=6.87e-03 FER=1.64e-01
2025-10-27 17:04:05,875 | INFO | Epoch 121 Train Time 21.20888352394104s

2025-10-27 17:04:28,148 | INFO | Training epoch 122, Batch 1000/1000: LR=9.65e-05, Loss=1.73e-02 BER=6.77e-03 FER=1.61e-01
2025-10-27 17:04:28,207 | INFO | Epoch 122 Train Time 22.33140516281128s

2025-10-27 17:04:48,924 | INFO | Training epoch 123, Batch 1000/1000: LR=9.64e-05, Loss=1.75e-02 BER=6.83e-03 FER=1.62e-01
2025-10-27 17:04:49,007 | INFO | Epoch 123 Train Time 20.799033880233765s

2025-10-27 17:05:10,671 | INFO | Training epoch 124, Batch 1000/1000: LR=9.64e-05, Loss=1.78e-02 BER=6.92e-03 FER=1.65e-01
2025-10-27 17:05:10,753 | INFO | Epoch 124 Train Time 21.743953704833984s

2025-10-27 17:05:30,546 | INFO | Training epoch 125, Batch 1000/1000: LR=9.63e-05, Loss=1.76e-02 BER=6.84e-03 FER=1.63e-01
2025-10-27 17:05:30,631 | INFO | Epoch 125 Train Time 19.876266717910767s

2025-10-27 17:05:51,202 | INFO | Training epoch 126, Batch 1000/1000: LR=9.62e-05, Loss=1.73e-02 BER=6.77e-03 FER=1.62e-01
2025-10-27 17:05:51,282 | INFO | Epoch 126 Train Time 20.648234128952026s

2025-10-27 17:06:09,982 | INFO | Training epoch 127, Batch 1000/1000: LR=9.62e-05, Loss=1.77e-02 BER=6.86e-03 FER=1.63e-01
2025-10-27 17:06:10,039 | INFO | Epoch 127 Train Time 18.754963159561157s

2025-10-27 17:06:29,838 | INFO | Training epoch 128, Batch 1000/1000: LR=9.61e-05, Loss=1.76e-02 BER=6.85e-03 FER=1.63e-01
2025-10-27 17:06:29,934 | INFO | Epoch 128 Train Time 19.89439082145691s

2025-10-27 17:06:49,328 | INFO | Training epoch 129, Batch 1000/1000: LR=9.61e-05, Loss=1.78e-02 BER=6.96e-03 FER=1.65e-01
2025-10-27 17:06:49,389 | INFO | Epoch 129 Train Time 19.453251838684082s

2025-10-27 17:07:08,888 | INFO | Training epoch 130, Batch 1000/1000: LR=9.60e-05, Loss=1.75e-02 BER=6.82e-03 FER=1.62e-01
2025-10-27 17:07:08,938 | INFO | Epoch 130 Train Time 19.548398971557617s

2025-10-27 17:07:30,227 | INFO | Training epoch 131, Batch 1000/1000: LR=9.59e-05, Loss=1.78e-02 BER=6.90e-03 FER=1.65e-01
2025-10-27 17:07:30,306 | INFO | Epoch 131 Train Time 21.367133140563965s

2025-10-27 17:07:50,717 | INFO | Training epoch 132, Batch 1000/1000: LR=9.59e-05, Loss=1.75e-02 BER=6.81e-03 FER=1.62e-01
2025-10-27 17:07:50,790 | INFO | Epoch 132 Train Time 20.481910467147827s

2025-10-27 17:08:09,837 | INFO | Training epoch 133, Batch 1000/1000: LR=9.58e-05, Loss=1.75e-02 BER=6.83e-03 FER=1.62e-01
2025-10-27 17:08:09,918 | INFO | Epoch 133 Train Time 19.127146005630493s

2025-10-27 17:08:28,608 | INFO | Training epoch 134, Batch 1000/1000: LR=9.57e-05, Loss=1.76e-02 BER=6.91e-03 FER=1.64e-01
2025-10-27 17:08:28,665 | INFO | Epoch 134 Train Time 18.74623203277588s

2025-10-27 17:08:49,508 | INFO | Training epoch 135, Batch 1000/1000: LR=9.57e-05, Loss=1.76e-02 BER=6.86e-03 FER=1.63e-01
2025-10-27 17:08:49,552 | INFO | Epoch 135 Train Time 20.88589072227478s

2025-10-27 17:09:08,533 | INFO | Training epoch 136, Batch 1000/1000: LR=9.56e-05, Loss=1.78e-02 BER=6.90e-03 FER=1.63e-01
2025-10-27 17:09:08,616 | INFO | Epoch 136 Train Time 19.063451290130615s

2025-10-27 17:09:28,243 | INFO | Training epoch 137, Batch 1000/1000: LR=9.56e-05, Loss=1.76e-02 BER=6.84e-03 FER=1.63e-01
2025-10-27 17:09:28,309 | INFO | Epoch 137 Train Time 19.691241979599s

2025-10-27 17:09:48,282 | INFO | Training epoch 138, Batch 1000/1000: LR=9.55e-05, Loss=1.76e-02 BER=6.87e-03 FER=1.62e-01
2025-10-27 17:09:48,368 | INFO | Epoch 138 Train Time 20.058138132095337s

2025-10-27 17:10:09,728 | INFO | Training epoch 139, Batch 1000/1000: LR=9.54e-05, Loss=1.76e-02 BER=6.84e-03 FER=1.63e-01
2025-10-27 17:10:09,800 | INFO | Epoch 139 Train Time 21.43178081512451s

2025-10-27 17:10:30,019 | INFO | Training epoch 140, Batch 1000/1000: LR=9.54e-05, Loss=1.74e-02 BER=6.82e-03 FER=1.62e-01
2025-10-27 17:10:30,090 | INFO | Epoch 140 Train Time 20.288742542266846s

2025-10-27 17:10:52,111 | INFO | Training epoch 141, Batch 1000/1000: LR=9.53e-05, Loss=1.76e-02 BER=6.87e-03 FER=1.63e-01
2025-10-27 17:10:52,194 | INFO | Epoch 141 Train Time 22.10260009765625s

2025-10-27 17:11:12,742 | INFO | Training epoch 142, Batch 1000/1000: LR=9.52e-05, Loss=1.77e-02 BER=6.93e-03 FER=1.63e-01
2025-10-27 17:11:12,801 | INFO | Epoch 142 Train Time 20.605437755584717s

2025-10-27 17:11:31,676 | INFO | Training epoch 143, Batch 1000/1000: LR=9.52e-05, Loss=1.75e-02 BER=6.84e-03 FER=1.62e-01
2025-10-27 17:11:31,731 | INFO | Epoch 143 Train Time 18.92863965034485s

2025-10-27 17:11:52,413 | INFO | Training epoch 144, Batch 1000/1000: LR=9.51e-05, Loss=1.76e-02 BER=6.87e-03 FER=1.63e-01
2025-10-27 17:11:52,467 | INFO | Epoch 144 Train Time 20.73518943786621s

2025-10-27 17:12:12,023 | INFO | Training epoch 145, Batch 1000/1000: LR=9.50e-05, Loss=1.75e-02 BER=6.83e-03 FER=1.62e-01
2025-10-27 17:12:12,086 | INFO | Epoch 145 Train Time 19.618079900741577s

2025-10-27 17:12:33,222 | INFO | Training epoch 146, Batch 1000/1000: LR=9.50e-05, Loss=1.74e-02 BER=6.76e-03 FER=1.61e-01
2025-10-27 17:12:33,292 | INFO | Epoch 146 Train Time 21.20499277114868s

2025-10-27 17:12:54,529 | INFO | Training epoch 147, Batch 1000/1000: LR=9.49e-05, Loss=1.77e-02 BER=6.88e-03 FER=1.64e-01
2025-10-27 17:12:54,599 | INFO | Epoch 147 Train Time 21.306217670440674s

2025-10-27 17:13:14,641 | INFO | Training epoch 148, Batch 1000/1000: LR=9.48e-05, Loss=1.76e-02 BER=6.85e-03 FER=1.63e-01
2025-10-27 17:13:14,711 | INFO | Epoch 148 Train Time 20.109730005264282s

2025-10-27 17:13:36,623 | INFO | Training epoch 149, Batch 1000/1000: LR=9.47e-05, Loss=1.75e-02 BER=6.82e-03 FER=1.62e-01
2025-10-27 17:13:36,704 | INFO | Epoch 149 Train Time 21.991539239883423s

2025-10-27 17:13:56,710 | INFO | Training epoch 150, Batch 1000/1000: LR=9.47e-05, Loss=1.75e-02 BER=6.83e-03 FER=1.62e-01
2025-10-27 17:13:56,782 | INFO | Epoch 150 Train Time 20.077897310256958s

2025-10-27 17:14:15,801 | INFO | Training epoch 151, Batch 1000/1000: LR=9.46e-05, Loss=1.77e-02 BER=6.93e-03 FER=1.63e-01
2025-10-27 17:14:15,857 | INFO | Epoch 151 Train Time 19.072710514068604s

2025-10-27 17:14:36,219 | INFO | Training epoch 152, Batch 1000/1000: LR=9.45e-05, Loss=1.74e-02 BER=6.77e-03 FER=1.61e-01
2025-10-27 17:14:36,297 | INFO | Epoch 152 Train Time 20.439512729644775s

2025-10-27 17:14:59,128 | INFO | Training epoch 153, Batch 1000/1000: LR=9.45e-05, Loss=1.74e-02 BER=6.79e-03 FER=1.61e-01
2025-10-27 17:14:59,213 | INFO | Epoch 153 Train Time 22.91524052619934s

2025-10-27 17:15:18,116 | INFO | Training epoch 154, Batch 1000/1000: LR=9.44e-05, Loss=1.77e-02 BER=6.88e-03 FER=1.63e-01
2025-10-27 17:15:18,184 | INFO | Epoch 154 Train Time 18.968921661376953s

2025-10-27 17:15:38,736 | INFO | Training epoch 155, Batch 1000/1000: LR=9.43e-05, Loss=1.77e-02 BER=6.87e-03 FER=1.63e-01
2025-10-27 17:15:38,803 | INFO | Epoch 155 Train Time 20.61784791946411s

2025-10-27 17:15:58,898 | INFO | Training epoch 156, Batch 1000/1000: LR=9.42e-05, Loss=1.75e-02 BER=6.83e-03 FER=1.63e-01
2025-10-27 17:15:58,955 | INFO | Epoch 156 Train Time 20.151142597198486s

2025-10-27 17:16:18,214 | INFO | Training epoch 157, Batch 1000/1000: LR=9.42e-05, Loss=1.75e-02 BER=6.82e-03 FER=1.63e-01
2025-10-27 17:16:18,263 | INFO | Epoch 157 Train Time 19.307677268981934s

2025-10-27 17:16:39,112 | INFO | Training epoch 158, Batch 1000/1000: LR=9.41e-05, Loss=1.75e-02 BER=6.83e-03 FER=1.62e-01
2025-10-27 17:16:39,191 | INFO | Epoch 158 Train Time 20.926240921020508s

2025-10-27 17:16:59,231 | INFO | Training epoch 159, Batch 1000/1000: LR=9.40e-05, Loss=1.73e-02 BER=6.78e-03 FER=1.61e-01
2025-10-27 17:16:59,312 | INFO | Epoch 159 Train Time 20.11889386177063s

2025-10-27 17:17:19,608 | INFO | Training epoch 160, Batch 1000/1000: LR=9.40e-05, Loss=1.74e-02 BER=6.81e-03 FER=1.62e-01
2025-10-27 17:17:19,665 | INFO | Epoch 160 Train Time 20.352442502975464s

2025-10-27 17:17:40,148 | INFO | Training epoch 161, Batch 1000/1000: LR=9.39e-05, Loss=1.76e-02 BER=6.87e-03 FER=1.63e-01
2025-10-27 17:17:40,230 | INFO | Epoch 161 Train Time 20.563942670822144s

2025-10-27 17:17:59,821 | INFO | Training epoch 162, Batch 1000/1000: LR=9.38e-05, Loss=1.75e-02 BER=6.87e-03 FER=1.63e-01
2025-10-27 17:17:59,883 | INFO | Epoch 162 Train Time 19.651079416275024s

2025-10-27 17:18:20,321 | INFO | Training epoch 163, Batch 1000/1000: LR=9.37e-05, Loss=1.74e-02 BER=6.81e-03 FER=1.62e-01
2025-10-27 17:18:20,384 | INFO | Epoch 163 Train Time 20.500880002975464s

2025-10-27 17:18:39,929 | INFO | Training epoch 164, Batch 1000/1000: LR=9.37e-05, Loss=1.75e-02 BER=6.83e-03 FER=1.62e-01
2025-10-27 17:18:39,996 | INFO | Epoch 164 Train Time 19.60923480987549s

2025-10-27 17:19:02,150 | INFO | Training epoch 165, Batch 1000/1000: LR=9.36e-05, Loss=1.75e-02 BER=6.80e-03 FER=1.62e-01
2025-10-27 17:19:02,247 | INFO | Epoch 165 Train Time 22.2498676776886s

2025-10-27 17:19:22,005 | INFO | Training epoch 166, Batch 1000/1000: LR=9.35e-05, Loss=1.76e-02 BER=6.84e-03 FER=1.62e-01
2025-10-27 17:19:22,067 | INFO | Epoch 166 Train Time 19.819648027420044s

2025-10-27 17:19:40,963 | INFO | Training epoch 167, Batch 1000/1000: LR=9.34e-05, Loss=1.74e-02 BER=6.79e-03 FER=1.61e-01
2025-10-27 17:19:41,044 | INFO | Epoch 167 Train Time 18.975943326950073s

2025-10-27 17:20:01,899 | INFO | Training epoch 168, Batch 1000/1000: LR=9.33e-05, Loss=1.76e-02 BER=6.89e-03 FER=1.63e-01
2025-10-27 17:20:01,989 | INFO | Epoch 168 Train Time 20.94371509552002s

2025-10-27 17:20:23,103 | INFO | Training epoch 169, Batch 1000/1000: LR=9.33e-05, Loss=1.74e-02 BER=6.81e-03 FER=1.61e-01
2025-10-27 17:20:23,162 | INFO | Epoch 169 Train Time 21.171998977661133s

2025-10-27 17:20:42,250 | INFO | Training epoch 170, Batch 1000/1000: LR=9.32e-05, Loss=1.77e-02 BER=6.88e-03 FER=1.63e-01
2025-10-27 17:20:42,320 | INFO | Epoch 170 Train Time 19.156489849090576s

2025-10-27 17:21:04,430 | INFO | Training epoch 171, Batch 1000/1000: LR=9.31e-05, Loss=1.76e-02 BER=6.87e-03 FER=1.63e-01
2025-10-27 17:21:04,501 | INFO | Epoch 171 Train Time 22.17908501625061s

2025-10-27 17:21:25,234 | INFO | Training epoch 172, Batch 1000/1000: LR=9.30e-05, Loss=1.77e-02 BER=6.91e-03 FER=1.63e-01
2025-10-27 17:21:25,306 | INFO | Epoch 172 Train Time 20.804564476013184s

2025-10-27 17:21:45,646 | INFO | Training epoch 173, Batch 1000/1000: LR=9.29e-05, Loss=1.76e-02 BER=6.90e-03 FER=1.64e-01
2025-10-27 17:21:45,715 | INFO | Epoch 173 Train Time 20.407682418823242s

2025-10-27 17:22:08,331 | INFO | Training epoch 174, Batch 1000/1000: LR=9.29e-05, Loss=1.75e-02 BER=6.81e-03 FER=1.62e-01
2025-10-27 17:22:08,395 | INFO | Epoch 174 Train Time 22.67794704437256s

2025-10-27 17:22:27,523 | INFO | Training epoch 175, Batch 1000/1000: LR=9.28e-05, Loss=1.75e-02 BER=6.80e-03 FER=1.61e-01
2025-10-27 17:22:27,573 | INFO | Epoch 175 Train Time 19.176800966262817s

2025-10-27 17:22:47,149 | INFO | Training epoch 176, Batch 1000/1000: LR=9.27e-05, Loss=1.75e-02 BER=6.83e-03 FER=1.62e-01
2025-10-27 17:22:47,250 | INFO | Epoch 176 Train Time 19.675954580307007s

2025-10-27 17:23:05,708 | INFO | Training epoch 177, Batch 1000/1000: LR=9.26e-05, Loss=1.76e-02 BER=6.83e-03 FER=1.63e-01
2025-10-27 17:23:05,774 | INFO | Epoch 177 Train Time 18.522852897644043s

2025-10-27 17:23:24,527 | INFO | Training epoch 178, Batch 1000/1000: LR=9.25e-05, Loss=1.75e-02 BER=6.83e-03 FER=1.63e-01
2025-10-27 17:23:24,572 | INFO | Epoch 178 Train Time 18.796401739120483s

2025-10-27 17:23:45,315 | INFO | Training epoch 179, Batch 1000/1000: LR=9.25e-05, Loss=1.75e-02 BER=6.83e-03 FER=1.62e-01
2025-10-27 17:23:45,395 | INFO | Epoch 179 Train Time 20.82194471359253s

2025-10-27 17:24:06,303 | INFO | Training epoch 180, Batch 1000/1000: LR=9.24e-05, Loss=1.76e-02 BER=6.86e-03 FER=1.63e-01
2025-10-27 17:24:06,361 | INFO | Epoch 180 Train Time 20.964680671691895s

2025-10-27 17:24:27,505 | INFO | Training epoch 181, Batch 1000/1000: LR=9.23e-05, Loss=1.76e-02 BER=6.87e-03 FER=1.63e-01
2025-10-27 17:24:27,562 | INFO | Epoch 181 Train Time 21.200223207473755s

2025-10-27 17:24:46,265 | INFO | Training epoch 182, Batch 1000/1000: LR=9.22e-05, Loss=1.75e-02 BER=6.79e-03 FER=1.62e-01
2025-10-27 17:24:46,317 | INFO | Epoch 182 Train Time 18.754613399505615s

2025-10-27 17:25:09,039 | INFO | Training epoch 183, Batch 1000/1000: LR=9.21e-05, Loss=1.74e-02 BER=6.79e-03 FER=1.61e-01
2025-10-27 17:25:09,126 | INFO | Epoch 183 Train Time 22.808255195617676s

2025-10-27 17:25:31,325 | INFO | Training epoch 184, Batch 1000/1000: LR=9.20e-05, Loss=1.75e-02 BER=6.81e-03 FER=1.61e-01
2025-10-27 17:25:31,384 | INFO | Epoch 184 Train Time 22.255141973495483s

2025-10-27 17:25:49,197 | INFO | Training epoch 185, Batch 1000/1000: LR=9.20e-05, Loss=1.75e-02 BER=6.87e-03 FER=1.63e-01
2025-10-27 17:25:49,248 | INFO | Epoch 185 Train Time 17.863967180252075s

2025-10-27 17:26:06,106 | INFO | Training epoch 186, Batch 1000/1000: LR=9.19e-05, Loss=1.77e-02 BER=6.88e-03 FER=1.64e-01
2025-10-27 17:26:06,177 | INFO | Epoch 186 Train Time 16.927370309829712s

2025-10-27 17:26:25,221 | INFO | Training epoch 187, Batch 1000/1000: LR=9.18e-05, Loss=1.75e-02 BER=6.81e-03 FER=1.62e-01
2025-10-27 17:26:25,291 | INFO | Epoch 187 Train Time 19.111851692199707s

2025-10-27 17:26:44,206 | INFO | Training epoch 188, Batch 1000/1000: LR=9.17e-05, Loss=1.75e-02 BER=6.84e-03 FER=1.62e-01
2025-10-27 17:26:44,277 | INFO | Epoch 188 Train Time 18.985080242156982s

2025-10-27 17:27:03,543 | INFO | Training epoch 189, Batch 1000/1000: LR=9.16e-05, Loss=1.75e-02 BER=6.86e-03 FER=1.63e-01
2025-10-27 17:27:03,617 | INFO | Epoch 189 Train Time 19.33892273902893s

2025-10-27 17:27:24,021 | INFO | Training epoch 190, Batch 1000/1000: LR=9.15e-05, Loss=1.74e-02 BER=6.77e-03 FER=1.60e-01
2025-10-27 17:27:24,087 | INFO | Epoch 190 Train Time 20.469860076904297s

2025-10-27 17:27:42,720 | INFO | Training epoch 191, Batch 1000/1000: LR=9.14e-05, Loss=1.75e-02 BER=6.83e-03 FER=1.62e-01
2025-10-27 17:27:42,799 | INFO | Epoch 191 Train Time 18.709440231323242s

2025-10-27 17:28:03,621 | INFO | Training epoch 192, Batch 1000/1000: LR=9.14e-05, Loss=1.77e-02 BER=6.92e-03 FER=1.63e-01
2025-10-27 17:28:03,688 | INFO | Epoch 192 Train Time 20.88792848587036s

2025-10-27 17:28:23,094 | INFO | Training epoch 193, Batch 1000/1000: LR=9.13e-05, Loss=1.74e-02 BER=6.79e-03 FER=1.61e-01
2025-10-27 17:28:23,155 | INFO | Epoch 193 Train Time 19.46696400642395s

2025-10-27 17:28:41,523 | INFO | Training epoch 194, Batch 1000/1000: LR=9.12e-05, Loss=1.75e-02 BER=6.81e-03 FER=1.62e-01
2025-10-27 17:28:41,586 | INFO | Epoch 194 Train Time 18.43023419380188s

2025-10-27 17:29:00,538 | INFO | Training epoch 195, Batch 1000/1000: LR=9.11e-05, Loss=1.75e-02 BER=6.85e-03 FER=1.62e-01
2025-10-27 17:29:00,612 | INFO | Epoch 195 Train Time 19.02509069442749s

2025-10-27 17:29:22,533 | INFO | Training epoch 196, Batch 1000/1000: LR=9.10e-05, Loss=1.75e-02 BER=6.88e-03 FER=1.63e-01
2025-10-27 17:29:22,607 | INFO | Epoch 196 Train Time 21.993248224258423s

2025-10-27 17:29:44,532 | INFO | Training epoch 197, Batch 1000/1000: LR=9.09e-05, Loss=1.75e-02 BER=6.79e-03 FER=1.62e-01
2025-10-27 17:29:44,592 | INFO | Epoch 197 Train Time 21.98371386528015s

2025-10-27 17:30:05,114 | INFO | Training epoch 198, Batch 1000/1000: LR=9.08e-05, Loss=1.73e-02 BER=6.76e-03 FER=1.60e-01
2025-10-27 17:30:05,201 | INFO | Epoch 198 Train Time 20.609058380126953s

2025-10-27 17:30:23,403 | INFO | Training epoch 199, Batch 1000/1000: LR=9.07e-05, Loss=1.76e-02 BER=6.86e-03 FER=1.62e-01
2025-10-27 17:30:23,482 | INFO | Epoch 199 Train Time 18.27962040901184s

2025-10-27 17:30:43,440 | INFO | Training epoch 200, Batch 1000/1000: LR=9.06e-05, Loss=1.74e-02 BER=6.78e-03 FER=1.61e-01
2025-10-27 17:30:43,534 | INFO | Epoch 200 Train Time 20.050776720046997s

2025-10-27 17:31:03,013 | INFO | Training epoch 201, Batch 1000/1000: LR=9.05e-05, Loss=1.74e-02 BER=6.79e-03 FER=1.61e-01
2025-10-27 17:31:03,067 | INFO | Epoch 201 Train Time 19.53182029724121s

2025-10-27 17:31:22,717 | INFO | Training epoch 202, Batch 1000/1000: LR=9.05e-05, Loss=1.76e-02 BER=6.87e-03 FER=1.63e-01
2025-10-27 17:31:22,780 | INFO | Epoch 202 Train Time 19.712685108184814s

2025-10-27 17:31:42,724 | INFO | Training epoch 203, Batch 1000/1000: LR=9.04e-05, Loss=1.74e-02 BER=6.79e-03 FER=1.61e-01
2025-10-27 17:31:42,804 | INFO | Epoch 203 Train Time 20.022545099258423s

2025-10-27 17:32:01,424 | INFO | Training epoch 204, Batch 1000/1000: LR=9.03e-05, Loss=1.76e-02 BER=6.85e-03 FER=1.63e-01
2025-10-27 17:32:01,481 | INFO | Epoch 204 Train Time 18.675133228302002s

2025-10-27 17:32:21,819 | INFO | Training epoch 205, Batch 1000/1000: LR=9.02e-05, Loss=1.75e-02 BER=6.87e-03 FER=1.62e-01
2025-10-27 17:32:21,895 | INFO | Epoch 205 Train Time 20.413053035736084s

2025-10-27 17:32:42,732 | INFO | Training epoch 206, Batch 1000/1000: LR=9.01e-05, Loss=1.74e-02 BER=6.81e-03 FER=1.61e-01
2025-10-27 17:32:42,809 | INFO | Epoch 206 Train Time 20.912271976470947s

2025-10-27 17:33:04,208 | INFO | Training epoch 207, Batch 1000/1000: LR=9.00e-05, Loss=1.76e-02 BER=6.86e-03 FER=1.63e-01
2025-10-27 17:33:04,278 | INFO | Epoch 207 Train Time 21.46796679496765s

2025-10-27 17:33:25,704 | INFO | Training epoch 208, Batch 1000/1000: LR=8.99e-05, Loss=1.76e-02 BER=6.85e-03 FER=1.62e-01
2025-10-27 17:33:25,763 | INFO | Epoch 208 Train Time 21.48434042930603s

2025-10-27 17:33:43,116 | INFO | Training epoch 209, Batch 1000/1000: LR=8.98e-05, Loss=1.76e-02 BER=6.84e-03 FER=1.62e-01
2025-10-27 17:33:43,169 | INFO | Epoch 209 Train Time 17.405078887939453s

2025-10-27 17:34:04,486 | INFO | Training epoch 210, Batch 1000/1000: LR=8.97e-05, Loss=1.74e-02 BER=6.82e-03 FER=1.61e-01
2025-10-27 17:34:04,536 | INFO | Epoch 210 Train Time 21.365431547164917s

2025-10-27 17:34:25,825 | INFO | Training epoch 211, Batch 1000/1000: LR=8.96e-05, Loss=1.74e-02 BER=6.78e-03 FER=1.61e-01
2025-10-27 17:34:25,909 | INFO | Epoch 211 Train Time 21.371121406555176s

2025-10-27 17:34:46,314 | INFO | Training epoch 212, Batch 1000/1000: LR=8.95e-05, Loss=1.76e-02 BER=6.89e-03 FER=1.62e-01
2025-10-27 17:34:46,399 | INFO | Epoch 212 Train Time 20.489057540893555s

2025-10-27 17:35:05,255 | INFO | Training epoch 213, Batch 1000/1000: LR=8.94e-05, Loss=1.74e-02 BER=6.85e-03 FER=1.63e-01
2025-10-27 17:35:05,312 | INFO | Epoch 213 Train Time 18.912286281585693s

2025-10-27 17:35:24,938 | INFO | Training epoch 214, Batch 1000/1000: LR=8.93e-05, Loss=1.74e-02 BER=6.84e-03 FER=1.62e-01
2025-10-27 17:35:24,992 | INFO | Epoch 214 Train Time 19.677590131759644s

2025-10-27 17:35:43,824 | INFO | Training epoch 215, Batch 1000/1000: LR=8.92e-05, Loss=1.74e-02 BER=6.79e-03 FER=1.61e-01
2025-10-27 17:35:43,875 | INFO | Epoch 215 Train Time 18.881635665893555s

2025-10-27 17:36:05,540 | INFO | Training epoch 216, Batch 1000/1000: LR=8.91e-05, Loss=1.75e-02 BER=6.81e-03 FER=1.62e-01
2025-10-27 17:36:05,599 | INFO | Epoch 216 Train Time 21.722787141799927s

2025-10-27 17:36:24,039 | INFO | Training epoch 217, Batch 1000/1000: LR=8.90e-05, Loss=1.74e-02 BER=6.75e-03 FER=1.61e-01
2025-10-27 17:36:24,099 | INFO | Epoch 217 Train Time 18.49860644340515s

2025-10-27 17:36:44,325 | INFO | Training epoch 218, Batch 1000/1000: LR=8.89e-05, Loss=1.74e-02 BER=6.78e-03 FER=1.60e-01
2025-10-27 17:36:44,392 | INFO | Epoch 218 Train Time 20.291820526123047s

2025-10-27 17:37:04,134 | INFO | Training epoch 219, Batch 1000/1000: LR=8.88e-05, Loss=1.75e-02 BER=6.84e-03 FER=1.62e-01
2025-10-27 17:37:04,212 | INFO | Epoch 219 Train Time 19.818842887878418s

2025-10-27 17:37:26,145 | INFO | Training epoch 220, Batch 1000/1000: LR=8.87e-05, Loss=1.76e-02 BER=6.88e-03 FER=1.63e-01
2025-10-27 17:37:26,212 | INFO | Epoch 220 Train Time 21.999089002609253s

2025-10-27 17:37:46,024 | INFO | Training epoch 221, Batch 1000/1000: LR=8.86e-05, Loss=1.75e-02 BER=6.82e-03 FER=1.61e-01
2025-10-27 17:37:46,108 | INFO | Epoch 221 Train Time 19.894865036010742s

2025-10-27 17:38:07,117 | INFO | Training epoch 222, Batch 1000/1000: LR=8.85e-05, Loss=1.73e-02 BER=6.76e-03 FER=1.60e-01
2025-10-27 17:38:07,163 | INFO | Epoch 222 Train Time 21.054128646850586s

2025-10-27 17:38:25,098 | INFO | Training epoch 223, Batch 1000/1000: LR=8.84e-05, Loss=1.74e-02 BER=6.74e-03 FER=1.61e-01
2025-10-27 17:38:25,143 | INFO | Epoch 223 Train Time 17.979084253311157s

2025-10-27 17:38:44,617 | INFO | Training epoch 224, Batch 1000/1000: LR=8.83e-05, Loss=1.75e-02 BER=6.87e-03 FER=1.62e-01
2025-10-27 17:38:44,680 | INFO | Epoch 224 Train Time 19.536952018737793s

2025-10-27 17:39:03,608 | INFO | Training epoch 225, Batch 1000/1000: LR=8.82e-05, Loss=1.75e-02 BER=6.85e-03 FER=1.61e-01
2025-10-27 17:39:03,670 | INFO | Epoch 225 Train Time 18.989031076431274s

2025-10-27 17:39:21,909 | INFO | Training epoch 226, Batch 1000/1000: LR=8.81e-05, Loss=1.75e-02 BER=6.86e-03 FER=1.62e-01
2025-10-27 17:39:21,958 | INFO | Epoch 226 Train Time 18.286428928375244s

2025-10-27 17:39:41,314 | INFO | Training epoch 227, Batch 1000/1000: LR=8.80e-05, Loss=1.74e-02 BER=6.81e-03 FER=1.61e-01
2025-10-27 17:39:41,364 | INFO | Epoch 227 Train Time 19.405760288238525s

2025-10-27 17:40:01,512 | INFO | Training epoch 228, Batch 1000/1000: LR=8.79e-05, Loss=1.76e-02 BER=6.84e-03 FER=1.62e-01
2025-10-27 17:40:01,570 | INFO | Epoch 228 Train Time 20.204391479492188s

2025-10-27 17:40:21,445 | INFO | Training epoch 229, Batch 1000/1000: LR=8.78e-05, Loss=1.74e-02 BER=6.86e-03 FER=1.62e-01
2025-10-27 17:40:21,502 | INFO | Epoch 229 Train Time 19.93149971961975s

2025-10-27 17:40:41,516 | INFO | Training epoch 230, Batch 1000/1000: LR=8.77e-05, Loss=1.73e-02 BER=6.76e-03 FER=1.60e-01
2025-10-27 17:40:41,578 | INFO | Epoch 230 Train Time 20.075809717178345s

2025-10-27 17:40:59,620 | INFO | Training epoch 231, Batch 1000/1000: LR=8.76e-05, Loss=1.74e-02 BER=6.81e-03 FER=1.60e-01
2025-10-27 17:40:59,680 | INFO | Epoch 231 Train Time 18.099653005599976s

2025-10-27 17:41:19,624 | INFO | Training epoch 232, Batch 1000/1000: LR=8.75e-05, Loss=1.72e-02 BER=6.74e-03 FER=1.59e-01
2025-10-27 17:41:19,702 | INFO | Epoch 232 Train Time 20.019550323486328s

2025-10-27 17:41:19,702 | INFO | [P1] saving best_model with loss 0.017216 at epoch 232
2025-10-27 17:41:40,554 | INFO | Training epoch 233, Batch 1000/1000: LR=8.74e-05, Loss=1.72e-02 BER=6.71e-03 FER=1.60e-01
2025-10-27 17:41:40,630 | INFO | Epoch 233 Train Time 20.91327977180481s

2025-10-27 17:42:01,596 | INFO | Training epoch 234, Batch 1000/1000: LR=8.73e-05, Loss=1.75e-02 BER=6.81e-03 FER=1.61e-01
2025-10-27 17:42:01,644 | INFO | Epoch 234 Train Time 21.01340365409851s

2025-10-27 17:42:20,872 | INFO | Training epoch 235, Batch 1000/1000: LR=8.72e-05, Loss=1.74e-02 BER=6.80e-03 FER=1.60e-01
2025-10-27 17:42:20,937 | INFO | Epoch 235 Train Time 19.29204559326172s

2025-10-27 17:42:41,108 | INFO | Training epoch 236, Batch 1000/1000: LR=8.71e-05, Loss=1.75e-02 BER=6.86e-03 FER=1.62e-01
2025-10-27 17:42:41,201 | INFO | Epoch 236 Train Time 20.261243104934692s

2025-10-27 17:43:01,144 | INFO | Training epoch 237, Batch 1000/1000: LR=8.70e-05, Loss=1.75e-02 BER=6.83e-03 FER=1.61e-01
2025-10-27 17:43:01,227 | INFO | Epoch 237 Train Time 20.023463010787964s

2025-10-27 17:43:22,316 | INFO | Training epoch 238, Batch 1000/1000: LR=8.69e-05, Loss=1.72e-02 BER=6.73e-03 FER=1.60e-01
2025-10-27 17:43:22,367 | INFO | Epoch 238 Train Time 21.139594793319702s

2025-10-27 17:43:40,238 | INFO | Training epoch 239, Batch 1000/1000: LR=8.68e-05, Loss=1.73e-02 BER=6.79e-03 FER=1.60e-01
2025-10-27 17:43:40,303 | INFO | Epoch 239 Train Time 17.934203624725342s

2025-10-27 17:43:58,905 | INFO | Training epoch 240, Batch 1000/1000: LR=8.67e-05, Loss=1.75e-02 BER=6.83e-03 FER=1.63e-01
2025-10-27 17:43:58,952 | INFO | Epoch 240 Train Time 18.648091316223145s

2025-10-27 17:44:17,538 | INFO | Training epoch 241, Batch 1000/1000: LR=8.66e-05, Loss=1.73e-02 BER=6.75e-03 FER=1.60e-01
2025-10-27 17:44:17,601 | INFO | Epoch 241 Train Time 18.647815704345703s

2025-10-27 17:44:38,253 | INFO | Training epoch 242, Batch 1000/1000: LR=8.65e-05, Loss=1.77e-02 BER=6.90e-03 FER=1.64e-01
2025-10-27 17:44:38,326 | INFO | Epoch 242 Train Time 20.723543643951416s

2025-10-27 17:44:56,836 | INFO | Training epoch 243, Batch 1000/1000: LR=8.64e-05, Loss=1.73e-02 BER=6.75e-03 FER=1.61e-01
2025-10-27 17:44:56,898 | INFO | Epoch 243 Train Time 18.57100510597229s

2025-10-27 17:45:17,017 | INFO | Training epoch 244, Batch 1000/1000: LR=8.63e-05, Loss=1.76e-02 BER=6.83e-03 FER=1.62e-01
2025-10-27 17:45:17,100 | INFO | Epoch 244 Train Time 20.200896501541138s

2025-10-27 17:45:37,245 | INFO | Training epoch 245, Batch 1000/1000: LR=8.62e-05, Loss=1.74e-02 BER=6.80e-03 FER=1.62e-01
2025-10-27 17:45:37,312 | INFO | Epoch 245 Train Time 20.2107572555542s

2025-10-27 17:45:56,241 | INFO | Training epoch 246, Batch 1000/1000: LR=8.60e-05, Loss=1.75e-02 BER=6.83e-03 FER=1.62e-01
2025-10-27 17:45:56,305 | INFO | Epoch 246 Train Time 18.991591930389404s

2025-10-27 17:46:16,249 | INFO | Training epoch 247, Batch 1000/1000: LR=8.59e-05, Loss=1.75e-02 BER=6.81e-03 FER=1.62e-01
2025-10-27 17:46:16,302 | INFO | Epoch 247 Train Time 19.995941400527954s

2025-10-27 17:46:35,051 | INFO | Training epoch 248, Batch 1000/1000: LR=8.58e-05, Loss=1.76e-02 BER=6.86e-03 FER=1.62e-01
2025-10-27 17:46:35,102 | INFO | Epoch 248 Train Time 18.799304723739624s

2025-10-27 17:46:56,038 | INFO | Training epoch 249, Batch 1000/1000: LR=8.57e-05, Loss=1.73e-02 BER=6.74e-03 FER=1.60e-01
2025-10-27 17:46:56,096 | INFO | Epoch 249 Train Time 20.992744207382202s

2025-10-27 17:47:16,547 | INFO | Training epoch 250, Batch 1000/1000: LR=8.56e-05, Loss=1.75e-02 BER=6.79e-03 FER=1.61e-01
2025-10-27 17:47:16,611 | INFO | Epoch 250 Train Time 20.514040231704712s

2025-10-27 17:47:35,695 | INFO | Training epoch 251, Batch 1000/1000: LR=8.55e-05, Loss=1.76e-02 BER=6.88e-03 FER=1.63e-01
2025-10-27 17:47:35,741 | INFO | Epoch 251 Train Time 19.12848162651062s

2025-10-27 17:47:55,833 | INFO | Training epoch 252, Batch 1000/1000: LR=8.54e-05, Loss=1.74e-02 BER=6.79e-03 FER=1.62e-01
2025-10-27 17:47:55,906 | INFO | Epoch 252 Train Time 20.164278984069824s

2025-10-27 17:48:16,449 | INFO | Training epoch 253, Batch 1000/1000: LR=8.53e-05, Loss=1.72e-02 BER=6.75e-03 FER=1.60e-01
2025-10-27 17:48:16,515 | INFO | Epoch 253 Train Time 20.607569694519043s

2025-10-27 17:48:36,999 | INFO | Training epoch 254, Batch 1000/1000: LR=8.52e-05, Loss=1.75e-02 BER=6.85e-03 FER=1.63e-01
2025-10-27 17:48:37,048 | INFO | Epoch 254 Train Time 20.53058910369873s

2025-10-27 17:48:56,842 | INFO | Training epoch 255, Batch 1000/1000: LR=8.51e-05, Loss=1.75e-02 BER=6.87e-03 FER=1.63e-01
2025-10-27 17:48:56,897 | INFO | Epoch 255 Train Time 19.848212718963623s

2025-10-27 17:49:16,537 | INFO | Training epoch 256, Batch 1000/1000: LR=8.49e-05, Loss=1.72e-02 BER=6.74e-03 FER=1.60e-01
2025-10-27 17:49:16,601 | INFO | Epoch 256 Train Time 19.703245401382446s

2025-10-27 17:49:38,542 | INFO | Training epoch 257, Batch 1000/1000: LR=8.48e-05, Loss=1.74e-02 BER=6.83e-03 FER=1.62e-01
2025-10-27 17:49:38,618 | INFO | Epoch 257 Train Time 22.016876459121704s

2025-10-27 17:49:59,410 | INFO | Training epoch 258, Batch 1000/1000: LR=8.47e-05, Loss=1.74e-02 BER=6.87e-03 FER=1.61e-01
2025-10-27 17:49:59,478 | INFO | Epoch 258 Train Time 20.857408046722412s

2025-10-27 17:50:19,688 | INFO | Training epoch 259, Batch 1000/1000: LR=8.46e-05, Loss=1.76e-02 BER=6.86e-03 FER=1.61e-01
2025-10-27 17:50:19,760 | INFO | Epoch 259 Train Time 20.28130054473877s

2025-10-27 17:50:41,084 | INFO | Training epoch 260, Batch 1000/1000: LR=8.45e-05, Loss=1.74e-02 BER=6.82e-03 FER=1.61e-01
2025-10-27 17:50:41,142 | INFO | Epoch 260 Train Time 21.380675315856934s

2025-10-27 17:50:57,713 | INFO | Training epoch 261, Batch 1000/1000: LR=8.44e-05, Loss=1.73e-02 BER=6.77e-03 FER=1.61e-01
2025-10-27 17:50:57,768 | INFO | Epoch 261 Train Time 16.625882863998413s

2025-10-27 17:51:17,189 | INFO | Training epoch 262, Batch 1000/1000: LR=8.43e-05, Loss=1.72e-02 BER=6.69e-03 FER=1.59e-01
2025-10-27 17:51:17,244 | INFO | Epoch 262 Train Time 19.474698781967163s

2025-10-27 17:51:17,245 | INFO | [P1] saving best_model with loss 0.017155 at epoch 262
2025-10-27 17:51:35,041 | INFO | Training epoch 263, Batch 1000/1000: LR=8.42e-05, Loss=1.74e-02 BER=6.80e-03 FER=1.61e-01
2025-10-27 17:51:35,089 | INFO | Epoch 263 Train Time 17.832152128219604s

2025-10-27 17:51:52,740 | INFO | Training epoch 264, Batch 1000/1000: LR=8.40e-05, Loss=1.75e-02 BER=6.81e-03 FER=1.61e-01
2025-10-27 17:51:52,785 | INFO | Epoch 264 Train Time 17.693989992141724s

2025-10-27 17:52:09,909 | INFO | Training epoch 265, Batch 1000/1000: LR=8.39e-05, Loss=1.75e-02 BER=6.82e-03 FER=1.62e-01
2025-10-27 17:52:09,974 | INFO | Epoch 265 Train Time 17.187968730926514s

2025-10-27 17:52:29,627 | INFO | Training epoch 266, Batch 1000/1000: LR=8.38e-05, Loss=1.73e-02 BER=6.79e-03 FER=1.62e-01
2025-10-27 17:52:29,684 | INFO | Epoch 266 Train Time 19.70831847190857s

2025-10-27 17:52:49,593 | INFO | Training epoch 267, Batch 1000/1000: LR=8.37e-05, Loss=1.75e-02 BER=6.81e-03 FER=1.61e-01
2025-10-27 17:52:49,638 | INFO | Epoch 267 Train Time 19.9532413482666s

2025-10-27 17:53:08,735 | INFO | Training epoch 268, Batch 1000/1000: LR=8.36e-05, Loss=1.72e-02 BER=6.74e-03 FER=1.59e-01
2025-10-27 17:53:08,799 | INFO | Epoch 268 Train Time 19.159618616104126s

2025-10-27 17:53:29,302 | INFO | Training epoch 269, Batch 1000/1000: LR=8.35e-05, Loss=1.75e-02 BER=6.82e-03 FER=1.61e-01
2025-10-27 17:53:29,347 | INFO | Epoch 269 Train Time 20.547093629837036s

2025-10-27 17:53:48,553 | INFO | Training epoch 270, Batch 1000/1000: LR=8.34e-05, Loss=1.74e-02 BER=6.81e-03 FER=1.61e-01
2025-10-27 17:53:48,608 | INFO | Epoch 270 Train Time 19.25962233543396s

2025-10-27 17:54:07,435 | INFO | Training epoch 271, Batch 1000/1000: LR=8.32e-05, Loss=1.74e-02 BER=6.80e-03 FER=1.61e-01
2025-10-27 17:54:07,499 | INFO | Epoch 271 Train Time 18.890459537506104s

2025-10-27 17:54:27,825 | INFO | Training epoch 272, Batch 1000/1000: LR=8.31e-05, Loss=1.73e-02 BER=6.78e-03 FER=1.60e-01
2025-10-27 17:54:27,894 | INFO | Epoch 272 Train Time 20.393851280212402s

2025-10-27 17:54:48,286 | INFO | Training epoch 273, Batch 1000/1000: LR=8.30e-05, Loss=1.74e-02 BER=6.79e-03 FER=1.61e-01
2025-10-27 17:54:48,341 | INFO | Epoch 273 Train Time 20.44580578804016s

2025-10-27 17:55:07,747 | INFO | Training epoch 274, Batch 1000/1000: LR=8.29e-05, Loss=1.74e-02 BER=6.81e-03 FER=1.61e-01
2025-10-27 17:55:07,798 | INFO | Epoch 274 Train Time 19.45650839805603s

2025-10-27 17:55:27,212 | INFO | Training epoch 275, Batch 1000/1000: LR=8.28e-05, Loss=1.74e-02 BER=6.84e-03 FER=1.62e-01
2025-10-27 17:55:27,282 | INFO | Epoch 275 Train Time 19.482604503631592s

2025-10-27 17:55:45,234 | INFO | Training epoch 276, Batch 1000/1000: LR=8.26e-05, Loss=1.73e-02 BER=6.77e-03 FER=1.60e-01
2025-10-27 17:55:45,289 | INFO | Epoch 276 Train Time 18.006719827651978s

2025-10-27 17:56:07,020 | INFO | Training epoch 277, Batch 1000/1000: LR=8.25e-05, Loss=1.73e-02 BER=6.71e-03 FER=1.59e-01
2025-10-27 17:56:07,096 | INFO | Epoch 277 Train Time 21.805869102478027s

2025-10-27 17:56:27,330 | INFO | Training epoch 278, Batch 1000/1000: LR=8.24e-05, Loss=1.73e-02 BER=6.75e-03 FER=1.59e-01
2025-10-27 17:56:27,383 | INFO | Epoch 278 Train Time 20.286195993423462s

2025-10-27 17:56:46,318 | INFO | Training epoch 279, Batch 1000/1000: LR=8.23e-05, Loss=1.72e-02 BER=6.73e-03 FER=1.60e-01
2025-10-27 17:56:46,369 | INFO | Epoch 279 Train Time 18.98578429222107s

2025-10-27 17:57:06,046 | INFO | Training epoch 280, Batch 1000/1000: LR=8.22e-05, Loss=1.72e-02 BER=6.70e-03 FER=1.59e-01
2025-10-27 17:57:06,110 | INFO | Epoch 280 Train Time 19.739412546157837s

2025-10-27 17:57:27,006 | INFO | Training epoch 281, Batch 1000/1000: LR=8.21e-05, Loss=1.74e-02 BER=6.77e-03 FER=1.59e-01
2025-10-27 17:57:27,058 | INFO | Epoch 281 Train Time 20.946529626846313s

2025-10-27 17:57:44,796 | INFO | Training epoch 282, Batch 1000/1000: LR=8.19e-05, Loss=1.73e-02 BER=6.73e-03 FER=1.59e-01
2025-10-27 17:57:44,846 | INFO | Epoch 282 Train Time 17.78768515586853s

2025-10-27 17:58:05,202 | INFO | Training epoch 283, Batch 1000/1000: LR=8.18e-05, Loss=1.75e-02 BER=6.81e-03 FER=1.61e-01
2025-10-27 17:58:05,257 | INFO | Epoch 283 Train Time 20.409481525421143s

2025-10-27 17:58:25,651 | INFO | Training epoch 284, Batch 1000/1000: LR=8.17e-05, Loss=1.73e-02 BER=6.80e-03 FER=1.60e-01
2025-10-27 17:58:25,713 | INFO | Epoch 284 Train Time 20.454588174819946s

2025-10-27 17:58:43,888 | INFO | Training epoch 285, Batch 1000/1000: LR=8.16e-05, Loss=1.72e-02 BER=6.69e-03 FER=1.59e-01
2025-10-27 17:58:43,933 | INFO | Epoch 285 Train Time 18.21921396255493s

2025-10-27 17:59:01,421 | INFO | Training epoch 286, Batch 1000/1000: LR=8.14e-05, Loss=1.72e-02 BER=6.68e-03 FER=1.59e-01
2025-10-27 17:59:01,469 | INFO | Epoch 286 Train Time 17.535072326660156s

2025-10-27 17:59:22,653 | INFO | Training epoch 287, Batch 1000/1000: LR=8.13e-05, Loss=1.72e-02 BER=6.71e-03 FER=1.59e-01
2025-10-27 17:59:22,709 | INFO | Epoch 287 Train Time 21.239093780517578s

2025-10-27 17:59:43,757 | INFO | Training epoch 288, Batch 1000/1000: LR=8.12e-05, Loss=1.75e-02 BER=6.83e-03 FER=1.61e-01
2025-10-27 17:59:43,825 | INFO | Epoch 288 Train Time 21.114773750305176s

2025-10-27 18:00:04,503 | INFO | Training epoch 289, Batch 1000/1000: LR=8.11e-05, Loss=1.73e-02 BER=6.75e-03 FER=1.60e-01
2025-10-27 18:00:04,562 | INFO | Epoch 289 Train Time 20.7351496219635s

2025-10-27 18:00:22,640 | INFO | Training epoch 290, Batch 1000/1000: LR=8.10e-05, Loss=1.75e-02 BER=6.84e-03 FER=1.62e-01
2025-10-27 18:00:22,690 | INFO | Epoch 290 Train Time 18.12740206718445s

2025-10-27 18:00:43,630 | INFO | Training epoch 291, Batch 1000/1000: LR=8.08e-05, Loss=1.72e-02 BER=6.74e-03 FER=1.60e-01
2025-10-27 18:00:43,688 | INFO | Epoch 291 Train Time 20.996777772903442s

2025-10-27 18:01:03,851 | INFO | Training epoch 292, Batch 1000/1000: LR=8.07e-05, Loss=1.73e-02 BER=6.74e-03 FER=1.59e-01
2025-10-27 18:01:03,906 | INFO | Epoch 292 Train Time 20.21614646911621s

2025-10-27 18:01:24,456 | INFO | Training epoch 293, Batch 1000/1000: LR=8.06e-05, Loss=1.74e-02 BER=6.84e-03 FER=1.61e-01
2025-10-27 18:01:24,510 | INFO | Epoch 293 Train Time 20.60316753387451s

2025-10-27 18:01:46,106 | INFO | Training epoch 294, Batch 1000/1000: LR=8.05e-05, Loss=1.74e-02 BER=6.80e-03 FER=1.61e-01
2025-10-27 18:01:46,157 | INFO | Epoch 294 Train Time 21.645292282104492s

2025-10-27 18:02:07,212 | INFO | Training epoch 295, Batch 1000/1000: LR=8.03e-05, Loss=1.73e-02 BER=6.73e-03 FER=1.60e-01
2025-10-27 18:02:07,260 | INFO | Epoch 295 Train Time 21.102415800094604s

2025-10-27 18:02:27,738 | INFO | Training epoch 296, Batch 1000/1000: LR=8.02e-05, Loss=1.74e-02 BER=6.81e-03 FER=1.62e-01
2025-10-27 18:02:27,790 | INFO | Epoch 296 Train Time 20.529148817062378s

2025-10-27 18:02:46,606 | INFO | Training epoch 297, Batch 1000/1000: LR=8.01e-05, Loss=1.73e-02 BER=6.75e-03 FER=1.60e-01
2025-10-27 18:02:46,673 | INFO | Epoch 297 Train Time 18.882155895233154s

2025-10-27 18:03:04,704 | INFO | Training epoch 298, Batch 1000/1000: LR=8.00e-05, Loss=1.74e-02 BER=6.80e-03 FER=1.61e-01
2025-10-27 18:03:04,756 | INFO | Epoch 298 Train Time 18.082765340805054s

2025-10-27 18:03:24,908 | INFO | Training epoch 299, Batch 1000/1000: LR=7.98e-05, Loss=1.73e-02 BER=6.80e-03 FER=1.60e-01
2025-10-27 18:03:24,981 | INFO | Epoch 299 Train Time 20.223437070846558s

2025-10-27 18:03:44,635 | INFO | Training epoch 300, Batch 1000/1000: LR=7.97e-05, Loss=1.74e-02 BER=6.77e-03 FER=1.60e-01
2025-10-27 18:03:44,706 | INFO | Epoch 300 Train Time 19.723862886428833s

2025-10-27 18:04:01,733 | INFO | Training epoch 301, Batch 1000/1000: LR=7.96e-05, Loss=1.74e-02 BER=6.77e-03 FER=1.61e-01
2025-10-27 18:04:01,792 | INFO | Epoch 301 Train Time 17.085306882858276s

2025-10-27 18:04:22,496 | INFO | Training epoch 302, Batch 1000/1000: LR=7.95e-05, Loss=1.73e-02 BER=6.72e-03 FER=1.60e-01
2025-10-27 18:04:22,547 | INFO | Epoch 302 Train Time 20.752748012542725s

2025-10-27 18:04:42,547 | INFO | Training epoch 303, Batch 1000/1000: LR=7.93e-05, Loss=1.72e-02 BER=6.75e-03 FER=1.60e-01
2025-10-27 18:04:42,605 | INFO | Epoch 303 Train Time 20.056816816329956s

2025-10-27 18:05:03,010 | INFO | Training epoch 304, Batch 1000/1000: LR=7.92e-05, Loss=1.73e-02 BER=6.77e-03 FER=1.60e-01
2025-10-27 18:05:03,072 | INFO | Epoch 304 Train Time 20.464885711669922s

2025-10-27 18:05:21,413 | INFO | Training epoch 305, Batch 1000/1000: LR=7.91e-05, Loss=1.73e-02 BER=6.74e-03 FER=1.60e-01
2025-10-27 18:05:21,476 | INFO | Epoch 305 Train Time 18.402129888534546s

2025-10-27 18:05:42,592 | INFO | Training epoch 306, Batch 1000/1000: LR=7.90e-05, Loss=1.74e-02 BER=6.75e-03 FER=1.60e-01
2025-10-27 18:05:42,671 | INFO | Epoch 306 Train Time 21.193109273910522s

2025-10-27 18:06:03,611 | INFO | Training epoch 307, Batch 1000/1000: LR=7.88e-05, Loss=1.73e-02 BER=6.78e-03 FER=1.60e-01
2025-10-27 18:06:03,665 | INFO | Epoch 307 Train Time 20.993602991104126s

2025-10-27 18:06:21,833 | INFO | Training epoch 308, Batch 1000/1000: LR=7.87e-05, Loss=1.73e-02 BER=6.75e-03 FER=1.60e-01
2025-10-27 18:06:21,881 | INFO | Epoch 308 Train Time 18.215638875961304s

2025-10-27 18:06:42,314 | INFO | Training epoch 309, Batch 1000/1000: LR=7.86e-05, Loss=1.76e-02 BER=6.85e-03 FER=1.62e-01
2025-10-27 18:06:42,368 | INFO | Epoch 309 Train Time 20.485816478729248s

2025-10-27 18:07:02,529 | INFO | Training epoch 310, Batch 1000/1000: LR=7.85e-05, Loss=1.74e-02 BER=6.78e-03 FER=1.61e-01
2025-10-27 18:07:02,588 | INFO | Epoch 310 Train Time 20.21896982192993s

2025-10-27 18:07:22,958 | INFO | Training epoch 311, Batch 1000/1000: LR=7.83e-05, Loss=1.74e-02 BER=6.77e-03 FER=1.61e-01
2025-10-27 18:07:23,027 | INFO | Epoch 311 Train Time 20.438400268554688s

2025-10-27 18:07:42,910 | INFO | Training epoch 312, Batch 1000/1000: LR=7.82e-05, Loss=1.74e-02 BER=6.80e-03 FER=1.61e-01
2025-10-27 18:07:42,968 | INFO | Epoch 312 Train Time 19.939836025238037s

2025-10-27 18:08:01,111 | INFO | Training epoch 313, Batch 1000/1000: LR=7.81e-05, Loss=1.74e-02 BER=6.83e-03 FER=1.61e-01
2025-10-27 18:08:01,154 | INFO | Epoch 313 Train Time 18.185146808624268s

2025-10-27 18:08:20,325 | INFO | Training epoch 314, Batch 1000/1000: LR=7.79e-05, Loss=1.73e-02 BER=6.79e-03 FER=1.61e-01
2025-10-27 18:08:20,378 | INFO | Epoch 314 Train Time 19.222986936569214s

2025-10-27 18:08:39,731 | INFO | Training epoch 315, Batch 1000/1000: LR=7.78e-05, Loss=1.73e-02 BER=6.73e-03 FER=1.60e-01
2025-10-27 18:08:39,790 | INFO | Epoch 315 Train Time 19.4105544090271s

2025-10-27 18:09:00,911 | INFO | Training epoch 316, Batch 1000/1000: LR=7.77e-05, Loss=1.73e-02 BER=6.79e-03 FER=1.60e-01
2025-10-27 18:09:00,981 | INFO | Epoch 316 Train Time 21.189759492874146s

2025-10-27 18:09:19,622 | INFO | Training epoch 317, Batch 1000/1000: LR=7.75e-05, Loss=1.71e-02 BER=6.69e-03 FER=1.59e-01
2025-10-27 18:09:19,676 | INFO | Epoch 317 Train Time 18.694339513778687s

2025-10-27 18:09:19,676 | INFO | [P1] saving best_model with loss 0.017127 at epoch 317
2025-10-27 18:09:40,933 | INFO | Training epoch 318, Batch 1000/1000: LR=7.74e-05, Loss=1.75e-02 BER=6.81e-03 FER=1.62e-01
2025-10-27 18:09:41,015 | INFO | Epoch 318 Train Time 21.321085929870605s

2025-10-27 18:10:01,296 | INFO | Training epoch 319, Batch 1000/1000: LR=7.73e-05, Loss=1.75e-02 BER=6.84e-03 FER=1.62e-01
2025-10-27 18:10:01,389 | INFO | Epoch 319 Train Time 20.372589588165283s

2025-10-27 18:10:19,727 | INFO | Training epoch 320, Batch 1000/1000: LR=7.72e-05, Loss=1.72e-02 BER=6.73e-03 FER=1.60e-01
2025-10-27 18:10:19,794 | INFO | Epoch 320 Train Time 18.4040105342865s

2025-10-27 18:10:39,408 | INFO | Training epoch 321, Batch 1000/1000: LR=7.70e-05, Loss=1.73e-02 BER=6.77e-03 FER=1.61e-01
2025-10-27 18:10:39,456 | INFO | Epoch 321 Train Time 19.66055917739868s

2025-10-27 18:11:00,228 | INFO | Training epoch 322, Batch 1000/1000: LR=7.69e-05, Loss=1.75e-02 BER=6.81e-03 FER=1.60e-01
2025-10-27 18:11:00,291 | INFO | Epoch 322 Train Time 20.83393883705139s

2025-10-27 18:11:22,653 | INFO | Training epoch 323, Batch 1000/1000: LR=7.68e-05, Loss=1.74e-02 BER=6.80e-03 FER=1.61e-01
2025-10-27 18:11:22,706 | INFO | Epoch 323 Train Time 22.413902759552002s

2025-10-27 18:11:41,805 | INFO | Training epoch 324, Batch 1000/1000: LR=7.66e-05, Loss=1.75e-02 BER=6.85e-03 FER=1.62e-01
2025-10-27 18:11:41,849 | INFO | Epoch 324 Train Time 19.14310646057129s

2025-10-27 18:11:59,489 | INFO | Training epoch 325, Batch 1000/1000: LR=7.65e-05, Loss=1.73e-02 BER=6.72e-03 FER=1.58e-01
2025-10-27 18:11:59,549 | INFO | Epoch 325 Train Time 17.69838047027588s

2025-10-27 18:12:20,803 | INFO | Training epoch 326, Batch 1000/1000: LR=7.64e-05, Loss=1.73e-02 BER=6.77e-03 FER=1.60e-01
2025-10-27 18:12:20,862 | INFO | Epoch 326 Train Time 21.31302809715271s

2025-10-27 18:12:38,002 | INFO | Training epoch 327, Batch 1000/1000: LR=7.62e-05, Loss=1.74e-02 BER=6.81e-03 FER=1.61e-01
2025-10-27 18:12:38,078 | INFO | Epoch 327 Train Time 17.214985609054565s

2025-10-27 18:12:56,524 | INFO | Training epoch 328, Batch 1000/1000: LR=7.61e-05, Loss=1.76e-02 BER=6.85e-03 FER=1.62e-01
2025-10-27 18:12:56,570 | INFO | Epoch 328 Train Time 18.49070715904236s

2025-10-27 18:13:17,330 | INFO | Training epoch 329, Batch 1000/1000: LR=7.60e-05, Loss=1.74e-02 BER=6.79e-03 FER=1.61e-01
2025-10-27 18:13:17,397 | INFO | Epoch 329 Train Time 20.826515197753906s

2025-10-27 18:13:36,338 | INFO | Training epoch 330, Batch 1000/1000: LR=7.58e-05, Loss=1.74e-02 BER=6.82e-03 FER=1.61e-01
2025-10-27 18:13:36,394 | INFO | Epoch 330 Train Time 18.995028257369995s

2025-10-27 18:13:57,404 | INFO | Training epoch 331, Batch 1000/1000: LR=7.57e-05, Loss=1.72e-02 BER=6.74e-03 FER=1.60e-01
2025-10-27 18:13:57,454 | INFO | Epoch 331 Train Time 21.0584819316864s

2025-10-27 18:14:18,343 | INFO | Training epoch 332, Batch 1000/1000: LR=7.56e-05, Loss=1.72e-02 BER=6.73e-03 FER=1.60e-01
2025-10-27 18:14:18,412 | INFO | Epoch 332 Train Time 20.957408905029297s

2025-10-27 18:14:39,452 | INFO | Training epoch 333, Batch 1000/1000: LR=7.54e-05, Loss=1.73e-02 BER=6.76e-03 FER=1.59e-01
2025-10-27 18:14:39,505 | INFO | Epoch 333 Train Time 21.09170889854431s

2025-10-27 18:15:01,014 | INFO | Training epoch 334, Batch 1000/1000: LR=7.53e-05, Loss=1.73e-02 BER=6.79e-03 FER=1.60e-01
2025-10-27 18:15:01,071 | INFO | Epoch 334 Train Time 21.564358234405518s

2025-10-27 18:15:21,531 | INFO | Training epoch 335, Batch 1000/1000: LR=7.52e-05, Loss=1.75e-02 BER=6.84e-03 FER=1.61e-01
2025-10-27 18:15:21,578 | INFO | Epoch 335 Train Time 20.5053288936615s

2025-10-27 18:15:40,903 | INFO | Training epoch 336, Batch 1000/1000: LR=7.50e-05, Loss=1.72e-02 BER=6.73e-03 FER=1.59e-01
2025-10-27 18:15:40,967 | INFO | Epoch 336 Train Time 19.387437105178833s

2025-10-27 18:15:58,615 | INFO | Training epoch 337, Batch 1000/1000: LR=7.49e-05, Loss=1.74e-02 BER=6.80e-03 FER=1.60e-01
2025-10-27 18:15:58,660 | INFO | Epoch 337 Train Time 17.692796230316162s

2025-10-27 18:16:17,720 | INFO | Training epoch 338, Batch 1000/1000: LR=7.48e-05, Loss=1.72e-02 BER=6.72e-03 FER=1.59e-01
2025-10-27 18:16:17,775 | INFO | Epoch 338 Train Time 19.113869667053223s

2025-10-27 18:16:37,518 | INFO | Training epoch 339, Batch 1000/1000: LR=7.46e-05, Loss=1.73e-02 BER=6.77e-03 FER=1.60e-01
2025-10-27 18:16:37,573 | INFO | Epoch 339 Train Time 19.79659938812256s

2025-10-27 18:16:58,355 | INFO | Training epoch 340, Batch 1000/1000: LR=7.45e-05, Loss=1.73e-02 BER=6.78e-03 FER=1.60e-01
2025-10-27 18:16:58,420 | INFO | Epoch 340 Train Time 20.8461434841156s

2025-10-27 18:17:18,848 | INFO | Training epoch 341, Batch 1000/1000: LR=7.43e-05, Loss=1.71e-02 BER=6.66e-03 FER=1.58e-01
2025-10-27 18:17:18,903 | INFO | Epoch 341 Train Time 20.48159408569336s

2025-10-27 18:17:38,938 | INFO | Training epoch 342, Batch 1000/1000: LR=7.42e-05, Loss=1.74e-02 BER=6.77e-03 FER=1.61e-01
2025-10-27 18:17:39,008 | INFO | Epoch 342 Train Time 20.104289293289185s

2025-10-27 18:17:58,234 | INFO | Training epoch 343, Batch 1000/1000: LR=7.41e-05, Loss=1.73e-02 BER=6.77e-03 FER=1.60e-01
2025-10-27 18:17:58,282 | INFO | Epoch 343 Train Time 19.27103543281555s

2025-10-27 18:18:19,349 | INFO | Training epoch 344, Batch 1000/1000: LR=7.39e-05, Loss=1.76e-02 BER=6.88e-03 FER=1.61e-01
2025-10-27 18:18:19,394 | INFO | Epoch 344 Train Time 21.110677003860474s

2025-10-27 18:18:40,751 | INFO | Training epoch 345, Batch 1000/1000: LR=7.38e-05, Loss=1.74e-02 BER=6.80e-03 FER=1.61e-01
2025-10-27 18:18:40,825 | INFO | Epoch 345 Train Time 21.430232524871826s

2025-10-27 18:18:58,412 | INFO | Training epoch 346, Batch 1000/1000: LR=7.37e-05, Loss=1.73e-02 BER=6.76e-03 FER=1.61e-01
2025-10-27 18:18:58,460 | INFO | Epoch 346 Train Time 17.63384771347046s

2025-10-27 18:19:16,806 | INFO | Training epoch 347, Batch 1000/1000: LR=7.35e-05, Loss=1.73e-02 BER=6.75e-03 FER=1.60e-01
2025-10-27 18:19:16,855 | INFO | Epoch 347 Train Time 18.394593238830566s

2025-10-27 18:19:35,724 | INFO | Training epoch 348, Batch 1000/1000: LR=7.34e-05, Loss=1.71e-02 BER=6.72e-03 FER=1.59e-01
2025-10-27 18:19:35,793 | INFO | Epoch 348 Train Time 18.936901569366455s

2025-10-27 18:19:55,525 | INFO | Training epoch 349, Batch 1000/1000: LR=7.32e-05, Loss=1.74e-02 BER=6.77e-03 FER=1.60e-01
2025-10-27 18:19:55,586 | INFO | Epoch 349 Train Time 19.791088581085205s

2025-10-27 18:20:15,538 | INFO | Training epoch 350, Batch 1000/1000: LR=7.31e-05, Loss=1.73e-02 BER=6.76e-03 FER=1.60e-01
2025-10-27 18:20:15,605 | INFO | Epoch 350 Train Time 20.01850199699402s

2025-10-27 18:20:36,141 | INFO | Training epoch 351, Batch 1000/1000: LR=7.30e-05, Loss=1.74e-02 BER=6.81e-03 FER=1.60e-01
2025-10-27 18:20:36,223 | INFO | Epoch 351 Train Time 20.615465879440308s

2025-10-27 18:20:56,946 | INFO | Training epoch 352, Batch 1000/1000: LR=7.28e-05, Loss=1.76e-02 BER=6.89e-03 FER=1.62e-01
2025-10-27 18:20:57,008 | INFO | Epoch 352 Train Time 20.784077644348145s

2025-10-27 18:21:17,219 | INFO | Training epoch 353, Batch 1000/1000: LR=7.27e-05, Loss=1.72e-02 BER=6.75e-03 FER=1.59e-01
2025-10-27 18:21:17,296 | INFO | Epoch 353 Train Time 20.28691577911377s

2025-10-27 18:21:36,734 | INFO | Training epoch 354, Batch 1000/1000: LR=7.26e-05, Loss=1.72e-02 BER=6.70e-03 FER=1.58e-01
2025-10-27 18:21:36,784 | INFO | Epoch 354 Train Time 19.48690629005432s

2025-10-27 18:21:53,879 | INFO | Training epoch 355, Batch 1000/1000: LR=7.24e-05, Loss=1.72e-02 BER=6.70e-03 FER=1.59e-01
2025-10-27 18:21:53,931 | INFO | Epoch 355 Train Time 17.144888877868652s

2025-10-27 18:22:14,943 | INFO | Training epoch 356, Batch 1000/1000: LR=7.23e-05, Loss=1.73e-02 BER=6.77e-03 FER=1.60e-01
2025-10-27 18:22:15,014 | INFO | Epoch 356 Train Time 21.081560373306274s

2025-10-27 18:22:35,828 | INFO | Training epoch 357, Batch 1000/1000: LR=7.21e-05, Loss=1.73e-02 BER=6.79e-03 FER=1.60e-01
2025-10-27 18:22:35,880 | INFO | Epoch 357 Train Time 20.864845991134644s

2025-10-27 18:22:54,435 | INFO | Training epoch 358, Batch 1000/1000: LR=7.20e-05, Loss=1.73e-02 BER=6.77e-03 FER=1.61e-01
2025-10-27 18:22:54,499 | INFO | Epoch 358 Train Time 18.618072509765625s

2025-10-27 18:23:12,898 | INFO | Training epoch 359, Batch 1000/1000: LR=7.19e-05, Loss=1.75e-02 BER=6.82e-03 FER=1.61e-01
2025-10-27 18:23:12,967 | INFO | Epoch 359 Train Time 18.466275691986084s

2025-10-27 18:23:31,489 | INFO | Training epoch 360, Batch 1000/1000: LR=7.17e-05, Loss=1.72e-02 BER=6.71e-03 FER=1.58e-01
2025-10-27 18:23:31,539 | INFO | Epoch 360 Train Time 18.570302724838257s

2025-10-27 18:23:51,620 | INFO | Training epoch 361, Batch 1000/1000: LR=7.16e-05, Loss=1.74e-02 BER=6.76e-03 FER=1.60e-01
2025-10-27 18:23:51,672 | INFO | Epoch 361 Train Time 20.13227367401123s

2025-10-27 18:24:09,439 | INFO | Training epoch 362, Batch 1000/1000: LR=7.14e-05, Loss=1.74e-02 BER=6.77e-03 FER=1.61e-01
2025-10-27 18:24:09,504 | INFO | Epoch 362 Train Time 17.83163833618164s

2025-10-27 18:24:26,808 | INFO | Training epoch 363, Batch 1000/1000: LR=7.13e-05, Loss=1.72e-02 BER=6.77e-03 FER=1.59e-01
2025-10-27 18:24:26,873 | INFO | Epoch 363 Train Time 17.367770433425903s

2025-10-27 18:24:47,310 | INFO | Training epoch 364, Batch 1000/1000: LR=7.12e-05, Loss=1.72e-02 BER=6.74e-03 FER=1.59e-01
2025-10-27 18:24:47,356 | INFO | Epoch 364 Train Time 20.48008632659912s

2025-10-27 18:25:06,899 | INFO | Training epoch 365, Batch 1000/1000: LR=7.10e-05, Loss=1.73e-02 BER=6.72e-03 FER=1.59e-01
2025-10-27 18:25:06,946 | INFO | Epoch 365 Train Time 19.588759660720825s

2025-10-27 18:25:25,242 | INFO | Training epoch 366, Batch 1000/1000: LR=7.09e-05, Loss=1.73e-02 BER=6.77e-03 FER=1.59e-01
2025-10-27 18:25:25,309 | INFO | Epoch 366 Train Time 18.36218500137329s

2025-10-27 18:25:44,625 | INFO | Training epoch 367, Batch 1000/1000: LR=7.07e-05, Loss=1.71e-02 BER=6.69e-03 FER=1.59e-01
2025-10-27 18:25:44,683 | INFO | Epoch 367 Train Time 19.373271942138672s

2025-10-27 18:25:44,684 | INFO | [P1] saving best_model with loss 0.017125 at epoch 367
2025-10-27 18:26:06,039 | INFO | Training epoch 368, Batch 1000/1000: LR=7.06e-05, Loss=1.73e-02 BER=6.77e-03 FER=1.60e-01
2025-10-27 18:26:06,103 | INFO | Epoch 368 Train Time 21.40116858482361s

2025-10-27 18:26:23,901 | INFO | Training epoch 369, Batch 1000/1000: LR=7.04e-05, Loss=1.72e-02 BER=6.71e-03 FER=1.59e-01
2025-10-27 18:26:23,962 | INFO | Epoch 369 Train Time 17.857804536819458s

2025-10-27 18:26:43,098 | INFO | Training epoch 370, Batch 1000/1000: LR=7.03e-05, Loss=1.75e-02 BER=6.87e-03 FER=1.63e-01
2025-10-27 18:26:43,145 | INFO | Epoch 370 Train Time 19.1817467212677s

2025-10-27 18:27:02,920 | INFO | Training epoch 371, Batch 1000/1000: LR=7.02e-05, Loss=1.72e-02 BER=6.76e-03 FER=1.61e-01
2025-10-27 18:27:02,986 | INFO | Epoch 371 Train Time 19.840754508972168s

2025-10-27 18:27:22,312 | INFO | Training epoch 372, Batch 1000/1000: LR=7.00e-05, Loss=1.72e-02 BER=6.75e-03 FER=1.59e-01
2025-10-27 18:27:22,364 | INFO | Epoch 372 Train Time 19.376792907714844s

2025-10-27 18:27:41,645 | INFO | Training epoch 373, Batch 1000/1000: LR=6.99e-05, Loss=1.74e-02 BER=6.80e-03 FER=1.60e-01
2025-10-27 18:27:41,707 | INFO | Epoch 373 Train Time 19.342606782913208s

2025-10-27 18:28:01,832 | INFO | Training epoch 374, Batch 1000/1000: LR=6.97e-05, Loss=1.74e-02 BER=6.79e-03 FER=1.61e-01
2025-10-27 18:28:01,898 | INFO | Epoch 374 Train Time 20.189335107803345s

2025-10-27 18:28:19,814 | INFO | Training epoch 375, Batch 1000/1000: LR=6.96e-05, Loss=1.73e-02 BER=6.74e-03 FER=1.59e-01
2025-10-27 18:28:19,858 | INFO | Epoch 375 Train Time 17.95870852470398s

2025-10-27 18:28:40,516 | INFO | Training epoch 376, Batch 1000/1000: LR=6.94e-05, Loss=1.75e-02 BER=6.83e-03 FER=1.60e-01
2025-10-27 18:28:40,578 | INFO | Epoch 376 Train Time 20.719167470932007s

2025-10-27 18:28:59,210 | INFO | Training epoch 377, Batch 1000/1000: LR=6.93e-05, Loss=1.74e-02 BER=6.79e-03 FER=1.60e-01
2025-10-27 18:28:59,261 | INFO | Epoch 377 Train Time 18.681920051574707s

2025-10-27 18:29:20,317 | INFO | Training epoch 378, Batch 1000/1000: LR=6.92e-05, Loss=1.72e-02 BER=6.77e-03 FER=1.60e-01
2025-10-27 18:29:20,365 | INFO | Epoch 378 Train Time 21.101686477661133s

2025-10-27 18:29:39,927 | INFO | Training epoch 379, Batch 1000/1000: LR=6.90e-05, Loss=1.72e-02 BER=6.76e-03 FER=1.60e-01
2025-10-27 18:29:39,983 | INFO | Epoch 379 Train Time 19.61712121963501s

2025-10-27 18:30:00,144 | INFO | Training epoch 380, Batch 1000/1000: LR=6.89e-05, Loss=1.71e-02 BER=6.70e-03 FER=1.58e-01
2025-10-27 18:30:00,207 | INFO | Epoch 380 Train Time 20.222530126571655s

2025-10-27 18:30:18,395 | INFO | Training epoch 381, Batch 1000/1000: LR=6.87e-05, Loss=1.71e-02 BER=6.72e-03 FER=1.59e-01
2025-10-27 18:30:18,442 | INFO | Epoch 381 Train Time 18.234402894973755s

2025-10-27 18:30:18,443 | INFO | [P1] saving best_model with loss 0.017116 at epoch 381
2025-10-27 18:30:38,099 | INFO | Training epoch 382, Batch 1000/1000: LR=6.86e-05, Loss=1.74e-02 BER=6.80e-03 FER=1.60e-01
2025-10-27 18:30:38,188 | INFO | Epoch 382 Train Time 19.727049350738525s

2025-10-27 18:30:57,651 | INFO | Training epoch 383, Batch 1000/1000: LR=6.84e-05, Loss=1.72e-02 BER=6.75e-03 FER=1.59e-01
2025-10-27 18:30:57,718 | INFO | Epoch 383 Train Time 19.527897596359253s

2025-10-27 18:31:18,731 | INFO | Training epoch 384, Batch 1000/1000: LR=6.83e-05, Loss=1.73e-02 BER=6.74e-03 FER=1.60e-01
2025-10-27 18:31:18,799 | INFO | Epoch 384 Train Time 21.080608367919922s

2025-10-27 18:31:39,763 | INFO | Training epoch 385, Batch 1000/1000: LR=6.81e-05, Loss=1.76e-02 BER=6.92e-03 FER=1.62e-01
2025-10-27 18:31:39,818 | INFO | Epoch 385 Train Time 21.01812767982483s

2025-10-27 18:31:58,806 | INFO | Training epoch 386, Batch 1000/1000: LR=6.80e-05, Loss=1.74e-02 BER=6.83e-03 FER=1.62e-01
2025-10-27 18:31:58,852 | INFO | Epoch 386 Train Time 19.032362461090088s

2025-10-27 18:32:18,706 | INFO | Training epoch 387, Batch 1000/1000: LR=6.79e-05, Loss=1.74e-02 BER=6.86e-03 FER=1.61e-01
2025-10-27 18:32:18,767 | INFO | Epoch 387 Train Time 19.914424896240234s

2025-10-27 18:32:37,918 | INFO | Training epoch 388, Batch 1000/1000: LR=6.77e-05, Loss=1.72e-02 BER=6.73e-03 FER=1.59e-01
2025-10-27 18:32:37,970 | INFO | Epoch 388 Train Time 19.201409101486206s

2025-10-27 18:32:55,799 | INFO | Training epoch 389, Batch 1000/1000: LR=6.76e-05, Loss=1.70e-02 BER=6.65e-03 FER=1.58e-01
2025-10-27 18:32:55,845 | INFO | Epoch 389 Train Time 17.874337434768677s

2025-10-27 18:32:55,845 | INFO | [P1] saving best_model with loss 0.017032 at epoch 389
2025-10-27 18:33:12,305 | INFO | Training epoch 390, Batch 1000/1000: LR=6.74e-05, Loss=1.71e-02 BER=6.70e-03 FER=1.58e-01
2025-10-27 18:33:12,350 | INFO | Epoch 390 Train Time 16.48407220840454s

2025-10-27 18:33:30,422 | INFO | Training epoch 391, Batch 1000/1000: LR=6.73e-05, Loss=1.73e-02 BER=6.74e-03 FER=1.59e-01
2025-10-27 18:33:30,499 | INFO | Epoch 391 Train Time 18.148653030395508s

2025-10-27 18:33:46,109 | INFO | Training epoch 392, Batch 1000/1000: LR=6.71e-05, Loss=1.74e-02 BER=6.77e-03 FER=1.60e-01
2025-10-27 18:33:46,155 | INFO | Epoch 392 Train Time 15.654896259307861s

2025-10-27 18:34:02,593 | INFO | Training epoch 393, Batch 1000/1000: LR=6.70e-05, Loss=1.74e-02 BER=6.78e-03 FER=1.60e-01
2025-10-27 18:34:02,648 | INFO | Epoch 393 Train Time 16.49272847175598s

2025-10-27 18:34:20,855 | INFO | Training epoch 394, Batch 1000/1000: LR=6.68e-05, Loss=1.72e-02 BER=6.76e-03 FER=1.60e-01
2025-10-27 18:34:20,906 | INFO | Epoch 394 Train Time 18.25637125968933s

2025-10-27 18:34:40,749 | INFO | Training epoch 395, Batch 1000/1000: LR=6.67e-05, Loss=1.74e-02 BER=6.79e-03 FER=1.60e-01
2025-10-27 18:34:40,801 | INFO | Epoch 395 Train Time 19.89416527748108s

2025-10-27 18:34:58,620 | INFO | Training epoch 396, Batch 1000/1000: LR=6.65e-05, Loss=1.73e-02 BER=6.75e-03 FER=1.59e-01
2025-10-27 18:34:58,665 | INFO | Epoch 396 Train Time 17.863646507263184s

2025-10-27 18:35:16,238 | INFO | Training epoch 397, Batch 1000/1000: LR=6.64e-05, Loss=1.74e-02 BER=6.80e-03 FER=1.59e-01
2025-10-27 18:35:16,288 | INFO | Epoch 397 Train Time 17.62032437324524s

2025-10-27 18:35:35,218 | INFO | Training epoch 398, Batch 1000/1000: LR=6.62e-05, Loss=1.73e-02 BER=6.79e-03 FER=1.61e-01
2025-10-27 18:35:35,263 | INFO | Epoch 398 Train Time 18.97283148765564s

2025-10-27 18:35:53,807 | INFO | Training epoch 399, Batch 1000/1000: LR=6.61e-05, Loss=1.70e-02 BER=6.65e-03 FER=1.58e-01
2025-10-27 18:35:53,876 | INFO | Epoch 399 Train Time 18.612077474594116s

2025-10-27 18:36:14,809 | INFO | Training epoch 400, Batch 1000/1000: LR=6.59e-05, Loss=1.72e-02 BER=6.72e-03 FER=1.59e-01
2025-10-27 18:36:14,856 | INFO | Epoch 400 Train Time 20.97852897644043s

2025-10-27 18:36:35,416 | INFO | Training epoch 401, Batch 1000/1000: LR=6.58e-05, Loss=1.74e-02 BER=6.81e-03 FER=1.60e-01
2025-10-27 18:36:35,471 | INFO | Epoch 401 Train Time 20.613160848617554s

2025-10-27 18:36:56,094 | INFO | Training epoch 402, Batch 1000/1000: LR=6.56e-05, Loss=1.73e-02 BER=6.78e-03 FER=1.61e-01
2025-10-27 18:36:56,138 | INFO | Epoch 402 Train Time 20.665879249572754s

2025-10-27 18:37:14,019 | INFO | Training epoch 403, Batch 1000/1000: LR=6.55e-05, Loss=1.72e-02 BER=6.72e-03 FER=1.59e-01
2025-10-27 18:37:14,069 | INFO | Epoch 403 Train Time 17.930490732192993s

2025-10-27 18:37:32,825 | INFO | Training epoch 404, Batch 1000/1000: LR=6.54e-05, Loss=1.72e-02 BER=6.69e-03 FER=1.59e-01
2025-10-27 18:37:32,878 | INFO | Epoch 404 Train Time 18.807990789413452s

2025-10-27 18:37:51,093 | INFO | Training epoch 405, Batch 1000/1000: LR=6.52e-05, Loss=1.73e-02 BER=6.79e-03 FER=1.61e-01
2025-10-27 18:37:51,139 | INFO | Epoch 405 Train Time 18.260201930999756s

2025-10-27 18:38:09,616 | INFO | Training epoch 406, Batch 1000/1000: LR=6.51e-05, Loss=1.73e-02 BER=6.79e-03 FER=1.60e-01
2025-10-27 18:38:09,670 | INFO | Epoch 406 Train Time 18.53090810775757s

2025-10-27 18:38:28,529 | INFO | Training epoch 407, Batch 1000/1000: LR=6.49e-05, Loss=1.73e-02 BER=6.72e-03 FER=1.60e-01
2025-10-27 18:38:28,579 | INFO | Epoch 407 Train Time 18.90786361694336s

2025-10-27 18:38:45,791 | INFO | Training epoch 408, Batch 1000/1000: LR=6.48e-05, Loss=1.72e-02 BER=6.71e-03 FER=1.59e-01
2025-10-27 18:38:45,852 | INFO | Epoch 408 Train Time 17.272094249725342s

2025-10-27 18:39:03,530 | INFO | Training epoch 409, Batch 1000/1000: LR=6.46e-05, Loss=1.73e-02 BER=6.76e-03 FER=1.60e-01
2025-10-27 18:39:03,609 | INFO | Epoch 409 Train Time 17.7568838596344s

2025-10-27 18:39:19,915 | INFO | Training epoch 410, Batch 1000/1000: LR=6.45e-05, Loss=1.73e-02 BER=6.78e-03 FER=1.60e-01
2025-10-27 18:39:19,957 | INFO | Epoch 410 Train Time 16.346805572509766s

2025-10-27 18:39:39,358 | INFO | Training epoch 411, Batch 1000/1000: LR=6.43e-05, Loss=1.74e-02 BER=6.74e-03 FER=1.59e-01
2025-10-27 18:39:39,432 | INFO | Epoch 411 Train Time 19.474252462387085s

2025-10-27 18:39:59,819 | INFO | Training epoch 412, Batch 1000/1000: LR=6.42e-05, Loss=1.72e-02 BER=6.74e-03 FER=1.59e-01
2025-10-27 18:39:59,872 | INFO | Epoch 412 Train Time 20.438350439071655s

2025-10-27 18:40:16,011 | INFO | Training epoch 413, Batch 1000/1000: LR=6.40e-05, Loss=1.73e-02 BER=6.76e-03 FER=1.59e-01
2025-10-27 18:40:16,065 | INFO | Epoch 413 Train Time 16.192126750946045s

2025-10-27 18:40:36,003 | INFO | Training epoch 414, Batch 1000/1000: LR=6.39e-05, Loss=1.74e-02 BER=6.77e-03 FER=1.60e-01
2025-10-27 18:40:36,077 | INFO | Epoch 414 Train Time 20.011428833007812s

2025-10-27 18:40:53,732 | INFO | Training epoch 415, Batch 1000/1000: LR=6.37e-05, Loss=1.72e-02 BER=6.71e-03 FER=1.59e-01
2025-10-27 18:40:53,804 | INFO | Epoch 415 Train Time 17.725233793258667s

2025-10-27 18:41:13,741 | INFO | Training epoch 416, Batch 1000/1000: LR=6.36e-05, Loss=1.73e-02 BER=6.77e-03 FER=1.60e-01
2025-10-27 18:41:13,812 | INFO | Epoch 416 Train Time 20.007496118545532s

2025-10-27 18:41:31,992 | INFO | Training epoch 417, Batch 1000/1000: LR=6.34e-05, Loss=1.73e-02 BER=6.75e-03 FER=1.59e-01
2025-10-27 18:41:32,054 | INFO | Epoch 417 Train Time 18.24033522605896s

2025-10-27 18:41:50,626 | INFO | Training epoch 418, Batch 1000/1000: LR=6.33e-05, Loss=1.71e-02 BER=6.69e-03 FER=1.58e-01
2025-10-27 18:41:50,684 | INFO | Epoch 418 Train Time 18.62833881378174s

2025-10-27 18:42:11,313 | INFO | Training epoch 419, Batch 1000/1000: LR=6.31e-05, Loss=1.73e-02 BER=6.74e-03 FER=1.60e-01
2025-10-27 18:42:11,394 | INFO | Epoch 419 Train Time 20.709211111068726s

2025-10-27 18:42:31,110 | INFO | Training epoch 420, Batch 1000/1000: LR=6.30e-05, Loss=1.71e-02 BER=6.67e-03 FER=1.58e-01
2025-10-27 18:42:31,168 | INFO | Epoch 420 Train Time 19.772367238998413s

2025-10-27 18:42:50,643 | INFO | Training epoch 421, Batch 1000/1000: LR=6.28e-05, Loss=1.74e-02 BER=6.79e-03 FER=1.60e-01
2025-10-27 18:42:50,704 | INFO | Epoch 421 Train Time 19.53501582145691s

2025-10-27 18:43:10,240 | INFO | Training epoch 422, Batch 1000/1000: LR=6.27e-05, Loss=1.71e-02 BER=6.69e-03 FER=1.58e-01
2025-10-27 18:43:10,309 | INFO | Epoch 422 Train Time 19.604321241378784s

2025-10-27 18:43:31,207 | INFO | Training epoch 423, Batch 1000/1000: LR=6.25e-05, Loss=1.72e-02 BER=6.76e-03 FER=1.59e-01
2025-10-27 18:43:31,257 | INFO | Epoch 423 Train Time 20.946906328201294s

2025-10-27 18:43:48,710 | INFO | Training epoch 424, Batch 1000/1000: LR=6.24e-05, Loss=1.71e-02 BER=6.71e-03 FER=1.59e-01
2025-10-27 18:43:48,769 | INFO | Epoch 424 Train Time 17.510913610458374s

2025-10-27 18:44:07,196 | INFO | Training epoch 425, Batch 1000/1000: LR=6.22e-05, Loss=1.74e-02 BER=6.78e-03 FER=1.60e-01
2025-10-27 18:44:07,243 | INFO | Epoch 425 Train Time 18.472938537597656s

2025-10-27 18:44:25,946 | INFO | Training epoch 426, Batch 1000/1000: LR=6.21e-05, Loss=1.73e-02 BER=6.75e-03 FER=1.60e-01
2025-10-27 18:44:26,012 | INFO | Epoch 426 Train Time 18.767988204956055s

2025-10-27 18:44:47,195 | INFO | Training epoch 427, Batch 1000/1000: LR=6.19e-05, Loss=1.72e-02 BER=6.70e-03 FER=1.57e-01
2025-10-27 18:44:47,260 | INFO | Epoch 427 Train Time 21.246797800064087s

2025-10-27 18:45:08,346 | INFO | Training epoch 428, Batch 1000/1000: LR=6.18e-05, Loss=1.72e-02 BER=6.71e-03 FER=1.59e-01
2025-10-27 18:45:08,420 | INFO | Epoch 428 Train Time 21.159448385238647s

2025-10-27 18:45:28,310 | INFO | Training epoch 429, Batch 1000/1000: LR=6.16e-05, Loss=1.71e-02 BER=6.70e-03 FER=1.60e-01
2025-10-27 18:45:28,364 | INFO | Epoch 429 Train Time 19.94162678718567s

2025-10-27 18:45:48,416 | INFO | Training epoch 430, Batch 1000/1000: LR=6.14e-05, Loss=1.70e-02 BER=6.65e-03 FER=1.57e-01
2025-10-27 18:45:48,501 | INFO | Epoch 430 Train Time 20.135383129119873s

2025-10-27 18:45:48,502 | INFO | [P1] saving best_model with loss 0.016957 at epoch 430
2025-10-27 18:46:10,249 | INFO | Training epoch 431, Batch 1000/1000: LR=6.13e-05, Loss=1.72e-02 BER=6.73e-03 FER=1.59e-01
2025-10-27 18:46:10,303 | INFO | Epoch 431 Train Time 21.780900478363037s

2025-10-27 18:46:27,728 | INFO | Training epoch 432, Batch 1000/1000: LR=6.11e-05, Loss=1.73e-02 BER=6.79e-03 FER=1.59e-01
2025-10-27 18:46:27,775 | INFO | Epoch 432 Train Time 17.47086524963379s

2025-10-27 18:46:48,336 | INFO | Training epoch 433, Batch 1000/1000: LR=6.10e-05, Loss=1.74e-02 BER=6.82e-03 FER=1.60e-01
2025-10-27 18:46:48,417 | INFO | Epoch 433 Train Time 20.641838788986206s

2025-10-27 18:47:07,429 | INFO | Training epoch 434, Batch 1000/1000: LR=6.08e-05, Loss=1.72e-02 BER=6.77e-03 FER=1.59e-01
2025-10-27 18:47:07,477 | INFO | Epoch 434 Train Time 19.05879282951355s

2025-10-27 18:47:28,637 | INFO | Training epoch 435, Batch 1000/1000: LR=6.07e-05, Loss=1.72e-02 BER=6.74e-03 FER=1.59e-01
2025-10-27 18:47:28,688 | INFO | Epoch 435 Train Time 21.210150241851807s

2025-10-27 18:47:48,530 | INFO | Training epoch 436, Batch 1000/1000: LR=6.05e-05, Loss=1.73e-02 BER=6.78e-03 FER=1.59e-01
2025-10-27 18:47:48,608 | INFO | Epoch 436 Train Time 19.91859269142151s

2025-10-27 18:48:10,926 | INFO | Training epoch 437, Batch 1000/1000: LR=6.04e-05, Loss=1.71e-02 BER=6.68e-03 FER=1.57e-01
2025-10-27 18:48:10,983 | INFO | Epoch 437 Train Time 22.373764753341675s

2025-10-27 18:48:32,429 | INFO | Training epoch 438, Batch 1000/1000: LR=6.02e-05, Loss=1.73e-02 BER=6.76e-03 FER=1.59e-01
2025-10-27 18:48:32,496 | INFO | Epoch 438 Train Time 21.512072324752808s

2025-10-27 18:48:50,537 | INFO | Training epoch 439, Batch 1000/1000: LR=6.01e-05, Loss=1.72e-02 BER=6.77e-03 FER=1.59e-01
2025-10-27 18:48:50,595 | INFO | Epoch 439 Train Time 18.09796667098999s

2025-10-27 18:49:08,416 | INFO | Training epoch 440, Batch 1000/1000: LR=5.99e-05, Loss=1.71e-02 BER=6.68e-03 FER=1.59e-01
2025-10-27 18:49:08,465 | INFO | Epoch 440 Train Time 17.869691848754883s

2025-10-27 18:49:26,621 | INFO | Training epoch 441, Batch 1000/1000: LR=5.98e-05, Loss=1.71e-02 BER=6.69e-03 FER=1.58e-01
2025-10-27 18:49:26,692 | INFO | Epoch 441 Train Time 18.225652933120728s

2025-10-27 18:49:47,322 | INFO | Training epoch 442, Batch 1000/1000: LR=5.96e-05, Loss=1.72e-02 BER=6.75e-03 FER=1.60e-01
2025-10-27 18:49:47,396 | INFO | Epoch 442 Train Time 20.70348596572876s

2025-10-27 18:50:04,721 | INFO | Training epoch 443, Batch 1000/1000: LR=5.95e-05, Loss=1.73e-02 BER=6.79e-03 FER=1.59e-01
2025-10-27 18:50:04,772 | INFO | Epoch 443 Train Time 17.374579429626465s

2025-10-27 18:50:23,614 | INFO | Training epoch 444, Batch 1000/1000: LR=5.93e-05, Loss=1.74e-02 BER=6.79e-03 FER=1.60e-01
2025-10-27 18:50:23,671 | INFO | Epoch 444 Train Time 18.89755153656006s

2025-10-27 18:50:43,538 | INFO | Training epoch 445, Batch 1000/1000: LR=5.92e-05, Loss=1.71e-02 BER=6.71e-03 FER=1.57e-01
2025-10-27 18:50:43,587 | INFO | Epoch 445 Train Time 19.914955139160156s

2025-10-27 18:51:02,517 | INFO | Training epoch 446, Batch 1000/1000: LR=5.90e-05, Loss=1.71e-02 BER=6.70e-03 FER=1.58e-01
2025-10-27 18:51:02,597 | INFO | Epoch 446 Train Time 19.009390830993652s

2025-10-27 18:51:20,642 | INFO | Training epoch 447, Batch 1000/1000: LR=5.89e-05, Loss=1.75e-02 BER=6.87e-03 FER=1.61e-01
2025-10-27 18:51:20,690 | INFO | Epoch 447 Train Time 18.092084407806396s

2025-10-27 18:51:38,506 | INFO | Training epoch 448, Batch 1000/1000: LR=5.87e-05, Loss=1.72e-02 BER=6.75e-03 FER=1.59e-01
2025-10-27 18:51:38,571 | INFO | Epoch 448 Train Time 17.87953758239746s

2025-10-27 18:51:56,917 | INFO | Training epoch 449, Batch 1000/1000: LR=5.86e-05, Loss=1.73e-02 BER=6.74e-03 FER=1.60e-01
2025-10-27 18:51:56,967 | INFO | Epoch 449 Train Time 18.395639181137085s

2025-10-27 18:52:18,564 | INFO | Training epoch 450, Batch 1000/1000: LR=5.84e-05, Loss=1.71e-02 BER=6.64e-03 FER=1.58e-01
2025-10-27 18:52:18,642 | INFO | Epoch 450 Train Time 21.673425674438477s

2025-10-27 18:52:39,447 | INFO | Training epoch 451, Batch 1000/1000: LR=5.82e-05, Loss=1.71e-02 BER=6.68e-03 FER=1.57e-01
2025-10-27 18:52:39,509 | INFO | Epoch 451 Train Time 20.866533517837524s

2025-10-27 18:52:59,827 | INFO | Training epoch 452, Batch 1000/1000: LR=5.81e-05, Loss=1.72e-02 BER=6.76e-03 FER=1.59e-01
2025-10-27 18:52:59,909 | INFO | Epoch 452 Train Time 20.398879766464233s

2025-10-27 18:53:17,110 | INFO | Training epoch 453, Batch 1000/1000: LR=5.79e-05, Loss=1.70e-02 BER=6.63e-03 FER=1.58e-01
2025-10-27 18:53:17,157 | INFO | Epoch 453 Train Time 17.24668598175049s

2025-10-27 18:53:34,992 | INFO | Training epoch 454, Batch 1000/1000: LR=5.78e-05, Loss=1.73e-02 BER=6.77e-03 FER=1.60e-01
2025-10-27 18:53:35,043 | INFO | Epoch 454 Train Time 17.885146379470825s

2025-10-27 18:53:54,418 | INFO | Training epoch 455, Batch 1000/1000: LR=5.76e-05, Loss=1.71e-02 BER=6.69e-03 FER=1.58e-01
2025-10-27 18:53:54,465 | INFO | Epoch 455 Train Time 19.421587228775024s

2025-10-27 18:54:14,743 | INFO | Training epoch 456, Batch 1000/1000: LR=5.75e-05, Loss=1.72e-02 BER=6.73e-03 FER=1.59e-01
2025-10-27 18:54:14,791 | INFO | Epoch 456 Train Time 20.325220346450806s

2025-10-27 18:54:34,499 | INFO | Training epoch 457, Batch 1000/1000: LR=5.73e-05, Loss=1.72e-02 BER=6.74e-03 FER=1.59e-01
2025-10-27 18:54:34,545 | INFO | Epoch 457 Train Time 19.75338578224182s

2025-10-27 18:54:54,465 | INFO | Training epoch 458, Batch 1000/1000: LR=5.72e-05, Loss=1.72e-02 BER=6.70e-03 FER=1.59e-01
2025-10-27 18:54:54,514 | INFO | Epoch 458 Train Time 19.968011140823364s

2025-10-27 18:55:14,528 | INFO | Training epoch 459, Batch 1000/1000: LR=5.70e-05, Loss=1.71e-02 BER=6.69e-03 FER=1.58e-01
2025-10-27 18:55:14,594 | INFO | Epoch 459 Train Time 20.07906985282898s

2025-10-27 18:55:36,539 | INFO | Training epoch 460, Batch 1000/1000: LR=5.69e-05, Loss=1.73e-02 BER=6.75e-03 FER=1.59e-01
2025-10-27 18:55:36,591 | INFO | Epoch 460 Train Time 21.995198965072632s

2025-10-27 18:55:58,548 | INFO | Training epoch 461, Batch 1000/1000: LR=5.67e-05, Loss=1.72e-02 BER=6.73e-03 FER=1.58e-01
2025-10-27 18:55:58,619 | INFO | Epoch 461 Train Time 22.026594400405884s

2025-10-27 18:56:17,395 | INFO | Training epoch 462, Batch 1000/1000: LR=5.65e-05, Loss=1.72e-02 BER=6.74e-03 FER=1.59e-01
2025-10-27 18:56:17,456 | INFO | Epoch 462 Train Time 18.835968494415283s

2025-10-27 18:56:38,940 | INFO | Training epoch 463, Batch 1000/1000: LR=5.64e-05, Loss=1.72e-02 BER=6.70e-03 FER=1.58e-01
2025-10-27 18:56:39,024 | INFO | Epoch 463 Train Time 21.56694483757019s

2025-10-27 18:56:58,124 | INFO | Training epoch 464, Batch 1000/1000: LR=5.62e-05, Loss=1.73e-02 BER=6.74e-03 FER=1.59e-01
2025-10-27 18:56:58,201 | INFO | Epoch 464 Train Time 19.17633557319641s

2025-10-27 18:57:19,360 | INFO | Training epoch 465, Batch 1000/1000: LR=5.61e-05, Loss=1.73e-02 BER=6.76e-03 FER=1.61e-01
2025-10-27 18:57:19,421 | INFO | Epoch 465 Train Time 21.218186855316162s

2025-10-27 18:57:40,313 | INFO | Training epoch 466, Batch 1000/1000: LR=5.59e-05, Loss=1.72e-02 BER=6.74e-03 FER=1.59e-01
2025-10-27 18:57:40,360 | INFO | Epoch 466 Train Time 20.93794846534729s

2025-10-27 18:57:59,903 | INFO | Training epoch 467, Batch 1000/1000: LR=5.58e-05, Loss=1.72e-02 BER=6.78e-03 FER=1.60e-01
2025-10-27 18:57:59,958 | INFO | Epoch 467 Train Time 19.596613883972168s

2025-10-27 18:58:20,010 | INFO | Training epoch 468, Batch 1000/1000: LR=5.56e-05, Loss=1.74e-02 BER=6.78e-03 FER=1.59e-01
2025-10-27 18:58:20,062 | INFO | Epoch 468 Train Time 20.10323143005371s

2025-10-27 18:58:41,840 | INFO | Training epoch 469, Batch 1000/1000: LR=5.55e-05, Loss=1.74e-02 BER=6.80e-03 FER=1.61e-01
2025-10-27 18:58:41,919 | INFO | Epoch 469 Train Time 21.85520315170288s

2025-10-27 18:59:00,137 | INFO | Training epoch 470, Batch 1000/1000: LR=5.53e-05, Loss=1.71e-02 BER=6.72e-03 FER=1.59e-01
2025-10-27 18:59:00,201 | INFO | Epoch 470 Train Time 18.28086256980896s

2025-10-27 18:59:20,208 | INFO | Training epoch 471, Batch 1000/1000: LR=5.52e-05, Loss=1.72e-02 BER=6.75e-03 FER=1.59e-01
2025-10-27 18:59:20,267 | INFO | Epoch 471 Train Time 20.064258337020874s

2025-10-27 18:59:39,240 | INFO | Training epoch 472, Batch 1000/1000: LR=5.50e-05, Loss=1.74e-02 BER=6.79e-03 FER=1.60e-01
2025-10-27 18:59:39,293 | INFO | Epoch 472 Train Time 19.024693965911865s

2025-10-27 18:59:57,918 | INFO | Training epoch 473, Batch 1000/1000: LR=5.48e-05, Loss=1.71e-02 BER=6.70e-03 FER=1.59e-01
2025-10-27 18:59:58,002 | INFO | Epoch 473 Train Time 18.70712375640869s

2025-10-27 19:00:18,390 | INFO | Training epoch 474, Batch 1000/1000: LR=5.47e-05, Loss=1.74e-02 BER=6.84e-03 FER=1.61e-01
2025-10-27 19:00:18,456 | INFO | Epoch 474 Train Time 20.453253984451294s

2025-10-27 19:00:39,446 | INFO | Training epoch 475, Batch 1000/1000: LR=5.45e-05, Loss=1.75e-02 BER=6.81e-03 FER=1.60e-01
2025-10-27 19:00:39,528 | INFO | Epoch 475 Train Time 21.071271181106567s

2025-10-27 19:00:59,836 | INFO | Training epoch 476, Batch 1000/1000: LR=5.44e-05, Loss=1.71e-02 BER=6.67e-03 FER=1.57e-01
2025-10-27 19:00:59,905 | INFO | Epoch 476 Train Time 20.37447953224182s

2025-10-27 19:01:19,533 | INFO | Training epoch 477, Batch 1000/1000: LR=5.42e-05, Loss=1.75e-02 BER=6.79e-03 FER=1.61e-01
2025-10-27 19:01:19,584 | INFO | Epoch 477 Train Time 19.677661895751953s

2025-10-27 19:01:40,743 | INFO | Training epoch 478, Batch 1000/1000: LR=5.41e-05, Loss=1.73e-02 BER=6.77e-03 FER=1.59e-01
2025-10-27 19:01:40,808 | INFO | Epoch 478 Train Time 21.222902297973633s

2025-10-27 19:02:02,108 | INFO | Training epoch 479, Batch 1000/1000: LR=5.39e-05, Loss=1.71e-02 BER=6.70e-03 FER=1.57e-01
2025-10-27 19:02:02,155 | INFO | Epoch 479 Train Time 21.34441328048706s

2025-10-27 19:02:22,404 | INFO | Training epoch 480, Batch 1000/1000: LR=5.38e-05, Loss=1.72e-02 BER=6.71e-03 FER=1.58e-01
2025-10-27 19:02:22,476 | INFO | Epoch 480 Train Time 20.32078790664673s

2025-10-27 19:02:42,640 | INFO | Training epoch 481, Batch 1000/1000: LR=5.36e-05, Loss=1.72e-02 BER=6.70e-03 FER=1.59e-01
2025-10-27 19:02:42,692 | INFO | Epoch 481 Train Time 20.215482473373413s

2025-10-27 19:03:04,403 | INFO | Training epoch 482, Batch 1000/1000: LR=5.35e-05, Loss=1.72e-02 BER=6.74e-03 FER=1.58e-01
2025-10-27 19:03:04,469 | INFO | Epoch 482 Train Time 21.774336576461792s

2025-10-27 19:03:22,110 | INFO | Training epoch 483, Batch 1000/1000: LR=5.33e-05, Loss=1.71e-02 BER=6.69e-03 FER=1.58e-01
2025-10-27 19:03:22,157 | INFO | Epoch 483 Train Time 17.68750309944153s

2025-10-27 19:03:41,396 | INFO | Training epoch 484, Batch 1000/1000: LR=5.31e-05, Loss=1.73e-02 BER=6.74e-03 FER=1.59e-01
2025-10-27 19:03:41,447 | INFO | Epoch 484 Train Time 19.28806734085083s

2025-10-27 19:04:01,656 | INFO | Training epoch 485, Batch 1000/1000: LR=5.30e-05, Loss=1.71e-02 BER=6.70e-03 FER=1.58e-01
2025-10-27 19:04:01,740 | INFO | Epoch 485 Train Time 20.291873693466187s

2025-10-27 19:04:20,430 | INFO | Training epoch 486, Batch 1000/1000: LR=5.28e-05, Loss=1.73e-02 BER=6.77e-03 FER=1.60e-01
2025-10-27 19:04:20,491 | INFO | Epoch 486 Train Time 18.751049041748047s

2025-10-27 19:04:41,414 | INFO | Training epoch 487, Batch 1000/1000: LR=5.27e-05, Loss=1.71e-02 BER=6.67e-03 FER=1.59e-01
2025-10-27 19:04:41,488 | INFO | Epoch 487 Train Time 20.99341320991516s

2025-10-27 19:05:02,136 | INFO | Training epoch 488, Batch 1000/1000: LR=5.25e-05, Loss=1.74e-02 BER=6.80e-03 FER=1.60e-01
2025-10-27 19:05:02,195 | INFO | Epoch 488 Train Time 20.706364393234253s

2025-10-27 19:05:20,698 | INFO | Training epoch 489, Batch 1000/1000: LR=5.24e-05, Loss=1.72e-02 BER=6.72e-03 FER=1.58e-01
2025-10-27 19:05:20,743 | INFO | Epoch 489 Train Time 18.546204090118408s

2025-10-27 19:05:38,300 | INFO | Training epoch 490, Batch 1000/1000: LR=5.22e-05, Loss=1.70e-02 BER=6.67e-03 FER=1.57e-01
2025-10-27 19:05:38,347 | INFO | Epoch 490 Train Time 17.602076292037964s

2025-10-27 19:05:56,206 | INFO | Training epoch 491, Batch 1000/1000: LR=5.21e-05, Loss=1.72e-02 BER=6.72e-03 FER=1.59e-01
2025-10-27 19:05:56,259 | INFO | Epoch 491 Train Time 17.9113028049469s

2025-10-27 19:06:15,735 | INFO | Training epoch 492, Batch 1000/1000: LR=5.19e-05, Loss=1.72e-02 BER=6.70e-03 FER=1.58e-01
2025-10-27 19:06:15,799 | INFO | Epoch 492 Train Time 19.538921117782593s

2025-10-27 19:06:34,106 | INFO | Training epoch 493, Batch 1000/1000: LR=5.17e-05, Loss=1.72e-02 BER=6.71e-03 FER=1.59e-01
2025-10-27 19:06:34,172 | INFO | Epoch 493 Train Time 18.371787309646606s

2025-10-27 19:06:54,708 | INFO | Training epoch 494, Batch 1000/1000: LR=5.16e-05, Loss=1.73e-02 BER=6.76e-03 FER=1.60e-01
2025-10-27 19:06:54,771 | INFO | Epoch 494 Train Time 20.598135471343994s

2025-10-27 19:07:15,742 | INFO | Training epoch 495, Batch 1000/1000: LR=5.14e-05, Loss=1.72e-02 BER=6.73e-03 FER=1.59e-01
2025-10-27 19:07:15,811 | INFO | Epoch 495 Train Time 21.03896141052246s

2025-10-27 19:07:35,212 | INFO | Training epoch 496, Batch 1000/1000: LR=5.13e-05, Loss=1.73e-02 BER=6.76e-03 FER=1.59e-01
2025-10-27 19:07:35,263 | INFO | Epoch 496 Train Time 19.45008087158203s

2025-10-27 19:07:53,830 | INFO | Training epoch 497, Batch 1000/1000: LR=5.11e-05, Loss=1.72e-02 BER=6.73e-03 FER=1.59e-01
2025-10-27 19:07:53,890 | INFO | Epoch 497 Train Time 18.625892877578735s

2025-10-27 19:08:14,621 | INFO | Training epoch 498, Batch 1000/1000: LR=5.10e-05, Loss=1.73e-02 BER=6.80e-03 FER=1.60e-01
2025-10-27 19:08:14,705 | INFO | Epoch 498 Train Time 20.81411647796631s

2025-10-27 19:08:36,134 | INFO | Training epoch 499, Batch 1000/1000: LR=5.08e-05, Loss=1.71e-02 BER=6.68e-03 FER=1.58e-01
2025-10-27 19:08:36,204 | INFO | Epoch 499 Train Time 21.498403072357178s

2025-10-27 19:08:56,344 | INFO | Training epoch 500, Batch 1000/1000: LR=5.07e-05, Loss=1.70e-02 BER=6.67e-03 FER=1.57e-01
2025-10-27 19:08:56,407 | INFO | Epoch 500 Train Time 20.20160961151123s

2025-10-27 19:09:14,408 | INFO | Training epoch 501, Batch 1000/1000: LR=5.05e-05, Loss=1.73e-02 BER=6.77e-03 FER=1.59e-01
2025-10-27 19:09:14,472 | INFO | Epoch 501 Train Time 18.061676740646362s

2025-10-27 19:09:33,118 | INFO | Training epoch 502, Batch 1000/1000: LR=5.03e-05, Loss=1.72e-02 BER=6.75e-03 FER=1.59e-01
2025-10-27 19:09:33,166 | INFO | Epoch 502 Train Time 18.69317317008972s

2025-10-27 19:09:53,821 | INFO | Training epoch 503, Batch 1000/1000: LR=5.02e-05, Loss=1.70e-02 BER=6.62e-03 FER=1.58e-01
2025-10-27 19:09:53,868 | INFO | Epoch 503 Train Time 20.701120138168335s

2025-10-27 19:10:15,208 | INFO | Training epoch 504, Batch 1000/1000: LR=5.00e-05, Loss=1.73e-02 BER=6.77e-03 FER=1.58e-01
2025-10-27 19:10:15,263 | INFO | Epoch 504 Train Time 21.394057512283325s

2025-10-27 19:10:34,131 | INFO | Training epoch 505, Batch 1000/1000: LR=4.99e-05, Loss=1.72e-02 BER=6.75e-03 FER=1.58e-01
2025-10-27 19:10:34,187 | INFO | Epoch 505 Train Time 18.923177003860474s

2025-10-27 19:10:54,431 | INFO | Training epoch 506, Batch 1000/1000: LR=4.97e-05, Loss=1.74e-02 BER=6.81e-03 FER=1.60e-01
2025-10-27 19:10:54,505 | INFO | Epoch 506 Train Time 20.317595720291138s

2025-10-27 19:11:14,932 | INFO | Training epoch 507, Batch 1000/1000: LR=4.96e-05, Loss=1.72e-02 BER=6.72e-03 FER=1.59e-01
2025-10-27 19:11:14,996 | INFO | Epoch 507 Train Time 20.489342212677002s

2025-10-27 19:11:35,412 | INFO | Training epoch 508, Batch 1000/1000: LR=4.94e-05, Loss=1.72e-02 BER=6.76e-03 FER=1.59e-01
2025-10-27 19:11:35,467 | INFO | Epoch 508 Train Time 20.470053672790527s

2025-10-27 19:11:56,451 | INFO | Training epoch 509, Batch 1000/1000: LR=4.93e-05, Loss=1.73e-02 BER=6.77e-03 FER=1.60e-01
2025-10-27 19:11:56,516 | INFO | Epoch 509 Train Time 21.046655654907227s

2025-10-27 19:12:15,620 | INFO | Training epoch 510, Batch 1000/1000: LR=4.91e-05, Loss=1.73e-02 BER=6.73e-03 FER=1.58e-01
2025-10-27 19:12:15,687 | INFO | Epoch 510 Train Time 19.169438362121582s

2025-10-27 19:12:34,019 | INFO | Training epoch 511, Batch 1000/1000: LR=4.89e-05, Loss=1.72e-02 BER=6.77e-03 FER=1.60e-01
2025-10-27 19:12:34,076 | INFO | Epoch 511 Train Time 18.38819670677185s

2025-10-27 19:12:52,411 | INFO | Training epoch 512, Batch 1000/1000: LR=4.88e-05, Loss=1.71e-02 BER=6.67e-03 FER=1.57e-01
2025-10-27 19:12:52,469 | INFO | Epoch 512 Train Time 18.392221689224243s

2025-10-27 19:13:13,523 | INFO | Training epoch 513, Batch 1000/1000: LR=4.86e-05, Loss=1.73e-02 BER=6.75e-03 FER=1.59e-01
2025-10-27 19:13:13,607 | INFO | Epoch 513 Train Time 21.13657236099243s

2025-10-27 19:13:31,214 | INFO | Training epoch 514, Batch 1000/1000: LR=4.85e-05, Loss=1.71e-02 BER=6.70e-03 FER=1.57e-01
2025-10-27 19:13:31,287 | INFO | Epoch 514 Train Time 17.6791934967041s

2025-10-27 19:13:49,225 | INFO | Training epoch 515, Batch 1000/1000: LR=4.83e-05, Loss=1.72e-02 BER=6.74e-03 FER=1.59e-01
2025-10-27 19:13:49,276 | INFO | Epoch 515 Train Time 17.987231016159058s

2025-10-27 19:14:11,207 | INFO | Training epoch 516, Batch 1000/1000: LR=4.82e-05, Loss=1.74e-02 BER=6.81e-03 FER=1.60e-01
2025-10-27 19:14:11,272 | INFO | Epoch 516 Train Time 21.99525475502014s

2025-10-27 19:14:32,193 | INFO | Training epoch 517, Batch 1000/1000: LR=4.80e-05, Loss=1.74e-02 BER=6.80e-03 FER=1.60e-01
2025-10-27 19:14:32,263 | INFO | Epoch 517 Train Time 20.989749431610107s

2025-10-27 19:14:48,998 | INFO | Training epoch 518, Batch 1000/1000: LR=4.79e-05, Loss=1.72e-02 BER=6.74e-03 FER=1.58e-01
2025-10-27 19:14:49,043 | INFO | Epoch 518 Train Time 16.777726888656616s

2025-10-27 19:15:09,319 | INFO | Training epoch 519, Batch 1000/1000: LR=4.77e-05, Loss=1.70e-02 BER=6.65e-03 FER=1.57e-01
2025-10-27 19:15:09,364 | INFO | Epoch 519 Train Time 20.32052707672119s

2025-10-27 19:15:27,605 | INFO | Training epoch 520, Batch 1000/1000: LR=4.75e-05, Loss=1.69e-02 BER=6.62e-03 FER=1.57e-01
2025-10-27 19:15:27,653 | INFO | Epoch 520 Train Time 18.287873029708862s

2025-10-27 19:15:27,653 | INFO | [P1] saving best_model with loss 0.016918 at epoch 520
2025-10-27 19:15:47,891 | INFO | Training epoch 521, Batch 1000/1000: LR=4.74e-05, Loss=1.73e-02 BER=6.78e-03 FER=1.59e-01
2025-10-27 19:15:47,939 | INFO | Epoch 521 Train Time 20.268108367919922s

2025-10-27 19:16:08,312 | INFO | Training epoch 522, Batch 1000/1000: LR=4.72e-05, Loss=1.70e-02 BER=6.67e-03 FER=1.58e-01
2025-10-27 19:16:08,360 | INFO | Epoch 522 Train Time 20.42011570930481s

2025-10-27 19:16:29,119 | INFO | Training epoch 523, Batch 1000/1000: LR=4.71e-05, Loss=1.74e-02 BER=6.78e-03 FER=1.60e-01
2025-10-27 19:16:29,184 | INFO | Epoch 523 Train Time 20.823142051696777s

2025-10-27 19:16:49,936 | INFO | Training epoch 524, Batch 1000/1000: LR=4.69e-05, Loss=1.72e-02 BER=6.73e-03 FER=1.59e-01
2025-10-27 19:16:50,001 | INFO | Epoch 524 Train Time 20.81637716293335s

2025-10-27 19:17:10,256 | INFO | Training epoch 525, Batch 1000/1000: LR=4.68e-05, Loss=1.72e-02 BER=6.73e-03 FER=1.59e-01
2025-10-27 19:17:10,327 | INFO | Epoch 525 Train Time 20.325140476226807s

2025-10-27 19:17:30,627 | INFO | Training epoch 526, Batch 1000/1000: LR=4.66e-05, Loss=1.71e-02 BER=6.74e-03 FER=1.58e-01
2025-10-27 19:17:30,684 | INFO | Epoch 526 Train Time 20.355469703674316s

2025-10-27 19:17:51,940 | INFO | Training epoch 527, Batch 1000/1000: LR=4.65e-05, Loss=1.70e-02 BER=6.67e-03 FER=1.57e-01
2025-10-27 19:17:52,012 | INFO | Epoch 527 Train Time 21.32737922668457s

2025-10-27 19:18:10,121 | INFO | Training epoch 528, Batch 1000/1000: LR=4.63e-05, Loss=1.73e-02 BER=6.77e-03 FER=1.60e-01
2025-10-27 19:18:10,193 | INFO | Epoch 528 Train Time 18.18063473701477s

2025-10-27 19:18:30,516 | INFO | Training epoch 529, Batch 1000/1000: LR=4.62e-05, Loss=1.72e-02 BER=6.73e-03 FER=1.59e-01
2025-10-27 19:18:30,580 | INFO | Epoch 529 Train Time 20.384782552719116s

2025-10-27 19:18:50,805 | INFO | Training epoch 530, Batch 1000/1000: LR=4.60e-05, Loss=1.72e-02 BER=6.74e-03 FER=1.61e-01
2025-10-27 19:18:50,857 | INFO | Epoch 530 Train Time 20.27609944343567s

2025-10-27 19:19:10,017 | INFO | Training epoch 531, Batch 1000/1000: LR=4.58e-05, Loss=1.71e-02 BER=6.67e-03 FER=1.58e-01
2025-10-27 19:19:10,074 | INFO | Epoch 531 Train Time 19.215992212295532s

2025-10-27 19:19:30,943 | INFO | Training epoch 532, Batch 1000/1000: LR=4.57e-05, Loss=1.72e-02 BER=6.72e-03 FER=1.58e-01
2025-10-27 19:19:31,023 | INFO | Epoch 532 Train Time 20.948525190353394s

2025-10-27 19:19:52,735 | INFO | Training epoch 533, Batch 1000/1000: LR=4.55e-05, Loss=1.72e-02 BER=6.75e-03 FER=1.59e-01
2025-10-27 19:19:52,793 | INFO | Epoch 533 Train Time 21.76926898956299s

2025-10-27 19:20:11,633 | INFO | Training epoch 534, Batch 1000/1000: LR=4.54e-05, Loss=1.72e-02 BER=6.75e-03 FER=1.58e-01
2025-10-27 19:20:11,687 | INFO | Epoch 534 Train Time 18.892417430877686s

2025-10-27 19:20:32,508 | INFO | Training epoch 535, Batch 1000/1000: LR=4.52e-05, Loss=1.72e-02 BER=6.73e-03 FER=1.59e-01
2025-10-27 19:20:32,580 | INFO | Epoch 535 Train Time 20.89151620864868s

2025-10-27 19:20:53,555 | INFO | Training epoch 536, Batch 1000/1000: LR=4.51e-05, Loss=1.72e-02 BER=6.72e-03 FER=1.58e-01
2025-10-27 19:20:53,643 | INFO | Epoch 536 Train Time 21.060539484024048s

2025-10-27 19:21:13,334 | INFO | Training epoch 537, Batch 1000/1000: LR=4.49e-05, Loss=1.70e-02 BER=6.65e-03 FER=1.57e-01
2025-10-27 19:21:13,387 | INFO | Epoch 537 Train Time 19.741963148117065s

2025-10-27 19:21:33,532 | INFO | Training epoch 538, Batch 1000/1000: LR=4.48e-05, Loss=1.69e-02 BER=6.63e-03 FER=1.57e-01
2025-10-27 19:21:33,611 | INFO | Epoch 538 Train Time 20.22352385520935s

2025-10-27 19:21:52,527 | INFO | Training epoch 539, Batch 1000/1000: LR=4.46e-05, Loss=1.71e-02 BER=6.67e-03 FER=1.57e-01
2025-10-27 19:21:52,577 | INFO | Epoch 539 Train Time 18.965239763259888s

2025-10-27 19:22:08,732 | INFO | Training epoch 540, Batch 1000/1000: LR=4.45e-05, Loss=1.71e-02 BER=6.71e-03 FER=1.58e-01
2025-10-27 19:22:08,788 | INFO | Epoch 540 Train Time 16.208587169647217s

2025-10-27 19:22:26,429 | INFO | Training epoch 541, Batch 1000/1000: LR=4.43e-05, Loss=1.71e-02 BER=6.70e-03 FER=1.58e-01
2025-10-27 19:22:26,494 | INFO | Epoch 541 Train Time 17.704092502593994s

2025-10-27 19:22:44,019 | INFO | Training epoch 542, Batch 1000/1000: LR=4.41e-05, Loss=1.71e-02 BER=6.71e-03 FER=1.57e-01
2025-10-27 19:22:44,069 | INFO | Epoch 542 Train Time 17.573474645614624s

2025-10-27 19:23:02,122 | INFO | Training epoch 543, Batch 1000/1000: LR=4.40e-05, Loss=1.71e-02 BER=6.67e-03 FER=1.58e-01
2025-10-27 19:23:02,187 | INFO | Epoch 543 Train Time 18.11733913421631s

2025-10-27 19:23:25,050 | INFO | Training epoch 544, Batch 1000/1000: LR=4.38e-05, Loss=1.72e-02 BER=6.71e-03 FER=1.58e-01
2025-10-27 19:23:25,121 | INFO | Epoch 544 Train Time 22.932740926742554s

2025-10-27 19:23:45,223 | INFO | Training epoch 545, Batch 1000/1000: LR=4.37e-05, Loss=1.72e-02 BER=6.71e-03 FER=1.59e-01
2025-10-27 19:23:45,271 | INFO | Epoch 545 Train Time 20.147876262664795s

2025-10-27 19:24:05,716 | INFO | Training epoch 546, Batch 1000/1000: LR=4.35e-05, Loss=1.71e-02 BER=6.68e-03 FER=1.58e-01
2025-10-27 19:24:05,792 | INFO | Epoch 546 Train Time 20.520458221435547s

2025-10-27 19:24:25,216 | INFO | Training epoch 547, Batch 1000/1000: LR=4.34e-05, Loss=1.71e-02 BER=6.69e-03 FER=1.58e-01
2025-10-27 19:24:25,266 | INFO | Epoch 547 Train Time 19.472554683685303s

2025-10-27 19:24:44,134 | INFO | Training epoch 548, Batch 1000/1000: LR=4.32e-05, Loss=1.72e-02 BER=6.76e-03 FER=1.59e-01
2025-10-27 19:24:44,205 | INFO | Epoch 548 Train Time 18.938824892044067s

2025-10-27 19:25:02,725 | INFO | Training epoch 549, Batch 1000/1000: LR=4.31e-05, Loss=1.69e-02 BER=6.59e-03 FER=1.56e-01
2025-10-27 19:25:02,772 | INFO | Epoch 549 Train Time 18.565847635269165s

2025-10-27 19:25:02,772 | INFO | [P1] saving best_model with loss 0.016861 at epoch 549
2025-10-27 19:25:23,933 | INFO | Training epoch 550, Batch 1000/1000: LR=4.29e-05, Loss=1.71e-02 BER=6.72e-03 FER=1.59e-01
2025-10-27 19:25:24,009 | INFO | Epoch 550 Train Time 21.222302675247192s

2025-10-27 19:25:41,830 | INFO | Training epoch 551, Batch 1000/1000: LR=4.28e-05, Loss=1.70e-02 BER=6.66e-03 FER=1.57e-01
2025-10-27 19:25:41,888 | INFO | Epoch 551 Train Time 17.876599073410034s

2025-10-27 19:26:02,904 | INFO | Training epoch 552, Batch 1000/1000: LR=4.26e-05, Loss=1.69e-02 BER=6.62e-03 FER=1.56e-01
2025-10-27 19:26:02,961 | INFO | Epoch 552 Train Time 21.072215795516968s

2025-10-27 19:26:20,104 | INFO | Training epoch 553, Batch 1000/1000: LR=4.24e-05, Loss=1.72e-02 BER=6.70e-03 FER=1.57e-01
2025-10-27 19:26:20,161 | INFO | Epoch 553 Train Time 17.19896936416626s

2025-10-27 19:26:38,328 | INFO | Training epoch 554, Batch 1000/1000: LR=4.23e-05, Loss=1.72e-02 BER=6.75e-03 FER=1.59e-01
2025-10-27 19:26:38,391 | INFO | Epoch 554 Train Time 18.228904485702515s

2025-10-27 19:26:57,508 | INFO | Training epoch 555, Batch 1000/1000: LR=4.21e-05, Loss=1.71e-02 BER=6.71e-03 FER=1.57e-01
2025-10-27 19:26:57,564 | INFO | Epoch 555 Train Time 19.17136526107788s

2025-10-27 19:27:16,628 | INFO | Training epoch 556, Batch 1000/1000: LR=4.20e-05, Loss=1.71e-02 BER=6.69e-03 FER=1.58e-01
2025-10-27 19:27:16,678 | INFO | Epoch 556 Train Time 19.112961769104004s

2025-10-27 19:27:33,530 | INFO | Training epoch 557, Batch 1000/1000: LR=4.18e-05, Loss=1.70e-02 BER=6.69e-03 FER=1.57e-01
2025-10-27 19:27:33,583 | INFO | Epoch 557 Train Time 16.903310775756836s

2025-10-27 19:27:51,413 | INFO | Training epoch 558, Batch 1000/1000: LR=4.17e-05, Loss=1.71e-02 BER=6.65e-03 FER=1.57e-01
2025-10-27 19:27:51,467 | INFO | Epoch 558 Train Time 17.883631944656372s

2025-10-27 19:28:09,924 | INFO | Training epoch 559, Batch 1000/1000: LR=4.15e-05, Loss=1.71e-02 BER=6.67e-03 FER=1.57e-01
2025-10-27 19:28:09,981 | INFO | Epoch 559 Train Time 18.513197898864746s

2025-10-27 19:28:28,756 | INFO | Training epoch 560, Batch 1000/1000: LR=4.14e-05, Loss=1.73e-02 BER=6.80e-03 FER=1.59e-01
2025-10-27 19:28:28,816 | INFO | Epoch 560 Train Time 18.83415699005127s

2025-10-27 19:28:47,641 | INFO | Training epoch 561, Batch 1000/1000: LR=4.12e-05, Loss=1.72e-02 BER=6.66e-03 FER=1.58e-01
2025-10-27 19:28:47,707 | INFO | Epoch 561 Train Time 18.88868474960327s

2025-10-27 19:29:07,306 | INFO | Training epoch 562, Batch 1000/1000: LR=4.11e-05, Loss=1.71e-02 BER=6.66e-03 FER=1.58e-01
2025-10-27 19:29:07,354 | INFO | Epoch 562 Train Time 19.646665334701538s

2025-10-27 19:29:27,507 | INFO | Training epoch 563, Batch 1000/1000: LR=4.09e-05, Loss=1.71e-02 BER=6.67e-03 FER=1.57e-01
2025-10-27 19:29:27,560 | INFO | Epoch 563 Train Time 20.205082178115845s

2025-10-27 19:29:48,422 | INFO | Training epoch 564, Batch 1000/1000: LR=4.08e-05, Loss=1.72e-02 BER=6.76e-03 FER=1.58e-01
2025-10-27 19:29:48,493 | INFO | Epoch 564 Train Time 20.931044101715088s

2025-10-27 19:30:05,192 | INFO | Training epoch 565, Batch 1000/1000: LR=4.06e-05, Loss=1.70e-02 BER=6.67e-03 FER=1.58e-01
2025-10-27 19:30:05,236 | INFO | Epoch 565 Train Time 16.741976261138916s

2025-10-27 19:30:24,447 | INFO | Training epoch 566, Batch 1000/1000: LR=4.05e-05, Loss=1.71e-02 BER=6.68e-03 FER=1.57e-01
2025-10-27 19:30:24,531 | INFO | Epoch 566 Train Time 19.294461965560913s

2025-10-27 19:30:41,927 | INFO | Training epoch 567, Batch 1000/1000: LR=4.03e-05, Loss=1.71e-02 BER=6.66e-03 FER=1.56e-01
2025-10-27 19:30:41,991 | INFO | Epoch 567 Train Time 17.459343671798706s

2025-10-27 19:31:01,697 | INFO | Training epoch 568, Batch 1000/1000: LR=4.02e-05, Loss=1.71e-02 BER=6.63e-03 FER=1.57e-01
2025-10-27 19:31:01,750 | INFO | Epoch 568 Train Time 19.758166074752808s

2025-10-27 19:31:20,695 | INFO | Training epoch 569, Batch 1000/1000: LR=4.00e-05, Loss=1.70e-02 BER=6.66e-03 FER=1.58e-01
2025-10-27 19:31:20,737 | INFO | Epoch 569 Train Time 18.9855740070343s

2025-10-27 19:31:41,542 | INFO | Training epoch 570, Batch 1000/1000: LR=3.99e-05, Loss=1.70e-02 BER=6.61e-03 FER=1.57e-01
2025-10-27 19:31:41,590 | INFO | Epoch 570 Train Time 20.851659774780273s

2025-10-27 19:32:00,825 | INFO | Training epoch 571, Batch 1000/1000: LR=3.97e-05, Loss=1.72e-02 BER=6.70e-03 FER=1.58e-01
2025-10-27 19:32:00,874 | INFO | Epoch 571 Train Time 19.28173065185547s

2025-10-27 19:32:19,009 | INFO | Training epoch 572, Batch 1000/1000: LR=3.96e-05, Loss=1.71e-02 BER=6.68e-03 FER=1.59e-01
2025-10-27 19:32:19,068 | INFO | Epoch 572 Train Time 18.19277334213257s

2025-10-27 19:32:37,505 | INFO | Training epoch 573, Batch 1000/1000: LR=3.94e-05, Loss=1.70e-02 BER=6.65e-03 FER=1.57e-01
2025-10-27 19:32:37,581 | INFO | Epoch 573 Train Time 18.513071060180664s

2025-10-27 19:32:57,428 | INFO | Training epoch 574, Batch 1000/1000: LR=3.92e-05, Loss=1.71e-02 BER=6.68e-03 FER=1.58e-01
2025-10-27 19:32:57,484 | INFO | Epoch 574 Train Time 19.900575637817383s

2025-10-27 19:33:16,499 | INFO | Training epoch 575, Batch 1000/1000: LR=3.91e-05, Loss=1.71e-02 BER=6.69e-03 FER=1.57e-01
2025-10-27 19:33:16,547 | INFO | Epoch 575 Train Time 19.06226110458374s

2025-10-27 19:33:36,652 | INFO | Training epoch 576, Batch 1000/1000: LR=3.89e-05, Loss=1.71e-02 BER=6.70e-03 FER=1.58e-01
2025-10-27 19:33:36,709 | INFO | Epoch 576 Train Time 20.161415338516235s

2025-10-27 19:33:56,009 | INFO | Training epoch 577, Batch 1000/1000: LR=3.88e-05, Loss=1.72e-02 BER=6.75e-03 FER=1.59e-01
2025-10-27 19:33:56,082 | INFO | Epoch 577 Train Time 19.371578216552734s

2025-10-27 19:34:15,927 | INFO | Training epoch 578, Batch 1000/1000: LR=3.86e-05, Loss=1.74e-02 BER=6.81e-03 FER=1.59e-01
2025-10-27 19:34:15,978 | INFO | Epoch 578 Train Time 19.895179510116577s

2025-10-27 19:34:32,321 | INFO | Training epoch 579, Batch 1000/1000: LR=3.85e-05, Loss=1.70e-02 BER=6.64e-03 FER=1.57e-01
2025-10-27 19:34:32,364 | INFO | Epoch 579 Train Time 16.386184215545654s

2025-10-27 19:34:49,716 | INFO | Training epoch 580, Batch 1000/1000: LR=3.83e-05, Loss=1.71e-02 BER=6.70e-03 FER=1.58e-01
2025-10-27 19:34:49,772 | INFO | Epoch 580 Train Time 17.407052993774414s

2025-10-27 19:35:07,112 | INFO | Training epoch 581, Batch 1000/1000: LR=3.82e-05, Loss=1.71e-02 BER=6.69e-03 FER=1.58e-01
2025-10-27 19:35:07,183 | INFO | Epoch 581 Train Time 17.409652948379517s

2025-10-27 19:35:26,637 | INFO | Training epoch 582, Batch 1000/1000: LR=3.80e-05, Loss=1.71e-02 BER=6.71e-03 FER=1.58e-01
2025-10-27 19:35:26,688 | INFO | Epoch 582 Train Time 19.50399613380432s

2025-10-27 19:35:45,712 | INFO | Training epoch 583, Batch 1000/1000: LR=3.79e-05, Loss=1.73e-02 BER=6.77e-03 FER=1.60e-01
2025-10-27 19:35:45,761 | INFO | Epoch 583 Train Time 19.072328805923462s

2025-10-27 19:36:05,541 | INFO | Training epoch 584, Batch 1000/1000: LR=3.77e-05, Loss=1.72e-02 BER=6.66e-03 FER=1.58e-01
2025-10-27 19:36:05,598 | INFO | Epoch 584 Train Time 19.834309816360474s

2025-10-27 19:36:23,192 | INFO | Training epoch 585, Batch 1000/1000: LR=3.76e-05, Loss=1.72e-02 BER=6.71e-03 FER=1.58e-01
2025-10-27 19:36:23,245 | INFO | Epoch 585 Train Time 17.64529299736023s

2025-10-27 19:36:40,811 | INFO | Training epoch 586, Batch 1000/1000: LR=3.74e-05, Loss=1.72e-02 BER=6.74e-03 FER=1.60e-01
2025-10-27 19:36:40,857 | INFO | Epoch 586 Train Time 17.610949516296387s

2025-10-27 19:37:00,624 | INFO | Training epoch 587, Batch 1000/1000: LR=3.73e-05, Loss=1.70e-02 BER=6.63e-03 FER=1.56e-01
2025-10-27 19:37:00,678 | INFO | Epoch 587 Train Time 19.819281101226807s

2025-10-27 19:37:19,419 | INFO | Training epoch 588, Batch 1000/1000: LR=3.71e-05, Loss=1.71e-02 BER=6.67e-03 FER=1.57e-01
2025-10-27 19:37:19,479 | INFO | Epoch 588 Train Time 18.8003089427948s

2025-10-27 19:37:40,113 | INFO | Training epoch 589, Batch 1000/1000: LR=3.70e-05, Loss=1.72e-02 BER=6.76e-03 FER=1.58e-01
2025-10-27 19:37:40,177 | INFO | Epoch 589 Train Time 20.697213888168335s

2025-10-27 19:38:00,223 | INFO | Training epoch 590, Batch 1000/1000: LR=3.68e-05, Loss=1.70e-02 BER=6.66e-03 FER=1.57e-01
2025-10-27 19:38:00,276 | INFO | Epoch 590 Train Time 20.096843004226685s

2025-10-27 19:38:20,018 | INFO | Training epoch 591, Batch 1000/1000: LR=3.67e-05, Loss=1.71e-02 BER=6.70e-03 FER=1.58e-01
2025-10-27 19:38:20,067 | INFO | Epoch 591 Train Time 19.790544748306274s

2025-10-27 19:38:40,034 | INFO | Training epoch 592, Batch 1000/1000: LR=3.65e-05, Loss=1.70e-02 BER=6.67e-03 FER=1.57e-01
2025-10-27 19:38:40,087 | INFO | Epoch 592 Train Time 20.018080949783325s

2025-10-27 19:38:57,402 | INFO | Training epoch 593, Batch 1000/1000: LR=3.64e-05, Loss=1.73e-02 BER=6.76e-03 FER=1.59e-01
2025-10-27 19:38:57,457 | INFO | Epoch 593 Train Time 17.369640111923218s

2025-10-27 19:39:16,628 | INFO | Training epoch 594, Batch 1000/1000: LR=3.62e-05, Loss=1.70e-02 BER=6.67e-03 FER=1.57e-01
2025-10-27 19:39:16,674 | INFO | Epoch 594 Train Time 19.21572208404541s

2025-10-27 19:39:35,538 | INFO | Training epoch 595, Batch 1000/1000: LR=3.61e-05, Loss=1.73e-02 BER=6.73e-03 FER=1.58e-01
2025-10-27 19:39:35,590 | INFO | Epoch 595 Train Time 18.91486668586731s

2025-10-27 19:39:54,998 | INFO | Training epoch 596, Batch 1000/1000: LR=3.59e-05, Loss=1.72e-02 BER=6.73e-03 FER=1.58e-01
2025-10-27 19:39:55,057 | INFO | Epoch 596 Train Time 19.46603512763977s

2025-10-27 19:40:12,903 | INFO | Training epoch 597, Batch 1000/1000: LR=3.58e-05, Loss=1.72e-02 BER=6.75e-03 FER=1.58e-01
2025-10-27 19:40:12,947 | INFO | Epoch 597 Train Time 17.88755488395691s

2025-10-27 19:40:31,816 | INFO | Training epoch 598, Batch 1000/1000: LR=3.56e-05, Loss=1.68e-02 BER=6.56e-03 FER=1.56e-01
2025-10-27 19:40:31,867 | INFO | Epoch 598 Train Time 18.919473886489868s

2025-10-27 19:40:31,869 | INFO | [P1] saving best_model with loss 0.016786 at epoch 598
2025-10-27 19:40:50,208 | INFO | Training epoch 599, Batch 1000/1000: LR=3.55e-05, Loss=1.71e-02 BER=6.72e-03 FER=1.58e-01
2025-10-27 19:40:50,254 | INFO | Epoch 599 Train Time 18.371153593063354s

2025-10-27 19:41:10,503 | INFO | Training epoch 600, Batch 1000/1000: LR=3.54e-05, Loss=1.71e-02 BER=6.67e-03 FER=1.57e-01
2025-10-27 19:41:10,547 | INFO | Epoch 600 Train Time 20.290812015533447s

2025-10-27 19:41:30,097 | INFO | Training epoch 601, Batch 1000/1000: LR=3.52e-05, Loss=1.73e-02 BER=6.78e-03 FER=1.59e-01
2025-10-27 19:41:30,149 | INFO | Epoch 601 Train Time 19.60150146484375s

2025-10-27 19:41:48,999 | INFO | Training epoch 602, Batch 1000/1000: LR=3.51e-05, Loss=1.71e-02 BER=6.69e-03 FER=1.58e-01
2025-10-27 19:41:49,053 | INFO | Epoch 602 Train Time 18.90264916419983s

2025-10-27 19:42:07,413 | INFO | Training epoch 603, Batch 1000/1000: LR=3.49e-05, Loss=1.70e-02 BER=6.69e-03 FER=1.57e-01
2025-10-27 19:42:07,462 | INFO | Epoch 603 Train Time 18.408152103424072s

2025-10-27 19:42:27,333 | INFO | Training epoch 604, Batch 1000/1000: LR=3.48e-05, Loss=1.71e-02 BER=6.71e-03 FER=1.57e-01
2025-10-27 19:42:27,395 | INFO | Epoch 604 Train Time 19.932601928710938s

2025-10-27 19:42:47,740 | INFO | Training epoch 605, Batch 1000/1000: LR=3.46e-05, Loss=1.70e-02 BER=6.60e-03 FER=1.56e-01
2025-10-27 19:42:47,786 | INFO | Epoch 605 Train Time 20.39043092727661s

2025-10-27 19:43:07,052 | INFO | Training epoch 606, Batch 1000/1000: LR=3.45e-05, Loss=1.71e-02 BER=6.69e-03 FER=1.57e-01
2025-10-27 19:43:07,118 | INFO | Epoch 606 Train Time 19.330827713012695s

2025-10-27 19:43:28,011 | INFO | Training epoch 607, Batch 1000/1000: LR=3.43e-05, Loss=1.70e-02 BER=6.64e-03 FER=1.56e-01
2025-10-27 19:43:28,060 | INFO | Epoch 607 Train Time 20.94046926498413s

2025-10-27 19:43:48,222 | INFO | Training epoch 608, Batch 1000/1000: LR=3.42e-05, Loss=1.72e-02 BER=6.75e-03 FER=1.59e-01
2025-10-27 19:43:48,289 | INFO | Epoch 608 Train Time 20.227957725524902s

2025-10-27 19:44:06,308 | INFO | Training epoch 609, Batch 1000/1000: LR=3.40e-05, Loss=1.71e-02 BER=6.68e-03 FER=1.57e-01
2025-10-27 19:44:06,357 | INFO | Epoch 609 Train Time 18.06729221343994s

2025-10-27 19:44:27,190 | INFO | Training epoch 610, Batch 1000/1000: LR=3.39e-05, Loss=1.69e-02 BER=6.62e-03 FER=1.56e-01
2025-10-27 19:44:27,245 | INFO | Epoch 610 Train Time 20.886557579040527s

2025-10-27 19:44:46,146 | INFO | Training epoch 611, Batch 1000/1000: LR=3.37e-05, Loss=1.71e-02 BER=6.70e-03 FER=1.57e-01
2025-10-27 19:44:46,202 | INFO | Epoch 611 Train Time 18.95623016357422s

2025-10-27 19:45:06,105 | INFO | Training epoch 612, Batch 1000/1000: LR=3.36e-05, Loss=1.72e-02 BER=6.75e-03 FER=1.58e-01
2025-10-27 19:45:06,152 | INFO | Epoch 612 Train Time 19.948460578918457s

2025-10-27 19:45:27,444 | INFO | Training epoch 613, Batch 1000/1000: LR=3.34e-05, Loss=1.72e-02 BER=6.72e-03 FER=1.58e-01
2025-10-27 19:45:27,516 | INFO | Epoch 613 Train Time 21.363223791122437s

2025-10-27 19:45:45,410 | INFO | Training epoch 614, Batch 1000/1000: LR=3.33e-05, Loss=1.71e-02 BER=6.67e-03 FER=1.57e-01
2025-10-27 19:45:45,475 | INFO | Epoch 614 Train Time 17.957149982452393s

2025-10-27 19:46:06,034 | INFO | Training epoch 615, Batch 1000/1000: LR=3.31e-05, Loss=1.69e-02 BER=6.64e-03 FER=1.56e-01
2025-10-27 19:46:06,111 | INFO | Epoch 615 Train Time 20.63530445098877s

2025-10-27 19:46:26,387 | INFO | Training epoch 616, Batch 1000/1000: LR=3.30e-05, Loss=1.73e-02 BER=6.79e-03 FER=1.59e-01
2025-10-27 19:46:26,433 | INFO | Epoch 616 Train Time 20.321855068206787s

2025-10-27 19:46:46,569 | INFO | Training epoch 617, Batch 1000/1000: LR=3.29e-05, Loss=1.70e-02 BER=6.67e-03 FER=1.57e-01
2025-10-27 19:46:46,613 | INFO | Epoch 617 Train Time 20.178663730621338s

2025-10-27 19:47:04,783 | INFO | Training epoch 618, Batch 1000/1000: LR=3.27e-05, Loss=1.69e-02 BER=6.63e-03 FER=1.54e-01
2025-10-27 19:47:04,848 | INFO | Epoch 618 Train Time 18.234091758728027s

2025-10-27 19:47:23,305 | INFO | Training epoch 619, Batch 1000/1000: LR=3.26e-05, Loss=1.71e-02 BER=6.67e-03 FER=1.58e-01
2025-10-27 19:47:23,361 | INFO | Epoch 619 Train Time 18.51152491569519s

2025-10-27 19:47:44,251 | INFO | Training epoch 620, Batch 1000/1000: LR=3.24e-05, Loss=1.70e-02 BER=6.66e-03 FER=1.58e-01
2025-10-27 19:47:44,328 | INFO | Epoch 620 Train Time 20.966442108154297s

2025-10-27 19:48:02,005 | INFO | Training epoch 621, Batch 1000/1000: LR=3.23e-05, Loss=1.70e-02 BER=6.64e-03 FER=1.57e-01
2025-10-27 19:48:02,050 | INFO | Epoch 621 Train Time 17.720638513565063s

2025-10-27 19:48:23,150 | INFO | Training epoch 622, Batch 1000/1000: LR=3.21e-05, Loss=1.71e-02 BER=6.70e-03 FER=1.58e-01
2025-10-27 19:48:23,206 | INFO | Epoch 622 Train Time 21.15427875518799s

2025-10-27 19:48:43,849 | INFO | Training epoch 623, Batch 1000/1000: LR=3.20e-05, Loss=1.70e-02 BER=6.65e-03 FER=1.57e-01
2025-10-27 19:48:43,932 | INFO | Epoch 623 Train Time 20.724267721176147s

2025-10-27 19:49:05,518 | INFO | Training epoch 624, Batch 1000/1000: LR=3.18e-05, Loss=1.72e-02 BER=6.70e-03 FER=1.57e-01
2025-10-27 19:49:05,596 | INFO | Epoch 624 Train Time 21.661370038986206s

2025-10-27 19:49:25,864 | INFO | Training epoch 625, Batch 1000/1000: LR=3.17e-05, Loss=1.70e-02 BER=6.63e-03 FER=1.57e-01
2025-10-27 19:49:25,929 | INFO | Epoch 625 Train Time 20.331496477127075s

2025-10-27 19:49:45,738 | INFO | Training epoch 626, Batch 1000/1000: LR=3.16e-05, Loss=1.70e-02 BER=6.66e-03 FER=1.57e-01
2025-10-27 19:49:45,805 | INFO | Epoch 626 Train Time 19.874126195907593s

2025-10-27 19:50:05,423 | INFO | Training epoch 627, Batch 1000/1000: LR=3.14e-05, Loss=1.69e-02 BER=6.64e-03 FER=1.57e-01
2025-10-27 19:50:05,484 | INFO | Epoch 627 Train Time 19.677499532699585s

2025-10-27 19:50:26,346 | INFO | Training epoch 628, Batch 1000/1000: LR=3.13e-05, Loss=1.71e-02 BER=6.69e-03 FER=1.57e-01
2025-10-27 19:50:26,410 | INFO | Epoch 628 Train Time 20.924983739852905s

2025-10-27 19:50:44,348 | INFO | Training epoch 629, Batch 1000/1000: LR=3.11e-05, Loss=1.70e-02 BER=6.64e-03 FER=1.57e-01
2025-10-27 19:50:44,399 | INFO | Epoch 629 Train Time 17.987351179122925s

2025-10-27 19:51:02,323 | INFO | Training epoch 630, Batch 1000/1000: LR=3.10e-05, Loss=1.70e-02 BER=6.66e-03 FER=1.58e-01
2025-10-27 19:51:02,377 | INFO | Epoch 630 Train Time 17.977956533432007s

2025-10-27 19:51:22,314 | INFO | Training epoch 631, Batch 1000/1000: LR=3.08e-05, Loss=1.71e-02 BER=6.66e-03 FER=1.57e-01
2025-10-27 19:51:22,374 | INFO | Epoch 631 Train Time 19.995405197143555s

2025-10-27 19:51:40,346 | INFO | Training epoch 632, Batch 1000/1000: LR=3.07e-05, Loss=1.69e-02 BER=6.60e-03 FER=1.56e-01
2025-10-27 19:51:40,409 | INFO | Epoch 632 Train Time 18.033884048461914s

2025-10-27 19:52:00,520 | INFO | Training epoch 633, Batch 1000/1000: LR=3.06e-05, Loss=1.71e-02 BER=6.66e-03 FER=1.57e-01
2025-10-27 19:52:00,579 | INFO | Epoch 633 Train Time 20.168688535690308s

2025-10-27 19:52:17,727 | INFO | Training epoch 634, Batch 1000/1000: LR=3.04e-05, Loss=1.71e-02 BER=6.71e-03 FER=1.57e-01
2025-10-27 19:52:17,800 | INFO | Epoch 634 Train Time 17.220575094223022s

2025-10-27 19:52:35,173 | INFO | Training epoch 635, Batch 1000/1000: LR=3.03e-05, Loss=1.71e-02 BER=6.67e-03 FER=1.56e-01
2025-10-27 19:52:35,219 | INFO | Epoch 635 Train Time 17.417557954788208s

2025-10-27 19:52:48,840 | INFO | Training epoch 636, Batch 1000/1000: LR=3.01e-05, Loss=1.68e-02 BER=6.53e-03 FER=1.54e-01
2025-10-27 19:52:48,883 | INFO | Epoch 636 Train Time 13.66319465637207s

2025-10-27 19:52:48,884 | INFO | [P1] saving best_model with loss 0.016753 at epoch 636
2025-10-27 19:53:02,161 | INFO | Training epoch 637, Batch 1000/1000: LR=3.00e-05, Loss=1.71e-02 BER=6.67e-03 FER=1.58e-01
2025-10-27 19:53:02,205 | INFO | Epoch 637 Train Time 13.294065237045288s

2025-10-27 19:53:13,968 | INFO | Training epoch 638, Batch 1000/1000: LR=2.98e-05, Loss=1.70e-02 BER=6.63e-03 FER=1.57e-01
2025-10-27 19:53:14,004 | INFO | Epoch 638 Train Time 11.799360752105713s

2025-10-27 19:53:26,348 | INFO | Training epoch 639, Batch 1000/1000: LR=2.97e-05, Loss=1.71e-02 BER=6.67e-03 FER=1.57e-01
2025-10-27 19:53:26,392 | INFO | Epoch 639 Train Time 12.38748574256897s

2025-10-27 19:53:38,883 | INFO | Training epoch 640, Batch 1000/1000: LR=2.96e-05, Loss=1.73e-02 BER=6.72e-03 FER=1.57e-01
2025-10-27 19:53:38,922 | INFO | Epoch 640 Train Time 12.528908252716064s

2025-10-27 19:53:51,800 | INFO | Training epoch 641, Batch 1000/1000: LR=2.94e-05, Loss=1.70e-02 BER=6.64e-03 FER=1.56e-01
2025-10-27 19:53:51,843 | INFO | Epoch 641 Train Time 12.919949054718018s

2025-10-27 19:54:04,983 | INFO | Training epoch 642, Batch 1000/1000: LR=2.93e-05, Loss=1.72e-02 BER=6.72e-03 FER=1.59e-01
2025-10-27 19:54:05,017 | INFO | Epoch 642 Train Time 13.173067569732666s

2025-10-27 19:54:16,874 | INFO | Training epoch 643, Batch 1000/1000: LR=2.91e-05, Loss=1.70e-02 BER=6.65e-03 FER=1.57e-01
2025-10-27 19:54:16,914 | INFO | Epoch 643 Train Time 11.897024631500244s

2025-10-27 19:54:29,822 | INFO | Training epoch 644, Batch 1000/1000: LR=2.90e-05, Loss=1.72e-02 BER=6.76e-03 FER=1.59e-01
2025-10-27 19:54:29,867 | INFO | Epoch 644 Train Time 12.95182466506958s

2025-10-27 19:54:43,326 | INFO | Training epoch 645, Batch 1000/1000: LR=2.89e-05, Loss=1.71e-02 BER=6.66e-03 FER=1.57e-01
2025-10-27 19:54:43,369 | INFO | Epoch 645 Train Time 13.501494646072388s

2025-10-27 19:54:57,485 | INFO | Training epoch 646, Batch 1000/1000: LR=2.87e-05, Loss=1.71e-02 BER=6.68e-03 FER=1.59e-01
2025-10-27 19:54:57,529 | INFO | Epoch 646 Train Time 14.158517599105835s

2025-10-27 19:55:11,132 | INFO | Training epoch 647, Batch 1000/1000: LR=2.86e-05, Loss=1.71e-02 BER=6.64e-03 FER=1.56e-01
2025-10-27 19:55:11,173 | INFO | Epoch 647 Train Time 13.644039392471313s

2025-10-27 19:55:23,569 | INFO | Training epoch 648, Batch 1000/1000: LR=2.84e-05, Loss=1.72e-02 BER=6.71e-03 FER=1.57e-01
2025-10-27 19:55:23,615 | INFO | Epoch 648 Train Time 12.441279649734497s

2025-10-27 19:55:36,289 | INFO | Training epoch 649, Batch 1000/1000: LR=2.83e-05, Loss=1.70e-02 BER=6.61e-03 FER=1.56e-01
2025-10-27 19:55:36,341 | INFO | Epoch 649 Train Time 12.725134134292603s

2025-10-27 19:55:49,202 | INFO | Training epoch 650, Batch 1000/1000: LR=2.82e-05, Loss=1.72e-02 BER=6.73e-03 FER=1.58e-01
2025-10-27 19:55:49,244 | INFO | Epoch 650 Train Time 12.902986526489258s

2025-10-27 19:56:02,551 | INFO | Training epoch 651, Batch 1000/1000: LR=2.80e-05, Loss=1.71e-02 BER=6.69e-03 FER=1.57e-01
2025-10-27 19:56:02,597 | INFO | Epoch 651 Train Time 13.3513822555542s

2025-10-27 19:56:15,279 | INFO | Training epoch 652, Batch 1000/1000: LR=2.79e-05, Loss=1.71e-02 BER=6.69e-03 FER=1.58e-01
2025-10-27 19:56:15,326 | INFO | Epoch 652 Train Time 12.72831916809082s

2025-10-27 19:56:27,780 | INFO | Training epoch 653, Batch 1000/1000: LR=2.78e-05, Loss=1.73e-02 BER=6.72e-03 FER=1.58e-01
2025-10-27 19:56:27,821 | INFO | Epoch 653 Train Time 12.494685173034668s

2025-10-27 19:56:39,809 | INFO | Training epoch 654, Batch 1000/1000: LR=2.76e-05, Loss=1.72e-02 BER=6.72e-03 FER=1.58e-01
2025-10-27 19:56:39,850 | INFO | Epoch 654 Train Time 12.028551816940308s

2025-10-27 19:56:52,076 | INFO | Training epoch 655, Batch 1000/1000: LR=2.75e-05, Loss=1.70e-02 BER=6.65e-03 FER=1.56e-01
2025-10-27 19:56:52,122 | INFO | Epoch 655 Train Time 12.270943880081177s

2025-10-27 19:57:05,430 | INFO | Training epoch 656, Batch 1000/1000: LR=2.73e-05, Loss=1.70e-02 BER=6.66e-03 FER=1.56e-01
2025-10-27 19:57:05,475 | INFO | Epoch 656 Train Time 13.352039098739624s

2025-10-27 19:57:18,246 | INFO | Training epoch 657, Batch 1000/1000: LR=2.72e-05, Loss=1.72e-02 BER=6.70e-03 FER=1.57e-01
2025-10-27 19:57:18,291 | INFO | Epoch 657 Train Time 12.815595865249634s

2025-10-27 19:57:30,915 | INFO | Training epoch 658, Batch 1000/1000: LR=2.71e-05, Loss=1.71e-02 BER=6.68e-03 FER=1.57e-01
2025-10-27 19:57:30,958 | INFO | Epoch 658 Train Time 12.666576147079468s

2025-10-27 19:57:42,774 | INFO | Training epoch 659, Batch 1000/1000: LR=2.69e-05, Loss=1.71e-02 BER=6.65e-03 FER=1.57e-01
2025-10-27 19:57:42,821 | INFO | Epoch 659 Train Time 11.862440824508667s

2025-10-27 19:57:55,842 | INFO | Training epoch 660, Batch 1000/1000: LR=2.68e-05, Loss=1.71e-02 BER=6.66e-03 FER=1.55e-01
2025-10-27 19:57:55,881 | INFO | Epoch 660 Train Time 13.059464454650879s

2025-10-27 19:58:09,180 | INFO | Training epoch 661, Batch 1000/1000: LR=2.67e-05, Loss=1.70e-02 BER=6.61e-03 FER=1.56e-01
2025-10-27 19:58:09,224 | INFO | Epoch 661 Train Time 13.34277629852295s

2025-10-27 19:58:23,471 | INFO | Training epoch 662, Batch 1000/1000: LR=2.65e-05, Loss=1.69e-02 BER=6.59e-03 FER=1.55e-01
2025-10-27 19:58:23,508 | INFO | Epoch 662 Train Time 14.284019470214844s

2025-10-27 19:58:36,054 | INFO | Training epoch 663, Batch 1000/1000: LR=2.64e-05, Loss=1.72e-02 BER=6.74e-03 FER=1.58e-01
2025-10-27 19:58:36,092 | INFO | Epoch 663 Train Time 12.582988977432251s

2025-10-27 19:58:49,445 | INFO | Training epoch 664, Batch 1000/1000: LR=2.62e-05, Loss=1.70e-02 BER=6.62e-03 FER=1.56e-01
2025-10-27 19:58:49,484 | INFO | Epoch 664 Train Time 13.390952587127686s

2025-10-27 19:59:01,747 | INFO | Training epoch 665, Batch 1000/1000: LR=2.61e-05, Loss=1.71e-02 BER=6.73e-03 FER=1.58e-01
2025-10-27 19:59:01,790 | INFO | Epoch 665 Train Time 12.305658102035522s

2025-10-27 19:59:14,686 | INFO | Training epoch 666, Batch 1000/1000: LR=2.60e-05, Loss=1.72e-02 BER=6.72e-03 FER=1.58e-01
2025-10-27 19:59:14,727 | INFO | Epoch 666 Train Time 12.936948776245117s

2025-10-27 19:59:27,738 | INFO | Training epoch 667, Batch 1000/1000: LR=2.58e-05, Loss=1.71e-02 BER=6.66e-03 FER=1.57e-01
2025-10-27 19:59:27,785 | INFO | Epoch 667 Train Time 13.056596040725708s

2025-10-27 19:59:41,158 | INFO | Training epoch 668, Batch 1000/1000: LR=2.57e-05, Loss=1.71e-02 BER=6.71e-03 FER=1.58e-01
2025-10-27 19:59:41,219 | INFO | Epoch 668 Train Time 13.433749437332153s

2025-10-27 19:59:53,871 | INFO | Training epoch 669, Batch 1000/1000: LR=2.56e-05, Loss=1.70e-02 BER=6.62e-03 FER=1.56e-01
2025-10-27 19:59:53,916 | INFO | Epoch 669 Train Time 12.696258783340454s

2025-10-27 20:00:06,230 | INFO | Training epoch 670, Batch 1000/1000: LR=2.54e-05, Loss=1.70e-02 BER=6.64e-03 FER=1.57e-01
2025-10-27 20:00:06,277 | INFO | Epoch 670 Train Time 12.36114764213562s

2025-10-27 20:00:19,570 | INFO | Training epoch 671, Batch 1000/1000: LR=2.53e-05, Loss=1.74e-02 BER=6.80e-03 FER=1.59e-01
2025-10-27 20:00:19,607 | INFO | Epoch 671 Train Time 13.329054117202759s

2025-10-27 20:00:32,428 | INFO | Training epoch 672, Batch 1000/1000: LR=2.52e-05, Loss=1.72e-02 BER=6.75e-03 FER=1.58e-01
2025-10-27 20:00:32,471 | INFO | Epoch 672 Train Time 12.863299369812012s

2025-10-27 20:00:45,306 | INFO | Training epoch 673, Batch 1000/1000: LR=2.50e-05, Loss=1.69e-02 BER=6.60e-03 FER=1.56e-01
2025-10-27 20:00:45,347 | INFO | Epoch 673 Train Time 12.874524593353271s

2025-10-27 20:00:57,495 | INFO | Training epoch 674, Batch 1000/1000: LR=2.49e-05, Loss=1.70e-02 BER=6.63e-03 FER=1.56e-01
2025-10-27 20:00:57,535 | INFO | Epoch 674 Train Time 12.187897443771362s

2025-10-27 20:01:11,058 | INFO | Training epoch 675, Batch 1000/1000: LR=2.48e-05, Loss=1.69e-02 BER=6.59e-03 FER=1.55e-01
2025-10-27 20:01:11,109 | INFO | Epoch 675 Train Time 13.572916746139526s

2025-10-27 20:01:23,168 | INFO | Training epoch 676, Batch 1000/1000: LR=2.46e-05, Loss=1.69e-02 BER=6.58e-03 FER=1.55e-01
2025-10-27 20:01:23,207 | INFO | Epoch 676 Train Time 12.097743034362793s

2025-10-27 20:01:35,385 | INFO | Training epoch 677, Batch 1000/1000: LR=2.45e-05, Loss=1.72e-02 BER=6.73e-03 FER=1.58e-01
2025-10-27 20:01:35,423 | INFO | Epoch 677 Train Time 12.21510100364685s

2025-10-27 20:01:49,370 | INFO | Training epoch 678, Batch 1000/1000: LR=2.44e-05, Loss=1.72e-02 BER=6.71e-03 FER=1.58e-01
2025-10-27 20:01:49,412 | INFO | Epoch 678 Train Time 13.988671779632568s

2025-10-27 20:02:01,970 | INFO | Training epoch 679, Batch 1000/1000: LR=2.42e-05, Loss=1.73e-02 BER=6.77e-03 FER=1.58e-01
2025-10-27 20:02:02,010 | INFO | Epoch 679 Train Time 12.59677267074585s

2025-10-27 20:02:15,575 | INFO | Training epoch 680, Batch 1000/1000: LR=2.41e-05, Loss=1.69e-02 BER=6.63e-03 FER=1.57e-01
2025-10-27 20:02:15,620 | INFO | Epoch 680 Train Time 13.609565258026123s

2025-10-27 20:02:28,659 | INFO | Training epoch 681, Batch 1000/1000: LR=2.40e-05, Loss=1.72e-02 BER=6.70e-03 FER=1.58e-01
2025-10-27 20:02:28,705 | INFO | Epoch 681 Train Time 13.084046840667725s

2025-10-27 20:02:41,375 | INFO | Training epoch 682, Batch 1000/1000: LR=2.38e-05, Loss=1.70e-02 BER=6.64e-03 FER=1.57e-01
2025-10-27 20:02:41,421 | INFO | Epoch 682 Train Time 12.715576410293579s

2025-10-27 20:02:54,581 | INFO | Training epoch 683, Batch 1000/1000: LR=2.37e-05, Loss=1.70e-02 BER=6.68e-03 FER=1.57e-01
2025-10-27 20:02:54,632 | INFO | Epoch 683 Train Time 13.209962129592896s

2025-10-27 20:03:07,095 | INFO | Training epoch 684, Batch 1000/1000: LR=2.36e-05, Loss=1.70e-02 BER=6.65e-03 FER=1.57e-01
2025-10-27 20:03:07,135 | INFO | Epoch 684 Train Time 12.502893209457397s

2025-10-27 20:03:20,133 | INFO | Training epoch 685, Batch 1000/1000: LR=2.35e-05, Loss=1.72e-02 BER=6.71e-03 FER=1.58e-01
2025-10-27 20:03:20,169 | INFO | Epoch 685 Train Time 13.033832788467407s

2025-10-27 20:03:31,909 | INFO | Training epoch 686, Batch 1000/1000: LR=2.33e-05, Loss=1.70e-02 BER=6.66e-03 FER=1.57e-01
2025-10-27 20:03:31,946 | INFO | Epoch 686 Train Time 11.775827407836914s

2025-10-27 20:03:44,562 | INFO | Training epoch 687, Batch 1000/1000: LR=2.32e-05, Loss=1.70e-02 BER=6.66e-03 FER=1.57e-01
2025-10-27 20:03:44,602 | INFO | Epoch 687 Train Time 12.655627727508545s

2025-10-27 20:03:58,155 | INFO | Training epoch 688, Batch 1000/1000: LR=2.31e-05, Loss=1.71e-02 BER=6.63e-03 FER=1.56e-01
2025-10-27 20:03:58,203 | INFO | Epoch 688 Train Time 13.600279331207275s

2025-10-27 20:04:10,976 | INFO | Training epoch 689, Batch 1000/1000: LR=2.29e-05, Loss=1.73e-02 BER=6.76e-03 FER=1.59e-01
2025-10-27 20:04:11,019 | INFO | Epoch 689 Train Time 12.815676927566528s

2025-10-27 20:04:24,359 | INFO | Training epoch 690, Batch 1000/1000: LR=2.28e-05, Loss=1.70e-02 BER=6.67e-03 FER=1.57e-01
2025-10-27 20:04:24,406 | INFO | Epoch 690 Train Time 13.386129140853882s

2025-10-27 20:04:38,290 | INFO | Training epoch 691, Batch 1000/1000: LR=2.27e-05, Loss=1.71e-02 BER=6.66e-03 FER=1.57e-01
2025-10-27 20:04:38,330 | INFO | Epoch 691 Train Time 13.92370891571045s

2025-10-27 20:04:50,923 | INFO | Training epoch 692, Batch 1000/1000: LR=2.25e-05, Loss=1.69e-02 BER=6.64e-03 FER=1.55e-01
2025-10-27 20:04:50,973 | INFO | Epoch 692 Train Time 12.641803741455078s

2025-10-27 20:05:03,700 | INFO | Training epoch 693, Batch 1000/1000: LR=2.24e-05, Loss=1.72e-02 BER=6.73e-03 FER=1.58e-01
2025-10-27 20:05:03,736 | INFO | Epoch 693 Train Time 12.762800693511963s

2025-10-27 20:05:16,780 | INFO | Training epoch 694, Batch 1000/1000: LR=2.23e-05, Loss=1.69e-02 BER=6.62e-03 FER=1.56e-01
2025-10-27 20:05:16,825 | INFO | Epoch 694 Train Time 13.088511943817139s

2025-10-27 20:05:30,406 | INFO | Training epoch 695, Batch 1000/1000: LR=2.22e-05, Loss=1.71e-02 BER=6.68e-03 FER=1.56e-01
2025-10-27 20:05:30,450 | INFO | Epoch 695 Train Time 13.624435424804688s

2025-10-27 20:05:43,410 | INFO | Training epoch 696, Batch 1000/1000: LR=2.20e-05, Loss=1.71e-02 BER=6.70e-03 FER=1.57e-01
2025-10-27 20:05:43,456 | INFO | Epoch 696 Train Time 13.00515365600586s

2025-10-27 20:05:55,469 | INFO | Training epoch 697, Batch 1000/1000: LR=2.19e-05, Loss=1.71e-02 BER=6.65e-03 FER=1.57e-01
2025-10-27 20:05:55,505 | INFO | Epoch 697 Train Time 12.048601865768433s

2025-10-27 20:06:07,458 | INFO | Training epoch 698, Batch 1000/1000: LR=2.18e-05, Loss=1.70e-02 BER=6.66e-03 FER=1.57e-01
2025-10-27 20:06:07,500 | INFO | Epoch 698 Train Time 11.994089841842651s

2025-10-27 20:06:20,195 | INFO | Training epoch 699, Batch 1000/1000: LR=2.17e-05, Loss=1.71e-02 BER=6.71e-03 FER=1.58e-01
2025-10-27 20:06:20,238 | INFO | Epoch 699 Train Time 12.737327575683594s

2025-10-27 20:06:32,448 | INFO | Training epoch 700, Batch 1000/1000: LR=2.15e-05, Loss=1.70e-02 BER=6.65e-03 FER=1.56e-01
2025-10-27 20:06:32,493 | INFO | Epoch 700 Train Time 12.254189491271973s

2025-10-27 20:06:45,729 | INFO | Training epoch 701, Batch 1000/1000: LR=2.14e-05, Loss=1.72e-02 BER=6.73e-03 FER=1.58e-01
2025-10-27 20:06:45,771 | INFO | Epoch 701 Train Time 13.277977466583252s

2025-10-27 20:06:58,677 | INFO | Training epoch 702, Batch 1000/1000: LR=2.13e-05, Loss=1.69e-02 BER=6.61e-03 FER=1.55e-01
2025-10-27 20:06:58,714 | INFO | Epoch 702 Train Time 12.941420316696167s

2025-10-27 20:07:10,870 | INFO | Training epoch 703, Batch 1000/1000: LR=2.12e-05, Loss=1.69e-02 BER=6.60e-03 FER=1.56e-01
2025-10-27 20:07:10,911 | INFO | Epoch 703 Train Time 12.196899175643921s

2025-10-27 20:07:24,261 | INFO | Training epoch 704, Batch 1000/1000: LR=2.10e-05, Loss=1.72e-02 BER=6.73e-03 FER=1.58e-01
2025-10-27 20:07:24,309 | INFO | Epoch 704 Train Time 13.396823644638062s

2025-10-27 20:07:36,780 | INFO | Training epoch 705, Batch 1000/1000: LR=2.09e-05, Loss=1.69e-02 BER=6.60e-03 FER=1.56e-01
2025-10-27 20:07:36,824 | INFO | Epoch 705 Train Time 12.514726638793945s

2025-10-27 20:07:49,700 | INFO | Training epoch 706, Batch 1000/1000: LR=2.08e-05, Loss=1.71e-02 BER=6.66e-03 FER=1.58e-01
2025-10-27 20:07:49,741 | INFO | Epoch 706 Train Time 12.915954113006592s

2025-10-27 20:08:02,272 | INFO | Training epoch 707, Batch 1000/1000: LR=2.07e-05, Loss=1.69e-02 BER=6.61e-03 FER=1.56e-01
2025-10-27 20:08:02,322 | INFO | Epoch 707 Train Time 12.580334186553955s

2025-10-27 20:08:15,504 | INFO | Training epoch 708, Batch 1000/1000: LR=2.05e-05, Loss=1.69e-02 BER=6.59e-03 FER=1.56e-01
2025-10-27 20:08:15,546 | INFO | Epoch 708 Train Time 13.223862171173096s

2025-10-27 20:08:28,278 | INFO | Training epoch 709, Batch 1000/1000: LR=2.04e-05, Loss=1.69e-02 BER=6.59e-03 FER=1.56e-01
2025-10-27 20:08:28,325 | INFO | Epoch 709 Train Time 12.77846622467041s

2025-10-27 20:08:40,932 | INFO | Training epoch 710, Batch 1000/1000: LR=2.03e-05, Loss=1.69e-02 BER=6.62e-03 FER=1.56e-01
2025-10-27 20:08:40,974 | INFO | Epoch 710 Train Time 12.648155450820923s

2025-10-27 20:08:54,006 | INFO | Training epoch 711, Batch 1000/1000: LR=2.02e-05, Loss=1.72e-02 BER=6.72e-03 FER=1.58e-01
2025-10-27 20:08:54,045 | INFO | Epoch 711 Train Time 13.070347785949707s

2025-10-27 20:09:08,254 | INFO | Training epoch 712, Batch 1000/1000: LR=2.00e-05, Loss=1.71e-02 BER=6.70e-03 FER=1.58e-01
2025-10-27 20:09:08,305 | INFO | Epoch 712 Train Time 14.259660720825195s

2025-10-27 20:09:21,551 | INFO | Training epoch 713, Batch 1000/1000: LR=1.99e-05, Loss=1.71e-02 BER=6.66e-03 FER=1.57e-01
2025-10-27 20:09:21,599 | INFO | Epoch 713 Train Time 13.293245792388916s

2025-10-27 20:09:34,179 | INFO | Training epoch 714, Batch 1000/1000: LR=1.98e-05, Loss=1.69e-02 BER=6.59e-03 FER=1.55e-01
2025-10-27 20:09:34,224 | INFO | Epoch 714 Train Time 12.624755620956421s

2025-10-27 20:09:47,088 | INFO | Training epoch 715, Batch 1000/1000: LR=1.97e-05, Loss=1.69e-02 BER=6.59e-03 FER=1.55e-01
2025-10-27 20:09:47,130 | INFO | Epoch 715 Train Time 12.904926061630249s

2025-10-27 20:10:01,278 | INFO | Training epoch 716, Batch 1000/1000: LR=1.96e-05, Loss=1.70e-02 BER=6.64e-03 FER=1.56e-01
2025-10-27 20:10:01,316 | INFO | Epoch 716 Train Time 14.186078071594238s

2025-10-27 20:10:13,420 | INFO | Training epoch 717, Batch 1000/1000: LR=1.94e-05, Loss=1.69e-02 BER=6.65e-03 FER=1.55e-01
2025-10-27 20:10:13,468 | INFO | Epoch 717 Train Time 12.15144944190979s

2025-10-27 20:10:25,562 | INFO | Training epoch 718, Batch 1000/1000: LR=1.93e-05, Loss=1.73e-02 BER=6.76e-03 FER=1.59e-01
2025-10-27 20:10:25,605 | INFO | Epoch 718 Train Time 12.136340856552124s

2025-10-27 20:10:38,044 | INFO | Training epoch 719, Batch 1000/1000: LR=1.92e-05, Loss=1.71e-02 BER=6.67e-03 FER=1.57e-01
2025-10-27 20:10:38,092 | INFO | Epoch 719 Train Time 12.486041784286499s

2025-10-27 20:10:51,270 | INFO | Training epoch 720, Batch 1000/1000: LR=1.91e-05, Loss=1.72e-02 BER=6.68e-03 FER=1.58e-01
2025-10-27 20:10:51,315 | INFO | Epoch 720 Train Time 13.22223973274231s

2025-10-27 20:11:03,928 | INFO | Training epoch 721, Batch 1000/1000: LR=1.89e-05, Loss=1.70e-02 BER=6.57e-03 FER=1.56e-01
2025-10-27 20:11:03,980 | INFO | Epoch 721 Train Time 12.664944410324097s

2025-10-27 20:11:16,500 | INFO | Training epoch 722, Batch 1000/1000: LR=1.88e-05, Loss=1.72e-02 BER=6.68e-03 FER=1.57e-01
2025-10-27 20:11:16,542 | INFO | Epoch 722 Train Time 12.560991048812866s

2025-10-27 20:11:29,461 | INFO | Training epoch 723, Batch 1000/1000: LR=1.87e-05, Loss=1.71e-02 BER=6.71e-03 FER=1.57e-01
2025-10-27 20:11:29,499 | INFO | Epoch 723 Train Time 12.957144260406494s

2025-10-27 20:11:41,626 | INFO | Training epoch 724, Batch 1000/1000: LR=1.86e-05, Loss=1.69e-02 BER=6.63e-03 FER=1.57e-01
2025-10-27 20:11:41,677 | INFO | Epoch 724 Train Time 12.17702841758728s

2025-10-27 20:11:53,763 | INFO | Training epoch 725, Batch 1000/1000: LR=1.85e-05, Loss=1.71e-02 BER=6.68e-03 FER=1.57e-01
2025-10-27 20:11:53,800 | INFO | Epoch 725 Train Time 12.122106552124023s

2025-10-27 20:12:06,014 | INFO | Training epoch 726, Batch 1000/1000: LR=1.84e-05, Loss=1.72e-02 BER=6.73e-03 FER=1.58e-01
2025-10-27 20:12:06,047 | INFO | Epoch 726 Train Time 12.246820449829102s

2025-10-27 20:12:17,008 | INFO | Training epoch 727, Batch 1000/1000: LR=1.82e-05, Loss=1.71e-02 BER=6.68e-03 FER=1.56e-01
2025-10-27 20:12:17,050 | INFO | Epoch 727 Train Time 11.002129793167114s

2025-10-27 20:12:29,769 | INFO | Training epoch 728, Batch 1000/1000: LR=1.81e-05, Loss=1.69e-02 BER=6.60e-03 FER=1.57e-01
2025-10-27 20:12:29,814 | INFO | Epoch 728 Train Time 12.763831615447998s

2025-10-27 20:12:42,481 | INFO | Training epoch 729, Batch 1000/1000: LR=1.80e-05, Loss=1.70e-02 BER=6.66e-03 FER=1.56e-01
2025-10-27 20:12:42,525 | INFO | Epoch 729 Train Time 12.709987163543701s

2025-10-27 20:12:56,670 | INFO | Training epoch 730, Batch 1000/1000: LR=1.79e-05, Loss=1.69e-02 BER=6.63e-03 FER=1.55e-01
2025-10-27 20:12:56,708 | INFO | Epoch 730 Train Time 14.18212103843689s

2025-10-27 20:13:09,198 | INFO | Training epoch 731, Batch 1000/1000: LR=1.78e-05, Loss=1.68e-02 BER=6.58e-03 FER=1.56e-01
2025-10-27 20:13:09,243 | INFO | Epoch 731 Train Time 12.534995555877686s

2025-10-27 20:13:20,774 | INFO | Training epoch 732, Batch 1000/1000: LR=1.76e-05, Loss=1.70e-02 BER=6.66e-03 FER=1.57e-01
2025-10-27 20:13:20,813 | INFO | Epoch 732 Train Time 11.569404125213623s

2025-10-27 20:13:32,865 | INFO | Training epoch 733, Batch 1000/1000: LR=1.75e-05, Loss=1.71e-02 BER=6.68e-03 FER=1.56e-01
2025-10-27 20:13:32,914 | INFO | Epoch 733 Train Time 12.100849390029907s

2025-10-27 20:13:45,990 | INFO | Training epoch 734, Batch 1000/1000: LR=1.74e-05, Loss=1.68e-02 BER=6.61e-03 FER=1.55e-01
2025-10-27 20:13:46,034 | INFO | Epoch 734 Train Time 13.118086576461792s

2025-10-27 20:13:59,794 | INFO | Training epoch 735, Batch 1000/1000: LR=1.73e-05, Loss=1.70e-02 BER=6.69e-03 FER=1.58e-01
2025-10-27 20:13:59,839 | INFO | Epoch 735 Train Time 13.804787874221802s

2025-10-27 20:14:13,224 | INFO | Training epoch 736, Batch 1000/1000: LR=1.72e-05, Loss=1.70e-02 BER=6.62e-03 FER=1.56e-01
2025-10-27 20:14:13,262 | INFO | Epoch 736 Train Time 13.421646118164062s

2025-10-27 20:14:26,163 | INFO | Training epoch 737, Batch 1000/1000: LR=1.71e-05, Loss=1.71e-02 BER=6.69e-03 FER=1.57e-01
2025-10-27 20:14:26,201 | INFO | Epoch 737 Train Time 12.938368320465088s

2025-10-27 20:14:39,182 | INFO | Training epoch 738, Batch 1000/1000: LR=1.70e-05, Loss=1.71e-02 BER=6.67e-03 FER=1.58e-01
2025-10-27 20:14:39,221 | INFO | Epoch 738 Train Time 13.01986026763916s

2025-10-27 20:14:52,264 | INFO | Training epoch 739, Batch 1000/1000: LR=1.68e-05, Loss=1.69e-02 BER=6.62e-03 FER=1.56e-01
2025-10-27 20:14:52,301 | INFO | Epoch 739 Train Time 13.079089879989624s

2025-10-27 20:15:05,289 | INFO | Training epoch 740, Batch 1000/1000: LR=1.67e-05, Loss=1.69e-02 BER=6.64e-03 FER=1.56e-01
2025-10-27 20:15:05,328 | INFO | Epoch 740 Train Time 13.026915073394775s

2025-10-27 20:15:17,568 | INFO | Training epoch 741, Batch 1000/1000: LR=1.66e-05, Loss=1.70e-02 BER=6.64e-03 FER=1.56e-01
2025-10-27 20:15:17,610 | INFO | Epoch 741 Train Time 12.281365871429443s

2025-10-27 20:15:30,042 | INFO | Training epoch 742, Batch 1000/1000: LR=1.65e-05, Loss=1.69e-02 BER=6.64e-03 FER=1.57e-01
2025-10-27 20:15:30,085 | INFO | Epoch 742 Train Time 12.473729848861694s

2025-10-27 20:15:44,092 | INFO | Training epoch 743, Batch 1000/1000: LR=1.64e-05, Loss=1.70e-02 BER=6.67e-03 FER=1.56e-01
2025-10-27 20:15:44,132 | INFO | Epoch 743 Train Time 14.045998573303223s

2025-10-27 20:15:56,720 | INFO | Training epoch 744, Batch 1000/1000: LR=1.63e-05, Loss=1.70e-02 BER=6.62e-03 FER=1.56e-01
2025-10-27 20:15:56,767 | INFO | Epoch 744 Train Time 12.63436222076416s

2025-10-27 20:16:08,160 | INFO | Training epoch 745, Batch 1000/1000: LR=1.62e-05, Loss=1.69e-02 BER=6.60e-03 FER=1.56e-01
2025-10-27 20:16:08,214 | INFO | Epoch 745 Train Time 11.446518182754517s

2025-10-27 20:16:21,319 | INFO | Training epoch 746, Batch 1000/1000: LR=1.61e-05, Loss=1.72e-02 BER=6.72e-03 FER=1.59e-01
2025-10-27 20:16:21,354 | INFO | Epoch 746 Train Time 13.138907432556152s

2025-10-27 20:16:34,077 | INFO | Training epoch 747, Batch 1000/1000: LR=1.59e-05, Loss=1.70e-02 BER=6.64e-03 FER=1.56e-01
2025-10-27 20:16:34,118 | INFO | Epoch 747 Train Time 12.763925790786743s

2025-10-27 20:16:47,343 | INFO | Training epoch 748, Batch 1000/1000: LR=1.58e-05, Loss=1.70e-02 BER=6.67e-03 FER=1.57e-01
2025-10-27 20:16:47,392 | INFO | Epoch 748 Train Time 13.272911071777344s

2025-10-27 20:17:01,971 | INFO | Training epoch 749, Batch 1000/1000: LR=1.57e-05, Loss=1.67e-02 BER=6.57e-03 FER=1.55e-01
2025-10-27 20:17:02,025 | INFO | Epoch 749 Train Time 14.632329940795898s

2025-10-27 20:17:02,025 | INFO | [P1] saving best_model with loss 0.016736 at epoch 749
2025-10-27 20:17:15,301 | INFO | Training epoch 750, Batch 1000/1000: LR=1.56e-05, Loss=1.71e-02 BER=6.65e-03 FER=1.57e-01
2025-10-27 20:17:15,345 | INFO | Epoch 750 Train Time 13.311063051223755s

2025-10-27 20:17:28,753 | INFO | Training epoch 751, Batch 1000/1000: LR=1.55e-05, Loss=1.71e-02 BER=6.67e-03 FER=1.57e-01
2025-10-27 20:17:28,793 | INFO | Epoch 751 Train Time 13.447773694992065s

2025-10-27 20:17:42,416 | INFO | Training epoch 752, Batch 1000/1000: LR=1.54e-05, Loss=1.73e-02 BER=6.80e-03 FER=1.59e-01
2025-10-27 20:17:42,454 | INFO | Epoch 752 Train Time 13.660774946212769s

2025-10-27 20:17:54,858 | INFO | Training epoch 753, Batch 1000/1000: LR=1.53e-05, Loss=1.70e-02 BER=6.68e-03 FER=1.57e-01
2025-10-27 20:17:54,900 | INFO | Epoch 753 Train Time 12.445049047470093s

2025-10-27 20:18:07,209 | INFO | Training epoch 754, Batch 1000/1000: LR=1.52e-05, Loss=1.72e-02 BER=6.74e-03 FER=1.58e-01
2025-10-27 20:18:07,248 | INFO | Epoch 754 Train Time 12.347849369049072s

2025-10-27 20:18:20,154 | INFO | Training epoch 755, Batch 1000/1000: LR=1.51e-05, Loss=1.71e-02 BER=6.67e-03 FER=1.56e-01
2025-10-27 20:18:20,198 | INFO | Epoch 755 Train Time 12.949284076690674s

2025-10-27 20:18:33,507 | INFO | Training epoch 756, Batch 1000/1000: LR=1.50e-05, Loss=1.71e-02 BER=6.72e-03 FER=1.58e-01
2025-10-27 20:18:33,545 | INFO | Epoch 756 Train Time 13.346437692642212s

2025-10-27 20:18:47,044 | INFO | Training epoch 757, Batch 1000/1000: LR=1.48e-05, Loss=1.71e-02 BER=6.67e-03 FER=1.57e-01
2025-10-27 20:18:47,086 | INFO | Epoch 757 Train Time 13.540011882781982s

2025-10-27 20:18:58,856 | INFO | Training epoch 758, Batch 1000/1000: LR=1.47e-05, Loss=1.69e-02 BER=6.62e-03 FER=1.56e-01
2025-10-27 20:18:58,899 | INFO | Epoch 758 Train Time 11.812864303588867s

2025-10-27 20:19:11,951 | INFO | Training epoch 759, Batch 1000/1000: LR=1.46e-05, Loss=1.71e-02 BER=6.70e-03 FER=1.57e-01
2025-10-27 20:19:11,995 | INFO | Epoch 759 Train Time 13.095487356185913s

2025-10-27 20:19:24,479 | INFO | Training epoch 760, Batch 1000/1000: LR=1.45e-05, Loss=1.70e-02 BER=6.66e-03 FER=1.57e-01
2025-10-27 20:19:24,514 | INFO | Epoch 760 Train Time 12.51775574684143s

2025-10-27 20:19:37,293 | INFO | Training epoch 761, Batch 1000/1000: LR=1.44e-05, Loss=1.69e-02 BER=6.60e-03 FER=1.56e-01
2025-10-27 20:19:37,343 | INFO | Epoch 761 Train Time 12.828852415084839s

2025-10-27 20:19:50,853 | INFO | Training epoch 762, Batch 1000/1000: LR=1.43e-05, Loss=1.68e-02 BER=6.56e-03 FER=1.54e-01
2025-10-27 20:19:50,892 | INFO | Epoch 762 Train Time 13.548092365264893s

2025-10-27 20:20:03,593 | INFO | Training epoch 763, Batch 1000/1000: LR=1.42e-05, Loss=1.71e-02 BER=6.73e-03 FER=1.57e-01
2025-10-27 20:20:03,634 | INFO | Epoch 763 Train Time 12.741904258728027s

2025-10-27 20:20:14,907 | INFO | Training epoch 764, Batch 1000/1000: LR=1.41e-05, Loss=1.72e-02 BER=6.73e-03 FER=1.58e-01
2025-10-27 20:20:14,951 | INFO | Epoch 764 Train Time 11.31639552116394s

2025-10-27 20:20:27,416 | INFO | Training epoch 765, Batch 1000/1000: LR=1.40e-05, Loss=1.69e-02 BER=6.61e-03 FER=1.54e-01
2025-10-27 20:20:27,459 | INFO | Epoch 765 Train Time 12.506599187850952s

2025-10-27 20:20:39,775 | INFO | Training epoch 766, Batch 1000/1000: LR=1.39e-05, Loss=1.71e-02 BER=6.71e-03 FER=1.57e-01
2025-10-27 20:20:39,820 | INFO | Epoch 766 Train Time 12.360406637191772s

2025-10-27 20:20:52,277 | INFO | Training epoch 767, Batch 1000/1000: LR=1.38e-05, Loss=1.72e-02 BER=6.72e-03 FER=1.57e-01
2025-10-27 20:20:52,323 | INFO | Epoch 767 Train Time 12.502778768539429s

2025-10-27 20:21:04,367 | INFO | Training epoch 768, Batch 1000/1000: LR=1.37e-05, Loss=1.69e-02 BER=6.60e-03 FER=1.56e-01
2025-10-27 20:21:04,411 | INFO | Epoch 768 Train Time 12.087138891220093s

2025-10-27 20:21:16,576 | INFO | Training epoch 769, Batch 1000/1000: LR=1.36e-05, Loss=1.69e-02 BER=6.63e-03 FER=1.55e-01
2025-10-27 20:21:16,619 | INFO | Epoch 769 Train Time 12.207749128341675s

2025-10-27 20:21:29,128 | INFO | Training epoch 770, Batch 1000/1000: LR=1.35e-05, Loss=1.72e-02 BER=6.74e-03 FER=1.58e-01
2025-10-27 20:21:29,172 | INFO | Epoch 770 Train Time 12.551823139190674s

2025-10-27 20:21:42,704 | INFO | Training epoch 771, Batch 1000/1000: LR=1.34e-05, Loss=1.71e-02 BER=6.70e-03 FER=1.58e-01
2025-10-27 20:21:42,751 | INFO | Epoch 771 Train Time 13.579050540924072s

2025-10-27 20:21:56,298 | INFO | Training epoch 772, Batch 1000/1000: LR=1.33e-05, Loss=1.69e-02 BER=6.59e-03 FER=1.55e-01
2025-10-27 20:21:56,339 | INFO | Epoch 772 Train Time 13.586899280548096s

2025-10-27 20:22:09,722 | INFO | Training epoch 773, Batch 1000/1000: LR=1.32e-05, Loss=1.69e-02 BER=6.60e-03 FER=1.56e-01
2025-10-27 20:22:09,766 | INFO | Epoch 773 Train Time 13.426350593566895s

2025-10-27 20:22:22,560 | INFO | Training epoch 774, Batch 1000/1000: LR=1.31e-05, Loss=1.70e-02 BER=6.65e-03 FER=1.56e-01
2025-10-27 20:22:22,607 | INFO | Epoch 774 Train Time 12.841096878051758s

2025-10-27 20:22:35,395 | INFO | Training epoch 775, Batch 1000/1000: LR=1.30e-05, Loss=1.70e-02 BER=6.65e-03 FER=1.56e-01
2025-10-27 20:22:35,432 | INFO | Epoch 775 Train Time 12.824925422668457s

2025-10-27 20:22:47,749 | INFO | Training epoch 776, Batch 1000/1000: LR=1.29e-05, Loss=1.69e-02 BER=6.59e-03 FER=1.55e-01
2025-10-27 20:22:47,786 | INFO | Epoch 776 Train Time 12.352818012237549s

2025-10-27 20:23:00,974 | INFO | Training epoch 777, Batch 1000/1000: LR=1.28e-05, Loss=1.69e-02 BER=6.62e-03 FER=1.56e-01
2025-10-27 20:23:01,012 | INFO | Epoch 777 Train Time 13.225409030914307s

2025-10-27 20:23:13,656 | INFO | Training epoch 778, Batch 1000/1000: LR=1.27e-05, Loss=1.71e-02 BER=6.66e-03 FER=1.58e-01
2025-10-27 20:23:13,700 | INFO | Epoch 778 Train Time 12.687798976898193s

2025-10-27 20:23:26,444 | INFO | Training epoch 779, Batch 1000/1000: LR=1.26e-05, Loss=1.69e-02 BER=6.58e-03 FER=1.55e-01
2025-10-27 20:23:26,488 | INFO | Epoch 779 Train Time 12.786714315414429s

2025-10-27 20:23:39,293 | INFO | Training epoch 780, Batch 1000/1000: LR=1.25e-05, Loss=1.73e-02 BER=6.79e-03 FER=1.57e-01
2025-10-27 20:23:39,333 | INFO | Epoch 780 Train Time 12.845006704330444s

2025-10-27 20:23:53,360 | INFO | Training epoch 781, Batch 1000/1000: LR=1.24e-05, Loss=1.69e-02 BER=6.61e-03 FER=1.55e-01
2025-10-27 20:23:53,404 | INFO | Epoch 781 Train Time 14.069492101669312s

2025-10-27 20:24:05,650 | INFO | Training epoch 782, Batch 1000/1000: LR=1.23e-05, Loss=1.70e-02 BER=6.62e-03 FER=1.56e-01
2025-10-27 20:24:05,691 | INFO | Epoch 782 Train Time 12.28669023513794s

2025-10-27 20:24:17,673 | INFO | Training epoch 783, Batch 1000/1000: LR=1.22e-05, Loss=1.71e-02 BER=6.68e-03 FER=1.58e-01
2025-10-27 20:24:17,717 | INFO | Epoch 783 Train Time 12.025981187820435s

2025-10-27 20:24:30,550 | INFO | Training epoch 784, Batch 1000/1000: LR=1.21e-05, Loss=1.68e-02 BER=6.59e-03 FER=1.56e-01
2025-10-27 20:24:30,590 | INFO | Epoch 784 Train Time 12.872506380081177s

2025-10-27 20:24:42,401 | INFO | Training epoch 785, Batch 1000/1000: LR=1.20e-05, Loss=1.70e-02 BER=6.65e-03 FER=1.57e-01
2025-10-27 20:24:42,442 | INFO | Epoch 785 Train Time 11.850951433181763s

2025-10-27 20:24:54,026 | INFO | Training epoch 786, Batch 1000/1000: LR=1.19e-05, Loss=1.69e-02 BER=6.63e-03 FER=1.56e-01
2025-10-27 20:24:54,068 | INFO | Epoch 786 Train Time 11.625211954116821s

2025-10-27 20:25:06,803 | INFO | Training epoch 787, Batch 1000/1000: LR=1.18e-05, Loss=1.69e-02 BER=6.61e-03 FER=1.55e-01
2025-10-27 20:25:06,849 | INFO | Epoch 787 Train Time 12.781348466873169s

2025-10-27 20:25:19,476 | INFO | Training epoch 788, Batch 1000/1000: LR=1.17e-05, Loss=1.70e-02 BER=6.63e-03 FER=1.56e-01
2025-10-27 20:25:19,518 | INFO | Epoch 788 Train Time 12.667644023895264s

2025-10-27 20:25:31,574 | INFO | Training epoch 789, Batch 1000/1000: LR=1.16e-05, Loss=1.71e-02 BER=6.68e-03 FER=1.57e-01
2025-10-27 20:25:31,615 | INFO | Epoch 789 Train Time 12.09739899635315s

2025-10-27 20:25:44,706 | INFO | Training epoch 790, Batch 1000/1000: LR=1.15e-05, Loss=1.69e-02 BER=6.61e-03 FER=1.56e-01
2025-10-27 20:25:44,749 | INFO | Epoch 790 Train Time 13.13285779953003s

2025-10-27 20:25:57,931 | INFO | Training epoch 791, Batch 1000/1000: LR=1.14e-05, Loss=1.70e-02 BER=6.66e-03 FER=1.56e-01
2025-10-27 20:25:57,975 | INFO | Epoch 791 Train Time 13.225268363952637s

2025-10-27 20:26:10,693 | INFO | Training epoch 792, Batch 1000/1000: LR=1.13e-05, Loss=1.71e-02 BER=6.69e-03 FER=1.57e-01
2025-10-27 20:26:10,730 | INFO | Epoch 792 Train Time 12.754883289337158s

2025-10-27 20:26:23,886 | INFO | Training epoch 793, Batch 1000/1000: LR=1.12e-05, Loss=1.70e-02 BER=6.68e-03 FER=1.57e-01
2025-10-27 20:26:23,930 | INFO | Epoch 793 Train Time 13.198771476745605s

2025-10-27 20:26:37,368 | INFO | Training epoch 794, Batch 1000/1000: LR=1.11e-05, Loss=1.71e-02 BER=6.66e-03 FER=1.57e-01
2025-10-27 20:26:37,405 | INFO | Epoch 794 Train Time 13.474713563919067s

2025-10-27 20:26:50,394 | INFO | Training epoch 795, Batch 1000/1000: LR=1.10e-05, Loss=1.71e-02 BER=6.71e-03 FER=1.57e-01
2025-10-27 20:26:50,435 | INFO | Epoch 795 Train Time 13.029423236846924s

2025-10-27 20:27:03,539 | INFO | Training epoch 796, Batch 1000/1000: LR=1.09e-05, Loss=1.70e-02 BER=6.63e-03 FER=1.56e-01
2025-10-27 20:27:03,583 | INFO | Epoch 796 Train Time 13.147228717803955s

2025-10-27 20:27:14,819 | INFO | Training epoch 797, Batch 1000/1000: LR=1.08e-05, Loss=1.68e-02 BER=6.61e-03 FER=1.56e-01
2025-10-27 20:27:14,863 | INFO | Epoch 797 Train Time 11.279714107513428s

2025-10-27 20:27:27,198 | INFO | Training epoch 798, Batch 1000/1000: LR=1.07e-05, Loss=1.69e-02 BER=6.60e-03 FER=1.56e-01
2025-10-27 20:27:27,236 | INFO | Epoch 798 Train Time 12.372760534286499s

2025-10-27 20:27:41,360 | INFO | Training epoch 799, Batch 1000/1000: LR=1.06e-05, Loss=1.71e-02 BER=6.70e-03 FER=1.57e-01
2025-10-27 20:27:41,406 | INFO | Epoch 799 Train Time 14.169287204742432s

2025-10-27 20:27:53,783 | INFO | Training epoch 800, Batch 1000/1000: LR=1.05e-05, Loss=1.70e-02 BER=6.64e-03 FER=1.56e-01
2025-10-27 20:27:53,820 | INFO | Epoch 800 Train Time 12.412790536880493s

2025-10-27 20:28:07,124 | INFO | Training epoch 801, Batch 1000/1000: LR=1.05e-05, Loss=1.72e-02 BER=6.70e-03 FER=1.58e-01
2025-10-27 20:28:07,166 | INFO | Epoch 801 Train Time 13.345783233642578s

2025-10-27 20:28:20,108 | INFO | Training epoch 802, Batch 1000/1000: LR=1.04e-05, Loss=1.70e-02 BER=6.69e-03 FER=1.57e-01
2025-10-27 20:28:20,153 | INFO | Epoch 802 Train Time 12.987014055252075s

2025-10-27 20:28:33,373 | INFO | Training epoch 803, Batch 1000/1000: LR=1.03e-05, Loss=1.70e-02 BER=6.65e-03 FER=1.57e-01
2025-10-27 20:28:33,419 | INFO | Epoch 803 Train Time 13.265058994293213s

2025-10-27 20:28:47,738 | INFO | Training epoch 804, Batch 1000/1000: LR=1.02e-05, Loss=1.71e-02 BER=6.66e-03 FER=1.56e-01
2025-10-27 20:28:47,782 | INFO | Epoch 804 Train Time 14.362509965896606s

2025-10-27 20:28:59,605 | INFO | Training epoch 805, Batch 1000/1000: LR=1.01e-05, Loss=1.70e-02 BER=6.64e-03 FER=1.56e-01
2025-10-27 20:28:59,646 | INFO | Epoch 805 Train Time 11.86310863494873s

2025-10-27 20:29:12,404 | INFO | Training epoch 806, Batch 1000/1000: LR=1.00e-05, Loss=1.71e-02 BER=6.67e-03 FER=1.57e-01
2025-10-27 20:29:12,448 | INFO | Epoch 806 Train Time 12.801385402679443s

2025-10-27 20:29:25,747 | INFO | Training epoch 807, Batch 1000/1000: LR=9.91e-06, Loss=1.71e-02 BER=6.68e-03 FER=1.57e-01
2025-10-27 20:29:25,791 | INFO | Epoch 807 Train Time 13.342483758926392s

2025-10-27 20:29:38,685 | INFO | Training epoch 808, Batch 1000/1000: LR=9.82e-06, Loss=1.69e-02 BER=6.60e-03 FER=1.55e-01
2025-10-27 20:29:38,730 | INFO | Epoch 808 Train Time 12.938724040985107s

2025-10-27 20:29:52,419 | INFO | Training epoch 809, Batch 1000/1000: LR=9.74e-06, Loss=1.71e-02 BER=6.72e-03 FER=1.57e-01
2025-10-27 20:29:52,469 | INFO | Epoch 809 Train Time 13.7387855052948s

2025-10-27 20:30:05,244 | INFO | Training epoch 810, Batch 1000/1000: LR=9.65e-06, Loss=1.70e-02 BER=6.63e-03 FER=1.56e-01
2025-10-27 20:30:05,288 | INFO | Epoch 810 Train Time 12.818349599838257s

2025-10-27 20:30:17,910 | INFO | Training epoch 811, Batch 1000/1000: LR=9.56e-06, Loss=1.69e-02 BER=6.64e-03 FER=1.56e-01
2025-10-27 20:30:17,945 | INFO | Epoch 811 Train Time 12.656682014465332s

2025-10-27 20:30:29,629 | INFO | Training epoch 812, Batch 1000/1000: LR=9.47e-06, Loss=1.72e-02 BER=6.72e-03 FER=1.58e-01
2025-10-27 20:30:29,670 | INFO | Epoch 812 Train Time 11.724483489990234s

2025-10-27 20:30:43,504 | INFO | Training epoch 813, Batch 1000/1000: LR=9.39e-06, Loss=1.69e-02 BER=6.63e-03 FER=1.56e-01
2025-10-27 20:30:43,553 | INFO | Epoch 813 Train Time 13.882322311401367s

2025-10-27 20:30:56,664 | INFO | Training epoch 814, Batch 1000/1000: LR=9.30e-06, Loss=1.70e-02 BER=6.64e-03 FER=1.57e-01
2025-10-27 20:30:56,710 | INFO | Epoch 814 Train Time 13.156102180480957s

2025-10-27 20:31:09,337 | INFO | Training epoch 815, Batch 1000/1000: LR=9.21e-06, Loss=1.71e-02 BER=6.72e-03 FER=1.57e-01
2025-10-27 20:31:09,374 | INFO | Epoch 815 Train Time 12.663103818893433s

2025-10-27 20:31:22,570 | INFO | Training epoch 816, Batch 1000/1000: LR=9.13e-06, Loss=1.73e-02 BER=6.77e-03 FER=1.59e-01
2025-10-27 20:31:22,613 | INFO | Epoch 816 Train Time 13.239193677902222s

2025-10-27 20:31:34,980 | INFO | Training epoch 817, Batch 1000/1000: LR=9.04e-06, Loss=1.69e-02 BER=6.59e-03 FER=1.55e-01
2025-10-27 20:31:35,022 | INFO | Epoch 817 Train Time 12.407609462738037s

2025-10-27 20:31:47,642 | INFO | Training epoch 818, Batch 1000/1000: LR=8.96e-06, Loss=1.70e-02 BER=6.65e-03 FER=1.56e-01
2025-10-27 20:31:47,687 | INFO | Epoch 818 Train Time 12.665473461151123s

2025-10-27 20:32:00,303 | INFO | Training epoch 819, Batch 1000/1000: LR=8.87e-06, Loss=1.70e-02 BER=6.65e-03 FER=1.56e-01
2025-10-27 20:32:00,342 | INFO | Epoch 819 Train Time 12.654213190078735s

2025-10-27 20:32:12,744 | INFO | Training epoch 820, Batch 1000/1000: LR=8.79e-06, Loss=1.69e-02 BER=6.63e-03 FER=1.57e-01
2025-10-27 20:32:12,782 | INFO | Epoch 820 Train Time 12.43939733505249s

2025-10-27 20:32:25,799 | INFO | Training epoch 821, Batch 1000/1000: LR=8.71e-06, Loss=1.70e-02 BER=6.69e-03 FER=1.56e-01
2025-10-27 20:32:25,844 | INFO | Epoch 821 Train Time 13.06001615524292s

2025-10-27 20:32:38,580 | INFO | Training epoch 822, Batch 1000/1000: LR=8.62e-06, Loss=1.71e-02 BER=6.70e-03 FER=1.57e-01
2025-10-27 20:32:38,626 | INFO | Epoch 822 Train Time 12.781433343887329s

2025-10-27 20:32:50,863 | INFO | Training epoch 823, Batch 1000/1000: LR=8.54e-06, Loss=1.69e-02 BER=6.64e-03 FER=1.57e-01
2025-10-27 20:32:50,909 | INFO | Epoch 823 Train Time 12.282871961593628s

2025-10-27 20:33:04,290 | INFO | Training epoch 824, Batch 1000/1000: LR=8.46e-06, Loss=1.73e-02 BER=6.78e-03 FER=1.58e-01
2025-10-27 20:33:04,337 | INFO | Epoch 824 Train Time 13.427532196044922s

2025-10-27 20:33:17,793 | INFO | Training epoch 825, Batch 1000/1000: LR=8.38e-06, Loss=1.70e-02 BER=6.65e-03 FER=1.57e-01
2025-10-27 20:33:17,838 | INFO | Epoch 825 Train Time 13.499617099761963s

2025-10-27 20:33:31,848 | INFO | Training epoch 826, Batch 1000/1000: LR=8.29e-06, Loss=1.69e-02 BER=6.61e-03 FER=1.56e-01
2025-10-27 20:33:31,901 | INFO | Epoch 826 Train Time 14.062297105789185s

2025-10-27 20:33:44,112 | INFO | Training epoch 827, Batch 1000/1000: LR=8.21e-06, Loss=1.70e-02 BER=6.66e-03 FER=1.56e-01
2025-10-27 20:33:44,157 | INFO | Epoch 827 Train Time 12.255990743637085s

2025-10-27 20:33:55,821 | INFO | Training epoch 828, Batch 1000/1000: LR=8.13e-06, Loss=1.69e-02 BER=6.62e-03 FER=1.55e-01
2025-10-27 20:33:55,863 | INFO | Epoch 828 Train Time 11.70613169670105s

2025-10-27 20:34:09,714 | INFO | Training epoch 829, Batch 1000/1000: LR=8.05e-06, Loss=1.70e-02 BER=6.65e-03 FER=1.57e-01
2025-10-27 20:34:09,755 | INFO | Epoch 829 Train Time 13.890881776809692s

2025-10-27 20:34:23,317 | INFO | Training epoch 830, Batch 1000/1000: LR=7.97e-06, Loss=1.69e-02 BER=6.62e-03 FER=1.56e-01
2025-10-27 20:34:23,359 | INFO | Epoch 830 Train Time 13.603678226470947s

2025-10-27 20:34:35,801 | INFO | Training epoch 831, Batch 1000/1000: LR=7.89e-06, Loss=1.71e-02 BER=6.65e-03 FER=1.57e-01
2025-10-27 20:34:35,848 | INFO | Epoch 831 Train Time 12.488100528717041s

2025-10-27 20:34:48,328 | INFO | Training epoch 832, Batch 1000/1000: LR=7.81e-06, Loss=1.70e-02 BER=6.62e-03 FER=1.56e-01
2025-10-27 20:34:48,367 | INFO | Epoch 832 Train Time 12.518935441970825s

2025-10-27 20:35:00,889 | INFO | Training epoch 833, Batch 1000/1000: LR=7.74e-06, Loss=1.70e-02 BER=6.68e-03 FER=1.57e-01
2025-10-27 20:35:00,926 | INFO | Epoch 833 Train Time 12.558026313781738s

2025-10-27 20:35:14,839 | INFO | Training epoch 834, Batch 1000/1000: LR=7.66e-06, Loss=1.68e-02 BER=6.61e-03 FER=1.56e-01
2025-10-27 20:35:14,878 | INFO | Epoch 834 Train Time 13.951982498168945s

2025-10-27 20:35:27,059 | INFO | Training epoch 835, Batch 1000/1000: LR=7.58e-06, Loss=1.68e-02 BER=6.58e-03 FER=1.56e-01
2025-10-27 20:35:27,103 | INFO | Epoch 835 Train Time 12.224591970443726s

2025-10-27 20:35:39,935 | INFO | Training epoch 836, Batch 1000/1000: LR=7.50e-06, Loss=1.70e-02 BER=6.66e-03 FER=1.56e-01
2025-10-27 20:35:39,981 | INFO | Epoch 836 Train Time 12.876980781555176s

2025-10-27 20:35:52,190 | INFO | Training epoch 837, Batch 1000/1000: LR=7.43e-06, Loss=1.71e-02 BER=6.69e-03 FER=1.58e-01
2025-10-27 20:35:52,229 | INFO | Epoch 837 Train Time 12.248047113418579s

2025-10-27 20:36:05,725 | INFO | Training epoch 838, Batch 1000/1000: LR=7.35e-06, Loss=1.70e-02 BER=6.70e-03 FER=1.57e-01
2025-10-27 20:36:05,772 | INFO | Epoch 838 Train Time 13.542387962341309s

2025-10-27 20:36:18,131 | INFO | Training epoch 839, Batch 1000/1000: LR=7.27e-06, Loss=1.72e-02 BER=6.74e-03 FER=1.58e-01
2025-10-27 20:36:18,174 | INFO | Epoch 839 Train Time 12.40113377571106s

2025-10-27 20:36:30,233 | INFO | Training epoch 840, Batch 1000/1000: LR=7.20e-06, Loss=1.69e-02 BER=6.63e-03 FER=1.55e-01
2025-10-27 20:36:30,276 | INFO | Epoch 840 Train Time 12.101610898971558s

2025-10-27 20:36:42,794 | INFO | Training epoch 841, Batch 1000/1000: LR=7.12e-06, Loss=1.70e-02 BER=6.65e-03 FER=1.56e-01
2025-10-27 20:36:42,835 | INFO | Epoch 841 Train Time 12.557811737060547s

2025-10-27 20:36:57,510 | INFO | Training epoch 842, Batch 1000/1000: LR=7.05e-06, Loss=1.69e-02 BER=6.65e-03 FER=1.56e-01
2025-10-27 20:36:57,546 | INFO | Epoch 842 Train Time 14.71109914779663s

2025-10-27 20:37:11,300 | INFO | Training epoch 843, Batch 1000/1000: LR=6.97e-06, Loss=1.68e-02 BER=6.58e-03 FER=1.55e-01
2025-10-27 20:37:11,344 | INFO | Epoch 843 Train Time 13.79750394821167s

2025-10-27 20:37:23,691 | INFO | Training epoch 844, Batch 1000/1000: LR=6.90e-06, Loss=1.70e-02 BER=6.68e-03 FER=1.56e-01
2025-10-27 20:37:23,727 | INFO | Epoch 844 Train Time 12.382483959197998s

2025-10-27 20:37:36,094 | INFO | Training epoch 845, Batch 1000/1000: LR=6.83e-06, Loss=1.71e-02 BER=6.68e-03 FER=1.57e-01
2025-10-27 20:37:36,142 | INFO | Epoch 845 Train Time 12.413544416427612s

2025-10-27 20:37:49,475 | INFO | Training epoch 846, Batch 1000/1000: LR=6.75e-06, Loss=1.71e-02 BER=6.66e-03 FER=1.56e-01
2025-10-27 20:37:49,519 | INFO | Epoch 846 Train Time 13.376576662063599s

2025-10-27 20:38:02,152 | INFO | Training epoch 847, Batch 1000/1000: LR=6.68e-06, Loss=1.69e-02 BER=6.61e-03 FER=1.55e-01
2025-10-27 20:38:02,190 | INFO | Epoch 847 Train Time 12.670459985733032s

2025-10-27 20:38:12,899 | INFO | Training epoch 848, Batch 1000/1000: LR=6.61e-06, Loss=1.71e-02 BER=6.69e-03 FER=1.58e-01
2025-10-27 20:38:12,940 | INFO | Epoch 848 Train Time 10.749269723892212s

2025-10-27 20:38:25,546 | INFO | Training epoch 849, Batch 1000/1000: LR=6.54e-06, Loss=1.69e-02 BER=6.58e-03 FER=1.55e-01
2025-10-27 20:38:25,592 | INFO | Epoch 849 Train Time 12.652114629745483s

2025-10-27 20:38:39,353 | INFO | Training epoch 850, Batch 1000/1000: LR=6.47e-06, Loss=1.69e-02 BER=6.59e-03 FER=1.56e-01
2025-10-27 20:38:39,397 | INFO | Epoch 850 Train Time 13.804348707199097s

2025-10-27 20:38:51,364 | INFO | Training epoch 851, Batch 1000/1000: LR=6.40e-06, Loss=1.70e-02 BER=6.65e-03 FER=1.56e-01
2025-10-27 20:38:51,410 | INFO | Epoch 851 Train Time 12.012277364730835s

2025-10-27 20:39:04,083 | INFO | Training epoch 852, Batch 1000/1000: LR=6.32e-06, Loss=1.70e-02 BER=6.64e-03 FER=1.56e-01
2025-10-27 20:39:04,135 | INFO | Epoch 852 Train Time 12.724889516830444s

2025-10-27 20:39:17,020 | INFO | Training epoch 853, Batch 1000/1000: LR=6.25e-06, Loss=1.69e-02 BER=6.59e-03 FER=1.55e-01
2025-10-27 20:39:17,068 | INFO | Epoch 853 Train Time 12.931627988815308s

2025-10-27 20:39:29,895 | INFO | Training epoch 854, Batch 1000/1000: LR=6.19e-06, Loss=1.70e-02 BER=6.66e-03 FER=1.56e-01
2025-10-27 20:39:29,938 | INFO | Epoch 854 Train Time 12.870152473449707s

2025-10-27 20:39:43,044 | INFO | Training epoch 855, Batch 1000/1000: LR=6.12e-06, Loss=1.68e-02 BER=6.61e-03 FER=1.55e-01
2025-10-27 20:39:43,088 | INFO | Epoch 855 Train Time 13.149210691452026s

2025-10-27 20:39:56,484 | INFO | Training epoch 856, Batch 1000/1000: LR=6.05e-06, Loss=1.70e-02 BER=6.63e-03 FER=1.56e-01
2025-10-27 20:39:56,521 | INFO | Epoch 856 Train Time 13.431979656219482s

2025-10-27 20:40:09,182 | INFO | Training epoch 857, Batch 1000/1000: LR=5.98e-06, Loss=1.70e-02 BER=6.63e-03 FER=1.57e-01
2025-10-27 20:40:09,232 | INFO | Epoch 857 Train Time 12.710181474685669s

2025-10-27 20:40:22,171 | INFO | Training epoch 858, Batch 1000/1000: LR=5.91e-06, Loss=1.70e-02 BER=6.64e-03 FER=1.55e-01
2025-10-27 20:40:22,218 | INFO | Epoch 858 Train Time 12.985707521438599s

2025-10-27 20:40:34,891 | INFO | Training epoch 859, Batch 1000/1000: LR=5.84e-06, Loss=1.70e-02 BER=6.65e-03 FER=1.56e-01
2025-10-27 20:40:34,935 | INFO | Epoch 859 Train Time 12.71645188331604s

2025-10-27 20:40:47,474 | INFO | Training epoch 860, Batch 1000/1000: LR=5.78e-06, Loss=1.71e-02 BER=6.63e-03 FER=1.57e-01
2025-10-27 20:40:47,521 | INFO | Epoch 860 Train Time 12.58580732345581s

2025-10-27 20:41:01,280 | INFO | Training epoch 861, Batch 1000/1000: LR=5.71e-06, Loss=1.70e-02 BER=6.64e-03 FER=1.55e-01
2025-10-27 20:41:01,332 | INFO | Epoch 861 Train Time 13.809598684310913s

2025-10-27 20:41:14,376 | INFO | Training epoch 862, Batch 1000/1000: LR=5.65e-06, Loss=1.69e-02 BER=6.58e-03 FER=1.56e-01
2025-10-27 20:41:14,427 | INFO | Epoch 862 Train Time 13.095119953155518s

2025-10-27 20:41:28,013 | INFO | Training epoch 863, Batch 1000/1000: LR=5.58e-06, Loss=1.69e-02 BER=6.61e-03 FER=1.56e-01
2025-10-27 20:41:28,058 | INFO | Epoch 863 Train Time 13.630391597747803s

2025-10-27 20:41:39,893 | INFO | Training epoch 864, Batch 1000/1000: LR=5.51e-06, Loss=1.69e-02 BER=6.60e-03 FER=1.55e-01
2025-10-27 20:41:39,936 | INFO | Epoch 864 Train Time 11.877180814743042s

2025-10-27 20:41:53,426 | INFO | Training epoch 865, Batch 1000/1000: LR=5.45e-06, Loss=1.72e-02 BER=6.73e-03 FER=1.58e-01
2025-10-27 20:41:53,475 | INFO | Epoch 865 Train Time 13.53812575340271s

2025-10-27 20:42:06,461 | INFO | Training epoch 866, Batch 1000/1000: LR=5.39e-06, Loss=1.70e-02 BER=6.70e-03 FER=1.58e-01
2025-10-27 20:42:06,519 | INFO | Epoch 866 Train Time 13.043030977249146s

2025-10-27 20:42:19,015 | INFO | Training epoch 867, Batch 1000/1000: LR=5.32e-06, Loss=1.69e-02 BER=6.61e-03 FER=1.55e-01
2025-10-27 20:42:19,056 | INFO | Epoch 867 Train Time 12.535662412643433s

2025-10-27 20:42:32,640 | INFO | Training epoch 868, Batch 1000/1000: LR=5.26e-06, Loss=1.70e-02 BER=6.66e-03 FER=1.56e-01
2025-10-27 20:42:32,688 | INFO | Epoch 868 Train Time 13.631988525390625s

2025-10-27 20:42:45,478 | INFO | Training epoch 869, Batch 1000/1000: LR=5.20e-06, Loss=1.71e-02 BER=6.69e-03 FER=1.57e-01
2025-10-27 20:42:45,529 | INFO | Epoch 869 Train Time 12.84032416343689s

2025-10-27 20:42:58,625 | INFO | Training epoch 870, Batch 1000/1000: LR=5.13e-06, Loss=1.69e-02 BER=6.61e-03 FER=1.56e-01
2025-10-27 20:42:58,668 | INFO | Epoch 870 Train Time 13.138486862182617s

2025-10-27 20:43:12,294 | INFO | Training epoch 871, Batch 1000/1000: LR=5.07e-06, Loss=1.69e-02 BER=6.59e-03 FER=1.56e-01
2025-10-27 20:43:12,332 | INFO | Epoch 871 Train Time 13.662939071655273s

2025-10-27 20:43:24,159 | INFO | Training epoch 872, Batch 1000/1000: LR=5.01e-06, Loss=1.71e-02 BER=6.69e-03 FER=1.57e-01
2025-10-27 20:43:24,208 | INFO | Epoch 872 Train Time 11.875049114227295s

2025-10-27 20:43:37,041 | INFO | Training epoch 873, Batch 1000/1000: LR=4.95e-06, Loss=1.69e-02 BER=6.62e-03 FER=1.56e-01
2025-10-27 20:43:37,092 | INFO | Epoch 873 Train Time 12.884430885314941s

2025-10-27 20:43:49,534 | INFO | Training epoch 874, Batch 1000/1000: LR=4.89e-06, Loss=1.70e-02 BER=6.64e-03 FER=1.56e-01
2025-10-27 20:43:49,577 | INFO | Epoch 874 Train Time 12.483551263809204s

2025-10-27 20:44:01,822 | INFO | Training epoch 875, Batch 1000/1000: LR=4.83e-06, Loss=1.70e-02 BER=6.64e-03 FER=1.57e-01
2025-10-27 20:44:01,866 | INFO | Epoch 875 Train Time 12.288764238357544s

2025-10-27 20:44:14,750 | INFO | Training epoch 876, Batch 1000/1000: LR=4.77e-06, Loss=1.69e-02 BER=6.60e-03 FER=1.56e-01
2025-10-27 20:44:14,799 | INFO | Epoch 876 Train Time 12.932476043701172s

2025-10-27 20:44:27,403 | INFO | Training epoch 877, Batch 1000/1000: LR=4.71e-06, Loss=1.71e-02 BER=6.70e-03 FER=1.58e-01
2025-10-27 20:44:27,453 | INFO | Epoch 877 Train Time 12.653135776519775s

2025-10-27 20:44:41,462 | INFO | Training epoch 878, Batch 1000/1000: LR=4.65e-06, Loss=1.72e-02 BER=6.71e-03 FER=1.57e-01
2025-10-27 20:44:41,514 | INFO | Epoch 878 Train Time 14.06051230430603s

2025-10-27 20:44:54,186 | INFO | Training epoch 879, Batch 1000/1000: LR=4.59e-06, Loss=1.70e-02 BER=6.66e-03 FER=1.56e-01
2025-10-27 20:44:54,240 | INFO | Epoch 879 Train Time 12.725854873657227s

2025-10-27 20:45:08,448 | INFO | Training epoch 880, Batch 1000/1000: LR=4.53e-06, Loss=1.71e-02 BER=6.68e-03 FER=1.56e-01
2025-10-27 20:45:08,498 | INFO | Epoch 880 Train Time 14.257247924804688s

2025-10-27 20:45:20,867 | INFO | Training epoch 881, Batch 1000/1000: LR=4.48e-06, Loss=1.71e-02 BER=6.69e-03 FER=1.57e-01
2025-10-27 20:45:20,909 | INFO | Epoch 881 Train Time 12.41062307357788s

2025-10-27 20:45:34,920 | INFO | Training epoch 882, Batch 1000/1000: LR=4.42e-06, Loss=1.68e-02 BER=6.57e-03 FER=1.55e-01
2025-10-27 20:45:34,976 | INFO | Epoch 882 Train Time 14.066923141479492s

2025-10-27 20:45:47,803 | INFO | Training epoch 883, Batch 1000/1000: LR=4.36e-06, Loss=1.70e-02 BER=6.67e-03 FER=1.56e-01
2025-10-27 20:45:47,850 | INFO | Epoch 883 Train Time 12.872974634170532s

2025-10-27 20:46:01,184 | INFO | Training epoch 884, Batch 1000/1000: LR=4.31e-06, Loss=1.67e-02 BER=6.54e-03 FER=1.54e-01
2025-10-27 20:46:01,233 | INFO | Epoch 884 Train Time 13.382688760757446s

2025-10-27 20:46:14,031 | INFO | Training epoch 885, Batch 1000/1000: LR=4.25e-06, Loss=1.70e-02 BER=6.64e-03 FER=1.56e-01
2025-10-27 20:46:14,082 | INFO | Epoch 885 Train Time 12.84777307510376s

2025-10-27 20:46:28,582 | INFO | Training epoch 886, Batch 1000/1000: LR=4.20e-06, Loss=1.68e-02 BER=6.55e-03 FER=1.54e-01
2025-10-27 20:46:28,631 | INFO | Epoch 886 Train Time 14.548827409744263s

2025-10-27 20:46:41,579 | INFO | Training epoch 887, Batch 1000/1000: LR=4.14e-06, Loss=1.69e-02 BER=6.62e-03 FER=1.56e-01
2025-10-27 20:46:41,629 | INFO | Epoch 887 Train Time 12.996950387954712s

2025-10-27 20:46:54,954 | INFO | Training epoch 888, Batch 1000/1000: LR=4.09e-06, Loss=1.71e-02 BER=6.73e-03 FER=1.57e-01
2025-10-27 20:46:54,997 | INFO | Epoch 888 Train Time 13.367474794387817s

2025-10-27 20:47:07,882 | INFO | Training epoch 889, Batch 1000/1000: LR=4.03e-06, Loss=1.69e-02 BER=6.64e-03 FER=1.56e-01
2025-10-27 20:47:07,929 | INFO | Epoch 889 Train Time 12.931508779525757s

2025-10-27 20:47:20,944 | INFO | Training epoch 890, Batch 1000/1000: LR=3.98e-06, Loss=1.70e-02 BER=6.64e-03 FER=1.56e-01
2025-10-27 20:47:20,987 | INFO | Epoch 890 Train Time 13.057108879089355s

2025-10-27 20:47:34,524 | INFO | Training epoch 891, Batch 1000/1000: LR=3.93e-06, Loss=1.69e-02 BER=6.64e-03 FER=1.56e-01
2025-10-27 20:47:34,565 | INFO | Epoch 891 Train Time 13.576812028884888s

2025-10-27 20:47:47,427 | INFO | Training epoch 892, Batch 1000/1000: LR=3.87e-06, Loss=1.70e-02 BER=6.65e-03 FER=1.57e-01
2025-10-27 20:47:47,474 | INFO | Epoch 892 Train Time 12.90893816947937s

2025-10-27 20:48:00,298 | INFO | Training epoch 893, Batch 1000/1000: LR=3.82e-06, Loss=1.71e-02 BER=6.70e-03 FER=1.57e-01
2025-10-27 20:48:00,347 | INFO | Epoch 893 Train Time 12.872711181640625s

2025-10-27 20:48:13,428 | INFO | Training epoch 894, Batch 1000/1000: LR=3.77e-06, Loss=1.68e-02 BER=6.60e-03 FER=1.54e-01
2025-10-27 20:48:13,475 | INFO | Epoch 894 Train Time 13.127301454544067s

2025-10-27 20:48:26,242 | INFO | Training epoch 895, Batch 1000/1000: LR=3.72e-06, Loss=1.69e-02 BER=6.61e-03 FER=1.56e-01
2025-10-27 20:48:26,277 | INFO | Epoch 895 Train Time 12.801316976547241s

2025-10-27 20:48:39,761 | INFO | Training epoch 896, Batch 1000/1000: LR=3.67e-06, Loss=1.71e-02 BER=6.65e-03 FER=1.56e-01
2025-10-27 20:48:39,796 | INFO | Epoch 896 Train Time 13.517706394195557s

2025-10-27 20:48:53,135 | INFO | Training epoch 897, Batch 1000/1000: LR=3.62e-06, Loss=1.71e-02 BER=6.70e-03 FER=1.57e-01
2025-10-27 20:48:53,183 | INFO | Epoch 897 Train Time 13.386762142181396s

2025-10-27 20:49:06,282 | INFO | Training epoch 898, Batch 1000/1000: LR=3.57e-06, Loss=1.68e-02 BER=6.60e-03 FER=1.55e-01
2025-10-27 20:49:06,340 | INFO | Epoch 898 Train Time 13.156509637832642s

2025-10-27 20:49:19,159 | INFO | Training epoch 899, Batch 1000/1000: LR=3.52e-06, Loss=1.69e-02 BER=6.62e-03 FER=1.55e-01
2025-10-27 20:49:19,202 | INFO | Epoch 899 Train Time 12.860578298568726s

2025-10-27 20:49:32,959 | INFO | Training epoch 900, Batch 1000/1000: LR=3.47e-06, Loss=1.68e-02 BER=6.63e-03 FER=1.55e-01
2025-10-27 20:49:33,006 | INFO | Epoch 900 Train Time 13.803529977798462s

2025-10-27 20:49:45,573 | INFO | Training epoch 901, Batch 1000/1000: LR=3.42e-06, Loss=1.68e-02 BER=6.53e-03 FER=1.54e-01
2025-10-27 20:49:45,617 | INFO | Epoch 901 Train Time 12.610908031463623s

2025-10-27 20:49:58,877 | INFO | Training epoch 902, Batch 1000/1000: LR=3.37e-06, Loss=1.67e-02 BER=6.58e-03 FER=1.55e-01
2025-10-27 20:49:58,927 | INFO | Epoch 902 Train Time 13.309557676315308s

2025-10-27 20:49:58,927 | INFO | [P1] saving best_model with loss 0.016728 at epoch 902
2025-10-27 20:50:11,657 | INFO | Training epoch 903, Batch 1000/1000: LR=3.33e-06, Loss=1.70e-02 BER=6.66e-03 FER=1.56e-01
2025-10-27 20:50:11,697 | INFO | Epoch 903 Train Time 12.761962652206421s

2025-10-27 20:50:25,174 | INFO | Training epoch 904, Batch 1000/1000: LR=3.28e-06, Loss=1.69e-02 BER=6.60e-03 FER=1.55e-01
2025-10-27 20:50:25,225 | INFO | Epoch 904 Train Time 13.526751279830933s

2025-10-27 20:50:38,179 | INFO | Training epoch 905, Batch 1000/1000: LR=3.23e-06, Loss=1.69e-02 BER=6.62e-03 FER=1.56e-01
2025-10-27 20:50:38,231 | INFO | Epoch 905 Train Time 13.005585670471191s

2025-10-27 20:50:50,604 | INFO | Training epoch 906, Batch 1000/1000: LR=3.19e-06, Loss=1.70e-02 BER=6.70e-03 FER=1.57e-01
2025-10-27 20:50:50,655 | INFO | Epoch 906 Train Time 12.423935413360596s

2025-10-27 20:51:02,947 | INFO | Training epoch 907, Batch 1000/1000: LR=3.14e-06, Loss=1.70e-02 BER=6.64e-03 FER=1.56e-01
2025-10-27 20:51:02,988 | INFO | Epoch 907 Train Time 12.331563949584961s

2025-10-27 20:51:15,704 | INFO | Training epoch 908, Batch 1000/1000: LR=3.10e-06, Loss=1.71e-02 BER=6.67e-03 FER=1.56e-01
2025-10-27 20:51:15,750 | INFO | Epoch 908 Train Time 12.761803150177002s

2025-10-27 20:51:28,330 | INFO | Training epoch 909, Batch 1000/1000: LR=3.05e-06, Loss=1.69e-02 BER=6.60e-03 FER=1.55e-01
2025-10-27 20:51:28,371 | INFO | Epoch 909 Train Time 12.620179653167725s

2025-10-27 20:51:40,951 | INFO | Training epoch 910, Batch 1000/1000: LR=3.01e-06, Loss=1.68e-02 BER=6.56e-03 FER=1.54e-01
2025-10-27 20:51:41,006 | INFO | Epoch 910 Train Time 12.634318828582764s

2025-10-27 20:51:53,706 | INFO | Training epoch 911, Batch 1000/1000: LR=2.97e-06, Loss=1.69e-02 BER=6.65e-03 FER=1.56e-01
2025-10-27 20:51:53,756 | INFO | Epoch 911 Train Time 12.749372720718384s

2025-10-27 20:52:06,890 | INFO | Training epoch 912, Batch 1000/1000: LR=2.92e-06, Loss=1.67e-02 BER=6.54e-03 FER=1.55e-01
2025-10-27 20:52:06,938 | INFO | Epoch 912 Train Time 13.181375741958618s

2025-10-27 20:52:20,472 | INFO | Training epoch 913, Batch 1000/1000: LR=2.88e-06, Loss=1.70e-02 BER=6.62e-03 FER=1.55e-01
2025-10-27 20:52:20,527 | INFO | Epoch 913 Train Time 13.588679790496826s

2025-10-27 20:52:33,088 | INFO | Training epoch 914, Batch 1000/1000: LR=2.84e-06, Loss=1.69e-02 BER=6.62e-03 FER=1.56e-01
2025-10-27 20:52:33,133 | INFO | Epoch 914 Train Time 12.60467791557312s

2025-10-27 20:52:44,771 | INFO | Training epoch 915, Batch 1000/1000: LR=2.80e-06, Loss=1.68e-02 BER=6.59e-03 FER=1.55e-01
2025-10-27 20:52:44,820 | INFO | Epoch 915 Train Time 11.686031103134155s

2025-10-27 20:52:57,752 | INFO | Training epoch 916, Batch 1000/1000: LR=2.75e-06, Loss=1.69e-02 BER=6.64e-03 FER=1.55e-01
2025-10-27 20:52:57,807 | INFO | Epoch 916 Train Time 12.986571311950684s

2025-10-27 20:53:10,902 | INFO | Training epoch 917, Batch 1000/1000: LR=2.71e-06, Loss=1.70e-02 BER=6.65e-03 FER=1.56e-01
2025-10-27 20:53:10,948 | INFO | Epoch 917 Train Time 13.141104698181152s

2025-10-27 20:53:24,192 | INFO | Training epoch 918, Batch 1000/1000: LR=2.67e-06, Loss=1.69e-02 BER=6.59e-03 FER=1.55e-01
2025-10-27 20:53:24,239 | INFO | Epoch 918 Train Time 13.289882183074951s

2025-10-27 20:53:37,867 | INFO | Training epoch 919, Batch 1000/1000: LR=2.63e-06, Loss=1.70e-02 BER=6.67e-03 FER=1.57e-01
2025-10-27 20:53:37,917 | INFO | Epoch 919 Train Time 13.67762541770935s

2025-10-27 20:53:50,683 | INFO | Training epoch 920, Batch 1000/1000: LR=2.59e-06, Loss=1.69e-02 BER=6.66e-03 FER=1.55e-01
2025-10-27 20:53:50,728 | INFO | Epoch 920 Train Time 12.81018853187561s

2025-10-27 20:54:03,990 | INFO | Training epoch 921, Batch 1000/1000: LR=2.56e-06, Loss=1.70e-02 BER=6.64e-03 FER=1.56e-01
2025-10-27 20:54:04,036 | INFO | Epoch 921 Train Time 13.307629108428955s

2025-10-27 20:54:17,012 | INFO | Training epoch 922, Batch 1000/1000: LR=2.52e-06, Loss=1.66e-02 BER=6.52e-03 FER=1.54e-01
2025-10-27 20:54:17,056 | INFO | Epoch 922 Train Time 13.019134998321533s

2025-10-27 20:54:17,056 | INFO | [P1] saving best_model with loss 0.016648 at epoch 922
2025-10-27 20:54:29,630 | INFO | Training epoch 923, Batch 1000/1000: LR=2.48e-06, Loss=1.69e-02 BER=6.62e-03 FER=1.56e-01
2025-10-27 20:54:29,675 | INFO | Epoch 923 Train Time 12.60670518875122s

2025-10-27 20:54:42,194 | INFO | Training epoch 924, Batch 1000/1000: LR=2.44e-06, Loss=1.70e-02 BER=6.65e-03 FER=1.56e-01
2025-10-27 20:54:42,232 | INFO | Epoch 924 Train Time 12.556429624557495s

2025-10-27 20:54:53,968 | INFO | Training epoch 925, Batch 1000/1000: LR=2.40e-06, Loss=1.70e-02 BER=6.70e-03 FER=1.56e-01
2025-10-27 20:54:54,017 | INFO | Epoch 925 Train Time 11.784881830215454s

2025-10-27 20:55:06,794 | INFO | Training epoch 926, Batch 1000/1000: LR=2.37e-06, Loss=1.71e-02 BER=6.67e-03 FER=1.57e-01
2025-10-27 20:55:06,839 | INFO | Epoch 926 Train Time 12.821865558624268s

2025-10-27 20:55:19,748 | INFO | Training epoch 927, Batch 1000/1000: LR=2.33e-06, Loss=1.69e-02 BER=6.63e-03 FER=1.57e-01
2025-10-27 20:55:19,785 | INFO | Epoch 927 Train Time 12.944716691970825s

2025-10-27 20:55:32,607 | INFO | Training epoch 928, Batch 1000/1000: LR=2.30e-06, Loss=1.71e-02 BER=6.66e-03 FER=1.57e-01
2025-10-27 20:55:32,653 | INFO | Epoch 928 Train Time 12.867543458938599s

2025-10-27 20:55:46,361 | INFO | Training epoch 929, Batch 1000/1000: LR=2.26e-06, Loss=1.68e-02 BER=6.60e-03 FER=1.55e-01
2025-10-27 20:55:46,413 | INFO | Epoch 929 Train Time 13.75950813293457s

2025-10-27 20:56:00,393 | INFO | Training epoch 930, Batch 1000/1000: LR=2.23e-06, Loss=1.71e-02 BER=6.68e-03 FER=1.57e-01
2025-10-27 20:56:00,445 | INFO | Epoch 930 Train Time 14.031211853027344s

2025-10-27 20:56:12,349 | INFO | Training epoch 931, Batch 1000/1000: LR=2.19e-06, Loss=1.70e-02 BER=6.67e-03 FER=1.56e-01
2025-10-27 20:56:12,391 | INFO | Epoch 931 Train Time 11.945515871047974s

2025-10-27 20:56:25,237 | INFO | Training epoch 932, Batch 1000/1000: LR=2.16e-06, Loss=1.70e-02 BER=6.64e-03 FER=1.55e-01
2025-10-27 20:56:25,284 | INFO | Epoch 932 Train Time 12.892589092254639s

2025-10-27 20:56:38,089 | INFO | Training epoch 933, Batch 1000/1000: LR=2.13e-06, Loss=1.69e-02 BER=6.61e-03 FER=1.55e-01
2025-10-27 20:56:38,137 | INFO | Epoch 933 Train Time 12.852142333984375s

2025-10-27 20:56:50,984 | INFO | Training epoch 934, Batch 1000/1000: LR=2.09e-06, Loss=1.69e-02 BER=6.59e-03 FER=1.56e-01
2025-10-27 20:56:51,023 | INFO | Epoch 934 Train Time 12.886353254318237s

2025-10-27 20:57:04,288 | INFO | Training epoch 935, Batch 1000/1000: LR=2.06e-06, Loss=1.68e-02 BER=6.58e-03 FER=1.55e-01
2025-10-27 20:57:04,330 | INFO | Epoch 935 Train Time 13.306241989135742s

2025-10-27 20:57:17,992 | INFO | Training epoch 936, Batch 1000/1000: LR=2.03e-06, Loss=1.70e-02 BER=6.64e-03 FER=1.56e-01
2025-10-27 20:57:18,031 | INFO | Epoch 936 Train Time 13.699942111968994s

2025-10-27 20:57:32,198 | INFO | Training epoch 937, Batch 1000/1000: LR=2.00e-06, Loss=1.71e-02 BER=6.66e-03 FER=1.56e-01
2025-10-27 20:57:32,250 | INFO | Epoch 937 Train Time 14.218395233154297s

2025-10-27 20:57:45,159 | INFO | Training epoch 938, Batch 1000/1000: LR=1.97e-06, Loss=1.70e-02 BER=6.65e-03 FER=1.55e-01
2025-10-27 20:57:45,209 | INFO | Epoch 938 Train Time 12.95812439918518s

2025-10-27 20:57:57,831 | INFO | Training epoch 939, Batch 1000/1000: LR=1.94e-06, Loss=1.71e-02 BER=6.66e-03 FER=1.57e-01
2025-10-27 20:57:57,881 | INFO | Epoch 939 Train Time 12.671583890914917s

2025-10-27 20:58:10,371 | INFO | Training epoch 940, Batch 1000/1000: LR=1.91e-06, Loss=1.69e-02 BER=6.55e-03 FER=1.54e-01
2025-10-27 20:58:10,419 | INFO | Epoch 940 Train Time 12.538132429122925s

2025-10-27 20:58:23,012 | INFO | Training epoch 941, Batch 1000/1000: LR=1.88e-06, Loss=1.69e-02 BER=6.59e-03 FER=1.55e-01
2025-10-27 20:58:23,060 | INFO | Epoch 941 Train Time 12.640196084976196s

2025-10-27 20:58:36,365 | INFO | Training epoch 942, Batch 1000/1000: LR=1.85e-06, Loss=1.69e-02 BER=6.62e-03 FER=1.55e-01
2025-10-27 20:58:36,424 | INFO | Epoch 942 Train Time 13.363492012023926s

2025-10-27 20:58:49,255 | INFO | Training epoch 943, Batch 1000/1000: LR=1.82e-06, Loss=1.70e-02 BER=6.63e-03 FER=1.56e-01
2025-10-27 20:58:49,304 | INFO | Epoch 943 Train Time 12.879632949829102s

2025-10-27 20:59:01,903 | INFO | Training epoch 944, Batch 1000/1000: LR=1.79e-06, Loss=1.72e-02 BER=6.74e-03 FER=1.58e-01
2025-10-27 20:59:01,947 | INFO | Epoch 944 Train Time 12.641826152801514s

2025-10-27 20:59:14,777 | INFO | Training epoch 945, Batch 1000/1000: LR=1.76e-06, Loss=1.69e-02 BER=6.62e-03 FER=1.55e-01
2025-10-27 20:59:14,821 | INFO | Epoch 945 Train Time 12.873871326446533s

2025-10-27 20:59:27,788 | INFO | Training epoch 946, Batch 1000/1000: LR=1.74e-06, Loss=1.72e-02 BER=6.70e-03 FER=1.58e-01
2025-10-27 20:59:27,835 | INFO | Epoch 946 Train Time 13.013375759124756s

2025-10-27 20:59:40,476 | INFO | Training epoch 947, Batch 1000/1000: LR=1.71e-06, Loss=1.70e-02 BER=6.63e-03 FER=1.56e-01
2025-10-27 20:59:40,525 | INFO | Epoch 947 Train Time 12.689603090286255s

2025-10-27 20:59:53,961 | INFO | Training epoch 948, Batch 1000/1000: LR=1.68e-06, Loss=1.68e-02 BER=6.57e-03 FER=1.55e-01
2025-10-27 20:59:54,009 | INFO | Epoch 948 Train Time 13.483482599258423s

2025-10-27 21:00:06,478 | INFO | Training epoch 949, Batch 1000/1000: LR=1.66e-06, Loss=1.70e-02 BER=6.61e-03 FER=1.56e-01
2025-10-27 21:00:06,527 | INFO | Epoch 949 Train Time 12.516875982284546s

2025-10-27 21:00:18,229 | INFO | Training epoch 950, Batch 1000/1000: LR=1.63e-06, Loss=1.70e-02 BER=6.61e-03 FER=1.56e-01
2025-10-27 21:00:18,283 | INFO | Epoch 950 Train Time 11.75554609298706s

2025-10-27 21:00:32,405 | INFO | Training epoch 951, Batch 1000/1000: LR=1.61e-06, Loss=1.70e-02 BER=6.65e-03 FER=1.56e-01
2025-10-27 21:00:32,454 | INFO | Epoch 951 Train Time 14.170480966567993s

2025-10-27 21:00:45,721 | INFO | Training epoch 952, Batch 1000/1000: LR=1.59e-06, Loss=1.69e-02 BER=6.63e-03 FER=1.56e-01
2025-10-27 21:00:45,759 | INFO | Epoch 952 Train Time 13.304293632507324s

2025-10-27 21:00:58,742 | INFO | Training epoch 953, Batch 1000/1000: LR=1.56e-06, Loss=1.70e-02 BER=6.65e-03 FER=1.56e-01
2025-10-27 21:00:58,794 | INFO | Epoch 953 Train Time 13.034746170043945s

2025-10-27 21:01:11,630 | INFO | Training epoch 954, Batch 1000/1000: LR=1.54e-06, Loss=1.71e-02 BER=6.68e-03 FER=1.57e-01
2025-10-27 21:01:11,677 | INFO | Epoch 954 Train Time 12.882008790969849s

2025-10-27 21:01:24,141 | INFO | Training epoch 955, Batch 1000/1000: LR=1.52e-06, Loss=1.70e-02 BER=6.67e-03 FER=1.57e-01
2025-10-27 21:01:24,187 | INFO | Epoch 955 Train Time 12.509429693222046s

2025-10-27 21:01:37,302 | INFO | Training epoch 956, Batch 1000/1000: LR=1.49e-06, Loss=1.71e-02 BER=6.73e-03 FER=1.57e-01
2025-10-27 21:01:37,351 | INFO | Epoch 956 Train Time 13.163249731063843s

2025-10-27 21:01:49,829 | INFO | Training epoch 957, Batch 1000/1000: LR=1.47e-06, Loss=1.69e-02 BER=6.59e-03 FER=1.55e-01
2025-10-27 21:01:49,872 | INFO | Epoch 957 Train Time 12.520790338516235s

2025-10-27 21:02:02,843 | INFO | Training epoch 958, Batch 1000/1000: LR=1.45e-06, Loss=1.70e-02 BER=6.67e-03 FER=1.57e-01
2025-10-27 21:02:02,900 | INFO | Epoch 958 Train Time 13.027683734893799s

2025-10-27 21:02:14,838 | INFO | Training epoch 959, Batch 1000/1000: LR=1.43e-06, Loss=1.69e-02 BER=6.61e-03 FER=1.55e-01
2025-10-27 21:02:14,875 | INFO | Epoch 959 Train Time 11.974286794662476s

2025-10-27 21:02:27,541 | INFO | Training epoch 960, Batch 1000/1000: LR=1.41e-06, Loss=1.69e-02 BER=6.59e-03 FER=1.56e-01
2025-10-27 21:02:27,583 | INFO | Epoch 960 Train Time 12.707454919815063s

2025-10-27 21:02:39,666 | INFO | Training epoch 961, Batch 1000/1000: LR=1.39e-06, Loss=1.70e-02 BER=6.61e-03 FER=1.55e-01
2025-10-27 21:02:39,709 | INFO | Epoch 961 Train Time 12.125501155853271s

2025-10-27 21:02:52,139 | INFO | Training epoch 962, Batch 1000/1000: LR=1.37e-06, Loss=1.70e-02 BER=6.63e-03 FER=1.57e-01
2025-10-27 21:02:52,188 | INFO | Epoch 962 Train Time 12.478174448013306s

2025-10-27 21:03:05,315 | INFO | Training epoch 963, Batch 1000/1000: LR=1.35e-06, Loss=1.73e-02 BER=6.76e-03 FER=1.59e-01
2025-10-27 21:03:05,359 | INFO | Epoch 963 Train Time 13.170232057571411s

2025-10-27 21:03:16,993 | INFO | Training epoch 964, Batch 1000/1000: LR=1.33e-06, Loss=1.67e-02 BER=6.56e-03 FER=1.54e-01
2025-10-27 21:03:17,031 | INFO | Epoch 964 Train Time 11.671274185180664s

2025-10-27 21:03:29,837 | INFO | Training epoch 965, Batch 1000/1000: LR=1.32e-06, Loss=1.71e-02 BER=6.69e-03 FER=1.57e-01
2025-10-27 21:03:29,887 | INFO | Epoch 965 Train Time 12.855550050735474s

2025-10-27 21:03:42,891 | INFO | Training epoch 966, Batch 1000/1000: LR=1.30e-06, Loss=1.71e-02 BER=6.60e-03 FER=1.55e-01
2025-10-27 21:03:42,934 | INFO | Epoch 966 Train Time 13.046180248260498s

2025-10-27 21:03:56,849 | INFO | Training epoch 967, Batch 1000/1000: LR=1.28e-06, Loss=1.70e-02 BER=6.64e-03 FER=1.56e-01
2025-10-27 21:03:56,902 | INFO | Epoch 967 Train Time 13.967599868774414s

2025-10-27 21:04:09,918 | INFO | Training epoch 968, Batch 1000/1000: LR=1.27e-06, Loss=1.70e-02 BER=6.63e-03 FER=1.56e-01
2025-10-27 21:04:09,971 | INFO | Epoch 968 Train Time 13.068474769592285s

2025-10-27 21:04:22,536 | INFO | Training epoch 969, Batch 1000/1000: LR=1.25e-06, Loss=1.71e-02 BER=6.70e-03 FER=1.57e-01
2025-10-27 21:04:22,584 | INFO | Epoch 969 Train Time 12.612324237823486s

2025-10-27 21:04:35,209 | INFO | Training epoch 970, Batch 1000/1000: LR=1.23e-06, Loss=1.69e-02 BER=6.62e-03 FER=1.55e-01
2025-10-27 21:04:35,253 | INFO | Epoch 970 Train Time 12.668147087097168s

2025-10-27 21:04:48,086 | INFO | Training epoch 971, Batch 1000/1000: LR=1.22e-06, Loss=1.68e-02 BER=6.58e-03 FER=1.55e-01
2025-10-27 21:04:48,130 | INFO | Epoch 971 Train Time 12.876821517944336s

2025-10-27 21:05:00,747 | INFO | Training epoch 972, Batch 1000/1000: LR=1.21e-06, Loss=1.71e-02 BER=6.74e-03 FER=1.58e-01
2025-10-27 21:05:00,788 | INFO | Epoch 972 Train Time 12.656788349151611s

2025-10-27 21:05:13,624 | INFO | Training epoch 973, Batch 1000/1000: LR=1.19e-06, Loss=1.69e-02 BER=6.63e-03 FER=1.56e-01
2025-10-27 21:05:13,673 | INFO | Epoch 973 Train Time 12.884899854660034s

2025-10-27 21:05:26,307 | INFO | Training epoch 974, Batch 1000/1000: LR=1.18e-06, Loss=1.70e-02 BER=6.62e-03 FER=1.55e-01
2025-10-27 21:05:26,352 | INFO | Epoch 974 Train Time 12.67833685874939s

2025-10-27 21:05:39,352 | INFO | Training epoch 975, Batch 1000/1000: LR=1.17e-06, Loss=1.71e-02 BER=6.70e-03 FER=1.58e-01
2025-10-27 21:05:39,392 | INFO | Epoch 975 Train Time 13.039043188095093s

2025-10-27 21:05:52,283 | INFO | Training epoch 976, Batch 1000/1000: LR=1.15e-06, Loss=1.69e-02 BER=6.59e-03 FER=1.54e-01
2025-10-27 21:05:52,326 | INFO | Epoch 976 Train Time 12.933296918869019s

2025-10-27 21:06:06,000 | INFO | Training epoch 977, Batch 1000/1000: LR=1.14e-06, Loss=1.71e-02 BER=6.70e-03 FER=1.58e-01
2025-10-27 21:06:06,047 | INFO | Epoch 977 Train Time 13.720440864562988s

2025-10-27 21:06:19,373 | INFO | Training epoch 978, Batch 1000/1000: LR=1.13e-06, Loss=1.70e-02 BER=6.65e-03 FER=1.56e-01
2025-10-27 21:06:19,416 | INFO | Epoch 978 Train Time 13.368888854980469s

2025-10-27 21:06:32,050 | INFO | Training epoch 979, Batch 1000/1000: LR=1.12e-06, Loss=1.70e-02 BER=6.70e-03 FER=1.57e-01
2025-10-27 21:06:32,104 | INFO | Epoch 979 Train Time 12.687382221221924s

2025-10-27 21:06:44,876 | INFO | Training epoch 980, Batch 1000/1000: LR=1.11e-06, Loss=1.68e-02 BER=6.57e-03 FER=1.55e-01
2025-10-27 21:06:44,920 | INFO | Epoch 980 Train Time 12.814781904220581s

2025-10-27 21:06:57,437 | INFO | Training epoch 981, Batch 1000/1000: LR=1.10e-06, Loss=1.70e-02 BER=6.65e-03 FER=1.56e-01
2025-10-27 21:06:57,485 | INFO | Epoch 981 Train Time 12.564368724822998s

2025-10-27 21:07:08,879 | INFO | Training epoch 982, Batch 1000/1000: LR=1.09e-06, Loss=1.67e-02 BER=6.55e-03 FER=1.54e-01
2025-10-27 21:07:08,919 | INFO | Epoch 982 Train Time 11.433648109436035s

2025-10-27 21:07:21,091 | INFO | Training epoch 983, Batch 1000/1000: LR=1.08e-06, Loss=1.69e-02 BER=6.60e-03 FER=1.56e-01
2025-10-27 21:07:21,131 | INFO | Epoch 983 Train Time 12.211172819137573s

2025-10-27 21:07:33,495 | INFO | Training epoch 984, Batch 1000/1000: LR=1.07e-06, Loss=1.70e-02 BER=6.66e-03 FER=1.57e-01
2025-10-27 21:07:33,537 | INFO | Epoch 984 Train Time 12.405499696731567s

2025-10-27 21:07:46,719 | INFO | Training epoch 985, Batch 1000/1000: LR=1.06e-06, Loss=1.70e-02 BER=6.66e-03 FER=1.56e-01
2025-10-27 21:07:46,766 | INFO | Epoch 985 Train Time 13.228188276290894s

2025-10-27 21:07:59,297 | INFO | Training epoch 986, Batch 1000/1000: LR=1.05e-06, Loss=1.71e-02 BER=6.72e-03 FER=1.58e-01
2025-10-27 21:07:59,340 | INFO | Epoch 986 Train Time 12.573583364486694s

2025-10-27 21:08:11,422 | INFO | Training epoch 987, Batch 1000/1000: LR=1.05e-06, Loss=1.70e-02 BER=6.61e-03 FER=1.55e-01
2025-10-27 21:08:11,469 | INFO | Epoch 987 Train Time 12.1291983127594s

2025-10-27 21:08:24,353 | INFO | Training epoch 988, Batch 1000/1000: LR=1.04e-06, Loss=1.68e-02 BER=6.61e-03 FER=1.55e-01
2025-10-27 21:08:24,401 | INFO | Epoch 988 Train Time 12.930903434753418s

2025-10-27 21:08:37,780 | INFO | Training epoch 989, Batch 1000/1000: LR=1.04e-06, Loss=1.72e-02 BER=6.71e-03 FER=1.57e-01
2025-10-27 21:08:37,825 | INFO | Epoch 989 Train Time 13.423033237457275s

2025-10-27 21:08:51,870 | INFO | Training epoch 990, Batch 1000/1000: LR=1.03e-06, Loss=1.69e-02 BER=6.62e-03 FER=1.56e-01
2025-10-27 21:08:51,929 | INFO | Epoch 990 Train Time 14.103576183319092s

2025-10-27 21:09:04,983 | INFO | Training epoch 991, Batch 1000/1000: LR=1.02e-06, Loss=1.70e-02 BER=6.66e-03 FER=1.57e-01
2025-10-27 21:09:05,031 | INFO | Epoch 991 Train Time 13.101491212844849s

2025-10-27 21:09:17,884 | INFO | Training epoch 992, Batch 1000/1000: LR=1.02e-06, Loss=1.69e-02 BER=6.62e-03 FER=1.56e-01
2025-10-27 21:09:17,925 | INFO | Epoch 992 Train Time 12.893647909164429s

2025-10-27 21:09:29,804 | INFO | Training epoch 993, Batch 1000/1000: LR=1.02e-06, Loss=1.71e-02 BER=6.68e-03 FER=1.56e-01
2025-10-27 21:09:29,848 | INFO | Epoch 993 Train Time 11.923017024993896s

2025-10-27 21:09:42,843 | INFO | Training epoch 994, Batch 1000/1000: LR=1.01e-06, Loss=1.72e-02 BER=6.72e-03 FER=1.57e-01
2025-10-27 21:09:42,893 | INFO | Epoch 994 Train Time 13.044291496276855s

2025-10-27 21:09:55,286 | INFO | Training epoch 995, Batch 1000/1000: LR=1.01e-06, Loss=1.69e-02 BER=6.65e-03 FER=1.55e-01
2025-10-27 21:09:55,332 | INFO | Epoch 995 Train Time 12.437833547592163s

2025-10-27 21:10:07,946 | INFO | Training epoch 996, Batch 1000/1000: LR=1.01e-06, Loss=1.70e-02 BER=6.63e-03 FER=1.56e-01
2025-10-27 21:10:07,994 | INFO | Epoch 996 Train Time 12.660962343215942s

2025-10-27 21:10:20,241 | INFO | Training epoch 997, Batch 1000/1000: LR=1.00e-06, Loss=1.71e-02 BER=6.67e-03 FER=1.57e-01
2025-10-27 21:10:20,281 | INFO | Epoch 997 Train Time 12.286483764648438s

2025-10-27 21:10:34,851 | INFO | Training epoch 998, Batch 1000/1000: LR=1.00e-06, Loss=1.70e-02 BER=6.62e-03 FER=1.56e-01
2025-10-27 21:10:34,903 | INFO | Epoch 998 Train Time 14.6214599609375s

2025-10-27 21:10:48,469 | INFO | Training epoch 999, Batch 1000/1000: LR=1.00e-06, Loss=1.69e-02 BER=6.64e-03 FER=1.56e-01
2025-10-27 21:10:48,518 | INFO | Epoch 999 Train Time 13.614399194717407s

2025-10-27 21:11:01,227 | INFO | Training epoch 1000, Batch 1000/1000: LR=1.00e-06, Loss=1.72e-02 BER=6.73e-03 FER=1.58e-01
2025-10-27 21:11:01,279 | INFO | Epoch 1000 Train Time 12.760464191436768s

2025-10-27 21:11:01,284 | INFO | Checkpoint saved: runs/20251027_162203/stage1_fp32__BCH_n63_k51__Ndec2_d32_h8.pth
2025-10-27 21:11:01,288 | INFO | Checkpoint saved: runs/20251027_162203/stage1_fp32__BCH_n63_k51__Ndec2_d32_h8__e1000_loss0.017186.pth
2025-10-27 21:11:05,823 | INFO | FER count threshold reached for EbN0:4
2025-10-27 21:11:05,905 | INFO | Test EbN0=4, BER=1.02e-02
2025-10-27 21:11:10,067 | INFO | FER count threshold reached for EbN0:5
2025-10-27 21:11:10,122 | INFO | Test EbN0=5, BER=2.34e-03
2025-10-27 21:11:14,857 | INFO | FER count threshold reached for EbN0:6
2025-10-27 21:11:14,959 | INFO | Test EbN0=6, BER=2.93e-04
2025-10-27 21:11:14,960 | INFO | 
Test Loss 4: 2.6354e-02 5: 6.3379e-03 6: 8.8541e-04
2025-10-27 21:11:14,960 | INFO | Test FER 4: 2.5443e-01 5: 7.1698e-02 6: 1.0971e-02
2025-10-27 21:11:14,960 | INFO | Test BER 4: 1.0248e-02 5: 2.3388e-03 6: 2.9325e-04
2025-10-27 21:11:14,960 | INFO | Test -ln(BER) 4: 4.5807e+00 5: 6.0581e+00 6: 8.1345e+00
2025-10-27 21:11:14,960 | INFO | # of testing samples: [100352.0, 100352.0, 100352.0]
 Test Time 13.671657085418701 s

2025-10-27 21:11:15,239 | INFO | Loaded checkpoint: runs/20251027_162203/stage1_fp32__BCH_n63_k51__Ndec2_d32_h8.pth (strict=False)
2025-10-27 21:11:41,562 | INFO | Training epoch 1, Batch 1000/1000: LR=1.00e-04, Loss=3.34e-02 BER=1.21e-02 FER=3.54e-01
2025-10-27 21:11:41,616 | INFO | Epoch 1 Train Time 26.375465631484985s

2025-10-27 21:11:41,616 | INFO | [P2] saving best_model (QAT) with loss 0.033447 at epoch 1
2025-10-27 21:12:06,637 | INFO | Training epoch 2, Batch 1000/1000: LR=1.00e-04, Loss=2.63e-02 BER=9.82e-03 FER=2.67e-01
2025-10-27 21:12:06,683 | INFO | Epoch 2 Train Time 25.0558819770813s

2025-10-27 21:12:06,683 | INFO | [P2] saving best_model (QAT) with loss 0.026280 at epoch 2
2025-10-27 21:12:32,087 | INFO | Training epoch 3, Batch 1000/1000: LR=1.00e-04, Loss=2.38e-02 BER=9.17e-03 FER=2.43e-01
2025-10-27 21:12:32,134 | INFO | Epoch 3 Train Time 25.44027090072632s

2025-10-27 21:12:32,135 | INFO | [P2] saving best_model (QAT) with loss 0.023845 at epoch 3
2025-10-27 21:12:56,897 | INFO | Training epoch 4, Batch 1000/1000: LR=1.00e-04, Loss=2.30e-02 BER=8.95e-03 FER=2.34e-01
2025-10-27 21:12:56,941 | INFO | Epoch 4 Train Time 24.791770935058594s

2025-10-27 21:12:56,942 | INFO | [P2] saving best_model (QAT) with loss 0.023017 at epoch 4
2025-10-27 21:13:22,048 | INFO | Training epoch 5, Batch 1000/1000: LR=1.00e-04, Loss=2.24e-02 BER=8.67e-03 FER=2.26e-01
2025-10-27 21:13:22,104 | INFO | Epoch 5 Train Time 25.146106481552124s

2025-10-27 21:13:22,104 | INFO | [P2] saving best_model (QAT) with loss 0.022436 at epoch 5
2025-10-27 21:13:47,136 | INFO | Training epoch 6, Batch 1000/1000: LR=1.00e-04, Loss=2.15e-02 BER=8.39e-03 FER=2.17e-01
2025-10-27 21:13:47,194 | INFO | Epoch 6 Train Time 25.074660539627075s

2025-10-27 21:13:47,194 | INFO | [P2] saving best_model (QAT) with loss 0.021511 at epoch 6
2025-10-27 21:14:12,402 | INFO | Training epoch 7, Batch 1000/1000: LR=1.00e-04, Loss=2.12e-02 BER=8.25e-03 FER=2.13e-01
2025-10-27 21:14:12,455 | INFO | Epoch 7 Train Time 25.246933937072754s

2025-10-27 21:14:12,456 | INFO | [P2] saving best_model (QAT) with loss 0.021151 at epoch 7
2025-10-27 21:14:38,483 | INFO | Training epoch 8, Batch 1000/1000: LR=1.00e-04, Loss=2.10e-02 BER=8.20e-03 FER=2.09e-01
2025-10-27 21:14:38,541 | INFO | Epoch 8 Train Time 26.06945514678955s

2025-10-27 21:14:38,541 | INFO | [P2] saving best_model (QAT) with loss 0.021016 at epoch 8
2025-10-27 21:15:04,285 | INFO | Training epoch 9, Batch 1000/1000: LR=1.00e-04, Loss=2.06e-02 BER=7.97e-03 FER=2.05e-01
2025-10-27 21:15:04,341 | INFO | Epoch 9 Train Time 25.78589391708374s

2025-10-27 21:15:04,342 | INFO | [P2] saving best_model (QAT) with loss 0.020576 at epoch 9
2025-10-27 21:15:31,093 | INFO | Training epoch 10, Batch 1000/1000: LR=1.00e-04, Loss=2.08e-02 BER=8.09e-03 FER=2.07e-01
2025-10-27 21:15:31,144 | INFO | Epoch 10 Train Time 26.784853219985962s

2025-10-27 21:15:58,001 | INFO | Training epoch 11, Batch 1000/1000: LR=1.00e-04, Loss=2.04e-02 BER=7.95e-03 FER=2.02e-01
2025-10-27 21:15:58,056 | INFO | Epoch 11 Train Time 26.911091804504395s

2025-10-27 21:15:58,056 | INFO | [P2] saving best_model (QAT) with loss 0.020428 at epoch 11
2025-10-27 21:16:25,895 | INFO | Training epoch 12, Batch 1000/1000: LR=1.00e-04, Loss=2.07e-02 BER=8.03e-03 FER=2.02e-01
2025-10-27 21:16:25,947 | INFO | Epoch 12 Train Time 27.875407695770264s

2025-10-27 21:16:50,996 | INFO | Training epoch 13, Batch 1000/1000: LR=1.00e-04, Loss=2.05e-02 BER=7.95e-03 FER=2.02e-01
2025-10-27 21:16:51,047 | INFO | Epoch 13 Train Time 25.09955096244812s

2025-10-27 21:17:15,578 | INFO | Training epoch 14, Batch 1000/1000: LR=1.00e-04, Loss=2.05e-02 BER=7.92e-03 FER=2.01e-01
2025-10-27 21:17:15,631 | INFO | Epoch 14 Train Time 24.58356022834778s

2025-10-27 21:17:40,678 | INFO | Training epoch 15, Batch 1000/1000: LR=1.00e-04, Loss=2.01e-02 BER=7.81e-03 FER=1.97e-01
2025-10-27 21:17:40,734 | INFO | Epoch 15 Train Time 25.102524042129517s

2025-10-27 21:17:40,734 | INFO | [P2] saving best_model (QAT) with loss 0.020116 at epoch 15
2025-10-27 21:18:06,612 | INFO | Training epoch 16, Batch 1000/1000: LR=1.00e-04, Loss=2.01e-02 BER=7.80e-03 FER=1.96e-01
2025-10-27 21:18:06,669 | INFO | Epoch 16 Train Time 25.925338983535767s

2025-10-27 21:18:31,917 | INFO | Training epoch 17, Batch 1000/1000: LR=1.00e-04, Loss=2.01e-02 BER=7.80e-03 FER=1.96e-01
2025-10-27 21:18:31,958 | INFO | Epoch 17 Train Time 25.28818988800049s

2025-10-27 21:18:56,690 | INFO | Training epoch 18, Batch 1000/1000: LR=1.00e-04, Loss=2.01e-02 BER=7.83e-03 FER=1.95e-01
2025-10-27 21:18:56,744 | INFO | Epoch 18 Train Time 24.785187005996704s

2025-10-27 21:18:56,744 | INFO | [P2] saving best_model (QAT) with loss 0.020059 at epoch 18
2025-10-27 21:19:21,254 | INFO | Training epoch 19, Batch 1000/1000: LR=1.00e-04, Loss=2.01e-02 BER=7.79e-03 FER=1.95e-01
2025-10-27 21:19:21,315 | INFO | Epoch 19 Train Time 24.558260917663574s

2025-10-27 21:19:46,194 | INFO | Training epoch 20, Batch 1000/1000: LR=1.00e-04, Loss=1.97e-02 BER=7.61e-03 FER=1.91e-01
2025-10-27 21:19:46,244 | INFO | Epoch 20 Train Time 24.928569555282593s

2025-10-27 21:19:46,244 | INFO | [P2] saving best_model (QAT) with loss 0.019677 at epoch 20
2025-10-27 21:20:13,010 | INFO | Training epoch 21, Batch 1000/1000: LR=1.00e-04, Loss=2.00e-02 BER=7.74e-03 FER=1.94e-01
2025-10-27 21:20:13,060 | INFO | Epoch 21 Train Time 26.800904750823975s

2025-10-27 21:20:39,401 | INFO | Training epoch 22, Batch 1000/1000: LR=1.00e-04, Loss=1.99e-02 BER=7.70e-03 FER=1.92e-01
2025-10-27 21:20:39,452 | INFO | Epoch 22 Train Time 26.39066767692566s

2025-10-27 21:21:06,682 | INFO | Training epoch 23, Batch 1000/1000: LR=1.00e-04, Loss=1.94e-02 BER=7.47e-03 FER=1.88e-01
2025-10-27 21:21:06,737 | INFO | Epoch 23 Train Time 27.284196615219116s

2025-10-27 21:21:06,737 | INFO | [P2] saving best_model (QAT) with loss 0.019357 at epoch 23
2025-10-27 21:21:34,337 | INFO | Training epoch 24, Batch 1000/1000: LR=1.00e-04, Loss=1.96e-02 BER=7.63e-03 FER=1.90e-01
2025-10-27 21:21:34,379 | INFO | Epoch 24 Train Time 27.62796664237976s

2025-10-27 21:22:01,542 | INFO | Training epoch 25, Batch 1000/1000: LR=1.00e-04, Loss=1.96e-02 BER=7.60e-03 FER=1.89e-01
2025-10-27 21:22:01,585 | INFO | Epoch 25 Train Time 27.205069303512573s

2025-10-27 21:22:29,270 | INFO | Training epoch 26, Batch 1000/1000: LR=1.00e-04, Loss=1.95e-02 BER=7.53e-03 FER=1.88e-01
2025-10-27 21:22:29,326 | INFO | Epoch 26 Train Time 27.741042613983154s

2025-10-27 21:22:54,970 | INFO | Training epoch 27, Batch 1000/1000: LR=1.00e-04, Loss=1.97e-02 BER=7.57e-03 FER=1.88e-01
2025-10-27 21:22:55,025 | INFO | Epoch 27 Train Time 25.69819402694702s

2025-10-27 21:23:20,326 | INFO | Training epoch 28, Batch 1000/1000: LR=1.00e-04, Loss=1.94e-02 BER=7.55e-03 FER=1.88e-01
2025-10-27 21:23:20,384 | INFO | Epoch 28 Train Time 25.35848069190979s

2025-10-27 21:23:46,601 | INFO | Training epoch 29, Batch 1000/1000: LR=1.00e-04, Loss=1.98e-02 BER=7.68e-03 FER=1.92e-01
2025-10-27 21:23:46,658 | INFO | Epoch 29 Train Time 26.273109912872314s

2025-10-27 21:24:12,326 | INFO | Training epoch 30, Batch 1000/1000: LR=9.99e-05, Loss=1.93e-02 BER=7.48e-03 FER=1.86e-01
2025-10-27 21:24:12,369 | INFO | Epoch 30 Train Time 25.71066689491272s

2025-10-27 21:24:12,369 | INFO | [P2] saving best_model (QAT) with loss 0.019270 at epoch 30
2025-10-27 21:24:38,519 | INFO | Training epoch 31, Batch 1000/1000: LR=9.99e-05, Loss=1.94e-02 BER=7.51e-03 FER=1.87e-01
2025-10-27 21:24:38,570 | INFO | Epoch 31 Train Time 26.183808088302612s

2025-10-27 21:25:05,262 | INFO | Training epoch 32, Batch 1000/1000: LR=9.99e-05, Loss=1.94e-02 BER=7.53e-03 FER=1.88e-01
2025-10-27 21:25:05,307 | INFO | Epoch 32 Train Time 26.73629903793335s

2025-10-27 21:25:29,958 | INFO | Training epoch 33, Batch 1000/1000: LR=9.99e-05, Loss=1.94e-02 BER=7.53e-03 FER=1.86e-01
2025-10-27 21:25:30,016 | INFO | Epoch 33 Train Time 24.70834493637085s

2025-10-27 21:25:58,131 | INFO | Training epoch 34, Batch 1000/1000: LR=9.99e-05, Loss=1.93e-02 BER=7.48e-03 FER=1.86e-01
2025-10-27 21:25:58,184 | INFO | Epoch 34 Train Time 28.167903900146484s

2025-10-27 21:26:24,633 | INFO | Training epoch 35, Batch 1000/1000: LR=9.99e-05, Loss=1.96e-02 BER=7.59e-03 FER=1.88e-01
2025-10-27 21:26:24,687 | INFO | Epoch 35 Train Time 26.501949787139893s

2025-10-27 21:26:52,555 | INFO | Training epoch 36, Batch 1000/1000: LR=9.99e-05, Loss=1.91e-02 BER=7.40e-03 FER=1.84e-01
2025-10-27 21:26:52,612 | INFO | Epoch 36 Train Time 27.925109148025513s

2025-10-27 21:26:52,613 | INFO | [P2] saving best_model (QAT) with loss 0.019081 at epoch 36
2025-10-27 21:27:17,792 | INFO | Training epoch 37, Batch 1000/1000: LR=9.99e-05, Loss=1.94e-02 BER=7.52e-03 FER=1.86e-01
2025-10-27 21:27:17,852 | INFO | Epoch 37 Train Time 25.22532081604004s

2025-10-27 21:27:43,934 | INFO | Training epoch 38, Batch 1000/1000: LR=9.99e-05, Loss=1.95e-02 BER=7.60e-03 FER=1.87e-01
2025-10-27 21:27:43,990 | INFO | Epoch 38 Train Time 26.138233423233032s

2025-10-27 21:28:09,790 | INFO | Training epoch 39, Batch 1000/1000: LR=9.99e-05, Loss=1.95e-02 BER=7.58e-03 FER=1.87e-01
2025-10-27 21:28:09,854 | INFO | Epoch 39 Train Time 25.86324405670166s

2025-10-27 21:28:34,714 | INFO | Training epoch 40, Batch 1000/1000: LR=9.99e-05, Loss=1.95e-02 BER=7.54e-03 FER=1.85e-01
2025-10-27 21:28:34,768 | INFO | Epoch 40 Train Time 24.91297149658203s

2025-10-27 21:29:01,189 | INFO | Training epoch 41, Batch 1000/1000: LR=9.99e-05, Loss=1.95e-02 BER=7.55e-03 FER=1.86e-01
2025-10-27 21:29:01,249 | INFO | Epoch 41 Train Time 26.48080849647522s

2025-10-27 21:29:25,477 | INFO | Training epoch 42, Batch 1000/1000: LR=9.99e-05, Loss=1.92e-02 BER=7.46e-03 FER=1.85e-01
2025-10-27 21:29:25,539 | INFO | Epoch 42 Train Time 24.289451122283936s

2025-10-27 21:29:51,521 | INFO | Training epoch 43, Batch 1000/1000: LR=9.99e-05, Loss=1.90e-02 BER=7.36e-03 FER=1.83e-01
2025-10-27 21:29:51,576 | INFO | Epoch 43 Train Time 26.03487467765808s

2025-10-27 21:29:51,576 | INFO | [P2] saving best_model (QAT) with loss 0.018986 at epoch 43
2025-10-27 21:30:18,101 | INFO | Training epoch 44, Batch 1000/1000: LR=9.99e-05, Loss=1.92e-02 BER=7.44e-03 FER=1.84e-01
2025-10-27 21:30:18,153 | INFO | Epoch 44 Train Time 26.565430641174316s

2025-10-27 21:30:43,199 | INFO | Training epoch 45, Batch 1000/1000: LR=9.99e-05, Loss=1.95e-02 BER=7.54e-03 FER=1.85e-01
2025-10-27 21:30:43,252 | INFO | Epoch 45 Train Time 25.098389387130737s

2025-10-27 21:31:08,596 | INFO | Training epoch 46, Batch 1000/1000: LR=9.99e-05, Loss=1.94e-02 BER=7.55e-03 FER=1.87e-01
2025-10-27 21:31:08,665 | INFO | Epoch 46 Train Time 25.412111520767212s

2025-10-27 21:31:34,347 | INFO | Training epoch 47, Batch 1000/1000: LR=9.99e-05, Loss=1.92e-02 BER=7.47e-03 FER=1.83e-01
2025-10-27 21:31:34,389 | INFO | Epoch 47 Train Time 25.723665952682495s

2025-10-27 21:32:00,964 | INFO | Training epoch 48, Batch 1000/1000: LR=9.99e-05, Loss=1.91e-02 BER=7.38e-03 FER=1.82e-01
2025-10-27 21:32:01,007 | INFO | Epoch 48 Train Time 26.616723775863647s

2025-10-27 21:32:27,091 | INFO | Training epoch 49, Batch 1000/1000: LR=9.99e-05, Loss=1.93e-02 BER=7.51e-03 FER=1.85e-01
2025-10-27 21:32:27,150 | INFO | Epoch 49 Train Time 26.14253067970276s

2025-10-27 21:32:53,162 | INFO | Training epoch 50, Batch 1000/1000: LR=9.99e-05, Loss=1.92e-02 BER=7.48e-03 FER=1.84e-01
2025-10-27 21:32:53,216 | INFO | Epoch 50 Train Time 26.065427780151367s

2025-10-27 21:33:20,626 | INFO | Training epoch 51, Batch 1000/1000: LR=9.98e-05, Loss=1.93e-02 BER=7.49e-03 FER=1.84e-01
2025-10-27 21:33:20,682 | INFO | Epoch 51 Train Time 27.464938163757324s

2025-10-27 21:33:47,094 | INFO | Training epoch 52, Batch 1000/1000: LR=9.98e-05, Loss=1.94e-02 BER=7.52e-03 FER=1.85e-01
2025-10-27 21:33:47,146 | INFO | Epoch 52 Train Time 26.463305950164795s

2025-10-27 21:34:12,916 | INFO | Training epoch 53, Batch 1000/1000: LR=9.98e-05, Loss=1.93e-02 BER=7.48e-03 FER=1.84e-01
2025-10-27 21:34:12,969 | INFO | Epoch 53 Train Time 25.822324514389038s

2025-10-27 21:34:38,851 | INFO | Training epoch 54, Batch 1000/1000: LR=9.98e-05, Loss=1.93e-02 BER=7.50e-03 FER=1.84e-01
2025-10-27 21:34:38,905 | INFO | Epoch 54 Train Time 25.93550443649292s

2025-10-27 21:35:05,984 | INFO | Training epoch 55, Batch 1000/1000: LR=9.98e-05, Loss=1.92e-02 BER=7.43e-03 FER=1.83e-01
2025-10-27 21:35:06,035 | INFO | Epoch 55 Train Time 27.129880905151367s

2025-10-27 21:35:30,687 | INFO | Training epoch 56, Batch 1000/1000: LR=9.98e-05, Loss=1.90e-02 BER=7.40e-03 FER=1.83e-01
2025-10-27 21:35:30,748 | INFO | Epoch 56 Train Time 24.71172833442688s

2025-10-27 21:35:56,847 | INFO | Training epoch 57, Batch 1000/1000: LR=9.98e-05, Loss=1.91e-02 BER=7.38e-03 FER=1.82e-01
2025-10-27 21:35:56,899 | INFO | Epoch 57 Train Time 26.149604320526123s

2025-10-27 21:36:22,299 | INFO | Training epoch 58, Batch 1000/1000: LR=9.98e-05, Loss=1.93e-02 BER=7.43e-03 FER=1.84e-01
2025-10-27 21:36:22,351 | INFO | Epoch 58 Train Time 25.45069122314453s

2025-10-27 21:36:48,050 | INFO | Training epoch 59, Batch 1000/1000: LR=9.98e-05, Loss=1.91e-02 BER=7.43e-03 FER=1.82e-01
2025-10-27 21:36:48,109 | INFO | Epoch 59 Train Time 25.757377862930298s

2025-10-27 21:37:14,570 | INFO | Training epoch 60, Batch 1000/1000: LR=9.98e-05, Loss=1.92e-02 BER=7.41e-03 FER=1.82e-01
2025-10-27 21:37:14,620 | INFO | Epoch 60 Train Time 26.511348485946655s

2025-10-27 21:37:41,217 | INFO | Training epoch 61, Batch 1000/1000: LR=9.98e-05, Loss=1.90e-02 BER=7.33e-03 FER=1.81e-01
2025-10-27 21:37:41,273 | INFO | Epoch 61 Train Time 26.651806592941284s

2025-10-27 21:37:41,273 | INFO | [P2] saving best_model (QAT) with loss 0.018974 at epoch 61
2025-10-27 21:38:08,856 | INFO | Training epoch 62, Batch 1000/1000: LR=9.98e-05, Loss=1.91e-02 BER=7.43e-03 FER=1.82e-01
2025-10-27 21:38:08,906 | INFO | Epoch 62 Train Time 27.619231700897217s

2025-10-27 21:38:36,239 | INFO | Training epoch 63, Batch 1000/1000: LR=9.98e-05, Loss=1.90e-02 BER=7.34e-03 FER=1.80e-01
2025-10-27 21:38:36,288 | INFO | Epoch 63 Train Time 27.381219148635864s

2025-10-27 21:39:01,865 | INFO | Training epoch 64, Batch 1000/1000: LR=9.98e-05, Loss=1.91e-02 BER=7.39e-03 FER=1.82e-01
2025-10-27 21:39:01,919 | INFO | Epoch 64 Train Time 25.630768060684204s

2025-10-27 21:39:28,257 | INFO | Training epoch 65, Batch 1000/1000: LR=9.98e-05, Loss=1.90e-02 BER=7.39e-03 FER=1.81e-01
2025-10-27 21:39:28,321 | INFO | Epoch 65 Train Time 26.40071415901184s

2025-10-27 21:39:54,720 | INFO | Training epoch 66, Batch 1000/1000: LR=9.97e-05, Loss=1.88e-02 BER=7.28e-03 FER=1.79e-01
2025-10-27 21:39:54,762 | INFO | Epoch 66 Train Time 26.44084906578064s

2025-10-27 21:39:54,762 | INFO | [P2] saving best_model (QAT) with loss 0.018806 at epoch 66
2025-10-27 21:40:22,292 | INFO | Training epoch 67, Batch 1000/1000: LR=9.97e-05, Loss=1.90e-02 BER=7.36e-03 FER=1.80e-01
2025-10-27 21:40:22,347 | INFO | Epoch 67 Train Time 27.571550607681274s

2025-10-27 21:40:46,988 | INFO | Training epoch 68, Batch 1000/1000: LR=9.97e-05, Loss=1.90e-02 BER=7.40e-03 FER=1.80e-01
2025-10-27 21:40:47,033 | INFO | Epoch 68 Train Time 24.685839891433716s

2025-10-27 21:41:13,036 | INFO | Training epoch 69, Batch 1000/1000: LR=9.97e-05, Loss=1.88e-02 BER=7.30e-03 FER=1.79e-01
2025-10-27 21:41:13,079 | INFO | Epoch 69 Train Time 26.04500722885132s

2025-10-27 21:41:37,989 | INFO | Training epoch 70, Batch 1000/1000: LR=9.97e-05, Loss=1.88e-02 BER=7.31e-03 FER=1.79e-01
2025-10-27 21:41:38,037 | INFO | Epoch 70 Train Time 24.95763635635376s

2025-10-27 21:42:05,036 | INFO | Training epoch 71, Batch 1000/1000: LR=9.97e-05, Loss=1.90e-02 BER=7.34e-03 FER=1.80e-01
2025-10-27 21:42:05,097 | INFO | Epoch 71 Train Time 27.05899477005005s

2025-10-27 21:42:31,091 | INFO | Training epoch 72, Batch 1000/1000: LR=9.97e-05, Loss=1.92e-02 BER=7.44e-03 FER=1.82e-01
2025-10-27 21:42:31,138 | INFO | Epoch 72 Train Time 26.04009222984314s

2025-10-27 21:42:57,477 | INFO | Training epoch 73, Batch 1000/1000: LR=9.97e-05, Loss=1.92e-02 BER=7.43e-03 FER=1.82e-01
2025-10-27 21:42:57,531 | INFO | Epoch 73 Train Time 26.39288878440857s

2025-10-27 21:43:22,366 | INFO | Training epoch 74, Batch 1000/1000: LR=9.97e-05, Loss=1.93e-02 BER=7.45e-03 FER=1.82e-01
2025-10-27 21:43:22,412 | INFO | Epoch 74 Train Time 24.879600524902344s

2025-10-27 21:43:49,520 | INFO | Training epoch 75, Batch 1000/1000: LR=9.97e-05, Loss=1.89e-02 BER=7.33e-03 FER=1.80e-01
2025-10-27 21:43:49,570 | INFO | Epoch 75 Train Time 27.157883644104004s

2025-10-27 21:44:16,476 | INFO | Training epoch 76, Batch 1000/1000: LR=9.97e-05, Loss=1.90e-02 BER=7.36e-03 FER=1.80e-01
2025-10-27 21:44:16,523 | INFO | Epoch 76 Train Time 26.952337980270386s

2025-10-27 21:44:42,528 | INFO | Training epoch 77, Batch 1000/1000: LR=9.96e-05, Loss=1.90e-02 BER=7.37e-03 FER=1.81e-01
2025-10-27 21:44:42,573 | INFO | Epoch 77 Train Time 26.049437999725342s

2025-10-27 21:45:08,340 | INFO | Training epoch 78, Batch 1000/1000: LR=9.96e-05, Loss=1.89e-02 BER=7.33e-03 FER=1.79e-01
2025-10-27 21:45:08,378 | INFO | Epoch 78 Train Time 25.804378271102905s

2025-10-27 21:45:33,770 | INFO | Training epoch 79, Batch 1000/1000: LR=9.96e-05, Loss=1.89e-02 BER=7.29e-03 FER=1.78e-01
2025-10-27 21:45:33,824 | INFO | Epoch 79 Train Time 25.445115566253662s

2025-10-27 21:45:59,860 | INFO | Training epoch 80, Batch 1000/1000: LR=9.96e-05, Loss=1.87e-02 BER=7.23e-03 FER=1.77e-01
2025-10-27 21:45:59,909 | INFO | Epoch 80 Train Time 26.08516550064087s

2025-10-27 21:45:59,910 | INFO | [P2] saving best_model (QAT) with loss 0.018705 at epoch 80
2025-10-27 21:46:26,128 | INFO | Training epoch 81, Batch 1000/1000: LR=9.96e-05, Loss=1.89e-02 BER=7.34e-03 FER=1.80e-01
2025-10-27 21:46:26,183 | INFO | Epoch 81 Train Time 26.25898766517639s

2025-10-27 21:46:50,262 | INFO | Training epoch 82, Batch 1000/1000: LR=9.96e-05, Loss=1.89e-02 BER=7.32e-03 FER=1.79e-01
2025-10-27 21:46:50,317 | INFO | Epoch 82 Train Time 24.133008003234863s

2025-10-27 21:47:15,845 | INFO | Training epoch 83, Batch 1000/1000: LR=9.96e-05, Loss=1.90e-02 BER=7.39e-03 FER=1.80e-01
2025-10-27 21:47:15,892 | INFO | Epoch 83 Train Time 25.57458734512329s

2025-10-27 21:47:41,123 | INFO | Training epoch 84, Batch 1000/1000: LR=9.96e-05, Loss=1.88e-02 BER=7.30e-03 FER=1.78e-01
2025-10-27 21:47:41,163 | INFO | Epoch 84 Train Time 25.269951820373535s

2025-10-27 21:48:07,873 | INFO | Training epoch 85, Batch 1000/1000: LR=9.96e-05, Loss=1.88e-02 BER=7.30e-03 FER=1.79e-01
2025-10-27 21:48:07,936 | INFO | Epoch 85 Train Time 26.772899389266968s

2025-10-27 21:48:34,300 | INFO | Training epoch 86, Batch 1000/1000: LR=9.96e-05, Loss=1.89e-02 BER=7.30e-03 FER=1.79e-01
2025-10-27 21:48:34,351 | INFO | Epoch 86 Train Time 26.41350746154785s

2025-10-27 21:48:59,878 | INFO | Training epoch 87, Batch 1000/1000: LR=9.95e-05, Loss=1.88e-02 BER=7.26e-03 FER=1.78e-01
2025-10-27 21:48:59,917 | INFO | Epoch 87 Train Time 25.565768480300903s

2025-10-27 21:49:25,898 | INFO | Training epoch 88, Batch 1000/1000: LR=9.95e-05, Loss=1.88e-02 BER=7.28e-03 FER=1.77e-01
2025-10-27 21:49:25,951 | INFO | Epoch 88 Train Time 26.034117937088013s

2025-10-27 21:49:51,830 | INFO | Training epoch 89, Batch 1000/1000: LR=9.95e-05, Loss=1.87e-02 BER=7.27e-03 FER=1.78e-01
2025-10-27 21:49:51,874 | INFO | Epoch 89 Train Time 25.922110080718994s

2025-10-27 21:50:18,166 | INFO | Training epoch 90, Batch 1000/1000: LR=9.95e-05, Loss=1.90e-02 BER=7.40e-03 FER=1.80e-01
2025-10-27 21:50:18,226 | INFO | Epoch 90 Train Time 26.351558923721313s

2025-10-27 21:50:43,062 | INFO | Training epoch 91, Batch 1000/1000: LR=9.95e-05, Loss=1.89e-02 BER=7.36e-03 FER=1.80e-01
2025-10-27 21:50:43,124 | INFO | Epoch 91 Train Time 24.897306203842163s

2025-10-27 21:51:08,427 | INFO | Training epoch 92, Batch 1000/1000: LR=9.95e-05, Loss=1.90e-02 BER=7.35e-03 FER=1.80e-01
2025-10-27 21:51:08,485 | INFO | Epoch 92 Train Time 25.3607976436615s

2025-10-27 21:51:32,931 | INFO | Training epoch 93, Batch 1000/1000: LR=9.95e-05, Loss=1.89e-02 BER=7.36e-03 FER=1.79e-01
2025-10-27 21:51:32,973 | INFO | Epoch 93 Train Time 24.486831665039062s

2025-10-27 21:51:58,930 | INFO | Training epoch 94, Batch 1000/1000: LR=9.95e-05, Loss=1.87e-02 BER=7.28e-03 FER=1.77e-01
2025-10-27 21:51:58,988 | INFO | Epoch 94 Train Time 26.014608144760132s

2025-10-27 21:52:26,423 | INFO | Training epoch 95, Batch 1000/1000: LR=9.95e-05, Loss=1.88e-02 BER=7.34e-03 FER=1.78e-01
2025-10-27 21:52:26,481 | INFO | Epoch 95 Train Time 27.492065906524658s

2025-10-27 21:52:51,890 | INFO | Training epoch 96, Batch 1000/1000: LR=9.94e-05, Loss=1.87e-02 BER=7.25e-03 FER=1.77e-01
2025-10-27 21:52:51,945 | INFO | Epoch 96 Train Time 25.462462186813354s

2025-10-27 21:52:51,945 | INFO | [P2] saving best_model (QAT) with loss 0.018705 at epoch 96
2025-10-27 21:53:17,571 | INFO | Training epoch 97, Batch 1000/1000: LR=9.94e-05, Loss=1.89e-02 BER=7.33e-03 FER=1.79e-01
2025-10-27 21:53:17,619 | INFO | Epoch 97 Train Time 25.659070253372192s

2025-10-27 21:53:42,430 | INFO | Training epoch 98, Batch 1000/1000: LR=9.94e-05, Loss=1.89e-02 BER=7.31e-03 FER=1.78e-01
2025-10-27 21:53:42,481 | INFO | Epoch 98 Train Time 24.85976552963257s

2025-10-27 21:54:07,853 | INFO | Training epoch 99, Batch 1000/1000: LR=9.94e-05, Loss=1.88e-02 BER=7.32e-03 FER=1.77e-01
2025-10-27 21:54:07,906 | INFO | Epoch 99 Train Time 25.424543857574463s

2025-10-27 21:54:31,610 | INFO | Training epoch 100, Batch 1000/1000: LR=9.94e-05, Loss=1.88e-02 BER=7.27e-03 FER=1.78e-01
2025-10-27 21:54:31,670 | INFO | Epoch 100 Train Time 23.763837099075317s

2025-10-27 21:54:56,616 | INFO | Training epoch 101, Batch 1000/1000: LR=9.94e-05, Loss=1.88e-02 BER=7.29e-03 FER=1.79e-01
2025-10-27 21:54:56,670 | INFO | Epoch 101 Train Time 24.999704360961914s

2025-10-27 21:55:20,692 | INFO | Training epoch 102, Batch 1000/1000: LR=9.94e-05, Loss=1.84e-02 BER=7.15e-03 FER=1.75e-01
2025-10-27 21:55:20,737 | INFO | Epoch 102 Train Time 24.066235780715942s

2025-10-27 21:55:20,737 | INFO | [P2] saving best_model (QAT) with loss 0.018424 at epoch 102
2025-10-27 21:55:48,284 | INFO | Training epoch 103, Batch 1000/1000: LR=9.94e-05, Loss=1.87e-02 BER=7.22e-03 FER=1.76e-01
2025-10-27 21:55:48,342 | INFO | Epoch 103 Train Time 27.593322038650513s

2025-10-27 21:56:15,408 | INFO | Training epoch 104, Batch 1000/1000: LR=9.94e-05, Loss=1.88e-02 BER=7.30e-03 FER=1.77e-01
2025-10-27 21:56:15,462 | INFO | Epoch 104 Train Time 27.118807792663574s

2025-10-27 21:56:42,064 | INFO | Training epoch 105, Batch 1000/1000: LR=9.93e-05, Loss=1.89e-02 BER=7.33e-03 FER=1.78e-01
2025-10-27 21:56:42,102 | INFO | Epoch 105 Train Time 26.639782190322876s

2025-10-27 21:57:09,398 | INFO | Training epoch 106, Batch 1000/1000: LR=9.93e-05, Loss=1.89e-02 BER=7.30e-03 FER=1.78e-01
2025-10-27 21:57:09,450 | INFO | Epoch 106 Train Time 27.34748101234436s

2025-10-27 21:57:35,760 | INFO | Training epoch 107, Batch 1000/1000: LR=9.93e-05, Loss=1.87e-02 BER=7.29e-03 FER=1.78e-01
2025-10-27 21:57:35,813 | INFO | Epoch 107 Train Time 26.361865758895874s

2025-10-27 21:58:01,368 | INFO | Training epoch 108, Batch 1000/1000: LR=9.93e-05, Loss=1.91e-02 BER=7.44e-03 FER=1.80e-01
2025-10-27 21:58:01,412 | INFO | Epoch 108 Train Time 25.59887146949768s

2025-10-27 21:58:27,484 | INFO | Training epoch 109, Batch 1000/1000: LR=9.93e-05, Loss=1.86e-02 BER=7.22e-03 FER=1.75e-01
2025-10-27 21:58:27,533 | INFO | Epoch 109 Train Time 26.119787454605103s

2025-10-27 21:58:53,532 | INFO | Training epoch 110, Batch 1000/1000: LR=9.93e-05, Loss=1.87e-02 BER=7.25e-03 FER=1.76e-01
2025-10-27 21:58:53,578 | INFO | Epoch 110 Train Time 26.04442048072815s

2025-10-27 21:59:17,946 | INFO | Training epoch 111, Batch 1000/1000: LR=9.93e-05, Loss=1.88e-02 BER=7.31e-03 FER=1.77e-01
2025-10-27 21:59:18,003 | INFO | Epoch 111 Train Time 24.424734592437744s

2025-10-27 21:59:46,254 | INFO | Training epoch 112, Batch 1000/1000: LR=9.92e-05, Loss=1.88e-02 BER=7.29e-03 FER=1.78e-01
2025-10-27 21:59:46,307 | INFO | Epoch 112 Train Time 28.3033607006073s

2025-10-27 22:00:12,643 | INFO | Training epoch 113, Batch 1000/1000: LR=9.92e-05, Loss=1.87e-02 BER=7.28e-03 FER=1.78e-01
2025-10-27 22:00:12,694 | INFO | Epoch 113 Train Time 26.38594126701355s

2025-10-27 22:00:38,184 | INFO | Training epoch 114, Batch 1000/1000: LR=9.92e-05, Loss=1.85e-02 BER=7.17e-03 FER=1.76e-01
2025-10-27 22:00:38,230 | INFO | Epoch 114 Train Time 25.534846305847168s

2025-10-27 22:01:03,626 | INFO | Training epoch 115, Batch 1000/1000: LR=9.92e-05, Loss=1.89e-02 BER=7.34e-03 FER=1.79e-01
2025-10-27 22:01:03,684 | INFO | Epoch 115 Train Time 25.45425057411194s

2025-10-27 22:01:29,085 | INFO | Training epoch 116, Batch 1000/1000: LR=9.92e-05, Loss=1.87e-02 BER=7.28e-03 FER=1.77e-01
2025-10-27 22:01:29,130 | INFO | Epoch 116 Train Time 25.445395469665527s

2025-10-27 22:01:56,293 | INFO | Training epoch 117, Batch 1000/1000: LR=9.92e-05, Loss=1.87e-02 BER=7.27e-03 FER=1.78e-01
2025-10-27 22:01:56,341 | INFO | Epoch 117 Train Time 27.209378719329834s

2025-10-27 22:02:24,606 | INFO | Training epoch 118, Batch 1000/1000: LR=9.92e-05, Loss=1.88e-02 BER=7.29e-03 FER=1.77e-01
2025-10-27 22:02:24,647 | INFO | Epoch 118 Train Time 28.305410385131836s

2025-10-27 22:02:50,914 | INFO | Training epoch 119, Batch 1000/1000: LR=9.92e-05, Loss=1.87e-02 BER=7.26e-03 FER=1.77e-01
2025-10-27 22:02:50,956 | INFO | Epoch 119 Train Time 26.30887722969055s

2025-10-27 22:03:16,147 | INFO | Training epoch 120, Batch 1000/1000: LR=9.91e-05, Loss=1.88e-02 BER=7.29e-03 FER=1.78e-01
2025-10-27 22:03:16,189 | INFO | Epoch 120 Train Time 25.23255968093872s

2025-10-27 22:03:40,799 | INFO | Training epoch 121, Batch 1000/1000: LR=9.91e-05, Loss=1.88e-02 BER=7.31e-03 FER=1.77e-01
2025-10-27 22:03:40,849 | INFO | Epoch 121 Train Time 24.65922260284424s

2025-10-27 22:04:07,422 | INFO | Training epoch 122, Batch 1000/1000: LR=9.91e-05, Loss=1.86e-02 BER=7.25e-03 FER=1.77e-01
2025-10-27 22:04:07,457 | INFO | Epoch 122 Train Time 26.607029676437378s

2025-10-27 22:04:33,432 | INFO | Training epoch 123, Batch 1000/1000: LR=9.91e-05, Loss=1.85e-02 BER=7.21e-03 FER=1.76e-01
2025-10-27 22:04:33,471 | INFO | Epoch 123 Train Time 26.013671875s

2025-10-27 22:04:58,689 | INFO | Training epoch 124, Batch 1000/1000: LR=9.91e-05, Loss=1.88e-02 BER=7.30e-03 FER=1.78e-01
2025-10-27 22:04:58,734 | INFO | Epoch 124 Train Time 25.26163077354431s

2025-10-27 22:05:23,465 | INFO | Training epoch 125, Batch 1000/1000: LR=9.91e-05, Loss=1.87e-02 BER=7.25e-03 FER=1.76e-01
2025-10-27 22:05:23,512 | INFO | Epoch 125 Train Time 24.77749252319336s

2025-10-27 22:05:48,853 | INFO | Training epoch 126, Batch 1000/1000: LR=9.90e-05, Loss=1.88e-02 BER=7.30e-03 FER=1.78e-01
2025-10-27 22:05:48,892 | INFO | Epoch 126 Train Time 25.378876447677612s

2025-10-27 22:06:15,062 | INFO | Training epoch 127, Batch 1000/1000: LR=9.90e-05, Loss=1.88e-02 BER=7.28e-03 FER=1.77e-01
2025-10-27 22:06:15,109 | INFO | Epoch 127 Train Time 26.216750383377075s

2025-10-27 22:06:39,739 | INFO | Training epoch 128, Batch 1000/1000: LR=9.90e-05, Loss=1.89e-02 BER=7.37e-03 FER=1.79e-01
2025-10-27 22:06:39,794 | INFO | Epoch 128 Train Time 24.684558868408203s

2025-10-27 22:07:06,817 | INFO | Training epoch 129, Batch 1000/1000: LR=9.90e-05, Loss=1.85e-02 BER=7.21e-03 FER=1.77e-01
2025-10-27 22:07:06,876 | INFO | Epoch 129 Train Time 27.081485271453857s

2025-10-27 22:07:33,343 | INFO | Training epoch 130, Batch 1000/1000: LR=9.90e-05, Loss=1.89e-02 BER=7.35e-03 FER=1.79e-01
2025-10-27 22:07:33,381 | INFO | Epoch 130 Train Time 26.50450348854065s

2025-10-27 22:07:58,930 | INFO | Training epoch 131, Batch 1000/1000: LR=9.90e-05, Loss=1.89e-02 BER=7.34e-03 FER=1.78e-01
2025-10-27 22:07:58,987 | INFO | Epoch 131 Train Time 25.605100631713867s

2025-10-27 22:08:24,740 | INFO | Training epoch 132, Batch 1000/1000: LR=9.90e-05, Loss=1.88e-02 BER=7.29e-03 FER=1.77e-01
2025-10-27 22:08:24,787 | INFO | Epoch 132 Train Time 25.79904842376709s

2025-10-27 22:08:49,791 | INFO | Training epoch 133, Batch 1000/1000: LR=9.89e-05, Loss=1.88e-02 BER=7.28e-03 FER=1.78e-01
2025-10-27 22:08:49,832 | INFO | Epoch 133 Train Time 25.04500985145569s

2025-10-27 22:09:14,892 | INFO | Training epoch 134, Batch 1000/1000: LR=9.89e-05, Loss=1.89e-02 BER=7.33e-03 FER=1.78e-01
2025-10-27 22:09:14,937 | INFO | Epoch 134 Train Time 25.104358434677124s

2025-10-27 22:09:39,779 | INFO | Training epoch 135, Batch 1000/1000: LR=9.89e-05, Loss=1.86e-02 BER=7.24e-03 FER=1.77e-01
2025-10-27 22:09:39,827 | INFO | Epoch 135 Train Time 24.888949632644653s

2025-10-27 22:10:07,059 | INFO | Training epoch 136, Batch 1000/1000: LR=9.89e-05, Loss=1.89e-02 BER=7.35e-03 FER=1.78e-01
2025-10-27 22:10:07,136 | INFO | Epoch 136 Train Time 27.307779550552368s

2025-10-27 22:10:32,344 | INFO | Training epoch 137, Batch 1000/1000: LR=9.89e-05, Loss=1.87e-02 BER=7.24e-03 FER=1.77e-01
2025-10-27 22:10:32,406 | INFO | Epoch 137 Train Time 25.269435167312622s

2025-10-27 22:10:56,874 | INFO | Training epoch 138, Batch 1000/1000: LR=9.89e-05, Loss=1.87e-02 BER=7.22e-03 FER=1.76e-01
2025-10-27 22:10:56,909 | INFO | Epoch 138 Train Time 24.50208806991577s

2025-10-27 22:11:22,065 | INFO | Training epoch 139, Batch 1000/1000: LR=9.88e-05, Loss=1.88e-02 BER=7.32e-03 FER=1.78e-01
2025-10-27 22:11:22,111 | INFO | Epoch 139 Train Time 25.20120334625244s

2025-10-27 22:11:48,295 | INFO | Training epoch 140, Batch 1000/1000: LR=9.88e-05, Loss=1.85e-02 BER=7.22e-03 FER=1.76e-01
2025-10-27 22:11:48,344 | INFO | Epoch 140 Train Time 26.232449769973755s

2025-10-27 22:12:13,271 | INFO | Training epoch 141, Batch 1000/1000: LR=9.88e-05, Loss=1.86e-02 BER=7.23e-03 FER=1.75e-01
2025-10-27 22:12:13,316 | INFO | Epoch 141 Train Time 24.970643758773804s

2025-10-27 22:12:38,573 | INFO | Training epoch 142, Batch 1000/1000: LR=9.88e-05, Loss=1.85e-02 BER=7.24e-03 FER=1.76e-01
2025-10-27 22:12:38,624 | INFO | Epoch 142 Train Time 25.307021617889404s

2025-10-27 22:13:05,023 | INFO | Training epoch 143, Batch 1000/1000: LR=9.88e-05, Loss=1.87e-02 BER=7.24e-03 FER=1.77e-01
2025-10-27 22:13:05,086 | INFO | Epoch 143 Train Time 26.461777687072754s

2025-10-27 22:13:30,780 | INFO | Training epoch 144, Batch 1000/1000: LR=9.88e-05, Loss=1.86e-02 BER=7.24e-03 FER=1.76e-01
2025-10-27 22:13:30,828 | INFO | Epoch 144 Train Time 25.741191864013672s

2025-10-27 22:13:58,382 | INFO | Training epoch 145, Batch 1000/1000: LR=9.87e-05, Loss=1.86e-02 BER=7.20e-03 FER=1.75e-01
2025-10-27 22:13:58,438 | INFO | Epoch 145 Train Time 27.609564065933228s

2025-10-27 22:14:25,606 | INFO | Training epoch 146, Batch 1000/1000: LR=9.87e-05, Loss=1.86e-02 BER=7.25e-03 FER=1.77e-01
2025-10-27 22:14:25,650 | INFO | Epoch 146 Train Time 27.2112135887146s

2025-10-27 22:14:53,134 | INFO | Training epoch 147, Batch 1000/1000: LR=9.87e-05, Loss=1.87e-02 BER=7.27e-03 FER=1.77e-01
2025-10-27 22:14:53,195 | INFO | Epoch 147 Train Time 27.544631242752075s

2025-10-27 22:15:19,188 | INFO | Training epoch 148, Batch 1000/1000: LR=9.87e-05, Loss=1.88e-02 BER=7.33e-03 FER=1.77e-01
2025-10-27 22:15:19,226 | INFO | Epoch 148 Train Time 26.03013324737549s

2025-10-27 22:15:44,989 | INFO | Training epoch 149, Batch 1000/1000: LR=9.87e-05, Loss=1.88e-02 BER=7.27e-03 FER=1.78e-01
2025-10-27 22:15:45,044 | INFO | Epoch 149 Train Time 25.816933631896973s

2025-10-27 22:16:13,018 | INFO | Training epoch 150, Batch 1000/1000: LR=9.87e-05, Loss=1.86e-02 BER=7.22e-03 FER=1.77e-01
2025-10-27 22:16:13,062 | INFO | Epoch 150 Train Time 28.017295837402344s

2025-10-27 22:16:38,982 | INFO | Training epoch 151, Batch 1000/1000: LR=9.86e-05, Loss=1.86e-02 BER=7.21e-03 FER=1.76e-01
2025-10-27 22:16:39,030 | INFO | Epoch 151 Train Time 25.96789050102234s

2025-10-27 22:17:06,262 | INFO | Training epoch 152, Batch 1000/1000: LR=9.86e-05, Loss=1.86e-02 BER=7.25e-03 FER=1.76e-01
2025-10-27 22:17:06,317 | INFO | Epoch 152 Train Time 27.285430192947388s

2025-10-27 22:17:32,463 | INFO | Training epoch 153, Batch 1000/1000: LR=9.86e-05, Loss=1.86e-02 BER=7.21e-03 FER=1.76e-01
2025-10-27 22:17:32,516 | INFO | Epoch 153 Train Time 26.19831085205078s

2025-10-27 22:17:58,794 | INFO | Training epoch 154, Batch 1000/1000: LR=9.86e-05, Loss=1.87e-02 BER=7.27e-03 FER=1.78e-01
2025-10-27 22:17:58,836 | INFO | Epoch 154 Train Time 26.319968700408936s

2025-10-27 22:18:26,023 | INFO | Training epoch 155, Batch 1000/1000: LR=9.86e-05, Loss=1.87e-02 BER=7.29e-03 FER=1.77e-01
2025-10-27 22:18:26,074 | INFO | Epoch 155 Train Time 27.23689556121826s

2025-10-27 22:18:51,819 | INFO | Training epoch 156, Batch 1000/1000: LR=9.85e-05, Loss=1.86e-02 BER=7.28e-03 FER=1.77e-01
2025-10-27 22:18:51,866 | INFO | Epoch 156 Train Time 25.791645526885986s

2025-10-27 22:19:17,787 | INFO | Training epoch 157, Batch 1000/1000: LR=9.85e-05, Loss=1.85e-02 BER=7.18e-03 FER=1.75e-01
2025-10-27 22:19:17,833 | INFO | Epoch 157 Train Time 25.966365814208984s

2025-10-27 22:19:43,670 | INFO | Training epoch 158, Batch 1000/1000: LR=9.85e-05, Loss=1.86e-02 BER=7.22e-03 FER=1.75e-01
2025-10-27 22:19:43,723 | INFO | Epoch 158 Train Time 25.889126539230347s

2025-10-27 22:20:08,628 | INFO | Training epoch 159, Batch 1000/1000: LR=9.85e-05, Loss=1.85e-02 BER=7.15e-03 FER=1.74e-01
2025-10-27 22:20:08,684 | INFO | Epoch 159 Train Time 24.96007537841797s

2025-10-27 22:20:34,240 | INFO | Training epoch 160, Batch 1000/1000: LR=9.85e-05, Loss=1.87e-02 BER=7.25e-03 FER=1.76e-01
2025-10-27 22:20:34,287 | INFO | Epoch 160 Train Time 25.602707862854004s

2025-10-27 22:21:01,198 | INFO | Training epoch 161, Batch 1000/1000: LR=9.84e-05, Loss=1.85e-02 BER=7.19e-03 FER=1.74e-01
2025-10-27 22:21:01,251 | INFO | Epoch 161 Train Time 26.963070392608643s

2025-10-27 22:21:27,408 | INFO | Training epoch 162, Batch 1000/1000: LR=9.84e-05, Loss=1.86e-02 BER=7.29e-03 FER=1.76e-01
2025-10-27 22:21:27,463 | INFO | Epoch 162 Train Time 26.211394786834717s

2025-10-27 22:21:54,651 | INFO | Training epoch 163, Batch 1000/1000: LR=9.84e-05, Loss=1.87e-02 BER=7.29e-03 FER=1.77e-01
2025-10-27 22:21:54,696 | INFO | Epoch 163 Train Time 27.232961893081665s

2025-10-27 22:22:19,647 | INFO | Training epoch 164, Batch 1000/1000: LR=9.84e-05, Loss=1.86e-02 BER=7.24e-03 FER=1.76e-01
2025-10-27 22:22:19,692 | INFO | Epoch 164 Train Time 24.99484419822693s

2025-10-27 22:22:45,302 | INFO | Training epoch 165, Batch 1000/1000: LR=9.84e-05, Loss=1.88e-02 BER=7.30e-03 FER=1.78e-01
2025-10-27 22:22:45,351 | INFO | Epoch 165 Train Time 25.657821893692017s

2025-10-27 22:23:10,128 | INFO | Training epoch 166, Batch 1000/1000: LR=9.83e-05, Loss=1.87e-02 BER=7.25e-03 FER=1.76e-01
2025-10-27 22:23:10,177 | INFO | Epoch 166 Train Time 24.826151609420776s

2025-10-27 22:23:35,976 | INFO | Training epoch 167, Batch 1000/1000: LR=9.83e-05, Loss=1.87e-02 BER=7.26e-03 FER=1.77e-01
2025-10-27 22:23:36,016 | INFO | Epoch 167 Train Time 25.83782196044922s

2025-10-27 22:24:01,717 | INFO | Training epoch 168, Batch 1000/1000: LR=9.83e-05, Loss=1.87e-02 BER=7.31e-03 FER=1.77e-01
2025-10-27 22:24:01,770 | INFO | Epoch 168 Train Time 25.7535240650177s

2025-10-27 22:24:27,596 | INFO | Training epoch 169, Batch 1000/1000: LR=9.83e-05, Loss=1.88e-02 BER=7.29e-03 FER=1.77e-01
2025-10-27 22:24:27,650 | INFO | Epoch 169 Train Time 25.87942600250244s

2025-10-27 22:24:54,279 | INFO | Training epoch 170, Batch 1000/1000: LR=9.83e-05, Loss=1.87e-02 BER=7.29e-03 FER=1.78e-01
2025-10-27 22:24:54,326 | INFO | Epoch 170 Train Time 26.67470693588257s

2025-10-27 22:25:22,073 | INFO | Training epoch 171, Batch 1000/1000: LR=9.82e-05, Loss=1.85e-02 BER=7.18e-03 FER=1.74e-01
2025-10-27 22:25:22,117 | INFO | Epoch 171 Train Time 27.79015278816223s

2025-10-27 22:25:47,745 | INFO | Training epoch 172, Batch 1000/1000: LR=9.82e-05, Loss=1.86e-02 BER=7.23e-03 FER=1.74e-01
2025-10-27 22:25:47,780 | INFO | Epoch 172 Train Time 25.662633419036865s

2025-10-27 22:26:13,465 | INFO | Training epoch 173, Batch 1000/1000: LR=9.82e-05, Loss=1.85e-02 BER=7.20e-03 FER=1.75e-01
2025-10-27 22:26:13,531 | INFO | Epoch 173 Train Time 25.750215530395508s

2025-10-27 22:26:41,122 | INFO | Training epoch 174, Batch 1000/1000: LR=9.82e-05, Loss=1.87e-02 BER=7.26e-03 FER=1.75e-01
2025-10-27 22:26:41,163 | INFO | Epoch 174 Train Time 27.63118290901184s

2025-10-27 22:27:07,037 | INFO | Training epoch 175, Batch 1000/1000: LR=9.82e-05, Loss=1.87e-02 BER=7.26e-03 FER=1.76e-01
2025-10-27 22:27:07,077 | INFO | Epoch 175 Train Time 25.913691997528076s

2025-10-27 22:27:33,737 | INFO | Training epoch 176, Batch 1000/1000: LR=9.81e-05, Loss=1.85e-02 BER=7.18e-03 FER=1.75e-01
2025-10-27 22:27:33,792 | INFO | Epoch 176 Train Time 26.71416449546814s

2025-10-27 22:28:00,092 | INFO | Training epoch 177, Batch 1000/1000: LR=9.81e-05, Loss=1.84e-02 BER=7.14e-03 FER=1.74e-01
2025-10-27 22:28:00,134 | INFO | Epoch 177 Train Time 26.341885566711426s

2025-10-27 22:28:00,134 | INFO | [P2] saving best_model (QAT) with loss 0.018417 at epoch 177
2025-10-27 22:28:25,862 | INFO | Training epoch 178, Batch 1000/1000: LR=9.81e-05, Loss=1.86e-02 BER=7.25e-03 FER=1.76e-01
2025-10-27 22:28:25,913 | INFO | Epoch 178 Train Time 25.762946128845215s

2025-10-27 22:28:51,631 | INFO | Training epoch 179, Batch 1000/1000: LR=9.81e-05, Loss=1.84e-02 BER=7.20e-03 FER=1.76e-01
2025-10-27 22:28:51,692 | INFO | Epoch 179 Train Time 25.778095245361328s

2025-10-27 22:29:17,841 | INFO | Training epoch 180, Batch 1000/1000: LR=9.81e-05, Loss=1.88e-02 BER=7.27e-03 FER=1.77e-01
2025-10-27 22:29:17,900 | INFO | Epoch 180 Train Time 26.207090139389038s

2025-10-27 22:29:43,703 | INFO | Training epoch 181, Batch 1000/1000: LR=9.80e-05, Loss=1.85e-02 BER=7.20e-03 FER=1.74e-01
2025-10-27 22:29:43,744 | INFO | Epoch 181 Train Time 25.843585968017578s

2025-10-27 22:30:08,704 | INFO | Training epoch 182, Batch 1000/1000: LR=9.80e-05, Loss=1.85e-02 BER=7.22e-03 FER=1.74e-01
2025-10-27 22:30:08,757 | INFO | Epoch 182 Train Time 25.012371063232422s

2025-10-27 22:30:36,163 | INFO | Training epoch 183, Batch 1000/1000: LR=9.80e-05, Loss=1.86e-02 BER=7.23e-03 FER=1.75e-01
2025-10-27 22:30:36,218 | INFO | Epoch 183 Train Time 27.459470510482788s

2025-10-27 22:31:00,709 | INFO | Training epoch 184, Batch 1000/1000: LR=9.80e-05, Loss=1.86e-02 BER=7.24e-03 FER=1.75e-01
2025-10-27 22:31:00,753 | INFO | Epoch 184 Train Time 24.534804821014404s

2025-10-27 22:31:27,312 | INFO | Training epoch 185, Batch 1000/1000: LR=9.79e-05, Loss=1.84e-02 BER=7.14e-03 FER=1.73e-01
2025-10-27 22:31:27,350 | INFO | Epoch 185 Train Time 26.59631061553955s

2025-10-27 22:31:27,350 | INFO | [P2] saving best_model (QAT) with loss 0.018398 at epoch 185
2025-10-27 22:31:53,375 | INFO | Training epoch 186, Batch 1000/1000: LR=9.79e-05, Loss=1.85e-02 BER=7.19e-03 FER=1.75e-01
2025-10-27 22:31:53,429 | INFO | Epoch 186 Train Time 26.067679166793823s

2025-10-27 22:32:19,125 | INFO | Training epoch 187, Batch 1000/1000: LR=9.79e-05, Loss=1.85e-02 BER=7.25e-03 FER=1.76e-01
2025-10-27 22:32:19,168 | INFO | Epoch 187 Train Time 25.739264488220215s

2025-10-27 22:32:44,338 | INFO | Training epoch 188, Batch 1000/1000: LR=9.79e-05, Loss=1.84e-02 BER=7.14e-03 FER=1.73e-01
2025-10-27 22:32:44,394 | INFO | Epoch 188 Train Time 25.2250714302063s

2025-10-27 22:33:09,838 | INFO | Training epoch 189, Batch 1000/1000: LR=9.79e-05, Loss=1.87e-02 BER=7.33e-03 FER=1.78e-01
2025-10-27 22:33:09,890 | INFO | Epoch 189 Train Time 25.495071172714233s

2025-10-27 22:33:35,582 | INFO | Training epoch 190, Batch 1000/1000: LR=9.78e-05, Loss=1.87e-02 BER=7.23e-03 FER=1.76e-01
2025-10-27 22:33:35,623 | INFO | Epoch 190 Train Time 25.732933282852173s

2025-10-27 22:34:02,556 | INFO | Training epoch 191, Batch 1000/1000: LR=9.78e-05, Loss=1.88e-02 BER=7.30e-03 FER=1.76e-01
2025-10-27 22:34:02,598 | INFO | Epoch 191 Train Time 26.974332809448242s

2025-10-27 22:34:28,556 | INFO | Training epoch 192, Batch 1000/1000: LR=9.78e-05, Loss=1.83e-02 BER=7.13e-03 FER=1.73e-01
2025-10-27 22:34:28,601 | INFO | Epoch 192 Train Time 26.0022075176239s

2025-10-27 22:34:28,601 | INFO | [P2] saving best_model (QAT) with loss 0.018349 at epoch 192
2025-10-27 22:34:55,185 | INFO | Training epoch 193, Batch 1000/1000: LR=9.78e-05, Loss=1.85e-02 BER=7.18e-03 FER=1.75e-01
2025-10-27 22:34:55,233 | INFO | Epoch 193 Train Time 26.61673593521118s

2025-10-27 22:35:21,832 | INFO | Training epoch 194, Batch 1000/1000: LR=9.77e-05, Loss=1.88e-02 BER=7.33e-03 FER=1.77e-01
2025-10-27 22:35:21,886 | INFO | Epoch 194 Train Time 26.65206813812256s

2025-10-27 22:35:48,658 | INFO | Training epoch 195, Batch 1000/1000: LR=9.77e-05, Loss=1.85e-02 BER=7.20e-03 FER=1.75e-01
2025-10-27 22:35:48,703 | INFO | Epoch 195 Train Time 26.81742238998413s

2025-10-27 22:36:14,487 | INFO | Training epoch 196, Batch 1000/1000: LR=9.77e-05, Loss=1.85e-02 BER=7.23e-03 FER=1.74e-01
2025-10-27 22:36:14,529 | INFO | Epoch 196 Train Time 25.824833869934082s

2025-10-27 22:36:38,954 | INFO | Training epoch 197, Batch 1000/1000: LR=9.77e-05, Loss=1.86e-02 BER=7.25e-03 FER=1.75e-01
2025-10-27 22:36:38,991 | INFO | Epoch 197 Train Time 24.46107840538025s

2025-10-27 22:37:03,738 | INFO | Training epoch 198, Batch 1000/1000: LR=9.76e-05, Loss=1.86e-02 BER=7.24e-03 FER=1.76e-01
2025-10-27 22:37:03,792 | INFO | Epoch 198 Train Time 24.800527572631836s

2025-10-27 22:37:29,629 | INFO | Training epoch 199, Batch 1000/1000: LR=9.76e-05, Loss=1.84e-02 BER=7.14e-03 FER=1.74e-01
2025-10-27 22:37:29,674 | INFO | Epoch 199 Train Time 25.881192922592163s

2025-10-27 22:37:56,062 | INFO | Training epoch 200, Batch 1000/1000: LR=9.76e-05, Loss=1.87e-02 BER=7.23e-03 FER=1.75e-01
2025-10-27 22:37:56,120 | INFO | Epoch 200 Train Time 26.445431232452393s

2025-10-27 22:38:22,234 | INFO | Training epoch 201, Batch 1000/1000: LR=9.76e-05, Loss=1.84e-02 BER=7.14e-03 FER=1.74e-01
2025-10-27 22:38:22,282 | INFO | Epoch 201 Train Time 26.16090226173401s

2025-10-27 22:38:48,349 | INFO | Training epoch 202, Batch 1000/1000: LR=9.76e-05, Loss=1.86e-02 BER=7.21e-03 FER=1.76e-01
2025-10-27 22:38:48,400 | INFO | Epoch 202 Train Time 26.11737084388733s

2025-10-27 22:39:15,682 | INFO | Training epoch 203, Batch 1000/1000: LR=9.75e-05, Loss=1.84e-02 BER=7.15e-03 FER=1.74e-01
2025-10-27 22:39:15,724 | INFO | Epoch 203 Train Time 27.32353401184082s

2025-10-27 22:39:41,817 | INFO | Training epoch 204, Batch 1000/1000: LR=9.75e-05, Loss=1.84e-02 BER=7.14e-03 FER=1.74e-01
2025-10-27 22:39:41,860 | INFO | Epoch 204 Train Time 26.13569140434265s

2025-10-27 22:40:08,634 | INFO | Training epoch 205, Batch 1000/1000: LR=9.75e-05, Loss=1.85e-02 BER=7.18e-03 FER=1.74e-01
2025-10-27 22:40:08,667 | INFO | Epoch 205 Train Time 26.806867837905884s

2025-10-27 22:40:33,062 | INFO | Training epoch 206, Batch 1000/1000: LR=9.75e-05, Loss=1.86e-02 BER=7.26e-03 FER=1.76e-01
2025-10-27 22:40:33,106 | INFO | Epoch 206 Train Time 24.437376499176025s

2025-10-27 22:40:58,362 | INFO | Training epoch 207, Batch 1000/1000: LR=9.74e-05, Loss=1.86e-02 BER=7.20e-03 FER=1.75e-01
2025-10-27 22:40:58,399 | INFO | Epoch 207 Train Time 25.29340672492981s

2025-10-27 22:41:24,297 | INFO | Training epoch 208, Batch 1000/1000: LR=9.74e-05, Loss=1.86e-02 BER=7.21e-03 FER=1.75e-01
2025-10-27 22:41:24,348 | INFO | Epoch 208 Train Time 25.947237968444824s

2025-10-27 22:41:49,484 | INFO | Training epoch 209, Batch 1000/1000: LR=9.74e-05, Loss=1.87e-02 BER=7.26e-03 FER=1.76e-01
2025-10-27 22:41:49,523 | INFO | Epoch 209 Train Time 25.175044298171997s

2025-10-27 22:42:14,147 | INFO | Training epoch 210, Batch 1000/1000: LR=9.74e-05, Loss=1.85e-02 BER=7.20e-03 FER=1.74e-01
2025-10-27 22:42:14,181 | INFO | Epoch 210 Train Time 24.657060146331787s

2025-10-27 22:42:40,126 | INFO | Training epoch 211, Batch 1000/1000: LR=9.73e-05, Loss=1.85e-02 BER=7.21e-03 FER=1.74e-01
2025-10-27 22:42:40,165 | INFO | Epoch 211 Train Time 25.983630657196045s

2025-10-27 22:43:05,105 | INFO | Training epoch 212, Batch 1000/1000: LR=9.73e-05, Loss=1.86e-02 BER=7.22e-03 FER=1.74e-01
2025-10-27 22:43:05,153 | INFO | Epoch 212 Train Time 24.987510204315186s

2025-10-27 22:43:30,754 | INFO | Training epoch 213, Batch 1000/1000: LR=9.73e-05, Loss=1.85e-02 BER=7.18e-03 FER=1.75e-01
2025-10-27 22:43:30,795 | INFO | Epoch 213 Train Time 25.640931844711304s

2025-10-27 22:43:55,725 | INFO | Training epoch 214, Batch 1000/1000: LR=9.73e-05, Loss=1.86e-02 BER=7.22e-03 FER=1.75e-01
2025-10-27 22:43:55,771 | INFO | Epoch 214 Train Time 24.97539448738098s

2025-10-27 22:44:20,882 | INFO | Training epoch 215, Batch 1000/1000: LR=9.72e-05, Loss=1.85e-02 BER=7.19e-03 FER=1.75e-01
2025-10-27 22:44:20,924 | INFO | Epoch 215 Train Time 25.15189528465271s

2025-10-27 22:44:45,596 | INFO | Training epoch 216, Batch 1000/1000: LR=9.72e-05, Loss=1.86e-02 BER=7.25e-03 FER=1.75e-01
2025-10-27 22:44:45,647 | INFO | Epoch 216 Train Time 24.72258996963501s

2025-10-27 22:45:12,543 | INFO | Training epoch 217, Batch 1000/1000: LR=9.72e-05, Loss=1.85e-02 BER=7.19e-03 FER=1.74e-01
2025-10-27 22:45:12,598 | INFO | Epoch 217 Train Time 26.950247287750244s

2025-10-27 22:45:37,983 | INFO | Training epoch 218, Batch 1000/1000: LR=9.72e-05, Loss=1.84e-02 BER=7.16e-03 FER=1.74e-01
2025-10-27 22:45:38,022 | INFO | Epoch 218 Train Time 25.424158334732056s

2025-10-27 22:46:03,121 | INFO | Training epoch 219, Batch 1000/1000: LR=9.71e-05, Loss=1.86e-02 BER=7.26e-03 FER=1.75e-01
2025-10-27 22:46:03,187 | INFO | Epoch 219 Train Time 25.16408920288086s

2025-10-27 22:46:27,204 | INFO | Training epoch 220, Batch 1000/1000: LR=9.71e-05, Loss=1.84e-02 BER=7.17e-03 FER=1.74e-01
2025-10-27 22:46:27,243 | INFO | Epoch 220 Train Time 24.055981874465942s

2025-10-27 22:46:52,224 | INFO | Training epoch 221, Batch 1000/1000: LR=9.71e-05, Loss=1.86e-02 BER=7.22e-03 FER=1.74e-01
2025-10-27 22:46:52,272 | INFO | Epoch 221 Train Time 25.028524160385132s

2025-10-27 22:47:16,608 | INFO | Training epoch 222, Batch 1000/1000: LR=9.70e-05, Loss=1.82e-02 BER=7.13e-03 FER=1.73e-01
2025-10-27 22:47:16,658 | INFO | Epoch 222 Train Time 24.385534286499023s

2025-10-27 22:47:16,659 | INFO | [P2] saving best_model (QAT) with loss 0.018245 at epoch 222
2025-10-27 22:47:37,014 | INFO | Training epoch 223, Batch 1000/1000: LR=9.70e-05, Loss=1.88e-02 BER=7.28e-03 FER=1.77e-01
2025-10-27 22:47:37,051 | INFO | Epoch 223 Train Time 20.37826919555664s

2025-10-27 22:47:57,422 | INFO | Training epoch 224, Batch 1000/1000: LR=9.70e-05, Loss=1.87e-02 BER=7.28e-03 FER=1.76e-01
2025-10-27 22:47:57,462 | INFO | Epoch 224 Train Time 20.410222053527832s

2025-10-27 22:48:17,673 | INFO | Training epoch 225, Batch 1000/1000: LR=9.70e-05, Loss=1.84e-02 BER=7.19e-03 FER=1.73e-01
2025-10-27 22:48:17,718 | INFO | Epoch 225 Train Time 20.25618577003479s

2025-10-27 22:48:37,519 | INFO | Training epoch 226, Batch 1000/1000: LR=9.69e-05, Loss=1.83e-02 BER=7.12e-03 FER=1.72e-01
2025-10-27 22:48:37,562 | INFO | Epoch 226 Train Time 19.84291672706604s

2025-10-27 22:48:57,944 | INFO | Training epoch 227, Batch 1000/1000: LR=9.69e-05, Loss=1.87e-02 BER=7.26e-03 FER=1.76e-01
2025-10-27 22:48:58,005 | INFO | Epoch 227 Train Time 20.442684412002563s

2025-10-27 22:49:18,296 | INFO | Training epoch 228, Batch 1000/1000: LR=9.69e-05, Loss=1.85e-02 BER=7.20e-03 FER=1.74e-01
2025-10-27 22:49:18,341 | INFO | Epoch 228 Train Time 20.33591604232788s

2025-10-27 22:49:41,231 | INFO | Training epoch 229, Batch 1000/1000: LR=9.69e-05, Loss=1.85e-02 BER=7.18e-03 FER=1.74e-01
2025-10-27 22:49:41,271 | INFO | Epoch 229 Train Time 22.929304838180542s

2025-10-27 22:50:06,845 | INFO | Training epoch 230, Batch 1000/1000: LR=9.68e-05, Loss=1.85e-02 BER=7.23e-03 FER=1.75e-01
2025-10-27 22:50:06,887 | INFO | Epoch 230 Train Time 25.614885091781616s

2025-10-27 22:50:32,694 | INFO | Training epoch 231, Batch 1000/1000: LR=9.68e-05, Loss=1.86e-02 BER=7.26e-03 FER=1.76e-01
2025-10-27 22:50:32,739 | INFO | Epoch 231 Train Time 25.85119342803955s

2025-10-27 22:50:58,484 | INFO | Training epoch 232, Batch 1000/1000: LR=9.68e-05, Loss=1.85e-02 BER=7.22e-03 FER=1.75e-01
2025-10-27 22:50:58,537 | INFO | Epoch 232 Train Time 25.79775834083557s

2025-10-27 22:51:24,897 | INFO | Training epoch 233, Batch 1000/1000: LR=9.67e-05, Loss=1.86e-02 BER=7.26e-03 FER=1.76e-01
2025-10-27 22:51:24,953 | INFO | Epoch 233 Train Time 26.414480686187744s

2025-10-27 22:51:51,563 | INFO | Training epoch 234, Batch 1000/1000: LR=9.67e-05, Loss=1.85e-02 BER=7.20e-03 FER=1.75e-01
2025-10-27 22:51:51,610 | INFO | Epoch 234 Train Time 26.657094717025757s

2025-10-27 22:52:17,739 | INFO | Training epoch 235, Batch 1000/1000: LR=9.67e-05, Loss=1.84e-02 BER=7.17e-03 FER=1.74e-01
2025-10-27 22:52:17,791 | INFO | Epoch 235 Train Time 26.179981231689453s

2025-10-27 22:52:43,684 | INFO | Training epoch 236, Batch 1000/1000: LR=9.67e-05, Loss=1.85e-02 BER=7.22e-03 FER=1.74e-01
2025-10-27 22:52:43,724 | INFO | Epoch 236 Train Time 25.932579278945923s

2025-10-27 22:53:08,842 | INFO | Training epoch 237, Batch 1000/1000: LR=9.66e-05, Loss=1.84e-02 BER=7.15e-03 FER=1.73e-01
2025-10-27 22:53:08,891 | INFO | Epoch 237 Train Time 25.165791511535645s

2025-10-27 22:53:35,284 | INFO | Training epoch 238, Batch 1000/1000: LR=9.66e-05, Loss=1.85e-02 BER=7.18e-03 FER=1.73e-01
2025-10-27 22:53:35,333 | INFO | Epoch 238 Train Time 26.441970109939575s

2025-10-27 22:54:02,798 | INFO | Training epoch 239, Batch 1000/1000: LR=9.66e-05, Loss=1.82e-02 BER=7.08e-03 FER=1.72e-01
2025-10-27 22:54:02,851 | INFO | Epoch 239 Train Time 27.516964435577393s

2025-10-27 22:54:02,851 | INFO | [P2] saving best_model (QAT) with loss 0.018224 at epoch 239
2025-10-27 22:54:28,625 | INFO | Training epoch 240, Batch 1000/1000: LR=9.66e-05, Loss=1.84e-02 BER=7.17e-03 FER=1.74e-01
2025-10-27 22:54:28,663 | INFO | Epoch 240 Train Time 25.793288469314575s

2025-10-27 22:54:55,737 | INFO | Training epoch 241, Batch 1000/1000: LR=9.65e-05, Loss=1.83e-02 BER=7.13e-03 FER=1.73e-01
2025-10-27 22:54:55,791 | INFO | Epoch 241 Train Time 27.127151012420654s

2025-10-27 22:55:21,086 | INFO | Training epoch 242, Batch 1000/1000: LR=9.65e-05, Loss=1.84e-02 BER=7.17e-03 FER=1.73e-01
2025-10-27 22:55:21,131 | INFO | Epoch 242 Train Time 25.34030055999756s

2025-10-27 22:55:46,118 | INFO | Training epoch 243, Batch 1000/1000: LR=9.65e-05, Loss=1.86e-02 BER=7.19e-03 FER=1.75e-01
2025-10-27 22:55:46,171 | INFO | Epoch 243 Train Time 25.03873562812805s

2025-10-27 22:56:12,136 | INFO | Training epoch 244, Batch 1000/1000: LR=9.64e-05, Loss=1.86e-02 BER=7.24e-03 FER=1.76e-01
2025-10-27 22:56:12,175 | INFO | Epoch 244 Train Time 26.003488540649414s

2025-10-27 22:56:37,706 | INFO | Training epoch 245, Batch 1000/1000: LR=9.64e-05, Loss=1.84e-02 BER=7.13e-03 FER=1.74e-01
2025-10-27 22:56:37,761 | INFO | Epoch 245 Train Time 25.585665464401245s

2025-10-27 22:57:03,004 | INFO | Training epoch 246, Batch 1000/1000: LR=9.64e-05, Loss=1.85e-02 BER=7.19e-03 FER=1.74e-01
2025-10-27 22:57:03,053 | INFO | Epoch 246 Train Time 25.291420936584473s

2025-10-27 22:57:29,317 | INFO | Training epoch 247, Batch 1000/1000: LR=9.64e-05, Loss=1.85e-02 BER=7.25e-03 FER=1.75e-01
2025-10-27 22:57:29,362 | INFO | Epoch 247 Train Time 26.308064937591553s

2025-10-27 22:57:55,247 | INFO | Training epoch 248, Batch 1000/1000: LR=9.63e-05, Loss=1.83e-02 BER=7.13e-03 FER=1.72e-01
2025-10-27 22:57:55,313 | INFO | Epoch 248 Train Time 25.950345516204834s

2025-10-27 22:58:21,216 | INFO | Training epoch 249, Batch 1000/1000: LR=9.63e-05, Loss=1.85e-02 BER=7.24e-03 FER=1.74e-01
2025-10-27 22:58:21,258 | INFO | Epoch 249 Train Time 25.945104122161865s

2025-10-27 22:58:46,832 | INFO | Training epoch 250, Batch 1000/1000: LR=9.63e-05, Loss=1.84e-02 BER=7.14e-03 FER=1.73e-01
2025-10-27 22:58:46,883 | INFO | Epoch 250 Train Time 25.623900175094604s

2025-10-27 22:59:13,499 | INFO | Training epoch 251, Batch 1000/1000: LR=9.62e-05, Loss=1.85e-02 BER=7.23e-03 FER=1.76e-01
2025-10-27 22:59:13,556 | INFO | Epoch 251 Train Time 26.672207355499268s

2025-10-27 22:59:38,749 | INFO | Training epoch 252, Batch 1000/1000: LR=9.62e-05, Loss=1.84e-02 BER=7.19e-03 FER=1.75e-01
2025-10-27 22:59:38,804 | INFO | Epoch 252 Train Time 25.247547149658203s

2025-10-27 23:00:05,335 | INFO | Training epoch 253, Batch 1000/1000: LR=9.62e-05, Loss=1.85e-02 BER=7.21e-03 FER=1.75e-01
2025-10-27 23:00:05,384 | INFO | Epoch 253 Train Time 26.579582452774048s

2025-10-27 23:00:31,314 | INFO | Training epoch 254, Batch 1000/1000: LR=9.61e-05, Loss=1.83e-02 BER=7.10e-03 FER=1.73e-01
2025-10-27 23:00:31,361 | INFO | Epoch 254 Train Time 25.97622513771057s

2025-10-27 23:00:56,787 | INFO | Training epoch 255, Batch 1000/1000: LR=9.61e-05, Loss=1.84e-02 BER=7.20e-03 FER=1.74e-01
2025-10-27 23:00:56,844 | INFO | Epoch 255 Train Time 25.482303857803345s

2025-10-27 23:01:23,491 | INFO | Training epoch 256, Batch 1000/1000: LR=9.61e-05, Loss=1.82e-02 BER=7.09e-03 FER=1.72e-01
2025-10-27 23:01:23,538 | INFO | Epoch 256 Train Time 26.693382740020752s

2025-10-27 23:01:49,339 | INFO | Training epoch 257, Batch 1000/1000: LR=9.61e-05, Loss=1.84e-02 BER=7.18e-03 FER=1.74e-01
2025-10-27 23:01:49,377 | INFO | Epoch 257 Train Time 25.83828639984131s

2025-10-27 23:02:13,320 | INFO | Training epoch 258, Batch 1000/1000: LR=9.60e-05, Loss=1.83e-02 BER=7.12e-03 FER=1.72e-01
2025-10-27 23:02:13,360 | INFO | Epoch 258 Train Time 23.982701301574707s

2025-10-27 23:02:34,301 | INFO | Training epoch 259, Batch 1000/1000: LR=9.60e-05, Loss=1.84e-02 BER=7.18e-03 FER=1.73e-01
2025-10-27 23:02:34,351 | INFO | Epoch 259 Train Time 20.990333795547485s

2025-10-27 23:02:54,296 | INFO | Training epoch 260, Batch 1000/1000: LR=9.60e-05, Loss=1.82e-02 BER=7.11e-03 FER=1.72e-01
2025-10-27 23:02:54,350 | INFO | Epoch 260 Train Time 19.998335599899292s

2025-10-27 23:02:54,350 | INFO | [P2] saving best_model (QAT) with loss 0.018203 at epoch 260
2025-10-27 23:03:13,929 | INFO | Training epoch 261, Batch 1000/1000: LR=9.59e-05, Loss=1.85e-02 BER=7.19e-03 FER=1.74e-01
2025-10-27 23:03:13,970 | INFO | Epoch 261 Train Time 19.608081579208374s

2025-10-27 23:03:34,455 | INFO | Training epoch 262, Batch 1000/1000: LR=9.59e-05, Loss=1.85e-02 BER=7.21e-03 FER=1.75e-01
2025-10-27 23:03:34,494 | INFO | Epoch 262 Train Time 20.5236234664917s

2025-10-27 23:03:57,399 | INFO | Training epoch 263, Batch 1000/1000: LR=9.59e-05, Loss=1.83e-02 BER=7.14e-03 FER=1.72e-01
2025-10-27 23:03:57,451 | INFO | Epoch 263 Train Time 22.95580744743347s

2025-10-27 23:04:22,933 | INFO | Training epoch 264, Batch 1000/1000: LR=9.58e-05, Loss=1.84e-02 BER=7.16e-03 FER=1.74e-01
2025-10-27 23:04:22,978 | INFO | Epoch 264 Train Time 25.52663493156433s

2025-10-27 23:04:47,920 | INFO | Training epoch 265, Batch 1000/1000: LR=9.58e-05, Loss=1.85e-02 BER=7.21e-03 FER=1.74e-01
2025-10-27 23:04:47,969 | INFO | Epoch 265 Train Time 24.99049425125122s

2025-10-27 23:05:13,691 | INFO | Training epoch 266, Batch 1000/1000: LR=9.58e-05, Loss=1.84e-02 BER=7.14e-03 FER=1.72e-01
2025-10-27 23:05:13,738 | INFO | Epoch 266 Train Time 25.768538236618042s

2025-10-27 23:05:40,171 | INFO | Training epoch 267, Batch 1000/1000: LR=9.57e-05, Loss=1.82e-02 BER=7.08e-03 FER=1.72e-01
2025-10-27 23:05:40,216 | INFO | Epoch 267 Train Time 26.47694206237793s

2025-10-27 23:05:40,216 | INFO | [P2] saving best_model (QAT) with loss 0.018196 at epoch 267
2025-10-27 23:06:05,159 | INFO | Training epoch 268, Batch 1000/1000: LR=9.57e-05, Loss=1.85e-02 BER=7.20e-03 FER=1.74e-01
2025-10-27 23:06:05,202 | INFO | Epoch 268 Train Time 24.96880555152893s

2025-10-27 23:06:31,313 | INFO | Training epoch 269, Batch 1000/1000: LR=9.57e-05, Loss=1.83e-02 BER=7.13e-03 FER=1.73e-01
2025-10-27 23:06:31,365 | INFO | Epoch 269 Train Time 26.16242480278015s

2025-10-27 23:06:56,811 | INFO | Training epoch 270, Batch 1000/1000: LR=9.56e-05, Loss=1.84e-02 BER=7.16e-03 FER=1.74e-01
2025-10-27 23:06:56,851 | INFO | Epoch 270 Train Time 25.485901355743408s

2025-10-27 23:07:23,290 | INFO | Training epoch 271, Batch 1000/1000: LR=9.56e-05, Loss=1.85e-02 BER=7.21e-03 FER=1.75e-01
2025-10-27 23:07:23,338 | INFO | Epoch 271 Train Time 26.485653400421143s

2025-10-27 23:07:49,963 | INFO | Training epoch 272, Batch 1000/1000: LR=9.56e-05, Loss=1.85e-02 BER=7.17e-03 FER=1.74e-01
2025-10-27 23:07:50,005 | INFO | Epoch 272 Train Time 26.66686487197876s

2025-10-27 23:08:15,630 | INFO | Training epoch 273, Batch 1000/1000: LR=9.56e-05, Loss=1.84e-02 BER=7.11e-03 FER=1.72e-01
2025-10-27 23:08:15,679 | INFO | Epoch 273 Train Time 25.672848224639893s

2025-10-27 23:08:39,423 | INFO | Training epoch 274, Batch 1000/1000: LR=9.55e-05, Loss=1.84e-02 BER=7.16e-03 FER=1.73e-01
2025-10-27 23:08:39,476 | INFO | Epoch 274 Train Time 23.79720687866211s

2025-10-27 23:09:05,845 | INFO | Training epoch 275, Batch 1000/1000: LR=9.55e-05, Loss=1.83e-02 BER=7.14e-03 FER=1.73e-01
2025-10-27 23:09:05,888 | INFO | Epoch 275 Train Time 26.410680294036865s

2025-10-27 23:09:31,255 | INFO | Training epoch 276, Batch 1000/1000: LR=9.55e-05, Loss=1.84e-02 BER=7.20e-03 FER=1.74e-01
2025-10-27 23:09:31,313 | INFO | Epoch 276 Train Time 25.42475700378418s

2025-10-27 23:09:57,285 | INFO | Training epoch 277, Batch 1000/1000: LR=9.54e-05, Loss=1.84e-02 BER=7.13e-03 FER=1.73e-01
2025-10-27 23:09:57,334 | INFO | Epoch 277 Train Time 26.020035982131958s

2025-10-27 23:10:24,060 | INFO | Training epoch 278, Batch 1000/1000: LR=9.54e-05, Loss=1.83e-02 BER=7.11e-03 FER=1.73e-01
2025-10-27 23:10:24,102 | INFO | Epoch 278 Train Time 26.767688989639282s

2025-10-27 23:10:50,171 | INFO | Training epoch 279, Batch 1000/1000: LR=9.54e-05, Loss=1.85e-02 BER=7.23e-03 FER=1.75e-01
2025-10-27 23:10:50,214 | INFO | Epoch 279 Train Time 26.111802101135254s

2025-10-27 23:11:16,778 | INFO | Training epoch 280, Batch 1000/1000: LR=9.53e-05, Loss=1.85e-02 BER=7.23e-03 FER=1.73e-01
2025-10-27 23:11:16,826 | INFO | Epoch 280 Train Time 26.610286712646484s

2025-10-27 23:11:43,086 | INFO | Training epoch 281, Batch 1000/1000: LR=9.53e-05, Loss=1.84e-02 BER=7.18e-03 FER=1.75e-01
2025-10-27 23:11:43,136 | INFO | Epoch 281 Train Time 26.30915665626526s

2025-10-27 23:12:09,152 | INFO | Training epoch 282, Batch 1000/1000: LR=9.53e-05, Loss=1.82e-02 BER=7.10e-03 FER=1.73e-01
2025-10-27 23:12:09,199 | INFO | Epoch 282 Train Time 26.062281131744385s

2025-10-27 23:12:34,339 | INFO | Training epoch 283, Batch 1000/1000: LR=9.52e-05, Loss=1.86e-02 BER=7.26e-03 FER=1.75e-01
2025-10-27 23:12:34,387 | INFO | Epoch 283 Train Time 25.18746829032898s

2025-10-27 23:13:00,924 | INFO | Training epoch 284, Batch 1000/1000: LR=9.52e-05, Loss=1.85e-02 BER=7.21e-03 FER=1.74e-01
2025-10-27 23:13:00,966 | INFO | Epoch 284 Train Time 26.578756093978882s

2025-10-27 23:13:25,907 | INFO | Training epoch 285, Batch 1000/1000: LR=9.52e-05, Loss=1.83e-02 BER=7.15e-03 FER=1.74e-01
2025-10-27 23:13:25,960 | INFO | Epoch 285 Train Time 24.9937584400177s

2025-10-27 23:13:52,434 | INFO | Training epoch 286, Batch 1000/1000: LR=9.51e-05, Loss=1.84e-02 BER=7.16e-03 FER=1.72e-01
2025-10-27 23:13:52,480 | INFO | Epoch 286 Train Time 26.51827049255371s

2025-10-27 23:14:18,772 | INFO | Training epoch 287, Batch 1000/1000: LR=9.51e-05, Loss=1.84e-02 BER=7.15e-03 FER=1.73e-01
2025-10-27 23:14:18,827 | INFO | Epoch 287 Train Time 26.346895694732666s

2025-10-27 23:14:44,572 | INFO | Training epoch 288, Batch 1000/1000: LR=9.51e-05, Loss=1.84e-02 BER=7.15e-03 FER=1.73e-01
2025-10-27 23:14:44,618 | INFO | Epoch 288 Train Time 25.790099382400513s

2025-10-27 23:15:09,961 | INFO | Training epoch 289, Batch 1000/1000: LR=9.50e-05, Loss=1.86e-02 BER=7.24e-03 FER=1.75e-01
2025-10-27 23:15:10,013 | INFO | Epoch 289 Train Time 25.394164085388184s

2025-10-27 23:15:35,919 | INFO | Training epoch 290, Batch 1000/1000: LR=9.50e-05, Loss=1.83e-02 BER=7.14e-03 FER=1.72e-01
2025-10-27 23:15:35,955 | INFO | Epoch 290 Train Time 25.941092252731323s

2025-10-27 23:16:01,847 | INFO | Training epoch 291, Batch 1000/1000: LR=9.50e-05, Loss=1.85e-02 BER=7.21e-03 FER=1.74e-01
2025-10-27 23:16:01,903 | INFO | Epoch 291 Train Time 25.94721484184265s

2025-10-27 23:16:28,874 | INFO | Training epoch 292, Batch 1000/1000: LR=9.49e-05, Loss=1.84e-02 BER=7.14e-03 FER=1.73e-01
2025-10-27 23:16:28,914 | INFO | Epoch 292 Train Time 27.01060676574707s

2025-10-27 23:16:51,577 | INFO | Training epoch 293, Batch 1000/1000: LR=9.49e-05, Loss=1.85e-02 BER=7.21e-03 FER=1.74e-01
2025-10-27 23:16:51,615 | INFO | Epoch 293 Train Time 22.700809001922607s

2025-10-27 23:17:11,520 | INFO | Training epoch 294, Batch 1000/1000: LR=9.48e-05, Loss=1.85e-02 BER=7.22e-03 FER=1.74e-01
2025-10-27 23:17:11,559 | INFO | Epoch 294 Train Time 19.943169355392456s

2025-10-27 23:17:31,401 | INFO | Training epoch 295, Batch 1000/1000: LR=9.48e-05, Loss=1.83e-02 BER=7.15e-03 FER=1.74e-01
2025-10-27 23:17:31,439 | INFO | Epoch 295 Train Time 19.879982948303223s

2025-10-27 23:17:52,591 | INFO | Training epoch 296, Batch 1000/1000: LR=9.48e-05, Loss=1.83e-02 BER=7.13e-03 FER=1.73e-01
2025-10-27 23:17:52,634 | INFO | Epoch 296 Train Time 21.194254636764526s

2025-10-27 23:18:16,079 | INFO | Training epoch 297, Batch 1000/1000: LR=9.47e-05, Loss=1.85e-02 BER=7.20e-03 FER=1.74e-01
2025-10-27 23:18:16,124 | INFO | Epoch 297 Train Time 23.48975110054016s

2025-10-27 23:18:40,878 | INFO | Training epoch 298, Batch 1000/1000: LR=9.47e-05, Loss=1.85e-02 BER=7.19e-03 FER=1.74e-01
2025-10-27 23:18:40,925 | INFO | Epoch 298 Train Time 24.800015687942505s

2025-10-27 23:19:06,159 | INFO | Training epoch 299, Batch 1000/1000: LR=9.47e-05, Loss=1.84e-02 BER=7.15e-03 FER=1.73e-01
2025-10-27 23:19:06,205 | INFO | Epoch 299 Train Time 25.279403686523438s

2025-10-27 23:19:31,739 | INFO | Training epoch 300, Batch 1000/1000: LR=9.46e-05, Loss=1.84e-02 BER=7.19e-03 FER=1.74e-01
2025-10-27 23:19:31,793 | INFO | Epoch 300 Train Time 25.587621927261353s

2025-10-27 23:19:58,452 | INFO | Training epoch 301, Batch 1000/1000: LR=9.46e-05, Loss=1.83e-02 BER=7.14e-03 FER=1.74e-01
2025-10-27 23:19:58,502 | INFO | Epoch 301 Train Time 26.707876443862915s

2025-10-27 23:20:22,662 | INFO | Training epoch 302, Batch 1000/1000: LR=9.46e-05, Loss=1.83e-02 BER=7.12e-03 FER=1.73e-01
2025-10-27 23:20:22,710 | INFO | Epoch 302 Train Time 24.207674026489258s

2025-10-27 23:20:47,558 | INFO | Training epoch 303, Batch 1000/1000: LR=9.45e-05, Loss=1.85e-02 BER=7.21e-03 FER=1.75e-01
2025-10-27 23:20:47,604 | INFO | Epoch 303 Train Time 24.893501043319702s

2025-10-27 23:21:14,146 | INFO | Training epoch 304, Batch 1000/1000: LR=9.45e-05, Loss=1.83e-02 BER=7.13e-03 FER=1.73e-01
2025-10-27 23:21:14,197 | INFO | Epoch 304 Train Time 26.592332363128662s

2025-10-27 23:21:39,819 | INFO | Training epoch 305, Batch 1000/1000: LR=9.45e-05, Loss=1.86e-02 BER=7.24e-03 FER=1.75e-01
2025-10-27 23:21:39,855 | INFO | Epoch 305 Train Time 25.657428741455078s

2025-10-27 23:22:07,796 | INFO | Training epoch 306, Batch 1000/1000: LR=9.44e-05, Loss=1.85e-02 BER=7.22e-03 FER=1.74e-01
2025-10-27 23:22:07,846 | INFO | Epoch 306 Train Time 27.989455223083496s

2025-10-27 23:22:34,334 | INFO | Training epoch 307, Batch 1000/1000: LR=9.44e-05, Loss=1.81e-02 BER=7.06e-03 FER=1.72e-01
2025-10-27 23:22:34,370 | INFO | Epoch 307 Train Time 26.523401975631714s

2025-10-27 23:22:34,370 | INFO | [P2] saving best_model (QAT) with loss 0.018143 at epoch 307
2025-10-27 23:23:01,239 | INFO | Training epoch 308, Batch 1000/1000: LR=9.44e-05, Loss=1.82e-02 BER=7.12e-03 FER=1.72e-01
2025-10-27 23:23:01,277 | INFO | Epoch 308 Train Time 26.89443874359131s

2025-10-27 23:23:28,148 | INFO | Training epoch 309, Batch 1000/1000: LR=9.43e-05, Loss=1.84e-02 BER=7.17e-03 FER=1.73e-01
2025-10-27 23:23:28,202 | INFO | Epoch 309 Train Time 26.923917531967163s

2025-10-27 23:23:52,733 | INFO | Training epoch 310, Batch 1000/1000: LR=9.43e-05, Loss=1.85e-02 BER=7.21e-03 FER=1.74e-01
2025-10-27 23:23:52,779 | INFO | Epoch 310 Train Time 24.576247453689575s

2025-10-27 23:24:19,295 | INFO | Training epoch 311, Batch 1000/1000: LR=9.42e-05, Loss=1.84e-02 BER=7.16e-03 FER=1.73e-01
2025-10-27 23:24:19,340 | INFO | Epoch 311 Train Time 26.560646295547485s

2025-10-27 23:24:44,204 | INFO | Training epoch 312, Batch 1000/1000: LR=9.42e-05, Loss=1.87e-02 BER=7.24e-03 FER=1.75e-01
2025-10-27 23:24:44,255 | INFO | Epoch 312 Train Time 24.914177179336548s

2025-10-27 23:25:09,803 | INFO | Training epoch 313, Batch 1000/1000: LR=9.42e-05, Loss=1.84e-02 BER=7.19e-03 FER=1.74e-01
2025-10-27 23:25:09,856 | INFO | Epoch 313 Train Time 25.600383281707764s

2025-10-27 23:25:36,886 | INFO | Training epoch 314, Batch 1000/1000: LR=9.41e-05, Loss=1.85e-02 BER=7.18e-03 FER=1.74e-01
2025-10-27 23:25:36,933 | INFO | Epoch 314 Train Time 27.07698106765747s

2025-10-27 23:26:02,802 | INFO | Training epoch 315, Batch 1000/1000: LR=9.41e-05, Loss=1.85e-02 BER=7.21e-03 FER=1.75e-01
2025-10-27 23:26:02,850 | INFO | Epoch 315 Train Time 25.916019201278687s

2025-10-27 23:26:28,839 | INFO | Training epoch 316, Batch 1000/1000: LR=9.41e-05, Loss=1.84e-02 BER=7.15e-03 FER=1.73e-01
2025-10-27 23:26:28,884 | INFO | Epoch 316 Train Time 26.03396987915039s

2025-10-27 23:26:55,307 | INFO | Training epoch 317, Batch 1000/1000: LR=9.40e-05, Loss=1.82e-02 BER=7.08e-03 FER=1.71e-01
2025-10-27 23:26:55,366 | INFO | Epoch 317 Train Time 26.480716943740845s

2025-10-27 23:27:21,364 | INFO | Training epoch 318, Batch 1000/1000: LR=9.40e-05, Loss=1.86e-02 BER=7.19e-03 FER=1.74e-01
2025-10-27 23:27:21,411 | INFO | Epoch 318 Train Time 26.04480481147766s

2025-10-27 23:27:48,964 | INFO | Training epoch 319, Batch 1000/1000: LR=9.40e-05, Loss=1.86e-02 BER=7.26e-03 FER=1.75e-01
2025-10-27 23:27:49,011 | INFO | Epoch 319 Train Time 27.599012851715088s

2025-10-27 23:28:14,883 | INFO | Training epoch 320, Batch 1000/1000: LR=9.39e-05, Loss=1.80e-02 BER=7.01e-03 FER=1.70e-01
2025-10-27 23:28:14,930 | INFO | Epoch 320 Train Time 25.918640851974487s

2025-10-27 23:28:14,930 | INFO | [P2] saving best_model (QAT) with loss 0.018026 at epoch 320
2025-10-27 23:28:39,831 | INFO | Training epoch 321, Batch 1000/1000: LR=9.39e-05, Loss=1.82e-02 BER=7.13e-03 FER=1.73e-01
2025-10-27 23:28:39,874 | INFO | Epoch 321 Train Time 24.93045926094055s

2025-10-27 23:29:05,766 | INFO | Training epoch 322, Batch 1000/1000: LR=9.38e-05, Loss=1.83e-02 BER=7.12e-03 FER=1.72e-01
2025-10-27 23:29:05,830 | INFO | Epoch 322 Train Time 25.95588231086731s

2025-10-27 23:29:32,486 | INFO | Training epoch 323, Batch 1000/1000: LR=9.38e-05, Loss=1.81e-02 BER=7.09e-03 FER=1.71e-01
2025-10-27 23:29:32,538 | INFO | Epoch 323 Train Time 26.706740856170654s

2025-10-27 23:29:58,962 | INFO | Training epoch 324, Batch 1000/1000: LR=9.38e-05, Loss=1.86e-02 BER=7.24e-03 FER=1.75e-01
2025-10-27 23:29:59,019 | INFO | Epoch 324 Train Time 26.47937512397766s

2025-10-27 23:30:24,881 | INFO | Training epoch 325, Batch 1000/1000: LR=9.37e-05, Loss=1.85e-02 BER=7.18e-03 FER=1.74e-01
2025-10-27 23:30:24,932 | INFO | Epoch 325 Train Time 25.91199827194214s

2025-10-27 23:30:50,764 | INFO | Training epoch 326, Batch 1000/1000: LR=9.37e-05, Loss=1.84e-02 BER=7.12e-03 FER=1.73e-01
2025-10-27 23:30:50,810 | INFO | Epoch 326 Train Time 25.877972841262817s

2025-10-27 23:31:17,760 | INFO | Training epoch 327, Batch 1000/1000: LR=9.37e-05, Loss=1.87e-02 BER=7.28e-03 FER=1.75e-01
2025-10-27 23:31:17,797 | INFO | Epoch 327 Train Time 26.985933303833008s

2025-10-27 23:31:45,639 | INFO | Training epoch 328, Batch 1000/1000: LR=9.36e-05, Loss=1.82e-02 BER=7.09e-03 FER=1.72e-01
2025-10-27 23:31:45,677 | INFO | Epoch 328 Train Time 27.879639863967896s

2025-10-27 23:32:12,860 | INFO | Training epoch 329, Batch 1000/1000: LR=9.36e-05, Loss=1.83e-02 BER=7.15e-03 FER=1.73e-01
2025-10-27 23:32:12,898 | INFO | Epoch 329 Train Time 27.220003366470337s

2025-10-27 23:32:38,062 | INFO | Training epoch 330, Batch 1000/1000: LR=9.35e-05, Loss=1.83e-02 BER=7.14e-03 FER=1.73e-01
2025-10-27 23:32:38,097 | INFO | Epoch 330 Train Time 25.197866916656494s

2025-10-27 23:32:59,318 | INFO | Training epoch 331, Batch 1000/1000: LR=9.35e-05, Loss=1.86e-02 BER=7.22e-03 FER=1.75e-01
2025-10-27 23:32:59,355 | INFO | Epoch 331 Train Time 21.257815837860107s

2025-10-27 23:33:19,345 | INFO | Training epoch 332, Batch 1000/1000: LR=9.35e-05, Loss=1.84e-02 BER=7.13e-03 FER=1.73e-01
2025-10-27 23:33:19,384 | INFO | Epoch 332 Train Time 20.028844118118286s

2025-10-27 23:33:43,440 | INFO | Training epoch 333, Batch 1000/1000: LR=9.34e-05, Loss=1.82e-02 BER=7.08e-03 FER=1.72e-01
2025-10-27 23:33:43,482 | INFO | Epoch 333 Train Time 24.09746527671814s

2025-10-27 23:34:08,817 | INFO | Training epoch 334, Batch 1000/1000: LR=9.34e-05, Loss=1.82e-02 BER=7.09e-03 FER=1.72e-01
2025-10-27 23:34:08,860 | INFO | Epoch 334 Train Time 25.37702775001526s

2025-10-27 23:34:34,918 | INFO | Training epoch 335, Batch 1000/1000: LR=9.33e-05, Loss=1.83e-02 BER=7.12e-03 FER=1.73e-01
2025-10-27 23:34:34,967 | INFO | Epoch 335 Train Time 26.106302976608276s

2025-10-27 23:35:01,633 | INFO | Training epoch 336, Batch 1000/1000: LR=9.33e-05, Loss=1.82e-02 BER=7.06e-03 FER=1.70e-01
2025-10-27 23:35:01,693 | INFO | Epoch 336 Train Time 26.72521162033081s

2025-10-27 23:35:26,409 | INFO | Training epoch 337, Batch 1000/1000: LR=9.33e-05, Loss=1.82e-02 BER=7.08e-03 FER=1.71e-01
2025-10-27 23:35:26,462 | INFO | Epoch 337 Train Time 24.76841926574707s

2025-10-27 23:35:52,251 | INFO | Training epoch 338, Batch 1000/1000: LR=9.32e-05, Loss=1.82e-02 BER=7.09e-03 FER=1.71e-01
2025-10-27 23:35:52,296 | INFO | Epoch 338 Train Time 25.83366584777832s

2025-10-27 23:36:17,284 | INFO | Training epoch 339, Batch 1000/1000: LR=9.32e-05, Loss=1.84e-02 BER=7.20e-03 FER=1.74e-01
2025-10-27 23:36:17,330 | INFO | Epoch 339 Train Time 25.033257007598877s

2025-10-27 23:36:43,893 | INFO | Training epoch 340, Batch 1000/1000: LR=9.31e-05, Loss=1.84e-02 BER=7.16e-03 FER=1.73e-01
2025-10-27 23:36:43,942 | INFO | Epoch 340 Train Time 26.61102032661438s

2025-10-27 23:37:10,388 | INFO | Training epoch 341, Batch 1000/1000: LR=9.31e-05, Loss=1.84e-02 BER=7.14e-03 FER=1.73e-01
2025-10-27 23:37:10,435 | INFO | Epoch 341 Train Time 26.493077039718628s

2025-10-27 23:37:37,392 | INFO | Training epoch 342, Batch 1000/1000: LR=9.31e-05, Loss=1.84e-02 BER=7.19e-03 FER=1.74e-01
2025-10-27 23:37:37,433 | INFO | Epoch 342 Train Time 26.99707055091858s

2025-10-27 23:38:04,337 | INFO | Training epoch 343, Batch 1000/1000: LR=9.30e-05, Loss=1.85e-02 BER=7.22e-03 FER=1.73e-01
2025-10-27 23:38:04,389 | INFO | Epoch 343 Train Time 26.955423593521118s

2025-10-27 23:38:29,445 | INFO | Training epoch 344, Batch 1000/1000: LR=9.30e-05, Loss=1.79e-02 BER=6.98e-03 FER=1.69e-01
2025-10-27 23:38:29,481 | INFO | Epoch 344 Train Time 25.092169284820557s

2025-10-27 23:38:29,482 | INFO | [P2] saving best_model (QAT) with loss 0.017923 at epoch 344
2025-10-27 23:38:55,020 | INFO | Training epoch 345, Batch 1000/1000: LR=9.29e-05, Loss=1.84e-02 BER=7.12e-03 FER=1.73e-01
2025-10-27 23:38:55,055 | INFO | Epoch 345 Train Time 25.563212871551514s

2025-10-27 23:39:20,707 | INFO | Training epoch 346, Batch 1000/1000: LR=9.29e-05, Loss=1.83e-02 BER=7.18e-03 FER=1.72e-01
2025-10-27 23:39:20,754 | INFO | Epoch 346 Train Time 25.698155641555786s

2025-10-27 23:39:46,125 | INFO | Training epoch 347, Batch 1000/1000: LR=9.29e-05, Loss=1.83e-02 BER=7.12e-03 FER=1.72e-01
2025-10-27 23:39:46,170 | INFO | Epoch 347 Train Time 25.4153048992157s

2025-10-27 23:40:12,349 | INFO | Training epoch 348, Batch 1000/1000: LR=9.28e-05, Loss=1.82e-02 BER=7.05e-03 FER=1.71e-01
2025-10-27 23:40:12,401 | INFO | Epoch 348 Train Time 26.230842113494873s

2025-10-27 23:40:38,607 | INFO | Training epoch 349, Batch 1000/1000: LR=9.28e-05, Loss=1.83e-02 BER=7.13e-03 FER=1.72e-01
2025-10-27 23:40:38,659 | INFO | Epoch 349 Train Time 26.257229328155518s

2025-10-27 23:41:05,831 | INFO | Training epoch 350, Batch 1000/1000: LR=9.27e-05, Loss=1.84e-02 BER=7.18e-03 FER=1.73e-01
2025-10-27 23:41:05,884 | INFO | Epoch 350 Train Time 27.222849369049072s

2025-10-27 23:41:32,125 | INFO | Training epoch 351, Batch 1000/1000: LR=9.27e-05, Loss=1.82e-02 BER=7.10e-03 FER=1.72e-01
2025-10-27 23:41:32,163 | INFO | Epoch 351 Train Time 26.27724575996399s

2025-10-27 23:41:56,706 | INFO | Training epoch 352, Batch 1000/1000: LR=9.27e-05, Loss=1.86e-02 BER=7.25e-03 FER=1.75e-01
2025-10-27 23:41:56,757 | INFO | Epoch 352 Train Time 24.594003677368164s

2025-10-27 23:42:24,121 | INFO | Training epoch 353, Batch 1000/1000: LR=9.26e-05, Loss=1.82e-02 BER=7.13e-03 FER=1.73e-01
2025-10-27 23:42:24,177 | INFO | Epoch 353 Train Time 27.41928768157959s

2025-10-27 23:42:50,871 | INFO | Training epoch 354, Batch 1000/1000: LR=9.26e-05, Loss=1.85e-02 BER=7.26e-03 FER=1.75e-01
2025-10-27 23:42:50,912 | INFO | Epoch 354 Train Time 26.733509063720703s

2025-10-27 23:43:17,876 | INFO | Training epoch 355, Batch 1000/1000: LR=9.25e-05, Loss=1.83e-02 BER=7.16e-03 FER=1.72e-01
2025-10-27 23:43:17,928 | INFO | Epoch 355 Train Time 27.015997886657715s

2025-10-27 23:43:45,105 | INFO | Training epoch 356, Batch 1000/1000: LR=9.25e-05, Loss=1.84e-02 BER=7.15e-03 FER=1.73e-01
2025-10-27 23:43:45,154 | INFO | Epoch 356 Train Time 27.225707292556763s

2025-10-27 23:44:11,071 | INFO | Training epoch 357, Batch 1000/1000: LR=9.25e-05, Loss=1.85e-02 BER=7.19e-03 FER=1.74e-01
2025-10-27 23:44:11,114 | INFO | Epoch 357 Train Time 25.958852529525757s

2025-10-27 23:44:36,274 | INFO | Training epoch 358, Batch 1000/1000: LR=9.24e-05, Loss=1.83e-02 BER=7.14e-03 FER=1.73e-01
2025-10-27 23:44:36,311 | INFO | Epoch 358 Train Time 25.1965069770813s

2025-10-27 23:45:01,850 | INFO | Training epoch 359, Batch 1000/1000: LR=9.24e-05, Loss=1.85e-02 BER=7.24e-03 FER=1.74e-01
2025-10-27 23:45:01,900 | INFO | Epoch 359 Train Time 25.58797550201416s

2025-10-27 23:45:25,609 | INFO | Training epoch 360, Batch 1000/1000: LR=9.23e-05, Loss=1.82e-02 BER=7.07e-03 FER=1.71e-01
2025-10-27 23:45:25,656 | INFO | Epoch 360 Train Time 23.755409479141235s

2025-10-27 23:45:51,446 | INFO | Training epoch 361, Batch 1000/1000: LR=9.23e-05, Loss=1.86e-02 BER=7.24e-03 FER=1.74e-01
2025-10-27 23:45:51,488 | INFO | Epoch 361 Train Time 25.831385135650635s

2025-10-27 23:46:19,151 | INFO | Training epoch 362, Batch 1000/1000: LR=9.23e-05, Loss=1.83e-02 BER=7.09e-03 FER=1.73e-01
2025-10-27 23:46:19,197 | INFO | Epoch 362 Train Time 27.708470821380615s

2025-10-27 23:46:44,856 | INFO | Training epoch 363, Batch 1000/1000: LR=9.22e-05, Loss=1.83e-02 BER=7.09e-03 FER=1.72e-01
2025-10-27 23:46:44,904 | INFO | Epoch 363 Train Time 25.706504821777344s

2025-10-27 23:47:11,648 | INFO | Training epoch 364, Batch 1000/1000: LR=9.22e-05, Loss=1.85e-02 BER=7.20e-03 FER=1.74e-01
2025-10-27 23:47:11,703 | INFO | Epoch 364 Train Time 26.798589944839478s

2025-10-27 23:47:37,076 | INFO | Training epoch 365, Batch 1000/1000: LR=9.21e-05, Loss=1.84e-02 BER=7.15e-03 FER=1.73e-01
2025-10-27 23:47:37,127 | INFO | Epoch 365 Train Time 25.42346692085266s

2025-10-27 23:48:01,116 | INFO | Training epoch 366, Batch 1000/1000: LR=9.21e-05, Loss=1.86e-02 BER=7.25e-03 FER=1.75e-01
2025-10-27 23:48:01,151 | INFO | Epoch 366 Train Time 24.023687601089478s

2025-10-27 23:48:27,382 | INFO | Training epoch 367, Batch 1000/1000: LR=9.20e-05, Loss=1.85e-02 BER=7.19e-03 FER=1.74e-01
2025-10-27 23:48:27,431 | INFO | Epoch 367 Train Time 26.279191970825195s

2025-10-27 23:48:53,252 | INFO | Training epoch 368, Batch 1000/1000: LR=9.20e-05, Loss=1.82e-02 BER=7.08e-03 FER=1.72e-01
2025-10-27 23:48:53,286 | INFO | Epoch 368 Train Time 25.854565382003784s

2025-10-27 23:49:18,828 | INFO | Training epoch 369, Batch 1000/1000: LR=9.20e-05, Loss=1.82e-02 BER=7.12e-03 FER=1.72e-01
2025-10-27 23:49:18,873 | INFO | Epoch 369 Train Time 25.585925579071045s

2025-10-27 23:49:44,588 | INFO | Training epoch 370, Batch 1000/1000: LR=9.19e-05, Loss=1.82e-02 BER=7.07e-03 FER=1.72e-01
2025-10-27 23:49:44,639 | INFO | Epoch 370 Train Time 25.765910625457764s

2025-10-27 23:50:09,693 | INFO | Training epoch 371, Batch 1000/1000: LR=9.19e-05, Loss=1.84e-02 BER=7.18e-03 FER=1.72e-01
2025-10-27 23:50:09,734 | INFO | Epoch 371 Train Time 25.094165802001953s

2025-10-27 23:50:35,948 | INFO | Training epoch 372, Batch 1000/1000: LR=9.18e-05, Loss=1.84e-02 BER=7.13e-03 FER=1.73e-01
2025-10-27 23:50:36,002 | INFO | Epoch 372 Train Time 26.26782250404358s

2025-10-27 23:51:02,023 | INFO | Training epoch 373, Batch 1000/1000: LR=9.18e-05, Loss=1.85e-02 BER=7.20e-03 FER=1.74e-01
2025-10-27 23:51:02,074 | INFO | Epoch 373 Train Time 26.07047986984253s

2025-10-27 23:51:27,727 | INFO | Training epoch 374, Batch 1000/1000: LR=9.17e-05, Loss=1.84e-02 BER=7.17e-03 FER=1.73e-01
2025-10-27 23:51:27,762 | INFO | Epoch 374 Train Time 25.68740749359131s

2025-10-27 23:51:52,459 | INFO | Training epoch 375, Batch 1000/1000: LR=9.17e-05, Loss=1.81e-02 BER=7.06e-03 FER=1.71e-01
2025-10-27 23:51:52,508 | INFO | Epoch 375 Train Time 24.745744943618774s

2025-10-27 23:52:19,096 | INFO | Training epoch 376, Batch 1000/1000: LR=9.17e-05, Loss=1.84e-02 BER=7.17e-03 FER=1.73e-01
2025-10-27 23:52:19,148 | INFO | Epoch 376 Train Time 26.639445066452026s

2025-10-27 23:52:43,872 | INFO | Training epoch 377, Batch 1000/1000: LR=9.16e-05, Loss=1.83e-02 BER=7.11e-03 FER=1.72e-01
2025-10-27 23:52:43,907 | INFO | Epoch 377 Train Time 24.75867486000061s

2025-10-27 23:53:10,295 | INFO | Training epoch 378, Batch 1000/1000: LR=9.16e-05, Loss=1.84e-02 BER=7.18e-03 FER=1.73e-01
2025-10-27 23:53:10,345 | INFO | Epoch 378 Train Time 26.4366512298584s

2025-10-27 23:53:36,790 | INFO | Training epoch 379, Batch 1000/1000: LR=9.15e-05, Loss=1.83e-02 BER=7.15e-03 FER=1.73e-01
2025-10-27 23:53:36,835 | INFO | Epoch 379 Train Time 26.489940404891968s

2025-10-27 23:54:04,548 | INFO | Training epoch 380, Batch 1000/1000: LR=9.15e-05, Loss=1.82e-02 BER=7.11e-03 FER=1.72e-01
2025-10-27 23:54:04,593 | INFO | Epoch 380 Train Time 27.756702423095703s

2025-10-27 23:54:30,233 | INFO | Training epoch 381, Batch 1000/1000: LR=9.14e-05, Loss=1.85e-02 BER=7.20e-03 FER=1.74e-01
2025-10-27 23:54:30,274 | INFO | Epoch 381 Train Time 25.680871963500977s

2025-10-27 23:54:55,175 | INFO | Training epoch 382, Batch 1000/1000: LR=9.14e-05, Loss=1.82e-02 BER=7.07e-03 FER=1.72e-01
2025-10-27 23:54:55,223 | INFO | Epoch 382 Train Time 24.94798517227173s

2025-10-27 23:55:19,679 | INFO | Training epoch 383, Batch 1000/1000: LR=9.14e-05, Loss=1.85e-02 BER=7.20e-03 FER=1.74e-01
2025-10-27 23:55:19,725 | INFO | Epoch 383 Train Time 24.501249313354492s

2025-10-27 23:55:44,936 | INFO | Training epoch 384, Batch 1000/1000: LR=9.13e-05, Loss=1.84e-02 BER=7.16e-03 FER=1.73e-01
2025-10-27 23:55:44,989 | INFO | Epoch 384 Train Time 25.26419496536255s

2025-10-27 23:56:12,273 | INFO | Training epoch 385, Batch 1000/1000: LR=9.13e-05, Loss=1.83e-02 BER=7.11e-03 FER=1.73e-01
2025-10-27 23:56:12,314 | INFO | Epoch 385 Train Time 27.32406973838806s

2025-10-27 23:56:38,455 | INFO | Training epoch 386, Batch 1000/1000: LR=9.12e-05, Loss=1.83e-02 BER=7.14e-03 FER=1.72e-01
2025-10-27 23:56:38,509 | INFO | Epoch 386 Train Time 26.194216012954712s

2025-10-27 23:57:04,567 | INFO | Training epoch 387, Batch 1000/1000: LR=9.12e-05, Loss=1.84e-02 BER=7.22e-03 FER=1.74e-01
2025-10-27 23:57:04,613 | INFO | Epoch 387 Train Time 26.103841543197632s

2025-10-27 23:57:31,669 | INFO | Training epoch 388, Batch 1000/1000: LR=9.11e-05, Loss=1.81e-02 BER=7.02e-03 FER=1.71e-01
2025-10-27 23:57:31,739 | INFO | Epoch 388 Train Time 27.12508797645569s

2025-10-27 23:57:57,535 | INFO | Training epoch 389, Batch 1000/1000: LR=9.11e-05, Loss=1.85e-02 BER=7.21e-03 FER=1.74e-01
2025-10-27 23:57:57,575 | INFO | Epoch 389 Train Time 25.834625244140625s

2025-10-27 23:58:22,970 | INFO | Training epoch 390, Batch 1000/1000: LR=9.10e-05, Loss=1.83e-02 BER=7.16e-03 FER=1.73e-01
2025-10-27 23:58:23,020 | INFO | Epoch 390 Train Time 25.4432053565979s

2025-10-27 23:58:49,878 | INFO | Training epoch 391, Batch 1000/1000: LR=9.10e-05, Loss=1.83e-02 BER=7.11e-03 FER=1.72e-01
2025-10-27 23:58:49,928 | INFO | Epoch 391 Train Time 26.908021211624146s

2025-10-27 23:59:15,523 | INFO | Training epoch 392, Batch 1000/1000: LR=9.10e-05, Loss=1.84e-02 BER=7.16e-03 FER=1.74e-01
2025-10-27 23:59:15,576 | INFO | Epoch 392 Train Time 25.64666724205017s

2025-10-27 23:59:43,121 | INFO | Training epoch 393, Batch 1000/1000: LR=9.09e-05, Loss=1.85e-02 BER=7.20e-03 FER=1.73e-01
2025-10-27 23:59:43,175 | INFO | Epoch 393 Train Time 27.59837317466736s

2025-10-28 00:00:10,337 | INFO | Training epoch 394, Batch 1000/1000: LR=9.09e-05, Loss=1.84e-02 BER=7.20e-03 FER=1.74e-01
2025-10-28 00:00:10,384 | INFO | Epoch 394 Train Time 27.208508491516113s

2025-10-28 00:00:38,251 | INFO | Training epoch 395, Batch 1000/1000: LR=9.08e-05, Loss=1.83e-02 BER=7.13e-03 FER=1.72e-01
2025-10-28 00:00:38,290 | INFO | Epoch 395 Train Time 27.90476417541504s

2025-10-28 00:01:05,771 | INFO | Training epoch 396, Batch 1000/1000: LR=9.08e-05, Loss=1.82e-02 BER=7.09e-03 FER=1.71e-01
2025-10-28 00:01:05,824 | INFO | Epoch 396 Train Time 27.532461881637573s

2025-10-28 00:01:30,758 | INFO | Training epoch 397, Batch 1000/1000: LR=9.07e-05, Loss=1.84e-02 BER=7.18e-03 FER=1.73e-01
2025-10-28 00:01:30,803 | INFO | Epoch 397 Train Time 24.979275941848755s

2025-10-28 00:01:58,592 | INFO | Training epoch 398, Batch 1000/1000: LR=9.07e-05, Loss=1.83e-02 BER=7.13e-03 FER=1.72e-01
2025-10-28 00:01:58,641 | INFO | Epoch 398 Train Time 27.83627939224243s

2025-10-28 00:02:24,084 | INFO | Training epoch 399, Batch 1000/1000: LR=9.06e-05, Loss=1.83e-02 BER=7.15e-03 FER=1.72e-01
2025-10-28 00:02:24,132 | INFO | Epoch 399 Train Time 25.491093635559082s

2025-10-28 00:02:50,377 | INFO | Training epoch 400, Batch 1000/1000: LR=9.06e-05, Loss=1.84e-02 BER=7.17e-03 FER=1.74e-01
2025-10-28 00:02:50,427 | INFO | Epoch 400 Train Time 26.294255018234253s

2025-10-28 00:03:16,550 | INFO | Training epoch 401, Batch 1000/1000: LR=9.05e-05, Loss=1.81e-02 BER=7.04e-03 FER=1.70e-01
2025-10-28 00:03:16,606 | INFO | Epoch 401 Train Time 26.178595304489136s

2025-10-28 00:03:41,707 | INFO | Training epoch 402, Batch 1000/1000: LR=9.05e-05, Loss=1.83e-02 BER=7.10e-03 FER=1.71e-01
2025-10-28 00:03:41,756 | INFO | Epoch 402 Train Time 25.148667335510254s

2025-10-28 00:04:08,255 | INFO | Training epoch 403, Batch 1000/1000: LR=9.05e-05, Loss=1.84e-02 BER=7.16e-03 FER=1.73e-01
2025-10-28 00:04:08,309 | INFO | Epoch 403 Train Time 26.55252456665039s

2025-10-28 00:04:34,182 | INFO | Training epoch 404, Batch 1000/1000: LR=9.04e-05, Loss=1.83e-02 BER=7.13e-03 FER=1.72e-01
2025-10-28 00:04:34,237 | INFO | Epoch 404 Train Time 25.927842140197754s

2025-10-28 00:05:00,153 | INFO | Training epoch 405, Batch 1000/1000: LR=9.04e-05, Loss=1.85e-02 BER=7.19e-03 FER=1.74e-01
2025-10-28 00:05:00,188 | INFO | Epoch 405 Train Time 25.950353384017944s

2025-10-28 00:05:26,888 | INFO | Training epoch 406, Batch 1000/1000: LR=9.03e-05, Loss=1.83e-02 BER=7.08e-03 FER=1.71e-01
2025-10-28 00:05:26,932 | INFO | Epoch 406 Train Time 26.743311166763306s

2025-10-28 00:05:52,911 | INFO | Training epoch 407, Batch 1000/1000: LR=9.03e-05, Loss=1.83e-02 BER=7.10e-03 FER=1.72e-01
2025-10-28 00:05:52,963 | INFO | Epoch 407 Train Time 26.029848098754883s

2025-10-28 00:06:19,723 | INFO | Training epoch 408, Batch 1000/1000: LR=9.02e-05, Loss=1.84e-02 BER=7.19e-03 FER=1.74e-01
2025-10-28 00:06:19,764 | INFO | Epoch 408 Train Time 26.800585985183716s

2025-10-28 00:06:45,285 | INFO | Training epoch 409, Batch 1000/1000: LR=9.02e-05, Loss=1.85e-02 BER=7.15e-03 FER=1.74e-01
2025-10-28 00:06:45,328 | INFO | Epoch 409 Train Time 25.56342387199402s

2025-10-28 00:07:10,409 | INFO | Training epoch 410, Batch 1000/1000: LR=9.01e-05, Loss=1.83e-02 BER=7.10e-03 FER=1.72e-01
2025-10-28 00:07:10,450 | INFO | Epoch 410 Train Time 25.121541500091553s

2025-10-28 00:07:36,406 | INFO | Training epoch 411, Batch 1000/1000: LR=9.01e-05, Loss=1.84e-02 BER=7.14e-03 FER=1.73e-01
2025-10-28 00:07:36,459 | INFO | Epoch 411 Train Time 26.008870124816895s

2025-10-28 00:08:04,294 | INFO | Training epoch 412, Batch 1000/1000: LR=9.00e-05, Loss=1.86e-02 BER=7.24e-03 FER=1.74e-01
2025-10-28 00:08:04,348 | INFO | Epoch 412 Train Time 27.888654470443726s

2025-10-28 00:08:31,222 | INFO | Training epoch 413, Batch 1000/1000: LR=9.00e-05, Loss=1.83e-02 BER=7.13e-03 FER=1.73e-01
2025-10-28 00:08:31,265 | INFO | Epoch 413 Train Time 26.916090726852417s

2025-10-28 00:08:55,536 | INFO | Training epoch 414, Batch 1000/1000: LR=8.99e-05, Loss=1.83e-02 BER=7.11e-03 FER=1.72e-01
2025-10-28 00:08:55,592 | INFO | Epoch 414 Train Time 24.32647728919983s

2025-10-28 00:09:21,976 | INFO | Training epoch 415, Batch 1000/1000: LR=8.99e-05, Loss=1.83e-02 BER=7.14e-03 FER=1.73e-01
2025-10-28 00:09:22,019 | INFO | Epoch 415 Train Time 26.425840616226196s

2025-10-28 00:09:47,871 | INFO | Training epoch 416, Batch 1000/1000: LR=8.98e-05, Loss=1.83e-02 BER=7.15e-03 FER=1.72e-01
2025-10-28 00:09:47,922 | INFO | Epoch 416 Train Time 25.90303111076355s

2025-10-28 00:10:11,769 | INFO | Training epoch 417, Batch 1000/1000: LR=8.98e-05, Loss=1.82e-02 BER=7.09e-03 FER=1.73e-01
2025-10-28 00:10:11,819 | INFO | Epoch 417 Train Time 23.895522832870483s

2025-10-28 00:10:37,434 | INFO | Training epoch 418, Batch 1000/1000: LR=8.98e-05, Loss=1.85e-02 BER=7.21e-03 FER=1.74e-01
2025-10-28 00:10:37,483 | INFO | Epoch 418 Train Time 25.663570404052734s

2025-10-28 00:11:03,380 | INFO | Training epoch 419, Batch 1000/1000: LR=8.97e-05, Loss=1.84e-02 BER=7.18e-03 FER=1.73e-01
2025-10-28 00:11:03,432 | INFO | Epoch 419 Train Time 25.948651552200317s

2025-10-28 00:11:30,295 | INFO | Training epoch 420, Batch 1000/1000: LR=8.97e-05, Loss=1.84e-02 BER=7.17e-03 FER=1.72e-01
2025-10-28 00:11:30,352 | INFO | Epoch 420 Train Time 26.919418811798096s

2025-10-28 00:11:55,964 | INFO | Training epoch 421, Batch 1000/1000: LR=8.96e-05, Loss=1.83e-02 BER=7.09e-03 FER=1.71e-01
2025-10-28 00:11:56,015 | INFO | Epoch 421 Train Time 25.661738395690918s

2025-10-28 00:12:21,139 | INFO | Training epoch 422, Batch 1000/1000: LR=8.96e-05, Loss=1.84e-02 BER=7.15e-03 FER=1.72e-01
2025-10-28 00:12:21,186 | INFO | Epoch 422 Train Time 25.170656442642212s

2025-10-28 00:12:46,705 | INFO | Training epoch 423, Batch 1000/1000: LR=8.95e-05, Loss=1.84e-02 BER=7.18e-03 FER=1.74e-01
2025-10-28 00:12:46,755 | INFO | Epoch 423 Train Time 25.568682432174683s

2025-10-28 00:13:12,719 | INFO | Training epoch 424, Batch 1000/1000: LR=8.95e-05, Loss=1.85e-02 BER=7.22e-03 FER=1.74e-01
2025-10-28 00:13:12,764 | INFO | Epoch 424 Train Time 26.00866675376892s

2025-10-28 00:13:38,215 | INFO | Training epoch 425, Batch 1000/1000: LR=8.94e-05, Loss=1.82e-02 BER=7.06e-03 FER=1.71e-01
2025-10-28 00:13:38,262 | INFO | Epoch 425 Train Time 25.496788501739502s

2025-10-28 00:14:03,569 | INFO | Training epoch 426, Batch 1000/1000: LR=8.94e-05, Loss=1.82e-02 BER=7.07e-03 FER=1.71e-01
2025-10-28 00:14:03,621 | INFO | Epoch 426 Train Time 25.358856916427612s

2025-10-28 00:14:29,351 | INFO | Training epoch 427, Batch 1000/1000: LR=8.93e-05, Loss=1.83e-02 BER=7.14e-03 FER=1.73e-01
2025-10-28 00:14:29,402 | INFO | Epoch 427 Train Time 25.780529499053955s

2025-10-28 00:14:55,455 | INFO | Training epoch 428, Batch 1000/1000: LR=8.93e-05, Loss=1.82e-02 BER=7.09e-03 FER=1.71e-01
2025-10-28 00:14:55,493 | INFO | Epoch 428 Train Time 26.089725255966187s

2025-10-28 00:15:21,432 | INFO | Training epoch 429, Batch 1000/1000: LR=8.92e-05, Loss=1.84e-02 BER=7.17e-03 FER=1.73e-01
2025-10-28 00:15:21,475 | INFO | Epoch 429 Train Time 25.981428384780884s

2025-10-28 00:15:47,677 | INFO | Training epoch 430, Batch 1000/1000: LR=8.92e-05, Loss=1.84e-02 BER=7.15e-03 FER=1.73e-01
2025-10-28 00:15:47,724 | INFO | Epoch 430 Train Time 26.248971700668335s

2025-10-28 00:16:13,251 | INFO | Training epoch 431, Batch 1000/1000: LR=8.91e-05, Loss=1.84e-02 BER=7.16e-03 FER=1.72e-01
2025-10-28 00:16:13,293 | INFO | Epoch 431 Train Time 25.567750692367554s

2025-10-28 00:16:38,852 | INFO | Training epoch 432, Batch 1000/1000: LR=8.91e-05, Loss=1.83e-02 BER=7.10e-03 FER=1.72e-01
2025-10-28 00:16:38,896 | INFO | Epoch 432 Train Time 25.602869749069214s

2025-10-28 00:17:05,493 | INFO | Training epoch 433, Batch 1000/1000: LR=8.90e-05, Loss=1.84e-02 BER=7.16e-03 FER=1.73e-01
2025-10-28 00:17:05,552 | INFO | Epoch 433 Train Time 26.654259204864502s

2025-10-28 00:17:32,196 | INFO | Training epoch 434, Batch 1000/1000: LR=8.90e-05, Loss=1.81e-02 BER=7.06e-03 FER=1.71e-01
2025-10-28 00:17:32,252 | INFO | Epoch 434 Train Time 26.699978351593018s

2025-10-28 00:17:57,830 | INFO | Training epoch 435, Batch 1000/1000: LR=8.89e-05, Loss=1.83e-02 BER=7.14e-03 FER=1.73e-01
2025-10-28 00:17:57,874 | INFO | Epoch 435 Train Time 25.621530532836914s

2025-10-28 00:18:24,565 | INFO | Training epoch 436, Batch 1000/1000: LR=8.89e-05, Loss=1.82e-02 BER=7.09e-03 FER=1.71e-01
2025-10-28 00:18:24,600 | INFO | Epoch 436 Train Time 26.72504758834839s

2025-10-28 00:18:49,697 | INFO | Training epoch 437, Batch 1000/1000: LR=8.88e-05, Loss=1.81e-02 BER=7.09e-03 FER=1.72e-01
2025-10-28 00:18:49,749 | INFO | Epoch 437 Train Time 25.149055242538452s

2025-10-28 00:19:15,380 | INFO | Training epoch 438, Batch 1000/1000: LR=8.88e-05, Loss=1.80e-02 BER=7.02e-03 FER=1.69e-01
2025-10-28 00:19:15,433 | INFO | Epoch 438 Train Time 25.682801246643066s

2025-10-28 00:19:40,234 | INFO | Training epoch 439, Batch 1000/1000: LR=8.87e-05, Loss=1.83e-02 BER=7.11e-03 FER=1.72e-01
2025-10-28 00:19:40,278 | INFO | Epoch 439 Train Time 24.844866037368774s

2025-10-28 00:20:06,454 | INFO | Training epoch 440, Batch 1000/1000: LR=8.87e-05, Loss=1.83e-02 BER=7.12e-03 FER=1.71e-01
2025-10-28 00:20:06,492 | INFO | Epoch 440 Train Time 26.21380376815796s

2025-10-28 00:20:32,142 | INFO | Training epoch 441, Batch 1000/1000: LR=8.86e-05, Loss=1.83e-02 BER=7.13e-03 FER=1.71e-01
2025-10-28 00:20:32,180 | INFO | Epoch 441 Train Time 25.687264680862427s

2025-10-28 00:20:58,026 | INFO | Training epoch 442, Batch 1000/1000: LR=8.86e-05, Loss=1.83e-02 BER=7.11e-03 FER=1.71e-01
2025-10-28 00:20:58,080 | INFO | Epoch 442 Train Time 25.899624586105347s

2025-10-28 00:21:24,775 | INFO | Training epoch 443, Batch 1000/1000: LR=8.85e-05, Loss=1.82e-02 BER=7.08e-03 FER=1.71e-01
2025-10-28 00:21:24,817 | INFO | Epoch 443 Train Time 26.73583221435547s

2025-10-28 00:21:52,074 | INFO | Training epoch 444, Batch 1000/1000: LR=8.85e-05, Loss=1.82e-02 BER=7.10e-03 FER=1.72e-01
2025-10-28 00:21:52,116 | INFO | Epoch 444 Train Time 27.298484802246094s

2025-10-28 00:22:16,821 | INFO | Training epoch 445, Batch 1000/1000: LR=8.84e-05, Loss=1.83e-02 BER=7.11e-03 FER=1.72e-01
2025-10-28 00:22:16,859 | INFO | Epoch 445 Train Time 24.743029594421387s

2025-10-28 00:22:44,076 | INFO | Training epoch 446, Batch 1000/1000: LR=8.84e-05, Loss=1.83e-02 BER=7.11e-03 FER=1.71e-01
2025-10-28 00:22:44,130 | INFO | Epoch 446 Train Time 27.269551753997803s

2025-10-28 00:23:10,469 | INFO | Training epoch 447, Batch 1000/1000: LR=8.83e-05, Loss=1.84e-02 BER=7.18e-03 FER=1.73e-01
2025-10-28 00:23:10,522 | INFO | Epoch 447 Train Time 26.39213490486145s

2025-10-28 00:23:37,080 | INFO | Training epoch 448, Batch 1000/1000: LR=8.83e-05, Loss=1.86e-02 BER=7.23e-03 FER=1.74e-01
2025-10-28 00:23:37,124 | INFO | Epoch 448 Train Time 26.600176334381104s

2025-10-28 00:24:01,840 | INFO | Training epoch 449, Batch 1000/1000: LR=8.82e-05, Loss=1.82e-02 BER=7.03e-03 FER=1.70e-01
2025-10-28 00:24:01,880 | INFO | Epoch 449 Train Time 24.75608229637146s

2025-10-28 00:24:28,472 | INFO | Training epoch 450, Batch 1000/1000: LR=8.82e-05, Loss=1.84e-02 BER=7.16e-03 FER=1.72e-01
2025-10-28 00:24:28,517 | INFO | Epoch 450 Train Time 26.635623455047607s

2025-10-28 00:24:53,645 | INFO | Training epoch 451, Batch 1000/1000: LR=8.81e-05, Loss=1.83e-02 BER=7.09e-03 FER=1.72e-01
2025-10-28 00:24:53,706 | INFO | Epoch 451 Train Time 25.188645362854004s

2025-10-28 00:25:21,627 | INFO | Training epoch 452, Batch 1000/1000: LR=8.81e-05, Loss=1.84e-02 BER=7.13e-03 FER=1.72e-01
2025-10-28 00:25:21,671 | INFO | Epoch 452 Train Time 27.964417457580566s

2025-10-28 00:25:48,566 | INFO | Training epoch 453, Batch 1000/1000: LR=8.80e-05, Loss=1.84e-02 BER=7.16e-03 FER=1.74e-01
2025-10-28 00:25:48,616 | INFO | Epoch 453 Train Time 26.944746732711792s

2025-10-28 00:26:15,669 | INFO | Training epoch 454, Batch 1000/1000: LR=8.80e-05, Loss=1.82e-02 BER=7.03e-03 FER=1.71e-01
2025-10-28 00:26:15,716 | INFO | Epoch 454 Train Time 27.099847316741943s

2025-10-28 00:26:42,670 | INFO | Training epoch 455, Batch 1000/1000: LR=8.79e-05, Loss=1.82e-02 BER=7.09e-03 FER=1.71e-01
2025-10-28 00:26:42,722 | INFO | Epoch 455 Train Time 27.005433082580566s

2025-10-28 00:27:08,453 | INFO | Training epoch 456, Batch 1000/1000: LR=8.79e-05, Loss=1.83e-02 BER=7.09e-03 FER=1.72e-01
2025-10-28 00:27:08,487 | INFO | Epoch 456 Train Time 25.76424789428711s

2025-10-28 00:27:33,856 | INFO | Training epoch 457, Batch 1000/1000: LR=8.78e-05, Loss=1.84e-02 BER=7.17e-03 FER=1.73e-01
2025-10-28 00:27:33,892 | INFO | Epoch 457 Train Time 25.404200553894043s

2025-10-28 00:27:59,257 | INFO | Training epoch 458, Batch 1000/1000: LR=8.78e-05, Loss=1.81e-02 BER=7.03e-03 FER=1.70e-01
2025-10-28 00:27:59,292 | INFO | Epoch 458 Train Time 25.399574279785156s

2025-10-28 00:28:23,637 | INFO | Training epoch 459, Batch 1000/1000: LR=8.77e-05, Loss=1.79e-02 BER=6.99e-03 FER=1.69e-01
2025-10-28 00:28:23,677 | INFO | Epoch 459 Train Time 24.38403296470642s

2025-10-28 00:28:23,677 | INFO | [P2] saving best_model (QAT) with loss 0.017910 at epoch 459
2025-10-28 00:28:51,270 | INFO | Training epoch 460, Batch 1000/1000: LR=8.77e-05, Loss=1.83e-02 BER=7.11e-03 FER=1.72e-01
2025-10-28 00:28:51,314 | INFO | Epoch 460 Train Time 27.627073526382446s

2025-10-28 00:29:16,504 | INFO | Training epoch 461, Batch 1000/1000: LR=8.76e-05, Loss=1.83e-02 BER=7.11e-03 FER=1.72e-01
2025-10-28 00:29:16,554 | INFO | Epoch 461 Train Time 25.238871812820435s

2025-10-28 00:29:41,997 | INFO | Training epoch 462, Batch 1000/1000: LR=8.76e-05, Loss=1.83e-02 BER=7.14e-03 FER=1.71e-01
2025-10-28 00:29:42,048 | INFO | Epoch 462 Train Time 25.494049787521362s

2025-10-28 00:30:09,254 | INFO | Training epoch 463, Batch 1000/1000: LR=8.75e-05, Loss=1.85e-02 BER=7.20e-03 FER=1.73e-01
2025-10-28 00:30:09,314 | INFO | Epoch 463 Train Time 27.2652530670166s

2025-10-28 00:30:35,043 | INFO | Training epoch 464, Batch 1000/1000: LR=8.75e-05, Loss=1.82e-02 BER=7.07e-03 FER=1.71e-01
2025-10-28 00:30:35,089 | INFO | Epoch 464 Train Time 25.77414631843567s

2025-10-28 00:31:01,607 | INFO | Training epoch 465, Batch 1000/1000: LR=8.74e-05, Loss=1.84e-02 BER=7.19e-03 FER=1.73e-01
2025-10-28 00:31:01,662 | INFO | Epoch 465 Train Time 26.572258710861206s

2025-10-28 00:31:26,841 | INFO | Training epoch 466, Batch 1000/1000: LR=8.74e-05, Loss=1.83e-02 BER=7.13e-03 FER=1.72e-01
2025-10-28 00:31:26,882 | INFO | Epoch 466 Train Time 25.219016075134277s

2025-10-28 00:31:53,966 | INFO | Training epoch 467, Batch 1000/1000: LR=8.73e-05, Loss=1.82e-02 BER=7.12e-03 FER=1.73e-01
2025-10-28 00:31:54,016 | INFO | Epoch 467 Train Time 27.134056091308594s

2025-10-28 00:32:20,417 | INFO | Training epoch 468, Batch 1000/1000: LR=8.73e-05, Loss=1.83e-02 BER=7.15e-03 FER=1.72e-01
2025-10-28 00:32:20,459 | INFO | Epoch 468 Train Time 26.44198179244995s

2025-10-28 00:32:46,482 | INFO | Training epoch 469, Batch 1000/1000: LR=8.72e-05, Loss=1.80e-02 BER=7.02e-03 FER=1.69e-01
2025-10-28 00:32:46,527 | INFO | Epoch 469 Train Time 26.067562580108643s

2025-10-28 00:33:12,161 | INFO | Training epoch 470, Batch 1000/1000: LR=8.72e-05, Loss=1.83e-02 BER=7.13e-03 FER=1.72e-01
2025-10-28 00:33:12,217 | INFO | Epoch 470 Train Time 25.689372539520264s

2025-10-28 00:33:37,547 | INFO | Training epoch 471, Batch 1000/1000: LR=8.71e-05, Loss=1.84e-02 BER=7.16e-03 FER=1.73e-01
2025-10-28 00:33:37,602 | INFO | Epoch 471 Train Time 25.384234189987183s

2025-10-28 00:34:03,643 | INFO | Training epoch 472, Batch 1000/1000: LR=8.71e-05, Loss=1.86e-02 BER=7.21e-03 FER=1.74e-01
2025-10-28 00:34:03,698 | INFO | Epoch 472 Train Time 26.095212697982788s

2025-10-28 00:34:30,815 | INFO | Training epoch 473, Batch 1000/1000: LR=8.70e-05, Loss=1.82e-02 BER=7.11e-03 FER=1.71e-01
2025-10-28 00:34:30,871 | INFO | Epoch 473 Train Time 27.172729969024658s

2025-10-28 00:34:56,702 | INFO | Training epoch 474, Batch 1000/1000: LR=8.70e-05, Loss=1.83e-02 BER=7.12e-03 FER=1.72e-01
2025-10-28 00:34:56,755 | INFO | Epoch 474 Train Time 25.883576154708862s

2025-10-28 00:35:22,973 | INFO | Training epoch 475, Batch 1000/1000: LR=8.69e-05, Loss=1.82e-02 BER=7.07e-03 FER=1.71e-01
2025-10-28 00:35:23,023 | INFO | Epoch 475 Train Time 26.26708149909973s

2025-10-28 00:35:49,356 | INFO | Training epoch 476, Batch 1000/1000: LR=8.68e-05, Loss=1.82e-02 BER=7.10e-03 FER=1.71e-01
2025-10-28 00:35:49,404 | INFO | Epoch 476 Train Time 26.38002872467041s

2025-10-28 00:36:16,014 | INFO | Training epoch 477, Batch 1000/1000: LR=8.68e-05, Loss=1.80e-02 BER=6.99e-03 FER=1.69e-01
2025-10-28 00:36:16,065 | INFO | Epoch 477 Train Time 26.661055326461792s

2025-10-28 00:36:42,657 | INFO | Training epoch 478, Batch 1000/1000: LR=8.67e-05, Loss=1.83e-02 BER=7.11e-03 FER=1.72e-01
2025-10-28 00:36:42,708 | INFO | Epoch 478 Train Time 26.641770362854004s

2025-10-28 00:37:07,266 | INFO | Training epoch 479, Batch 1000/1000: LR=8.67e-05, Loss=1.80e-02 BER=7.02e-03 FER=1.70e-01
2025-10-28 00:37:07,317 | INFO | Epoch 479 Train Time 24.60874104499817s

2025-10-28 00:37:32,437 | INFO | Training epoch 480, Batch 1000/1000: LR=8.66e-05, Loss=1.83e-02 BER=7.08e-03 FER=1.72e-01
2025-10-28 00:37:32,491 | INFO | Epoch 480 Train Time 25.173478841781616s

2025-10-28 00:37:58,738 | INFO | Training epoch 481, Batch 1000/1000: LR=8.66e-05, Loss=1.84e-02 BER=7.18e-03 FER=1.73e-01
2025-10-28 00:37:58,777 | INFO | Epoch 481 Train Time 26.284550666809082s

2025-10-28 00:38:27,037 | INFO | Training epoch 482, Batch 1000/1000: LR=8.65e-05, Loss=1.83e-02 BER=7.12e-03 FER=1.72e-01
2025-10-28 00:38:27,082 | INFO | Epoch 482 Train Time 28.304304599761963s

2025-10-28 00:38:54,061 | INFO | Training epoch 483, Batch 1000/1000: LR=8.65e-05, Loss=1.83e-02 BER=7.10e-03 FER=1.72e-01
2025-10-28 00:38:54,098 | INFO | Epoch 483 Train Time 27.01512336730957s

2025-10-28 00:39:20,345 | INFO | Training epoch 484, Batch 1000/1000: LR=8.64e-05, Loss=1.84e-02 BER=7.18e-03 FER=1.73e-01
2025-10-28 00:39:20,400 | INFO | Epoch 484 Train Time 26.30147385597229s

2025-10-28 00:39:47,184 | INFO | Training epoch 485, Batch 1000/1000: LR=8.64e-05, Loss=1.83e-02 BER=7.15e-03 FER=1.73e-01
2025-10-28 00:39:47,236 | INFO | Epoch 485 Train Time 26.835774660110474s

2025-10-28 00:40:12,392 | INFO | Training epoch 486, Batch 1000/1000: LR=8.63e-05, Loss=1.82e-02 BER=7.08e-03 FER=1.71e-01
2025-10-28 00:40:12,433 | INFO | Epoch 486 Train Time 25.196655988693237s

2025-10-28 00:40:36,976 | INFO | Training epoch 487, Batch 1000/1000: LR=8.63e-05, Loss=1.83e-02 BER=7.17e-03 FER=1.72e-01
2025-10-28 00:40:37,024 | INFO | Epoch 487 Train Time 24.5900399684906s

2025-10-28 00:41:03,218 | INFO | Training epoch 488, Batch 1000/1000: LR=8.62e-05, Loss=1.81e-02 BER=7.10e-03 FER=1.71e-01
2025-10-28 00:41:03,256 | INFO | Epoch 488 Train Time 26.23195505142212s

2025-10-28 00:41:29,829 | INFO | Training epoch 489, Batch 1000/1000: LR=8.62e-05, Loss=1.85e-02 BER=7.21e-03 FER=1.74e-01
2025-10-28 00:41:29,870 | INFO | Epoch 489 Train Time 26.61268925666809s

2025-10-28 00:41:55,553 | INFO | Training epoch 490, Batch 1000/1000: LR=8.61e-05, Loss=1.81e-02 BER=7.06e-03 FER=1.71e-01
2025-10-28 00:41:55,604 | INFO | Epoch 490 Train Time 25.73145031929016s

2025-10-28 00:42:23,249 | INFO | Training epoch 491, Batch 1000/1000: LR=8.60e-05, Loss=1.82e-02 BER=7.08e-03 FER=1.71e-01
2025-10-28 00:42:23,312 | INFO | Epoch 491 Train Time 27.7068829536438s

2025-10-28 00:42:48,427 | INFO | Training epoch 492, Batch 1000/1000: LR=8.60e-05, Loss=1.81e-02 BER=7.04e-03 FER=1.70e-01
2025-10-28 00:42:48,466 | INFO | Epoch 492 Train Time 25.154067516326904s

2025-10-28 00:43:14,535 | INFO | Training epoch 493, Batch 1000/1000: LR=8.59e-05, Loss=1.83e-02 BER=7.13e-03 FER=1.72e-01
2025-10-28 00:43:14,586 | INFO | Epoch 493 Train Time 26.1194269657135s

2025-10-28 00:43:39,998 | INFO | Training epoch 494, Batch 1000/1000: LR=8.59e-05, Loss=1.81e-02 BER=7.03e-03 FER=1.69e-01
2025-10-28 00:43:40,050 | INFO | Epoch 494 Train Time 25.463022470474243s

2025-10-28 00:44:05,814 | INFO | Training epoch 495, Batch 1000/1000: LR=8.58e-05, Loss=1.85e-02 BER=7.23e-03 FER=1.74e-01
2025-10-28 00:44:05,875 | INFO | Epoch 495 Train Time 25.824018239974976s

2025-10-28 00:44:32,349 | INFO | Training epoch 496, Batch 1000/1000: LR=8.58e-05, Loss=1.86e-02 BER=7.20e-03 FER=1.74e-01
2025-10-28 00:44:32,395 | INFO | Epoch 496 Train Time 26.519614458084106s

2025-10-28 00:45:00,924 | INFO | Training epoch 497, Batch 1000/1000: LR=8.57e-05, Loss=1.82e-02 BER=7.09e-03 FER=1.71e-01
2025-10-28 00:45:00,983 | INFO | Epoch 497 Train Time 28.587453603744507s

2025-10-28 00:45:26,579 | INFO | Training epoch 498, Batch 1000/1000: LR=8.57e-05, Loss=1.84e-02 BER=7.18e-03 FER=1.73e-01
2025-10-28 00:45:26,617 | INFO | Epoch 498 Train Time 25.633408308029175s

2025-10-28 00:45:50,770 | INFO | Training epoch 499, Batch 1000/1000: LR=8.56e-05, Loss=1.84e-02 BER=7.12e-03 FER=1.72e-01
2025-10-28 00:45:50,816 | INFO | Epoch 499 Train Time 24.19752049446106s

2025-10-28 00:46:17,055 | INFO | Training epoch 500, Batch 1000/1000: LR=8.56e-05, Loss=1.83e-02 BER=7.11e-03 FER=1.71e-01
2025-10-28 00:46:17,109 | INFO | Epoch 500 Train Time 26.29293966293335s

2025-10-28 00:46:42,554 | INFO | Training epoch 501, Batch 1000/1000: LR=8.55e-05, Loss=1.83e-02 BER=7.13e-03 FER=1.72e-01
2025-10-28 00:46:42,605 | INFO | Epoch 501 Train Time 25.495417833328247s

2025-10-28 00:47:07,459 | INFO | Training epoch 502, Batch 1000/1000: LR=8.54e-05, Loss=1.85e-02 BER=7.19e-03 FER=1.74e-01
2025-10-28 00:47:07,509 | INFO | Epoch 502 Train Time 24.90329074859619s

2025-10-28 00:47:33,251 | INFO | Training epoch 503, Batch 1000/1000: LR=8.54e-05, Loss=1.85e-02 BER=7.21e-03 FER=1.74e-01
2025-10-28 00:47:33,290 | INFO | Epoch 503 Train Time 25.77939486503601s

2025-10-28 00:48:00,019 | INFO | Training epoch 504, Batch 1000/1000: LR=8.53e-05, Loss=1.84e-02 BER=7.19e-03 FER=1.73e-01
2025-10-28 00:48:00,068 | INFO | Epoch 504 Train Time 26.77746891975403s

2025-10-28 00:48:26,259 | INFO | Training epoch 505, Batch 1000/1000: LR=8.53e-05, Loss=1.83e-02 BER=7.10e-03 FER=1.73e-01
2025-10-28 00:48:26,314 | INFO | Epoch 505 Train Time 26.24598503112793s

2025-10-28 00:48:50,943 | INFO | Training epoch 506, Batch 1000/1000: LR=8.52e-05, Loss=1.82e-02 BER=7.11e-03 FER=1.73e-01
2025-10-28 00:48:50,990 | INFO | Epoch 506 Train Time 24.67490291595459s

2025-10-28 00:49:17,648 | INFO | Training epoch 507, Batch 1000/1000: LR=8.52e-05, Loss=1.85e-02 BER=7.12e-03 FER=1.72e-01
2025-10-28 00:49:17,699 | INFO | Epoch 507 Train Time 26.708320379257202s

2025-10-28 00:49:42,634 | INFO | Training epoch 508, Batch 1000/1000: LR=8.51e-05, Loss=1.82e-02 BER=7.13e-03 FER=1.71e-01
2025-10-28 00:49:42,689 | INFO | Epoch 508 Train Time 24.98914647102356s

2025-10-28 00:50:07,260 | INFO | Training epoch 509, Batch 1000/1000: LR=8.51e-05, Loss=1.84e-02 BER=7.19e-03 FER=1.73e-01
2025-10-28 00:50:07,315 | INFO | Epoch 509 Train Time 24.624908685684204s

2025-10-28 00:50:32,685 | INFO | Training epoch 510, Batch 1000/1000: LR=8.50e-05, Loss=1.85e-02 BER=7.17e-03 FER=1.73e-01
2025-10-28 00:50:32,723 | INFO | Epoch 510 Train Time 25.407677173614502s

2025-10-28 00:50:58,151 | INFO | Training epoch 511, Batch 1000/1000: LR=8.49e-05, Loss=1.82e-02 BER=7.08e-03 FER=1.71e-01
2025-10-28 00:50:58,200 | INFO | Epoch 511 Train Time 25.476216793060303s

2025-10-28 00:51:25,050 | INFO | Training epoch 512, Batch 1000/1000: LR=8.49e-05, Loss=1.85e-02 BER=7.18e-03 FER=1.73e-01
2025-10-28 00:51:25,099 | INFO | Epoch 512 Train Time 26.897965669631958s

2025-10-28 00:51:51,366 | INFO | Training epoch 513, Batch 1000/1000: LR=8.48e-05, Loss=1.84e-02 BER=7.16e-03 FER=1.72e-01
2025-10-28 00:51:51,401 | INFO | Epoch 513 Train Time 26.302002906799316s

2025-10-28 00:52:17,596 | INFO | Training epoch 514, Batch 1000/1000: LR=8.48e-05, Loss=1.83e-02 BER=7.11e-03 FER=1.72e-01
2025-10-28 00:52:17,660 | INFO | Epoch 514 Train Time 26.258487939834595s

2025-10-28 00:52:43,613 | INFO | Training epoch 515, Batch 1000/1000: LR=8.47e-05, Loss=1.81e-02 BER=7.07e-03 FER=1.71e-01
2025-10-28 00:52:43,654 | INFO | Epoch 515 Train Time 25.992725133895874s

2025-10-28 00:53:10,131 | INFO | Training epoch 516, Batch 1000/1000: LR=8.47e-05, Loss=1.85e-02 BER=7.15e-03 FER=1.73e-01
2025-10-28 00:53:10,187 | INFO | Epoch 516 Train Time 26.53246521949768s

2025-10-28 00:53:35,226 | INFO | Training epoch 517, Batch 1000/1000: LR=8.46e-05, Loss=1.82e-02 BER=7.05e-03 FER=1.71e-01
2025-10-28 00:53:35,259 | INFO | Epoch 517 Train Time 25.07212209701538s

2025-10-28 00:54:00,486 | INFO | Training epoch 518, Batch 1000/1000: LR=8.46e-05, Loss=1.84e-02 BER=7.19e-03 FER=1.73e-01
2025-10-28 00:54:00,530 | INFO | Epoch 518 Train Time 25.270411491394043s

2025-10-28 00:54:27,487 | INFO | Training epoch 519, Batch 1000/1000: LR=8.45e-05, Loss=1.81e-02 BER=7.03e-03 FER=1.70e-01
2025-10-28 00:54:27,539 | INFO | Epoch 519 Train Time 27.008065223693848s

2025-10-28 00:54:53,630 | INFO | Training epoch 520, Batch 1000/1000: LR=8.44e-05, Loss=1.83e-02 BER=7.13e-03 FER=1.72e-01
2025-10-28 00:54:53,671 | INFO | Epoch 520 Train Time 26.1312255859375s

2025-10-28 00:55:20,848 | INFO | Training epoch 521, Batch 1000/1000: LR=8.44e-05, Loss=1.83e-02 BER=7.12e-03 FER=1.72e-01
2025-10-28 00:55:20,898 | INFO | Epoch 521 Train Time 27.226547241210938s

2025-10-28 00:55:46,824 | INFO | Training epoch 522, Batch 1000/1000: LR=8.43e-05, Loss=1.81e-02 BER=7.06e-03 FER=1.71e-01
2025-10-28 00:55:46,868 | INFO | Epoch 522 Train Time 25.970085620880127s

2025-10-28 00:56:12,662 | INFO | Training epoch 523, Batch 1000/1000: LR=8.43e-05, Loss=1.85e-02 BER=7.17e-03 FER=1.73e-01
2025-10-28 00:56:12,705 | INFO | Epoch 523 Train Time 25.835577487945557s

2025-10-28 00:56:38,618 | INFO | Training epoch 524, Batch 1000/1000: LR=8.42e-05, Loss=1.82e-02 BER=7.11e-03 FER=1.71e-01
2025-10-28 00:56:38,667 | INFO | Epoch 524 Train Time 25.961467504501343s

2025-10-28 00:57:02,441 | INFO | Training epoch 525, Batch 1000/1000: LR=8.42e-05, Loss=1.83e-02 BER=7.12e-03 FER=1.72e-01
2025-10-28 00:57:02,499 | INFO | Epoch 525 Train Time 23.83106780052185s

2025-10-28 00:57:30,826 | INFO | Training epoch 526, Batch 1000/1000: LR=8.41e-05, Loss=1.83e-02 BER=7.11e-03 FER=1.72e-01
2025-10-28 00:57:30,871 | INFO | Epoch 526 Train Time 28.37140464782715s

2025-10-28 00:57:56,784 | INFO | Training epoch 527, Batch 1000/1000: LR=8.40e-05, Loss=1.82e-02 BER=7.10e-03 FER=1.71e-01
2025-10-28 00:57:56,836 | INFO | Epoch 527 Train Time 25.96499800682068s

2025-10-28 00:58:23,128 | INFO | Training epoch 528, Batch 1000/1000: LR=8.40e-05, Loss=1.82e-02 BER=7.08e-03 FER=1.71e-01
2025-10-28 00:58:23,195 | INFO | Epoch 528 Train Time 26.357877492904663s

2025-10-28 00:58:48,987 | INFO | Training epoch 529, Batch 1000/1000: LR=8.39e-05, Loss=1.84e-02 BER=7.20e-03 FER=1.73e-01
2025-10-28 00:58:49,039 | INFO | Epoch 529 Train Time 25.843775272369385s

2025-10-28 00:59:15,753 | INFO | Training epoch 530, Batch 1000/1000: LR=8.39e-05, Loss=1.83e-02 BER=7.13e-03 FER=1.71e-01
2025-10-28 00:59:15,792 | INFO | Epoch 530 Train Time 26.752461910247803s

2025-10-28 00:59:41,166 | INFO | Training epoch 531, Batch 1000/1000: LR=8.38e-05, Loss=1.82e-02 BER=7.07e-03 FER=1.70e-01
2025-10-28 00:59:41,219 | INFO | Epoch 531 Train Time 25.426212549209595s

2025-10-28 01:00:05,531 | INFO | Training epoch 532, Batch 1000/1000: LR=8.38e-05, Loss=1.83e-02 BER=7.15e-03 FER=1.71e-01
2025-10-28 01:00:05,576 | INFO | Epoch 532 Train Time 24.355732679367065s

2025-10-28 01:00:30,753 | INFO | Training epoch 533, Batch 1000/1000: LR=8.37e-05, Loss=1.82e-02 BER=7.06e-03 FER=1.71e-01
2025-10-28 01:00:30,814 | INFO | Epoch 533 Train Time 25.237428426742554s

2025-10-28 01:00:57,587 | INFO | Training epoch 534, Batch 1000/1000: LR=8.36e-05, Loss=1.81e-02 BER=7.09e-03 FER=1.70e-01
2025-10-28 01:00:57,640 | INFO | Epoch 534 Train Time 26.825032234191895s

2025-10-28 01:01:23,576 | INFO | Training epoch 535, Batch 1000/1000: LR=8.36e-05, Loss=1.83e-02 BER=7.15e-03 FER=1.72e-01
2025-10-28 01:01:23,619 | INFO | Epoch 535 Train Time 25.978127241134644s

2025-10-28 01:01:49,512 | INFO | Training epoch 536, Batch 1000/1000: LR=8.35e-05, Loss=1.82e-02 BER=7.11e-03 FER=1.71e-01
2025-10-28 01:01:49,546 | INFO | Epoch 536 Train Time 25.926472902297974s

2025-10-28 01:02:16,287 | INFO | Training epoch 537, Batch 1000/1000: LR=8.35e-05, Loss=1.82e-02 BER=7.07e-03 FER=1.70e-01
2025-10-28 01:02:16,330 | INFO | Epoch 537 Train Time 26.783071041107178s

2025-10-28 01:02:41,902 | INFO | Training epoch 538, Batch 1000/1000: LR=8.34e-05, Loss=1.83e-02 BER=7.05e-03 FER=1.72e-01
2025-10-28 01:02:41,955 | INFO | Epoch 538 Train Time 25.625037908554077s

2025-10-28 01:03:08,513 | INFO | Training epoch 539, Batch 1000/1000: LR=8.34e-05, Loss=1.82e-02 BER=7.10e-03 FER=1.71e-01
2025-10-28 01:03:08,566 | INFO | Epoch 539 Train Time 26.61005210876465s

2025-10-28 01:03:33,790 | INFO | Training epoch 540, Batch 1000/1000: LR=8.33e-05, Loss=1.81e-02 BER=7.03e-03 FER=1.70e-01
2025-10-28 01:03:33,842 | INFO | Epoch 540 Train Time 25.275712966918945s

2025-10-28 01:04:00,662 | INFO | Training epoch 541, Batch 1000/1000: LR=8.32e-05, Loss=1.80e-02 BER=7.04e-03 FER=1.70e-01
2025-10-28 01:04:00,717 | INFO | Epoch 541 Train Time 26.873982906341553s

2025-10-28 01:04:26,296 | INFO | Training epoch 542, Batch 1000/1000: LR=8.32e-05, Loss=1.80e-02 BER=7.04e-03 FER=1.71e-01
2025-10-28 01:04:26,333 | INFO | Epoch 542 Train Time 25.615069150924683s

2025-10-28 01:04:54,246 | INFO | Training epoch 543, Batch 1000/1000: LR=8.31e-05, Loss=1.81e-02 BER=7.06e-03 FER=1.71e-01
2025-10-28 01:04:54,291 | INFO | Epoch 543 Train Time 27.95748782157898s

2025-10-28 01:05:19,783 | INFO | Training epoch 544, Batch 1000/1000: LR=8.31e-05, Loss=1.83e-02 BER=7.13e-03 FER=1.71e-01
2025-10-28 01:05:19,835 | INFO | Epoch 544 Train Time 25.542636156082153s

2025-10-28 01:05:45,020 | INFO | Training epoch 545, Batch 1000/1000: LR=8.30e-05, Loss=1.84e-02 BER=7.17e-03 FER=1.72e-01
2025-10-28 01:05:45,064 | INFO | Epoch 545 Train Time 25.228489875793457s

2025-10-28 01:06:12,508 | INFO | Training epoch 546, Batch 1000/1000: LR=8.29e-05, Loss=1.83e-02 BER=7.13e-03 FER=1.71e-01
2025-10-28 01:06:12,555 | INFO | Epoch 546 Train Time 27.490630388259888s

2025-10-28 01:06:37,970 | INFO | Training epoch 547, Batch 1000/1000: LR=8.29e-05, Loss=1.82e-02 BER=7.09e-03 FER=1.71e-01
2025-10-28 01:06:38,026 | INFO | Epoch 547 Train Time 25.469768524169922s

2025-10-28 01:07:03,490 | INFO | Training epoch 548, Batch 1000/1000: LR=8.28e-05, Loss=1.82e-02 BER=7.10e-03 FER=1.71e-01
2025-10-28 01:07:03,533 | INFO | Epoch 548 Train Time 25.506980180740356s

2025-10-28 01:07:28,713 | INFO | Training epoch 549, Batch 1000/1000: LR=8.28e-05, Loss=1.81e-02 BER=7.03e-03 FER=1.70e-01
2025-10-28 01:07:28,755 | INFO | Epoch 549 Train Time 25.221224546432495s

2025-10-28 01:07:53,858 | INFO | Training epoch 550, Batch 1000/1000: LR=8.27e-05, Loss=1.83e-02 BER=7.14e-03 FER=1.72e-01
2025-10-28 01:07:53,898 | INFO | Epoch 550 Train Time 25.142786741256714s

2025-10-28 01:08:18,979 | INFO | Training epoch 551, Batch 1000/1000: LR=8.26e-05, Loss=1.81e-02 BER=7.04e-03 FER=1.70e-01
2025-10-28 01:08:19,016 | INFO | Epoch 551 Train Time 25.117568731307983s

2025-10-28 01:08:45,499 | INFO | Training epoch 552, Batch 1000/1000: LR=8.26e-05, Loss=1.82e-02 BER=7.07e-03 FER=1.71e-01
2025-10-28 01:08:45,550 | INFO | Epoch 552 Train Time 26.53369426727295s

2025-10-28 01:09:11,218 | INFO | Training epoch 553, Batch 1000/1000: LR=8.25e-05, Loss=1.83e-02 BER=7.12e-03 FER=1.72e-01
2025-10-28 01:09:11,266 | INFO | Epoch 553 Train Time 25.71511459350586s

2025-10-28 01:09:38,061 | INFO | Training epoch 554, Batch 1000/1000: LR=8.25e-05, Loss=1.82e-02 BER=7.10e-03 FER=1.71e-01
2025-10-28 01:09:38,110 | INFO | Epoch 554 Train Time 26.843200206756592s

2025-10-28 01:10:04,404 | INFO | Training epoch 555, Batch 1000/1000: LR=8.24e-05, Loss=1.85e-02 BER=7.16e-03 FER=1.73e-01
2025-10-28 01:10:04,455 | INFO | Epoch 555 Train Time 26.34399390220642s

2025-10-28 01:10:31,759 | INFO | Training epoch 556, Batch 1000/1000: LR=8.24e-05, Loss=1.81e-02 BER=7.04e-03 FER=1.71e-01
2025-10-28 01:10:31,812 | INFO | Epoch 556 Train Time 27.35715889930725s

2025-10-28 01:10:57,373 | INFO | Training epoch 557, Batch 1000/1000: LR=8.23e-05, Loss=1.85e-02 BER=7.21e-03 FER=1.73e-01
2025-10-28 01:10:57,414 | INFO | Epoch 557 Train Time 25.600409984588623s

2025-10-28 01:11:22,989 | INFO | Training epoch 558, Batch 1000/1000: LR=8.22e-05, Loss=1.85e-02 BER=7.21e-03 FER=1.74e-01
2025-10-28 01:11:23,038 | INFO | Epoch 558 Train Time 25.62339973449707s

2025-10-28 01:11:48,075 | INFO | Training epoch 559, Batch 1000/1000: LR=8.22e-05, Loss=1.82e-02 BER=7.05e-03 FER=1.70e-01
2025-10-28 01:11:48,123 | INFO | Epoch 559 Train Time 25.084412813186646s

2025-10-28 01:12:13,196 | INFO | Training epoch 560, Batch 1000/1000: LR=8.21e-05, Loss=1.83e-02 BER=7.16e-03 FER=1.72e-01
2025-10-28 01:12:13,249 | INFO | Epoch 560 Train Time 25.12568712234497s

2025-10-28 01:12:38,551 | INFO | Training epoch 561, Batch 1000/1000: LR=8.21e-05, Loss=1.81e-02 BER=7.06e-03 FER=1.70e-01
2025-10-28 01:12:38,604 | INFO | Epoch 561 Train Time 25.354111433029175s

2025-10-28 01:13:04,580 | INFO | Training epoch 562, Batch 1000/1000: LR=8.20e-05, Loss=1.85e-02 BER=7.22e-03 FER=1.72e-01
2025-10-28 01:13:04,623 | INFO | Epoch 562 Train Time 26.018205881118774s

2025-10-28 01:13:32,036 | INFO | Training epoch 563, Batch 1000/1000: LR=8.19e-05, Loss=1.84e-02 BER=7.16e-03 FER=1.73e-01
2025-10-28 01:13:32,094 | INFO | Epoch 563 Train Time 27.47034239768982s

2025-10-28 01:13:58,901 | INFO | Training epoch 564, Batch 1000/1000: LR=8.19e-05, Loss=1.81e-02 BER=7.04e-03 FER=1.70e-01
2025-10-28 01:13:58,959 | INFO | Epoch 564 Train Time 26.864947080612183s

2025-10-28 01:14:25,319 | INFO | Training epoch 565, Batch 1000/1000: LR=8.18e-05, Loss=1.81e-02 BER=7.01e-03 FER=1.69e-01
2025-10-28 01:14:25,377 | INFO | Epoch 565 Train Time 26.416585445404053s

2025-10-28 01:14:50,287 | INFO | Training epoch 566, Batch 1000/1000: LR=8.18e-05, Loss=1.83e-02 BER=7.13e-03 FER=1.72e-01
2025-10-28 01:14:50,328 | INFO | Epoch 566 Train Time 24.95049262046814s

2025-10-28 01:15:15,418 | INFO | Training epoch 567, Batch 1000/1000: LR=8.17e-05, Loss=1.83e-02 BER=7.14e-03 FER=1.72e-01
2025-10-28 01:15:15,471 | INFO | Epoch 567 Train Time 25.14291477203369s

2025-10-28 01:15:43,150 | INFO | Training epoch 568, Batch 1000/1000: LR=8.16e-05, Loss=1.83e-02 BER=7.12e-03 FER=1.72e-01
2025-10-28 01:15:43,193 | INFO | Epoch 568 Train Time 27.721298217773438s

2025-10-28 01:16:09,532 | INFO | Training epoch 569, Batch 1000/1000: LR=8.16e-05, Loss=1.82e-02 BER=7.11e-03 FER=1.71e-01
2025-10-28 01:16:09,583 | INFO | Epoch 569 Train Time 26.388837337493896s

2025-10-28 01:16:36,059 | INFO | Training epoch 570, Batch 1000/1000: LR=8.15e-05, Loss=1.83e-02 BER=7.14e-03 FER=1.72e-01
2025-10-28 01:16:36,101 | INFO | Epoch 570 Train Time 26.5180606842041s

2025-10-28 01:17:01,143 | INFO | Training epoch 571, Batch 1000/1000: LR=8.14e-05, Loss=1.83e-02 BER=7.20e-03 FER=1.72e-01
2025-10-28 01:17:01,195 | INFO | Epoch 571 Train Time 25.093064308166504s

2025-10-28 01:17:27,663 | INFO | Training epoch 572, Batch 1000/1000: LR=8.14e-05, Loss=1.82e-02 BER=7.12e-03 FER=1.71e-01
2025-10-28 01:17:27,703 | INFO | Epoch 572 Train Time 26.507444620132446s

2025-10-28 01:17:52,344 | INFO | Training epoch 573, Batch 1000/1000: LR=8.13e-05, Loss=1.84e-02 BER=7.18e-03 FER=1.72e-01
2025-10-28 01:17:52,394 | INFO | Epoch 573 Train Time 24.690016984939575s

2025-10-28 01:18:19,001 | INFO | Training epoch 574, Batch 1000/1000: LR=8.13e-05, Loss=1.83e-02 BER=7.13e-03 FER=1.72e-01
2025-10-28 01:18:19,055 | INFO | Epoch 574 Train Time 26.66114568710327s

2025-10-28 01:18:45,605 | INFO | Training epoch 575, Batch 1000/1000: LR=8.12e-05, Loss=1.83e-02 BER=7.13e-03 FER=1.71e-01
2025-10-28 01:18:45,648 | INFO | Epoch 575 Train Time 26.591419458389282s

2025-10-28 01:19:13,074 | INFO | Training epoch 576, Batch 1000/1000: LR=8.11e-05, Loss=1.82e-02 BER=7.08e-03 FER=1.71e-01
2025-10-28 01:19:13,118 | INFO | Epoch 576 Train Time 27.470011711120605s

2025-10-28 01:19:38,720 | INFO | Training epoch 577, Batch 1000/1000: LR=8.11e-05, Loss=1.81e-02 BER=7.06e-03 FER=1.71e-01
2025-10-28 01:19:38,777 | INFO | Epoch 577 Train Time 25.657536268234253s

2025-10-28 01:20:04,716 | INFO | Training epoch 578, Batch 1000/1000: LR=8.10e-05, Loss=1.83e-02 BER=7.11e-03 FER=1.72e-01
2025-10-28 01:20:04,763 | INFO | Epoch 578 Train Time 25.9853093624115s

2025-10-28 01:20:32,917 | INFO | Training epoch 579, Batch 1000/1000: LR=8.10e-05, Loss=1.83e-02 BER=7.13e-03 FER=1.71e-01
2025-10-28 01:20:32,964 | INFO | Epoch 579 Train Time 28.20079493522644s

2025-10-28 01:20:59,351 | INFO | Training epoch 580, Batch 1000/1000: LR=8.09e-05, Loss=1.81e-02 BER=7.05e-03 FER=1.70e-01
2025-10-28 01:20:59,389 | INFO | Epoch 580 Train Time 26.424668550491333s

2025-10-28 01:21:24,786 | INFO | Training epoch 581, Batch 1000/1000: LR=8.08e-05, Loss=1.82e-02 BER=7.08e-03 FER=1.71e-01
2025-10-28 01:21:24,839 | INFO | Epoch 581 Train Time 25.44897747039795s

2025-10-28 01:21:51,298 | INFO | Training epoch 582, Batch 1000/1000: LR=8.08e-05, Loss=1.82e-02 BER=7.12e-03 FER=1.72e-01
2025-10-28 01:21:51,347 | INFO | Epoch 582 Train Time 26.507452249526978s

2025-10-28 01:22:16,924 | INFO | Training epoch 583, Batch 1000/1000: LR=8.07e-05, Loss=1.81e-02 BER=7.06e-03 FER=1.71e-01
2025-10-28 01:22:16,960 | INFO | Epoch 583 Train Time 25.612134218215942s

2025-10-28 01:22:42,189 | INFO | Training epoch 584, Batch 1000/1000: LR=8.07e-05, Loss=1.82e-02 BER=7.07e-03 FER=1.71e-01
2025-10-28 01:22:42,243 | INFO | Epoch 584 Train Time 25.282424211502075s

2025-10-28 01:23:08,163 | INFO | Training epoch 585, Batch 1000/1000: LR=8.06e-05, Loss=1.82e-02 BER=7.08e-03 FER=1.71e-01
2025-10-28 01:23:08,207 | INFO | Epoch 585 Train Time 25.96377992630005s

2025-10-28 01:23:34,616 | INFO | Training epoch 586, Batch 1000/1000: LR=8.05e-05, Loss=1.81e-02 BER=7.05e-03 FER=1.70e-01
2025-10-28 01:23:34,676 | INFO | Epoch 586 Train Time 26.46832251548767s

2025-10-28 01:24:01,246 | INFO | Training epoch 587, Batch 1000/1000: LR=8.05e-05, Loss=1.83e-02 BER=7.15e-03 FER=1.72e-01
2025-10-28 01:24:01,282 | INFO | Epoch 587 Train Time 26.605703830718994s

2025-10-28 01:24:26,544 | INFO | Training epoch 588, Batch 1000/1000: LR=8.04e-05, Loss=1.82e-02 BER=7.10e-03 FER=1.71e-01
2025-10-28 01:24:26,600 | INFO | Epoch 588 Train Time 25.31729483604431s

2025-10-28 01:24:52,756 | INFO | Training epoch 589, Batch 1000/1000: LR=8.03e-05, Loss=1.83e-02 BER=7.13e-03 FER=1.73e-01
2025-10-28 01:24:52,805 | INFO | Epoch 589 Train Time 26.204277992248535s

2025-10-28 01:25:19,161 | INFO | Training epoch 590, Batch 1000/1000: LR=8.03e-05, Loss=1.82e-02 BER=7.09e-03 FER=1.72e-01
2025-10-28 01:25:19,207 | INFO | Epoch 590 Train Time 26.401546239852905s

2025-10-28 01:25:43,815 | INFO | Training epoch 591, Batch 1000/1000: LR=8.02e-05, Loss=1.84e-02 BER=7.17e-03 FER=1.73e-01
2025-10-28 01:25:43,870 | INFO | Epoch 591 Train Time 24.66173815727234s

2025-10-28 01:26:10,364 | INFO | Training epoch 592, Batch 1000/1000: LR=8.02e-05, Loss=1.84e-02 BER=7.22e-03 FER=1.73e-01
2025-10-28 01:26:10,415 | INFO | Epoch 592 Train Time 26.544957160949707s

2025-10-28 01:26:35,089 | INFO | Training epoch 593, Batch 1000/1000: LR=8.01e-05, Loss=1.83e-02 BER=7.09e-03 FER=1.71e-01
2025-10-28 01:26:35,146 | INFO | Epoch 593 Train Time 24.729917526245117s

2025-10-28 01:27:00,007 | INFO | Training epoch 594, Batch 1000/1000: LR=8.00e-05, Loss=1.82e-02 BER=7.08e-03 FER=1.70e-01
2025-10-28 01:27:00,061 | INFO | Epoch 594 Train Time 24.914796113967896s

2025-10-28 01:27:24,616 | INFO | Training epoch 595, Batch 1000/1000: LR=8.00e-05, Loss=1.83e-02 BER=7.09e-03 FER=1.72e-01
2025-10-28 01:27:24,678 | INFO | Epoch 595 Train Time 24.616140842437744s

2025-10-28 01:27:50,202 | INFO | Training epoch 596, Batch 1000/1000: LR=7.99e-05, Loss=1.83e-02 BER=7.15e-03 FER=1.72e-01
2025-10-28 01:27:50,252 | INFO | Epoch 596 Train Time 25.572916746139526s

2025-10-28 01:28:16,275 | INFO | Training epoch 597, Batch 1000/1000: LR=7.98e-05, Loss=1.81e-02 BER=7.03e-03 FER=1.70e-01
2025-10-28 01:28:16,327 | INFO | Epoch 597 Train Time 26.074039697647095s

2025-10-28 01:28:43,117 | INFO | Training epoch 598, Batch 1000/1000: LR=7.98e-05, Loss=1.81e-02 BER=7.01e-03 FER=1.70e-01
2025-10-28 01:28:43,176 | INFO | Epoch 598 Train Time 26.847804069519043s

2025-10-28 01:29:09,794 | INFO | Training epoch 599, Batch 1000/1000: LR=7.97e-05, Loss=1.84e-02 BER=7.12e-03 FER=1.71e-01
2025-10-28 01:29:09,858 | INFO | Epoch 599 Train Time 26.67913007736206s

2025-10-28 01:29:36,767 | INFO | Training epoch 600, Batch 1000/1000: LR=7.97e-05, Loss=1.81e-02 BER=7.07e-03 FER=1.71e-01
2025-10-28 01:29:36,818 | INFO | Epoch 600 Train Time 26.959007263183594s

2025-10-28 01:30:03,182 | INFO | Training epoch 601, Batch 1000/1000: LR=7.96e-05, Loss=1.82e-02 BER=7.08e-03 FER=1.71e-01
2025-10-28 01:30:03,226 | INFO | Epoch 601 Train Time 26.407756567001343s

2025-10-28 01:30:29,595 | INFO | Training epoch 602, Batch 1000/1000: LR=7.95e-05, Loss=1.83e-02 BER=7.13e-03 FER=1.71e-01
2025-10-28 01:30:29,645 | INFO | Epoch 602 Train Time 26.41857886314392s

2025-10-28 01:30:55,136 | INFO | Training epoch 603, Batch 1000/1000: LR=7.95e-05, Loss=1.81e-02 BER=7.07e-03 FER=1.70e-01
2025-10-28 01:30:55,191 | INFO | Epoch 603 Train Time 25.54524827003479s

2025-10-28 01:31:20,531 | INFO | Training epoch 604, Batch 1000/1000: LR=7.94e-05, Loss=1.83e-02 BER=7.11e-03 FER=1.72e-01
2025-10-28 01:31:20,585 | INFO | Epoch 604 Train Time 25.393341779708862s

2025-10-28 01:31:47,703 | INFO | Training epoch 605, Batch 1000/1000: LR=7.93e-05, Loss=1.85e-02 BER=7.18e-03 FER=1.72e-01
2025-10-28 01:31:47,759 | INFO | Epoch 605 Train Time 27.173503398895264s

2025-10-28 01:32:13,947 | INFO | Training epoch 606, Batch 1000/1000: LR=7.93e-05, Loss=1.83e-02 BER=7.09e-03 FER=1.72e-01
2025-10-28 01:32:14,007 | INFO | Epoch 606 Train Time 26.246929168701172s

2025-10-28 01:32:38,773 | INFO | Training epoch 607, Batch 1000/1000: LR=7.92e-05, Loss=1.82e-02 BER=7.08e-03 FER=1.71e-01
2025-10-28 01:32:38,813 | INFO | Epoch 607 Train Time 24.805431604385376s

2025-10-28 01:33:04,117 | INFO | Training epoch 608, Batch 1000/1000: LR=7.92e-05, Loss=1.82e-02 BER=7.10e-03 FER=1.71e-01
2025-10-28 01:33:04,181 | INFO | Epoch 608 Train Time 25.367663860321045s

2025-10-28 01:33:31,584 | INFO | Training epoch 609, Batch 1000/1000: LR=7.91e-05, Loss=1.83e-02 BER=7.16e-03 FER=1.72e-01
2025-10-28 01:33:31,629 | INFO | Epoch 609 Train Time 27.447314739227295s

2025-10-28 01:33:57,686 | INFO | Training epoch 610, Batch 1000/1000: LR=7.90e-05, Loss=1.82e-02 BER=7.13e-03 FER=1.72e-01
2025-10-28 01:33:57,741 | INFO | Epoch 610 Train Time 26.111188173294067s

2025-10-28 01:34:23,984 | INFO | Training epoch 611, Batch 1000/1000: LR=7.90e-05, Loss=1.82e-02 BER=7.08e-03 FER=1.71e-01
2025-10-28 01:34:24,030 | INFO | Epoch 611 Train Time 26.288006067276s

2025-10-28 01:34:51,381 | INFO | Training epoch 612, Batch 1000/1000: LR=7.89e-05, Loss=1.83e-02 BER=7.16e-03 FER=1.72e-01
2025-10-28 01:34:51,442 | INFO | Epoch 612 Train Time 27.4107506275177s

2025-10-28 01:35:18,454 | INFO | Training epoch 613, Batch 1000/1000: LR=7.88e-05, Loss=1.80e-02 BER=7.03e-03 FER=1.70e-01
2025-10-28 01:35:18,507 | INFO | Epoch 613 Train Time 27.064645051956177s

2025-10-28 01:35:48,738 | INFO | Training epoch 614, Batch 1000/1000: LR=7.88e-05, Loss=1.81e-02 BER=7.07e-03 FER=1.71e-01
2025-10-28 01:35:48,823 | INFO | Epoch 614 Train Time 30.31480836868286s

2025-10-28 01:36:23,999 | INFO | Training epoch 615, Batch 1000/1000: LR=7.87e-05, Loss=1.82e-02 BER=7.07e-03 FER=1.71e-01
2025-10-28 01:36:24,081 | INFO | Epoch 615 Train Time 35.25796365737915s

2025-10-28 01:36:58,216 | INFO | Training epoch 616, Batch 1000/1000: LR=7.86e-05, Loss=1.83e-02 BER=7.11e-03 FER=1.72e-01
2025-10-28 01:36:58,284 | INFO | Epoch 616 Train Time 34.201972246170044s

2025-10-28 01:37:31,725 | INFO | Training epoch 617, Batch 1000/1000: LR=7.86e-05, Loss=1.82e-02 BER=7.07e-03 FER=1.71e-01
2025-10-28 01:37:31,804 | INFO | Epoch 617 Train Time 33.51913022994995s

2025-10-28 01:38:03,846 | INFO | Training epoch 618, Batch 1000/1000: LR=7.85e-05, Loss=1.83e-02 BER=7.13e-03 FER=1.71e-01
2025-10-28 01:38:03,926 | INFO | Epoch 618 Train Time 32.12027335166931s

2025-10-28 01:38:36,883 | INFO | Training epoch 619, Batch 1000/1000: LR=7.85e-05, Loss=1.83e-02 BER=7.13e-03 FER=1.71e-01
2025-10-28 01:38:36,959 | INFO | Epoch 619 Train Time 33.03168082237244s

2025-10-28 01:39:11,638 | INFO | Training epoch 620, Batch 1000/1000: LR=7.84e-05, Loss=1.82e-02 BER=7.12e-03 FER=1.71e-01
2025-10-28 01:39:11,704 | INFO | Epoch 620 Train Time 34.74365496635437s

2025-10-28 01:39:38,690 | INFO | Training epoch 621, Batch 1000/1000: LR=7.83e-05, Loss=1.82e-02 BER=7.08e-03 FER=1.71e-01
2025-10-28 01:39:38,739 | INFO | Epoch 621 Train Time 27.034538745880127s

2025-10-28 01:40:06,365 | INFO | Training epoch 622, Batch 1000/1000: LR=7.83e-05, Loss=1.84e-02 BER=7.16e-03 FER=1.73e-01
2025-10-28 01:40:06,417 | INFO | Epoch 622 Train Time 27.67738914489746s

2025-10-28 01:40:31,666 | INFO | Training epoch 623, Batch 1000/1000: LR=7.82e-05, Loss=1.82e-02 BER=7.09e-03 FER=1.71e-01
2025-10-28 01:40:31,713 | INFO | Epoch 623 Train Time 25.29531168937683s

2025-10-28 01:40:56,474 | INFO | Training epoch 624, Batch 1000/1000: LR=7.81e-05, Loss=1.81e-02 BER=7.04e-03 FER=1.70e-01
2025-10-28 01:40:56,520 | INFO | Epoch 624 Train Time 24.80678915977478s

2025-10-28 01:41:23,695 | INFO | Training epoch 625, Batch 1000/1000: LR=7.81e-05, Loss=1.83e-02 BER=7.15e-03 FER=1.72e-01
2025-10-28 01:41:23,750 | INFO | Epoch 625 Train Time 27.22935914993286s

2025-10-28 01:41:50,800 | INFO | Training epoch 626, Batch 1000/1000: LR=7.80e-05, Loss=1.82e-02 BER=7.09e-03 FER=1.71e-01
2025-10-28 01:41:50,852 | INFO | Epoch 626 Train Time 27.100963354110718s

2025-10-28 01:42:16,701 | INFO | Training epoch 627, Batch 1000/1000: LR=7.79e-05, Loss=1.81e-02 BER=7.02e-03 FER=1.70e-01
2025-10-28 01:42:16,761 | INFO | Epoch 627 Train Time 25.90879988670349s

2025-10-28 01:42:43,330 | INFO | Training epoch 628, Batch 1000/1000: LR=7.79e-05, Loss=1.83e-02 BER=7.10e-03 FER=1.71e-01
2025-10-28 01:42:43,384 | INFO | Epoch 628 Train Time 26.621026754379272s

2025-10-28 01:43:09,591 | INFO | Training epoch 629, Batch 1000/1000: LR=7.78e-05, Loss=1.82e-02 BER=7.09e-03 FER=1.71e-01
2025-10-28 01:43:09,635 | INFO | Epoch 629 Train Time 26.250549793243408s

2025-10-28 01:43:36,091 | INFO | Training epoch 630, Batch 1000/1000: LR=7.77e-05, Loss=1.82e-02 BER=7.06e-03 FER=1.71e-01
2025-10-28 01:43:36,143 | INFO | Epoch 630 Train Time 26.50773024559021s

2025-10-28 01:44:02,406 | INFO | Training epoch 631, Batch 1000/1000: LR=7.77e-05, Loss=1.81e-02 BER=7.05e-03 FER=1.70e-01
2025-10-28 01:44:02,457 | INFO | Epoch 631 Train Time 26.31302785873413s

2025-10-28 01:44:30,072 | INFO | Training epoch 632, Batch 1000/1000: LR=7.76e-05, Loss=1.81e-02 BER=7.08e-03 FER=1.70e-01
2025-10-28 01:44:30,118 | INFO | Epoch 632 Train Time 27.66125226020813s

2025-10-28 01:44:55,678 | INFO | Training epoch 633, Batch 1000/1000: LR=7.75e-05, Loss=1.81e-02 BER=7.08e-03 FER=1.70e-01
2025-10-28 01:44:55,739 | INFO | Epoch 633 Train Time 25.62002468109131s

2025-10-28 01:45:21,753 | INFO | Training epoch 634, Batch 1000/1000: LR=7.75e-05, Loss=1.83e-02 BER=7.12e-03 FER=1.72e-01
2025-10-28 01:45:21,812 | INFO | Epoch 634 Train Time 26.071160078048706s

2025-10-28 01:45:47,680 | INFO | Training epoch 635, Batch 1000/1000: LR=7.74e-05, Loss=1.81e-02 BER=7.06e-03 FER=1.69e-01
2025-10-28 01:45:47,734 | INFO | Epoch 635 Train Time 25.921183347702026s

2025-10-28 01:46:14,141 | INFO | Training epoch 636, Batch 1000/1000: LR=7.74e-05, Loss=1.81e-02 BER=7.07e-03 FER=1.71e-01
2025-10-28 01:46:14,196 | INFO | Epoch 636 Train Time 26.461737632751465s

2025-10-28 01:46:40,914 | INFO | Training epoch 637, Batch 1000/1000: LR=7.73e-05, Loss=1.81e-02 BER=7.09e-03 FER=1.70e-01
2025-10-28 01:46:40,959 | INFO | Epoch 637 Train Time 26.76209855079651s

2025-10-28 01:47:06,405 | INFO | Training epoch 638, Batch 1000/1000: LR=7.72e-05, Loss=1.80e-02 BER=7.04e-03 FER=1.70e-01
2025-10-28 01:47:06,460 | INFO | Epoch 638 Train Time 25.499260902404785s

2025-10-28 01:47:32,983 | INFO | Training epoch 639, Batch 1000/1000: LR=7.72e-05, Loss=1.81e-02 BER=7.04e-03 FER=1.70e-01
2025-10-28 01:47:33,033 | INFO | Epoch 639 Train Time 26.57256317138672s

2025-10-28 01:47:58,419 | INFO | Training epoch 640, Batch 1000/1000: LR=7.71e-05, Loss=1.79e-02 BER=6.98e-03 FER=1.69e-01
2025-10-28 01:47:58,461 | INFO | Epoch 640 Train Time 25.42778444290161s

2025-10-28 01:48:25,237 | INFO | Training epoch 641, Batch 1000/1000: LR=7.70e-05, Loss=1.81e-02 BER=7.01e-03 FER=1.70e-01
2025-10-28 01:48:25,274 | INFO | Epoch 641 Train Time 26.81159281730652s

2025-10-28 01:48:50,835 | INFO | Training epoch 642, Batch 1000/1000: LR=7.70e-05, Loss=1.81e-02 BER=7.06e-03 FER=1.70e-01
2025-10-28 01:48:50,883 | INFO | Epoch 642 Train Time 25.609235048294067s

2025-10-28 01:49:16,348 | INFO | Training epoch 643, Batch 1000/1000: LR=7.69e-05, Loss=1.83e-02 BER=7.16e-03 FER=1.71e-01
2025-10-28 01:49:16,408 | INFO | Epoch 643 Train Time 25.524329900741577s

2025-10-28 01:49:42,895 | INFO | Training epoch 644, Batch 1000/1000: LR=7.68e-05, Loss=1.82e-02 BER=7.14e-03 FER=1.71e-01
2025-10-28 01:49:42,952 | INFO | Epoch 644 Train Time 26.543299913406372s

2025-10-28 01:50:09,565 | INFO | Training epoch 645, Batch 1000/1000: LR=7.68e-05, Loss=1.81e-02 BER=7.05e-03 FER=1.69e-01
2025-10-28 01:50:09,610 | INFO | Epoch 645 Train Time 26.657501459121704s

2025-10-28 01:50:35,288 | INFO | Training epoch 646, Batch 1000/1000: LR=7.67e-05, Loss=1.81e-02 BER=7.06e-03 FER=1.69e-01
2025-10-28 01:50:35,338 | INFO | Epoch 646 Train Time 25.727470636367798s

2025-10-28 01:51:00,742 | INFO | Training epoch 647, Batch 1000/1000: LR=7.66e-05, Loss=1.81e-02 BER=7.05e-03 FER=1.71e-01
2025-10-28 01:51:00,791 | INFO | Epoch 647 Train Time 25.451489210128784s

2025-10-28 01:51:26,949 | INFO | Training epoch 648, Batch 1000/1000: LR=7.66e-05, Loss=1.81e-02 BER=7.00e-03 FER=1.69e-01
2025-10-28 01:51:26,994 | INFO | Epoch 648 Train Time 26.201958656311035s

2025-10-28 01:51:54,057 | INFO | Training epoch 649, Batch 1000/1000: LR=7.65e-05, Loss=1.80e-02 BER=7.02e-03 FER=1.69e-01
2025-10-28 01:51:54,133 | INFO | Epoch 649 Train Time 27.137656211853027s

2025-10-28 01:52:19,582 | INFO | Training epoch 650, Batch 1000/1000: LR=7.64e-05, Loss=1.84e-02 BER=7.14e-03 FER=1.72e-01
2025-10-28 01:52:19,645 | INFO | Epoch 650 Train Time 25.51153588294983s

2025-10-28 01:52:45,049 | INFO | Training epoch 651, Batch 1000/1000: LR=7.64e-05, Loss=1.81e-02 BER=7.03e-03 FER=1.70e-01
2025-10-28 01:52:45,108 | INFO | Epoch 651 Train Time 25.46269917488098s

2025-10-28 01:53:10,966 | INFO | Training epoch 652, Batch 1000/1000: LR=7.63e-05, Loss=1.81e-02 BER=7.01e-03 FER=1.69e-01
2025-10-28 01:53:11,009 | INFO | Epoch 652 Train Time 25.8998441696167s

2025-10-28 01:53:38,621 | INFO | Training epoch 653, Batch 1000/1000: LR=7.62e-05, Loss=1.82e-02 BER=7.09e-03 FER=1.71e-01
2025-10-28 01:53:38,672 | INFO | Epoch 653 Train Time 27.66280722618103s

2025-10-28 01:54:04,796 | INFO | Training epoch 654, Batch 1000/1000: LR=7.62e-05, Loss=1.80e-02 BER=7.00e-03 FER=1.69e-01
2025-10-28 01:54:04,842 | INFO | Epoch 654 Train Time 26.16920232772827s

2025-10-28 01:54:30,032 | INFO | Training epoch 655, Batch 1000/1000: LR=7.61e-05, Loss=1.81e-02 BER=7.03e-03 FER=1.70e-01
2025-10-28 01:54:30,090 | INFO | Epoch 655 Train Time 25.248016119003296s

2025-10-28 01:54:56,932 | INFO | Training epoch 656, Batch 1000/1000: LR=7.60e-05, Loss=1.84e-02 BER=7.14e-03 FER=1.72e-01
2025-10-28 01:54:56,990 | INFO | Epoch 656 Train Time 26.898820638656616s

2025-10-28 01:55:22,928 | INFO | Training epoch 657, Batch 1000/1000: LR=7.60e-05, Loss=1.81e-02 BER=7.06e-03 FER=1.71e-01
2025-10-28 01:55:22,969 | INFO | Epoch 657 Train Time 25.978933334350586s

2025-10-28 01:55:50,246 | INFO | Training epoch 658, Batch 1000/1000: LR=7.59e-05, Loss=1.80e-02 BER=7.02e-03 FER=1.70e-01
2025-10-28 01:55:50,293 | INFO | Epoch 658 Train Time 27.323476552963257s

2025-10-28 01:56:17,192 | INFO | Training epoch 659, Batch 1000/1000: LR=7.58e-05, Loss=1.83e-02 BER=7.16e-03 FER=1.72e-01
2025-10-28 01:56:17,242 | INFO | Epoch 659 Train Time 26.9479022026062s

2025-10-28 01:56:43,312 | INFO | Training epoch 660, Batch 1000/1000: LR=7.58e-05, Loss=1.81e-02 BER=7.07e-03 FER=1.70e-01
2025-10-28 01:56:43,367 | INFO | Epoch 660 Train Time 26.123834371566772s

2025-10-28 01:57:09,431 | INFO | Training epoch 661, Batch 1000/1000: LR=7.57e-05, Loss=1.82e-02 BER=7.10e-03 FER=1.70e-01
2025-10-28 01:57:09,510 | INFO | Epoch 661 Train Time 26.14203667640686s

2025-10-28 01:57:35,316 | INFO | Training epoch 662, Batch 1000/1000: LR=7.56e-05, Loss=1.82e-02 BER=7.01e-03 FER=1.70e-01
2025-10-28 01:57:35,377 | INFO | Epoch 662 Train Time 25.867239952087402s

2025-10-28 01:58:03,762 | INFO | Training epoch 663, Batch 1000/1000: LR=7.56e-05, Loss=1.81e-02 BER=7.05e-03 FER=1.71e-01
2025-10-28 01:58:03,820 | INFO | Epoch 663 Train Time 28.442417860031128s

2025-10-28 01:58:30,116 | INFO | Training epoch 664, Batch 1000/1000: LR=7.55e-05, Loss=1.83e-02 BER=7.12e-03 FER=1.71e-01
2025-10-28 01:58:30,164 | INFO | Epoch 664 Train Time 26.342275142669678s

2025-10-28 01:58:56,371 | INFO | Training epoch 665, Batch 1000/1000: LR=7.54e-05, Loss=1.80e-02 BER=6.99e-03 FER=1.69e-01
2025-10-28 01:58:56,434 | INFO | Epoch 665 Train Time 26.26935362815857s

2025-10-28 01:59:22,775 | INFO | Training epoch 666, Batch 1000/1000: LR=7.54e-05, Loss=1.83e-02 BER=7.13e-03 FER=1.72e-01
2025-10-28 01:59:22,832 | INFO | Epoch 666 Train Time 26.39824080467224s

2025-10-28 01:59:48,261 | INFO | Training epoch 667, Batch 1000/1000: LR=7.53e-05, Loss=1.83e-02 BER=7.14e-03 FER=1.72e-01
2025-10-28 01:59:48,304 | INFO | Epoch 667 Train Time 25.470741748809814s

2025-10-28 02:00:15,083 | INFO | Training epoch 668, Batch 1000/1000: LR=7.52e-05, Loss=1.81e-02 BER=7.04e-03 FER=1.70e-01
2025-10-28 02:00:15,139 | INFO | Epoch 668 Train Time 26.83444833755493s

2025-10-28 02:00:42,047 | INFO | Training epoch 669, Batch 1000/1000: LR=7.52e-05, Loss=1.81e-02 BER=7.05e-03 FER=1.70e-01
2025-10-28 02:00:42,095 | INFO | Epoch 669 Train Time 26.95514988899231s

2025-10-28 02:01:08,097 | INFO | Training epoch 670, Batch 1000/1000: LR=7.51e-05, Loss=1.83e-02 BER=7.12e-03 FER=1.71e-01
2025-10-28 02:01:08,155 | INFO | Epoch 670 Train Time 26.059330940246582s

2025-10-28 02:01:35,494 | INFO | Training epoch 671, Batch 1000/1000: LR=7.50e-05, Loss=1.82e-02 BER=7.07e-03 FER=1.70e-01
2025-10-28 02:01:35,553 | INFO | Epoch 671 Train Time 27.397200345993042s

2025-10-28 02:02:02,435 | INFO | Training epoch 672, Batch 1000/1000: LR=7.50e-05, Loss=1.80e-02 BER=7.02e-03 FER=1.70e-01
2025-10-28 02:02:02,480 | INFO | Epoch 672 Train Time 26.926180362701416s

2025-10-28 02:02:30,925 | INFO | Training epoch 673, Batch 1000/1000: LR=7.49e-05, Loss=1.81e-02 BER=7.05e-03 FER=1.70e-01
2025-10-28 02:02:30,978 | INFO | Epoch 673 Train Time 28.49742293357849s

2025-10-28 02:02:59,391 | INFO | Training epoch 674, Batch 1000/1000: LR=7.48e-05, Loss=1.84e-02 BER=7.14e-03 FER=1.71e-01
2025-10-28 02:02:59,447 | INFO | Epoch 674 Train Time 28.468090534210205s

2025-10-28 02:03:27,194 | INFO | Training epoch 675, Batch 1000/1000: LR=7.48e-05, Loss=1.82e-02 BER=7.12e-03 FER=1.71e-01
2025-10-28 02:03:27,238 | INFO | Epoch 675 Train Time 27.790431022644043s

2025-10-28 02:03:53,227 | INFO | Training epoch 676, Batch 1000/1000: LR=7.47e-05, Loss=1.81e-02 BER=7.01e-03 FER=1.68e-01
2025-10-28 02:03:53,273 | INFO | Epoch 676 Train Time 26.034306287765503s

2025-10-28 02:04:20,389 | INFO | Training epoch 677, Batch 1000/1000: LR=7.46e-05, Loss=1.81e-02 BER=7.06e-03 FER=1.70e-01
2025-10-28 02:04:20,458 | INFO | Epoch 677 Train Time 27.18519949913025s

2025-10-28 02:04:46,567 | INFO | Training epoch 678, Batch 1000/1000: LR=7.46e-05, Loss=1.82e-02 BER=7.11e-03 FER=1.72e-01
2025-10-28 02:04:46,624 | INFO | Epoch 678 Train Time 26.16528582572937s

2025-10-28 02:05:14,102 | INFO | Training epoch 679, Batch 1000/1000: LR=7.45e-05, Loss=1.83e-02 BER=7.11e-03 FER=1.71e-01
2025-10-28 02:05:14,155 | INFO | Epoch 679 Train Time 27.530043363571167s

2025-10-28 02:05:41,447 | INFO | Training epoch 680, Batch 1000/1000: LR=7.44e-05, Loss=1.83e-02 BER=7.13e-03 FER=1.71e-01
2025-10-28 02:05:41,499 | INFO | Epoch 680 Train Time 27.343034505844116s

2025-10-28 02:06:08,093 | INFO | Training epoch 681, Batch 1000/1000: LR=7.43e-05, Loss=1.79e-02 BER=6.97e-03 FER=1.68e-01
2025-10-28 02:06:08,137 | INFO | Epoch 681 Train Time 26.637988328933716s

2025-10-28 02:06:34,283 | INFO | Training epoch 682, Batch 1000/1000: LR=7.43e-05, Loss=1.83e-02 BER=7.12e-03 FER=1.71e-01
2025-10-28 02:06:34,327 | INFO | Epoch 682 Train Time 26.189669132232666s

2025-10-28 02:06:59,378 | INFO | Training epoch 683, Batch 1000/1000: LR=7.42e-05, Loss=1.80e-02 BER=7.05e-03 FER=1.70e-01
2025-10-28 02:06:59,421 | INFO | Epoch 683 Train Time 25.09313178062439s

2025-10-28 02:07:25,176 | INFO | Training epoch 684, Batch 1000/1000: LR=7.41e-05, Loss=1.82e-02 BER=7.12e-03 FER=1.71e-01
2025-10-28 02:07:25,230 | INFO | Epoch 684 Train Time 25.807989358901978s

2025-10-28 02:07:51,025 | INFO | Training epoch 685, Batch 1000/1000: LR=7.41e-05, Loss=1.82e-02 BER=7.11e-03 FER=1.71e-01
2025-10-28 02:07:51,068 | INFO | Epoch 685 Train Time 25.83814549446106s

2025-10-28 02:08:15,914 | INFO | Training epoch 686, Batch 1000/1000: LR=7.40e-05, Loss=1.84e-02 BER=7.16e-03 FER=1.72e-01
2025-10-28 02:08:15,959 | INFO | Epoch 686 Train Time 24.890044689178467s

2025-10-28 02:08:43,178 | INFO | Training epoch 687, Batch 1000/1000: LR=7.39e-05, Loss=1.82e-02 BER=7.05e-03 FER=1.71e-01
2025-10-28 02:08:43,226 | INFO | Epoch 687 Train Time 27.266920804977417s

2025-10-28 02:09:09,494 | INFO | Training epoch 688, Batch 1000/1000: LR=7.39e-05, Loss=1.80e-02 BER=7.00e-03 FER=1.68e-01
2025-10-28 02:09:09,535 | INFO | Epoch 688 Train Time 26.307990074157715s

2025-10-28 02:09:36,476 | INFO | Training epoch 689, Batch 1000/1000: LR=7.38e-05, Loss=1.82e-02 BER=7.08e-03 FER=1.70e-01
2025-10-28 02:09:36,522 | INFO | Epoch 689 Train Time 26.98646855354309s

2025-10-28 02:10:02,753 | INFO | Training epoch 690, Batch 1000/1000: LR=7.37e-05, Loss=1.82e-02 BER=7.08e-03 FER=1.71e-01
2025-10-28 02:10:02,817 | INFO | Epoch 690 Train Time 26.294716119766235s

2025-10-28 02:10:28,617 | INFO | Training epoch 691, Batch 1000/1000: LR=7.37e-05, Loss=1.83e-02 BER=7.14e-03 FER=1.73e-01
2025-10-28 02:10:28,677 | INFO | Epoch 691 Train Time 25.85940408706665s

2025-10-28 02:10:53,546 | INFO | Training epoch 692, Batch 1000/1000: LR=7.36e-05, Loss=1.81e-02 BER=7.06e-03 FER=1.70e-01
2025-10-28 02:10:53,597 | INFO | Epoch 692 Train Time 24.919915437698364s

2025-10-28 02:11:19,441 | INFO | Training epoch 693, Batch 1000/1000: LR=7.35e-05, Loss=1.82e-02 BER=7.12e-03 FER=1.72e-01
2025-10-28 02:11:19,504 | INFO | Epoch 693 Train Time 25.905802249908447s

2025-10-28 02:11:45,696 | INFO | Training epoch 694, Batch 1000/1000: LR=7.35e-05, Loss=1.81e-02 BER=7.06e-03 FER=1.70e-01
2025-10-28 02:11:45,761 | INFO | Epoch 694 Train Time 26.256519556045532s

2025-10-28 02:12:12,856 | INFO | Training epoch 695, Batch 1000/1000: LR=7.34e-05, Loss=1.80e-02 BER=7.01e-03 FER=1.69e-01
2025-10-28 02:12:12,900 | INFO | Epoch 695 Train Time 27.13816261291504s

2025-10-28 02:12:37,579 | INFO | Training epoch 696, Batch 1000/1000: LR=7.33e-05, Loss=1.83e-02 BER=7.12e-03 FER=1.71e-01
2025-10-28 02:12:37,636 | INFO | Epoch 696 Train Time 24.73588514328003s

2025-10-28 02:13:04,576 | INFO | Training epoch 697, Batch 1000/1000: LR=7.32e-05, Loss=1.81e-02 BER=7.07e-03 FER=1.71e-01
2025-10-28 02:13:04,626 | INFO | Epoch 697 Train Time 26.989264488220215s

2025-10-28 02:13:30,223 | INFO | Training epoch 698, Batch 1000/1000: LR=7.32e-05, Loss=1.81e-02 BER=7.04e-03 FER=1.70e-01
2025-10-28 02:13:30,274 | INFO | Epoch 698 Train Time 25.64676260948181s

2025-10-28 02:13:56,168 | INFO | Training epoch 699, Batch 1000/1000: LR=7.31e-05, Loss=1.83e-02 BER=7.16e-03 FER=1.72e-01
2025-10-28 02:13:56,212 | INFO | Epoch 699 Train Time 25.937641620635986s

2025-10-28 02:14:21,164 | INFO | Training epoch 700, Batch 1000/1000: LR=7.30e-05, Loss=1.82e-02 BER=7.10e-03 FER=1.71e-01
2025-10-28 02:14:21,222 | INFO | Epoch 700 Train Time 25.009827136993408s

2025-10-28 02:14:48,312 | INFO | Training epoch 701, Batch 1000/1000: LR=7.30e-05, Loss=1.82e-02 BER=7.08e-03 FER=1.71e-01
2025-10-28 02:14:48,367 | INFO | Epoch 701 Train Time 27.144334077835083s

2025-10-28 02:15:14,355 | INFO | Training epoch 702, Batch 1000/1000: LR=7.29e-05, Loss=1.81e-02 BER=7.02e-03 FER=1.69e-01
2025-10-28 02:15:14,408 | INFO | Epoch 702 Train Time 26.040582418441772s

2025-10-28 02:15:38,435 | INFO | Training epoch 703, Batch 1000/1000: LR=7.28e-05, Loss=1.83e-02 BER=7.13e-03 FER=1.73e-01
2025-10-28 02:15:38,492 | INFO | Epoch 703 Train Time 24.083255529403687s

2025-10-28 02:16:04,177 | INFO | Training epoch 704, Batch 1000/1000: LR=7.28e-05, Loss=1.83e-02 BER=7.12e-03 FER=1.71e-01
2025-10-28 02:16:04,232 | INFO | Epoch 704 Train Time 25.738739013671875s

2025-10-28 02:16:30,451 | INFO | Training epoch 705, Batch 1000/1000: LR=7.27e-05, Loss=1.82e-02 BER=7.09e-03 FER=1.71e-01
2025-10-28 02:16:30,511 | INFO | Epoch 705 Train Time 26.278459072113037s

2025-10-28 02:16:56,523 | INFO | Training epoch 706, Batch 1000/1000: LR=7.26e-05, Loss=1.82e-02 BER=7.05e-03 FER=1.70e-01
2025-10-28 02:16:56,570 | INFO | Epoch 706 Train Time 26.057825326919556s

2025-10-28 02:17:22,049 | INFO | Training epoch 707, Batch 1000/1000: LR=7.26e-05, Loss=1.80e-02 BER=7.02e-03 FER=1.69e-01
2025-10-28 02:17:22,101 | INFO | Epoch 707 Train Time 25.530562162399292s

2025-10-28 02:17:48,520 | INFO | Training epoch 708, Batch 1000/1000: LR=7.25e-05, Loss=1.82e-02 BER=7.08e-03 FER=1.71e-01
2025-10-28 02:17:48,563 | INFO | Epoch 708 Train Time 26.4621684551239s

2025-10-28 02:18:14,188 | INFO | Training epoch 709, Batch 1000/1000: LR=7.24e-05, Loss=1.80e-02 BER=6.99e-03 FER=1.69e-01
2025-10-28 02:18:14,241 | INFO | Epoch 709 Train Time 25.67756748199463s

2025-10-28 02:18:40,688 | INFO | Training epoch 710, Batch 1000/1000: LR=7.23e-05, Loss=1.79e-02 BER=7.00e-03 FER=1.69e-01
2025-10-28 02:18:40,747 | INFO | Epoch 710 Train Time 26.50529408454895s

2025-10-28 02:19:09,072 | INFO | Training epoch 711, Batch 1000/1000: LR=7.23e-05, Loss=1.82e-02 BER=7.09e-03 FER=1.71e-01
2025-10-28 02:19:09,121 | INFO | Epoch 711 Train Time 28.372915506362915s

2025-10-28 02:19:34,813 | INFO | Training epoch 712, Batch 1000/1000: LR=7.22e-05, Loss=1.80e-02 BER=7.00e-03 FER=1.68e-01
2025-10-28 02:19:34,876 | INFO | Epoch 712 Train Time 25.754066944122314s

2025-10-28 02:20:01,049 | INFO | Training epoch 713, Batch 1000/1000: LR=7.21e-05, Loss=1.79e-02 BER=6.95e-03 FER=1.69e-01
2025-10-28 02:20:01,096 | INFO | Epoch 713 Train Time 26.218520164489746s

2025-10-28 02:20:01,096 | INFO | [P2] saving best_model (QAT) with loss 0.017887 at epoch 713
2025-10-28 02:20:28,530 | INFO | Training epoch 714, Batch 1000/1000: LR=7.21e-05, Loss=1.83e-02 BER=7.13e-03 FER=1.71e-01
2025-10-28 02:20:28,590 | INFO | Epoch 714 Train Time 27.482381105422974s

2025-10-28 02:20:54,167 | INFO | Training epoch 715, Batch 1000/1000: LR=7.20e-05, Loss=1.81e-02 BER=6.99e-03 FER=1.69e-01
2025-10-28 02:20:54,223 | INFO | Epoch 715 Train Time 25.631565809249878s

2025-10-28 02:21:19,880 | INFO | Training epoch 716, Batch 1000/1000: LR=7.19e-05, Loss=1.79e-02 BER=6.98e-03 FER=1.68e-01
2025-10-28 02:21:19,926 | INFO | Epoch 716 Train Time 25.70210838317871s

2025-10-28 02:21:45,653 | INFO | Training epoch 717, Batch 1000/1000: LR=7.19e-05, Loss=1.81e-02 BER=7.07e-03 FER=1.71e-01
2025-10-28 02:21:45,714 | INFO | Epoch 717 Train Time 25.788100719451904s

2025-10-28 02:22:12,294 | INFO | Training epoch 718, Batch 1000/1000: LR=7.18e-05, Loss=1.81e-02 BER=7.07e-03 FER=1.70e-01
2025-10-28 02:22:12,341 | INFO | Epoch 718 Train Time 26.626375198364258s

2025-10-28 02:22:37,621 | INFO | Training epoch 719, Batch 1000/1000: LR=7.17e-05, Loss=1.83e-02 BER=7.14e-03 FER=1.72e-01
2025-10-28 02:22:37,662 | INFO | Epoch 719 Train Time 25.319758892059326s

2025-10-28 02:23:05,434 | INFO | Training epoch 720, Batch 1000/1000: LR=7.16e-05, Loss=1.81e-02 BER=7.04e-03 FER=1.70e-01
2025-10-28 02:23:05,496 | INFO | Epoch 720 Train Time 27.83332133293152s

2025-10-28 02:23:30,542 | INFO | Training epoch 721, Batch 1000/1000: LR=7.16e-05, Loss=1.83e-02 BER=7.11e-03 FER=1.71e-01
2025-10-28 02:23:30,596 | INFO | Epoch 721 Train Time 25.099417448043823s

2025-10-28 02:23:57,614 | INFO | Training epoch 722, Batch 1000/1000: LR=7.15e-05, Loss=1.83e-02 BER=7.10e-03 FER=1.72e-01
2025-10-28 02:23:57,670 | INFO | Epoch 722 Train Time 27.072848081588745s

2025-10-28 02:24:25,487 | INFO | Training epoch 723, Batch 1000/1000: LR=7.14e-05, Loss=1.80e-02 BER=7.03e-03 FER=1.69e-01
2025-10-28 02:24:25,542 | INFO | Epoch 723 Train Time 27.870773315429688s

2025-10-28 02:24:53,539 | INFO | Training epoch 724, Batch 1000/1000: LR=7.14e-05, Loss=1.81e-02 BER=7.06e-03 FER=1.69e-01
2025-10-28 02:24:53,583 | INFO | Epoch 724 Train Time 28.04053497314453s

2025-10-28 02:25:18,871 | INFO | Training epoch 725, Batch 1000/1000: LR=7.13e-05, Loss=1.80e-02 BER=6.98e-03 FER=1.69e-01
2025-10-28 02:25:18,917 | INFO | Epoch 725 Train Time 25.33373498916626s

2025-10-28 02:25:46,334 | INFO | Training epoch 726, Batch 1000/1000: LR=7.12e-05, Loss=1.81e-02 BER=7.06e-03 FER=1.69e-01
2025-10-28 02:25:46,394 | INFO | Epoch 726 Train Time 27.476248264312744s

2025-10-28 02:26:12,099 | INFO | Training epoch 727, Batch 1000/1000: LR=7.12e-05, Loss=1.81e-02 BER=7.07e-03 FER=1.70e-01
2025-10-28 02:26:12,151 | INFO | Epoch 727 Train Time 25.756097555160522s

2025-10-28 02:26:37,679 | INFO | Training epoch 728, Batch 1000/1000: LR=7.11e-05, Loss=1.80e-02 BER=6.99e-03 FER=1.69e-01
2025-10-28 02:26:37,732 | INFO | Epoch 728 Train Time 25.580021858215332s

2025-10-28 02:27:04,179 | INFO | Training epoch 729, Batch 1000/1000: LR=7.10e-05, Loss=1.81e-02 BER=7.08e-03 FER=1.71e-01
2025-10-28 02:27:04,237 | INFO | Epoch 729 Train Time 26.504671812057495s

2025-10-28 02:27:29,863 | INFO | Training epoch 730, Batch 1000/1000: LR=7.09e-05, Loss=1.81e-02 BER=7.06e-03 FER=1.71e-01
2025-10-28 02:27:29,913 | INFO | Epoch 730 Train Time 25.675178289413452s

2025-10-28 02:27:55,853 | INFO | Training epoch 731, Batch 1000/1000: LR=7.09e-05, Loss=1.84e-02 BER=7.16e-03 FER=1.72e-01
2025-10-28 02:27:55,899 | INFO | Epoch 731 Train Time 25.98528218269348s

2025-10-28 02:28:23,786 | INFO | Training epoch 732, Batch 1000/1000: LR=7.08e-05, Loss=1.80e-02 BER=7.03e-03 FER=1.69e-01
2025-10-28 02:28:23,832 | INFO | Epoch 732 Train Time 27.93269109725952s

2025-10-28 02:28:51,540 | INFO | Training epoch 733, Batch 1000/1000: LR=7.07e-05, Loss=1.82e-02 BER=7.10e-03 FER=1.71e-01
2025-10-28 02:28:51,599 | INFO | Epoch 733 Train Time 27.765676736831665s

2025-10-28 02:29:16,002 | INFO | Training epoch 734, Batch 1000/1000: LR=7.07e-05, Loss=1.82e-02 BER=7.09e-03 FER=1.71e-01
2025-10-28 02:29:16,052 | INFO | Epoch 734 Train Time 24.45233654975891s

2025-10-28 02:29:43,630 | INFO | Training epoch 735, Batch 1000/1000: LR=7.06e-05, Loss=1.83e-02 BER=7.13e-03 FER=1.70e-01
2025-10-28 02:29:43,673 | INFO | Epoch 735 Train Time 27.62061047554016s

2025-10-28 02:30:09,187 | INFO | Training epoch 736, Batch 1000/1000: LR=7.05e-05, Loss=1.81e-02 BER=7.08e-03 FER=1.71e-01
2025-10-28 02:30:09,237 | INFO | Epoch 736 Train Time 25.56374478340149s

2025-10-28 02:30:36,108 | INFO | Training epoch 737, Batch 1000/1000: LR=7.04e-05, Loss=1.81e-02 BER=7.02e-03 FER=1.68e-01
2025-10-28 02:30:36,174 | INFO | Epoch 737 Train Time 26.93592405319214s

2025-10-28 02:31:03,852 | INFO | Training epoch 738, Batch 1000/1000: LR=7.04e-05, Loss=1.81e-02 BER=7.03e-03 FER=1.70e-01
2025-10-28 02:31:03,907 | INFO | Epoch 738 Train Time 27.73190212249756s

2025-10-28 02:31:31,166 | INFO | Training epoch 739, Batch 1000/1000: LR=7.03e-05, Loss=1.80e-02 BER=7.02e-03 FER=1.70e-01
2025-10-28 02:31:31,212 | INFO | Epoch 739 Train Time 27.304558753967285s

2025-10-28 02:31:57,269 | INFO | Training epoch 740, Batch 1000/1000: LR=7.02e-05, Loss=1.79e-02 BER=7.00e-03 FER=1.69e-01
2025-10-28 02:31:57,322 | INFO | Epoch 740 Train Time 26.10951042175293s

2025-10-28 02:32:24,715 | INFO | Training epoch 741, Batch 1000/1000: LR=7.02e-05, Loss=1.83e-02 BER=7.15e-03 FER=1.72e-01
2025-10-28 02:32:24,770 | INFO | Epoch 741 Train Time 27.447081089019775s

2025-10-28 02:32:52,066 | INFO | Training epoch 742, Batch 1000/1000: LR=7.01e-05, Loss=1.81e-02 BER=7.06e-03 FER=1.71e-01
2025-10-28 02:32:52,115 | INFO | Epoch 742 Train Time 27.343827486038208s

2025-10-28 02:33:18,629 | INFO | Training epoch 743, Batch 1000/1000: LR=7.00e-05, Loss=1.82e-02 BER=7.05e-03 FER=1.70e-01
2025-10-28 02:33:18,688 | INFO | Epoch 743 Train Time 26.572813034057617s

2025-10-28 02:33:45,908 | INFO | Training epoch 744, Batch 1000/1000: LR=6.99e-05, Loss=1.81e-02 BER=7.04e-03 FER=1.70e-01
2025-10-28 02:33:45,964 | INFO | Epoch 744 Train Time 27.275235891342163s

2025-10-28 02:34:11,749 | INFO | Training epoch 745, Batch 1000/1000: LR=6.99e-05, Loss=1.81e-02 BER=7.06e-03 FER=1.70e-01
2025-10-28 02:34:11,802 | INFO | Epoch 745 Train Time 25.83717966079712s

2025-10-28 02:34:37,679 | INFO | Training epoch 746, Batch 1000/1000: LR=6.98e-05, Loss=1.81e-02 BER=7.07e-03 FER=1.71e-01
2025-10-28 02:34:37,724 | INFO | Epoch 746 Train Time 25.921799659729004s

2025-10-28 02:35:04,827 | INFO | Training epoch 747, Batch 1000/1000: LR=6.97e-05, Loss=1.82e-02 BER=7.06e-03 FER=1.70e-01
2025-10-28 02:35:04,873 | INFO | Epoch 747 Train Time 27.148239612579346s

2025-10-28 02:35:31,376 | INFO | Training epoch 748, Batch 1000/1000: LR=6.97e-05, Loss=1.82e-02 BER=7.05e-03 FER=1.70e-01
2025-10-28 02:35:31,430 | INFO | Epoch 748 Train Time 26.55575180053711s

2025-10-28 02:35:58,641 | INFO | Training epoch 749, Batch 1000/1000: LR=6.96e-05, Loss=1.82e-02 BER=7.11e-03 FER=1.71e-01
2025-10-28 02:35:58,699 | INFO | Epoch 749 Train Time 27.268352508544922s

2025-10-28 02:36:26,180 | INFO | Training epoch 750, Batch 1000/1000: LR=6.95e-05, Loss=1.82e-02 BER=7.09e-03 FER=1.70e-01
2025-10-28 02:36:26,225 | INFO | Epoch 750 Train Time 27.526030778884888s

2025-10-28 02:36:55,038 | INFO | Training epoch 751, Batch 1000/1000: LR=6.94e-05, Loss=1.81e-02 BER=7.04e-03 FER=1.71e-01
2025-10-28 02:36:55,083 | INFO | Epoch 751 Train Time 28.856706857681274s

2025-10-28 02:37:22,620 | INFO | Training epoch 752, Batch 1000/1000: LR=6.94e-05, Loss=1.81e-02 BER=7.04e-03 FER=1.69e-01
2025-10-28 02:37:22,669 | INFO | Epoch 752 Train Time 27.585461139678955s

2025-10-28 02:37:50,425 | INFO | Training epoch 753, Batch 1000/1000: LR=6.93e-05, Loss=1.81e-02 BER=7.10e-03 FER=1.70e-01
2025-10-28 02:37:50,477 | INFO | Epoch 753 Train Time 27.80787229537964s

2025-10-28 02:38:16,874 | INFO | Training epoch 754, Batch 1000/1000: LR=6.92e-05, Loss=1.81e-02 BER=7.04e-03 FER=1.70e-01
2025-10-28 02:38:16,915 | INFO | Epoch 754 Train Time 26.437486171722412s

2025-10-28 02:38:44,697 | INFO | Training epoch 755, Batch 1000/1000: LR=6.92e-05, Loss=1.80e-02 BER=7.02e-03 FER=1.69e-01
2025-10-28 02:38:44,756 | INFO | Epoch 755 Train Time 27.84032702445984s

2025-10-28 02:39:11,928 | INFO | Training epoch 756, Batch 1000/1000: LR=6.91e-05, Loss=1.80e-02 BER=6.99e-03 FER=1.68e-01
2025-10-28 02:39:11,985 | INFO | Epoch 756 Train Time 27.228216409683228s

2025-10-28 02:39:37,189 | INFO | Training epoch 757, Batch 1000/1000: LR=6.90e-05, Loss=1.79e-02 BER=6.98e-03 FER=1.68e-01
2025-10-28 02:39:37,268 | INFO | Epoch 757 Train Time 25.282026767730713s

2025-10-28 02:40:05,194 | INFO | Training epoch 758, Batch 1000/1000: LR=6.89e-05, Loss=1.80e-02 BER=7.01e-03 FER=1.70e-01
2025-10-28 02:40:05,238 | INFO | Epoch 758 Train Time 27.96949601173401s

2025-10-28 02:40:30,840 | INFO | Training epoch 759, Batch 1000/1000: LR=6.89e-05, Loss=1.81e-02 BER=7.08e-03 FER=1.71e-01
2025-10-28 02:40:30,885 | INFO | Epoch 759 Train Time 25.647286653518677s

2025-10-28 02:40:55,216 | INFO | Training epoch 760, Batch 1000/1000: LR=6.88e-05, Loss=1.82e-02 BER=7.08e-03 FER=1.71e-01
2025-10-28 02:40:55,263 | INFO | Epoch 760 Train Time 24.377037286758423s

2025-10-28 02:41:19,937 | INFO | Training epoch 761, Batch 1000/1000: LR=6.87e-05, Loss=1.82e-02 BER=7.06e-03 FER=1.71e-01
2025-10-28 02:41:19,996 | INFO | Epoch 761 Train Time 24.73225998878479s

2025-10-28 02:41:46,138 | INFO | Training epoch 762, Batch 1000/1000: LR=6.86e-05, Loss=1.81e-02 BER=7.04e-03 FER=1.70e-01
2025-10-28 02:41:46,203 | INFO | Epoch 762 Train Time 26.20685625076294s

2025-10-28 02:42:13,222 | INFO | Training epoch 763, Batch 1000/1000: LR=6.86e-05, Loss=1.80e-02 BER=7.03e-03 FER=1.70e-01
2025-10-28 02:42:13,280 | INFO | Epoch 763 Train Time 27.075785160064697s

2025-10-28 02:42:41,151 | INFO | Training epoch 764, Batch 1000/1000: LR=6.85e-05, Loss=1.82e-02 BER=7.06e-03 FER=1.71e-01
2025-10-28 02:42:41,214 | INFO | Epoch 764 Train Time 27.933887481689453s

2025-10-28 02:43:07,777 | INFO | Training epoch 765, Batch 1000/1000: LR=6.84e-05, Loss=1.81e-02 BER=7.02e-03 FER=1.69e-01
2025-10-28 02:43:07,836 | INFO | Epoch 765 Train Time 26.621147632598877s

2025-10-28 02:43:33,477 | INFO | Training epoch 766, Batch 1000/1000: LR=6.84e-05, Loss=1.82e-02 BER=7.06e-03 FER=1.70e-01
2025-10-28 02:43:33,542 | INFO | Epoch 766 Train Time 25.705587148666382s

2025-10-28 02:43:59,917 | INFO | Training epoch 767, Batch 1000/1000: LR=6.83e-05, Loss=1.82e-02 BER=7.09e-03 FER=1.69e-01
2025-10-28 02:43:59,974 | INFO | Epoch 767 Train Time 26.431264400482178s

2025-10-28 02:44:26,266 | INFO | Training epoch 768, Batch 1000/1000: LR=6.82e-05, Loss=1.83e-02 BER=7.12e-03 FER=1.72e-01
2025-10-28 02:44:26,323 | INFO | Epoch 768 Train Time 26.348251581192017s

2025-10-28 02:44:53,395 | INFO | Training epoch 769, Batch 1000/1000: LR=6.81e-05, Loss=1.79e-02 BER=6.95e-03 FER=1.69e-01
2025-10-28 02:44:53,450 | INFO | Epoch 769 Train Time 27.12623405456543s

2025-10-28 02:45:20,110 | INFO | Training epoch 770, Batch 1000/1000: LR=6.81e-05, Loss=1.82e-02 BER=7.08e-03 FER=1.70e-01
2025-10-28 02:45:20,162 | INFO | Epoch 770 Train Time 26.711451768875122s

2025-10-28 02:45:45,235 | INFO | Training epoch 771, Batch 1000/1000: LR=6.80e-05, Loss=1.83e-02 BER=7.19e-03 FER=1.72e-01
2025-10-28 02:45:45,279 | INFO | Epoch 771 Train Time 25.115744829177856s

2025-10-28 02:46:10,433 | INFO | Training epoch 772, Batch 1000/1000: LR=6.79e-05, Loss=1.82e-02 BER=7.11e-03 FER=1.71e-01
2025-10-28 02:46:10,477 | INFO | Epoch 772 Train Time 25.19728183746338s

2025-10-28 02:46:37,473 | INFO | Training epoch 773, Batch 1000/1000: LR=6.79e-05, Loss=1.83e-02 BER=7.13e-03 FER=1.71e-01
2025-10-28 02:46:37,529 | INFO | Epoch 773 Train Time 27.05132293701172s

2025-10-28 02:47:03,629 | INFO | Training epoch 774, Batch 1000/1000: LR=6.78e-05, Loss=1.82e-02 BER=7.11e-03 FER=1.71e-01
2025-10-28 02:47:03,675 | INFO | Epoch 774 Train Time 26.14587163925171s

2025-10-28 02:47:29,529 | INFO | Training epoch 775, Batch 1000/1000: LR=6.77e-05, Loss=1.82e-02 BER=7.11e-03 FER=1.70e-01
2025-10-28 02:47:29,583 | INFO | Epoch 775 Train Time 25.907217502593994s

2025-10-28 02:47:55,627 | INFO | Training epoch 776, Batch 1000/1000: LR=6.76e-05, Loss=1.81e-02 BER=7.07e-03 FER=1.69e-01
2025-10-28 02:47:55,679 | INFO | Epoch 776 Train Time 26.095682621002197s

2025-10-28 02:48:23,139 | INFO | Training epoch 777, Batch 1000/1000: LR=6.76e-05, Loss=1.82e-02 BER=7.08e-03 FER=1.71e-01
2025-10-28 02:48:23,190 | INFO | Epoch 777 Train Time 27.510438442230225s

2025-10-28 02:48:49,973 | INFO | Training epoch 778, Batch 1000/1000: LR=6.75e-05, Loss=1.81e-02 BER=7.07e-03 FER=1.70e-01
2025-10-28 02:48:50,028 | INFO | Epoch 778 Train Time 26.83735227584839s

2025-10-28 02:49:16,705 | INFO | Training epoch 779, Batch 1000/1000: LR=6.74e-05, Loss=1.83e-02 BER=7.12e-03 FER=1.71e-01
2025-10-28 02:49:16,752 | INFO | Epoch 779 Train Time 26.72221088409424s

2025-10-28 02:49:42,545 | INFO | Training epoch 780, Batch 1000/1000: LR=6.73e-05, Loss=1.82e-02 BER=7.09e-03 FER=1.70e-01
2025-10-28 02:49:42,592 | INFO | Epoch 780 Train Time 25.839451789855957s

2025-10-28 02:50:08,123 | INFO | Training epoch 781, Batch 1000/1000: LR=6.73e-05, Loss=1.79e-02 BER=6.98e-03 FER=1.69e-01
2025-10-28 02:50:08,172 | INFO | Epoch 781 Train Time 25.58035373687744s

2025-10-28 02:50:35,142 | INFO | Training epoch 782, Batch 1000/1000: LR=6.72e-05, Loss=1.81e-02 BER=7.04e-03 FER=1.69e-01
2025-10-28 02:50:35,194 | INFO | Epoch 782 Train Time 27.020429372787476s

2025-10-28 02:51:00,078 | INFO | Training epoch 783, Batch 1000/1000: LR=6.71e-05, Loss=1.80e-02 BER=7.02e-03 FER=1.70e-01
2025-10-28 02:51:00,124 | INFO | Epoch 783 Train Time 24.930342197418213s

2025-10-28 02:51:25,142 | INFO | Training epoch 784, Batch 1000/1000: LR=6.70e-05, Loss=1.82e-02 BER=7.15e-03 FER=1.72e-01
2025-10-28 02:51:25,208 | INFO | Epoch 784 Train Time 25.082756757736206s

2025-10-28 02:51:50,588 | INFO | Training epoch 785, Batch 1000/1000: LR=6.70e-05, Loss=1.83e-02 BER=7.16e-03 FER=1.72e-01
2025-10-28 02:51:50,635 | INFO | Epoch 785 Train Time 25.426085472106934s

2025-10-28 02:52:17,395 | INFO | Training epoch 786, Batch 1000/1000: LR=6.69e-05, Loss=1.81e-02 BER=7.04e-03 FER=1.70e-01
2025-10-28 02:52:17,447 | INFO | Epoch 786 Train Time 26.81173276901245s

2025-10-28 02:52:44,654 | INFO | Training epoch 787, Batch 1000/1000: LR=6.68e-05, Loss=1.84e-02 BER=7.13e-03 FER=1.72e-01
2025-10-28 02:52:44,698 | INFO | Epoch 787 Train Time 27.25004553794861s

2025-10-28 02:53:10,386 | INFO | Training epoch 788, Batch 1000/1000: LR=6.68e-05, Loss=1.82e-02 BER=7.10e-03 FER=1.71e-01
2025-10-28 02:53:10,437 | INFO | Epoch 788 Train Time 25.73831605911255s

2025-10-28 02:53:36,270 | INFO | Training epoch 789, Batch 1000/1000: LR=6.67e-05, Loss=1.80e-02 BER=7.02e-03 FER=1.68e-01
2025-10-28 02:53:36,312 | INFO | Epoch 789 Train Time 25.87457776069641s

2025-10-28 02:54:03,173 | INFO | Training epoch 790, Batch 1000/1000: LR=6.66e-05, Loss=1.81e-02 BER=7.05e-03 FER=1.70e-01
2025-10-28 02:54:03,226 | INFO | Epoch 790 Train Time 26.91388440132141s

2025-10-28 02:54:30,745 | INFO | Training epoch 791, Batch 1000/1000: LR=6.65e-05, Loss=1.82e-02 BER=7.09e-03 FER=1.70e-01
2025-10-28 02:54:30,803 | INFO | Epoch 791 Train Time 27.575183391571045s

2025-10-28 02:54:56,884 | INFO | Training epoch 792, Batch 1000/1000: LR=6.65e-05, Loss=1.80e-02 BER=7.00e-03 FER=1.69e-01
2025-10-28 02:54:56,936 | INFO | Epoch 792 Train Time 26.132651805877686s

2025-10-28 02:55:24,459 | INFO | Training epoch 793, Batch 1000/1000: LR=6.64e-05, Loss=1.83e-02 BER=7.13e-03 FER=1.72e-01
2025-10-28 02:55:24,507 | INFO | Epoch 793 Train Time 27.57020616531372s

2025-10-28 02:55:49,744 | INFO | Training epoch 794, Batch 1000/1000: LR=6.63e-05, Loss=1.81e-02 BER=7.06e-03 FER=1.70e-01
2025-10-28 02:55:49,792 | INFO | Epoch 794 Train Time 25.284362077713013s

2025-10-28 02:56:17,478 | INFO | Training epoch 795, Batch 1000/1000: LR=6.62e-05, Loss=1.81e-02 BER=7.09e-03 FER=1.70e-01
2025-10-28 02:56:17,531 | INFO | Epoch 795 Train Time 27.738799571990967s

2025-10-28 02:56:44,027 | INFO | Training epoch 796, Batch 1000/1000: LR=6.62e-05, Loss=1.82e-02 BER=7.08e-03 FER=1.70e-01
2025-10-28 02:56:44,086 | INFO | Epoch 796 Train Time 26.55413031578064s

2025-10-28 02:57:11,138 | INFO | Training epoch 797, Batch 1000/1000: LR=6.61e-05, Loss=1.82e-02 BER=7.13e-03 FER=1.72e-01
2025-10-28 02:57:11,203 | INFO | Epoch 797 Train Time 27.116001844406128s

2025-10-28 02:57:37,761 | INFO | Training epoch 798, Batch 1000/1000: LR=6.60e-05, Loss=1.80e-02 BER=6.99e-03 FER=1.69e-01
2025-10-28 02:57:37,808 | INFO | Epoch 798 Train Time 26.60478973388672s

2025-10-28 02:58:03,251 | INFO | Training epoch 799, Batch 1000/1000: LR=6.59e-05, Loss=1.81e-02 BER=7.03e-03 FER=1.71e-01
2025-10-28 02:58:03,308 | INFO | Epoch 799 Train Time 25.499563217163086s

2025-10-28 02:58:28,492 | INFO | Training epoch 800, Batch 1000/1000: LR=6.59e-05, Loss=1.80e-02 BER=7.03e-03 FER=1.70e-01
2025-10-28 02:58:28,545 | INFO | Epoch 800 Train Time 25.23653769493103s

2025-10-28 02:58:55,255 | INFO | Training epoch 801, Batch 1000/1000: LR=6.58e-05, Loss=1.82e-02 BER=7.07e-03 FER=1.70e-01
2025-10-28 02:58:55,294 | INFO | Epoch 801 Train Time 26.747997045516968s

2025-10-28 02:59:21,437 | INFO | Training epoch 802, Batch 1000/1000: LR=6.57e-05, Loss=1.82e-02 BER=7.09e-03 FER=1.71e-01
2025-10-28 02:59:21,515 | INFO | Epoch 802 Train Time 26.220202922821045s

2025-10-28 02:59:46,829 | INFO | Training epoch 803, Batch 1000/1000: LR=6.56e-05, Loss=1.80e-02 BER=6.98e-03 FER=1.68e-01
2025-10-28 02:59:46,883 | INFO | Epoch 803 Train Time 25.367357969284058s

2025-10-28 03:00:13,166 | INFO | Training epoch 804, Batch 1000/1000: LR=6.56e-05, Loss=1.82e-02 BER=7.07e-03 FER=1.71e-01
2025-10-28 03:00:13,220 | INFO | Epoch 804 Train Time 26.335723876953125s

2025-10-28 03:00:40,393 | INFO | Training epoch 805, Batch 1000/1000: LR=6.55e-05, Loss=1.80e-02 BER=7.06e-03 FER=1.70e-01
2025-10-28 03:00:40,449 | INFO | Epoch 805 Train Time 27.227447509765625s

2025-10-28 03:01:06,874 | INFO | Training epoch 806, Batch 1000/1000: LR=6.54e-05, Loss=1.80e-02 BER=7.04e-03 FER=1.70e-01
2025-10-28 03:01:06,927 | INFO | Epoch 806 Train Time 26.47765827178955s

2025-10-28 03:01:32,609 | INFO | Training epoch 807, Batch 1000/1000: LR=6.54e-05, Loss=1.80e-02 BER=7.01e-03 FER=1.69e-01
2025-10-28 03:01:32,671 | INFO | Epoch 807 Train Time 25.743552207946777s

2025-10-28 03:01:59,185 | INFO | Training epoch 808, Batch 1000/1000: LR=6.53e-05, Loss=1.82e-02 BER=7.10e-03 FER=1.71e-01
2025-10-28 03:01:59,237 | INFO | Epoch 808 Train Time 26.564072370529175s

2025-10-28 03:02:25,597 | INFO | Training epoch 809, Batch 1000/1000: LR=6.52e-05, Loss=1.80e-02 BER=7.04e-03 FER=1.69e-01
2025-10-28 03:02:25,653 | INFO | Epoch 809 Train Time 26.41501545906067s

2025-10-28 03:02:51,654 | INFO | Training epoch 810, Batch 1000/1000: LR=6.51e-05, Loss=1.81e-02 BER=7.05e-03 FER=1.70e-01
2025-10-28 03:02:51,697 | INFO | Epoch 810 Train Time 26.044034481048584s

2025-10-28 03:03:17,359 | INFO | Training epoch 811, Batch 1000/1000: LR=6.51e-05, Loss=1.82e-02 BER=7.11e-03 FER=1.71e-01
2025-10-28 03:03:17,419 | INFO | Epoch 811 Train Time 25.721184015274048s

2025-10-28 03:03:44,770 | INFO | Training epoch 812, Batch 1000/1000: LR=6.50e-05, Loss=1.81e-02 BER=7.03e-03 FER=1.69e-01
2025-10-28 03:03:44,824 | INFO | Epoch 812 Train Time 27.404648065567017s

2025-10-28 03:04:11,308 | INFO | Training epoch 813, Batch 1000/1000: LR=6.49e-05, Loss=1.82e-02 BER=7.10e-03 FER=1.71e-01
2025-10-28 03:04:11,372 | INFO | Epoch 813 Train Time 26.5465030670166s

2025-10-28 03:04:38,357 | INFO | Training epoch 814, Batch 1000/1000: LR=6.48e-05, Loss=1.80e-02 BER=6.99e-03 FER=1.68e-01
2025-10-28 03:04:38,414 | INFO | Epoch 814 Train Time 27.040866136550903s

2025-10-28 03:05:05,514 | INFO | Training epoch 815, Batch 1000/1000: LR=6.48e-05, Loss=1.81e-02 BER=7.05e-03 FER=1.69e-01
2025-10-28 03:05:05,572 | INFO | Epoch 815 Train Time 27.15777850151062s

2025-10-28 03:05:34,223 | INFO | Training epoch 816, Batch 1000/1000: LR=6.47e-05, Loss=1.79e-02 BER=6.97e-03 FER=1.68e-01
2025-10-28 03:05:34,281 | INFO | Epoch 816 Train Time 28.708003759384155s

2025-10-28 03:05:34,281 | INFO | [P2] saving best_model (QAT) with loss 0.017860 at epoch 816
2025-10-28 03:06:00,879 | INFO | Training epoch 817, Batch 1000/1000: LR=6.46e-05, Loss=1.81e-02 BER=7.05e-03 FER=1.70e-01
2025-10-28 03:06:00,934 | INFO | Epoch 817 Train Time 26.640116691589355s

2025-10-28 03:06:27,538 | INFO | Training epoch 818, Batch 1000/1000: LR=6.45e-05, Loss=1.82e-02 BER=7.06e-03 FER=1.70e-01
2025-10-28 03:06:27,595 | INFO | Epoch 818 Train Time 26.660675764083862s

2025-10-28 03:06:54,282 | INFO | Training epoch 819, Batch 1000/1000: LR=6.45e-05, Loss=1.81e-02 BER=7.03e-03 FER=1.69e-01
2025-10-28 03:06:54,333 | INFO | Epoch 819 Train Time 26.737699031829834s

2025-10-28 03:07:19,829 | INFO | Training epoch 820, Batch 1000/1000: LR=6.44e-05, Loss=1.82e-02 BER=7.12e-03 FER=1.71e-01
2025-10-28 03:07:19,886 | INFO | Epoch 820 Train Time 25.552390575408936s

2025-10-28 03:07:46,494 | INFO | Training epoch 821, Batch 1000/1000: LR=6.43e-05, Loss=1.80e-02 BER=7.03e-03 FER=1.70e-01
2025-10-28 03:07:46,562 | INFO | Epoch 821 Train Time 26.675353050231934s

2025-10-28 03:08:11,307 | INFO | Training epoch 822, Batch 1000/1000: LR=6.42e-05, Loss=1.80e-02 BER=7.01e-03 FER=1.69e-01
2025-10-28 03:08:11,362 | INFO | Epoch 822 Train Time 24.79902958869934s

2025-10-28 03:08:39,469 | INFO | Training epoch 823, Batch 1000/1000: LR=6.42e-05, Loss=1.79e-02 BER=7.00e-03 FER=1.69e-01
2025-10-28 03:08:39,524 | INFO | Epoch 823 Train Time 28.16125798225403s

2025-10-28 03:09:06,326 | INFO | Training epoch 824, Batch 1000/1000: LR=6.41e-05, Loss=1.79e-02 BER=6.97e-03 FER=1.68e-01
2025-10-28 03:09:06,389 | INFO | Epoch 824 Train Time 26.863869428634644s

2025-10-28 03:09:34,745 | INFO | Training epoch 825, Batch 1000/1000: LR=6.40e-05, Loss=1.80e-02 BER=7.04e-03 FER=1.70e-01
2025-10-28 03:09:34,800 | INFO | Epoch 825 Train Time 28.41022276878357s

2025-10-28 03:10:00,864 | INFO | Training epoch 826, Batch 1000/1000: LR=6.39e-05, Loss=1.80e-02 BER=7.03e-03 FER=1.69e-01
2025-10-28 03:10:00,917 | INFO | Epoch 826 Train Time 26.11600923538208s

2025-10-28 03:10:26,320 | INFO | Training epoch 827, Batch 1000/1000: LR=6.39e-05, Loss=1.80e-02 BER=7.00e-03 FER=1.69e-01
2025-10-28 03:10:26,373 | INFO | Epoch 827 Train Time 25.454707622528076s

2025-10-28 03:10:52,851 | INFO | Training epoch 828, Batch 1000/1000: LR=6.38e-05, Loss=1.82e-02 BER=7.06e-03 FER=1.70e-01
2025-10-28 03:10:52,910 | INFO | Epoch 828 Train Time 26.53587532043457s

2025-10-28 03:11:19,288 | INFO | Training epoch 829, Batch 1000/1000: LR=6.37e-05, Loss=1.80e-02 BER=6.99e-03 FER=1.69e-01
2025-10-28 03:11:19,343 | INFO | Epoch 829 Train Time 26.432501316070557s

2025-10-28 03:11:46,260 | INFO | Training epoch 830, Batch 1000/1000: LR=6.36e-05, Loss=1.82e-02 BER=7.07e-03 FER=1.71e-01
2025-10-28 03:11:46,326 | INFO | Epoch 830 Train Time 26.982243299484253s

2025-10-28 03:12:13,876 | INFO | Training epoch 831, Batch 1000/1000: LR=6.36e-05, Loss=1.81e-02 BER=7.06e-03 FER=1.70e-01
2025-10-28 03:12:13,930 | INFO | Epoch 831 Train Time 27.6032133102417s

2025-10-28 03:12:40,360 | INFO | Training epoch 832, Batch 1000/1000: LR=6.35e-05, Loss=1.79e-02 BER=6.98e-03 FER=1.69e-01
2025-10-28 03:12:40,414 | INFO | Epoch 832 Train Time 26.483318090438843s

2025-10-28 03:13:06,253 | INFO | Training epoch 833, Batch 1000/1000: LR=6.34e-05, Loss=1.82e-02 BER=7.08e-03 FER=1.70e-01
2025-10-28 03:13:06,308 | INFO | Epoch 833 Train Time 25.89432954788208s

2025-10-28 03:13:34,197 | INFO | Training epoch 834, Batch 1000/1000: LR=6.33e-05, Loss=1.81e-02 BER=7.05e-03 FER=1.70e-01
2025-10-28 03:13:34,254 | INFO | Epoch 834 Train Time 27.94533133506775s

2025-10-28 03:14:00,089 | INFO | Training epoch 835, Batch 1000/1000: LR=6.33e-05, Loss=1.80e-02 BER=7.00e-03 FER=1.69e-01
2025-10-28 03:14:00,135 | INFO | Epoch 835 Train Time 25.880611658096313s

2025-10-28 03:14:25,865 | INFO | Training epoch 836, Batch 1000/1000: LR=6.32e-05, Loss=1.79e-02 BER=7.02e-03 FER=1.68e-01
2025-10-28 03:14:25,917 | INFO | Epoch 836 Train Time 25.780765533447266s

2025-10-28 03:14:52,476 | INFO | Training epoch 837, Batch 1000/1000: LR=6.31e-05, Loss=1.81e-02 BER=7.05e-03 FER=1.70e-01
2025-10-28 03:14:52,519 | INFO | Epoch 837 Train Time 26.6020565032959s

2025-10-28 03:15:17,661 | INFO | Training epoch 838, Batch 1000/1000: LR=6.30e-05, Loss=1.82e-02 BER=7.10e-03 FER=1.71e-01
2025-10-28 03:15:17,713 | INFO | Epoch 838 Train Time 25.19354271888733s

2025-10-28 03:15:44,952 | INFO | Training epoch 839, Batch 1000/1000: LR=6.30e-05, Loss=1.81e-02 BER=7.03e-03 FER=1.70e-01
2025-10-28 03:15:45,005 | INFO | Epoch 839 Train Time 27.290727138519287s

2025-10-28 03:16:11,845 | INFO | Training epoch 840, Batch 1000/1000: LR=6.29e-05, Loss=1.82e-02 BER=7.09e-03 FER=1.71e-01
2025-10-28 03:16:11,895 | INFO | Epoch 840 Train Time 26.889740467071533s

2025-10-28 03:16:38,826 | INFO | Training epoch 841, Batch 1000/1000: LR=6.28e-05, Loss=1.81e-02 BER=7.06e-03 FER=1.70e-01
2025-10-28 03:16:38,878 | INFO | Epoch 841 Train Time 26.98251247406006s

2025-10-28 03:17:05,363 | INFO | Training epoch 842, Batch 1000/1000: LR=6.27e-05, Loss=1.80e-02 BER=7.04e-03 FER=1.69e-01
2025-10-28 03:17:05,420 | INFO | Epoch 842 Train Time 26.54118037223816s

2025-10-28 03:17:32,458 | INFO | Training epoch 843, Batch 1000/1000: LR=6.27e-05, Loss=1.81e-02 BER=7.05e-03 FER=1.69e-01
2025-10-28 03:17:32,506 | INFO | Epoch 843 Train Time 27.085737228393555s

2025-10-28 03:17:58,919 | INFO | Training epoch 844, Batch 1000/1000: LR=6.26e-05, Loss=1.81e-02 BER=7.05e-03 FER=1.69e-01
2025-10-28 03:17:58,973 | INFO | Epoch 844 Train Time 26.4663302898407s

2025-10-28 03:18:24,983 | INFO | Training epoch 845, Batch 1000/1000: LR=6.25e-05, Loss=1.79e-02 BER=6.96e-03 FER=1.68e-01
2025-10-28 03:18:25,030 | INFO | Epoch 845 Train Time 26.055819272994995s

2025-10-28 03:18:51,652 | INFO | Training epoch 846, Batch 1000/1000: LR=6.24e-05, Loss=1.82e-02 BER=7.10e-03 FER=1.71e-01
2025-10-28 03:18:51,702 | INFO | Epoch 846 Train Time 26.672308921813965s

2025-10-28 03:19:18,774 | INFO | Training epoch 847, Batch 1000/1000: LR=6.24e-05, Loss=1.81e-02 BER=7.02e-03 FER=1.70e-01
2025-10-28 03:19:18,810 | INFO | Epoch 847 Train Time 27.10735511779785s

2025-10-28 03:19:45,958 | INFO | Training epoch 848, Batch 1000/1000: LR=6.23e-05, Loss=1.81e-02 BER=7.07e-03 FER=1.70e-01
2025-10-28 03:19:45,996 | INFO | Epoch 848 Train Time 27.1849102973938s

2025-10-28 03:20:10,602 | INFO | Training epoch 849, Batch 1000/1000: LR=6.22e-05, Loss=1.82e-02 BER=7.12e-03 FER=1.71e-01
2025-10-28 03:20:10,649 | INFO | Epoch 849 Train Time 24.65225124359131s

2025-10-28 03:20:36,061 | INFO | Training epoch 850, Batch 1000/1000: LR=6.21e-05, Loss=1.80e-02 BER=7.01e-03 FER=1.68e-01
2025-10-28 03:20:36,106 | INFO | Epoch 850 Train Time 25.45634388923645s

2025-10-28 03:21:02,691 | INFO | Training epoch 851, Batch 1000/1000: LR=6.21e-05, Loss=1.81e-02 BER=7.07e-03 FER=1.70e-01
2025-10-28 03:21:02,749 | INFO | Epoch 851 Train Time 26.64321541786194s

2025-10-28 03:21:29,371 | INFO | Training epoch 852, Batch 1000/1000: LR=6.20e-05, Loss=1.79e-02 BER=6.99e-03 FER=1.69e-01
2025-10-28 03:21:29,422 | INFO | Epoch 852 Train Time 26.67194700241089s

2025-10-28 03:21:55,973 | INFO | Training epoch 853, Batch 1000/1000: LR=6.19e-05, Loss=1.80e-02 BER=7.02e-03 FER=1.69e-01
2025-10-28 03:21:56,021 | INFO | Epoch 853 Train Time 26.598194360733032s

2025-10-28 03:22:22,904 | INFO | Training epoch 854, Batch 1000/1000: LR=6.18e-05, Loss=1.82e-02 BER=7.10e-03 FER=1.70e-01
2025-10-28 03:22:22,954 | INFO | Epoch 854 Train Time 26.932375192642212s

2025-10-28 03:22:51,053 | INFO | Training epoch 855, Batch 1000/1000: LR=6.18e-05, Loss=1.82e-02 BER=7.08e-03 FER=1.71e-01
2025-10-28 03:22:51,101 | INFO | Epoch 855 Train Time 28.14705204963684s

2025-10-28 03:23:17,218 | INFO | Training epoch 856, Batch 1000/1000: LR=6.17e-05, Loss=1.80e-02 BER=7.06e-03 FER=1.69e-01
2025-10-28 03:23:17,273 | INFO | Epoch 856 Train Time 26.170751810073853s

2025-10-28 03:23:44,553 | INFO | Training epoch 857, Batch 1000/1000: LR=6.16e-05, Loss=1.81e-02 BER=7.06e-03 FER=1.69e-01
2025-10-28 03:23:44,596 | INFO | Epoch 857 Train Time 27.323004245758057s

2025-10-28 03:24:10,031 | INFO | Training epoch 858, Batch 1000/1000: LR=6.15e-05, Loss=1.81e-02 BER=7.04e-03 FER=1.70e-01
2025-10-28 03:24:10,084 | INFO | Epoch 858 Train Time 25.487611293792725s

2025-10-28 03:24:35,236 | INFO | Training epoch 859, Batch 1000/1000: LR=6.14e-05, Loss=1.82e-02 BER=7.12e-03 FER=1.71e-01
2025-10-28 03:24:35,293 | INFO | Epoch 859 Train Time 25.20749831199646s

2025-10-28 03:25:01,097 | INFO | Training epoch 860, Batch 1000/1000: LR=6.14e-05, Loss=1.79e-02 BER=6.98e-03 FER=1.68e-01
2025-10-28 03:25:01,145 | INFO | Epoch 860 Train Time 25.851995706558228s

2025-10-28 03:25:26,803 | INFO | Training epoch 861, Batch 1000/1000: LR=6.13e-05, Loss=1.82e-02 BER=7.10e-03 FER=1.70e-01
2025-10-28 03:25:26,848 | INFO | Epoch 861 Train Time 25.70151448249817s

2025-10-28 03:25:54,725 | INFO | Training epoch 862, Batch 1000/1000: LR=6.12e-05, Loss=1.81e-02 BER=7.05e-03 FER=1.70e-01
2025-10-28 03:25:54,784 | INFO | Epoch 862 Train Time 27.935707330703735s

2025-10-28 03:26:20,374 | INFO | Training epoch 863, Batch 1000/1000: LR=6.11e-05, Loss=1.82e-02 BER=7.09e-03 FER=1.70e-01
2025-10-28 03:26:20,419 | INFO | Epoch 863 Train Time 25.63470482826233s

2025-10-28 03:26:48,371 | INFO | Training epoch 864, Batch 1000/1000: LR=6.11e-05, Loss=1.82e-02 BER=7.12e-03 FER=1.71e-01
2025-10-28 03:26:48,421 | INFO | Epoch 864 Train Time 28.000849962234497s

2025-10-28 03:27:15,377 | INFO | Training epoch 865, Batch 1000/1000: LR=6.10e-05, Loss=1.81e-02 BER=7.06e-03 FER=1.69e-01
2025-10-28 03:27:15,427 | INFO | Epoch 865 Train Time 27.005013465881348s

2025-10-28 03:27:42,214 | INFO | Training epoch 866, Batch 1000/1000: LR=6.09e-05, Loss=1.80e-02 BER=7.06e-03 FER=1.69e-01
2025-10-28 03:27:42,268 | INFO | Epoch 866 Train Time 26.840375900268555s

2025-10-28 03:28:09,650 | INFO | Training epoch 867, Batch 1000/1000: LR=6.08e-05, Loss=1.79e-02 BER=6.97e-03 FER=1.67e-01
2025-10-28 03:28:09,703 | INFO | Epoch 867 Train Time 27.434739589691162s

2025-10-28 03:28:36,569 | INFO | Training epoch 868, Batch 1000/1000: LR=6.08e-05, Loss=1.80e-02 BER=7.03e-03 FER=1.69e-01
2025-10-28 03:28:36,616 | INFO | Epoch 868 Train Time 26.911762475967407s

2025-10-28 03:29:02,663 | INFO | Training epoch 869, Batch 1000/1000: LR=6.07e-05, Loss=1.82e-02 BER=7.11e-03 FER=1.71e-01
2025-10-28 03:29:02,719 | INFO | Epoch 869 Train Time 26.102713346481323s

2025-10-28 03:29:28,358 | INFO | Training epoch 870, Batch 1000/1000: LR=6.06e-05, Loss=1.81e-02 BER=7.05e-03 FER=1.71e-01
2025-10-28 03:29:28,405 | INFO | Epoch 870 Train Time 25.685396432876587s

2025-10-28 03:29:53,226 | INFO | Training epoch 871, Batch 1000/1000: LR=6.05e-05, Loss=1.81e-02 BER=7.08e-03 FER=1.71e-01
2025-10-28 03:29:53,279 | INFO | Epoch 871 Train Time 24.873216152191162s

2025-10-28 03:30:20,809 | INFO | Training epoch 872, Batch 1000/1000: LR=6.05e-05, Loss=1.79e-02 BER=6.98e-03 FER=1.68e-01
2025-10-28 03:30:20,850 | INFO | Epoch 872 Train Time 27.570430755615234s

2025-10-28 03:30:48,444 | INFO | Training epoch 873, Batch 1000/1000: LR=6.04e-05, Loss=1.79e-02 BER=6.97e-03 FER=1.68e-01
2025-10-28 03:30:48,493 | INFO | Epoch 873 Train Time 27.64286732673645s

2025-10-28 03:31:15,389 | INFO | Training epoch 874, Batch 1000/1000: LR=6.03e-05, Loss=1.81e-02 BER=7.06e-03 FER=1.70e-01
2025-10-28 03:31:15,440 | INFO | Epoch 874 Train Time 26.94474720954895s

2025-10-28 03:31:41,600 | INFO | Training epoch 875, Batch 1000/1000: LR=6.02e-05, Loss=1.77e-02 BER=6.95e-03 FER=1.67e-01
2025-10-28 03:31:41,647 | INFO | Epoch 875 Train Time 26.205717086791992s

2025-10-28 03:31:41,647 | INFO | [P2] saving best_model (QAT) with loss 0.017746 at epoch 875
2025-10-28 03:32:09,373 | INFO | Training epoch 876, Batch 1000/1000: LR=6.02e-05, Loss=1.79e-02 BER=6.97e-03 FER=1.69e-01
2025-10-28 03:32:09,417 | INFO | Epoch 876 Train Time 27.755873680114746s

2025-10-28 03:32:35,423 | INFO | Training epoch 877, Batch 1000/1000: LR=6.01e-05, Loss=1.83e-02 BER=7.12e-03 FER=1.71e-01
2025-10-28 03:32:35,477 | INFO | Epoch 877 Train Time 26.05915355682373s

2025-10-28 03:33:01,387 | INFO | Training epoch 878, Batch 1000/1000: LR=6.00e-05, Loss=1.79e-02 BER=6.97e-03 FER=1.68e-01
2025-10-28 03:33:01,440 | INFO | Epoch 878 Train Time 25.96280527114868s

2025-10-28 03:33:27,591 | INFO | Training epoch 879, Batch 1000/1000: LR=5.99e-05, Loss=1.83e-02 BER=7.14e-03 FER=1.72e-01
2025-10-28 03:33:27,639 | INFO | Epoch 879 Train Time 26.198119640350342s

2025-10-28 03:33:52,938 | INFO | Training epoch 880, Batch 1000/1000: LR=5.99e-05, Loss=1.79e-02 BER=6.97e-03 FER=1.68e-01
2025-10-28 03:33:52,993 | INFO | Epoch 880 Train Time 25.35291886329651s

2025-10-28 03:34:21,431 | INFO | Training epoch 881, Batch 1000/1000: LR=5.98e-05, Loss=1.80e-02 BER=7.02e-03 FER=1.69e-01
2025-10-28 03:34:21,495 | INFO | Epoch 881 Train Time 28.50113821029663s

2025-10-28 03:34:48,448 | INFO | Training epoch 882, Batch 1000/1000: LR=5.97e-05, Loss=1.80e-02 BER=6.98e-03 FER=1.68e-01
2025-10-28 03:34:48,500 | INFO | Epoch 882 Train Time 27.003554582595825s

2025-10-28 03:35:16,271 | INFO | Training epoch 883, Batch 1000/1000: LR=5.96e-05, Loss=1.81e-02 BER=7.00e-03 FER=1.69e-01
2025-10-28 03:35:16,324 | INFO | Epoch 883 Train Time 27.82401466369629s

2025-10-28 03:35:42,584 | INFO | Training epoch 884, Batch 1000/1000: LR=5.95e-05, Loss=1.81e-02 BER=7.06e-03 FER=1.70e-01
2025-10-28 03:35:42,627 | INFO | Epoch 884 Train Time 26.30197238922119s

2025-10-28 03:36:06,446 | INFO | Training epoch 885, Batch 1000/1000: LR=5.95e-05, Loss=1.81e-02 BER=7.08e-03 FER=1.70e-01
2025-10-28 03:36:06,499 | INFO | Epoch 885 Train Time 23.871395587921143s

2025-10-28 03:36:33,688 | INFO | Training epoch 886, Batch 1000/1000: LR=5.94e-05, Loss=1.83e-02 BER=7.12e-03 FER=1.71e-01
2025-10-28 03:36:33,735 | INFO | Epoch 886 Train Time 27.23505473136902s

2025-10-28 03:36:59,845 | INFO | Training epoch 887, Batch 1000/1000: LR=5.93e-05, Loss=1.82e-02 BER=7.08e-03 FER=1.71e-01
2025-10-28 03:36:59,904 | INFO | Epoch 887 Train Time 26.168250799179077s

2025-10-28 03:37:27,146 | INFO | Training epoch 888, Batch 1000/1000: LR=5.92e-05, Loss=1.82e-02 BER=7.09e-03 FER=1.70e-01
2025-10-28 03:37:27,201 | INFO | Epoch 888 Train Time 27.297046899795532s

2025-10-28 03:37:53,920 | INFO | Training epoch 889, Batch 1000/1000: LR=5.92e-05, Loss=1.81e-02 BER=7.05e-03 FER=1.70e-01
2025-10-28 03:37:53,957 | INFO | Epoch 889 Train Time 26.7547287940979s

2025-10-28 03:38:20,398 | INFO | Training epoch 890, Batch 1000/1000: LR=5.91e-05, Loss=1.82e-02 BER=7.09e-03 FER=1.72e-01
2025-10-28 03:38:20,447 | INFO | Epoch 890 Train Time 26.49002432823181s

2025-10-28 03:38:45,309 | INFO | Training epoch 891, Batch 1000/1000: LR=5.90e-05, Loss=1.80e-02 BER=7.00e-03 FER=1.68e-01
2025-10-28 03:38:45,357 | INFO | Epoch 891 Train Time 24.90857481956482s

2025-10-28 03:39:10,755 | INFO | Training epoch 892, Batch 1000/1000: LR=5.89e-05, Loss=1.81e-02 BER=7.06e-03 FER=1.69e-01
2025-10-28 03:39:10,806 | INFO | Epoch 892 Train Time 25.44794487953186s

2025-10-28 03:39:36,873 | INFO | Training epoch 893, Batch 1000/1000: LR=5.89e-05, Loss=1.79e-02 BER=6.97e-03 FER=1.69e-01
2025-10-28 03:39:36,918 | INFO | Epoch 893 Train Time 26.11175227165222s

2025-10-28 03:40:03,607 | INFO | Training epoch 894, Batch 1000/1000: LR=5.88e-05, Loss=1.80e-02 BER=7.04e-03 FER=1.69e-01
2025-10-28 03:40:03,650 | INFO | Epoch 894 Train Time 26.73121452331543s

2025-10-28 03:40:31,066 | INFO | Training epoch 895, Batch 1000/1000: LR=5.87e-05, Loss=1.79e-02 BER=6.98e-03 FER=1.68e-01
2025-10-28 03:40:31,105 | INFO | Epoch 895 Train Time 27.45464777946472s

2025-10-28 03:40:56,454 | INFO | Training epoch 896, Batch 1000/1000: LR=5.86e-05, Loss=1.80e-02 BER=7.02e-03 FER=1.69e-01
2025-10-28 03:40:56,492 | INFO | Epoch 896 Train Time 25.386672496795654s

2025-10-28 03:41:23,205 | INFO | Training epoch 897, Batch 1000/1000: LR=5.86e-05, Loss=1.81e-02 BER=7.08e-03 FER=1.71e-01
2025-10-28 03:41:23,254 | INFO | Epoch 897 Train Time 26.760775089263916s

2025-10-28 03:41:50,261 | INFO | Training epoch 898, Batch 1000/1000: LR=5.85e-05, Loss=1.81e-02 BER=7.05e-03 FER=1.70e-01
2025-10-28 03:41:50,311 | INFO | Epoch 898 Train Time 27.056435585021973s

2025-10-28 03:42:16,155 | INFO | Training epoch 899, Batch 1000/1000: LR=5.84e-05, Loss=1.83e-02 BER=7.10e-03 FER=1.71e-01
2025-10-28 03:42:16,203 | INFO | Epoch 899 Train Time 25.891992568969727s

2025-10-28 03:42:43,795 | INFO | Training epoch 900, Batch 1000/1000: LR=5.83e-05, Loss=1.79e-02 BER=6.99e-03 FER=1.70e-01
2025-10-28 03:42:43,851 | INFO | Epoch 900 Train Time 27.6472909450531s

2025-10-28 03:43:08,829 | INFO | Training epoch 901, Batch 1000/1000: LR=5.82e-05, Loss=1.82e-02 BER=7.07e-03 FER=1.69e-01
2025-10-28 03:43:08,871 | INFO | Epoch 901 Train Time 25.018338203430176s

2025-10-28 03:43:33,269 | INFO | Training epoch 902, Batch 1000/1000: LR=5.82e-05, Loss=1.80e-02 BER=7.02e-03 FER=1.69e-01
2025-10-28 03:43:33,316 | INFO | Epoch 902 Train Time 24.444437503814697s

2025-10-28 03:43:58,699 | INFO | Training epoch 903, Batch 1000/1000: LR=5.81e-05, Loss=1.80e-02 BER=7.04e-03 FER=1.69e-01
2025-10-28 03:43:58,751 | INFO | Epoch 903 Train Time 25.434760093688965s

2025-10-28 03:44:27,470 | INFO | Training epoch 904, Batch 1000/1000: LR=5.80e-05, Loss=1.80e-02 BER=7.02e-03 FER=1.69e-01
2025-10-28 03:44:27,521 | INFO | Epoch 904 Train Time 28.769441604614258s

2025-10-28 03:44:53,256 | INFO | Training epoch 905, Batch 1000/1000: LR=5.79e-05, Loss=1.79e-02 BER=7.02e-03 FER=1.69e-01
2025-10-28 03:44:53,303 | INFO | Epoch 905 Train Time 25.780778408050537s

2025-10-28 03:45:20,417 | INFO | Training epoch 906, Batch 1000/1000: LR=5.79e-05, Loss=1.81e-02 BER=7.06e-03 FER=1.70e-01
2025-10-28 03:45:20,461 | INFO | Epoch 906 Train Time 27.15807342529297s

2025-10-28 03:45:45,231 | INFO | Training epoch 907, Batch 1000/1000: LR=5.78e-05, Loss=1.81e-02 BER=7.05e-03 FER=1.69e-01
2025-10-28 03:45:45,283 | INFO | Epoch 907 Train Time 24.821447134017944s

2025-10-28 03:46:09,664 | INFO | Training epoch 908, Batch 1000/1000: LR=5.77e-05, Loss=1.81e-02 BER=7.06e-03 FER=1.70e-01
2025-10-28 03:46:09,709 | INFO | Epoch 908 Train Time 24.425086736679077s

2025-10-28 03:46:36,254 | INFO | Training epoch 909, Batch 1000/1000: LR=5.76e-05, Loss=1.80e-02 BER=7.02e-03 FER=1.68e-01
2025-10-28 03:46:36,308 | INFO | Epoch 909 Train Time 26.598119735717773s

2025-10-28 03:47:03,942 | INFO | Training epoch 910, Batch 1000/1000: LR=5.76e-05, Loss=1.82e-02 BER=7.08e-03 FER=1.70e-01
2025-10-28 03:47:04,006 | INFO | Epoch 910 Train Time 27.697470903396606s

2025-10-28 03:47:30,381 | INFO | Training epoch 911, Batch 1000/1000: LR=5.75e-05, Loss=1.79e-02 BER=6.95e-03 FER=1.68e-01
2025-10-28 03:47:30,438 | INFO | Epoch 911 Train Time 26.431493520736694s

2025-10-28 03:47:56,052 | INFO | Training epoch 912, Batch 1000/1000: LR=5.74e-05, Loss=1.82e-02 BER=7.08e-03 FER=1.70e-01
2025-10-28 03:47:56,101 | INFO | Epoch 912 Train Time 25.661975622177124s

2025-10-28 03:48:22,662 | INFO | Training epoch 913, Batch 1000/1000: LR=5.73e-05, Loss=1.79e-02 BER=7.01e-03 FER=1.68e-01
2025-10-28 03:48:22,696 | INFO | Epoch 913 Train Time 26.594091653823853s

2025-10-28 03:48:48,723 | INFO | Training epoch 914, Batch 1000/1000: LR=5.72e-05, Loss=1.82e-02 BER=7.09e-03 FER=1.70e-01
2025-10-28 03:48:48,771 | INFO | Epoch 914 Train Time 26.07485055923462s

2025-10-28 03:49:15,814 | INFO | Training epoch 915, Batch 1000/1000: LR=5.72e-05, Loss=1.81e-02 BER=7.03e-03 FER=1.69e-01
2025-10-28 03:49:15,871 | INFO | Epoch 915 Train Time 27.098664045333862s

2025-10-28 03:49:43,398 | INFO | Training epoch 916, Batch 1000/1000: LR=5.71e-05, Loss=1.82e-02 BER=7.07e-03 FER=1.71e-01
2025-10-28 03:49:43,445 | INFO | Epoch 916 Train Time 27.574177742004395s

2025-10-28 03:50:11,461 | INFO | Training epoch 917, Batch 1000/1000: LR=5.70e-05, Loss=1.82e-02 BER=7.11e-03 FER=1.71e-01
2025-10-28 03:50:11,502 | INFO | Epoch 917 Train Time 28.056154251098633s

2025-10-28 03:50:38,736 | INFO | Training epoch 918, Batch 1000/1000: LR=5.69e-05, Loss=1.83e-02 BER=7.13e-03 FER=1.72e-01
2025-10-28 03:50:38,791 | INFO | Epoch 918 Train Time 27.288174867630005s

2025-10-28 03:51:05,565 | INFO | Training epoch 919, Batch 1000/1000: LR=5.69e-05, Loss=1.81e-02 BER=7.04e-03 FER=1.70e-01
2025-10-28 03:51:05,606 | INFO | Epoch 919 Train Time 26.814768075942993s

2025-10-28 03:51:32,282 | INFO | Training epoch 920, Batch 1000/1000: LR=5.68e-05, Loss=1.81e-02 BER=7.03e-03 FER=1.71e-01
2025-10-28 03:51:32,333 | INFO | Epoch 920 Train Time 26.72663187980652s

2025-10-28 03:51:58,092 | INFO | Training epoch 921, Batch 1000/1000: LR=5.67e-05, Loss=1.81e-02 BER=7.06e-03 FER=1.69e-01
2025-10-28 03:51:58,134 | INFO | Epoch 921 Train Time 25.799298524856567s

2025-10-28 03:52:24,197 | INFO | Training epoch 922, Batch 1000/1000: LR=5.66e-05, Loss=1.83e-02 BER=7.13e-03 FER=1.71e-01
2025-10-28 03:52:24,249 | INFO | Epoch 922 Train Time 26.1144540309906s

2025-10-28 03:52:50,057 | INFO | Training epoch 923, Batch 1000/1000: LR=5.65e-05, Loss=1.79e-02 BER=6.97e-03 FER=1.68e-01
2025-10-28 03:52:50,112 | INFO | Epoch 923 Train Time 25.862678050994873s

2025-10-28 03:53:17,773 | INFO | Training epoch 924, Batch 1000/1000: LR=5.65e-05, Loss=1.83e-02 BER=7.13e-03 FER=1.71e-01
2025-10-28 03:53:17,817 | INFO | Epoch 924 Train Time 27.704697608947754s

2025-10-28 03:53:44,813 | INFO | Training epoch 925, Batch 1000/1000: LR=5.64e-05, Loss=1.82e-02 BER=7.09e-03 FER=1.71e-01
2025-10-28 03:53:44,863 | INFO | Epoch 925 Train Time 27.045588493347168s

2025-10-28 03:54:12,880 | INFO | Training epoch 926, Batch 1000/1000: LR=5.63e-05, Loss=1.80e-02 BER=7.01e-03 FER=1.68e-01
2025-10-28 03:54:12,927 | INFO | Epoch 926 Train Time 28.062231063842773s

2025-10-28 03:54:40,681 | INFO | Training epoch 927, Batch 1000/1000: LR=5.62e-05, Loss=1.81e-02 BER=7.06e-03 FER=1.69e-01
2025-10-28 03:54:40,743 | INFO | Epoch 927 Train Time 27.815381050109863s

2025-10-28 03:55:07,569 | INFO | Training epoch 928, Batch 1000/1000: LR=5.62e-05, Loss=1.82e-02 BER=7.10e-03 FER=1.69e-01
2025-10-28 03:55:07,636 | INFO | Epoch 928 Train Time 26.89247441291809s

2025-10-28 03:55:34,546 | INFO | Training epoch 929, Batch 1000/1000: LR=5.61e-05, Loss=1.81e-02 BER=7.06e-03 FER=1.69e-01
2025-10-28 03:55:34,599 | INFO | Epoch 929 Train Time 26.962193727493286s

2025-10-28 03:56:00,153 | INFO | Training epoch 930, Batch 1000/1000: LR=5.60e-05, Loss=1.81e-02 BER=7.05e-03 FER=1.70e-01
2025-10-28 03:56:00,205 | INFO | Epoch 930 Train Time 25.605498790740967s

2025-10-28 03:56:26,934 | INFO | Training epoch 931, Batch 1000/1000: LR=5.59e-05, Loss=1.81e-02 BER=7.04e-03 FER=1.69e-01
2025-10-28 03:56:26,982 | INFO | Epoch 931 Train Time 26.775586128234863s

2025-10-28 03:56:51,800 | INFO | Training epoch 932, Batch 1000/1000: LR=5.59e-05, Loss=1.82e-02 BER=7.12e-03 FER=1.71e-01
2025-10-28 03:56:51,850 | INFO | Epoch 932 Train Time 24.867934465408325s

2025-10-28 03:57:18,203 | INFO | Training epoch 933, Batch 1000/1000: LR=5.58e-05, Loss=1.81e-02 BER=7.07e-03 FER=1.70e-01
2025-10-28 03:57:18,257 | INFO | Epoch 933 Train Time 26.406050205230713s

2025-10-28 03:57:45,413 | INFO | Training epoch 934, Batch 1000/1000: LR=5.57e-05, Loss=1.81e-02 BER=7.04e-03 FER=1.69e-01
2025-10-28 03:57:45,455 | INFO | Epoch 934 Train Time 27.197444915771484s

2025-10-28 03:58:09,934 | INFO | Training epoch 935, Batch 1000/1000: LR=5.56e-05, Loss=1.81e-02 BER=7.02e-03 FER=1.69e-01
2025-10-28 03:58:09,985 | INFO | Epoch 935 Train Time 24.529098510742188s

2025-10-28 03:58:35,913 | INFO | Training epoch 936, Batch 1000/1000: LR=5.55e-05, Loss=1.82e-02 BER=7.11e-03 FER=1.70e-01
2025-10-28 03:58:35,957 | INFO | Epoch 936 Train Time 25.971598625183105s

2025-10-28 03:59:01,835 | INFO | Training epoch 937, Batch 1000/1000: LR=5.55e-05, Loss=1.81e-02 BER=7.06e-03 FER=1.70e-01
2025-10-28 03:59:01,882 | INFO | Epoch 937 Train Time 25.924221992492676s

2025-10-28 03:59:26,967 | INFO | Training epoch 938, Batch 1000/1000: LR=5.54e-05, Loss=1.79e-02 BER=7.02e-03 FER=1.69e-01
2025-10-28 03:59:27,017 | INFO | Epoch 938 Train Time 25.13480496406555s

2025-10-28 03:59:54,480 | INFO | Training epoch 939, Batch 1000/1000: LR=5.53e-05, Loss=1.81e-02 BER=7.06e-03 FER=1.70e-01
2025-10-28 03:59:54,528 | INFO | Epoch 939 Train Time 27.510544776916504s

2025-10-28 04:00:21,400 | INFO | Training epoch 940, Batch 1000/1000: LR=5.52e-05, Loss=1.79e-02 BER=7.01e-03 FER=1.69e-01
2025-10-28 04:00:21,445 | INFO | Epoch 940 Train Time 26.915771484375s

2025-10-28 04:00:47,357 | INFO | Training epoch 941, Batch 1000/1000: LR=5.52e-05, Loss=1.81e-02 BER=7.04e-03 FER=1.69e-01
2025-10-28 04:00:47,401 | INFO | Epoch 941 Train Time 25.95593786239624s

2025-10-28 04:01:12,959 | INFO | Training epoch 942, Batch 1000/1000: LR=5.51e-05, Loss=1.79e-02 BER=6.95e-03 FER=1.68e-01
2025-10-28 04:01:13,009 | INFO | Epoch 942 Train Time 25.60710382461548s

2025-10-28 04:01:40,798 | INFO | Training epoch 943, Batch 1000/1000: LR=5.50e-05, Loss=1.79e-02 BER=6.99e-03 FER=1.69e-01
2025-10-28 04:01:40,845 | INFO | Epoch 943 Train Time 27.835575580596924s

2025-10-28 04:02:05,261 | INFO | Training epoch 944, Batch 1000/1000: LR=5.49e-05, Loss=1.79e-02 BER=6.98e-03 FER=1.68e-01
2025-10-28 04:02:05,300 | INFO | Epoch 944 Train Time 24.455008029937744s

2025-10-28 04:02:31,285 | INFO | Training epoch 945, Batch 1000/1000: LR=5.48e-05, Loss=1.83e-02 BER=7.17e-03 FER=1.71e-01
2025-10-28 04:02:31,336 | INFO | Epoch 945 Train Time 26.03574252128601s

2025-10-28 04:02:57,165 | INFO | Training epoch 946, Batch 1000/1000: LR=5.48e-05, Loss=1.79e-02 BER=6.95e-03 FER=1.68e-01
2025-10-28 04:02:57,204 | INFO | Epoch 946 Train Time 25.86738872528076s

2025-10-28 04:03:23,396 | INFO | Training epoch 947, Batch 1000/1000: LR=5.47e-05, Loss=1.81e-02 BER=7.05e-03 FER=1.70e-01
2025-10-28 04:03:23,442 | INFO | Epoch 947 Train Time 26.236896991729736s

2025-10-28 04:03:51,041 | INFO | Training epoch 948, Batch 1000/1000: LR=5.46e-05, Loss=1.80e-02 BER=7.03e-03 FER=1.69e-01
2025-10-28 04:03:51,101 | INFO | Epoch 948 Train Time 27.658960819244385s

2025-10-28 04:04:17,250 | INFO | Training epoch 949, Batch 1000/1000: LR=5.45e-05, Loss=1.81e-02 BER=7.04e-03 FER=1.70e-01
2025-10-28 04:04:17,314 | INFO | Epoch 949 Train Time 26.212414741516113s

2025-10-28 04:04:42,061 | INFO | Training epoch 950, Batch 1000/1000: LR=5.45e-05, Loss=1.81e-02 BER=7.03e-03 FER=1.69e-01
2025-10-28 04:04:42,113 | INFO | Epoch 950 Train Time 24.798667430877686s

2025-10-28 04:05:08,954 | INFO | Training epoch 951, Batch 1000/1000: LR=5.44e-05, Loss=1.79e-02 BER=6.99e-03 FER=1.69e-01
2025-10-28 04:05:09,007 | INFO | Epoch 951 Train Time 26.893224239349365s

2025-10-28 04:05:37,691 | INFO | Training epoch 952, Batch 1000/1000: LR=5.43e-05, Loss=1.81e-02 BER=7.02e-03 FER=1.69e-01
2025-10-28 04:05:37,739 | INFO | Epoch 952 Train Time 28.731534719467163s

2025-10-28 04:06:04,248 | INFO | Training epoch 953, Batch 1000/1000: LR=5.42e-05, Loss=1.81e-02 BER=7.06e-03 FER=1.69e-01
2025-10-28 04:06:04,296 | INFO | Epoch 953 Train Time 26.556623220443726s

2025-10-28 04:06:31,503 | INFO | Training epoch 954, Batch 1000/1000: LR=5.42e-05, Loss=1.81e-02 BER=7.06e-03 FER=1.70e-01
2025-10-28 04:06:31,551 | INFO | Epoch 954 Train Time 27.253905057907104s

2025-10-28 04:06:58,962 | INFO | Training epoch 955, Batch 1000/1000: LR=5.41e-05, Loss=1.81e-02 BER=7.06e-03 FER=1.70e-01
2025-10-28 04:06:59,010 | INFO | Epoch 955 Train Time 27.458507299423218s

2025-10-28 04:07:25,425 | INFO | Training epoch 956, Batch 1000/1000: LR=5.40e-05, Loss=1.80e-02 BER=6.99e-03 FER=1.69e-01
2025-10-28 04:07:25,485 | INFO | Epoch 956 Train Time 26.473815202713013s

2025-10-28 04:07:50,541 | INFO | Training epoch 957, Batch 1000/1000: LR=5.39e-05, Loss=1.81e-02 BER=7.03e-03 FER=1.69e-01
2025-10-28 04:07:50,596 | INFO | Epoch 957 Train Time 25.1103572845459s

2025-10-28 04:08:16,468 | INFO | Training epoch 958, Batch 1000/1000: LR=5.38e-05, Loss=1.83e-02 BER=7.10e-03 FER=1.70e-01
2025-10-28 04:08:16,522 | INFO | Epoch 958 Train Time 25.925505876541138s

2025-10-28 04:08:41,380 | INFO | Training epoch 959, Batch 1000/1000: LR=5.38e-05, Loss=1.78e-02 BER=6.94e-03 FER=1.68e-01
2025-10-28 04:08:41,431 | INFO | Epoch 959 Train Time 24.907962322235107s

2025-10-28 04:09:07,058 | INFO | Training epoch 960, Batch 1000/1000: LR=5.37e-05, Loss=1.80e-02 BER=7.01e-03 FER=1.68e-01
2025-10-28 04:09:07,115 | INFO | Epoch 960 Train Time 25.68387222290039s

2025-10-28 04:09:34,278 | INFO | Training epoch 961, Batch 1000/1000: LR=5.36e-05, Loss=1.78e-02 BER=6.97e-03 FER=1.68e-01
2025-10-28 04:09:34,331 | INFO | Epoch 961 Train Time 27.2152156829834s

2025-10-28 04:10:01,879 | INFO | Training epoch 962, Batch 1000/1000: LR=5.35e-05, Loss=1.81e-02 BER=7.08e-03 FER=1.70e-01
2025-10-28 04:10:01,924 | INFO | Epoch 962 Train Time 27.59293031692505s

2025-10-28 04:10:28,914 | INFO | Training epoch 963, Batch 1000/1000: LR=5.35e-05, Loss=1.81e-02 BER=7.09e-03 FER=1.70e-01
2025-10-28 04:10:28,969 | INFO | Epoch 963 Train Time 27.04457378387451s

2025-10-28 04:10:55,953 | INFO | Training epoch 964, Batch 1000/1000: LR=5.34e-05, Loss=1.80e-02 BER=7.03e-03 FER=1.69e-01
2025-10-28 04:10:55,999 | INFO | Epoch 964 Train Time 27.02863907814026s

2025-10-28 04:11:22,503 | INFO | Training epoch 965, Batch 1000/1000: LR=5.33e-05, Loss=1.83e-02 BER=7.12e-03 FER=1.71e-01
2025-10-28 04:11:22,551 | INFO | Epoch 965 Train Time 26.55234169960022s

2025-10-28 04:11:47,978 | INFO | Training epoch 966, Batch 1000/1000: LR=5.32e-05, Loss=1.81e-02 BER=7.05e-03 FER=1.70e-01
2025-10-28 04:11:48,030 | INFO | Epoch 966 Train Time 25.47786021232605s

2025-10-28 04:12:13,945 | INFO | Training epoch 967, Batch 1000/1000: LR=5.31e-05, Loss=1.81e-02 BER=7.06e-03 FER=1.70e-01
2025-10-28 04:12:13,996 | INFO | Epoch 967 Train Time 25.96509027481079s

2025-10-28 04:12:40,391 | INFO | Training epoch 968, Batch 1000/1000: LR=5.31e-05, Loss=1.82e-02 BER=7.06e-03 FER=1.70e-01
2025-10-28 04:12:40,436 | INFO | Epoch 968 Train Time 26.438992738723755s

2025-10-28 04:13:06,983 | INFO | Training epoch 969, Batch 1000/1000: LR=5.30e-05, Loss=1.81e-02 BER=7.07e-03 FER=1.70e-01
2025-10-28 04:13:07,029 | INFO | Epoch 969 Train Time 26.59203553199768s

2025-10-28 04:13:34,405 | INFO | Training epoch 970, Batch 1000/1000: LR=5.29e-05, Loss=1.82e-02 BER=7.07e-03 FER=1.70e-01
2025-10-28 04:13:34,453 | INFO | Epoch 970 Train Time 27.423422813415527s

2025-10-28 04:14:00,661 | INFO | Training epoch 971, Batch 1000/1000: LR=5.28e-05, Loss=1.78e-02 BER=6.97e-03 FER=1.67e-01
2025-10-28 04:14:00,707 | INFO | Epoch 971 Train Time 26.25348734855652s

2025-10-28 04:14:27,774 | INFO | Training epoch 972, Batch 1000/1000: LR=5.28e-05, Loss=1.79e-02 BER=7.01e-03 FER=1.69e-01
2025-10-28 04:14:27,826 | INFO | Epoch 972 Train Time 27.118738412857056s

2025-10-28 04:14:53,620 | INFO | Training epoch 973, Batch 1000/1000: LR=5.27e-05, Loss=1.78e-02 BER=6.94e-03 FER=1.67e-01
2025-10-28 04:14:53,660 | INFO | Epoch 973 Train Time 25.833042860031128s

2025-10-28 04:15:19,231 | INFO | Training epoch 974, Batch 1000/1000: LR=5.26e-05, Loss=1.80e-02 BER=7.01e-03 FER=1.69e-01
2025-10-28 04:15:19,293 | INFO | Epoch 974 Train Time 25.631610870361328s

2025-10-28 04:15:43,932 | INFO | Training epoch 975, Batch 1000/1000: LR=5.25e-05, Loss=1.81e-02 BER=7.08e-03 FER=1.71e-01
2025-10-28 04:15:43,986 | INFO | Epoch 975 Train Time 24.693355798721313s

2025-10-28 04:16:08,602 | INFO | Training epoch 976, Batch 1000/1000: LR=5.24e-05, Loss=1.80e-02 BER=7.00e-03 FER=1.69e-01
2025-10-28 04:16:08,639 | INFO | Epoch 976 Train Time 24.652120113372803s

2025-10-28 04:16:33,200 | INFO | Training epoch 977, Batch 1000/1000: LR=5.24e-05, Loss=1.79e-02 BER=6.99e-03 FER=1.69e-01
2025-10-28 04:16:33,256 | INFO | Epoch 977 Train Time 24.615988969802856s

2025-10-28 04:17:01,175 | INFO | Training epoch 978, Batch 1000/1000: LR=5.23e-05, Loss=1.81e-02 BER=7.04e-03 FER=1.70e-01
2025-10-28 04:17:01,218 | INFO | Epoch 978 Train Time 27.961349964141846s

2025-10-28 04:17:27,191 | INFO | Training epoch 979, Batch 1000/1000: LR=5.22e-05, Loss=1.81e-02 BER=7.09e-03 FER=1.70e-01
2025-10-28 04:17:27,241 | INFO | Epoch 979 Train Time 26.02323889732361s

2025-10-28 04:17:52,859 | INFO | Training epoch 980, Batch 1000/1000: LR=5.21e-05, Loss=1.79e-02 BER=6.99e-03 FER=1.68e-01
2025-10-28 04:17:52,916 | INFO | Epoch 980 Train Time 25.673551559448242s

2025-10-28 04:18:18,735 | INFO | Training epoch 981, Batch 1000/1000: LR=5.21e-05, Loss=1.82e-02 BER=7.08e-03 FER=1.71e-01
2025-10-28 04:18:18,776 | INFO | Epoch 981 Train Time 25.85997748374939s

2025-10-28 04:18:44,956 | INFO | Training epoch 982, Batch 1000/1000: LR=5.20e-05, Loss=1.80e-02 BER=7.02e-03 FER=1.68e-01
2025-10-28 04:18:45,012 | INFO | Epoch 982 Train Time 26.235241413116455s

2025-10-28 04:19:11,150 | INFO | Training epoch 983, Batch 1000/1000: LR=5.19e-05, Loss=1.83e-02 BER=7.14e-03 FER=1.70e-01
2025-10-28 04:19:11,204 | INFO | Epoch 983 Train Time 26.19105553627014s

2025-10-28 04:19:37,312 | INFO | Training epoch 984, Batch 1000/1000: LR=5.18e-05, Loss=1.81e-02 BER=7.07e-03 FER=1.70e-01
2025-10-28 04:19:37,363 | INFO | Epoch 984 Train Time 26.159008502960205s

2025-10-28 04:20:04,201 | INFO | Training epoch 985, Batch 1000/1000: LR=5.17e-05, Loss=1.80e-02 BER=7.05e-03 FER=1.69e-01
2025-10-28 04:20:04,252 | INFO | Epoch 985 Train Time 26.88834547996521s

2025-10-28 04:20:30,767 | INFO | Training epoch 986, Batch 1000/1000: LR=5.17e-05, Loss=1.81e-02 BER=7.08e-03 FER=1.69e-01
2025-10-28 04:20:30,812 | INFO | Epoch 986 Train Time 26.5587375164032s

2025-10-28 04:20:58,721 | INFO | Training epoch 987, Batch 1000/1000: LR=5.16e-05, Loss=1.82e-02 BER=7.07e-03 FER=1.70e-01
2025-10-28 04:20:58,767 | INFO | Epoch 987 Train Time 27.954130172729492s

2025-10-28 04:21:25,579 | INFO | Training epoch 988, Batch 1000/1000: LR=5.15e-05, Loss=1.81e-02 BER=7.06e-03 FER=1.70e-01
2025-10-28 04:21:25,630 | INFO | Epoch 988 Train Time 26.86337971687317s

2025-10-28 04:21:51,610 | INFO | Training epoch 989, Batch 1000/1000: LR=5.14e-05, Loss=1.79e-02 BER=6.92e-03 FER=1.67e-01
2025-10-28 04:21:51,672 | INFO | Epoch 989 Train Time 26.04093098640442s

2025-10-28 04:22:17,978 | INFO | Training epoch 990, Batch 1000/1000: LR=5.14e-05, Loss=1.82e-02 BER=7.09e-03 FER=1.70e-01
2025-10-28 04:22:18,029 | INFO | Epoch 990 Train Time 26.356794118881226s

2025-10-28 04:22:43,341 | INFO | Training epoch 991, Batch 1000/1000: LR=5.13e-05, Loss=1.81e-02 BER=7.06e-03 FER=1.71e-01
2025-10-28 04:22:43,390 | INFO | Epoch 991 Train Time 25.360463857650757s

2025-10-28 04:23:09,177 | INFO | Training epoch 992, Batch 1000/1000: LR=5.12e-05, Loss=1.81e-02 BER=7.06e-03 FER=1.70e-01
2025-10-28 04:23:09,224 | INFO | Epoch 992 Train Time 25.832977294921875s

2025-10-28 04:23:34,273 | INFO | Training epoch 993, Batch 1000/1000: LR=5.11e-05, Loss=1.82e-02 BER=7.08e-03 FER=1.70e-01
2025-10-28 04:23:34,325 | INFO | Epoch 993 Train Time 25.100013494491577s

2025-10-28 04:24:00,549 | INFO | Training epoch 994, Batch 1000/1000: LR=5.10e-05, Loss=1.82e-02 BER=7.09e-03 FER=1.70e-01
2025-10-28 04:24:00,595 | INFO | Epoch 994 Train Time 26.26998209953308s

2025-10-28 04:24:24,656 | INFO | Training epoch 995, Batch 1000/1000: LR=5.10e-05, Loss=1.81e-02 BER=7.03e-03 FER=1.69e-01
2025-10-28 04:24:24,698 | INFO | Epoch 995 Train Time 24.102692127227783s

2025-10-28 04:24:51,222 | INFO | Training epoch 996, Batch 1000/1000: LR=5.09e-05, Loss=1.81e-02 BER=7.02e-03 FER=1.70e-01
2025-10-28 04:24:51,257 | INFO | Epoch 996 Train Time 26.5578670501709s

2025-10-28 04:25:17,748 | INFO | Training epoch 997, Batch 1000/1000: LR=5.08e-05, Loss=1.80e-02 BER=7.03e-03 FER=1.69e-01
2025-10-28 04:25:17,802 | INFO | Epoch 997 Train Time 26.544551372528076s

2025-10-28 04:25:44,516 | INFO | Training epoch 998, Batch 1000/1000: LR=5.07e-05, Loss=1.82e-02 BER=7.10e-03 FER=1.70e-01
2025-10-28 04:25:44,556 | INFO | Epoch 998 Train Time 26.753218173980713s

2025-10-28 04:26:09,463 | INFO | Training epoch 999, Batch 1000/1000: LR=5.07e-05, Loss=1.80e-02 BER=6.99e-03 FER=1.68e-01
2025-10-28 04:26:09,509 | INFO | Epoch 999 Train Time 24.952518224716187s

2025-10-28 04:26:35,370 | INFO | Training epoch 1000, Batch 1000/1000: LR=5.06e-05, Loss=1.82e-02 BER=7.11e-03 FER=1.70e-01
2025-10-28 04:26:35,422 | INFO | Epoch 1000 Train Time 25.912527084350586s

2025-10-28 04:27:00,805 | INFO | Training epoch 1001, Batch 1000/1000: LR=5.05e-05, Loss=1.80e-02 BER=7.04e-03 FER=1.69e-01
2025-10-28 04:27:00,850 | INFO | Epoch 1001 Train Time 25.427723169326782s

2025-10-28 04:27:24,322 | INFO | Training epoch 1002, Batch 1000/1000: LR=5.04e-05, Loss=1.80e-02 BER=7.00e-03 FER=1.68e-01
2025-10-28 04:27:24,364 | INFO | Epoch 1002 Train Time 23.513226985931396s

2025-10-28 04:27:49,743 | INFO | Training epoch 1003, Batch 1000/1000: LR=5.03e-05, Loss=1.81e-02 BER=7.05e-03 FER=1.70e-01
2025-10-28 04:27:49,788 | INFO | Epoch 1003 Train Time 25.423383951187134s

2025-10-28 04:28:16,166 | INFO | Training epoch 1004, Batch 1000/1000: LR=5.03e-05, Loss=1.80e-02 BER=7.02e-03 FER=1.70e-01
2025-10-28 04:28:16,213 | INFO | Epoch 1004 Train Time 26.42449426651001s

2025-10-28 04:28:43,546 | INFO | Training epoch 1005, Batch 1000/1000: LR=5.02e-05, Loss=1.80e-02 BER=7.00e-03 FER=1.68e-01
2025-10-28 04:28:43,585 | INFO | Epoch 1005 Train Time 27.371607542037964s

2025-10-28 04:29:10,285 | INFO | Training epoch 1006, Batch 1000/1000: LR=5.01e-05, Loss=1.80e-02 BER=7.07e-03 FER=1.69e-01
2025-10-28 04:29:10,329 | INFO | Epoch 1006 Train Time 26.742261171340942s

2025-10-28 04:29:37,486 | INFO | Training epoch 1007, Batch 1000/1000: LR=5.00e-05, Loss=1.79e-02 BER=7.00e-03 FER=1.67e-01
2025-10-28 04:29:37,531 | INFO | Epoch 1007 Train Time 27.202134609222412s

2025-10-28 04:30:03,157 | INFO | Training epoch 1008, Batch 1000/1000: LR=5.00e-05, Loss=1.80e-02 BER=7.02e-03 FER=1.69e-01
2025-10-28 04:30:03,195 | INFO | Epoch 1008 Train Time 25.663233041763306s

2025-10-28 04:30:30,378 | INFO | Training epoch 1009, Batch 1000/1000: LR=4.99e-05, Loss=1.79e-02 BER=6.97e-03 FER=1.68e-01
2025-10-28 04:30:30,439 | INFO | Epoch 1009 Train Time 27.242745399475098s

2025-10-28 04:30:58,984 | INFO | Training epoch 1010, Batch 1000/1000: LR=4.98e-05, Loss=1.78e-02 BER=6.94e-03 FER=1.67e-01
2025-10-28 04:30:59,026 | INFO | Epoch 1010 Train Time 28.58615732192993s

2025-10-28 04:31:24,310 | INFO | Training epoch 1011, Batch 1000/1000: LR=4.97e-05, Loss=1.80e-02 BER=7.01e-03 FER=1.69e-01
2025-10-28 04:31:24,365 | INFO | Epoch 1011 Train Time 25.337947607040405s

2025-10-28 04:31:51,387 | INFO | Training epoch 1012, Batch 1000/1000: LR=4.96e-05, Loss=1.80e-02 BER=7.01e-03 FER=1.70e-01
2025-10-28 04:31:51,447 | INFO | Epoch 1012 Train Time 27.081640481948853s

2025-10-28 04:32:19,225 | INFO | Training epoch 1013, Batch 1000/1000: LR=4.96e-05, Loss=1.81e-02 BER=7.06e-03 FER=1.69e-01
2025-10-28 04:32:19,264 | INFO | Epoch 1013 Train Time 27.816381216049194s

2025-10-28 04:32:44,789 | INFO | Training epoch 1014, Batch 1000/1000: LR=4.95e-05, Loss=1.79e-02 BER=6.99e-03 FER=1.68e-01
2025-10-28 04:32:44,846 | INFO | Epoch 1014 Train Time 25.581014394760132s

2025-10-28 04:33:09,589 | INFO | Training epoch 1015, Batch 1000/1000: LR=4.94e-05, Loss=1.80e-02 BER=7.04e-03 FER=1.69e-01
2025-10-28 04:33:09,632 | INFO | Epoch 1015 Train Time 24.785741329193115s

2025-10-28 04:33:35,674 | INFO | Training epoch 1016, Batch 1000/1000: LR=4.93e-05, Loss=1.81e-02 BER=7.05e-03 FER=1.69e-01
2025-10-28 04:33:35,724 | INFO | Epoch 1016 Train Time 26.090518712997437s

2025-10-28 04:34:03,088 | INFO | Training epoch 1017, Batch 1000/1000: LR=4.93e-05, Loss=1.81e-02 BER=7.06e-03 FER=1.70e-01
2025-10-28 04:34:03,155 | INFO | Epoch 1017 Train Time 27.429643392562866s

2025-10-28 04:34:27,723 | INFO | Training epoch 1018, Batch 1000/1000: LR=4.92e-05, Loss=1.78e-02 BER=6.95e-03 FER=1.68e-01
2025-10-28 04:34:27,774 | INFO | Epoch 1018 Train Time 24.619107246398926s

2025-10-28 04:34:53,160 | INFO | Training epoch 1019, Batch 1000/1000: LR=4.91e-05, Loss=1.80e-02 BER=7.03e-03 FER=1.69e-01
2025-10-28 04:34:53,209 | INFO | Epoch 1019 Train Time 25.434272527694702s

2025-10-28 04:35:20,661 | INFO | Training epoch 1020, Batch 1000/1000: LR=4.90e-05, Loss=1.82e-02 BER=7.05e-03 FER=1.70e-01
2025-10-28 04:35:20,720 | INFO | Epoch 1020 Train Time 27.51035761833191s

2025-10-28 04:35:46,570 | INFO | Training epoch 1021, Batch 1000/1000: LR=4.89e-05, Loss=1.79e-02 BER=6.96e-03 FER=1.68e-01
2025-10-28 04:35:46,608 | INFO | Epoch 1021 Train Time 25.886956214904785s

2025-10-28 04:36:12,963 | INFO | Training epoch 1022, Batch 1000/1000: LR=4.89e-05, Loss=1.82e-02 BER=7.09e-03 FER=1.71e-01
2025-10-28 04:36:13,007 | INFO | Epoch 1022 Train Time 26.39863109588623s

2025-10-28 04:36:40,577 | INFO | Training epoch 1023, Batch 1000/1000: LR=4.88e-05, Loss=1.78e-02 BER=6.94e-03 FER=1.67e-01
2025-10-28 04:36:40,630 | INFO | Epoch 1023 Train Time 27.622530221939087s

2025-10-28 04:37:05,101 | INFO | Training epoch 1024, Batch 1000/1000: LR=4.87e-05, Loss=1.80e-02 BER=7.01e-03 FER=1.68e-01
2025-10-28 04:37:05,147 | INFO | Epoch 1024 Train Time 24.516647577285767s

2025-10-28 04:37:31,627 | INFO | Training epoch 1025, Batch 1000/1000: LR=4.86e-05, Loss=1.81e-02 BER=7.01e-03 FER=1.69e-01
2025-10-28 04:37:31,675 | INFO | Epoch 1025 Train Time 26.526567697525024s

2025-10-28 04:37:59,430 | INFO | Training epoch 1026, Batch 1000/1000: LR=4.86e-05, Loss=1.79e-02 BER=6.96e-03 FER=1.68e-01
2025-10-28 04:37:59,470 | INFO | Epoch 1026 Train Time 27.79316735267639s

2025-10-28 04:38:25,592 | INFO | Training epoch 1027, Batch 1000/1000: LR=4.85e-05, Loss=1.78e-02 BER=6.94e-03 FER=1.68e-01
2025-10-28 04:38:25,654 | INFO | Epoch 1027 Train Time 26.183977365493774s

2025-10-28 04:38:51,638 | INFO | Training epoch 1028, Batch 1000/1000: LR=4.84e-05, Loss=1.80e-02 BER=7.04e-03 FER=1.68e-01
2025-10-28 04:38:51,702 | INFO | Epoch 1028 Train Time 26.046306133270264s

2025-10-28 04:39:17,865 | INFO | Training epoch 1029, Batch 1000/1000: LR=4.83e-05, Loss=1.82e-02 BER=7.05e-03 FER=1.69e-01
2025-10-28 04:39:17,910 | INFO | Epoch 1029 Train Time 26.206939220428467s

2025-10-28 04:39:43,055 | INFO | Training epoch 1030, Batch 1000/1000: LR=4.82e-05, Loss=1.81e-02 BER=7.06e-03 FER=1.71e-01
2025-10-28 04:39:43,110 | INFO | Epoch 1030 Train Time 25.19914960861206s

2025-10-28 04:40:09,995 | INFO | Training epoch 1031, Batch 1000/1000: LR=4.82e-05, Loss=1.80e-02 BER=7.01e-03 FER=1.69e-01
2025-10-28 04:40:10,049 | INFO | Epoch 1031 Train Time 26.93830704689026s

2025-10-28 04:40:35,810 | INFO | Training epoch 1032, Batch 1000/1000: LR=4.81e-05, Loss=1.80e-02 BER=6.98e-03 FER=1.69e-01
2025-10-28 04:40:35,863 | INFO | Epoch 1032 Train Time 25.813481092453003s

2025-10-28 04:41:04,203 | INFO | Training epoch 1033, Batch 1000/1000: LR=4.80e-05, Loss=1.80e-02 BER=7.02e-03 FER=1.69e-01
2025-10-28 04:41:04,251 | INFO | Epoch 1033 Train Time 28.387125968933105s

2025-10-28 04:41:29,486 | INFO | Training epoch 1034, Batch 1000/1000: LR=4.79e-05, Loss=1.81e-02 BER=7.02e-03 FER=1.69e-01
2025-10-28 04:41:29,534 | INFO | Epoch 1034 Train Time 25.282414436340332s

2025-10-28 04:41:56,647 | INFO | Training epoch 1035, Batch 1000/1000: LR=4.79e-05, Loss=1.82e-02 BER=7.14e-03 FER=1.71e-01
2025-10-28 04:41:56,705 | INFO | Epoch 1035 Train Time 27.170461416244507s

2025-10-28 04:42:24,405 | INFO | Training epoch 1036, Batch 1000/1000: LR=4.78e-05, Loss=1.81e-02 BER=7.09e-03 FER=1.70e-01
2025-10-28 04:42:24,454 | INFO | Epoch 1036 Train Time 27.748953342437744s

2025-10-28 04:42:49,835 | INFO | Training epoch 1037, Batch 1000/1000: LR=4.77e-05, Loss=1.81e-02 BER=7.03e-03 FER=1.69e-01
2025-10-28 04:42:49,877 | INFO | Epoch 1037 Train Time 25.422014713287354s

2025-10-28 04:43:15,736 | INFO | Training epoch 1038, Batch 1000/1000: LR=4.76e-05, Loss=1.82e-02 BER=7.08e-03 FER=1.70e-01
2025-10-28 04:43:15,787 | INFO | Epoch 1038 Train Time 25.9091055393219s

2025-10-28 04:43:41,551 | INFO | Training epoch 1039, Batch 1000/1000: LR=4.75e-05, Loss=1.82e-02 BER=7.11e-03 FER=1.70e-01
2025-10-28 04:43:41,590 | INFO | Epoch 1039 Train Time 25.802284240722656s

2025-10-28 04:44:06,911 | INFO | Training epoch 1040, Batch 1000/1000: LR=4.75e-05, Loss=1.79e-02 BER=6.95e-03 FER=1.67e-01
2025-10-28 04:44:06,947 | INFO | Epoch 1040 Train Time 25.357306241989136s

2025-10-28 04:44:33,246 | INFO | Training epoch 1041, Batch 1000/1000: LR=4.74e-05, Loss=1.80e-02 BER=7.01e-03 FER=1.68e-01
2025-10-28 04:44:33,296 | INFO | Epoch 1041 Train Time 26.348369121551514s

2025-10-28 04:44:59,676 | INFO | Training epoch 1042, Batch 1000/1000: LR=4.73e-05, Loss=1.80e-02 BER=7.03e-03 FER=1.68e-01
2025-10-28 04:44:59,720 | INFO | Epoch 1042 Train Time 26.42304015159607s

2025-10-28 04:45:26,541 | INFO | Training epoch 1043, Batch 1000/1000: LR=4.72e-05, Loss=1.83e-02 BER=7.15e-03 FER=1.72e-01
2025-10-28 04:45:26,577 | INFO | Epoch 1043 Train Time 26.85631513595581s

2025-10-28 04:45:52,022 | INFO | Training epoch 1044, Batch 1000/1000: LR=4.72e-05, Loss=1.81e-02 BER=7.03e-03 FER=1.69e-01
2025-10-28 04:45:52,071 | INFO | Epoch 1044 Train Time 25.493082761764526s

2025-10-28 04:46:18,031 | INFO | Training epoch 1045, Batch 1000/1000: LR=4.71e-05, Loss=1.82e-02 BER=7.07e-03 FER=1.69e-01
2025-10-28 04:46:18,084 | INFO | Epoch 1045 Train Time 26.012627601623535s

2025-10-28 04:46:42,992 | INFO | Training epoch 1046, Batch 1000/1000: LR=4.70e-05, Loss=1.83e-02 BER=7.13e-03 FER=1.71e-01
2025-10-28 04:46:43,042 | INFO | Epoch 1046 Train Time 24.958038806915283s

2025-10-28 04:47:09,169 | INFO | Training epoch 1047, Batch 1000/1000: LR=4.69e-05, Loss=1.80e-02 BER=7.00e-03 FER=1.68e-01
2025-10-28 04:47:09,218 | INFO | Epoch 1047 Train Time 26.175008535385132s

2025-10-28 04:47:35,390 | INFO | Training epoch 1048, Batch 1000/1000: LR=4.68e-05, Loss=1.79e-02 BER=6.95e-03 FER=1.67e-01
2025-10-28 04:47:35,434 | INFO | Epoch 1048 Train Time 26.2150399684906s

2025-10-28 04:48:02,835 | INFO | Training epoch 1049, Batch 1000/1000: LR=4.68e-05, Loss=1.79e-02 BER=7.01e-03 FER=1.69e-01
2025-10-28 04:48:02,876 | INFO | Epoch 1049 Train Time 27.441636085510254s

2025-10-28 04:48:29,876 | INFO | Training epoch 1050, Batch 1000/1000: LR=4.67e-05, Loss=1.80e-02 BER=7.01e-03 FER=1.67e-01
2025-10-28 04:48:29,932 | INFO | Epoch 1050 Train Time 27.055373430252075s

2025-10-28 04:48:56,604 | INFO | Training epoch 1051, Batch 1000/1000: LR=4.66e-05, Loss=1.81e-02 BER=7.05e-03 FER=1.70e-01
2025-10-28 04:48:56,658 | INFO | Epoch 1051 Train Time 26.725143671035767s

2025-10-28 04:49:22,655 | INFO | Training epoch 1052, Batch 1000/1000: LR=4.65e-05, Loss=1.80e-02 BER=7.02e-03 FER=1.69e-01
2025-10-28 04:49:22,695 | INFO | Epoch 1052 Train Time 26.036848783493042s

2025-10-28 04:49:47,289 | INFO | Training epoch 1053, Batch 1000/1000: LR=4.65e-05, Loss=1.79e-02 BER=7.00e-03 FER=1.69e-01
2025-10-28 04:49:47,335 | INFO | Epoch 1053 Train Time 24.639078855514526s

2025-10-28 04:50:13,995 | INFO | Training epoch 1054, Batch 1000/1000: LR=4.64e-05, Loss=1.79e-02 BER=6.97e-03 FER=1.68e-01
2025-10-28 04:50:14,043 | INFO | Epoch 1054 Train Time 26.70705795288086s

2025-10-28 04:50:40,753 | INFO | Training epoch 1055, Batch 1000/1000: LR=4.63e-05, Loss=1.79e-02 BER=6.98e-03 FER=1.68e-01
2025-10-28 04:50:40,806 | INFO | Epoch 1055 Train Time 26.762579202651978s

2025-10-28 04:51:08,223 | INFO | Training epoch 1056, Batch 1000/1000: LR=4.62e-05, Loss=1.81e-02 BER=7.07e-03 FER=1.69e-01
2025-10-28 04:51:08,268 | INFO | Epoch 1056 Train Time 27.46171736717224s

2025-10-28 04:51:35,004 | INFO | Training epoch 1057, Batch 1000/1000: LR=4.62e-05, Loss=1.81e-02 BER=7.07e-03 FER=1.69e-01
2025-10-28 04:51:35,050 | INFO | Epoch 1057 Train Time 26.78075885772705s

2025-10-28 04:52:01,511 | INFO | Training epoch 1058, Batch 1000/1000: LR=4.61e-05, Loss=1.80e-02 BER=7.00e-03 FER=1.68e-01
2025-10-28 04:52:01,552 | INFO | Epoch 1058 Train Time 26.501228094100952s

2025-10-28 04:52:27,804 | INFO | Training epoch 1059, Batch 1000/1000: LR=4.60e-05, Loss=1.81e-02 BER=7.05e-03 FER=1.69e-01
2025-10-28 04:52:27,853 | INFO | Epoch 1059 Train Time 26.300172567367554s

2025-10-28 04:52:52,990 | INFO | Training epoch 1060, Batch 1000/1000: LR=4.59e-05, Loss=1.80e-02 BER=7.02e-03 FER=1.69e-01
2025-10-28 04:52:53,038 | INFO | Epoch 1060 Train Time 25.184951543807983s

2025-10-28 04:53:17,884 | INFO | Training epoch 1061, Batch 1000/1000: LR=4.58e-05, Loss=1.80e-02 BER=6.99e-03 FER=1.68e-01
2025-10-28 04:53:17,931 | INFO | Epoch 1061 Train Time 24.892026901245117s

2025-10-28 04:53:43,412 | INFO | Training epoch 1062, Batch 1000/1000: LR=4.58e-05, Loss=1.81e-02 BER=7.02e-03 FER=1.69e-01
2025-10-28 04:53:43,466 | INFO | Epoch 1062 Train Time 25.534072637557983s

2025-10-28 04:54:10,656 | INFO | Training epoch 1063, Batch 1000/1000: LR=4.57e-05, Loss=1.80e-02 BER=7.03e-03 FER=1.69e-01
2025-10-28 04:54:10,712 | INFO | Epoch 1063 Train Time 27.245726585388184s

2025-10-28 04:54:35,871 | INFO | Training epoch 1064, Batch 1000/1000: LR=4.56e-05, Loss=1.81e-02 BER=7.01e-03 FER=1.68e-01
2025-10-28 04:54:35,915 | INFO | Epoch 1064 Train Time 25.202794790267944s

2025-10-28 04:55:00,615 | INFO | Training epoch 1065, Batch 1000/1000: LR=4.55e-05, Loss=1.79e-02 BER=6.94e-03 FER=1.68e-01
2025-10-28 04:55:00,663 | INFO | Epoch 1065 Train Time 24.747411727905273s

2025-10-28 04:55:26,002 | INFO | Training epoch 1066, Batch 1000/1000: LR=4.55e-05, Loss=1.81e-02 BER=7.08e-03 FER=1.71e-01
2025-10-28 04:55:26,056 | INFO | Epoch 1066 Train Time 25.391650438308716s

2025-10-28 04:55:51,077 | INFO | Training epoch 1067, Batch 1000/1000: LR=4.54e-05, Loss=1.78e-02 BER=6.93e-03 FER=1.66e-01
2025-10-28 04:55:51,136 | INFO | Epoch 1067 Train Time 25.08003544807434s

2025-10-28 04:56:17,929 | INFO | Training epoch 1068, Batch 1000/1000: LR=4.53e-05, Loss=1.80e-02 BER=7.02e-03 FER=1.69e-01
2025-10-28 04:56:17,985 | INFO | Epoch 1068 Train Time 26.848183155059814s

2025-10-28 04:56:45,357 | INFO | Training epoch 1069, Batch 1000/1000: LR=4.52e-05, Loss=1.80e-02 BER=7.04e-03 FER=1.68e-01
2025-10-28 04:56:45,405 | INFO | Epoch 1069 Train Time 27.419198274612427s

2025-10-28 04:57:09,598 | INFO | Training epoch 1070, Batch 1000/1000: LR=4.51e-05, Loss=1.81e-02 BER=7.04e-03 FER=1.69e-01
2025-10-28 04:57:09,648 | INFO | Epoch 1070 Train Time 24.243090391159058s

2025-10-28 04:57:35,274 | INFO | Training epoch 1071, Batch 1000/1000: LR=4.51e-05, Loss=1.77e-02 BER=6.91e-03 FER=1.66e-01
2025-10-28 04:57:35,318 | INFO | Epoch 1071 Train Time 25.66865086555481s

2025-10-28 04:57:35,318 | INFO | [P2] saving best_model (QAT) with loss 0.017695 at epoch 1071
2025-10-28 04:58:00,707 | INFO | Training epoch 1072, Batch 1000/1000: LR=4.50e-05, Loss=1.81e-02 BER=7.08e-03 FER=1.70e-01
2025-10-28 04:58:00,752 | INFO | Epoch 1072 Train Time 25.420047521591187s

2025-10-28 04:58:27,261 | INFO | Training epoch 1073, Batch 1000/1000: LR=4.49e-05, Loss=1.80e-02 BER=7.01e-03 FER=1.68e-01
2025-10-28 04:58:27,314 | INFO | Epoch 1073 Train Time 26.56106734275818s

2025-10-28 04:58:55,222 | INFO | Training epoch 1074, Batch 1000/1000: LR=4.48e-05, Loss=1.79e-02 BER=6.99e-03 FER=1.68e-01
2025-10-28 04:58:55,275 | INFO | Epoch 1074 Train Time 27.960018396377563s

2025-10-28 04:59:21,564 | INFO | Training epoch 1075, Batch 1000/1000: LR=4.48e-05, Loss=1.81e-02 BER=7.00e-03 FER=1.69e-01
2025-10-28 04:59:21,611 | INFO | Epoch 1075 Train Time 26.336036443710327s

2025-10-28 04:59:48,142 | INFO | Training epoch 1076, Batch 1000/1000: LR=4.47e-05, Loss=1.79e-02 BER=6.99e-03 FER=1.68e-01
2025-10-28 04:59:48,195 | INFO | Epoch 1076 Train Time 26.582809448242188s

2025-10-28 05:00:13,157 | INFO | Training epoch 1077, Batch 1000/1000: LR=4.46e-05, Loss=1.78e-02 BER=6.96e-03 FER=1.67e-01
2025-10-28 05:00:13,200 | INFO | Epoch 1077 Train Time 25.0052387714386s

2025-10-28 05:00:40,587 | INFO | Training epoch 1078, Batch 1000/1000: LR=4.45e-05, Loss=1.80e-02 BER=7.02e-03 FER=1.69e-01
2025-10-28 05:00:40,633 | INFO | Epoch 1078 Train Time 27.432255744934082s

2025-10-28 05:01:07,647 | INFO | Training epoch 1079, Batch 1000/1000: LR=4.45e-05, Loss=1.79e-02 BER=6.98e-03 FER=1.67e-01
2025-10-28 05:01:07,703 | INFO | Epoch 1079 Train Time 27.0693998336792s

2025-10-28 05:01:34,654 | INFO | Training epoch 1080, Batch 1000/1000: LR=4.44e-05, Loss=1.78e-02 BER=6.95e-03 FER=1.67e-01
2025-10-28 05:01:34,704 | INFO | Epoch 1080 Train Time 26.99996018409729s

2025-10-28 05:02:02,085 | INFO | Training epoch 1081, Batch 1000/1000: LR=4.43e-05, Loss=1.78e-02 BER=6.91e-03 FER=1.67e-01
2025-10-28 05:02:02,123 | INFO | Epoch 1081 Train Time 27.418590545654297s

2025-10-28 05:02:27,015 | INFO | Training epoch 1082, Batch 1000/1000: LR=4.42e-05, Loss=1.82e-02 BER=7.13e-03 FER=1.70e-01
2025-10-28 05:02:27,065 | INFO | Epoch 1082 Train Time 24.942118167877197s

2025-10-28 05:02:54,628 | INFO | Training epoch 1083, Batch 1000/1000: LR=4.41e-05, Loss=1.78e-02 BER=6.96e-03 FER=1.68e-01
2025-10-28 05:02:54,705 | INFO | Epoch 1083 Train Time 27.638189554214478s

2025-10-28 05:03:21,542 | INFO | Training epoch 1084, Batch 1000/1000: LR=4.41e-05, Loss=1.81e-02 BER=7.06e-03 FER=1.70e-01
2025-10-28 05:03:21,587 | INFO | Epoch 1084 Train Time 26.881043434143066s

2025-10-28 05:03:48,027 | INFO | Training epoch 1085, Batch 1000/1000: LR=4.40e-05, Loss=1.78e-02 BER=6.92e-03 FER=1.66e-01
2025-10-28 05:03:48,083 | INFO | Epoch 1085 Train Time 26.495192050933838s

2025-10-28 05:04:14,548 | INFO | Training epoch 1086, Batch 1000/1000: LR=4.39e-05, Loss=1.81e-02 BER=7.07e-03 FER=1.71e-01
2025-10-28 05:04:14,582 | INFO | Epoch 1086 Train Time 26.49900722503662s

2025-10-28 05:04:41,379 | INFO | Training epoch 1087, Batch 1000/1000: LR=4.38e-05, Loss=1.81e-02 BER=7.05e-03 FER=1.69e-01
2025-10-28 05:04:41,430 | INFO | Epoch 1087 Train Time 26.846628665924072s

2025-10-28 05:05:07,559 | INFO | Training epoch 1088, Batch 1000/1000: LR=4.38e-05, Loss=1.79e-02 BER=6.97e-03 FER=1.68e-01
2025-10-28 05:05:07,597 | INFO | Epoch 1088 Train Time 26.166383981704712s

2025-10-28 05:05:33,165 | INFO | Training epoch 1089, Batch 1000/1000: LR=4.37e-05, Loss=1.82e-02 BER=7.10e-03 FER=1.70e-01
2025-10-28 05:05:33,215 | INFO | Epoch 1089 Train Time 25.617676258087158s

2025-10-28 05:05:57,982 | INFO | Training epoch 1090, Batch 1000/1000: LR=4.36e-05, Loss=1.80e-02 BER=7.01e-03 FER=1.70e-01
2025-10-28 05:05:58,033 | INFO | Epoch 1090 Train Time 24.81788921356201s

2025-10-28 05:06:23,190 | INFO | Training epoch 1091, Batch 1000/1000: LR=4.35e-05, Loss=1.79e-02 BER=6.94e-03 FER=1.67e-01
2025-10-28 05:06:23,227 | INFO | Epoch 1091 Train Time 25.19362998008728s

2025-10-28 05:06:49,495 | INFO | Training epoch 1092, Batch 1000/1000: LR=4.34e-05, Loss=1.80e-02 BER=7.03e-03 FER=1.68e-01
2025-10-28 05:06:49,533 | INFO | Epoch 1092 Train Time 26.305532217025757s

2025-10-28 05:07:16,437 | INFO | Training epoch 1093, Batch 1000/1000: LR=4.34e-05, Loss=1.81e-02 BER=7.00e-03 FER=1.69e-01
2025-10-28 05:07:16,476 | INFO | Epoch 1093 Train Time 26.94217324256897s

2025-10-28 05:07:44,075 | INFO | Training epoch 1094, Batch 1000/1000: LR=4.33e-05, Loss=1.80e-02 BER=7.00e-03 FER=1.69e-01
2025-10-28 05:07:44,120 | INFO | Epoch 1094 Train Time 27.643463373184204s

2025-10-28 05:08:09,647 | INFO | Training epoch 1095, Batch 1000/1000: LR=4.32e-05, Loss=1.79e-02 BER=6.98e-03 FER=1.67e-01
2025-10-28 05:08:09,684 | INFO | Epoch 1095 Train Time 25.56235408782959s

2025-10-28 05:08:36,720 | INFO | Training epoch 1096, Batch 1000/1000: LR=4.31e-05, Loss=1.81e-02 BER=7.05e-03 FER=1.70e-01
2025-10-28 05:08:36,780 | INFO | Epoch 1096 Train Time 27.095678329467773s

2025-10-28 05:09:02,183 | INFO | Training epoch 1097, Batch 1000/1000: LR=4.31e-05, Loss=1.78e-02 BER=6.95e-03 FER=1.68e-01
2025-10-28 05:09:02,224 | INFO | Epoch 1097 Train Time 25.443164110183716s

2025-10-28 05:09:28,456 | INFO | Training epoch 1098, Batch 1000/1000: LR=4.30e-05, Loss=1.80e-02 BER=7.04e-03 FER=1.70e-01
2025-10-28 05:09:28,510 | INFO | Epoch 1098 Train Time 26.285179138183594s

2025-10-28 05:09:56,214 | INFO | Training epoch 1099, Batch 1000/1000: LR=4.29e-05, Loss=1.83e-02 BER=7.15e-03 FER=1.70e-01
2025-10-28 05:09:56,273 | INFO | Epoch 1099 Train Time 27.762357711791992s

2025-10-28 05:10:23,595 | INFO | Training epoch 1100, Batch 1000/1000: LR=4.28e-05, Loss=1.82e-02 BER=7.07e-03 FER=1.70e-01
2025-10-28 05:10:23,636 | INFO | Epoch 1100 Train Time 27.362900257110596s

2025-10-28 05:10:50,539 | INFO | Training epoch 1101, Batch 1000/1000: LR=4.28e-05, Loss=1.81e-02 BER=7.02e-03 FER=1.69e-01
2025-10-28 05:10:50,607 | INFO | Epoch 1101 Train Time 26.9704430103302s

2025-10-28 05:11:17,030 | INFO | Training epoch 1102, Batch 1000/1000: LR=4.27e-05, Loss=1.81e-02 BER=7.08e-03 FER=1.71e-01
2025-10-28 05:11:17,074 | INFO | Epoch 1102 Train Time 26.46656823158264s

2025-10-28 05:11:43,204 | INFO | Training epoch 1103, Batch 1000/1000: LR=4.26e-05, Loss=1.82e-02 BER=7.08e-03 FER=1.70e-01
2025-10-28 05:11:43,242 | INFO | Epoch 1103 Train Time 26.16648030281067s

2025-10-28 05:12:08,296 | INFO | Training epoch 1104, Batch 1000/1000: LR=4.25e-05, Loss=1.79e-02 BER=6.99e-03 FER=1.69e-01
2025-10-28 05:12:08,342 | INFO | Epoch 1104 Train Time 25.100371599197388s

2025-10-28 05:12:35,212 | INFO | Training epoch 1105, Batch 1000/1000: LR=4.24e-05, Loss=1.83e-02 BER=7.16e-03 FER=1.72e-01
2025-10-28 05:12:35,265 | INFO | Epoch 1105 Train Time 26.922038793563843s

2025-10-28 05:13:01,629 | INFO | Training epoch 1106, Batch 1000/1000: LR=4.24e-05, Loss=1.79e-02 BER=7.00e-03 FER=1.69e-01
2025-10-28 05:13:01,689 | INFO | Epoch 1106 Train Time 26.423481702804565s

2025-10-28 05:13:27,488 | INFO | Training epoch 1107, Batch 1000/1000: LR=4.23e-05, Loss=1.79e-02 BER=7.00e-03 FER=1.68e-01
2025-10-28 05:13:27,535 | INFO | Epoch 1107 Train Time 25.84514856338501s

2025-10-28 05:13:53,417 | INFO | Training epoch 1108, Batch 1000/1000: LR=4.22e-05, Loss=1.76e-02 BER=6.84e-03 FER=1.65e-01
2025-10-28 05:13:53,470 | INFO | Epoch 1108 Train Time 25.934595584869385s

2025-10-28 05:13:53,471 | INFO | [P2] saving best_model (QAT) with loss 0.017630 at epoch 1108
2025-10-28 05:14:20,155 | INFO | Training epoch 1109, Batch 1000/1000: LR=4.21e-05, Loss=1.80e-02 BER=7.07e-03 FER=1.69e-01
2025-10-28 05:14:20,193 | INFO | Epoch 1109 Train Time 26.70683526992798s

2025-10-28 05:14:45,682 | INFO | Training epoch 1110, Batch 1000/1000: LR=4.21e-05, Loss=1.81e-02 BER=7.01e-03 FER=1.68e-01
2025-10-28 05:14:45,730 | INFO | Epoch 1110 Train Time 25.536057472229004s

2025-10-28 05:15:12,479 | INFO | Training epoch 1111, Batch 1000/1000: LR=4.20e-05, Loss=1.81e-02 BER=7.05e-03 FER=1.69e-01
2025-10-28 05:15:12,532 | INFO | Epoch 1111 Train Time 26.800575494766235s

2025-10-28 05:15:37,253 | INFO | Training epoch 1112, Batch 1000/1000: LR=4.19e-05, Loss=1.81e-02 BER=7.09e-03 FER=1.68e-01
2025-10-28 05:15:37,306 | INFO | Epoch 1112 Train Time 24.77294683456421s

2025-10-28 05:16:04,340 | INFO | Training epoch 1113, Batch 1000/1000: LR=4.18e-05, Loss=1.80e-02 BER=7.00e-03 FER=1.68e-01
2025-10-28 05:16:04,384 | INFO | Epoch 1113 Train Time 27.07733941078186s

2025-10-28 05:16:31,601 | INFO | Training epoch 1114, Batch 1000/1000: LR=4.18e-05, Loss=1.80e-02 BER=6.98e-03 FER=1.67e-01
2025-10-28 05:16:31,642 | INFO | Epoch 1114 Train Time 27.256789207458496s

2025-10-28 05:16:59,343 | INFO | Training epoch 1115, Batch 1000/1000: LR=4.17e-05, Loss=1.81e-02 BER=7.10e-03 FER=1.70e-01
2025-10-28 05:16:59,395 | INFO | Epoch 1115 Train Time 27.752810955047607s

2025-10-28 05:17:25,666 | INFO | Training epoch 1116, Batch 1000/1000: LR=4.16e-05, Loss=1.78e-02 BER=6.91e-03 FER=1.65e-01
2025-10-28 05:17:25,721 | INFO | Epoch 1116 Train Time 26.32509994506836s

2025-10-28 05:17:51,977 | INFO | Training epoch 1117, Batch 1000/1000: LR=4.15e-05, Loss=1.80e-02 BER=7.02e-03 FER=1.69e-01
2025-10-28 05:17:52,024 | INFO | Epoch 1117 Train Time 26.302769422531128s

2025-10-28 05:18:17,983 | INFO | Training epoch 1118, Batch 1000/1000: LR=4.15e-05, Loss=1.79e-02 BER=6.99e-03 FER=1.67e-01
2025-10-28 05:18:18,033 | INFO | Epoch 1118 Train Time 26.007827758789062s

2025-10-28 05:18:44,239 | INFO | Training epoch 1119, Batch 1000/1000: LR=4.14e-05, Loss=1.81e-02 BER=7.03e-03 FER=1.70e-01
2025-10-28 05:18:44,286 | INFO | Epoch 1119 Train Time 26.253078937530518s

2025-10-28 05:19:10,611 | INFO | Training epoch 1120, Batch 1000/1000: LR=4.13e-05, Loss=1.80e-02 BER=7.03e-03 FER=1.69e-01
2025-10-28 05:19:10,667 | INFO | Epoch 1120 Train Time 26.37968111038208s

2025-10-28 05:19:36,255 | INFO | Training epoch 1121, Batch 1000/1000: LR=4.12e-05, Loss=1.79e-02 BER=6.98e-03 FER=1.68e-01
2025-10-28 05:19:36,314 | INFO | Epoch 1121 Train Time 25.646339416503906s

2025-10-28 05:20:02,044 | INFO | Training epoch 1122, Batch 1000/1000: LR=4.11e-05, Loss=1.81e-02 BER=7.07e-03 FER=1.70e-01
2025-10-28 05:20:02,125 | INFO | Epoch 1122 Train Time 25.81126046180725s

2025-10-28 05:20:28,248 | INFO | Training epoch 1123, Batch 1000/1000: LR=4.11e-05, Loss=1.80e-02 BER=7.00e-03 FER=1.68e-01
2025-10-28 05:20:28,286 | INFO | Epoch 1123 Train Time 26.159873962402344s

2025-10-28 05:20:55,324 | INFO | Training epoch 1124, Batch 1000/1000: LR=4.10e-05, Loss=1.80e-02 BER=6.99e-03 FER=1.68e-01
2025-10-28 05:20:55,369 | INFO | Epoch 1124 Train Time 27.08278179168701s

2025-10-28 05:21:21,485 | INFO | Training epoch 1125, Batch 1000/1000: LR=4.09e-05, Loss=1.78e-02 BER=6.94e-03 FER=1.68e-01
2025-10-28 05:21:21,533 | INFO | Epoch 1125 Train Time 26.162991523742676s

2025-10-28 05:21:46,776 | INFO | Training epoch 1126, Batch 1000/1000: LR=4.08e-05, Loss=1.79e-02 BER=6.98e-03 FER=1.68e-01
2025-10-28 05:21:46,825 | INFO | Epoch 1126 Train Time 25.291309118270874s

2025-10-28 05:22:12,164 | INFO | Training epoch 1127, Batch 1000/1000: LR=4.08e-05, Loss=1.77e-02 BER=6.91e-03 FER=1.66e-01
2025-10-28 05:22:12,221 | INFO | Epoch 1127 Train Time 25.39574646949768s

2025-10-28 05:22:37,941 | INFO | Training epoch 1128, Batch 1000/1000: LR=4.07e-05, Loss=1.79e-02 BER=6.96e-03 FER=1.69e-01
2025-10-28 05:22:37,992 | INFO | Epoch 1128 Train Time 25.77048897743225s

2025-10-28 05:23:03,780 | INFO | Training epoch 1129, Batch 1000/1000: LR=4.06e-05, Loss=1.80e-02 BER=7.03e-03 FER=1.69e-01
2025-10-28 05:23:03,821 | INFO | Epoch 1129 Train Time 25.8285710811615s

2025-10-28 05:23:29,980 | INFO | Training epoch 1130, Batch 1000/1000: LR=4.05e-05, Loss=1.82e-02 BER=7.10e-03 FER=1.70e-01
2025-10-28 05:23:30,034 | INFO | Epoch 1130 Train Time 26.212377309799194s

2025-10-28 05:23:54,055 | INFO | Training epoch 1131, Batch 1000/1000: LR=4.05e-05, Loss=1.80e-02 BER=7.03e-03 FER=1.69e-01
2025-10-28 05:23:54,107 | INFO | Epoch 1131 Train Time 24.072630643844604s

2025-10-28 05:24:18,454 | INFO | Training epoch 1132, Batch 1000/1000: LR=4.04e-05, Loss=1.78e-02 BER=6.98e-03 FER=1.68e-01
2025-10-28 05:24:18,494 | INFO | Epoch 1132 Train Time 24.385924339294434s

2025-10-28 05:24:43,332 | INFO | Training epoch 1133, Batch 1000/1000: LR=4.03e-05, Loss=1.80e-02 BER=6.99e-03 FER=1.69e-01
2025-10-28 05:24:43,391 | INFO | Epoch 1133 Train Time 24.8963885307312s

2025-10-28 05:25:09,439 | INFO | Training epoch 1134, Batch 1000/1000: LR=4.02e-05, Loss=1.80e-02 BER=7.01e-03 FER=1.68e-01
2025-10-28 05:25:09,493 | INFO | Epoch 1134 Train Time 26.101721048355103s

2025-10-28 05:25:34,562 | INFO | Training epoch 1135, Batch 1000/1000: LR=4.02e-05, Loss=1.79e-02 BER=7.02e-03 FER=1.69e-01
2025-10-28 05:25:34,622 | INFO | Epoch 1135 Train Time 25.129013776779175s

2025-10-28 05:26:01,885 | INFO | Training epoch 1136, Batch 1000/1000: LR=4.01e-05, Loss=1.81e-02 BER=7.06e-03 FER=1.70e-01
2025-10-28 05:26:01,935 | INFO | Epoch 1136 Train Time 27.311768531799316s

2025-10-28 05:26:26,235 | INFO | Training epoch 1137, Batch 1000/1000: LR=4.00e-05, Loss=1.78e-02 BER=6.94e-03 FER=1.67e-01
2025-10-28 05:26:26,297 | INFO | Epoch 1137 Train Time 24.362171173095703s

2025-10-28 05:26:52,062 | INFO | Training epoch 1138, Batch 1000/1000: LR=3.99e-05, Loss=1.77e-02 BER=6.91e-03 FER=1.65e-01
2025-10-28 05:26:52,128 | INFO | Epoch 1138 Train Time 25.82991337776184s

2025-10-28 05:27:17,164 | INFO | Training epoch 1139, Batch 1000/1000: LR=3.99e-05, Loss=1.80e-02 BER=7.01e-03 FER=1.69e-01
2025-10-28 05:27:17,213 | INFO | Epoch 1139 Train Time 25.08490753173828s

2025-10-28 05:27:42,669 | INFO | Training epoch 1140, Batch 1000/1000: LR=3.98e-05, Loss=1.82e-02 BER=7.11e-03 FER=1.71e-01
2025-10-28 05:27:42,720 | INFO | Epoch 1140 Train Time 25.50615692138672s

2025-10-28 05:28:08,345 | INFO | Training epoch 1141, Batch 1000/1000: LR=3.97e-05, Loss=1.81e-02 BER=7.05e-03 FER=1.68e-01
2025-10-28 05:28:08,403 | INFO | Epoch 1141 Train Time 25.682290077209473s

2025-10-28 05:28:32,787 | INFO | Training epoch 1142, Batch 1000/1000: LR=3.96e-05, Loss=1.82e-02 BER=7.11e-03 FER=1.70e-01
2025-10-28 05:28:32,835 | INFO | Epoch 1142 Train Time 24.431552171707153s

2025-10-28 05:28:58,504 | INFO | Training epoch 1143, Batch 1000/1000: LR=3.96e-05, Loss=1.78e-02 BER=6.96e-03 FER=1.66e-01
2025-10-28 05:28:58,554 | INFO | Epoch 1143 Train Time 25.71830463409424s

2025-10-28 05:29:24,414 | INFO | Training epoch 1144, Batch 1000/1000: LR=3.95e-05, Loss=1.81e-02 BER=7.03e-03 FER=1.68e-01
2025-10-28 05:29:24,489 | INFO | Epoch 1144 Train Time 25.934298753738403s

2025-10-28 05:29:50,728 | INFO | Training epoch 1145, Batch 1000/1000: LR=3.94e-05, Loss=1.78e-02 BER=6.95e-03 FER=1.68e-01
2025-10-28 05:29:50,779 | INFO | Epoch 1145 Train Time 26.289453268051147s

2025-10-28 05:30:15,710 | INFO | Training epoch 1146, Batch 1000/1000: LR=3.93e-05, Loss=1.81e-02 BER=7.03e-03 FER=1.69e-01
2025-10-28 05:30:15,762 | INFO | Epoch 1146 Train Time 24.9829523563385s

2025-10-28 05:30:42,335 | INFO | Training epoch 1147, Batch 1000/1000: LR=3.92e-05, Loss=1.81e-02 BER=7.04e-03 FER=1.69e-01
2025-10-28 05:30:42,390 | INFO | Epoch 1147 Train Time 26.626490354537964s

2025-10-28 05:31:07,718 | INFO | Training epoch 1148, Batch 1000/1000: LR=3.92e-05, Loss=1.78e-02 BER=6.95e-03 FER=1.67e-01
2025-10-28 05:31:07,781 | INFO | Epoch 1148 Train Time 25.39077067375183s

2025-10-28 05:31:34,879 | INFO | Training epoch 1149, Batch 1000/1000: LR=3.91e-05, Loss=1.79e-02 BER=6.94e-03 FER=1.68e-01
2025-10-28 05:31:34,930 | INFO | Epoch 1149 Train Time 27.14795446395874s

2025-10-28 05:32:02,219 | INFO | Training epoch 1150, Batch 1000/1000: LR=3.90e-05, Loss=1.79e-02 BER=6.98e-03 FER=1.67e-01
2025-10-28 05:32:02,257 | INFO | Epoch 1150 Train Time 27.325727462768555s

2025-10-28 05:32:28,739 | INFO | Training epoch 1151, Batch 1000/1000: LR=3.89e-05, Loss=1.80e-02 BER=6.99e-03 FER=1.68e-01
2025-10-28 05:32:28,793 | INFO | Epoch 1151 Train Time 26.53614044189453s

2025-10-28 05:32:56,493 | INFO | Training epoch 1152, Batch 1000/1000: LR=3.89e-05, Loss=1.80e-02 BER=7.03e-03 FER=1.69e-01
2025-10-28 05:32:56,539 | INFO | Epoch 1152 Train Time 27.74516797065735s

2025-10-28 05:33:24,806 | INFO | Training epoch 1153, Batch 1000/1000: LR=3.88e-05, Loss=1.80e-02 BER=7.02e-03 FER=1.69e-01
2025-10-28 05:33:24,843 | INFO | Epoch 1153 Train Time 28.303033590316772s

2025-10-28 05:33:51,970 | INFO | Training epoch 1154, Batch 1000/1000: LR=3.87e-05, Loss=1.80e-02 BER=6.95e-03 FER=1.68e-01
2025-10-28 05:33:52,016 | INFO | Epoch 1154 Train Time 27.171990871429443s

2025-10-28 05:34:18,510 | INFO | Training epoch 1155, Batch 1000/1000: LR=3.86e-05, Loss=1.80e-02 BER=7.05e-03 FER=1.69e-01
2025-10-28 05:34:18,574 | INFO | Epoch 1155 Train Time 26.5576069355011s

2025-10-28 05:34:45,357 | INFO | Training epoch 1156, Batch 1000/1000: LR=3.86e-05, Loss=1.81e-02 BER=7.05e-03 FER=1.69e-01
2025-10-28 05:34:45,397 | INFO | Epoch 1156 Train Time 26.822475910186768s

2025-10-28 05:35:11,655 | INFO | Training epoch 1157, Batch 1000/1000: LR=3.85e-05, Loss=1.81e-02 BER=7.08e-03 FER=1.70e-01
2025-10-28 05:35:11,698 | INFO | Epoch 1157 Train Time 26.300546407699585s

2025-10-28 05:35:38,505 | INFO | Training epoch 1158, Batch 1000/1000: LR=3.84e-05, Loss=1.81e-02 BER=7.08e-03 FER=1.70e-01
2025-10-28 05:35:38,549 | INFO | Epoch 1158 Train Time 26.850162267684937s

2025-10-28 05:36:05,482 | INFO | Training epoch 1159, Batch 1000/1000: LR=3.83e-05, Loss=1.80e-02 BER=7.03e-03 FER=1.69e-01
2025-10-28 05:36:05,527 | INFO | Epoch 1159 Train Time 26.97736120223999s

2025-10-28 05:36:31,937 | INFO | Training epoch 1160, Batch 1000/1000: LR=3.83e-05, Loss=1.80e-02 BER=7.00e-03 FER=1.68e-01
2025-10-28 05:36:31,994 | INFO | Epoch 1160 Train Time 26.466010093688965s

2025-10-28 05:36:57,156 | INFO | Training epoch 1161, Batch 1000/1000: LR=3.82e-05, Loss=1.79e-02 BER=7.00e-03 FER=1.68e-01
2025-10-28 05:36:57,201 | INFO | Epoch 1161 Train Time 25.20708155632019s

2025-10-28 05:37:23,861 | INFO | Training epoch 1162, Batch 1000/1000: LR=3.81e-05, Loss=1.78e-02 BER=6.97e-03 FER=1.68e-01
2025-10-28 05:37:23,911 | INFO | Epoch 1162 Train Time 26.708523511886597s

2025-10-28 05:37:48,428 | INFO | Training epoch 1163, Batch 1000/1000: LR=3.80e-05, Loss=1.81e-02 BER=7.07e-03 FER=1.70e-01
2025-10-28 05:37:48,481 | INFO | Epoch 1163 Train Time 24.569891452789307s

2025-10-28 05:38:14,931 | INFO | Training epoch 1164, Batch 1000/1000: LR=3.80e-05, Loss=1.81e-02 BER=7.04e-03 FER=1.69e-01
2025-10-28 05:38:14,966 | INFO | Epoch 1164 Train Time 26.48399019241333s

2025-10-28 05:38:41,091 | INFO | Training epoch 1165, Batch 1000/1000: LR=3.79e-05, Loss=1.80e-02 BER=6.97e-03 FER=1.68e-01
2025-10-28 05:38:41,144 | INFO | Epoch 1165 Train Time 26.177490711212158s

2025-10-28 05:39:07,555 | INFO | Training epoch 1166, Batch 1000/1000: LR=3.78e-05, Loss=1.78e-02 BER=6.94e-03 FER=1.67e-01
2025-10-28 05:39:07,599 | INFO | Epoch 1166 Train Time 26.45536231994629s

2025-10-28 05:39:31,494 | INFO | Training epoch 1167, Batch 1000/1000: LR=3.77e-05, Loss=1.81e-02 BER=7.09e-03 FER=1.70e-01
2025-10-28 05:39:31,538 | INFO | Epoch 1167 Train Time 23.93808674812317s

2025-10-28 05:39:58,244 | INFO | Training epoch 1168, Batch 1000/1000: LR=3.77e-05, Loss=1.82e-02 BER=7.07e-03 FER=1.70e-01
2025-10-28 05:39:58,296 | INFO | Epoch 1168 Train Time 26.75744390487671s

2025-10-28 05:40:25,522 | INFO | Training epoch 1169, Batch 1000/1000: LR=3.76e-05, Loss=1.79e-02 BER=7.00e-03 FER=1.68e-01
2025-10-28 05:40:25,573 | INFO | Epoch 1169 Train Time 27.27611207962036s

2025-10-28 05:40:50,587 | INFO | Training epoch 1170, Batch 1000/1000: LR=3.75e-05, Loss=1.81e-02 BER=7.05e-03 FER=1.69e-01
2025-10-28 05:40:50,634 | INFO | Epoch 1170 Train Time 25.06104278564453s

2025-10-28 05:41:17,721 | INFO | Training epoch 1171, Batch 1000/1000: LR=3.74e-05, Loss=1.79e-02 BER=6.99e-03 FER=1.68e-01
2025-10-28 05:41:17,774 | INFO | Epoch 1171 Train Time 27.138965606689453s

2025-10-28 05:41:45,851 | INFO | Training epoch 1172, Batch 1000/1000: LR=3.74e-05, Loss=1.81e-02 BER=7.04e-03 FER=1.70e-01
2025-10-28 05:41:45,932 | INFO | Epoch 1172 Train Time 28.15722370147705s

2025-10-28 05:42:13,043 | INFO | Training epoch 1173, Batch 1000/1000: LR=3.73e-05, Loss=1.79e-02 BER=6.99e-03 FER=1.68e-01
2025-10-28 05:42:13,092 | INFO | Epoch 1173 Train Time 27.15894055366516s

2025-10-28 05:42:40,039 | INFO | Training epoch 1174, Batch 1000/1000: LR=3.72e-05, Loss=1.80e-02 BER=7.03e-03 FER=1.69e-01
2025-10-28 05:42:40,094 | INFO | Epoch 1174 Train Time 27.001601934432983s

2025-10-28 05:43:07,323 | INFO | Training epoch 1175, Batch 1000/1000: LR=3.71e-05, Loss=1.79e-02 BER=7.04e-03 FER=1.69e-01
2025-10-28 05:43:07,362 | INFO | Epoch 1175 Train Time 27.2672061920166s

2025-10-28 05:43:32,865 | INFO | Training epoch 1176, Batch 1000/1000: LR=3.71e-05, Loss=1.81e-02 BER=7.07e-03 FER=1.70e-01
2025-10-28 05:43:32,918 | INFO | Epoch 1176 Train Time 25.554725170135498s

2025-10-28 05:43:58,923 | INFO | Training epoch 1177, Batch 1000/1000: LR=3.70e-05, Loss=1.81e-02 BER=7.03e-03 FER=1.70e-01
2025-10-28 05:43:58,968 | INFO | Epoch 1177 Train Time 26.05000400543213s

2025-10-28 05:44:25,009 | INFO | Training epoch 1178, Batch 1000/1000: LR=3.69e-05, Loss=1.80e-02 BER=6.98e-03 FER=1.69e-01
2025-10-28 05:44:25,056 | INFO | Epoch 1178 Train Time 26.086923122406006s

2025-10-28 05:44:51,873 | INFO | Training epoch 1179, Batch 1000/1000: LR=3.68e-05, Loss=1.81e-02 BER=7.03e-03 FER=1.69e-01
2025-10-28 05:44:51,916 | INFO | Epoch 1179 Train Time 26.859800338745117s

2025-10-28 05:45:19,621 | INFO | Training epoch 1180, Batch 1000/1000: LR=3.68e-05, Loss=1.81e-02 BER=7.01e-03 FER=1.69e-01
2025-10-28 05:45:19,657 | INFO | Epoch 1180 Train Time 27.73970055580139s

2025-10-28 05:45:45,625 | INFO | Training epoch 1181, Batch 1000/1000: LR=3.67e-05, Loss=1.81e-02 BER=7.08e-03 FER=1.71e-01
2025-10-28 05:45:45,666 | INFO | Epoch 1181 Train Time 26.008413553237915s

2025-10-28 05:46:12,479 | INFO | Training epoch 1182, Batch 1000/1000: LR=3.66e-05, Loss=1.79e-02 BER=6.98e-03 FER=1.69e-01
2025-10-28 05:46:12,521 | INFO | Epoch 1182 Train Time 26.854979515075684s

2025-10-28 05:46:39,442 | INFO | Training epoch 1183, Batch 1000/1000: LR=3.65e-05, Loss=1.78e-02 BER=6.94e-03 FER=1.67e-01
2025-10-28 05:46:39,488 | INFO | Epoch 1183 Train Time 26.965540647506714s

2025-10-28 05:47:06,623 | INFO | Training epoch 1184, Batch 1000/1000: LR=3.65e-05, Loss=1.79e-02 BER=6.99e-03 FER=1.69e-01
2025-10-28 05:47:06,676 | INFO | Epoch 1184 Train Time 27.18821620941162s

2025-10-28 05:47:34,242 | INFO | Training epoch 1185, Batch 1000/1000: LR=3.64e-05, Loss=1.80e-02 BER=7.05e-03 FER=1.69e-01
2025-10-28 05:47:34,291 | INFO | Epoch 1185 Train Time 27.614198446273804s

2025-10-28 05:48:00,948 | INFO | Training epoch 1186, Batch 1000/1000: LR=3.63e-05, Loss=1.80e-02 BER=7.05e-03 FER=1.68e-01
2025-10-28 05:48:00,999 | INFO | Epoch 1186 Train Time 26.707465887069702s

2025-10-28 05:48:26,230 | INFO | Training epoch 1187, Batch 1000/1000: LR=3.62e-05, Loss=1.81e-02 BER=7.10e-03 FER=1.69e-01
2025-10-28 05:48:26,269 | INFO | Epoch 1187 Train Time 25.269099712371826s

2025-10-28 05:48:52,891 | INFO | Training epoch 1188, Batch 1000/1000: LR=3.62e-05, Loss=1.82e-02 BER=7.05e-03 FER=1.69e-01
2025-10-28 05:48:52,942 | INFO | Epoch 1188 Train Time 26.67183518409729s

2025-10-28 05:49:17,997 | INFO | Training epoch 1189, Batch 1000/1000: LR=3.61e-05, Loss=1.81e-02 BER=7.12e-03 FER=1.70e-01
2025-10-28 05:49:18,047 | INFO | Epoch 1189 Train Time 25.10502314567566s

2025-10-28 05:49:44,993 | INFO | Training epoch 1190, Batch 1000/1000: LR=3.60e-05, Loss=1.85e-02 BER=7.23e-03 FER=1.72e-01
2025-10-28 05:49:45,042 | INFO | Epoch 1190 Train Time 26.994627714157104s

2025-10-28 05:50:12,062 | INFO | Training epoch 1191, Batch 1000/1000: LR=3.59e-05, Loss=1.80e-02 BER=7.00e-03 FER=1.68e-01
2025-10-28 05:50:12,103 | INFO | Epoch 1191 Train Time 27.059826374053955s

2025-10-28 05:50:38,233 | INFO | Training epoch 1192, Batch 1000/1000: LR=3.59e-05, Loss=1.79e-02 BER=7.03e-03 FER=1.69e-01
2025-10-28 05:50:38,286 | INFO | Epoch 1192 Train Time 26.18328881263733s

2025-10-28 05:51:05,646 | INFO | Training epoch 1193, Batch 1000/1000: LR=3.58e-05, Loss=1.80e-02 BER=7.02e-03 FER=1.68e-01
2025-10-28 05:51:05,692 | INFO | Epoch 1193 Train Time 27.405166387557983s

2025-10-28 05:51:31,839 | INFO | Training epoch 1194, Batch 1000/1000: LR=3.57e-05, Loss=1.81e-02 BER=7.02e-03 FER=1.68e-01
2025-10-28 05:51:31,892 | INFO | Epoch 1194 Train Time 26.199312448501587s

2025-10-28 05:51:58,178 | INFO | Training epoch 1195, Batch 1000/1000: LR=3.56e-05, Loss=1.78e-02 BER=6.98e-03 FER=1.68e-01
2025-10-28 05:51:58,231 | INFO | Epoch 1195 Train Time 26.337890625s

2025-10-28 05:52:24,257 | INFO | Training epoch 1196, Batch 1000/1000: LR=3.56e-05, Loss=1.79e-02 BER=6.97e-03 FER=1.67e-01
2025-10-28 05:52:24,310 | INFO | Epoch 1196 Train Time 26.07843852043152s

2025-10-28 05:52:52,379 | INFO | Training epoch 1197, Batch 1000/1000: LR=3.55e-05, Loss=1.79e-02 BER=7.00e-03 FER=1.67e-01
2025-10-28 05:52:52,430 | INFO | Epoch 1197 Train Time 28.11971950531006s

2025-10-28 05:53:19,836 | INFO | Training epoch 1198, Batch 1000/1000: LR=3.54e-05, Loss=1.79e-02 BER=6.99e-03 FER=1.68e-01
2025-10-28 05:53:19,889 | INFO | Epoch 1198 Train Time 27.457974195480347s

2025-10-28 05:53:45,980 | INFO | Training epoch 1199, Batch 1000/1000: LR=3.54e-05, Loss=1.80e-02 BER=7.03e-03 FER=1.68e-01
2025-10-28 05:53:46,032 | INFO | Epoch 1199 Train Time 26.142472505569458s

2025-10-28 05:54:11,861 | INFO | Training epoch 1200, Batch 1000/1000: LR=3.53e-05, Loss=1.81e-02 BER=7.03e-03 FER=1.69e-01
2025-10-28 05:54:11,901 | INFO | Epoch 1200 Train Time 25.868880033493042s

2025-10-28 05:54:37,417 | INFO | Training epoch 1201, Batch 1000/1000: LR=3.52e-05, Loss=1.79e-02 BER=7.02e-03 FER=1.70e-01
2025-10-28 05:54:37,491 | INFO | Epoch 1201 Train Time 25.589720726013184s

2025-10-28 05:55:02,990 | INFO | Training epoch 1202, Batch 1000/1000: LR=3.51e-05, Loss=1.79e-02 BER=6.97e-03 FER=1.68e-01
2025-10-28 05:55:03,039 | INFO | Epoch 1202 Train Time 25.547043323516846s

2025-10-28 05:55:29,087 | INFO | Training epoch 1203, Batch 1000/1000: LR=3.51e-05, Loss=1.80e-02 BER=7.00e-03 FER=1.68e-01
2025-10-28 05:55:29,130 | INFO | Epoch 1203 Train Time 26.0904598236084s

2025-10-28 05:55:56,961 | INFO | Training epoch 1204, Batch 1000/1000: LR=3.50e-05, Loss=1.79e-02 BER=6.98e-03 FER=1.68e-01
2025-10-28 05:55:57,005 | INFO | Epoch 1204 Train Time 27.87434959411621s

2025-10-28 05:56:25,173 | INFO | Training epoch 1205, Batch 1000/1000: LR=3.49e-05, Loss=1.83e-02 BER=7.10e-03 FER=1.70e-01
2025-10-28 05:56:25,228 | INFO | Epoch 1205 Train Time 28.223175048828125s

2025-10-28 05:56:51,261 | INFO | Training epoch 1206, Batch 1000/1000: LR=3.48e-05, Loss=1.80e-02 BER=7.03e-03 FER=1.69e-01
2025-10-28 05:56:51,309 | INFO | Epoch 1206 Train Time 26.080079555511475s

2025-10-28 05:57:17,045 | INFO | Training epoch 1207, Batch 1000/1000: LR=3.48e-05, Loss=1.81e-02 BER=7.04e-03 FER=1.70e-01
2025-10-28 05:57:17,088 | INFO | Epoch 1207 Train Time 25.777849435806274s

2025-10-28 05:57:42,516 | INFO | Training epoch 1208, Batch 1000/1000: LR=3.47e-05, Loss=1.81e-02 BER=7.05e-03 FER=1.69e-01
2025-10-28 05:57:42,568 | INFO | Epoch 1208 Train Time 25.479913234710693s

2025-10-28 05:58:08,217 | INFO | Training epoch 1209, Batch 1000/1000: LR=3.46e-05, Loss=1.79e-02 BER=6.95e-03 FER=1.68e-01
2025-10-28 05:58:08,273 | INFO | Epoch 1209 Train Time 25.70401668548584s

2025-10-28 05:58:34,303 | INFO | Training epoch 1210, Batch 1000/1000: LR=3.45e-05, Loss=1.80e-02 BER=7.02e-03 FER=1.69e-01
2025-10-28 05:58:34,347 | INFO | Epoch 1210 Train Time 26.073163986206055s

2025-10-28 05:58:59,880 | INFO | Training epoch 1211, Batch 1000/1000: LR=3.45e-05, Loss=1.80e-02 BER=6.99e-03 FER=1.68e-01
2025-10-28 05:58:59,927 | INFO | Epoch 1211 Train Time 25.580177545547485s

2025-10-28 05:59:27,776 | INFO | Training epoch 1212, Batch 1000/1000: LR=3.44e-05, Loss=1.80e-02 BER=7.05e-03 FER=1.69e-01
2025-10-28 05:59:27,833 | INFO | Epoch 1212 Train Time 27.905245780944824s

2025-10-28 05:59:54,628 | INFO | Training epoch 1213, Batch 1000/1000: LR=3.43e-05, Loss=1.80e-02 BER=6.99e-03 FER=1.68e-01
2025-10-28 05:59:54,670 | INFO | Epoch 1213 Train Time 26.835879802703857s

2025-10-28 06:00:20,386 | INFO | Training epoch 1214, Batch 1000/1000: LR=3.42e-05, Loss=1.79e-02 BER=6.99e-03 FER=1.67e-01
2025-10-28 06:00:20,420 | INFO | Epoch 1214 Train Time 25.74938654899597s

2025-10-28 06:00:45,686 | INFO | Training epoch 1215, Batch 1000/1000: LR=3.42e-05, Loss=1.79e-02 BER=6.97e-03 FER=1.68e-01
2025-10-28 06:00:45,731 | INFO | Epoch 1215 Train Time 25.309980154037476s

2025-10-28 06:01:12,096 | INFO | Training epoch 1216, Batch 1000/1000: LR=3.41e-05, Loss=1.81e-02 BER=7.03e-03 FER=1.68e-01
2025-10-28 06:01:12,149 | INFO | Epoch 1216 Train Time 26.417405605316162s

2025-10-28 06:01:39,718 | INFO | Training epoch 1217, Batch 1000/1000: LR=3.40e-05, Loss=1.78e-02 BER=6.98e-03 FER=1.68e-01
2025-10-28 06:01:39,768 | INFO | Epoch 1217 Train Time 27.618966817855835s

2025-10-28 06:02:06,614 | INFO | Training epoch 1218, Batch 1000/1000: LR=3.40e-05, Loss=1.78e-02 BER=6.92e-03 FER=1.67e-01
2025-10-28 06:02:06,682 | INFO | Epoch 1218 Train Time 26.913806676864624s

2025-10-28 06:02:32,812 | INFO | Training epoch 1219, Batch 1000/1000: LR=3.39e-05, Loss=1.79e-02 BER=6.97e-03 FER=1.67e-01
2025-10-28 06:02:32,878 | INFO | Epoch 1219 Train Time 26.194559812545776s

2025-10-28 06:03:00,968 | INFO | Training epoch 1220, Batch 1000/1000: LR=3.38e-05, Loss=1.82e-02 BER=7.10e-03 FER=1.70e-01
2025-10-28 06:03:01,021 | INFO | Epoch 1220 Train Time 28.142472982406616s

2025-10-28 06:03:27,797 | INFO | Training epoch 1221, Batch 1000/1000: LR=3.37e-05, Loss=1.81e-02 BER=7.09e-03 FER=1.70e-01
2025-10-28 06:03:27,848 | INFO | Epoch 1221 Train Time 26.825949907302856s

2025-10-28 06:03:55,139 | INFO | Training epoch 1222, Batch 1000/1000: LR=3.37e-05, Loss=1.80e-02 BER=7.01e-03 FER=1.68e-01
2025-10-28 06:03:55,196 | INFO | Epoch 1222 Train Time 27.34676957130432s

2025-10-28 06:04:21,343 | INFO | Training epoch 1223, Batch 1000/1000: LR=3.36e-05, Loss=1.78e-02 BER=6.91e-03 FER=1.67e-01
2025-10-28 06:04:21,402 | INFO | Epoch 1223 Train Time 26.205384969711304s

2025-10-28 06:04:49,079 | INFO | Training epoch 1224, Batch 1000/1000: LR=3.35e-05, Loss=1.80e-02 BER=6.96e-03 FER=1.68e-01
2025-10-28 06:04:49,136 | INFO | Epoch 1224 Train Time 27.733186960220337s

2025-10-28 06:05:16,902 | INFO | Training epoch 1225, Batch 1000/1000: LR=3.34e-05, Loss=1.80e-02 BER=7.02e-03 FER=1.68e-01
2025-10-28 06:05:16,956 | INFO | Epoch 1225 Train Time 27.81943917274475s

2025-10-28 06:05:41,997 | INFO | Training epoch 1226, Batch 1000/1000: LR=3.34e-05, Loss=1.80e-02 BER=7.06e-03 FER=1.69e-01
2025-10-28 06:05:42,048 | INFO | Epoch 1226 Train Time 25.091171503067017s

2025-10-28 06:06:10,147 | INFO | Training epoch 1227, Batch 1000/1000: LR=3.33e-05, Loss=1.80e-02 BER=7.01e-03 FER=1.68e-01
2025-10-28 06:06:10,192 | INFO | Epoch 1227 Train Time 28.14340353012085s

2025-10-28 06:06:38,988 | INFO | Training epoch 1228, Batch 1000/1000: LR=3.32e-05, Loss=1.80e-02 BER=7.03e-03 FER=1.69e-01
2025-10-28 06:06:39,039 | INFO | Epoch 1228 Train Time 28.84680962562561s

2025-10-28 06:07:06,730 | INFO | Training epoch 1229, Batch 1000/1000: LR=3.31e-05, Loss=1.78e-02 BER=6.97e-03 FER=1.68e-01
2025-10-28 06:07:06,787 | INFO | Epoch 1229 Train Time 27.747236967086792s

2025-10-28 06:07:33,637 | INFO | Training epoch 1230, Batch 1000/1000: LR=3.31e-05, Loss=1.82e-02 BER=7.10e-03 FER=1.70e-01
2025-10-28 06:07:33,689 | INFO | Epoch 1230 Train Time 26.90135622024536s

2025-10-28 06:07:59,865 | INFO | Training epoch 1231, Batch 1000/1000: LR=3.30e-05, Loss=1.81e-02 BER=7.05e-03 FER=1.69e-01
2025-10-28 06:07:59,915 | INFO | Epoch 1231 Train Time 26.225518941879272s

2025-10-28 06:08:24,757 | INFO | Training epoch 1232, Batch 1000/1000: LR=3.29e-05, Loss=1.79e-02 BER=7.00e-03 FER=1.68e-01
2025-10-28 06:08:24,801 | INFO | Epoch 1232 Train Time 24.885064601898193s

2025-10-28 06:08:50,268 | INFO | Training epoch 1233, Batch 1000/1000: LR=3.29e-05, Loss=1.79e-02 BER=6.97e-03 FER=1.67e-01
2025-10-28 06:08:50,301 | INFO | Epoch 1233 Train Time 25.499613285064697s

2025-10-28 06:09:16,455 | INFO | Training epoch 1234, Batch 1000/1000: LR=3.28e-05, Loss=1.81e-02 BER=7.03e-03 FER=1.69e-01
2025-10-28 06:09:16,511 | INFO | Epoch 1234 Train Time 26.208839178085327s

2025-10-28 06:09:41,557 | INFO | Training epoch 1235, Batch 1000/1000: LR=3.27e-05, Loss=1.81e-02 BER=7.07e-03 FER=1.70e-01
2025-10-28 06:09:41,596 | INFO | Epoch 1235 Train Time 25.084898471832275s

2025-10-28 06:10:08,667 | INFO | Training epoch 1236, Batch 1000/1000: LR=3.26e-05, Loss=1.80e-02 BER=7.02e-03 FER=1.67e-01
2025-10-28 06:10:08,722 | INFO | Epoch 1236 Train Time 27.124461889266968s

2025-10-28 06:10:35,695 | INFO | Training epoch 1237, Batch 1000/1000: LR=3.26e-05, Loss=1.80e-02 BER=6.99e-03 FER=1.68e-01
2025-10-28 06:10:35,737 | INFO | Epoch 1237 Train Time 27.013938665390015s

2025-10-28 06:11:02,063 | INFO | Training epoch 1238, Batch 1000/1000: LR=3.25e-05, Loss=1.80e-02 BER=7.01e-03 FER=1.68e-01
2025-10-28 06:11:02,112 | INFO | Epoch 1238 Train Time 26.37337827682495s

2025-10-28 06:11:28,965 | INFO | Training epoch 1239, Batch 1000/1000: LR=3.24e-05, Loss=1.80e-02 BER=7.02e-03 FER=1.71e-01
2025-10-28 06:11:29,005 | INFO | Epoch 1239 Train Time 26.893256425857544s

2025-10-28 06:11:55,613 | INFO | Training epoch 1240, Batch 1000/1000: LR=3.24e-05, Loss=1.79e-02 BER=6.98e-03 FER=1.68e-01
2025-10-28 06:11:55,665 | INFO | Epoch 1240 Train Time 26.659183979034424s

2025-10-28 06:12:21,252 | INFO | Training epoch 1241, Batch 1000/1000: LR=3.23e-05, Loss=1.78e-02 BER=6.95e-03 FER=1.66e-01
2025-10-28 06:12:21,303 | INFO | Epoch 1241 Train Time 25.637208938598633s

2025-10-28 06:12:48,113 | INFO | Training epoch 1242, Batch 1000/1000: LR=3.22e-05, Loss=1.80e-02 BER=7.02e-03 FER=1.69e-01
2025-10-28 06:12:48,161 | INFO | Epoch 1242 Train Time 26.858097076416016s

2025-10-28 06:13:14,994 | INFO | Training epoch 1243, Batch 1000/1000: LR=3.21e-05, Loss=1.80e-02 BER=7.02e-03 FER=1.69e-01
2025-10-28 06:13:15,030 | INFO | Epoch 1243 Train Time 26.868167877197266s

2025-10-28 06:13:39,970 | INFO | Training epoch 1244, Batch 1000/1000: LR=3.21e-05, Loss=1.80e-02 BER=7.00e-03 FER=1.68e-01
2025-10-28 06:13:40,021 | INFO | Epoch 1244 Train Time 24.989744663238525s

2025-10-28 06:14:06,767 | INFO | Training epoch 1245, Batch 1000/1000: LR=3.20e-05, Loss=1.78e-02 BER=6.96e-03 FER=1.66e-01
2025-10-28 06:14:06,813 | INFO | Epoch 1245 Train Time 26.791959762573242s

2025-10-28 06:14:34,559 | INFO | Training epoch 1246, Batch 1000/1000: LR=3.19e-05, Loss=1.80e-02 BER=7.03e-03 FER=1.68e-01
2025-10-28 06:14:34,612 | INFO | Epoch 1246 Train Time 27.798339128494263s

2025-10-28 06:15:01,266 | INFO | Training epoch 1247, Batch 1000/1000: LR=3.18e-05, Loss=1.80e-02 BER=7.01e-03 FER=1.69e-01
2025-10-28 06:15:01,309 | INFO | Epoch 1247 Train Time 26.69655442237854s

2025-10-28 06:15:28,142 | INFO | Training epoch 1248, Batch 1000/1000: LR=3.18e-05, Loss=1.81e-02 BER=7.05e-03 FER=1.69e-01
2025-10-28 06:15:28,192 | INFO | Epoch 1248 Train Time 26.88235855102539s

2025-10-28 06:15:55,831 | INFO | Training epoch 1249, Batch 1000/1000: LR=3.17e-05, Loss=1.80e-02 BER=7.03e-03 FER=1.69e-01
2025-10-28 06:15:55,888 | INFO | Epoch 1249 Train Time 27.694905757904053s

2025-10-28 06:16:21,789 | INFO | Training epoch 1250, Batch 1000/1000: LR=3.16e-05, Loss=1.79e-02 BER=6.94e-03 FER=1.67e-01
2025-10-28 06:16:21,840 | INFO | Epoch 1250 Train Time 25.95170307159424s

2025-10-28 06:16:46,734 | INFO | Training epoch 1251, Batch 1000/1000: LR=3.16e-05, Loss=1.78e-02 BER=6.96e-03 FER=1.67e-01
2025-10-28 06:16:46,781 | INFO | Epoch 1251 Train Time 24.93997287750244s

2025-10-28 06:17:12,924 | INFO | Training epoch 1252, Batch 1000/1000: LR=3.15e-05, Loss=1.77e-02 BER=6.90e-03 FER=1.67e-01
2025-10-28 06:17:12,965 | INFO | Epoch 1252 Train Time 26.183549165725708s

2025-10-28 06:17:38,622 | INFO | Training epoch 1253, Batch 1000/1000: LR=3.14e-05, Loss=1.79e-02 BER=6.98e-03 FER=1.68e-01
2025-10-28 06:17:38,671 | INFO | Epoch 1253 Train Time 25.705809354782104s

2025-10-28 06:18:06,138 | INFO | Training epoch 1254, Batch 1000/1000: LR=3.13e-05, Loss=1.77e-02 BER=6.93e-03 FER=1.66e-01
2025-10-28 06:18:06,183 | INFO | Epoch 1254 Train Time 27.511268615722656s

2025-10-28 06:18:33,521 | INFO | Training epoch 1255, Batch 1000/1000: LR=3.13e-05, Loss=1.79e-02 BER=7.02e-03 FER=1.67e-01
2025-10-28 06:18:33,582 | INFO | Epoch 1255 Train Time 27.39801836013794s

2025-10-28 06:19:00,906 | INFO | Training epoch 1256, Batch 1000/1000: LR=3.12e-05, Loss=1.79e-02 BER=7.01e-03 FER=1.68e-01
2025-10-28 06:19:00,953 | INFO | Epoch 1256 Train Time 27.370811700820923s

2025-10-28 06:19:27,500 | INFO | Training epoch 1257, Batch 1000/1000: LR=3.11e-05, Loss=1.80e-02 BER=7.02e-03 FER=1.68e-01
2025-10-28 06:19:27,561 | INFO | Epoch 1257 Train Time 26.60648012161255s

2025-10-28 06:19:54,877 | INFO | Training epoch 1258, Batch 1000/1000: LR=3.11e-05, Loss=1.81e-02 BER=7.05e-03 FER=1.69e-01
2025-10-28 06:19:54,933 | INFO | Epoch 1258 Train Time 27.3719162940979s

2025-10-28 06:20:22,189 | INFO | Training epoch 1259, Batch 1000/1000: LR=3.10e-05, Loss=1.81e-02 BER=7.09e-03 FER=1.69e-01
2025-10-28 06:20:22,234 | INFO | Epoch 1259 Train Time 27.300426244735718s

2025-10-28 06:20:49,489 | INFO | Training epoch 1260, Batch 1000/1000: LR=3.09e-05, Loss=1.80e-02 BER=7.01e-03 FER=1.69e-01
2025-10-28 06:20:49,529 | INFO | Epoch 1260 Train Time 27.29368495941162s

2025-10-28 06:21:16,815 | INFO | Training epoch 1261, Batch 1000/1000: LR=3.08e-05, Loss=1.80e-02 BER=7.02e-03 FER=1.68e-01
2025-10-28 06:21:16,869 | INFO | Epoch 1261 Train Time 27.339934825897217s

2025-10-28 06:21:42,104 | INFO | Training epoch 1262, Batch 1000/1000: LR=3.08e-05, Loss=1.79e-02 BER=7.01e-03 FER=1.68e-01
2025-10-28 06:21:42,155 | INFO | Epoch 1262 Train Time 25.28542709350586s

2025-10-28 06:22:08,163 | INFO | Training epoch 1263, Batch 1000/1000: LR=3.07e-05, Loss=1.80e-02 BER=7.05e-03 FER=1.69e-01
2025-10-28 06:22:08,222 | INFO | Epoch 1263 Train Time 26.06636953353882s

2025-10-28 06:22:33,635 | INFO | Training epoch 1264, Batch 1000/1000: LR=3.06e-05, Loss=1.81e-02 BER=7.02e-03 FER=1.70e-01
2025-10-28 06:22:33,675 | INFO | Epoch 1264 Train Time 25.452407121658325s

2025-10-28 06:22:59,353 | INFO | Training epoch 1265, Batch 1000/1000: LR=3.06e-05, Loss=1.79e-02 BER=6.96e-03 FER=1.69e-01
2025-10-28 06:22:59,395 | INFO | Epoch 1265 Train Time 25.718544006347656s

2025-10-28 06:23:25,536 | INFO | Training epoch 1266, Batch 1000/1000: LR=3.05e-05, Loss=1.79e-02 BER=6.96e-03 FER=1.68e-01
2025-10-28 06:23:25,590 | INFO | Epoch 1266 Train Time 26.19522476196289s

2025-10-28 06:23:52,275 | INFO | Training epoch 1267, Batch 1000/1000: LR=3.04e-05, Loss=1.82e-02 BER=7.12e-03 FER=1.70e-01
2025-10-28 06:23:52,326 | INFO | Epoch 1267 Train Time 26.734726190567017s

2025-10-28 06:24:19,397 | INFO | Training epoch 1268, Batch 1000/1000: LR=3.03e-05, Loss=1.78e-02 BER=6.94e-03 FER=1.67e-01
2025-10-28 06:24:19,447 | INFO | Epoch 1268 Train Time 27.11974787712097s

2025-10-28 06:24:45,849 | INFO | Training epoch 1269, Batch 1000/1000: LR=3.03e-05, Loss=1.80e-02 BER=7.01e-03 FER=1.69e-01
2025-10-28 06:24:45,917 | INFO | Epoch 1269 Train Time 26.469618558883667s

2025-10-28 06:25:13,920 | INFO | Training epoch 1270, Batch 1000/1000: LR=3.02e-05, Loss=1.78e-02 BER=6.95e-03 FER=1.67e-01
2025-10-28 06:25:13,969 | INFO | Epoch 1270 Train Time 28.05176281929016s

2025-10-28 06:25:41,053 | INFO | Training epoch 1271, Batch 1000/1000: LR=3.01e-05, Loss=1.78e-02 BER=6.92e-03 FER=1.67e-01
2025-10-28 06:25:41,101 | INFO | Epoch 1271 Train Time 27.131415128707886s

2025-10-28 06:26:08,495 | INFO | Training epoch 1272, Batch 1000/1000: LR=3.01e-05, Loss=1.79e-02 BER=6.96e-03 FER=1.68e-01
2025-10-28 06:26:08,552 | INFO | Epoch 1272 Train Time 27.450056791305542s

2025-10-28 06:26:34,450 | INFO | Training epoch 1273, Batch 1000/1000: LR=3.00e-05, Loss=1.78e-02 BER=6.97e-03 FER=1.67e-01
2025-10-28 06:26:34,492 | INFO | Epoch 1273 Train Time 25.93995761871338s

2025-10-28 06:27:01,232 | INFO | Training epoch 1274, Batch 1000/1000: LR=2.99e-05, Loss=1.77e-02 BER=6.89e-03 FER=1.65e-01
2025-10-28 06:27:01,297 | INFO | Epoch 1274 Train Time 26.804073572158813s

2025-10-28 06:27:27,775 | INFO | Training epoch 1275, Batch 1000/1000: LR=2.98e-05, Loss=1.80e-02 BER=6.98e-03 FER=1.68e-01
2025-10-28 06:27:27,814 | INFO | Epoch 1275 Train Time 26.516681909561157s

2025-10-28 06:27:54,080 | INFO | Training epoch 1276, Batch 1000/1000: LR=2.98e-05, Loss=1.79e-02 BER=6.97e-03 FER=1.68e-01
2025-10-28 06:27:54,123 | INFO | Epoch 1276 Train Time 26.307619333267212s

2025-10-28 06:28:20,769 | INFO | Training epoch 1277, Batch 1000/1000: LR=2.97e-05, Loss=1.82e-02 BER=7.07e-03 FER=1.70e-01
2025-10-28 06:28:20,815 | INFO | Epoch 1277 Train Time 26.69232153892517s

2025-10-28 06:28:47,867 | INFO | Training epoch 1278, Batch 1000/1000: LR=2.96e-05, Loss=1.80e-02 BER=7.00e-03 FER=1.69e-01
2025-10-28 06:28:47,921 | INFO | Epoch 1278 Train Time 27.104478120803833s

2025-10-28 06:29:15,428 | INFO | Training epoch 1279, Batch 1000/1000: LR=2.96e-05, Loss=1.83e-02 BER=7.09e-03 FER=1.70e-01
2025-10-28 06:29:15,486 | INFO | Epoch 1279 Train Time 27.564720153808594s

2025-10-28 06:29:42,072 | INFO | Training epoch 1280, Batch 1000/1000: LR=2.95e-05, Loss=1.80e-02 BER=7.06e-03 FER=1.68e-01
2025-10-28 06:29:42,110 | INFO | Epoch 1280 Train Time 26.624026775360107s

2025-10-28 06:30:07,479 | INFO | Training epoch 1281, Batch 1000/1000: LR=2.94e-05, Loss=1.80e-02 BER=7.03e-03 FER=1.69e-01
2025-10-28 06:30:07,526 | INFO | Epoch 1281 Train Time 25.41473078727722s

2025-10-28 06:30:33,904 | INFO | Training epoch 1282, Batch 1000/1000: LR=2.94e-05, Loss=1.80e-02 BER=7.01e-03 FER=1.68e-01
2025-10-28 06:30:33,957 | INFO | Epoch 1282 Train Time 26.430461406707764s

2025-10-28 06:31:00,485 | INFO | Training epoch 1283, Batch 1000/1000: LR=2.93e-05, Loss=1.83e-02 BER=7.12e-03 FER=1.70e-01
2025-10-28 06:31:00,537 | INFO | Epoch 1283 Train Time 26.579450607299805s

2025-10-28 06:31:25,996 | INFO | Training epoch 1284, Batch 1000/1000: LR=2.92e-05, Loss=1.79e-02 BER=6.97e-03 FER=1.68e-01
2025-10-28 06:31:26,035 | INFO | Epoch 1284 Train Time 25.49707269668579s

2025-10-28 06:31:52,889 | INFO | Training epoch 1285, Batch 1000/1000: LR=2.91e-05, Loss=1.80e-02 BER=7.04e-03 FER=1.69e-01
2025-10-28 06:31:52,942 | INFO | Epoch 1285 Train Time 26.906503200531006s

2025-10-28 06:32:20,448 | INFO | Training epoch 1286, Batch 1000/1000: LR=2.91e-05, Loss=1.80e-02 BER=7.03e-03 FER=1.69e-01
2025-10-28 06:32:20,490 | INFO | Epoch 1286 Train Time 27.547143697738647s

2025-10-28 06:32:48,086 | INFO | Training epoch 1287, Batch 1000/1000: LR=2.90e-05, Loss=1.79e-02 BER=6.96e-03 FER=1.68e-01
2025-10-28 06:32:48,134 | INFO | Epoch 1287 Train Time 27.643043756484985s

2025-10-28 06:33:14,250 | INFO | Training epoch 1288, Batch 1000/1000: LR=2.89e-05, Loss=1.79e-02 BER=6.95e-03 FER=1.67e-01
2025-10-28 06:33:14,297 | INFO | Epoch 1288 Train Time 26.163164615631104s

2025-10-28 06:33:40,237 | INFO | Training epoch 1289, Batch 1000/1000: LR=2.89e-05, Loss=1.80e-02 BER=7.00e-03 FER=1.68e-01
2025-10-28 06:33:40,290 | INFO | Epoch 1289 Train Time 25.99163055419922s

2025-10-28 06:34:06,036 | INFO | Training epoch 1290, Batch 1000/1000: LR=2.88e-05, Loss=1.79e-02 BER=6.98e-03 FER=1.67e-01
2025-10-28 06:34:06,098 | INFO | Epoch 1290 Train Time 25.807533264160156s

2025-10-28 06:34:32,843 | INFO | Training epoch 1291, Batch 1000/1000: LR=2.87e-05, Loss=1.78e-02 BER=6.95e-03 FER=1.68e-01
2025-10-28 06:34:32,896 | INFO | Epoch 1291 Train Time 26.797096252441406s

2025-10-28 06:34:58,575 | INFO | Training epoch 1292, Batch 1000/1000: LR=2.87e-05, Loss=1.78e-02 BER=6.94e-03 FER=1.67e-01
2025-10-28 06:34:58,619 | INFO | Epoch 1292 Train Time 25.722102165222168s

2025-10-28 06:35:23,591 | INFO | Training epoch 1293, Batch 1000/1000: LR=2.86e-05, Loss=1.79e-02 BER=6.99e-03 FER=1.69e-01
2025-10-28 06:35:23,638 | INFO | Epoch 1293 Train Time 25.018223762512207s

2025-10-28 06:35:51,197 | INFO | Training epoch 1294, Batch 1000/1000: LR=2.85e-05, Loss=1.82e-02 BER=7.10e-03 FER=1.71e-01
2025-10-28 06:35:51,254 | INFO | Epoch 1294 Train Time 27.615195751190186s

2025-10-28 06:36:18,094 | INFO | Training epoch 1295, Batch 1000/1000: LR=2.84e-05, Loss=1.82e-02 BER=7.08e-03 FER=1.69e-01
2025-10-28 06:36:18,143 | INFO | Epoch 1295 Train Time 26.888858318328857s

2025-10-28 06:36:43,328 | INFO | Training epoch 1296, Batch 1000/1000: LR=2.84e-05, Loss=1.80e-02 BER=7.01e-03 FER=1.68e-01
2025-10-28 06:36:43,381 | INFO | Epoch 1296 Train Time 25.236830711364746s

2025-10-28 06:37:09,220 | INFO | Training epoch 1297, Batch 1000/1000: LR=2.83e-05, Loss=1.79e-02 BER=6.95e-03 FER=1.68e-01
2025-10-28 06:37:09,262 | INFO | Epoch 1297 Train Time 25.88119077682495s

2025-10-28 06:37:34,221 | INFO | Training epoch 1298, Batch 1000/1000: LR=2.82e-05, Loss=1.79e-02 BER=7.00e-03 FER=1.68e-01
2025-10-28 06:37:34,273 | INFO | Epoch 1298 Train Time 25.009788513183594s

2025-10-28 06:38:01,668 | INFO | Training epoch 1299, Batch 1000/1000: LR=2.82e-05, Loss=1.78e-02 BER=7.00e-03 FER=1.68e-01
2025-10-28 06:38:01,709 | INFO | Epoch 1299 Train Time 27.435800075531006s

2025-10-28 06:38:28,070 | INFO | Training epoch 1300, Batch 1000/1000: LR=2.81e-05, Loss=1.81e-02 BER=7.06e-03 FER=1.70e-01
2025-10-28 06:38:28,125 | INFO | Epoch 1300 Train Time 26.415087938308716s

2025-10-28 06:38:54,098 | INFO | Training epoch 1301, Batch 1000/1000: LR=2.80e-05, Loss=1.78e-02 BER=6.98e-03 FER=1.67e-01
2025-10-28 06:38:54,136 | INFO | Epoch 1301 Train Time 26.010201454162598s

2025-10-28 06:39:22,592 | INFO | Training epoch 1302, Batch 1000/1000: LR=2.80e-05, Loss=1.78e-02 BER=6.94e-03 FER=1.67e-01
2025-10-28 06:39:22,643 | INFO | Epoch 1302 Train Time 28.506052255630493s

2025-10-28 06:39:48,668 | INFO | Training epoch 1303, Batch 1000/1000: LR=2.79e-05, Loss=1.80e-02 BER=7.05e-03 FER=1.68e-01
2025-10-28 06:39:48,712 | INFO | Epoch 1303 Train Time 26.06911826133728s

2025-10-28 06:40:15,144 | INFO | Training epoch 1304, Batch 1000/1000: LR=2.78e-05, Loss=1.80e-02 BER=7.03e-03 FER=1.69e-01
2025-10-28 06:40:15,195 | INFO | Epoch 1304 Train Time 26.481580018997192s

2025-10-28 06:40:42,284 | INFO | Training epoch 1305, Batch 1000/1000: LR=2.78e-05, Loss=1.77e-02 BER=6.89e-03 FER=1.66e-01
2025-10-28 06:40:42,328 | INFO | Epoch 1305 Train Time 27.132210731506348s

2025-10-28 06:41:10,631 | INFO | Training epoch 1306, Batch 1000/1000: LR=2.77e-05, Loss=1.80e-02 BER=7.01e-03 FER=1.69e-01
2025-10-28 06:41:10,687 | INFO | Epoch 1306 Train Time 28.35838222503662s

2025-10-28 06:41:37,358 | INFO | Training epoch 1307, Batch 1000/1000: LR=2.76e-05, Loss=1.82e-02 BER=7.05e-03 FER=1.70e-01
2025-10-28 06:41:37,400 | INFO | Epoch 1307 Train Time 26.711879014968872s

2025-10-28 06:42:05,175 | INFO | Training epoch 1308, Batch 1000/1000: LR=2.75e-05, Loss=1.79e-02 BER=6.98e-03 FER=1.69e-01
2025-10-28 06:42:05,223 | INFO | Epoch 1308 Train Time 27.82211184501648s

2025-10-28 06:42:33,148 | INFO | Training epoch 1309, Batch 1000/1000: LR=2.75e-05, Loss=1.78e-02 BER=6.93e-03 FER=1.66e-01
2025-10-28 06:42:33,187 | INFO | Epoch 1309 Train Time 27.964235544204712s

2025-10-28 06:43:00,292 | INFO | Training epoch 1310, Batch 1000/1000: LR=2.74e-05, Loss=1.79e-02 BER=7.02e-03 FER=1.69e-01
2025-10-28 06:43:00,341 | INFO | Epoch 1310 Train Time 27.152867078781128s

2025-10-28 06:43:28,092 | INFO | Training epoch 1311, Batch 1000/1000: LR=2.73e-05, Loss=1.79e-02 BER=6.95e-03 FER=1.67e-01
2025-10-28 06:43:28,146 | INFO | Epoch 1311 Train Time 27.80415368080139s

2025-10-28 06:43:54,782 | INFO | Training epoch 1312, Batch 1000/1000: LR=2.73e-05, Loss=1.81e-02 BER=7.06e-03 FER=1.71e-01
2025-10-28 06:43:54,829 | INFO | Epoch 1312 Train Time 26.683140754699707s

2025-10-28 06:44:22,703 | INFO | Training epoch 1313, Batch 1000/1000: LR=2.72e-05, Loss=1.80e-02 BER=7.07e-03 FER=1.70e-01
2025-10-28 06:44:22,765 | INFO | Epoch 1313 Train Time 27.934948205947876s

2025-10-28 06:44:47,838 | INFO | Training epoch 1314, Batch 1000/1000: LR=2.71e-05, Loss=1.80e-02 BER=7.04e-03 FER=1.68e-01
2025-10-28 06:44:47,892 | INFO | Epoch 1314 Train Time 25.125749111175537s

2025-10-28 06:45:15,660 | INFO | Training epoch 1315, Batch 1000/1000: LR=2.71e-05, Loss=1.79e-02 BER=6.96e-03 FER=1.68e-01
2025-10-28 06:45:15,713 | INFO | Epoch 1315 Train Time 27.81950330734253s

2025-10-28 06:45:42,386 | INFO | Training epoch 1316, Batch 1000/1000: LR=2.70e-05, Loss=1.80e-02 BER=7.01e-03 FER=1.68e-01
2025-10-28 06:45:42,437 | INFO | Epoch 1316 Train Time 26.723753929138184s

2025-10-28 06:46:07,480 | INFO | Training epoch 1317, Batch 1000/1000: LR=2.69e-05, Loss=1.81e-02 BER=7.05e-03 FER=1.69e-01
2025-10-28 06:46:07,519 | INFO | Epoch 1317 Train Time 25.081427335739136s

2025-10-28 06:46:34,080 | INFO | Training epoch 1318, Batch 1000/1000: LR=2.69e-05, Loss=1.79e-02 BER=7.02e-03 FER=1.68e-01
2025-10-28 06:46:34,127 | INFO | Epoch 1318 Train Time 26.607600212097168s

2025-10-28 06:47:00,920 | INFO | Training epoch 1319, Batch 1000/1000: LR=2.68e-05, Loss=1.80e-02 BER=7.00e-03 FER=1.67e-01
2025-10-28 06:47:00,967 | INFO | Epoch 1319 Train Time 26.839588403701782s

2025-10-28 06:47:25,164 | INFO | Training epoch 1320, Batch 1000/1000: LR=2.67e-05, Loss=1.77e-02 BER=6.92e-03 FER=1.65e-01
2025-10-28 06:47:25,221 | INFO | Epoch 1320 Train Time 24.253004550933838s

2025-10-28 06:47:51,764 | INFO | Training epoch 1321, Batch 1000/1000: LR=2.67e-05, Loss=1.78e-02 BER=6.93e-03 FER=1.67e-01
2025-10-28 06:47:51,817 | INFO | Epoch 1321 Train Time 26.59629797935486s

2025-10-28 06:48:18,926 | INFO | Training epoch 1322, Batch 1000/1000: LR=2.66e-05, Loss=1.81e-02 BER=7.03e-03 FER=1.69e-01
2025-10-28 06:48:18,974 | INFO | Epoch 1322 Train Time 27.1556658744812s

2025-10-28 06:48:46,421 | INFO | Training epoch 1323, Batch 1000/1000: LR=2.65e-05, Loss=1.80e-02 BER=7.01e-03 FER=1.69e-01
2025-10-28 06:48:46,473 | INFO | Epoch 1323 Train Time 27.498365879058838s

2025-10-28 06:49:12,756 | INFO | Training epoch 1324, Batch 1000/1000: LR=2.64e-05, Loss=1.77e-02 BER=6.94e-03 FER=1.67e-01
2025-10-28 06:49:12,811 | INFO | Epoch 1324 Train Time 26.337641954421997s

2025-10-28 06:49:38,605 | INFO | Training epoch 1325, Batch 1000/1000: LR=2.64e-05, Loss=1.77e-02 BER=6.91e-03 FER=1.67e-01
2025-10-28 06:49:38,653 | INFO | Epoch 1325 Train Time 25.841718912124634s

2025-10-28 06:50:06,350 | INFO | Training epoch 1326, Batch 1000/1000: LR=2.63e-05, Loss=1.79e-02 BER=6.97e-03 FER=1.67e-01
2025-10-28 06:50:06,396 | INFO | Epoch 1326 Train Time 27.74193811416626s

2025-10-28 06:50:30,871 | INFO | Training epoch 1327, Batch 1000/1000: LR=2.62e-05, Loss=1.79e-02 BER=6.97e-03 FER=1.67e-01
2025-10-28 06:50:30,918 | INFO | Epoch 1327 Train Time 24.521411895751953s

2025-10-28 06:50:57,503 | INFO | Training epoch 1328, Batch 1000/1000: LR=2.62e-05, Loss=1.81e-02 BER=7.01e-03 FER=1.69e-01
2025-10-28 06:50:57,562 | INFO | Epoch 1328 Train Time 26.643681287765503s

2025-10-28 06:51:22,899 | INFO | Training epoch 1329, Batch 1000/1000: LR=2.61e-05, Loss=1.80e-02 BER=7.02e-03 FER=1.69e-01
2025-10-28 06:51:22,950 | INFO | Epoch 1329 Train Time 25.3869948387146s

2025-10-28 06:51:48,714 | INFO | Training epoch 1330, Batch 1000/1000: LR=2.60e-05, Loss=1.79e-02 BER=7.00e-03 FER=1.69e-01
2025-10-28 06:51:48,768 | INFO | Epoch 1330 Train Time 25.818018674850464s

2025-10-28 06:52:16,742 | INFO | Training epoch 1331, Batch 1000/1000: LR=2.60e-05, Loss=1.82e-02 BER=7.08e-03 FER=1.69e-01
2025-10-28 06:52:16,784 | INFO | Epoch 1331 Train Time 28.01538324356079s

2025-10-28 06:52:42,656 | INFO | Training epoch 1332, Batch 1000/1000: LR=2.59e-05, Loss=1.78e-02 BER=6.97e-03 FER=1.68e-01
2025-10-28 06:52:42,699 | INFO | Epoch 1332 Train Time 25.913679599761963s

2025-10-28 06:53:07,388 | INFO | Training epoch 1333, Batch 1000/1000: LR=2.58e-05, Loss=1.80e-02 BER=7.00e-03 FER=1.68e-01
2025-10-28 06:53:07,438 | INFO | Epoch 1333 Train Time 24.739107608795166s

2025-10-28 06:53:33,430 | INFO | Training epoch 1334, Batch 1000/1000: LR=2.58e-05, Loss=1.80e-02 BER=6.99e-03 FER=1.69e-01
2025-10-28 06:53:33,506 | INFO | Epoch 1334 Train Time 26.067177057266235s

2025-10-28 06:53:58,418 | INFO | Training epoch 1335, Batch 1000/1000: LR=2.57e-05, Loss=1.80e-02 BER=7.01e-03 FER=1.69e-01
2025-10-28 06:53:58,470 | INFO | Epoch 1335 Train Time 24.962616205215454s

2025-10-28 06:54:25,223 | INFO | Training epoch 1336, Batch 1000/1000: LR=2.56e-05, Loss=1.83e-02 BER=7.10e-03 FER=1.70e-01
2025-10-28 06:54:25,275 | INFO | Epoch 1336 Train Time 26.804793119430542s

2025-10-28 06:54:52,383 | INFO | Training epoch 1337, Batch 1000/1000: LR=2.56e-05, Loss=1.80e-02 BER=7.03e-03 FER=1.69e-01
2025-10-28 06:54:52,431 | INFO | Epoch 1337 Train Time 27.155574083328247s

2025-10-28 06:55:18,023 | INFO | Training epoch 1338, Batch 1000/1000: LR=2.55e-05, Loss=1.80e-02 BER=7.04e-03 FER=1.68e-01
2025-10-28 06:55:18,075 | INFO | Epoch 1338 Train Time 25.6429181098938s

2025-10-28 06:55:42,552 | INFO | Training epoch 1339, Batch 1000/1000: LR=2.54e-05, Loss=1.79e-02 BER=6.99e-03 FER=1.68e-01
2025-10-28 06:55:42,610 | INFO | Epoch 1339 Train Time 24.53405499458313s

2025-10-28 06:56:08,968 | INFO | Training epoch 1340, Batch 1000/1000: LR=2.54e-05, Loss=1.79e-02 BER=6.99e-03 FER=1.67e-01
2025-10-28 06:56:09,024 | INFO | Epoch 1340 Train Time 26.41394281387329s

2025-10-28 06:56:34,949 | INFO | Training epoch 1341, Batch 1000/1000: LR=2.53e-05, Loss=1.79e-02 BER=6.97e-03 FER=1.67e-01
2025-10-28 06:56:34,992 | INFO | Epoch 1341 Train Time 25.967039346694946s

2025-10-28 06:57:02,333 | INFO | Training epoch 1342, Batch 1000/1000: LR=2.52e-05, Loss=1.80e-02 BER=7.04e-03 FER=1.68e-01
2025-10-28 06:57:02,392 | INFO | Epoch 1342 Train Time 27.39923095703125s

2025-10-28 06:57:29,362 | INFO | Training epoch 1343, Batch 1000/1000: LR=2.52e-05, Loss=1.81e-02 BER=7.03e-03 FER=1.69e-01
2025-10-28 06:57:29,421 | INFO | Epoch 1343 Train Time 27.02816081047058s

2025-10-28 06:57:54,942 | INFO | Training epoch 1344, Batch 1000/1000: LR=2.51e-05, Loss=1.79e-02 BER=6.99e-03 FER=1.67e-01
2025-10-28 06:57:54,993 | INFO | Epoch 1344 Train Time 25.571299076080322s

2025-10-28 06:58:22,365 | INFO | Training epoch 1345, Batch 1000/1000: LR=2.50e-05, Loss=1.82e-02 BER=7.10e-03 FER=1.69e-01
2025-10-28 06:58:22,409 | INFO | Epoch 1345 Train Time 27.415226697921753s

2025-10-28 06:58:49,451 | INFO | Training epoch 1346, Batch 1000/1000: LR=2.50e-05, Loss=1.80e-02 BER=7.04e-03 FER=1.68e-01
2025-10-28 06:58:49,504 | INFO | Epoch 1346 Train Time 27.094610929489136s

2025-10-28 06:59:15,750 | INFO | Training epoch 1347, Batch 1000/1000: LR=2.49e-05, Loss=1.80e-02 BER=7.03e-03 FER=1.68e-01
2025-10-28 06:59:15,789 | INFO | Epoch 1347 Train Time 26.284437894821167s

2025-10-28 06:59:41,881 | INFO | Training epoch 1348, Batch 1000/1000: LR=2.48e-05, Loss=1.79e-02 BER=6.97e-03 FER=1.67e-01
2025-10-28 06:59:41,937 | INFO | Epoch 1348 Train Time 26.147483348846436s

2025-10-28 07:00:09,183 | INFO | Training epoch 1349, Batch 1000/1000: LR=2.48e-05, Loss=1.80e-02 BER=6.99e-03 FER=1.69e-01
2025-10-28 07:00:09,234 | INFO | Epoch 1349 Train Time 27.295455932617188s

2025-10-28 07:00:34,965 | INFO | Training epoch 1350, Batch 1000/1000: LR=2.47e-05, Loss=1.77e-02 BER=6.93e-03 FER=1.67e-01
2025-10-28 07:00:35,034 | INFO | Epoch 1350 Train Time 25.80002212524414s

2025-10-28 07:01:01,989 | INFO | Training epoch 1351, Batch 1000/1000: LR=2.46e-05, Loss=1.80e-02 BER=7.02e-03 FER=1.68e-01
2025-10-28 07:01:02,047 | INFO | Epoch 1351 Train Time 27.012179136276245s

2025-10-28 07:01:27,775 | INFO | Training epoch 1352, Batch 1000/1000: LR=2.46e-05, Loss=1.81e-02 BER=7.07e-03 FER=1.69e-01
2025-10-28 07:01:27,828 | INFO | Epoch 1352 Train Time 25.780168294906616s

2025-10-28 07:01:54,256 | INFO | Training epoch 1353, Batch 1000/1000: LR=2.45e-05, Loss=1.78e-02 BER=6.95e-03 FER=1.66e-01
2025-10-28 07:01:54,310 | INFO | Epoch 1353 Train Time 26.481595516204834s

2025-10-28 07:02:21,111 | INFO | Training epoch 1354, Batch 1000/1000: LR=2.44e-05, Loss=1.77e-02 BER=6.90e-03 FER=1.66e-01
2025-10-28 07:02:21,158 | INFO | Epoch 1354 Train Time 26.84686851501465s

2025-10-28 07:02:47,811 | INFO | Training epoch 1355, Batch 1000/1000: LR=2.44e-05, Loss=1.77e-02 BER=6.92e-03 FER=1.66e-01
2025-10-28 07:02:47,860 | INFO | Epoch 1355 Train Time 26.702288389205933s

2025-10-28 07:03:14,304 | INFO | Training epoch 1356, Batch 1000/1000: LR=2.43e-05, Loss=1.79e-02 BER=6.97e-03 FER=1.67e-01
2025-10-28 07:03:14,361 | INFO | Epoch 1356 Train Time 26.500058889389038s

2025-10-28 07:03:41,202 | INFO | Training epoch 1357, Batch 1000/1000: LR=2.42e-05, Loss=1.80e-02 BER=7.04e-03 FER=1.69e-01
2025-10-28 07:03:41,255 | INFO | Epoch 1357 Train Time 26.892744064331055s

2025-10-28 07:04:09,362 | INFO | Training epoch 1358, Batch 1000/1000: LR=2.42e-05, Loss=1.80e-02 BER=7.03e-03 FER=1.69e-01
2025-10-28 07:04:09,412 | INFO | Epoch 1358 Train Time 28.156743049621582s

2025-10-28 07:04:35,744 | INFO | Training epoch 1359, Batch 1000/1000: LR=2.41e-05, Loss=1.81e-02 BER=7.07e-03 FER=1.70e-01
2025-10-28 07:04:35,783 | INFO | Epoch 1359 Train Time 26.37082862854004s

2025-10-28 07:05:01,672 | INFO | Training epoch 1360, Batch 1000/1000: LR=2.40e-05, Loss=1.78e-02 BER=6.94e-03 FER=1.67e-01
2025-10-28 07:05:01,727 | INFO | Epoch 1360 Train Time 25.943559169769287s

2025-10-28 07:05:31,258 | INFO | Training epoch 1361, Batch 1000/1000: LR=2.40e-05, Loss=1.80e-02 BER=7.00e-03 FER=1.68e-01
2025-10-28 07:05:31,325 | INFO | Epoch 1361 Train Time 29.596547842025757s

2025-10-28 07:05:59,019 | INFO | Training epoch 1362, Batch 1000/1000: LR=2.39e-05, Loss=1.80e-02 BER=7.00e-03 FER=1.68e-01
2025-10-28 07:05:59,095 | INFO | Epoch 1362 Train Time 27.769055366516113s

2025-10-28 07:06:26,880 | INFO | Training epoch 1363, Batch 1000/1000: LR=2.38e-05, Loss=1.80e-02 BER=7.04e-03 FER=1.69e-01
2025-10-28 07:06:26,921 | INFO | Epoch 1363 Train Time 27.82552146911621s

2025-10-28 07:06:54,061 | INFO | Training epoch 1364, Batch 1000/1000: LR=2.38e-05, Loss=1.80e-02 BER=7.02e-03 FER=1.68e-01
2025-10-28 07:06:54,119 | INFO | Epoch 1364 Train Time 27.197095155715942s

2025-10-28 07:07:20,379 | INFO | Training epoch 1365, Batch 1000/1000: LR=2.37e-05, Loss=1.78e-02 BER=6.95e-03 FER=1.68e-01
2025-10-28 07:07:20,432 | INFO | Epoch 1365 Train Time 26.311456441879272s

2025-10-28 07:07:46,983 | INFO | Training epoch 1366, Batch 1000/1000: LR=2.36e-05, Loss=1.78e-02 BER=6.94e-03 FER=1.67e-01
2025-10-28 07:07:47,042 | INFO | Epoch 1366 Train Time 26.60923671722412s

2025-10-28 07:08:13,331 | INFO | Training epoch 1367, Batch 1000/1000: LR=2.36e-05, Loss=1.81e-02 BER=7.01e-03 FER=1.68e-01
2025-10-28 07:08:13,388 | INFO | Epoch 1367 Train Time 26.344769954681396s

2025-10-28 07:08:40,689 | INFO | Training epoch 1368, Batch 1000/1000: LR=2.35e-05, Loss=1.76e-02 BER=6.89e-03 FER=1.66e-01
2025-10-28 07:08:40,747 | INFO | Epoch 1368 Train Time 27.357452154159546s

2025-10-28 07:08:40,747 | INFO | [P2] saving best_model (QAT) with loss 0.017626 at epoch 1368
2025-10-28 07:09:06,384 | INFO | Training epoch 1369, Batch 1000/1000: LR=2.35e-05, Loss=1.79e-02 BER=6.98e-03 FER=1.68e-01
2025-10-28 07:09:06,428 | INFO | Epoch 1369 Train Time 25.6570086479187s

2025-10-28 07:09:31,415 | INFO | Training epoch 1370, Batch 1000/1000: LR=2.34e-05, Loss=1.78e-02 BER=6.93e-03 FER=1.67e-01
2025-10-28 07:09:31,467 | INFO | Epoch 1370 Train Time 25.038787841796875s

2025-10-28 07:09:56,072 | INFO | Training epoch 1371, Batch 1000/1000: LR=2.33e-05, Loss=1.78e-02 BER=6.99e-03 FER=1.68e-01
2025-10-28 07:09:56,116 | INFO | Epoch 1371 Train Time 24.648345470428467s

2025-10-28 07:10:23,442 | INFO | Training epoch 1372, Batch 1000/1000: LR=2.33e-05, Loss=1.77e-02 BER=6.92e-03 FER=1.66e-01
2025-10-28 07:10:23,497 | INFO | Epoch 1372 Train Time 27.38011860847473s

2025-10-28 07:10:48,855 | INFO | Training epoch 1373, Batch 1000/1000: LR=2.32e-05, Loss=1.79e-02 BER=7.02e-03 FER=1.68e-01
2025-10-28 07:10:48,902 | INFO | Epoch 1373 Train Time 25.40472173690796s

2025-10-28 07:11:14,835 | INFO | Training epoch 1374, Batch 1000/1000: LR=2.31e-05, Loss=1.78e-02 BER=6.94e-03 FER=1.67e-01
2025-10-28 07:11:14,894 | INFO | Epoch 1374 Train Time 25.991256952285767s

2025-10-28 07:11:42,673 | INFO | Training epoch 1375, Batch 1000/1000: LR=2.31e-05, Loss=1.79e-02 BER=7.02e-03 FER=1.69e-01
2025-10-28 07:11:42,720 | INFO | Epoch 1375 Train Time 27.825572729110718s

2025-10-28 07:12:08,233 | INFO | Training epoch 1376, Batch 1000/1000: LR=2.30e-05, Loss=1.82e-02 BER=7.10e-03 FER=1.69e-01
2025-10-28 07:12:08,278 | INFO | Epoch 1376 Train Time 25.557435274124146s

2025-10-28 07:12:35,042 | INFO | Training epoch 1377, Batch 1000/1000: LR=2.29e-05, Loss=1.82e-02 BER=7.10e-03 FER=1.70e-01
2025-10-28 07:12:35,096 | INFO | Epoch 1377 Train Time 26.817042589187622s

2025-10-28 07:13:01,568 | INFO | Training epoch 1378, Batch 1000/1000: LR=2.29e-05, Loss=1.81e-02 BER=7.08e-03 FER=1.69e-01
2025-10-28 07:13:01,630 | INFO | Epoch 1378 Train Time 26.53332018852234s

2025-10-28 07:13:28,713 | INFO | Training epoch 1379, Batch 1000/1000: LR=2.28e-05, Loss=1.79e-02 BER=6.96e-03 FER=1.67e-01
2025-10-28 07:13:28,760 | INFO | Epoch 1379 Train Time 27.129623651504517s

2025-10-28 07:13:55,799 | INFO | Training epoch 1380, Batch 1000/1000: LR=2.27e-05, Loss=1.80e-02 BER=7.01e-03 FER=1.67e-01
2025-10-28 07:13:55,848 | INFO | Epoch 1380 Train Time 27.088006734848022s

2025-10-28 07:14:22,938 | INFO | Training epoch 1381, Batch 1000/1000: LR=2.27e-05, Loss=1.78e-02 BER=6.95e-03 FER=1.69e-01
2025-10-28 07:14:22,991 | INFO | Epoch 1381 Train Time 27.14200186729431s

2025-10-28 07:14:50,024 | INFO | Training epoch 1382, Batch 1000/1000: LR=2.26e-05, Loss=1.82e-02 BER=7.09e-03 FER=1.70e-01
2025-10-28 07:14:50,084 | INFO | Epoch 1382 Train Time 27.091649770736694s

2025-10-28 07:15:16,777 | INFO | Training epoch 1383, Batch 1000/1000: LR=2.25e-05, Loss=1.81e-02 BER=7.05e-03 FER=1.69e-01
2025-10-28 07:15:16,835 | INFO | Epoch 1383 Train Time 26.749728202819824s

2025-10-28 07:15:43,845 | INFO | Training epoch 1384, Batch 1000/1000: LR=2.25e-05, Loss=1.80e-02 BER=7.03e-03 FER=1.69e-01
2025-10-28 07:15:43,903 | INFO | Epoch 1384 Train Time 27.067588806152344s

2025-10-28 07:16:09,700 | INFO | Training epoch 1385, Batch 1000/1000: LR=2.24e-05, Loss=1.77e-02 BER=6.89e-03 FER=1.66e-01
2025-10-28 07:16:09,756 | INFO | Epoch 1385 Train Time 25.852283477783203s

2025-10-28 07:16:36,057 | INFO | Training epoch 1386, Batch 1000/1000: LR=2.24e-05, Loss=1.79e-02 BER=7.02e-03 FER=1.68e-01
2025-10-28 07:16:36,116 | INFO | Epoch 1386 Train Time 26.359743118286133s

2025-10-28 07:17:01,790 | INFO | Training epoch 1387, Batch 1000/1000: LR=2.23e-05, Loss=1.80e-02 BER=7.05e-03 FER=1.70e-01
2025-10-28 07:17:01,844 | INFO | Epoch 1387 Train Time 25.727651119232178s

2025-10-28 07:17:26,946 | INFO | Training epoch 1388, Batch 1000/1000: LR=2.22e-05, Loss=1.80e-02 BER=7.01e-03 FER=1.69e-01
2025-10-28 07:17:26,991 | INFO | Epoch 1388 Train Time 25.14621353149414s

2025-10-28 07:17:53,949 | INFO | Training epoch 1389, Batch 1000/1000: LR=2.22e-05, Loss=1.78e-02 BER=6.94e-03 FER=1.67e-01
2025-10-28 07:17:53,996 | INFO | Epoch 1389 Train Time 27.004732370376587s

2025-10-28 07:18:20,355 | INFO | Training epoch 1390, Batch 1000/1000: LR=2.21e-05, Loss=1.79e-02 BER=6.95e-03 FER=1.67e-01
2025-10-28 07:18:20,404 | INFO | Epoch 1390 Train Time 26.4073703289032s

2025-10-28 07:18:46,854 | INFO | Training epoch 1391, Batch 1000/1000: LR=2.20e-05, Loss=1.79e-02 BER=6.96e-03 FER=1.67e-01
2025-10-28 07:18:46,908 | INFO | Epoch 1391 Train Time 26.503618955612183s

2025-10-28 07:19:12,597 | INFO | Training epoch 1392, Batch 1000/1000: LR=2.20e-05, Loss=1.80e-02 BER=7.00e-03 FER=1.69e-01
2025-10-28 07:19:12,639 | INFO | Epoch 1392 Train Time 25.730104446411133s

2025-10-28 07:19:38,972 | INFO | Training epoch 1393, Batch 1000/1000: LR=2.19e-05, Loss=1.78e-02 BER=6.93e-03 FER=1.67e-01
2025-10-28 07:19:39,024 | INFO | Epoch 1393 Train Time 26.383394718170166s

2025-10-28 07:20:05,125 | INFO | Training epoch 1394, Batch 1000/1000: LR=2.18e-05, Loss=1.79e-02 BER=7.00e-03 FER=1.68e-01
2025-10-28 07:20:05,172 | INFO | Epoch 1394 Train Time 26.147475719451904s

2025-10-28 07:20:31,435 | INFO | Training epoch 1395, Batch 1000/1000: LR=2.18e-05, Loss=1.81e-02 BER=7.06e-03 FER=1.70e-01
2025-10-28 07:20:31,487 | INFO | Epoch 1395 Train Time 26.314561367034912s

2025-10-28 07:20:56,162 | INFO | Training epoch 1396, Batch 1000/1000: LR=2.17e-05, Loss=1.79e-02 BER=7.00e-03 FER=1.68e-01
2025-10-28 07:20:56,219 | INFO | Epoch 1396 Train Time 24.73172092437744s

2025-10-28 07:21:22,991 | INFO | Training epoch 1397, Batch 1000/1000: LR=2.17e-05, Loss=1.78e-02 BER=6.95e-03 FER=1.67e-01
2025-10-28 07:21:23,050 | INFO | Epoch 1397 Train Time 26.82969832420349s

2025-10-28 07:21:49,908 | INFO | Training epoch 1398, Batch 1000/1000: LR=2.16e-05, Loss=1.79e-02 BER=6.99e-03 FER=1.68e-01
2025-10-28 07:21:49,968 | INFO | Epoch 1398 Train Time 26.917595386505127s

2025-10-28 07:22:17,618 | INFO | Training epoch 1399, Batch 1000/1000: LR=2.15e-05, Loss=1.81e-02 BER=7.06e-03 FER=1.69e-01
2025-10-28 07:22:17,677 | INFO | Epoch 1399 Train Time 27.708855628967285s

2025-10-28 07:22:42,941 | INFO | Training epoch 1400, Batch 1000/1000: LR=2.15e-05, Loss=1.81e-02 BER=7.10e-03 FER=1.70e-01
2025-10-28 07:22:43,002 | INFO | Epoch 1400 Train Time 25.32349395751953s

2025-10-28 07:23:09,305 | INFO | Training epoch 1401, Batch 1000/1000: LR=2.14e-05, Loss=1.81e-02 BER=7.05e-03 FER=1.69e-01
2025-10-28 07:23:09,367 | INFO | Epoch 1401 Train Time 26.365095615386963s

2025-10-28 07:23:35,985 | INFO | Training epoch 1402, Batch 1000/1000: LR=2.13e-05, Loss=1.81e-02 BER=7.03e-03 FER=1.69e-01
2025-10-28 07:23:36,046 | INFO | Epoch 1402 Train Time 26.677504777908325s

2025-10-28 07:24:03,634 | INFO | Training epoch 1403, Batch 1000/1000: LR=2.13e-05, Loss=1.81e-02 BER=7.09e-03 FER=1.70e-01
2025-10-28 07:24:03,688 | INFO | Epoch 1403 Train Time 27.640525817871094s

2025-10-28 07:24:30,675 | INFO | Training epoch 1404, Batch 1000/1000: LR=2.12e-05, Loss=1.78e-02 BER=6.92e-03 FER=1.67e-01
2025-10-28 07:24:30,727 | INFO | Epoch 1404 Train Time 27.03818988800049s

2025-10-28 07:24:58,028 | INFO | Training epoch 1405, Batch 1000/1000: LR=2.12e-05, Loss=1.79e-02 BER=6.99e-03 FER=1.68e-01
2025-10-28 07:24:58,072 | INFO | Epoch 1405 Train Time 27.343313455581665s

2025-10-28 07:25:23,918 | INFO | Training epoch 1406, Batch 1000/1000: LR=2.11e-05, Loss=1.80e-02 BER=7.04e-03 FER=1.69e-01
2025-10-28 07:25:23,966 | INFO | Epoch 1406 Train Time 25.894015789031982s

2025-10-28 07:25:49,632 | INFO | Training epoch 1407, Batch 1000/1000: LR=2.10e-05, Loss=1.80e-02 BER=7.02e-03 FER=1.70e-01
2025-10-28 07:25:49,683 | INFO | Epoch 1407 Train Time 25.715867042541504s

2025-10-28 07:26:15,586 | INFO | Training epoch 1408, Batch 1000/1000: LR=2.10e-05, Loss=1.81e-02 BER=7.00e-03 FER=1.68e-01
2025-10-28 07:26:15,642 | INFO | Epoch 1408 Train Time 25.9587562084198s

2025-10-28 07:26:41,389 | INFO | Training epoch 1409, Batch 1000/1000: LR=2.09e-05, Loss=1.80e-02 BER=7.03e-03 FER=1.68e-01
2025-10-28 07:26:41,441 | INFO | Epoch 1409 Train Time 25.797996044158936s

2025-10-28 07:27:08,932 | INFO | Training epoch 1410, Batch 1000/1000: LR=2.08e-05, Loss=1.79e-02 BER=6.97e-03 FER=1.68e-01
2025-10-28 07:27:08,983 | INFO | Epoch 1410 Train Time 27.541538953781128s

2025-10-28 07:27:34,213 | INFO | Training epoch 1411, Batch 1000/1000: LR=2.08e-05, Loss=1.79e-02 BER=7.00e-03 FER=1.69e-01
2025-10-28 07:27:34,285 | INFO | Epoch 1411 Train Time 25.301330089569092s

2025-10-28 07:28:01,351 | INFO | Training epoch 1412, Batch 1000/1000: LR=2.07e-05, Loss=1.77e-02 BER=6.90e-03 FER=1.66e-01
2025-10-28 07:28:01,412 | INFO | Epoch 1412 Train Time 27.124727725982666s

2025-10-28 07:28:27,490 | INFO | Training epoch 1413, Batch 1000/1000: LR=2.07e-05, Loss=1.80e-02 BER=6.96e-03 FER=1.68e-01
2025-10-28 07:28:27,553 | INFO | Epoch 1413 Train Time 26.140609979629517s

2025-10-28 07:28:54,533 | INFO | Training epoch 1414, Batch 1000/1000: LR=2.06e-05, Loss=1.80e-02 BER=7.02e-03 FER=1.69e-01
2025-10-28 07:28:54,580 | INFO | Epoch 1414 Train Time 27.0263249874115s

2025-10-28 07:29:20,755 | INFO | Training epoch 1415, Batch 1000/1000: LR=2.05e-05, Loss=1.82e-02 BER=7.10e-03 FER=1.70e-01
2025-10-28 07:29:20,802 | INFO | Epoch 1415 Train Time 26.221084117889404s

2025-10-28 07:29:48,923 | INFO | Training epoch 1416, Batch 1000/1000: LR=2.05e-05, Loss=1.80e-02 BER=7.01e-03 FER=1.68e-01
2025-10-28 07:29:48,992 | INFO | Epoch 1416 Train Time 28.189404010772705s

2025-10-28 07:30:14,789 | INFO | Training epoch 1417, Batch 1000/1000: LR=2.04e-05, Loss=1.78e-02 BER=6.95e-03 FER=1.67e-01
2025-10-28 07:30:14,834 | INFO | Epoch 1417 Train Time 25.8411386013031s

2025-10-28 07:30:43,017 | INFO | Training epoch 1418, Batch 1000/1000: LR=2.03e-05, Loss=1.80e-02 BER=7.05e-03 FER=1.69e-01
2025-10-28 07:30:43,073 | INFO | Epoch 1418 Train Time 28.23765468597412s

2025-10-28 07:31:08,827 | INFO | Training epoch 1419, Batch 1000/1000: LR=2.03e-05, Loss=1.80e-02 BER=7.06e-03 FER=1.70e-01
2025-10-28 07:31:08,879 | INFO | Epoch 1419 Train Time 25.805408716201782s

2025-10-28 07:31:34,393 | INFO | Training epoch 1420, Batch 1000/1000: LR=2.02e-05, Loss=1.78e-02 BER=6.94e-03 FER=1.67e-01
2025-10-28 07:31:34,438 | INFO | Epoch 1420 Train Time 25.55809497833252s

2025-10-28 07:32:00,288 | INFO | Training epoch 1421, Batch 1000/1000: LR=2.02e-05, Loss=1.79e-02 BER=7.02e-03 FER=1.68e-01
2025-10-28 07:32:00,331 | INFO | Epoch 1421 Train Time 25.893099069595337s

2025-10-28 07:32:27,211 | INFO | Training epoch 1422, Batch 1000/1000: LR=2.01e-05, Loss=1.79e-02 BER=6.96e-03 FER=1.67e-01
2025-10-28 07:32:27,259 | INFO | Epoch 1422 Train Time 26.927252292633057s

2025-10-28 07:32:54,099 | INFO | Training epoch 1423, Batch 1000/1000: LR=2.00e-05, Loss=1.82e-02 BER=7.10e-03 FER=1.70e-01
2025-10-28 07:32:54,159 | INFO | Epoch 1423 Train Time 26.899107933044434s

2025-10-28 07:33:20,052 | INFO | Training epoch 1424, Batch 1000/1000: LR=2.00e-05, Loss=1.81e-02 BER=7.08e-03 FER=1.70e-01
2025-10-28 07:33:20,099 | INFO | Epoch 1424 Train Time 25.939460277557373s

2025-10-28 07:33:44,683 | INFO | Training epoch 1425, Batch 1000/1000: LR=1.99e-05, Loss=1.80e-02 BER=6.99e-03 FER=1.68e-01
2025-10-28 07:33:44,736 | INFO | Epoch 1425 Train Time 24.63648819923401s

2025-10-28 07:34:10,048 | INFO | Training epoch 1426, Batch 1000/1000: LR=1.99e-05, Loss=1.81e-02 BER=7.05e-03 FER=1.69e-01
2025-10-28 07:34:10,099 | INFO | Epoch 1426 Train Time 25.362645626068115s

2025-10-28 07:34:35,905 | INFO | Training epoch 1427, Batch 1000/1000: LR=1.98e-05, Loss=1.77e-02 BER=6.90e-03 FER=1.66e-01
2025-10-28 07:34:35,963 | INFO | Epoch 1427 Train Time 25.862738609313965s

2025-10-28 07:35:02,509 | INFO | Training epoch 1428, Batch 1000/1000: LR=1.97e-05, Loss=1.80e-02 BER=7.03e-03 FER=1.68e-01
2025-10-28 07:35:02,561 | INFO | Epoch 1428 Train Time 26.597224235534668s

2025-10-28 07:35:28,893 | INFO | Training epoch 1429, Batch 1000/1000: LR=1.97e-05, Loss=1.80e-02 BER=6.99e-03 FER=1.68e-01
2025-10-28 07:35:28,940 | INFO | Epoch 1429 Train Time 26.37926959991455s

2025-10-28 07:35:56,507 | INFO | Training epoch 1430, Batch 1000/1000: LR=1.96e-05, Loss=1.79e-02 BER=6.97e-03 FER=1.68e-01
2025-10-28 07:35:56,565 | INFO | Epoch 1430 Train Time 27.623940467834473s

2025-10-28 07:36:21,324 | INFO | Training epoch 1431, Batch 1000/1000: LR=1.96e-05, Loss=1.80e-02 BER=7.03e-03 FER=1.69e-01
2025-10-28 07:36:21,387 | INFO | Epoch 1431 Train Time 24.821162700653076s

2025-10-28 07:36:49,426 | INFO | Training epoch 1432, Batch 1000/1000: LR=1.95e-05, Loss=1.78e-02 BER=6.96e-03 FER=1.66e-01
2025-10-28 07:36:49,476 | INFO | Epoch 1432 Train Time 28.088966369628906s

2025-10-28 07:37:17,164 | INFO | Training epoch 1433, Batch 1000/1000: LR=1.94e-05, Loss=1.79e-02 BER=7.02e-03 FER=1.68e-01
2025-10-28 07:37:17,209 | INFO | Epoch 1433 Train Time 27.732149362564087s

2025-10-28 07:37:42,899 | INFO | Training epoch 1434, Batch 1000/1000: LR=1.94e-05, Loss=1.80e-02 BER=7.01e-03 FER=1.68e-01
2025-10-28 07:37:42,950 | INFO | Epoch 1434 Train Time 25.74064016342163s

2025-10-28 07:38:09,338 | INFO | Training epoch 1435, Batch 1000/1000: LR=1.93e-05, Loss=1.83e-02 BER=7.15e-03 FER=1.71e-01
2025-10-28 07:38:09,392 | INFO | Epoch 1435 Train Time 26.440937042236328s

2025-10-28 07:38:34,766 | INFO | Training epoch 1436, Batch 1000/1000: LR=1.92e-05, Loss=1.79e-02 BER=7.00e-03 FER=1.68e-01
2025-10-28 07:38:34,809 | INFO | Epoch 1436 Train Time 25.416820526123047s

2025-10-28 07:38:58,855 | INFO | Training epoch 1437, Batch 1000/1000: LR=1.92e-05, Loss=1.80e-02 BER=6.99e-03 FER=1.68e-01
2025-10-28 07:38:58,897 | INFO | Epoch 1437 Train Time 24.08707594871521s

2025-10-28 07:39:24,968 | INFO | Training epoch 1438, Batch 1000/1000: LR=1.91e-05, Loss=1.79e-02 BER=7.00e-03 FER=1.68e-01
2025-10-28 07:39:25,021 | INFO | Epoch 1438 Train Time 26.123401165008545s

2025-10-28 07:39:49,364 | INFO | Training epoch 1439, Batch 1000/1000: LR=1.91e-05, Loss=1.81e-02 BER=7.00e-03 FER=1.68e-01
2025-10-28 07:39:49,413 | INFO | Epoch 1439 Train Time 24.391438484191895s

2025-10-28 07:40:15,073 | INFO | Training epoch 1440, Batch 1000/1000: LR=1.90e-05, Loss=1.78e-02 BER=6.97e-03 FER=1.67e-01
2025-10-28 07:40:15,136 | INFO | Epoch 1440 Train Time 25.72270154953003s

2025-10-28 07:40:41,706 | INFO | Training epoch 1441, Batch 1000/1000: LR=1.89e-05, Loss=1.79e-02 BER=6.99e-03 FER=1.69e-01
2025-10-28 07:40:41,757 | INFO | Epoch 1441 Train Time 26.620340585708618s

2025-10-28 07:41:08,048 | INFO | Training epoch 1442, Batch 1000/1000: LR=1.89e-05, Loss=1.79e-02 BER=6.94e-03 FER=1.67e-01
2025-10-28 07:41:08,096 | INFO | Epoch 1442 Train Time 26.337976694107056s

2025-10-28 07:41:34,896 | INFO | Training epoch 1443, Batch 1000/1000: LR=1.88e-05, Loss=1.81e-02 BER=7.08e-03 FER=1.70e-01
2025-10-28 07:41:34,950 | INFO | Epoch 1443 Train Time 26.85327935218811s

2025-10-28 07:42:02,270 | INFO | Training epoch 1444, Batch 1000/1000: LR=1.88e-05, Loss=1.79e-02 BER=6.98e-03 FER=1.68e-01
2025-10-28 07:42:02,336 | INFO | Epoch 1444 Train Time 27.385112285614014s

2025-10-28 07:42:29,575 | INFO | Training epoch 1445, Batch 1000/1000: LR=1.87e-05, Loss=1.81e-02 BER=7.07e-03 FER=1.70e-01
2025-10-28 07:42:29,632 | INFO | Epoch 1445 Train Time 27.29565453529358s

2025-10-28 07:42:55,902 | INFO | Training epoch 1446, Batch 1000/1000: LR=1.86e-05, Loss=1.79e-02 BER=7.00e-03 FER=1.69e-01
2025-10-28 07:42:55,956 | INFO | Epoch 1446 Train Time 26.32325005531311s

2025-10-28 07:43:22,065 | INFO | Training epoch 1447, Batch 1000/1000: LR=1.86e-05, Loss=1.80e-02 BER=7.05e-03 FER=1.69e-01
2025-10-28 07:43:22,106 | INFO | Epoch 1447 Train Time 26.14845609664917s

2025-10-28 07:43:50,323 | INFO | Training epoch 1448, Batch 1000/1000: LR=1.85e-05, Loss=1.80e-02 BER=7.02e-03 FER=1.68e-01
2025-10-28 07:43:50,381 | INFO | Epoch 1448 Train Time 28.27427625656128s

2025-10-28 07:44:17,250 | INFO | Training epoch 1449, Batch 1000/1000: LR=1.85e-05, Loss=1.80e-02 BER=7.01e-03 FER=1.68e-01
2025-10-28 07:44:17,303 | INFO | Epoch 1449 Train Time 26.922348499298096s

2025-10-28 07:44:43,552 | INFO | Training epoch 1450, Batch 1000/1000: LR=1.84e-05, Loss=1.78e-02 BER=6.96e-03 FER=1.67e-01
2025-10-28 07:44:43,614 | INFO | Epoch 1450 Train Time 26.30978298187256s

2025-10-28 07:45:09,264 | INFO | Training epoch 1451, Batch 1000/1000: LR=1.84e-05, Loss=1.80e-02 BER=7.06e-03 FER=1.68e-01
2025-10-28 07:45:09,319 | INFO | Epoch 1451 Train Time 25.704397201538086s

2025-10-28 07:45:34,284 | INFO | Training epoch 1452, Batch 1000/1000: LR=1.83e-05, Loss=1.82e-02 BER=7.08e-03 FER=1.70e-01
2025-10-28 07:45:34,335 | INFO | Epoch 1452 Train Time 25.01617169380188s

2025-10-28 07:46:00,884 | INFO | Training epoch 1453, Batch 1000/1000: LR=1.82e-05, Loss=1.79e-02 BER=6.98e-03 FER=1.67e-01
2025-10-28 07:46:00,933 | INFO | Epoch 1453 Train Time 26.59730291366577s

2025-10-28 07:46:26,318 | INFO | Training epoch 1454, Batch 1000/1000: LR=1.82e-05, Loss=1.79e-02 BER=7.01e-03 FER=1.67e-01
2025-10-28 07:46:26,366 | INFO | Epoch 1454 Train Time 25.43268585205078s

2025-10-28 07:46:52,914 | INFO | Training epoch 1455, Batch 1000/1000: LR=1.81e-05, Loss=1.80e-02 BER=6.95e-03 FER=1.67e-01
2025-10-28 07:46:52,970 | INFO | Epoch 1455 Train Time 26.603581428527832s

2025-10-28 07:47:19,663 | INFO | Training epoch 1456, Batch 1000/1000: LR=1.81e-05, Loss=1.81e-02 BER=7.05e-03 FER=1.69e-01
2025-10-28 07:47:19,711 | INFO | Epoch 1456 Train Time 26.739792823791504s

2025-10-28 07:47:45,853 | INFO | Training epoch 1457, Batch 1000/1000: LR=1.80e-05, Loss=1.78e-02 BER=6.95e-03 FER=1.66e-01
2025-10-28 07:47:45,906 | INFO | Epoch 1457 Train Time 26.194833278656006s

2025-10-28 07:48:13,147 | INFO | Training epoch 1458, Batch 1000/1000: LR=1.79e-05, Loss=1.81e-02 BER=7.08e-03 FER=1.69e-01
2025-10-28 07:48:13,207 | INFO | Epoch 1458 Train Time 27.30030083656311s

2025-10-28 07:48:38,993 | INFO | Training epoch 1459, Batch 1000/1000: LR=1.79e-05, Loss=1.79e-02 BER=6.98e-03 FER=1.68e-01
2025-10-28 07:48:39,046 | INFO | Epoch 1459 Train Time 25.838085651397705s

2025-10-28 07:49:06,910 | INFO | Training epoch 1460, Batch 1000/1000: LR=1.78e-05, Loss=1.79e-02 BER=6.95e-03 FER=1.66e-01
2025-10-28 07:49:06,953 | INFO | Epoch 1460 Train Time 27.907061338424683s

2025-10-28 07:49:35,063 | INFO | Training epoch 1461, Batch 1000/1000: LR=1.78e-05, Loss=1.81e-02 BER=7.04e-03 FER=1.70e-01
2025-10-28 07:49:35,110 | INFO | Epoch 1461 Train Time 28.156094551086426s

2025-10-28 07:50:01,547 | INFO | Training epoch 1462, Batch 1000/1000: LR=1.77e-05, Loss=1.79e-02 BER=6.98e-03 FER=1.68e-01
2025-10-28 07:50:01,591 | INFO | Epoch 1462 Train Time 26.480373859405518s

2025-10-28 07:50:28,091 | INFO | Training epoch 1463, Batch 1000/1000: LR=1.76e-05, Loss=1.79e-02 BER=7.02e-03 FER=1.69e-01
2025-10-28 07:50:28,140 | INFO | Epoch 1463 Train Time 26.548307418823242s

2025-10-28 07:50:54,509 | INFO | Training epoch 1464, Batch 1000/1000: LR=1.76e-05, Loss=1.77e-02 BER=6.91e-03 FER=1.66e-01
2025-10-28 07:50:54,572 | INFO | Epoch 1464 Train Time 26.43087863922119s

2025-10-28 07:51:21,731 | INFO | Training epoch 1465, Batch 1000/1000: LR=1.75e-05, Loss=1.81e-02 BER=7.06e-03 FER=1.69e-01
2025-10-28 07:51:21,777 | INFO | Epoch 1465 Train Time 27.204374074935913s

2025-10-28 07:51:49,100 | INFO | Training epoch 1466, Batch 1000/1000: LR=1.75e-05, Loss=1.80e-02 BER=7.00e-03 FER=1.67e-01
2025-10-28 07:51:49,157 | INFO | Epoch 1466 Train Time 27.380266904830933s

2025-10-28 07:52:15,720 | INFO | Training epoch 1467, Batch 1000/1000: LR=1.74e-05, Loss=1.79e-02 BER=7.02e-03 FER=1.68e-01
2025-10-28 07:52:15,781 | INFO | Epoch 1467 Train Time 26.62275981903076s

2025-10-28 07:52:41,079 | INFO | Training epoch 1468, Batch 1000/1000: LR=1.74e-05, Loss=1.77e-02 BER=6.93e-03 FER=1.66e-01
2025-10-28 07:52:41,128 | INFO | Epoch 1468 Train Time 25.34648561477661s

2025-10-28 07:53:06,616 | INFO | Training epoch 1469, Batch 1000/1000: LR=1.73e-05, Loss=1.77e-02 BER=6.86e-03 FER=1.64e-01
2025-10-28 07:53:06,670 | INFO | Epoch 1469 Train Time 25.541011571884155s

2025-10-28 07:53:34,322 | INFO | Training epoch 1470, Batch 1000/1000: LR=1.72e-05, Loss=1.80e-02 BER=6.99e-03 FER=1.67e-01
2025-10-28 07:53:34,372 | INFO | Epoch 1470 Train Time 27.70139455795288s

2025-10-28 07:54:00,858 | INFO | Training epoch 1471, Batch 1000/1000: LR=1.72e-05, Loss=1.79e-02 BER=6.97e-03 FER=1.68e-01
2025-10-28 07:54:00,908 | INFO | Epoch 1471 Train Time 26.535364627838135s

2025-10-28 07:54:27,385 | INFO | Training epoch 1472, Batch 1000/1000: LR=1.71e-05, Loss=1.78e-02 BER=6.96e-03 FER=1.68e-01
2025-10-28 07:54:27,441 | INFO | Epoch 1472 Train Time 26.532015085220337s

2025-10-28 07:54:54,349 | INFO | Training epoch 1473, Batch 1000/1000: LR=1.71e-05, Loss=1.78e-02 BER=6.93e-03 FER=1.66e-01
2025-10-28 07:54:54,401 | INFO | Epoch 1473 Train Time 26.959484338760376s

2025-10-28 07:55:19,654 | INFO | Training epoch 1474, Batch 1000/1000: LR=1.70e-05, Loss=1.80e-02 BER=7.03e-03 FER=1.69e-01
2025-10-28 07:55:19,710 | INFO | Epoch 1474 Train Time 25.309112071990967s

2025-10-28 07:55:45,404 | INFO | Training epoch 1475, Batch 1000/1000: LR=1.70e-05, Loss=1.78e-02 BER=6.94e-03 FER=1.67e-01
2025-10-28 07:55:45,460 | INFO | Epoch 1475 Train Time 25.748430728912354s

2025-10-28 07:56:12,668 | INFO | Training epoch 1476, Batch 1000/1000: LR=1.69e-05, Loss=1.79e-02 BER=7.00e-03 FER=1.67e-01
2025-10-28 07:56:12,725 | INFO | Epoch 1476 Train Time 27.26418709754944s

2025-10-28 07:56:39,529 | INFO | Training epoch 1477, Batch 1000/1000: LR=1.68e-05, Loss=1.77e-02 BER=6.90e-03 FER=1.66e-01
2025-10-28 07:56:39,574 | INFO | Epoch 1477 Train Time 26.84833312034607s

2025-10-28 07:57:06,242 | INFO | Training epoch 1478, Batch 1000/1000: LR=1.68e-05, Loss=1.80e-02 BER=7.02e-03 FER=1.69e-01
2025-10-28 07:57:06,296 | INFO | Epoch 1478 Train Time 26.720957040786743s

2025-10-28 07:57:33,539 | INFO | Training epoch 1479, Batch 1000/1000: LR=1.67e-05, Loss=1.80e-02 BER=7.04e-03 FER=1.68e-01
2025-10-28 07:57:33,587 | INFO | Epoch 1479 Train Time 27.29105234146118s

2025-10-28 07:58:00,563 | INFO | Training epoch 1480, Batch 1000/1000: LR=1.67e-05, Loss=1.79e-02 BER=6.99e-03 FER=1.68e-01
2025-10-28 07:58:00,628 | INFO | Epoch 1480 Train Time 27.038696765899658s

2025-10-28 07:58:27,129 | INFO | Training epoch 1481, Batch 1000/1000: LR=1.66e-05, Loss=1.78e-02 BER=6.95e-03 FER=1.67e-01
2025-10-28 07:58:27,180 | INFO | Epoch 1481 Train Time 26.551517248153687s

2025-10-28 07:58:53,693 | INFO | Training epoch 1482, Batch 1000/1000: LR=1.66e-05, Loss=1.80e-02 BER=7.02e-03 FER=1.68e-01
2025-10-28 07:58:53,747 | INFO | Epoch 1482 Train Time 26.56709361076355s

2025-10-28 07:59:20,065 | INFO | Training epoch 1483, Batch 1000/1000: LR=1.65e-05, Loss=1.80e-02 BER=7.04e-03 FER=1.68e-01
2025-10-28 07:59:20,109 | INFO | Epoch 1483 Train Time 26.361083030700684s

2025-10-28 07:59:47,070 | INFO | Training epoch 1484, Batch 1000/1000: LR=1.64e-05, Loss=1.79e-02 BER=7.02e-03 FER=1.68e-01
2025-10-28 07:59:47,116 | INFO | Epoch 1484 Train Time 27.006314516067505s

2025-10-28 08:00:13,452 | INFO | Training epoch 1485, Batch 1000/1000: LR=1.64e-05, Loss=1.78e-02 BER=6.94e-03 FER=1.67e-01
2025-10-28 08:00:13,513 | INFO | Epoch 1485 Train Time 26.396406412124634s

2025-10-28 08:00:39,960 | INFO | Training epoch 1486, Batch 1000/1000: LR=1.63e-05, Loss=1.79e-02 BER=6.99e-03 FER=1.68e-01
2025-10-28 08:00:40,004 | INFO | Epoch 1486 Train Time 26.49057364463806s

2025-10-28 08:01:06,276 | INFO | Training epoch 1487, Batch 1000/1000: LR=1.63e-05, Loss=1.82e-02 BER=7.07e-03 FER=1.70e-01
2025-10-28 08:01:06,335 | INFO | Epoch 1487 Train Time 26.330427885055542s

2025-10-28 08:01:31,349 | INFO | Training epoch 1488, Batch 1000/1000: LR=1.62e-05, Loss=1.81e-02 BER=7.09e-03 FER=1.69e-01
2025-10-28 08:01:31,405 | INFO | Epoch 1488 Train Time 25.069375038146973s

2025-10-28 08:01:58,009 | INFO | Training epoch 1489, Batch 1000/1000: LR=1.62e-05, Loss=1.80e-02 BER=7.04e-03 FER=1.68e-01
2025-10-28 08:01:58,062 | INFO | Epoch 1489 Train Time 26.655693769454956s

2025-10-28 08:02:24,408 | INFO | Training epoch 1490, Batch 1000/1000: LR=1.61e-05, Loss=1.79e-02 BER=7.02e-03 FER=1.69e-01
2025-10-28 08:02:24,465 | INFO | Epoch 1490 Train Time 26.402427673339844s

2025-10-28 08:02:51,576 | INFO | Training epoch 1491, Batch 1000/1000: LR=1.61e-05, Loss=1.79e-02 BER=7.02e-03 FER=1.68e-01
2025-10-28 08:02:51,629 | INFO | Epoch 1491 Train Time 27.16303277015686s

2025-10-28 08:03:18,389 | INFO | Training epoch 1492, Batch 1000/1000: LR=1.60e-05, Loss=1.79e-02 BER=6.97e-03 FER=1.67e-01
2025-10-28 08:03:18,444 | INFO | Epoch 1492 Train Time 26.814132928848267s

2025-10-28 08:03:44,022 | INFO | Training epoch 1493, Batch 1000/1000: LR=1.59e-05, Loss=1.79e-02 BER=7.00e-03 FER=1.68e-01
2025-10-28 08:03:44,070 | INFO | Epoch 1493 Train Time 25.625385522842407s

2025-10-28 08:04:08,893 | INFO | Training epoch 1494, Batch 1000/1000: LR=1.59e-05, Loss=1.78e-02 BER=6.94e-03 FER=1.66e-01
2025-10-28 08:04:08,943 | INFO | Epoch 1494 Train Time 24.8734073638916s

2025-10-28 08:04:35,572 | INFO | Training epoch 1495, Batch 1000/1000: LR=1.58e-05, Loss=1.79e-02 BER=6.98e-03 FER=1.67e-01
2025-10-28 08:04:35,614 | INFO | Epoch 1495 Train Time 26.669986248016357s

2025-10-28 08:05:01,300 | INFO | Training epoch 1496, Batch 1000/1000: LR=1.58e-05, Loss=1.80e-02 BER=7.01e-03 FER=1.68e-01
2025-10-28 08:05:01,355 | INFO | Epoch 1496 Train Time 25.740434169769287s

2025-10-28 08:05:27,181 | INFO | Training epoch 1497, Batch 1000/1000: LR=1.57e-05, Loss=1.78e-02 BER=6.95e-03 FER=1.67e-01
2025-10-28 08:05:27,237 | INFO | Epoch 1497 Train Time 25.881065845489502s

2025-10-28 08:05:55,118 | INFO | Training epoch 1498, Batch 1000/1000: LR=1.57e-05, Loss=1.78e-02 BER=6.89e-03 FER=1.66e-01
2025-10-28 08:05:55,160 | INFO | Epoch 1498 Train Time 27.922436952590942s

2025-10-28 08:06:22,006 | INFO | Training epoch 1499, Batch 1000/1000: LR=1.56e-05, Loss=1.77e-02 BER=6.90e-03 FER=1.66e-01
2025-10-28 08:06:22,056 | INFO | Epoch 1499 Train Time 26.895103931427002s

2025-10-28 08:06:48,408 | INFO | Training epoch 1500, Batch 1000/1000: LR=1.56e-05, Loss=1.79e-02 BER=6.97e-03 FER=1.68e-01
2025-10-28 08:06:48,463 | INFO | Epoch 1500 Train Time 26.406339168548584s

2025-10-28 08:07:15,766 | INFO | Training epoch 1501, Batch 1000/1000: LR=1.55e-05, Loss=1.76e-02 BER=6.86e-03 FER=1.66e-01
2025-10-28 08:07:15,824 | INFO | Epoch 1501 Train Time 27.360759019851685s

2025-10-28 08:07:15,825 | INFO | [P2] saving best_model (QAT) with loss 0.017608 at epoch 1501
2025-10-28 08:07:40,613 | INFO | Training epoch 1502, Batch 1000/1000: LR=1.54e-05, Loss=1.80e-02 BER=7.02e-03 FER=1.69e-01
2025-10-28 08:07:40,657 | INFO | Epoch 1502 Train Time 24.81211757659912s

2025-10-28 08:08:06,236 | INFO | Training epoch 1503, Batch 1000/1000: LR=1.54e-05, Loss=1.80e-02 BER=7.01e-03 FER=1.68e-01
2025-10-28 08:08:06,279 | INFO | Epoch 1503 Train Time 25.6207332611084s

2025-10-28 08:08:32,565 | INFO | Training epoch 1504, Batch 1000/1000: LR=1.53e-05, Loss=1.80e-02 BER=7.01e-03 FER=1.69e-01
2025-10-28 08:08:32,616 | INFO | Epoch 1504 Train Time 26.335551977157593s

2025-10-28 08:08:57,690 | INFO | Training epoch 1505, Batch 1000/1000: LR=1.53e-05, Loss=1.79e-02 BER=6.96e-03 FER=1.67e-01
2025-10-28 08:08:57,742 | INFO | Epoch 1505 Train Time 25.125685453414917s

2025-10-28 08:09:22,800 | INFO | Training epoch 1506, Batch 1000/1000: LR=1.52e-05, Loss=1.79e-02 BER=6.99e-03 FER=1.68e-01
2025-10-28 08:09:22,853 | INFO | Epoch 1506 Train Time 25.110960245132446s

2025-10-28 08:09:49,354 | INFO | Training epoch 1507, Batch 1000/1000: LR=1.52e-05, Loss=1.79e-02 BER=7.00e-03 FER=1.67e-01
2025-10-28 08:09:49,405 | INFO | Epoch 1507 Train Time 26.550540447235107s

2025-10-28 08:10:15,334 | INFO | Training epoch 1508, Batch 1000/1000: LR=1.51e-05, Loss=1.83e-02 BER=7.11e-03 FER=1.71e-01
2025-10-28 08:10:15,377 | INFO | Epoch 1508 Train Time 25.97166419029236s

2025-10-28 08:10:42,672 | INFO | Training epoch 1509, Batch 1000/1000: LR=1.51e-05, Loss=1.78e-02 BER=6.95e-03 FER=1.67e-01
2025-10-28 08:10:42,712 | INFO | Epoch 1509 Train Time 27.334120273590088s

2025-10-28 08:11:08,456 | INFO | Training epoch 1510, Batch 1000/1000: LR=1.50e-05, Loss=1.81e-02 BER=7.01e-03 FER=1.67e-01
2025-10-28 08:11:08,514 | INFO | Epoch 1510 Train Time 25.801624059677124s

2025-10-28 08:11:33,693 | INFO | Training epoch 1511, Batch 1000/1000: LR=1.50e-05, Loss=1.79e-02 BER=6.98e-03 FER=1.68e-01
2025-10-28 08:11:33,746 | INFO | Epoch 1511 Train Time 25.231812953948975s

2025-10-28 08:12:00,550 | INFO | Training epoch 1512, Batch 1000/1000: LR=1.49e-05, Loss=1.80e-02 BER=7.01e-03 FER=1.69e-01
2025-10-28 08:12:00,596 | INFO | Epoch 1512 Train Time 26.849026441574097s

2025-10-28 08:12:25,820 | INFO | Training epoch 1513, Batch 1000/1000: LR=1.48e-05, Loss=1.80e-02 BER=7.03e-03 FER=1.69e-01
2025-10-28 08:12:25,874 | INFO | Epoch 1513 Train Time 25.276919841766357s

2025-10-28 08:12:53,046 | INFO | Training epoch 1514, Batch 1000/1000: LR=1.48e-05, Loss=1.79e-02 BER=6.96e-03 FER=1.66e-01
2025-10-28 08:12:53,106 | INFO | Epoch 1514 Train Time 27.231571197509766s

2025-10-28 08:13:20,846 | INFO | Training epoch 1515, Batch 1000/1000: LR=1.47e-05, Loss=1.80e-02 BER=7.03e-03 FER=1.68e-01
2025-10-28 08:13:20,902 | INFO | Epoch 1515 Train Time 27.795472621917725s

2025-10-28 08:13:48,782 | INFO | Training epoch 1516, Batch 1000/1000: LR=1.47e-05, Loss=1.78e-02 BER=6.97e-03 FER=1.67e-01
2025-10-28 08:13:48,830 | INFO | Epoch 1516 Train Time 27.928115844726562s

2025-10-28 08:14:15,835 | INFO | Training epoch 1517, Batch 1000/1000: LR=1.46e-05, Loss=1.79e-02 BER=6.99e-03 FER=1.67e-01
2025-10-28 08:14:15,880 | INFO | Epoch 1517 Train Time 27.0484402179718s

2025-10-28 08:14:41,665 | INFO | Training epoch 1518, Batch 1000/1000: LR=1.46e-05, Loss=1.80e-02 BER=7.05e-03 FER=1.68e-01
2025-10-28 08:14:41,727 | INFO | Epoch 1518 Train Time 25.84643840789795s

2025-10-28 08:15:09,371 | INFO | Training epoch 1519, Batch 1000/1000: LR=1.45e-05, Loss=1.78e-02 BER=6.93e-03 FER=1.67e-01
2025-10-28 08:15:09,422 | INFO | Epoch 1519 Train Time 27.694889545440674s

2025-10-28 08:15:34,761 | INFO | Training epoch 1520, Batch 1000/1000: LR=1.45e-05, Loss=1.76e-02 BER=6.87e-03 FER=1.66e-01
2025-10-28 08:15:34,813 | INFO | Epoch 1520 Train Time 25.390613794326782s

2025-10-28 08:16:00,798 | INFO | Training epoch 1521, Batch 1000/1000: LR=1.44e-05, Loss=1.78e-02 BER=6.94e-03 FER=1.66e-01
2025-10-28 08:16:00,851 | INFO | Epoch 1521 Train Time 26.036972284317017s

2025-10-28 08:16:27,485 | INFO | Training epoch 1522, Batch 1000/1000: LR=1.44e-05, Loss=1.80e-02 BER=6.99e-03 FER=1.68e-01
2025-10-28 08:16:27,545 | INFO | Epoch 1522 Train Time 26.69360327720642s

2025-10-28 08:16:54,578 | INFO | Training epoch 1523, Batch 1000/1000: LR=1.43e-05, Loss=1.79e-02 BER=6.97e-03 FER=1.67e-01
2025-10-28 08:16:54,629 | INFO | Epoch 1523 Train Time 27.083318948745728s

2025-10-28 08:17:20,844 | INFO | Training epoch 1524, Batch 1000/1000: LR=1.43e-05, Loss=1.83e-02 BER=7.10e-03 FER=1.71e-01
2025-10-28 08:17:20,903 | INFO | Epoch 1524 Train Time 26.273364543914795s

2025-10-28 08:17:47,077 | INFO | Training epoch 1525, Batch 1000/1000: LR=1.42e-05, Loss=1.81e-02 BER=7.06e-03 FER=1.69e-01
2025-10-28 08:17:47,123 | INFO | Epoch 1525 Train Time 26.219319581985474s

2025-10-28 08:18:13,703 | INFO | Training epoch 1526, Batch 1000/1000: LR=1.42e-05, Loss=1.77e-02 BER=6.87e-03 FER=1.66e-01
2025-10-28 08:18:13,754 | INFO | Epoch 1526 Train Time 26.63030242919922s

2025-10-28 08:18:38,283 | INFO | Training epoch 1527, Batch 1000/1000: LR=1.41e-05, Loss=1.78e-02 BER=6.91e-03 FER=1.67e-01
2025-10-28 08:18:38,336 | INFO | Epoch 1527 Train Time 24.58107328414917s

2025-10-28 08:19:03,141 | INFO | Training epoch 1528, Batch 1000/1000: LR=1.40e-05, Loss=1.79e-02 BER=6.98e-03 FER=1.68e-01
2025-10-28 08:19:03,197 | INFO | Epoch 1528 Train Time 24.86056351661682s

2025-10-28 08:19:28,314 | INFO | Training epoch 1529, Batch 1000/1000: LR=1.40e-05, Loss=1.82e-02 BER=7.09e-03 FER=1.70e-01
2025-10-28 08:19:28,360 | INFO | Epoch 1529 Train Time 25.1624493598938s

2025-10-28 08:19:54,805 | INFO | Training epoch 1530, Batch 1000/1000: LR=1.39e-05, Loss=1.79e-02 BER=6.96e-03 FER=1.68e-01
2025-10-28 08:19:54,855 | INFO | Epoch 1530 Train Time 26.493875980377197s

2025-10-28 08:20:20,919 | INFO | Training epoch 1531, Batch 1000/1000: LR=1.39e-05, Loss=1.79e-02 BER=7.03e-03 FER=1.68e-01
2025-10-28 08:20:20,963 | INFO | Epoch 1531 Train Time 26.10827350616455s

2025-10-28 08:20:48,015 | INFO | Training epoch 1532, Batch 1000/1000: LR=1.38e-05, Loss=1.78e-02 BER=6.96e-03 FER=1.67e-01
2025-10-28 08:20:48,068 | INFO | Epoch 1532 Train Time 27.103630304336548s

2025-10-28 08:21:15,985 | INFO | Training epoch 1533, Batch 1000/1000: LR=1.38e-05, Loss=1.78e-02 BER=6.94e-03 FER=1.66e-01
2025-10-28 08:21:16,039 | INFO | Epoch 1533 Train Time 27.9696307182312s

2025-10-28 08:21:39,848 | INFO | Training epoch 1534, Batch 1000/1000: LR=1.37e-05, Loss=1.78e-02 BER=6.96e-03 FER=1.67e-01
2025-10-28 08:21:39,906 | INFO | Epoch 1534 Train Time 23.866196155548096s

2025-10-28 08:22:05,876 | INFO | Training epoch 1535, Batch 1000/1000: LR=1.37e-05, Loss=1.79e-02 BER=6.94e-03 FER=1.67e-01
2025-10-28 08:22:05,922 | INFO | Epoch 1535 Train Time 26.015445709228516s

2025-10-28 08:22:31,612 | INFO | Training epoch 1536, Batch 1000/1000: LR=1.36e-05, Loss=1.81e-02 BER=7.06e-03 FER=1.70e-01
2025-10-28 08:22:31,670 | INFO | Epoch 1536 Train Time 25.747906923294067s

2025-10-28 08:22:57,766 | INFO | Training epoch 1537, Batch 1000/1000: LR=1.36e-05, Loss=1.80e-02 BER=7.04e-03 FER=1.68e-01
2025-10-28 08:22:57,823 | INFO | Epoch 1537 Train Time 26.152207612991333s

2025-10-28 08:23:25,201 | INFO | Training epoch 1538, Batch 1000/1000: LR=1.35e-05, Loss=1.79e-02 BER=6.98e-03 FER=1.67e-01
2025-10-28 08:23:25,261 | INFO | Epoch 1538 Train Time 27.437143802642822s

2025-10-28 08:23:51,979 | INFO | Training epoch 1539, Batch 1000/1000: LR=1.35e-05, Loss=1.82e-02 BER=7.11e-03 FER=1.70e-01
2025-10-28 08:23:52,037 | INFO | Epoch 1539 Train Time 26.774590492248535s

2025-10-28 08:24:18,396 | INFO | Training epoch 1540, Batch 1000/1000: LR=1.34e-05, Loss=1.78e-02 BER=6.95e-03 FER=1.67e-01
2025-10-28 08:24:18,454 | INFO | Epoch 1540 Train Time 26.416718006134033s

2025-10-28 08:24:44,589 | INFO | Training epoch 1541, Batch 1000/1000: LR=1.34e-05, Loss=1.80e-02 BER=7.00e-03 FER=1.68e-01
2025-10-28 08:24:44,636 | INFO | Epoch 1541 Train Time 26.181211233139038s

2025-10-28 08:25:10,183 | INFO | Training epoch 1542, Batch 1000/1000: LR=1.33e-05, Loss=1.78e-02 BER=6.93e-03 FER=1.67e-01
2025-10-28 08:25:10,224 | INFO | Epoch 1542 Train Time 25.587755918502808s

2025-10-28 08:25:36,318 | INFO | Training epoch 1543, Batch 1000/1000: LR=1.33e-05, Loss=1.78e-02 BER=6.96e-03 FER=1.67e-01
2025-10-28 08:25:36,383 | INFO | Epoch 1543 Train Time 26.158873319625854s

2025-10-28 08:26:02,888 | INFO | Training epoch 1544, Batch 1000/1000: LR=1.32e-05, Loss=1.79e-02 BER=6.97e-03 FER=1.68e-01
2025-10-28 08:26:02,954 | INFO | Epoch 1544 Train Time 26.569241285324097s

2025-10-28 08:26:29,366 | INFO | Training epoch 1545, Batch 1000/1000: LR=1.32e-05, Loss=1.79e-02 BER=6.98e-03 FER=1.68e-01
2025-10-28 08:26:29,419 | INFO | Epoch 1545 Train Time 26.464120626449585s

2025-10-28 08:26:54,315 | INFO | Training epoch 1546, Batch 1000/1000: LR=1.31e-05, Loss=1.79e-02 BER=7.00e-03 FER=1.68e-01
2025-10-28 08:26:54,362 | INFO | Epoch 1546 Train Time 24.94294238090515s

2025-10-28 08:27:20,288 | INFO | Training epoch 1547, Batch 1000/1000: LR=1.31e-05, Loss=1.79e-02 BER=6.98e-03 FER=1.68e-01
2025-10-28 08:27:20,343 | INFO | Epoch 1547 Train Time 25.979969263076782s

2025-10-28 08:27:46,658 | INFO | Training epoch 1548, Batch 1000/1000: LR=1.30e-05, Loss=1.79e-02 BER=7.01e-03 FER=1.67e-01
2025-10-28 08:27:46,716 | INFO | Epoch 1548 Train Time 26.37292742729187s

2025-10-28 08:28:12,391 | INFO | Training epoch 1549, Batch 1000/1000: LR=1.30e-05, Loss=1.79e-02 BER=6.95e-03 FER=1.67e-01
2025-10-28 08:28:12,438 | INFO | Epoch 1549 Train Time 25.720726013183594s

2025-10-28 08:28:39,151 | INFO | Training epoch 1550, Batch 1000/1000: LR=1.29e-05, Loss=1.81e-02 BER=7.06e-03 FER=1.69e-01
2025-10-28 08:28:39,213 | INFO | Epoch 1550 Train Time 26.774831771850586s

2025-10-28 08:29:03,087 | INFO | Training epoch 1551, Batch 1000/1000: LR=1.29e-05, Loss=1.79e-02 BER=6.99e-03 FER=1.67e-01
2025-10-28 08:29:03,130 | INFO | Epoch 1551 Train Time 23.91622281074524s

2025-10-28 08:29:29,305 | INFO | Training epoch 1552, Batch 1000/1000: LR=1.28e-05, Loss=1.80e-02 BER=7.05e-03 FER=1.68e-01
2025-10-28 08:29:29,356 | INFO | Epoch 1552 Train Time 26.224912405014038s

2025-10-28 08:29:54,713 | INFO | Training epoch 1553, Batch 1000/1000: LR=1.28e-05, Loss=1.77e-02 BER=6.93e-03 FER=1.67e-01
2025-10-28 08:29:54,766 | INFO | Epoch 1553 Train Time 25.410173177719116s

2025-10-28 08:30:20,677 | INFO | Training epoch 1554, Batch 1000/1000: LR=1.27e-05, Loss=1.80e-02 BER=7.02e-03 FER=1.68e-01
2025-10-28 08:30:20,724 | INFO | Epoch 1554 Train Time 25.957072019577026s

2025-10-28 08:30:48,090 | INFO | Training epoch 1555, Batch 1000/1000: LR=1.27e-05, Loss=1.80e-02 BER=7.00e-03 FER=1.68e-01
2025-10-28 08:30:48,144 | INFO | Epoch 1555 Train Time 27.41968011856079s

2025-10-28 08:31:14,195 | INFO | Training epoch 1556, Batch 1000/1000: LR=1.26e-05, Loss=1.79e-02 BER=6.98e-03 FER=1.68e-01
2025-10-28 08:31:14,249 | INFO | Epoch 1556 Train Time 26.104892253875732s

2025-10-28 08:31:39,148 | INFO | Training epoch 1557, Batch 1000/1000: LR=1.26e-05, Loss=1.78e-02 BER=6.93e-03 FER=1.67e-01
2025-10-28 08:31:39,216 | INFO | Epoch 1557 Train Time 24.96565055847168s

2025-10-28 08:32:04,039 | INFO | Training epoch 1558, Batch 1000/1000: LR=1.25e-05, Loss=1.83e-02 BER=7.12e-03 FER=1.71e-01
2025-10-28 08:32:04,095 | INFO | Epoch 1558 Train Time 24.878448009490967s

2025-10-28 08:32:30,162 | INFO | Training epoch 1559, Batch 1000/1000: LR=1.25e-05, Loss=1.78e-02 BER=6.93e-03 FER=1.67e-01
2025-10-28 08:32:30,219 | INFO | Epoch 1559 Train Time 26.12309956550598s

2025-10-28 08:32:55,749 | INFO | Training epoch 1560, Batch 1000/1000: LR=1.24e-05, Loss=1.80e-02 BER=7.05e-03 FER=1.68e-01
2025-10-28 08:32:55,805 | INFO | Epoch 1560 Train Time 25.58548140525818s

2025-10-28 08:33:20,962 | INFO | Training epoch 1561, Batch 1000/1000: LR=1.24e-05, Loss=1.78e-02 BER=6.96e-03 FER=1.67e-01
2025-10-28 08:33:21,010 | INFO | Epoch 1561 Train Time 25.204811096191406s

2025-10-28 08:33:46,862 | INFO | Training epoch 1562, Batch 1000/1000: LR=1.23e-05, Loss=1.79e-02 BER=6.97e-03 FER=1.67e-01
2025-10-28 08:33:46,908 | INFO | Epoch 1562 Train Time 25.89705753326416s

2025-10-28 08:34:14,009 | INFO | Training epoch 1563, Batch 1000/1000: LR=1.23e-05, Loss=1.81e-02 BER=7.05e-03 FER=1.70e-01
2025-10-28 08:34:14,062 | INFO | Epoch 1563 Train Time 27.153422117233276s

2025-10-28 08:34:40,386 | INFO | Training epoch 1564, Batch 1000/1000: LR=1.22e-05, Loss=1.80e-02 BER=7.06e-03 FER=1.69e-01
2025-10-28 08:34:40,434 | INFO | Epoch 1564 Train Time 26.37176823616028s

2025-10-28 08:35:06,672 | INFO | Training epoch 1565, Batch 1000/1000: LR=1.22e-05, Loss=1.81e-02 BER=7.07e-03 FER=1.69e-01
2025-10-28 08:35:06,728 | INFO | Epoch 1565 Train Time 26.29312753677368s

2025-10-28 08:35:33,632 | INFO | Training epoch 1566, Batch 1000/1000: LR=1.21e-05, Loss=1.80e-02 BER=7.02e-03 FER=1.68e-01
2025-10-28 08:35:33,693 | INFO | Epoch 1566 Train Time 26.96453356742859s

2025-10-28 08:35:59,227 | INFO | Training epoch 1567, Batch 1000/1000: LR=1.21e-05, Loss=1.80e-02 BER=7.02e-03 FER=1.68e-01
2025-10-28 08:35:59,281 | INFO | Epoch 1567 Train Time 25.586163759231567s

2025-10-28 08:36:25,089 | INFO | Training epoch 1568, Batch 1000/1000: LR=1.20e-05, Loss=1.80e-02 BER=7.04e-03 FER=1.69e-01
2025-10-28 08:36:25,134 | INFO | Epoch 1568 Train Time 25.852307558059692s

2025-10-28 08:36:52,073 | INFO | Training epoch 1569, Batch 1000/1000: LR=1.20e-05, Loss=1.80e-02 BER=7.04e-03 FER=1.69e-01
2025-10-28 08:36:52,119 | INFO | Epoch 1569 Train Time 26.98491883277893s

2025-10-28 08:37:17,439 | INFO | Training epoch 1570, Batch 1000/1000: LR=1.19e-05, Loss=1.79e-02 BER=7.00e-03 FER=1.68e-01
2025-10-28 08:37:17,480 | INFO | Epoch 1570 Train Time 25.360229015350342s

2025-10-28 08:37:44,065 | INFO | Training epoch 1571, Batch 1000/1000: LR=1.19e-05, Loss=1.78e-02 BER=6.92e-03 FER=1.66e-01
2025-10-28 08:37:44,122 | INFO | Epoch 1571 Train Time 26.64155340194702s

2025-10-28 08:38:10,063 | INFO | Training epoch 1572, Batch 1000/1000: LR=1.18e-05, Loss=1.81e-02 BER=7.01e-03 FER=1.68e-01
2025-10-28 08:38:10,119 | INFO | Epoch 1572 Train Time 25.996259927749634s

2025-10-28 08:38:36,532 | INFO | Training epoch 1573, Batch 1000/1000: LR=1.18e-05, Loss=1.79e-02 BER=6.95e-03 FER=1.68e-01
2025-10-28 08:38:36,583 | INFO | Epoch 1573 Train Time 26.464189291000366s

2025-10-28 08:39:02,234 | INFO | Training epoch 1574, Batch 1000/1000: LR=1.17e-05, Loss=1.80e-02 BER=7.03e-03 FER=1.68e-01
2025-10-28 08:39:02,300 | INFO | Epoch 1574 Train Time 25.71666383743286s

2025-10-28 08:39:29,621 | INFO | Training epoch 1575, Batch 1000/1000: LR=1.17e-05, Loss=1.80e-02 BER=7.01e-03 FER=1.68e-01
2025-10-28 08:39:29,688 | INFO | Epoch 1575 Train Time 27.387184619903564s

2025-10-28 08:39:56,917 | INFO | Training epoch 1576, Batch 1000/1000: LR=1.16e-05, Loss=1.80e-02 BER=7.04e-03 FER=1.68e-01
2025-10-28 08:39:56,961 | INFO | Epoch 1576 Train Time 27.27201771736145s

2025-10-28 08:40:23,134 | INFO | Training epoch 1577, Batch 1000/1000: LR=1.16e-05, Loss=1.79e-02 BER=6.98e-03 FER=1.67e-01
2025-10-28 08:40:23,193 | INFO | Epoch 1577 Train Time 26.23155188560486s

2025-10-28 08:40:49,882 | INFO | Training epoch 1578, Batch 1000/1000: LR=1.15e-05, Loss=1.79e-02 BER=6.96e-03 FER=1.67e-01
2025-10-28 08:40:49,935 | INFO | Epoch 1578 Train Time 26.741575479507446s

2025-10-28 08:41:16,981 | INFO | Training epoch 1579, Batch 1000/1000: LR=1.15e-05, Loss=1.79e-02 BER=6.94e-03 FER=1.68e-01
2025-10-28 08:41:17,034 | INFO | Epoch 1579 Train Time 27.09771990776062s

2025-10-28 08:41:44,553 | INFO | Training epoch 1580, Batch 1000/1000: LR=1.14e-05, Loss=1.80e-02 BER=7.00e-03 FER=1.69e-01
2025-10-28 08:41:44,611 | INFO | Epoch 1580 Train Time 27.576585292816162s

2025-10-28 08:42:10,869 | INFO | Training epoch 1581, Batch 1000/1000: LR=1.14e-05, Loss=1.79e-02 BER=7.00e-03 FER=1.67e-01
2025-10-28 08:42:10,926 | INFO | Epoch 1581 Train Time 26.313941955566406s

2025-10-28 08:42:39,147 | INFO | Training epoch 1582, Batch 1000/1000: LR=1.13e-05, Loss=1.79e-02 BER=6.95e-03 FER=1.67e-01
2025-10-28 08:42:39,203 | INFO | Epoch 1582 Train Time 28.276267528533936s

2025-10-28 08:43:06,213 | INFO | Training epoch 1583, Batch 1000/1000: LR=1.13e-05, Loss=1.78e-02 BER=6.99e-03 FER=1.68e-01
2025-10-28 08:43:06,259 | INFO | Epoch 1583 Train Time 27.055250644683838s

2025-10-28 08:43:33,422 | INFO | Training epoch 1584, Batch 1000/1000: LR=1.12e-05, Loss=1.80e-02 BER=7.02e-03 FER=1.69e-01
2025-10-28 08:43:33,478 | INFO | Epoch 1584 Train Time 27.21912670135498s

2025-10-28 08:43:59,158 | INFO | Training epoch 1585, Batch 1000/1000: LR=1.12e-05, Loss=1.79e-02 BER=6.96e-03 FER=1.67e-01
2025-10-28 08:43:59,206 | INFO | Epoch 1585 Train Time 25.727270126342773s

2025-10-28 08:44:25,713 | INFO | Training epoch 1586, Batch 1000/1000: LR=1.12e-05, Loss=1.79e-02 BER=6.98e-03 FER=1.68e-01
2025-10-28 08:44:25,760 | INFO | Epoch 1586 Train Time 26.55334758758545s

2025-10-28 08:44:51,137 | INFO | Training epoch 1587, Batch 1000/1000: LR=1.11e-05, Loss=1.79e-02 BER=6.97e-03 FER=1.67e-01
2025-10-28 08:44:51,170 | INFO | Epoch 1587 Train Time 25.409241199493408s

2025-10-28 08:45:17,291 | INFO | Training epoch 1588, Batch 1000/1000: LR=1.11e-05, Loss=1.79e-02 BER=6.98e-03 FER=1.68e-01
2025-10-28 08:45:17,334 | INFO | Epoch 1588 Train Time 26.162840127944946s

2025-10-28 08:45:42,832 | INFO | Training epoch 1589, Batch 1000/1000: LR=1.10e-05, Loss=1.80e-02 BER=7.00e-03 FER=1.68e-01
2025-10-28 08:45:42,887 | INFO | Epoch 1589 Train Time 25.552640438079834s

2025-10-28 08:46:08,700 | INFO | Training epoch 1590, Batch 1000/1000: LR=1.10e-05, Loss=1.81e-02 BER=7.10e-03 FER=1.69e-01
2025-10-28 08:46:08,751 | INFO | Epoch 1590 Train Time 25.86284303665161s

2025-10-28 08:46:34,720 | INFO | Training epoch 1591, Batch 1000/1000: LR=1.09e-05, Loss=1.80e-02 BER=7.10e-03 FER=1.70e-01
2025-10-28 08:46:34,769 | INFO | Epoch 1591 Train Time 26.017157077789307s

2025-10-28 08:47:01,792 | INFO | Training epoch 1592, Batch 1000/1000: LR=1.09e-05, Loss=1.80e-02 BER=7.02e-03 FER=1.67e-01
2025-10-28 08:47:01,838 | INFO | Epoch 1592 Train Time 27.068361043930054s

2025-10-28 08:47:26,643 | INFO | Training epoch 1593, Batch 1000/1000: LR=1.08e-05, Loss=1.80e-02 BER=7.02e-03 FER=1.68e-01
2025-10-28 08:47:26,686 | INFO | Epoch 1593 Train Time 24.84763240814209s

2025-10-28 08:47:52,884 | INFO | Training epoch 1594, Batch 1000/1000: LR=1.08e-05, Loss=1.78e-02 BER=6.92e-03 FER=1.67e-01
2025-10-28 08:47:52,927 | INFO | Epoch 1594 Train Time 26.24033212661743s

2025-10-28 08:48:18,943 | INFO | Training epoch 1595, Batch 1000/1000: LR=1.07e-05, Loss=1.78e-02 BER=6.93e-03 FER=1.66e-01
2025-10-28 08:48:18,984 | INFO | Epoch 1595 Train Time 26.05630588531494s

2025-10-28 08:48:46,618 | INFO | Training epoch 1596, Batch 1000/1000: LR=1.07e-05, Loss=1.78e-02 BER=6.91e-03 FER=1.66e-01
2025-10-28 08:48:46,670 | INFO | Epoch 1596 Train Time 27.68517279624939s

2025-10-28 08:49:12,216 | INFO | Training epoch 1597, Batch 1000/1000: LR=1.06e-05, Loss=1.78e-02 BER=6.94e-03 FER=1.67e-01
2025-10-28 08:49:12,268 | INFO | Epoch 1597 Train Time 25.597577810287476s

2025-10-28 08:49:38,055 | INFO | Training epoch 1598, Batch 1000/1000: LR=1.06e-05, Loss=1.79e-02 BER=6.98e-03 FER=1.67e-01
2025-10-28 08:49:38,106 | INFO | Epoch 1598 Train Time 25.837347269058228s

2025-10-28 08:50:05,038 | INFO | Training epoch 1599, Batch 1000/1000: LR=1.05e-05, Loss=1.79e-02 BER=6.94e-03 FER=1.68e-01
2025-10-28 08:50:05,076 | INFO | Epoch 1599 Train Time 26.969056367874146s

2025-10-28 08:50:31,981 | INFO | Training epoch 1600, Batch 1000/1000: LR=1.05e-05, Loss=1.79e-02 BER=6.96e-03 FER=1.67e-01
2025-10-28 08:50:32,031 | INFO | Epoch 1600 Train Time 26.954575777053833s

2025-10-28 08:50:56,975 | INFO | Training epoch 1601, Batch 1000/1000: LR=1.05e-05, Loss=1.79e-02 BER=6.97e-03 FER=1.67e-01
2025-10-28 08:50:57,022 | INFO | Epoch 1601 Train Time 24.990742206573486s

2025-10-28 08:51:22,736 | INFO | Training epoch 1602, Batch 1000/1000: LR=1.04e-05, Loss=1.80e-02 BER=7.03e-03 FER=1.69e-01
2025-10-28 08:51:22,792 | INFO | Epoch 1602 Train Time 25.76887583732605s

2025-10-28 08:51:48,213 | INFO | Training epoch 1603, Batch 1000/1000: LR=1.04e-05, Loss=1.80e-02 BER=6.99e-03 FER=1.68e-01
2025-10-28 08:51:48,265 | INFO | Epoch 1603 Train Time 25.472990036010742s

2025-10-28 08:52:15,557 | INFO | Training epoch 1604, Batch 1000/1000: LR=1.03e-05, Loss=1.79e-02 BER=6.97e-03 FER=1.67e-01
2025-10-28 08:52:15,613 | INFO | Epoch 1604 Train Time 27.34736180305481s

2025-10-28 08:52:42,033 | INFO | Training epoch 1605, Batch 1000/1000: LR=1.03e-05, Loss=1.78e-02 BER=6.91e-03 FER=1.66e-01
2025-10-28 08:52:42,088 | INFO | Epoch 1605 Train Time 26.47426414489746s

2025-10-28 08:53:07,722 | INFO | Training epoch 1606, Batch 1000/1000: LR=1.02e-05, Loss=1.81e-02 BER=7.08e-03 FER=1.70e-01
2025-10-28 08:53:07,775 | INFO | Epoch 1606 Train Time 25.685983896255493s

2025-10-28 08:53:33,596 | INFO | Training epoch 1607, Batch 1000/1000: LR=1.02e-05, Loss=1.80e-02 BER=6.99e-03 FER=1.68e-01
2025-10-28 08:53:33,644 | INFO | Epoch 1607 Train Time 25.86878776550293s

2025-10-28 08:54:00,777 | INFO | Training epoch 1608, Batch 1000/1000: LR=1.01e-05, Loss=1.81e-02 BER=7.01e-03 FER=1.68e-01
2025-10-28 08:54:00,824 | INFO | Epoch 1608 Train Time 27.179755210876465s

2025-10-28 08:54:25,968 | INFO | Training epoch 1609, Batch 1000/1000: LR=1.01e-05, Loss=1.79e-02 BER=6.97e-03 FER=1.67e-01
2025-10-28 08:54:26,004 | INFO | Epoch 1609 Train Time 25.17903780937195s

2025-10-28 08:54:52,755 | INFO | Training epoch 1610, Batch 1000/1000: LR=1.00e-05, Loss=1.80e-02 BER=7.05e-03 FER=1.68e-01
2025-10-28 08:54:52,809 | INFO | Epoch 1610 Train Time 26.803539037704468s

2025-10-28 08:55:19,845 | INFO | Training epoch 1611, Batch 1000/1000: LR=1.00e-05, Loss=1.81e-02 BER=7.03e-03 FER=1.68e-01
2025-10-28 08:55:19,890 | INFO | Epoch 1611 Train Time 27.081390380859375s

2025-10-28 08:55:45,081 | INFO | Training epoch 1612, Batch 1000/1000: LR=9.96e-06, Loss=1.76e-02 BER=6.89e-03 FER=1.67e-01
2025-10-28 08:55:45,128 | INFO | Epoch 1612 Train Time 25.237182140350342s

2025-10-28 08:56:10,804 | INFO | Training epoch 1613, Batch 1000/1000: LR=9.91e-06, Loss=1.81e-02 BER=7.03e-03 FER=1.68e-01
2025-10-28 08:56:10,849 | INFO | Epoch 1613 Train Time 25.720690965652466s

2025-10-28 08:56:37,528 | INFO | Training epoch 1614, Batch 1000/1000: LR=9.87e-06, Loss=1.78e-02 BER=6.97e-03 FER=1.67e-01
2025-10-28 08:56:37,573 | INFO | Epoch 1614 Train Time 26.723132848739624s

2025-10-28 08:57:03,358 | INFO | Training epoch 1615, Batch 1000/1000: LR=9.82e-06, Loss=1.76e-02 BER=6.88e-03 FER=1.65e-01
2025-10-28 08:57:03,406 | INFO | Epoch 1615 Train Time 25.83209991455078s

2025-10-28 08:57:30,608 | INFO | Training epoch 1616, Batch 1000/1000: LR=9.78e-06, Loss=1.82e-02 BER=7.08e-03 FER=1.70e-01
2025-10-28 08:57:30,658 | INFO | Epoch 1616 Train Time 27.250580072402954s

2025-10-28 08:57:55,267 | INFO | Training epoch 1617, Batch 1000/1000: LR=9.74e-06, Loss=1.78e-02 BER=6.96e-03 FER=1.68e-01
2025-10-28 08:57:55,327 | INFO | Epoch 1617 Train Time 24.669209957122803s

2025-10-28 08:58:22,766 | INFO | Training epoch 1618, Batch 1000/1000: LR=9.69e-06, Loss=1.77e-02 BER=6.88e-03 FER=1.64e-01
2025-10-28 08:58:22,806 | INFO | Epoch 1618 Train Time 27.478514194488525s

2025-10-28 08:58:49,098 | INFO | Training epoch 1619, Batch 1000/1000: LR=9.65e-06, Loss=1.80e-02 BER=6.99e-03 FER=1.68e-01
2025-10-28 08:58:49,156 | INFO | Epoch 1619 Train Time 26.348464488983154s

2025-10-28 08:59:14,554 | INFO | Training epoch 1620, Batch 1000/1000: LR=9.60e-06, Loss=1.81e-02 BER=7.05e-03 FER=1.70e-01
2025-10-28 08:59:14,603 | INFO | Epoch 1620 Train Time 25.4467830657959s

2025-10-28 08:59:40,455 | INFO | Training epoch 1621, Batch 1000/1000: LR=9.56e-06, Loss=1.79e-02 BER=6.97e-03 FER=1.67e-01
2025-10-28 08:59:40,508 | INFO | Epoch 1621 Train Time 25.90465545654297s

2025-10-28 09:00:05,368 | INFO | Training epoch 1622, Batch 1000/1000: LR=9.52e-06, Loss=1.81e-02 BER=7.10e-03 FER=1.69e-01
2025-10-28 09:00:05,441 | INFO | Epoch 1622 Train Time 24.932233810424805s

2025-10-28 09:00:29,649 | INFO | Training epoch 1623, Batch 1000/1000: LR=9.47e-06, Loss=1.80e-02 BER=6.97e-03 FER=1.67e-01
2025-10-28 09:00:29,693 | INFO | Epoch 1623 Train Time 24.25088882446289s

2025-10-28 09:00:54,747 | INFO | Training epoch 1624, Batch 1000/1000: LR=9.43e-06, Loss=1.78e-02 BER=6.94e-03 FER=1.66e-01
2025-10-28 09:00:54,802 | INFO | Epoch 1624 Train Time 25.10876488685608s

2025-10-28 09:01:21,458 | INFO | Training epoch 1625, Batch 1000/1000: LR=9.39e-06, Loss=1.78e-02 BER=6.91e-03 FER=1.67e-01
2025-10-28 09:01:21,506 | INFO | Epoch 1625 Train Time 26.703017711639404s

2025-10-28 09:01:47,125 | INFO | Training epoch 1626, Batch 1000/1000: LR=9.34e-06, Loss=1.78e-02 BER=6.96e-03 FER=1.67e-01
2025-10-28 09:01:47,172 | INFO | Epoch 1626 Train Time 25.66592836380005s

2025-10-28 09:02:12,934 | INFO | Training epoch 1627, Batch 1000/1000: LR=9.30e-06, Loss=1.78e-02 BER=6.92e-03 FER=1.66e-01
2025-10-28 09:02:12,978 | INFO | Epoch 1627 Train Time 25.80523419380188s

2025-10-28 09:02:39,255 | INFO | Training epoch 1628, Batch 1000/1000: LR=9.26e-06, Loss=1.78e-02 BER=6.96e-03 FER=1.67e-01
2025-10-28 09:02:39,300 | INFO | Epoch 1628 Train Time 26.3209547996521s

2025-10-28 09:03:05,524 | INFO | Training epoch 1629, Batch 1000/1000: LR=9.21e-06, Loss=1.78e-02 BER=6.95e-03 FER=1.67e-01
2025-10-28 09:03:05,576 | INFO | Epoch 1629 Train Time 26.275381803512573s

2025-10-28 09:03:32,177 | INFO | Training epoch 1630, Batch 1000/1000: LR=9.17e-06, Loss=1.79e-02 BER=7.00e-03 FER=1.68e-01
2025-10-28 09:03:32,235 | INFO | Epoch 1630 Train Time 26.658482551574707s

2025-10-28 09:03:57,979 | INFO | Training epoch 1631, Batch 1000/1000: LR=9.13e-06, Loss=1.78e-02 BER=6.92e-03 FER=1.67e-01
2025-10-28 09:03:58,029 | INFO | Epoch 1631 Train Time 25.793647289276123s

2025-10-28 09:04:23,890 | INFO | Training epoch 1632, Batch 1000/1000: LR=9.08e-06, Loss=1.79e-02 BER=6.98e-03 FER=1.68e-01
2025-10-28 09:04:23,942 | INFO | Epoch 1632 Train Time 25.91260600090027s

2025-10-28 09:04:50,572 | INFO | Training epoch 1633, Batch 1000/1000: LR=9.04e-06, Loss=1.77e-02 BER=6.95e-03 FER=1.67e-01
2025-10-28 09:04:50,616 | INFO | Epoch 1633 Train Time 26.673192262649536s

2025-10-28 09:05:15,981 | INFO | Training epoch 1634, Batch 1000/1000: LR=9.00e-06, Loss=1.79e-02 BER=6.98e-03 FER=1.68e-01
2025-10-28 09:05:16,030 | INFO | Epoch 1634 Train Time 25.41366410255432s

2025-10-28 09:05:41,015 | INFO | Training epoch 1635, Batch 1000/1000: LR=8.96e-06, Loss=1.79e-02 BER=6.96e-03 FER=1.66e-01
2025-10-28 09:05:41,066 | INFO | Epoch 1635 Train Time 25.034882307052612s

2025-10-28 09:06:04,238 | INFO | Training epoch 1636, Batch 1000/1000: LR=8.92e-06, Loss=1.77e-02 BER=6.89e-03 FER=1.66e-01
2025-10-28 09:06:04,288 | INFO | Epoch 1636 Train Time 23.22218942642212s

2025-10-28 09:06:31,476 | INFO | Training epoch 1637, Batch 1000/1000: LR=8.87e-06, Loss=1.78e-02 BER=6.98e-03 FER=1.67e-01
2025-10-28 09:06:31,517 | INFO | Epoch 1637 Train Time 27.2276713848114s

2025-10-28 09:06:56,956 | INFO | Training epoch 1638, Batch 1000/1000: LR=8.83e-06, Loss=1.80e-02 BER=6.99e-03 FER=1.69e-01
2025-10-28 09:06:57,007 | INFO | Epoch 1638 Train Time 25.490159273147583s

2025-10-28 09:07:22,798 | INFO | Training epoch 1639, Batch 1000/1000: LR=8.79e-06, Loss=1.78e-02 BER=6.96e-03 FER=1.67e-01
2025-10-28 09:07:22,849 | INFO | Epoch 1639 Train Time 25.841258764266968s

2025-10-28 09:07:49,769 | INFO | Training epoch 1640, Batch 1000/1000: LR=8.75e-06, Loss=1.81e-02 BER=7.07e-03 FER=1.69e-01
2025-10-28 09:07:49,831 | INFO | Epoch 1640 Train Time 26.981098651885986s

2025-10-28 09:08:16,988 | INFO | Training epoch 1641, Batch 1000/1000: LR=8.71e-06, Loss=1.80e-02 BER=7.01e-03 FER=1.69e-01
2025-10-28 09:08:17,027 | INFO | Epoch 1641 Train Time 27.195754051208496s

2025-10-28 09:08:43,567 | INFO | Training epoch 1642, Batch 1000/1000: LR=8.66e-06, Loss=1.79e-02 BER=7.00e-03 FER=1.68e-01
2025-10-28 09:08:43,610 | INFO | Epoch 1642 Train Time 26.58159041404724s

2025-10-28 09:09:10,018 | INFO | Training epoch 1643, Batch 1000/1000: LR=8.62e-06, Loss=1.78e-02 BER=6.90e-03 FER=1.67e-01
2025-10-28 09:09:10,071 | INFO | Epoch 1643 Train Time 26.461200714111328s

2025-10-28 09:09:35,609 | INFO | Training epoch 1644, Batch 1000/1000: LR=8.58e-06, Loss=1.80e-02 BER=6.99e-03 FER=1.68e-01
2025-10-28 09:09:35,656 | INFO | Epoch 1644 Train Time 25.58358097076416s

2025-10-28 09:10:02,690 | INFO | Training epoch 1645, Batch 1000/1000: LR=8.54e-06, Loss=1.78e-02 BER=6.94e-03 FER=1.67e-01
2025-10-28 09:10:02,736 | INFO | Epoch 1645 Train Time 27.07927107810974s

2025-10-28 09:10:28,000 | INFO | Training epoch 1646, Batch 1000/1000: LR=8.50e-06, Loss=1.79e-02 BER=7.00e-03 FER=1.68e-01
2025-10-28 09:10:28,042 | INFO | Epoch 1646 Train Time 25.30590271949768s

2025-10-28 09:10:53,047 | INFO | Training epoch 1647, Batch 1000/1000: LR=8.46e-06, Loss=1.80e-02 BER=6.98e-03 FER=1.67e-01
2025-10-28 09:10:53,102 | INFO | Epoch 1647 Train Time 25.059236764907837s

2025-10-28 09:11:20,029 | INFO | Training epoch 1648, Batch 1000/1000: LR=8.42e-06, Loss=1.80e-02 BER=7.01e-03 FER=1.68e-01
2025-10-28 09:11:20,075 | INFO | Epoch 1648 Train Time 26.972283124923706s

2025-10-28 09:11:45,921 | INFO | Training epoch 1649, Batch 1000/1000: LR=8.38e-06, Loss=1.78e-02 BER=6.92e-03 FER=1.66e-01
2025-10-28 09:11:45,962 | INFO | Epoch 1649 Train Time 25.88573908805847s

2025-10-28 09:12:12,541 | INFO | Training epoch 1650, Batch 1000/1000: LR=8.33e-06, Loss=1.79e-02 BER=6.98e-03 FER=1.68e-01
2025-10-28 09:12:12,593 | INFO | Epoch 1650 Train Time 26.630337953567505s

2025-10-28 09:12:37,770 | INFO | Training epoch 1651, Batch 1000/1000: LR=8.29e-06, Loss=1.80e-02 BER=7.03e-03 FER=1.68e-01
2025-10-28 09:12:37,823 | INFO | Epoch 1651 Train Time 25.228572607040405s

2025-10-28 09:13:03,091 | INFO | Training epoch 1652, Batch 1000/1000: LR=8.25e-06, Loss=1.77e-02 BER=6.95e-03 FER=1.67e-01
2025-10-28 09:13:03,138 | INFO | Epoch 1652 Train Time 25.314216375350952s

2025-10-28 09:13:28,893 | INFO | Training epoch 1653, Batch 1000/1000: LR=8.21e-06, Loss=1.81e-02 BER=7.03e-03 FER=1.68e-01
2025-10-28 09:13:28,936 | INFO | Epoch 1653 Train Time 25.7980477809906s

2025-10-28 09:13:55,267 | INFO | Training epoch 1654, Batch 1000/1000: LR=8.17e-06, Loss=1.80e-02 BER=6.99e-03 FER=1.68e-01
2025-10-28 09:13:55,308 | INFO | Epoch 1654 Train Time 26.371760845184326s

2025-10-28 09:14:19,961 | INFO | Training epoch 1655, Batch 1000/1000: LR=8.13e-06, Loss=1.78e-02 BER=6.94e-03 FER=1.68e-01
2025-10-28 09:14:20,015 | INFO | Epoch 1655 Train Time 24.705654621124268s

2025-10-28 09:14:47,544 | INFO | Training epoch 1656, Batch 1000/1000: LR=8.09e-06, Loss=1.78e-02 BER=6.95e-03 FER=1.67e-01
2025-10-28 09:14:47,588 | INFO | Epoch 1656 Train Time 27.572714805603027s

2025-10-28 09:15:13,595 | INFO | Training epoch 1657, Batch 1000/1000: LR=8.05e-06, Loss=1.79e-02 BER=7.01e-03 FER=1.68e-01
2025-10-28 09:15:13,633 | INFO | Epoch 1657 Train Time 26.044426679611206s

2025-10-28 09:15:40,723 | INFO | Training epoch 1658, Batch 1000/1000: LR=8.01e-06, Loss=1.79e-02 BER=6.97e-03 FER=1.68e-01
2025-10-28 09:15:40,761 | INFO | Epoch 1658 Train Time 27.127498149871826s

2025-10-28 09:16:06,216 | INFO | Training epoch 1659, Batch 1000/1000: LR=7.97e-06, Loss=1.79e-02 BER=6.97e-03 FER=1.68e-01
2025-10-28 09:16:06,258 | INFO | Epoch 1659 Train Time 25.49553918838501s

2025-10-28 09:16:33,356 | INFO | Training epoch 1660, Batch 1000/1000: LR=7.93e-06, Loss=1.77e-02 BER=6.93e-03 FER=1.67e-01
2025-10-28 09:16:33,405 | INFO | Epoch 1660 Train Time 27.146661043167114s

2025-10-28 09:16:58,872 | INFO | Training epoch 1661, Batch 1000/1000: LR=7.89e-06, Loss=1.79e-02 BER=7.01e-03 FER=1.68e-01
2025-10-28 09:16:58,919 | INFO | Epoch 1661 Train Time 25.514036893844604s

2025-10-28 09:17:25,866 | INFO | Training epoch 1662, Batch 1000/1000: LR=7.85e-06, Loss=1.81e-02 BER=7.02e-03 FER=1.68e-01
2025-10-28 09:17:25,920 | INFO | Epoch 1662 Train Time 27.000557899475098s

2025-10-28 09:17:52,125 | INFO | Training epoch 1663, Batch 1000/1000: LR=7.81e-06, Loss=1.80e-02 BER=7.04e-03 FER=1.68e-01
2025-10-28 09:17:52,171 | INFO | Epoch 1663 Train Time 26.250487804412842s

2025-10-28 09:18:19,396 | INFO | Training epoch 1664, Batch 1000/1000: LR=7.78e-06, Loss=1.80e-02 BER=7.01e-03 FER=1.69e-01
2025-10-28 09:18:19,441 | INFO | Epoch 1664 Train Time 27.26957869529724s

2025-10-28 09:18:45,636 | INFO | Training epoch 1665, Batch 1000/1000: LR=7.74e-06, Loss=1.80e-02 BER=7.05e-03 FER=1.69e-01
2025-10-28 09:18:45,690 | INFO | Epoch 1665 Train Time 26.24760675430298s

2025-10-28 09:19:11,488 | INFO | Training epoch 1666, Batch 1000/1000: LR=7.70e-06, Loss=1.78e-02 BER=6.92e-03 FER=1.66e-01
2025-10-28 09:19:11,539 | INFO | Epoch 1666 Train Time 25.848775148391724s

2025-10-28 09:19:36,581 | INFO | Training epoch 1667, Batch 1000/1000: LR=7.66e-06, Loss=1.80e-02 BER=6.97e-03 FER=1.68e-01
2025-10-28 09:19:36,643 | INFO | Epoch 1667 Train Time 25.1024386882782s

2025-10-28 09:20:00,406 | INFO | Training epoch 1668, Batch 1000/1000: LR=7.62e-06, Loss=1.77e-02 BER=6.90e-03 FER=1.67e-01
2025-10-28 09:20:00,455 | INFO | Epoch 1668 Train Time 23.81172275543213s

2025-10-28 09:20:27,217 | INFO | Training epoch 1669, Batch 1000/1000: LR=7.58e-06, Loss=1.80e-02 BER=7.05e-03 FER=1.69e-01
2025-10-28 09:20:27,270 | INFO | Epoch 1669 Train Time 26.81421685218811s

2025-10-28 09:20:53,383 | INFO | Training epoch 1670, Batch 1000/1000: LR=7.54e-06, Loss=1.80e-02 BER=7.00e-03 FER=1.68e-01
2025-10-28 09:20:53,429 | INFO | Epoch 1670 Train Time 26.15880274772644s

2025-10-28 09:21:18,498 | INFO | Training epoch 1671, Batch 1000/1000: LR=7.50e-06, Loss=1.79e-02 BER=6.97e-03 FER=1.67e-01
2025-10-28 09:21:18,549 | INFO | Epoch 1671 Train Time 25.119251489639282s

2025-10-28 09:21:44,626 | INFO | Training epoch 1672, Batch 1000/1000: LR=7.46e-06, Loss=1.80e-02 BER=7.05e-03 FER=1.69e-01
2025-10-28 09:21:44,683 | INFO | Epoch 1672 Train Time 26.133363485336304s

2025-10-28 09:22:12,787 | INFO | Training epoch 1673, Batch 1000/1000: LR=7.43e-06, Loss=1.77e-02 BER=6.92e-03 FER=1.66e-01
2025-10-28 09:22:12,832 | INFO | Epoch 1673 Train Time 28.149272441864014s

2025-10-28 09:22:41,400 | INFO | Training epoch 1674, Batch 1000/1000: LR=7.39e-06, Loss=1.78e-02 BER=6.95e-03 FER=1.67e-01
2025-10-28 09:22:41,448 | INFO | Epoch 1674 Train Time 28.615386486053467s

2025-10-28 09:23:07,551 | INFO | Training epoch 1675, Batch 1000/1000: LR=7.35e-06, Loss=1.78e-02 BER=6.92e-03 FER=1.67e-01
2025-10-28 09:23:07,596 | INFO | Epoch 1675 Train Time 26.14704132080078s

2025-10-28 09:23:31,788 | INFO | Training epoch 1676, Batch 1000/1000: LR=7.31e-06, Loss=1.79e-02 BER=6.97e-03 FER=1.67e-01
2025-10-28 09:23:31,844 | INFO | Epoch 1676 Train Time 24.247404098510742s

2025-10-28 09:23:56,222 | INFO | Training epoch 1677, Batch 1000/1000: LR=7.27e-06, Loss=1.79e-02 BER=6.97e-03 FER=1.68e-01
2025-10-28 09:23:56,266 | INFO | Epoch 1677 Train Time 24.42164421081543s

2025-10-28 09:24:23,296 | INFO | Training epoch 1678, Batch 1000/1000: LR=7.24e-06, Loss=1.79e-02 BER=6.98e-03 FER=1.68e-01
2025-10-28 09:24:23,344 | INFO | Epoch 1678 Train Time 27.07733654975891s

2025-10-28 09:24:51,056 | INFO | Training epoch 1679, Batch 1000/1000: LR=7.20e-06, Loss=1.79e-02 BER=6.94e-03 FER=1.68e-01
2025-10-28 09:24:51,096 | INFO | Epoch 1679 Train Time 27.751149892807007s

2025-10-28 09:25:17,173 | INFO | Training epoch 1680, Batch 1000/1000: LR=7.16e-06, Loss=1.76e-02 BER=6.90e-03 FER=1.66e-01
2025-10-28 09:25:17,222 | INFO | Epoch 1680 Train Time 26.12511944770813s

2025-10-28 09:25:43,558 | INFO | Training epoch 1681, Batch 1000/1000: LR=7.12e-06, Loss=1.78e-02 BER=6.90e-03 FER=1.66e-01
2025-10-28 09:25:43,603 | INFO | Epoch 1681 Train Time 26.379554748535156s

2025-10-28 09:26:09,418 | INFO | Training epoch 1682, Batch 1000/1000: LR=7.09e-06, Loss=1.78e-02 BER=6.91e-03 FER=1.66e-01
2025-10-28 09:26:09,468 | INFO | Epoch 1682 Train Time 25.864161729812622s

2025-10-28 09:26:35,270 | INFO | Training epoch 1683, Batch 1000/1000: LR=7.05e-06, Loss=1.77e-02 BER=6.90e-03 FER=1.65e-01
2025-10-28 09:26:35,345 | INFO | Epoch 1683 Train Time 25.876704216003418s

2025-10-28 09:27:02,495 | INFO | Training epoch 1684, Batch 1000/1000: LR=7.01e-06, Loss=1.77e-02 BER=6.94e-03 FER=1.67e-01
2025-10-28 09:27:02,551 | INFO | Epoch 1684 Train Time 27.204790830612183s

2025-10-28 09:27:28,056 | INFO | Training epoch 1685, Batch 1000/1000: LR=6.97e-06, Loss=1.78e-02 BER=6.93e-03 FER=1.67e-01
2025-10-28 09:27:28,103 | INFO | Epoch 1685 Train Time 25.55144500732422s

2025-10-28 09:27:54,097 | INFO | Training epoch 1686, Batch 1000/1000: LR=6.94e-06, Loss=1.79e-02 BER=6.94e-03 FER=1.67e-01
2025-10-28 09:27:54,144 | INFO | Epoch 1686 Train Time 26.040616035461426s

2025-10-28 09:28:20,191 | INFO | Training epoch 1687, Batch 1000/1000: LR=6.90e-06, Loss=1.78e-02 BER=6.95e-03 FER=1.67e-01
2025-10-28 09:28:20,239 | INFO | Epoch 1687 Train Time 26.093997716903687s

2025-10-28 09:28:48,095 | INFO | Training epoch 1688, Batch 1000/1000: LR=6.86e-06, Loss=1.81e-02 BER=7.08e-03 FER=1.69e-01
2025-10-28 09:28:48,139 | INFO | Epoch 1688 Train Time 27.900155305862427s

2025-10-28 09:29:13,642 | INFO | Training epoch 1689, Batch 1000/1000: LR=6.83e-06, Loss=1.79e-02 BER=6.97e-03 FER=1.67e-01
2025-10-28 09:29:13,690 | INFO | Epoch 1689 Train Time 25.549944639205933s

2025-10-28 09:29:40,981 | INFO | Training epoch 1690, Batch 1000/1000: LR=6.79e-06, Loss=1.78e-02 BER=6.93e-03 FER=1.67e-01
2025-10-28 09:29:41,026 | INFO | Epoch 1690 Train Time 27.335827350616455s

2025-10-28 09:30:06,724 | INFO | Training epoch 1691, Batch 1000/1000: LR=6.75e-06, Loss=1.78e-02 BER=6.96e-03 FER=1.67e-01
2025-10-28 09:30:06,766 | INFO | Epoch 1691 Train Time 25.739519834518433s

2025-10-28 09:30:34,389 | INFO | Training epoch 1692, Batch 1000/1000: LR=6.72e-06, Loss=1.79e-02 BER=7.02e-03 FER=1.68e-01
2025-10-28 09:30:34,432 | INFO | Epoch 1692 Train Time 27.664859771728516s

2025-10-28 09:31:00,868 | INFO | Training epoch 1693, Batch 1000/1000: LR=6.68e-06, Loss=1.78e-02 BER=6.93e-03 FER=1.67e-01
2025-10-28 09:31:00,915 | INFO | Epoch 1693 Train Time 26.482481002807617s

2025-10-28 09:31:28,491 | INFO | Training epoch 1694, Batch 1000/1000: LR=6.64e-06, Loss=1.78e-02 BER=6.96e-03 FER=1.67e-01
2025-10-28 09:31:28,539 | INFO | Epoch 1694 Train Time 27.622857570648193s

2025-10-28 09:31:52,991 | INFO | Training epoch 1695, Batch 1000/1000: LR=6.61e-06, Loss=1.80e-02 BER=6.99e-03 FER=1.68e-01
2025-10-28 09:31:53,033 | INFO | Epoch 1695 Train Time 24.493276834487915s

2025-10-28 09:32:19,116 | INFO | Training epoch 1696, Batch 1000/1000: LR=6.57e-06, Loss=1.78e-02 BER=6.99e-03 FER=1.67e-01
2025-10-28 09:32:19,163 | INFO | Epoch 1696 Train Time 26.12946844100952s

2025-10-28 09:32:45,686 | INFO | Training epoch 1697, Batch 1000/1000: LR=6.54e-06, Loss=1.79e-02 BER=6.98e-03 FER=1.67e-01
2025-10-28 09:32:45,729 | INFO | Epoch 1697 Train Time 26.56404709815979s

2025-10-28 09:33:11,317 | INFO | Training epoch 1698, Batch 1000/1000: LR=6.50e-06, Loss=1.78e-02 BER=6.92e-03 FER=1.67e-01
2025-10-28 09:33:11,371 | INFO | Epoch 1698 Train Time 25.641552686691284s

2025-10-28 09:33:37,736 | INFO | Training epoch 1699, Batch 1000/1000: LR=6.47e-06, Loss=1.81e-02 BER=7.10e-03 FER=1.69e-01
2025-10-28 09:33:37,789 | INFO | Epoch 1699 Train Time 26.41748547554016s

2025-10-28 09:34:02,624 | INFO | Training epoch 1700, Batch 1000/1000: LR=6.43e-06, Loss=1.79e-02 BER=6.95e-03 FER=1.67e-01
2025-10-28 09:34:02,688 | INFO | Epoch 1700 Train Time 24.898706436157227s

2025-10-28 09:34:28,639 | INFO | Training epoch 1701, Batch 1000/1000: LR=6.40e-06, Loss=1.79e-02 BER=6.99e-03 FER=1.66e-01
2025-10-28 09:34:28,688 | INFO | Epoch 1701 Train Time 25.998424291610718s

2025-10-28 09:34:55,416 | INFO | Training epoch 1702, Batch 1000/1000: LR=6.36e-06, Loss=1.80e-02 BER=6.98e-03 FER=1.68e-01
2025-10-28 09:34:55,470 | INFO | Epoch 1702 Train Time 26.78189516067505s

2025-10-28 09:35:21,421 | INFO | Training epoch 1703, Batch 1000/1000: LR=6.32e-06, Loss=1.81e-02 BER=7.00e-03 FER=1.68e-01
2025-10-28 09:35:21,467 | INFO | Epoch 1703 Train Time 25.99609684944153s

2025-10-28 09:35:48,143 | INFO | Training epoch 1704, Batch 1000/1000: LR=6.29e-06, Loss=1.79e-02 BER=6.97e-03 FER=1.67e-01
2025-10-28 09:35:48,212 | INFO | Epoch 1704 Train Time 26.744291067123413s

2025-10-28 09:36:15,448 | INFO | Training epoch 1705, Batch 1000/1000: LR=6.25e-06, Loss=1.78e-02 BER=6.97e-03 FER=1.67e-01
2025-10-28 09:36:15,499 | INFO | Epoch 1705 Train Time 27.286640882492065s

2025-10-28 09:36:41,324 | INFO | Training epoch 1706, Batch 1000/1000: LR=6.22e-06, Loss=1.80e-02 BER=7.03e-03 FER=1.68e-01
2025-10-28 09:36:41,367 | INFO | Epoch 1706 Train Time 25.867801427841187s

2025-10-28 09:37:09,224 | INFO | Training epoch 1707, Batch 1000/1000: LR=6.19e-06, Loss=1.79e-02 BER=7.00e-03 FER=1.68e-01
2025-10-28 09:37:09,272 | INFO | Epoch 1707 Train Time 27.90434718132019s

2025-10-28 09:37:35,847 | INFO | Training epoch 1708, Batch 1000/1000: LR=6.15e-06, Loss=1.78e-02 BER=6.95e-03 FER=1.67e-01
2025-10-28 09:37:35,903 | INFO | Epoch 1708 Train Time 26.630603075027466s

2025-10-28 09:38:02,999 | INFO | Training epoch 1709, Batch 1000/1000: LR=6.12e-06, Loss=1.79e-02 BER=6.97e-03 FER=1.67e-01
2025-10-28 09:38:03,051 | INFO | Epoch 1709 Train Time 27.14737844467163s

2025-10-28 09:38:29,334 | INFO | Training epoch 1710, Batch 1000/1000: LR=6.08e-06, Loss=1.80e-02 BER=6.99e-03 FER=1.67e-01
2025-10-28 09:38:29,387 | INFO | Epoch 1710 Train Time 26.334800243377686s

2025-10-28 09:38:54,830 | INFO | Training epoch 1711, Batch 1000/1000: LR=6.05e-06, Loss=1.78e-02 BER=6.98e-03 FER=1.67e-01
2025-10-28 09:38:54,870 | INFO | Epoch 1711 Train Time 25.482403993606567s

2025-10-28 09:39:22,851 | INFO | Training epoch 1712, Batch 1000/1000: LR=6.01e-06, Loss=1.79e-02 BER=6.95e-03 FER=1.67e-01
2025-10-28 09:39:22,902 | INFO | Epoch 1712 Train Time 28.032209157943726s

2025-10-28 09:39:49,598 | INFO | Training epoch 1713, Batch 1000/1000: LR=5.98e-06, Loss=1.80e-02 BER=7.02e-03 FER=1.68e-01
2025-10-28 09:39:49,641 | INFO | Epoch 1713 Train Time 26.737672090530396s

2025-10-28 09:40:17,183 | INFO | Training epoch 1714, Batch 1000/1000: LR=5.95e-06, Loss=1.80e-02 BER=7.00e-03 FER=1.68e-01
2025-10-28 09:40:17,223 | INFO | Epoch 1714 Train Time 27.582305669784546s

2025-10-28 09:40:44,355 | INFO | Training epoch 1715, Batch 1000/1000: LR=5.91e-06, Loss=1.79e-02 BER=6.97e-03 FER=1.67e-01
2025-10-28 09:40:44,400 | INFO | Epoch 1715 Train Time 27.17612361907959s

2025-10-28 09:41:09,594 | INFO | Training epoch 1716, Batch 1000/1000: LR=5.88e-06, Loss=1.78e-02 BER=6.92e-03 FER=1.66e-01
2025-10-28 09:41:09,637 | INFO | Epoch 1716 Train Time 25.23565125465393s

2025-10-28 09:41:36,751 | INFO | Training epoch 1717, Batch 1000/1000: LR=5.84e-06, Loss=1.77e-02 BER=6.93e-03 FER=1.67e-01
2025-10-28 09:41:36,801 | INFO | Epoch 1717 Train Time 27.164040565490723s

2025-10-28 09:42:02,945 | INFO | Training epoch 1718, Batch 1000/1000: LR=5.81e-06, Loss=1.78e-02 BER=6.96e-03 FER=1.66e-01
2025-10-28 09:42:02,988 | INFO | Epoch 1718 Train Time 26.185896635055542s

2025-10-28 09:42:29,161 | INFO | Training epoch 1719, Batch 1000/1000: LR=5.78e-06, Loss=1.79e-02 BER=6.98e-03 FER=1.66e-01
2025-10-28 09:42:29,225 | INFO | Epoch 1719 Train Time 26.236443758010864s

2025-10-28 09:42:54,856 | INFO | Training epoch 1720, Batch 1000/1000: LR=5.74e-06, Loss=1.79e-02 BER=6.97e-03 FER=1.67e-01
2025-10-28 09:42:54,909 | INFO | Epoch 1720 Train Time 25.684324264526367s

2025-10-28 09:43:21,784 | INFO | Training epoch 1721, Batch 1000/1000: LR=5.71e-06, Loss=1.75e-02 BER=6.86e-03 FER=1.66e-01
2025-10-28 09:43:21,829 | INFO | Epoch 1721 Train Time 26.919429779052734s

2025-10-28 09:43:21,830 | INFO | [P2] saving best_model (QAT) with loss 0.017543 at epoch 1721
2025-10-28 09:43:50,204 | INFO | Training epoch 1722, Batch 1000/1000: LR=5.68e-06, Loss=1.80e-02 BER=7.01e-03 FER=1.68e-01
2025-10-28 09:43:50,251 | INFO | Epoch 1722 Train Time 28.406696796417236s

2025-10-28 09:44:14,705 | INFO | Training epoch 1723, Batch 1000/1000: LR=5.65e-06, Loss=1.81e-02 BER=7.05e-03 FER=1.69e-01
2025-10-28 09:44:14,755 | INFO | Epoch 1723 Train Time 24.50316858291626s

2025-10-28 09:44:40,435 | INFO | Training epoch 1724, Batch 1000/1000: LR=5.61e-06, Loss=1.80e-02 BER=7.02e-03 FER=1.67e-01
2025-10-28 09:44:40,483 | INFO | Epoch 1724 Train Time 25.726900339126587s

2025-10-28 09:45:05,634 | INFO | Training epoch 1725, Batch 1000/1000: LR=5.58e-06, Loss=1.78e-02 BER=6.95e-03 FER=1.67e-01
2025-10-28 09:45:05,678 | INFO | Epoch 1725 Train Time 25.1944363117218s

2025-10-28 09:45:31,533 | INFO | Training epoch 1726, Batch 1000/1000: LR=5.55e-06, Loss=1.79e-02 BER=6.96e-03 FER=1.67e-01
2025-10-28 09:45:31,600 | INFO | Epoch 1726 Train Time 25.92158818244934s

2025-10-28 09:45:57,069 | INFO | Training epoch 1727, Batch 1000/1000: LR=5.51e-06, Loss=1.78e-02 BER=6.96e-03 FER=1.67e-01
2025-10-28 09:45:57,118 | INFO | Epoch 1727 Train Time 25.517444372177124s

2025-10-28 09:46:22,016 | INFO | Training epoch 1728, Batch 1000/1000: LR=5.48e-06, Loss=1.81e-02 BER=7.06e-03 FER=1.68e-01
2025-10-28 09:46:22,062 | INFO | Epoch 1728 Train Time 24.943267822265625s

2025-10-28 09:46:50,056 | INFO | Training epoch 1729, Batch 1000/1000: LR=5.45e-06, Loss=1.75e-02 BER=6.83e-03 FER=1.64e-01
2025-10-28 09:46:50,103 | INFO | Epoch 1729 Train Time 28.04008173942566s

2025-10-28 09:46:50,104 | INFO | [P2] saving best_model (QAT) with loss 0.017511 at epoch 1729
2025-10-28 09:47:15,378 | INFO | Training epoch 1730, Batch 1000/1000: LR=5.42e-06, Loss=1.76e-02 BER=6.84e-03 FER=1.65e-01
2025-10-28 09:47:15,423 | INFO | Epoch 1730 Train Time 25.3034827709198s

2025-10-28 09:47:41,438 | INFO | Training epoch 1731, Batch 1000/1000: LR=5.39e-06, Loss=1.80e-02 BER=6.99e-03 FER=1.68e-01
2025-10-28 09:47:41,512 | INFO | Epoch 1731 Train Time 26.08901357650757s

2025-10-28 09:48:06,126 | INFO | Training epoch 1732, Batch 1000/1000: LR=5.35e-06, Loss=1.80e-02 BER=7.01e-03 FER=1.68e-01
2025-10-28 09:48:06,176 | INFO | Epoch 1732 Train Time 24.663207530975342s

2025-10-28 09:48:32,022 | INFO | Training epoch 1733, Batch 1000/1000: LR=5.32e-06, Loss=1.80e-02 BER=7.00e-03 FER=1.68e-01
2025-10-28 09:48:32,075 | INFO | Epoch 1733 Train Time 25.89805507659912s

2025-10-28 09:48:58,584 | INFO | Training epoch 1734, Batch 1000/1000: LR=5.29e-06, Loss=1.78e-02 BER=6.91e-03 FER=1.65e-01
2025-10-28 09:48:58,633 | INFO | Epoch 1734 Train Time 26.557461977005005s

2025-10-28 09:49:24,834 | INFO | Training epoch 1735, Batch 1000/1000: LR=5.26e-06, Loss=1.78e-02 BER=6.93e-03 FER=1.66e-01
2025-10-28 09:49:24,880 | INFO | Epoch 1735 Train Time 26.246586561203003s

2025-10-28 09:49:50,642 | INFO | Training epoch 1736, Batch 1000/1000: LR=5.23e-06, Loss=1.77e-02 BER=6.91e-03 FER=1.66e-01
2025-10-28 09:49:50,696 | INFO | Epoch 1736 Train Time 25.814754724502563s

2025-10-28 09:50:17,765 | INFO | Training epoch 1737, Batch 1000/1000: LR=5.20e-06, Loss=1.81e-02 BER=7.04e-03 FER=1.69e-01
2025-10-28 09:50:17,799 | INFO | Epoch 1737 Train Time 27.10303521156311s

2025-10-28 09:50:45,687 | INFO | Training epoch 1738, Batch 1000/1000: LR=5.16e-06, Loss=1.77e-02 BER=6.86e-03 FER=1.65e-01
2025-10-28 09:50:45,738 | INFO | Epoch 1738 Train Time 27.93791890144348s

2025-10-28 09:51:12,003 | INFO | Training epoch 1739, Batch 1000/1000: LR=5.13e-06, Loss=1.78e-02 BER=6.92e-03 FER=1.66e-01
2025-10-28 09:51:12,053 | INFO | Epoch 1739 Train Time 26.314693689346313s

2025-10-28 09:51:39,182 | INFO | Training epoch 1740, Batch 1000/1000: LR=5.10e-06, Loss=1.79e-02 BER=7.00e-03 FER=1.67e-01
2025-10-28 09:51:39,227 | INFO | Epoch 1740 Train Time 27.17368984222412s

2025-10-28 09:52:03,338 | INFO | Training epoch 1741, Batch 1000/1000: LR=5.07e-06, Loss=1.79e-02 BER=6.97e-03 FER=1.68e-01
2025-10-28 09:52:03,406 | INFO | Epoch 1741 Train Time 24.17788290977478s

2025-10-28 09:52:30,217 | INFO | Training epoch 1742, Batch 1000/1000: LR=5.04e-06, Loss=1.78e-02 BER=6.93e-03 FER=1.67e-01
2025-10-28 09:52:30,279 | INFO | Epoch 1742 Train Time 26.872172594070435s

2025-10-28 09:52:55,144 | INFO | Training epoch 1743, Batch 1000/1000: LR=5.01e-06, Loss=1.80e-02 BER=7.01e-03 FER=1.68e-01
2025-10-28 09:52:55,187 | INFO | Epoch 1743 Train Time 24.907370567321777s

2025-10-28 09:53:21,163 | INFO | Training epoch 1744, Batch 1000/1000: LR=4.98e-06, Loss=1.82e-02 BER=7.13e-03 FER=1.70e-01
2025-10-28 09:53:21,217 | INFO | Epoch 1744 Train Time 26.029793977737427s

2025-10-28 09:53:47,480 | INFO | Training epoch 1745, Batch 1000/1000: LR=4.95e-06, Loss=1.79e-02 BER=7.01e-03 FER=1.68e-01
2025-10-28 09:53:47,537 | INFO | Epoch 1745 Train Time 26.319527626037598s

2025-10-28 09:54:11,944 | INFO | Training epoch 1746, Batch 1000/1000: LR=4.92e-06, Loss=1.80e-02 BER=7.05e-03 FER=1.68e-01
2025-10-28 09:54:11,979 | INFO | Epoch 1746 Train Time 24.44119930267334s

2025-10-28 09:54:38,590 | INFO | Training epoch 1747, Batch 1000/1000: LR=4.89e-06, Loss=1.77e-02 BER=6.91e-03 FER=1.66e-01
2025-10-28 09:54:38,636 | INFO | Epoch 1747 Train Time 26.65623927116394s

2025-10-28 09:55:03,188 | INFO | Training epoch 1748, Batch 1000/1000: LR=4.86e-06, Loss=1.79e-02 BER=7.00e-03 FER=1.68e-01
2025-10-28 09:55:03,230 | INFO | Epoch 1748 Train Time 24.59354543685913s

2025-10-28 09:55:29,850 | INFO | Training epoch 1749, Batch 1000/1000: LR=4.83e-06, Loss=1.78e-02 BER=6.96e-03 FER=1.67e-01
2025-10-28 09:55:29,902 | INFO | Epoch 1749 Train Time 26.671692371368408s

2025-10-28 09:55:56,820 | INFO | Training epoch 1750, Batch 1000/1000: LR=4.80e-06, Loss=1.78e-02 BER=6.94e-03 FER=1.66e-01
2025-10-28 09:55:56,865 | INFO | Epoch 1750 Train Time 26.961578369140625s

2025-10-28 09:56:22,947 | INFO | Training epoch 1751, Batch 1000/1000: LR=4.77e-06, Loss=1.76e-02 BER=6.86e-03 FER=1.64e-01
2025-10-28 09:56:22,988 | INFO | Epoch 1751 Train Time 26.122217416763306s

2025-10-28 09:56:48,673 | INFO | Training epoch 1752, Batch 1000/1000: LR=4.74e-06, Loss=1.80e-02 BER=7.00e-03 FER=1.68e-01
2025-10-28 09:56:48,724 | INFO | Epoch 1752 Train Time 25.735828161239624s

2025-10-28 09:57:15,169 | INFO | Training epoch 1753, Batch 1000/1000: LR=4.71e-06, Loss=1.77e-02 BER=6.88e-03 FER=1.66e-01
2025-10-28 09:57:15,216 | INFO | Epoch 1753 Train Time 26.491180896759033s

2025-10-28 09:57:43,592 | INFO | Training epoch 1754, Batch 1000/1000: LR=4.68e-06, Loss=1.80e-02 BER=7.04e-03 FER=1.69e-01
2025-10-28 09:57:43,638 | INFO | Epoch 1754 Train Time 28.421271800994873s

2025-10-28 09:58:09,545 | INFO | Training epoch 1755, Batch 1000/1000: LR=4.65e-06, Loss=1.78e-02 BER=6.97e-03 FER=1.68e-01
2025-10-28 09:58:09,592 | INFO | Epoch 1755 Train Time 25.95322585105896s

2025-10-28 09:58:35,597 | INFO | Training epoch 1756, Batch 1000/1000: LR=4.62e-06, Loss=1.77e-02 BER=6.92e-03 FER=1.67e-01
2025-10-28 09:58:35,659 | INFO | Epoch 1756 Train Time 26.066439867019653s

2025-10-28 09:59:02,338 | INFO | Training epoch 1757, Batch 1000/1000: LR=4.59e-06, Loss=1.80e-02 BER=6.98e-03 FER=1.68e-01
2025-10-28 09:59:02,394 | INFO | Epoch 1757 Train Time 26.733897924423218s

2025-10-28 09:59:29,482 | INFO | Training epoch 1758, Batch 1000/1000: LR=4.56e-06, Loss=1.79e-02 BER=6.97e-03 FER=1.67e-01
2025-10-28 09:59:29,519 | INFO | Epoch 1758 Train Time 27.12478256225586s

2025-10-28 09:59:53,618 | INFO | Training epoch 1759, Batch 1000/1000: LR=4.53e-06, Loss=1.78e-02 BER=6.97e-03 FER=1.67e-01
2025-10-28 09:59:53,668 | INFO | Epoch 1759 Train Time 24.148014068603516s

2025-10-28 10:00:20,086 | INFO | Training epoch 1760, Batch 1000/1000: LR=4.50e-06, Loss=1.77e-02 BER=6.90e-03 FER=1.66e-01
2025-10-28 10:00:20,127 | INFO | Epoch 1760 Train Time 26.458374738693237s

2025-10-28 10:00:47,406 | INFO | Training epoch 1761, Batch 1000/1000: LR=4.48e-06, Loss=1.78e-02 BER=6.92e-03 FER=1.67e-01
2025-10-28 10:00:47,461 | INFO | Epoch 1761 Train Time 27.332619667053223s

2025-10-28 10:01:14,452 | INFO | Training epoch 1762, Batch 1000/1000: LR=4.45e-06, Loss=1.76e-02 BER=6.83e-03 FER=1.65e-01
2025-10-28 10:01:14,505 | INFO | Epoch 1762 Train Time 27.043260097503662s

2025-10-28 10:01:39,832 | INFO | Training epoch 1763, Batch 1000/1000: LR=4.42e-06, Loss=1.81e-02 BER=7.04e-03 FER=1.69e-01
2025-10-28 10:01:39,884 | INFO | Epoch 1763 Train Time 25.37861466407776s

2025-10-28 10:02:07,478 | INFO | Training epoch 1764, Batch 1000/1000: LR=4.39e-06, Loss=1.81e-02 BER=7.04e-03 FER=1.68e-01
2025-10-28 10:02:07,531 | INFO | Epoch 1764 Train Time 27.645559787750244s

2025-10-28 10:02:35,630 | INFO | Training epoch 1765, Batch 1000/1000: LR=4.36e-06, Loss=1.78e-02 BER=6.95e-03 FER=1.66e-01
2025-10-28 10:02:35,687 | INFO | Epoch 1765 Train Time 28.15521478652954s

2025-10-28 10:03:02,588 | INFO | Training epoch 1766, Batch 1000/1000: LR=4.33e-06, Loss=1.76e-02 BER=6.88e-03 FER=1.65e-01
2025-10-28 10:03:02,648 | INFO | Epoch 1766 Train Time 26.96066975593567s

2025-10-28 10:03:29,016 | INFO | Training epoch 1767, Batch 1000/1000: LR=4.31e-06, Loss=1.80e-02 BER=6.98e-03 FER=1.68e-01
2025-10-28 10:03:29,057 | INFO | Epoch 1767 Train Time 26.407795906066895s

2025-10-28 10:03:55,559 | INFO | Training epoch 1768, Batch 1000/1000: LR=4.28e-06, Loss=1.77e-02 BER=6.94e-03 FER=1.66e-01
2025-10-28 10:03:55,604 | INFO | Epoch 1768 Train Time 26.546703338623047s

2025-10-28 10:04:22,496 | INFO | Training epoch 1769, Batch 1000/1000: LR=4.25e-06, Loss=1.79e-02 BER=6.96e-03 FER=1.66e-01
2025-10-28 10:04:22,544 | INFO | Epoch 1769 Train Time 26.93873429298401s

2025-10-28 10:04:49,926 | INFO | Training epoch 1770, Batch 1000/1000: LR=4.22e-06, Loss=1.78e-02 BER=6.92e-03 FER=1.66e-01
2025-10-28 10:04:49,966 | INFO | Epoch 1770 Train Time 27.421039819717407s

2025-10-28 10:05:16,410 | INFO | Training epoch 1771, Batch 1000/1000: LR=4.20e-06, Loss=1.78e-02 BER=6.93e-03 FER=1.67e-01
2025-10-28 10:05:16,458 | INFO | Epoch 1771 Train Time 26.49241065979004s

2025-10-28 10:05:44,432 | INFO | Training epoch 1772, Batch 1000/1000: LR=4.17e-06, Loss=1.78e-02 BER=6.97e-03 FER=1.67e-01
2025-10-28 10:05:44,484 | INFO | Epoch 1772 Train Time 28.024593830108643s

2025-10-28 10:06:11,143 | INFO | Training epoch 1773, Batch 1000/1000: LR=4.14e-06, Loss=1.79e-02 BER=6.98e-03 FER=1.68e-01
2025-10-28 10:06:11,198 | INFO | Epoch 1773 Train Time 26.712926387786865s

2025-10-28 10:06:38,977 | INFO | Training epoch 1774, Batch 1000/1000: LR=4.11e-06, Loss=1.79e-02 BER=6.98e-03 FER=1.67e-01
2025-10-28 10:06:39,026 | INFO | Epoch 1774 Train Time 27.828124284744263s

2025-10-28 10:07:04,606 | INFO | Training epoch 1775, Batch 1000/1000: LR=4.09e-06, Loss=1.79e-02 BER=7.01e-03 FER=1.67e-01
2025-10-28 10:07:04,660 | INFO | Epoch 1775 Train Time 25.63235878944397s

2025-10-28 10:07:31,377 | INFO | Training epoch 1776, Batch 1000/1000: LR=4.06e-06, Loss=1.77e-02 BER=6.86e-03 FER=1.67e-01
2025-10-28 10:07:31,432 | INFO | Epoch 1776 Train Time 26.772096395492554s

2025-10-28 10:07:57,965 | INFO | Training epoch 1777, Batch 1000/1000: LR=4.03e-06, Loss=1.79e-02 BER=7.01e-03 FER=1.68e-01
2025-10-28 10:07:58,021 | INFO | Epoch 1777 Train Time 26.588176488876343s

2025-10-28 10:08:23,993 | INFO | Training epoch 1778, Batch 1000/1000: LR=4.01e-06, Loss=1.78e-02 BER=6.90e-03 FER=1.66e-01
2025-10-28 10:08:24,047 | INFO | Epoch 1778 Train Time 26.02543330192566s

2025-10-28 10:08:49,997 | INFO | Training epoch 1779, Batch 1000/1000: LR=3.98e-06, Loss=1.78e-02 BER=6.95e-03 FER=1.67e-01
2025-10-28 10:08:50,054 | INFO | Epoch 1779 Train Time 26.006641149520874s

2025-10-28 10:09:16,127 | INFO | Training epoch 1780, Batch 1000/1000: LR=3.95e-06, Loss=1.79e-02 BER=6.99e-03 FER=1.67e-01
2025-10-28 10:09:16,183 | INFO | Epoch 1780 Train Time 26.128042221069336s

2025-10-28 10:09:42,043 | INFO | Training epoch 1781, Batch 1000/1000: LR=3.93e-06, Loss=1.78e-02 BER=6.91e-03 FER=1.66e-01
2025-10-28 10:09:42,090 | INFO | Epoch 1781 Train Time 25.906142950057983s

2025-10-28 10:10:09,321 | INFO | Training epoch 1782, Batch 1000/1000: LR=3.90e-06, Loss=1.77e-02 BER=6.89e-03 FER=1.66e-01
2025-10-28 10:10:09,368 | INFO | Epoch 1782 Train Time 27.27760648727417s

2025-10-28 10:10:36,745 | INFO | Training epoch 1783, Batch 1000/1000: LR=3.87e-06, Loss=1.80e-02 BER=7.00e-03 FER=1.68e-01
2025-10-28 10:10:36,806 | INFO | Epoch 1783 Train Time 27.43792223930359s

2025-10-28 10:11:03,365 | INFO | Training epoch 1784, Batch 1000/1000: LR=3.85e-06, Loss=1.79e-02 BER=6.99e-03 FER=1.69e-01
2025-10-28 10:11:03,409 | INFO | Epoch 1784 Train Time 26.601982831954956s

2025-10-28 10:11:30,990 | INFO | Training epoch 1785, Batch 1000/1000: LR=3.82e-06, Loss=1.78e-02 BER=6.96e-03 FER=1.67e-01
2025-10-28 10:11:31,036 | INFO | Epoch 1785 Train Time 27.6265606880188s

2025-10-28 10:11:57,891 | INFO | Training epoch 1786, Batch 1000/1000: LR=3.80e-06, Loss=1.81e-02 BER=7.06e-03 FER=1.69e-01
2025-10-28 10:11:57,938 | INFO | Epoch 1786 Train Time 26.901342153549194s

2025-10-28 10:12:24,073 | INFO | Training epoch 1787, Batch 1000/1000: LR=3.77e-06, Loss=1.79e-02 BER=6.96e-03 FER=1.67e-01
2025-10-28 10:12:24,113 | INFO | Epoch 1787 Train Time 26.173733234405518s

2025-10-28 10:12:50,614 | INFO | Training epoch 1788, Batch 1000/1000: LR=3.74e-06, Loss=1.78e-02 BER=6.96e-03 FER=1.68e-01
2025-10-28 10:12:50,652 | INFO | Epoch 1788 Train Time 26.538358211517334s

2025-10-28 10:13:18,505 | INFO | Training epoch 1789, Batch 1000/1000: LR=3.72e-06, Loss=1.79e-02 BER=7.01e-03 FER=1.68e-01
2025-10-28 10:13:18,553 | INFO | Epoch 1789 Train Time 27.900782346725464s

2025-10-28 10:13:44,270 | INFO | Training epoch 1790, Batch 1000/1000: LR=3.69e-06, Loss=1.78e-02 BER=6.94e-03 FER=1.67e-01
2025-10-28 10:13:44,334 | INFO | Epoch 1790 Train Time 25.779832363128662s

2025-10-28 10:14:11,844 | INFO | Training epoch 1791, Batch 1000/1000: LR=3.67e-06, Loss=1.78e-02 BER=6.96e-03 FER=1.67e-01
2025-10-28 10:14:11,900 | INFO | Epoch 1791 Train Time 27.5657799243927s

2025-10-28 10:14:36,857 | INFO | Training epoch 1792, Batch 1000/1000: LR=3.64e-06, Loss=1.78e-02 BER=6.98e-03 FER=1.67e-01
2025-10-28 10:14:36,901 | INFO | Epoch 1792 Train Time 25.000513315200806s

2025-10-28 10:15:04,621 | INFO | Training epoch 1793, Batch 1000/1000: LR=3.62e-06, Loss=1.80e-02 BER=7.01e-03 FER=1.68e-01
2025-10-28 10:15:04,670 | INFO | Epoch 1793 Train Time 27.767818689346313s

2025-10-28 10:15:31,374 | INFO | Training epoch 1794, Batch 1000/1000: LR=3.59e-06, Loss=1.81e-02 BER=7.04e-03 FER=1.68e-01
2025-10-28 10:15:31,423 | INFO | Epoch 1794 Train Time 26.75334668159485s

2025-10-28 10:15:56,591 | INFO | Training epoch 1795, Batch 1000/1000: LR=3.57e-06, Loss=1.78e-02 BER=6.98e-03 FER=1.67e-01
2025-10-28 10:15:56,635 | INFO | Epoch 1795 Train Time 25.21100115776062s

2025-10-28 10:16:23,494 | INFO | Training epoch 1796, Batch 1000/1000: LR=3.54e-06, Loss=1.80e-02 BER=7.06e-03 FER=1.69e-01
2025-10-28 10:16:23,546 | INFO | Epoch 1796 Train Time 26.909956455230713s

2025-10-28 10:16:52,356 | INFO | Training epoch 1797, Batch 1000/1000: LR=3.52e-06, Loss=1.82e-02 BER=7.11e-03 FER=1.70e-01
2025-10-28 10:16:52,403 | INFO | Epoch 1797 Train Time 28.85586452484131s

2025-10-28 10:17:18,857 | INFO | Training epoch 1798, Batch 1000/1000: LR=3.50e-06, Loss=1.79e-02 BER=6.97e-03 FER=1.68e-01
2025-10-28 10:17:18,896 | INFO | Epoch 1798 Train Time 26.49283218383789s

2025-10-28 10:17:45,486 | INFO | Training epoch 1799, Batch 1000/1000: LR=3.47e-06, Loss=1.82e-02 BER=7.09e-03 FER=1.70e-01
2025-10-28 10:17:45,532 | INFO | Epoch 1799 Train Time 26.63488006591797s

2025-10-28 10:18:12,359 | INFO | Training epoch 1800, Batch 1000/1000: LR=3.45e-06, Loss=1.80e-02 BER=7.02e-03 FER=1.69e-01
2025-10-28 10:18:12,409 | INFO | Epoch 1800 Train Time 26.87627935409546s

2025-10-28 10:18:37,707 | INFO | Training epoch 1801, Batch 1000/1000: LR=3.42e-06, Loss=1.79e-02 BER=6.94e-03 FER=1.67e-01
2025-10-28 10:18:37,761 | INFO | Epoch 1801 Train Time 25.351750373840332s

2025-10-28 10:19:04,014 | INFO | Training epoch 1802, Batch 1000/1000: LR=3.40e-06, Loss=1.80e-02 BER=6.97e-03 FER=1.67e-01
2025-10-28 10:19:04,063 | INFO | Epoch 1802 Train Time 26.300827503204346s

2025-10-28 10:19:30,869 | INFO | Training epoch 1803, Batch 1000/1000: LR=3.37e-06, Loss=1.75e-02 BER=6.83e-03 FER=1.64e-01
2025-10-28 10:19:30,915 | INFO | Epoch 1803 Train Time 26.851311445236206s

2025-10-28 10:19:30,915 | INFO | [P2] saving best_model (QAT) with loss 0.017498 at epoch 1803
2025-10-28 10:19:57,282 | INFO | Training epoch 1804, Batch 1000/1000: LR=3.35e-06, Loss=1.79e-02 BER=7.01e-03 FER=1.68e-01
2025-10-28 10:19:57,326 | INFO | Epoch 1804 Train Time 26.39917755126953s

2025-10-28 10:20:23,241 | INFO | Training epoch 1805, Batch 1000/1000: LR=3.33e-06, Loss=1.80e-02 BER=7.05e-03 FER=1.68e-01
2025-10-28 10:20:23,291 | INFO | Epoch 1805 Train Time 25.963825702667236s

2025-10-28 10:20:49,753 | INFO | Training epoch 1806, Batch 1000/1000: LR=3.30e-06, Loss=1.81e-02 BER=7.03e-03 FER=1.68e-01
2025-10-28 10:20:49,806 | INFO | Epoch 1806 Train Time 26.513931274414062s

2025-10-28 10:21:14,724 | INFO | Training epoch 1807, Batch 1000/1000: LR=3.28e-06, Loss=1.80e-02 BER=7.02e-03 FER=1.67e-01
2025-10-28 10:21:14,783 | INFO | Epoch 1807 Train Time 24.976061820983887s

2025-10-28 10:21:40,894 | INFO | Training epoch 1808, Batch 1000/1000: LR=3.26e-06, Loss=1.78e-02 BER=6.96e-03 FER=1.67e-01
2025-10-28 10:21:40,934 | INFO | Epoch 1808 Train Time 26.151132106781006s

2025-10-28 10:22:05,638 | INFO | Training epoch 1809, Batch 1000/1000: LR=3.23e-06, Loss=1.81e-02 BER=7.06e-03 FER=1.68e-01
2025-10-28 10:22:05,677 | INFO | Epoch 1809 Train Time 24.742408990859985s

2025-10-28 10:22:32,884 | INFO | Training epoch 1810, Batch 1000/1000: LR=3.21e-06, Loss=1.80e-02 BER=7.02e-03 FER=1.68e-01
2025-10-28 10:22:32,929 | INFO | Epoch 1810 Train Time 27.25104856491089s

2025-10-28 10:23:00,760 | INFO | Training epoch 1811, Batch 1000/1000: LR=3.19e-06, Loss=1.76e-02 BER=6.90e-03 FER=1.65e-01
2025-10-28 10:23:00,813 | INFO | Epoch 1811 Train Time 27.883267164230347s

2025-10-28 10:23:28,344 | INFO | Training epoch 1812, Batch 1000/1000: LR=3.17e-06, Loss=1.79e-02 BER=6.98e-03 FER=1.68e-01
2025-10-28 10:23:28,394 | INFO | Epoch 1812 Train Time 27.579888105392456s

2025-10-28 10:23:55,491 | INFO | Training epoch 1813, Batch 1000/1000: LR=3.14e-06, Loss=1.82e-02 BER=7.06e-03 FER=1.69e-01
2025-10-28 10:23:55,538 | INFO | Epoch 1813 Train Time 27.143987894058228s

2025-10-28 10:24:21,923 | INFO | Training epoch 1814, Batch 1000/1000: LR=3.12e-06, Loss=1.79e-02 BER=6.96e-03 FER=1.67e-01
2025-10-28 10:24:21,975 | INFO | Epoch 1814 Train Time 26.436336517333984s

2025-10-28 10:24:49,371 | INFO | Training epoch 1815, Batch 1000/1000: LR=3.10e-06, Loss=1.75e-02 BER=6.83e-03 FER=1.65e-01
2025-10-28 10:24:49,422 | INFO | Epoch 1815 Train Time 27.446784734725952s

2025-10-28 10:25:14,644 | INFO | Training epoch 1816, Batch 1000/1000: LR=3.08e-06, Loss=1.80e-02 BER=7.01e-03 FER=1.69e-01
2025-10-28 10:25:14,688 | INFO | Epoch 1816 Train Time 25.264838457107544s

2025-10-28 10:25:40,367 | INFO | Training epoch 1817, Batch 1000/1000: LR=3.05e-06, Loss=1.78e-02 BER=6.96e-03 FER=1.67e-01
2025-10-28 10:25:40,419 | INFO | Epoch 1817 Train Time 25.730191230773926s

2025-10-28 10:26:06,948 | INFO | Training epoch 1818, Batch 1000/1000: LR=3.03e-06, Loss=1.80e-02 BER=6.99e-03 FER=1.68e-01
2025-10-28 10:26:06,996 | INFO | Epoch 1818 Train Time 26.57657742500305s

2025-10-28 10:26:31,037 | INFO | Training epoch 1819, Batch 1000/1000: LR=3.01e-06, Loss=1.79e-02 BER=6.97e-03 FER=1.68e-01
2025-10-28 10:26:31,091 | INFO | Epoch 1819 Train Time 24.09480929374695s

2025-10-28 10:26:56,218 | INFO | Training epoch 1820, Batch 1000/1000: LR=2.99e-06, Loss=1.80e-02 BER=6.96e-03 FER=1.68e-01
2025-10-28 10:26:56,259 | INFO | Epoch 1820 Train Time 25.16663670539856s

2025-10-28 10:27:22,601 | INFO | Training epoch 1821, Batch 1000/1000: LR=2.97e-06, Loss=1.79e-02 BER=6.95e-03 FER=1.67e-01
2025-10-28 10:27:22,650 | INFO | Epoch 1821 Train Time 26.39037036895752s

2025-10-28 10:27:47,073 | INFO | Training epoch 1822, Batch 1000/1000: LR=2.94e-06, Loss=1.79e-02 BER=6.92e-03 FER=1.66e-01
2025-10-28 10:27:47,124 | INFO | Epoch 1822 Train Time 24.473709106445312s

2025-10-28 10:28:15,013 | INFO | Training epoch 1823, Batch 1000/1000: LR=2.92e-06, Loss=1.78e-02 BER=6.91e-03 FER=1.66e-01
2025-10-28 10:28:15,066 | INFO | Epoch 1823 Train Time 27.940593481063843s

2025-10-28 10:28:43,715 | INFO | Training epoch 1824, Batch 1000/1000: LR=2.90e-06, Loss=1.80e-02 BER=7.02e-03 FER=1.68e-01
2025-10-28 10:28:43,771 | INFO | Epoch 1824 Train Time 28.704453706741333s

2025-10-28 10:29:10,172 | INFO | Training epoch 1825, Batch 1000/1000: LR=2.88e-06, Loss=1.79e-02 BER=7.02e-03 FER=1.69e-01
2025-10-28 10:29:10,221 | INFO | Epoch 1825 Train Time 26.449899196624756s

2025-10-28 10:29:35,597 | INFO | Training epoch 1826, Batch 1000/1000: LR=2.86e-06, Loss=1.78e-02 BER=6.94e-03 FER=1.66e-01
2025-10-28 10:29:35,652 | INFO | Epoch 1826 Train Time 25.429970264434814s

2025-10-28 10:30:01,507 | INFO | Training epoch 1827, Batch 1000/1000: LR=2.84e-06, Loss=1.79e-02 BER=6.98e-03 FER=1.67e-01
2025-10-28 10:30:01,564 | INFO | Epoch 1827 Train Time 25.91204261779785s

2025-10-28 10:30:27,819 | INFO | Training epoch 1828, Batch 1000/1000: LR=2.82e-06, Loss=1.75e-02 BER=6.85e-03 FER=1.65e-01
2025-10-28 10:30:27,875 | INFO | Epoch 1828 Train Time 26.308993339538574s

2025-10-28 10:30:55,584 | INFO | Training epoch 1829, Batch 1000/1000: LR=2.80e-06, Loss=1.79e-02 BER=6.98e-03 FER=1.67e-01
2025-10-28 10:30:55,637 | INFO | Epoch 1829 Train Time 27.76176691055298s

2025-10-28 10:31:21,287 | INFO | Training epoch 1830, Batch 1000/1000: LR=2.77e-06, Loss=1.78e-02 BER=6.96e-03 FER=1.67e-01
2025-10-28 10:31:21,331 | INFO | Epoch 1830 Train Time 25.69332528114319s

2025-10-28 10:31:47,337 | INFO | Training epoch 1831, Batch 1000/1000: LR=2.75e-06, Loss=1.78e-02 BER=6.93e-03 FER=1.66e-01
2025-10-28 10:31:47,395 | INFO | Epoch 1831 Train Time 26.06375288963318s

2025-10-28 10:32:14,530 | INFO | Training epoch 1832, Batch 1000/1000: LR=2.73e-06, Loss=1.77e-02 BER=6.90e-03 FER=1.66e-01
2025-10-28 10:32:14,586 | INFO | Epoch 1832 Train Time 27.189648389816284s

2025-10-28 10:32:41,878 | INFO | Training epoch 1833, Batch 1000/1000: LR=2.71e-06, Loss=1.78e-02 BER=6.97e-03 FER=1.66e-01
2025-10-28 10:32:41,923 | INFO | Epoch 1833 Train Time 27.336530447006226s

2025-10-28 10:33:08,721 | INFO | Training epoch 1834, Batch 1000/1000: LR=2.69e-06, Loss=1.79e-02 BER=6.99e-03 FER=1.68e-01
2025-10-28 10:33:08,780 | INFO | Epoch 1834 Train Time 26.85628080368042s

2025-10-28 10:33:34,162 | INFO | Training epoch 1835, Batch 1000/1000: LR=2.67e-06, Loss=1.77e-02 BER=6.95e-03 FER=1.67e-01
2025-10-28 10:33:34,200 | INFO | Epoch 1835 Train Time 25.418418407440186s

2025-10-28 10:34:01,384 | INFO | Training epoch 1836, Batch 1000/1000: LR=2.65e-06, Loss=1.76e-02 BER=6.90e-03 FER=1.65e-01
2025-10-28 10:34:01,430 | INFO | Epoch 1836 Train Time 27.22924041748047s

2025-10-28 10:34:28,077 | INFO | Training epoch 1837, Batch 1000/1000: LR=2.63e-06, Loss=1.79e-02 BER=6.96e-03 FER=1.67e-01
2025-10-28 10:34:28,126 | INFO | Epoch 1837 Train Time 26.695728302001953s

2025-10-28 10:34:54,803 | INFO | Training epoch 1838, Batch 1000/1000: LR=2.61e-06, Loss=1.78e-02 BER=6.93e-03 FER=1.66e-01
2025-10-28 10:34:54,863 | INFO | Epoch 1838 Train Time 26.736860036849976s

2025-10-28 10:35:20,612 | INFO | Training epoch 1839, Batch 1000/1000: LR=2.59e-06, Loss=1.77e-02 BER=6.94e-03 FER=1.66e-01
2025-10-28 10:35:20,671 | INFO | Epoch 1839 Train Time 25.806529760360718s

2025-10-28 10:35:47,660 | INFO | Training epoch 1840, Batch 1000/1000: LR=2.57e-06, Loss=1.79e-02 BER=6.98e-03 FER=1.68e-01
2025-10-28 10:35:47,716 | INFO | Epoch 1840 Train Time 27.044644117355347s

2025-10-28 10:36:12,887 | INFO | Training epoch 1841, Batch 1000/1000: LR=2.56e-06, Loss=1.79e-02 BER=7.01e-03 FER=1.67e-01
2025-10-28 10:36:12,941 | INFO | Epoch 1841 Train Time 25.22419285774231s

2025-10-28 10:36:39,004 | INFO | Training epoch 1842, Batch 1000/1000: LR=2.54e-06, Loss=1.76e-02 BER=6.89e-03 FER=1.65e-01
2025-10-28 10:36:39,048 | INFO | Epoch 1842 Train Time 26.10663652420044s

2025-10-28 10:37:04,349 | INFO | Training epoch 1843, Batch 1000/1000: LR=2.52e-06, Loss=1.78e-02 BER=6.88e-03 FER=1.66e-01
2025-10-28 10:37:04,391 | INFO | Epoch 1843 Train Time 25.34213376045227s

2025-10-28 10:37:31,384 | INFO | Training epoch 1844, Batch 1000/1000: LR=2.50e-06, Loss=1.79e-02 BER=6.94e-03 FER=1.66e-01
2025-10-28 10:37:31,430 | INFO | Epoch 1844 Train Time 27.038415670394897s

2025-10-28 10:37:58,515 | INFO | Training epoch 1845, Batch 1000/1000: LR=2.48e-06, Loss=1.79e-02 BER=6.99e-03 FER=1.68e-01
2025-10-28 10:37:58,562 | INFO | Epoch 1845 Train Time 27.1303608417511s

2025-10-28 10:38:26,571 | INFO | Training epoch 1846, Batch 1000/1000: LR=2.46e-06, Loss=1.78e-02 BER=6.93e-03 FER=1.67e-01
2025-10-28 10:38:26,624 | INFO | Epoch 1846 Train Time 28.061070680618286s

2025-10-28 10:38:52,891 | INFO | Training epoch 1847, Batch 1000/1000: LR=2.44e-06, Loss=1.81e-02 BER=7.07e-03 FER=1.69e-01
2025-10-28 10:38:52,945 | INFO | Epoch 1847 Train Time 26.320642948150635s

2025-10-28 10:39:18,821 | INFO | Training epoch 1848, Batch 1000/1000: LR=2.42e-06, Loss=1.79e-02 BER=6.96e-03 FER=1.67e-01
2025-10-28 10:39:18,865 | INFO | Epoch 1848 Train Time 25.918651580810547s

2025-10-28 10:39:45,183 | INFO | Training epoch 1849, Batch 1000/1000: LR=2.40e-06, Loss=1.79e-02 BER=6.95e-03 FER=1.67e-01
2025-10-28 10:39:45,238 | INFO | Epoch 1849 Train Time 26.372851133346558s

2025-10-28 10:40:12,586 | INFO | Training epoch 1850, Batch 1000/1000: LR=2.39e-06, Loss=1.78e-02 BER=6.97e-03 FER=1.67e-01
2025-10-28 10:40:12,634 | INFO | Epoch 1850 Train Time 27.39554738998413s

2025-10-28 10:40:39,562 | INFO | Training epoch 1851, Batch 1000/1000: LR=2.37e-06, Loss=1.77e-02 BER=6.88e-03 FER=1.67e-01
2025-10-28 10:40:39,601 | INFO | Epoch 1851 Train Time 26.96583318710327s

2025-10-28 10:41:08,614 | INFO | Training epoch 1852, Batch 1000/1000: LR=2.35e-06, Loss=1.79e-02 BER=7.02e-03 FER=1.67e-01
2025-10-28 10:41:08,671 | INFO | Epoch 1852 Train Time 29.069834232330322s

2025-10-28 10:41:34,637 | INFO | Training epoch 1853, Batch 1000/1000: LR=2.33e-06, Loss=1.78e-02 BER=6.98e-03 FER=1.67e-01
2025-10-28 10:41:34,678 | INFO | Epoch 1853 Train Time 26.00619864463806s

2025-10-28 10:42:01,155 | INFO | Training epoch 1854, Batch 1000/1000: LR=2.31e-06, Loss=1.79e-02 BER=6.96e-03 FER=1.67e-01
2025-10-28 10:42:01,198 | INFO | Epoch 1854 Train Time 26.518964290618896s

2025-10-28 10:42:27,349 | INFO | Training epoch 1855, Batch 1000/1000: LR=2.30e-06, Loss=1.76e-02 BER=6.90e-03 FER=1.65e-01
2025-10-28 10:42:27,390 | INFO | Epoch 1855 Train Time 26.191423654556274s

2025-10-28 10:42:53,146 | INFO | Training epoch 1856, Batch 1000/1000: LR=2.28e-06, Loss=1.78e-02 BER=6.93e-03 FER=1.67e-01
2025-10-28 10:42:53,211 | INFO | Epoch 1856 Train Time 25.820997714996338s

2025-10-28 10:43:19,990 | INFO | Training epoch 1857, Batch 1000/1000: LR=2.26e-06, Loss=1.79e-02 BER=6.98e-03 FER=1.68e-01
2025-10-28 10:43:20,040 | INFO | Epoch 1857 Train Time 26.8285071849823s

2025-10-28 10:43:47,576 | INFO | Training epoch 1858, Batch 1000/1000: LR=2.24e-06, Loss=1.79e-02 BER=6.95e-03 FER=1.67e-01
2025-10-28 10:43:47,613 | INFO | Epoch 1858 Train Time 27.572144746780396s

2025-10-28 10:44:12,832 | INFO | Training epoch 1859, Batch 1000/1000: LR=2.23e-06, Loss=1.81e-02 BER=7.03e-03 FER=1.68e-01
2025-10-28 10:44:12,868 | INFO | Epoch 1859 Train Time 25.254247426986694s

2025-10-28 10:44:39,577 | INFO | Training epoch 1860, Batch 1000/1000: LR=2.21e-06, Loss=1.78e-02 BER=6.95e-03 FER=1.68e-01
2025-10-28 10:44:39,617 | INFO | Epoch 1860 Train Time 26.748879194259644s

2025-10-28 10:45:05,825 | INFO | Training epoch 1861, Batch 1000/1000: LR=2.19e-06, Loss=1.79e-02 BER=7.00e-03 FER=1.68e-01
2025-10-28 10:45:05,877 | INFO | Epoch 1861 Train Time 26.259472846984863s

2025-10-28 10:45:33,789 | INFO | Training epoch 1862, Batch 1000/1000: LR=2.18e-06, Loss=1.79e-02 BER=7.00e-03 FER=1.67e-01
2025-10-28 10:45:33,832 | INFO | Epoch 1862 Train Time 27.953970193862915s

2025-10-28 10:46:01,172 | INFO | Training epoch 1863, Batch 1000/1000: LR=2.16e-06, Loss=1.80e-02 BER=7.04e-03 FER=1.68e-01
2025-10-28 10:46:01,221 | INFO | Epoch 1863 Train Time 27.388391256332397s

2025-10-28 10:46:28,052 | INFO | Training epoch 1864, Batch 1000/1000: LR=2.14e-06, Loss=1.78e-02 BER=6.98e-03 FER=1.67e-01
2025-10-28 10:46:28,103 | INFO | Epoch 1864 Train Time 26.88178014755249s

2025-10-28 10:46:55,546 | INFO | Training epoch 1865, Batch 1000/1000: LR=2.13e-06, Loss=1.77e-02 BER=6.88e-03 FER=1.64e-01
2025-10-28 10:46:55,597 | INFO | Epoch 1865 Train Time 27.493569135665894s

2025-10-28 10:47:21,572 | INFO | Training epoch 1866, Batch 1000/1000: LR=2.11e-06, Loss=1.76e-02 BER=6.85e-03 FER=1.65e-01
2025-10-28 10:47:21,614 | INFO | Epoch 1866 Train Time 26.016510248184204s

2025-10-28 10:47:45,564 | INFO | Training epoch 1867, Batch 1000/1000: LR=2.09e-06, Loss=1.78e-02 BER=6.93e-03 FER=1.66e-01
2025-10-28 10:47:45,615 | INFO | Epoch 1867 Train Time 24.00024151802063s

2025-10-28 10:48:11,894 | INFO | Training epoch 1868, Batch 1000/1000: LR=2.08e-06, Loss=1.79e-02 BER=6.96e-03 FER=1.66e-01
2025-10-28 10:48:11,940 | INFO | Epoch 1868 Train Time 26.324373960494995s

2025-10-28 10:48:40,380 | INFO | Training epoch 1869, Batch 1000/1000: LR=2.06e-06, Loss=1.78e-02 BER=6.90e-03 FER=1.66e-01
2025-10-28 10:48:40,421 | INFO | Epoch 1869 Train Time 28.479679346084595s

2025-10-28 10:49:06,133 | INFO | Training epoch 1870, Batch 1000/1000: LR=2.04e-06, Loss=1.80e-02 BER=7.02e-03 FER=1.67e-01
2025-10-28 10:49:06,188 | INFO | Epoch 1870 Train Time 25.767385959625244s

2025-10-28 10:49:33,466 | INFO | Training epoch 1871, Batch 1000/1000: LR=2.03e-06, Loss=1.81e-02 BER=7.05e-03 FER=1.68e-01
2025-10-28 10:49:33,518 | INFO | Epoch 1871 Train Time 27.328392028808594s

2025-10-28 10:49:58,765 | INFO | Training epoch 1872, Batch 1000/1000: LR=2.01e-06, Loss=1.79e-02 BER=6.97e-03 FER=1.68e-01
2025-10-28 10:49:58,823 | INFO | Epoch 1872 Train Time 25.304791927337646s

2025-10-28 10:50:25,942 | INFO | Training epoch 1873, Batch 1000/1000: LR=2.00e-06, Loss=1.78e-02 BER=6.98e-03 FER=1.67e-01
2025-10-28 10:50:26,002 | INFO | Epoch 1873 Train Time 27.178397178649902s

2025-10-28 10:50:52,506 | INFO | Training epoch 1874, Batch 1000/1000: LR=1.98e-06, Loss=1.77e-02 BER=6.93e-03 FER=1.65e-01
2025-10-28 10:50:52,563 | INFO | Epoch 1874 Train Time 26.55970287322998s

2025-10-28 10:51:18,630 | INFO | Training epoch 1875, Batch 1000/1000: LR=1.97e-06, Loss=1.81e-02 BER=7.04e-03 FER=1.69e-01
2025-10-28 10:51:18,678 | INFO | Epoch 1875 Train Time 26.11387348175049s

2025-10-28 10:51:45,356 | INFO | Training epoch 1876, Batch 1000/1000: LR=1.95e-06, Loss=1.80e-02 BER=7.02e-03 FER=1.68e-01
2025-10-28 10:51:45,414 | INFO | Epoch 1876 Train Time 26.735660791397095s

2025-10-28 10:52:11,497 | INFO | Training epoch 1877, Batch 1000/1000: LR=1.94e-06, Loss=1.81e-02 BER=7.06e-03 FER=1.69e-01
2025-10-28 10:52:11,547 | INFO | Epoch 1877 Train Time 26.132800817489624s

2025-10-28 10:52:38,739 | INFO | Training epoch 1878, Batch 1000/1000: LR=1.92e-06, Loss=1.78e-02 BER=6.94e-03 FER=1.66e-01
2025-10-28 10:52:38,790 | INFO | Epoch 1878 Train Time 27.242391109466553s

2025-10-28 10:53:06,877 | INFO | Training epoch 1879, Batch 1000/1000: LR=1.91e-06, Loss=1.77e-02 BER=6.90e-03 FER=1.66e-01
2025-10-28 10:53:06,937 | INFO | Epoch 1879 Train Time 28.146063089370728s

2025-10-28 10:53:34,404 | INFO | Training epoch 1880, Batch 1000/1000: LR=1.89e-06, Loss=1.80e-02 BER=7.04e-03 FER=1.69e-01
2025-10-28 10:53:34,459 | INFO | Epoch 1880 Train Time 27.521337032318115s

2025-10-28 10:54:01,477 | INFO | Training epoch 1881, Batch 1000/1000: LR=1.88e-06, Loss=1.79e-02 BER=6.97e-03 FER=1.67e-01
2025-10-28 10:54:01,526 | INFO | Epoch 1881 Train Time 27.066170692443848s

2025-10-28 10:54:28,179 | INFO | Training epoch 1882, Batch 1000/1000: LR=1.86e-06, Loss=1.79e-02 BER=7.04e-03 FER=1.69e-01
2025-10-28 10:54:28,229 | INFO | Epoch 1882 Train Time 26.702924013137817s

2025-10-28 10:54:54,806 | INFO | Training epoch 1883, Batch 1000/1000: LR=1.85e-06, Loss=1.81e-02 BER=7.02e-03 FER=1.68e-01
2025-10-28 10:54:54,860 | INFO | Epoch 1883 Train Time 26.629838943481445s

2025-10-28 10:55:21,720 | INFO | Training epoch 1884, Batch 1000/1000: LR=1.83e-06, Loss=1.79e-02 BER=6.97e-03 FER=1.67e-01
2025-10-28 10:55:21,770 | INFO | Epoch 1884 Train Time 26.909721851348877s

2025-10-28 10:55:49,007 | INFO | Training epoch 1885, Batch 1000/1000: LR=1.82e-06, Loss=1.77e-02 BER=6.89e-03 FER=1.67e-01
2025-10-28 10:55:49,064 | INFO | Epoch 1885 Train Time 27.29355788230896s

2025-10-28 10:56:18,250 | INFO | Training epoch 1886, Batch 1000/1000: LR=1.81e-06, Loss=1.78e-02 BER=6.97e-03 FER=1.66e-01
2025-10-28 10:56:18,307 | INFO | Epoch 1886 Train Time 29.242250204086304s

2025-10-28 10:56:46,386 | INFO | Training epoch 1887, Batch 1000/1000: LR=1.79e-06, Loss=1.77e-02 BER=6.91e-03 FER=1.66e-01
2025-10-28 10:56:46,435 | INFO | Epoch 1887 Train Time 28.127188444137573s

2025-10-28 10:57:12,739 | INFO | Training epoch 1888, Batch 1000/1000: LR=1.78e-06, Loss=1.78e-02 BER=6.92e-03 FER=1.66e-01
2025-10-28 10:57:12,786 | INFO | Epoch 1888 Train Time 26.35128688812256s

2025-10-28 10:57:40,036 | INFO | Training epoch 1889, Batch 1000/1000: LR=1.76e-06, Loss=1.78e-02 BER=6.94e-03 FER=1.67e-01
2025-10-28 10:57:40,094 | INFO | Epoch 1889 Train Time 27.306923866271973s

2025-10-28 10:58:07,846 | INFO | Training epoch 1890, Batch 1000/1000: LR=1.75e-06, Loss=1.78e-02 BER=6.95e-03 FER=1.67e-01
2025-10-28 10:58:07,913 | INFO | Epoch 1890 Train Time 27.81793189048767s

2025-10-28 10:58:35,091 | INFO | Training epoch 1891, Batch 1000/1000: LR=1.74e-06, Loss=1.78e-02 BER=6.94e-03 FER=1.67e-01
2025-10-28 10:58:35,137 | INFO | Epoch 1891 Train Time 27.223511219024658s

2025-10-28 10:59:03,012 | INFO | Training epoch 1892, Batch 1000/1000: LR=1.72e-06, Loss=1.79e-02 BER=7.00e-03 FER=1.67e-01
2025-10-28 10:59:03,057 | INFO | Epoch 1892 Train Time 27.919423580169678s

2025-10-28 10:59:28,290 | INFO | Training epoch 1893, Batch 1000/1000: LR=1.71e-06, Loss=1.78e-02 BER=6.91e-03 FER=1.65e-01
2025-10-28 10:59:28,346 | INFO | Epoch 1893 Train Time 25.287732362747192s

2025-10-28 10:59:54,648 | INFO | Training epoch 1894, Batch 1000/1000: LR=1.70e-06, Loss=1.78e-02 BER=6.96e-03 FER=1.67e-01
2025-10-28 10:59:54,699 | INFO | Epoch 1894 Train Time 26.352036714553833s

2025-10-28 11:00:21,202 | INFO | Training epoch 1895, Batch 1000/1000: LR=1.68e-06, Loss=1.79e-02 BER=6.99e-03 FER=1.68e-01
2025-10-28 11:00:21,257 | INFO | Epoch 1895 Train Time 26.55807876586914s

2025-10-28 11:00:47,265 | INFO | Training epoch 1896, Batch 1000/1000: LR=1.67e-06, Loss=1.79e-02 BER=6.98e-03 FER=1.67e-01
2025-10-28 11:00:47,322 | INFO | Epoch 1896 Train Time 26.063650369644165s

2025-10-28 11:01:12,835 | INFO | Training epoch 1897, Batch 1000/1000: LR=1.66e-06, Loss=1.79e-02 BER=6.96e-03 FER=1.68e-01
2025-10-28 11:01:12,878 | INFO | Epoch 1897 Train Time 25.555631399154663s

2025-10-28 11:01:41,255 | INFO | Training epoch 1898, Batch 1000/1000: LR=1.65e-06, Loss=1.79e-02 BER=6.95e-03 FER=1.66e-01
2025-10-28 11:01:41,311 | INFO | Epoch 1898 Train Time 28.43277382850647s

2025-10-28 11:02:09,176 | INFO | Training epoch 1899, Batch 1000/1000: LR=1.63e-06, Loss=1.77e-02 BER=6.93e-03 FER=1.66e-01
2025-10-28 11:02:09,221 | INFO | Epoch 1899 Train Time 27.909674644470215s

2025-10-28 11:02:35,489 | INFO | Training epoch 1900, Batch 1000/1000: LR=1.62e-06, Loss=1.80e-02 BER=7.05e-03 FER=1.69e-01
2025-10-28 11:02:35,539 | INFO | Epoch 1900 Train Time 26.3169105052948s

2025-10-28 11:03:03,301 | INFO | Training epoch 1901, Batch 1000/1000: LR=1.61e-06, Loss=1.78e-02 BER=6.96e-03 FER=1.67e-01
2025-10-28 11:03:03,347 | INFO | Epoch 1901 Train Time 27.807315349578857s

2025-10-28 11:03:29,140 | INFO | Training epoch 1902, Batch 1000/1000: LR=1.60e-06, Loss=1.77e-02 BER=6.94e-03 FER=1.66e-01
2025-10-28 11:03:29,193 | INFO | Epoch 1902 Train Time 25.845288515090942s

2025-10-28 11:03:54,767 | INFO | Training epoch 1903, Batch 1000/1000: LR=1.59e-06, Loss=1.78e-02 BER=6.91e-03 FER=1.66e-01
2025-10-28 11:03:54,817 | INFO | Epoch 1903 Train Time 25.623021841049194s

2025-10-28 11:04:22,392 | INFO | Training epoch 1904, Batch 1000/1000: LR=1.57e-06, Loss=1.78e-02 BER=6.95e-03 FER=1.67e-01
2025-10-28 11:04:22,441 | INFO | Epoch 1904 Train Time 27.62379741668701s

2025-10-28 11:04:48,821 | INFO | Training epoch 1905, Batch 1000/1000: LR=1.56e-06, Loss=1.80e-02 BER=7.01e-03 FER=1.68e-01
2025-10-28 11:04:48,875 | INFO | Epoch 1905 Train Time 26.433080911636353s

2025-10-28 11:05:17,146 | INFO | Training epoch 1906, Batch 1000/1000: LR=1.55e-06, Loss=1.79e-02 BER=6.99e-03 FER=1.67e-01
2025-10-28 11:05:17,213 | INFO | Epoch 1906 Train Time 28.33745503425598s

2025-10-28 11:05:43,291 | INFO | Training epoch 1907, Batch 1000/1000: LR=1.54e-06, Loss=1.79e-02 BER=6.99e-03 FER=1.68e-01
2025-10-28 11:05:43,340 | INFO | Epoch 1907 Train Time 26.126593351364136s

2025-10-28 11:06:09,204 | INFO | Training epoch 1908, Batch 1000/1000: LR=1.53e-06, Loss=1.81e-02 BER=7.07e-03 FER=1.70e-01
2025-10-28 11:06:09,252 | INFO | Epoch 1908 Train Time 25.911444664001465s

2025-10-28 11:06:35,330 | INFO | Training epoch 1909, Batch 1000/1000: LR=1.52e-06, Loss=1.81e-02 BER=7.03e-03 FER=1.68e-01
2025-10-28 11:06:35,386 | INFO | Epoch 1909 Train Time 26.13265061378479s

2025-10-28 11:07:01,864 | INFO | Training epoch 1910, Batch 1000/1000: LR=1.50e-06, Loss=1.80e-02 BER=6.99e-03 FER=1.68e-01
2025-10-28 11:07:01,913 | INFO | Epoch 1910 Train Time 26.526270389556885s

2025-10-28 11:07:27,721 | INFO | Training epoch 1911, Batch 1000/1000: LR=1.49e-06, Loss=1.81e-02 BER=7.06e-03 FER=1.68e-01
2025-10-28 11:07:27,762 | INFO | Epoch 1911 Train Time 25.848634243011475s

2025-10-28 11:07:53,987 | INFO | Training epoch 1912, Batch 1000/1000: LR=1.48e-06, Loss=1.77e-02 BER=6.89e-03 FER=1.66e-01
2025-10-28 11:07:54,032 | INFO | Epoch 1912 Train Time 26.268924474716187s

2025-10-28 11:08:21,580 | INFO | Training epoch 1913, Batch 1000/1000: LR=1.47e-06, Loss=1.79e-02 BER=7.00e-03 FER=1.68e-01
2025-10-28 11:08:21,646 | INFO | Epoch 1913 Train Time 27.613277435302734s

2025-10-28 11:08:49,600 | INFO | Training epoch 1914, Batch 1000/1000: LR=1.46e-06, Loss=1.80e-02 BER=7.02e-03 FER=1.69e-01
2025-10-28 11:08:49,656 | INFO | Epoch 1914 Train Time 28.009525299072266s

2025-10-28 11:09:14,928 | INFO | Training epoch 1915, Batch 1000/1000: LR=1.45e-06, Loss=1.77e-02 BER=6.90e-03 FER=1.65e-01
2025-10-28 11:09:14,979 | INFO | Epoch 1915 Train Time 25.322170734405518s

2025-10-28 11:09:40,886 | INFO | Training epoch 1916, Batch 1000/1000: LR=1.44e-06, Loss=1.78e-02 BER=6.89e-03 FER=1.67e-01
2025-10-28 11:09:40,931 | INFO | Epoch 1916 Train Time 25.950960397720337s

2025-10-28 11:10:07,105 | INFO | Training epoch 1917, Batch 1000/1000: LR=1.43e-06, Loss=1.78e-02 BER=6.96e-03 FER=1.66e-01
2025-10-28 11:10:07,155 | INFO | Epoch 1917 Train Time 26.223551273345947s

2025-10-28 11:10:34,683 | INFO | Training epoch 1918, Batch 1000/1000: LR=1.42e-06, Loss=1.79e-02 BER=6.95e-03 FER=1.67e-01
2025-10-28 11:10:34,724 | INFO | Epoch 1918 Train Time 27.568714380264282s

2025-10-28 11:11:00,539 | INFO | Training epoch 1919, Batch 1000/1000: LR=1.41e-06, Loss=1.78e-02 BER=6.95e-03 FER=1.67e-01
2025-10-28 11:11:00,580 | INFO | Epoch 1919 Train Time 25.854860305786133s

2025-10-28 11:11:27,438 | INFO | Training epoch 1920, Batch 1000/1000: LR=1.40e-06, Loss=1.79e-02 BER=6.96e-03 FER=1.67e-01
2025-10-28 11:11:27,490 | INFO | Epoch 1920 Train Time 26.909592628479004s

2025-10-28 11:11:53,026 | INFO | Training epoch 1921, Batch 1000/1000: LR=1.39e-06, Loss=1.78e-02 BER=6.95e-03 FER=1.66e-01
2025-10-28 11:11:53,078 | INFO | Epoch 1921 Train Time 25.586792469024658s

2025-10-28 11:12:19,121 | INFO | Training epoch 1922, Batch 1000/1000: LR=1.38e-06, Loss=1.77e-02 BER=6.90e-03 FER=1.66e-01
2025-10-28 11:12:19,175 | INFO | Epoch 1922 Train Time 26.09669256210327s

2025-10-28 11:12:46,108 | INFO | Training epoch 1923, Batch 1000/1000: LR=1.37e-06, Loss=1.80e-02 BER=7.06e-03 FER=1.67e-01
2025-10-28 11:12:46,142 | INFO | Epoch 1923 Train Time 26.966320037841797s

2025-10-28 11:13:12,552 | INFO | Training epoch 1924, Batch 1000/1000: LR=1.36e-06, Loss=1.76e-02 BER=6.88e-03 FER=1.66e-01
2025-10-28 11:13:12,610 | INFO | Epoch 1924 Train Time 26.466928958892822s

2025-10-28 11:13:38,984 | INFO | Training epoch 1925, Batch 1000/1000: LR=1.35e-06, Loss=1.79e-02 BER=6.99e-03 FER=1.68e-01
2025-10-28 11:13:39,037 | INFO | Epoch 1925 Train Time 26.42650079727173s

2025-10-28 11:14:07,376 | INFO | Training epoch 1926, Batch 1000/1000: LR=1.34e-06, Loss=1.76e-02 BER=6.91e-03 FER=1.65e-01
2025-10-28 11:14:07,423 | INFO | Epoch 1926 Train Time 28.385884523391724s

2025-10-28 11:14:34,502 | INFO | Training epoch 1927, Batch 1000/1000: LR=1.33e-06, Loss=1.80e-02 BER=7.02e-03 FER=1.67e-01
2025-10-28 11:14:34,550 | INFO | Epoch 1927 Train Time 27.126450300216675s

2025-10-28 11:15:00,468 | INFO | Training epoch 1928, Batch 1000/1000: LR=1.33e-06, Loss=1.78e-02 BER=6.94e-03 FER=1.66e-01
2025-10-28 11:15:00,510 | INFO | Epoch 1928 Train Time 25.959073781967163s

2025-10-28 11:15:28,212 | INFO | Training epoch 1929, Batch 1000/1000: LR=1.32e-06, Loss=1.80e-02 BER=7.06e-03 FER=1.68e-01
2025-10-28 11:15:28,248 | INFO | Epoch 1929 Train Time 27.73767638206482s

2025-10-28 11:15:52,423 | INFO | Training epoch 1930, Batch 1000/1000: LR=1.31e-06, Loss=1.76e-02 BER=6.87e-03 FER=1.65e-01
2025-10-28 11:15:52,468 | INFO | Epoch 1930 Train Time 24.21882200241089s

2025-10-28 11:16:17,270 | INFO | Training epoch 1931, Batch 1000/1000: LR=1.30e-06, Loss=1.78e-02 BER=6.92e-03 FER=1.66e-01
2025-10-28 11:16:17,319 | INFO | Epoch 1931 Train Time 24.84986162185669s

2025-10-28 11:16:45,311 | INFO | Training epoch 1932, Batch 1000/1000: LR=1.29e-06, Loss=1.78e-02 BER=6.94e-03 FER=1.66e-01
2025-10-28 11:16:45,352 | INFO | Epoch 1932 Train Time 28.03169298171997s

2025-10-28 11:17:11,768 | INFO | Training epoch 1933, Batch 1000/1000: LR=1.28e-06, Loss=1.78e-02 BER=6.92e-03 FER=1.66e-01
2025-10-28 11:17:11,824 | INFO | Epoch 1933 Train Time 26.471368074417114s

2025-10-28 11:17:37,434 | INFO | Training epoch 1934, Batch 1000/1000: LR=1.27e-06, Loss=1.78e-02 BER=6.95e-03 FER=1.66e-01
2025-10-28 11:17:37,493 | INFO | Epoch 1934 Train Time 25.668827772140503s

2025-10-28 11:18:02,962 | INFO | Training epoch 1935, Batch 1000/1000: LR=1.27e-06, Loss=1.80e-02 BER=7.03e-03 FER=1.68e-01
2025-10-28 11:18:03,008 | INFO | Epoch 1935 Train Time 25.51449155807495s

2025-10-28 11:18:29,697 | INFO | Training epoch 1936, Batch 1000/1000: LR=1.26e-06, Loss=1.78e-02 BER=6.97e-03 FER=1.67e-01
2025-10-28 11:18:29,754 | INFO | Epoch 1936 Train Time 26.744765758514404s

2025-10-28 11:18:55,643 | INFO | Training epoch 1937, Batch 1000/1000: LR=1.25e-06, Loss=1.79e-02 BER=6.97e-03 FER=1.67e-01
2025-10-28 11:18:55,691 | INFO | Epoch 1937 Train Time 25.936824321746826s

2025-10-28 11:19:20,726 | INFO | Training epoch 1938, Batch 1000/1000: LR=1.24e-06, Loss=1.79e-02 BER=6.98e-03 FER=1.67e-01
2025-10-28 11:19:20,770 | INFO | Epoch 1938 Train Time 25.078022480010986s

2025-10-28 11:19:47,871 | INFO | Training epoch 1939, Batch 1000/1000: LR=1.23e-06, Loss=1.79e-02 BER=6.98e-03 FER=1.67e-01
2025-10-28 11:19:47,921 | INFO | Epoch 1939 Train Time 27.150448083877563s

2025-10-28 11:20:12,842 | INFO | Training epoch 1940, Batch 1000/1000: LR=1.23e-06, Loss=1.80e-02 BER=7.01e-03 FER=1.68e-01
2025-10-28 11:20:12,890 | INFO | Epoch 1940 Train Time 24.968998432159424s

2025-10-28 11:20:39,292 | INFO | Training epoch 1941, Batch 1000/1000: LR=1.22e-06, Loss=1.75e-02 BER=6.80e-03 FER=1.64e-01
2025-10-28 11:20:39,336 | INFO | Epoch 1941 Train Time 26.444568395614624s

2025-10-28 11:20:39,336 | INFO | [P2] saving best_model (QAT) with loss 0.017464 at epoch 1941
2025-10-28 11:21:04,795 | INFO | Training epoch 1942, Batch 1000/1000: LR=1.21e-06, Loss=1.78e-02 BER=6.91e-03 FER=1.66e-01
2025-10-28 11:21:04,833 | INFO | Epoch 1942 Train Time 25.477343559265137s

2025-10-28 11:21:29,984 | INFO | Training epoch 1943, Batch 1000/1000: LR=1.21e-06, Loss=1.79e-02 BER=6.98e-03 FER=1.68e-01
2025-10-28 11:21:30,043 | INFO | Epoch 1943 Train Time 25.20985984802246s

2025-10-28 11:21:56,262 | INFO | Training epoch 1944, Batch 1000/1000: LR=1.20e-06, Loss=1.79e-02 BER=7.01e-03 FER=1.68e-01
2025-10-28 11:21:56,314 | INFO | Epoch 1944 Train Time 26.27030897140503s

2025-10-28 11:22:23,273 | INFO | Training epoch 1945, Batch 1000/1000: LR=1.19e-06, Loss=1.79e-02 BER=6.97e-03 FER=1.68e-01
2025-10-28 11:22:23,325 | INFO | Epoch 1945 Train Time 27.01023292541504s

2025-10-28 11:22:48,367 | INFO | Training epoch 1946, Batch 1000/1000: LR=1.18e-06, Loss=1.77e-02 BER=6.92e-03 FER=1.66e-01
2025-10-28 11:22:48,408 | INFO | Epoch 1946 Train Time 25.08281922340393s

2025-10-28 11:23:14,253 | INFO | Training epoch 1947, Batch 1000/1000: LR=1.18e-06, Loss=1.79e-02 BER=6.98e-03 FER=1.66e-01
2025-10-28 11:23:14,306 | INFO | Epoch 1947 Train Time 25.89726686477661s

2025-10-28 11:23:39,534 | INFO | Training epoch 1948, Batch 1000/1000: LR=1.17e-06, Loss=1.77e-02 BER=6.91e-03 FER=1.66e-01
2025-10-28 11:23:39,574 | INFO | Epoch 1948 Train Time 25.26721978187561s

2025-10-28 11:24:05,198 | INFO | Training epoch 1949, Batch 1000/1000: LR=1.17e-06, Loss=1.78e-02 BER=6.97e-03 FER=1.67e-01
2025-10-28 11:24:05,243 | INFO | Epoch 1949 Train Time 25.668851852416992s

2025-10-28 11:24:32,239 | INFO | Training epoch 1950, Batch 1000/1000: LR=1.16e-06, Loss=1.77e-02 BER=6.90e-03 FER=1.66e-01
2025-10-28 11:24:32,293 | INFO | Epoch 1950 Train Time 27.049488067626953s

2025-10-28 11:24:58,970 | INFO | Training epoch 1951, Batch 1000/1000: LR=1.15e-06, Loss=1.79e-02 BER=6.99e-03 FER=1.67e-01
2025-10-28 11:24:59,019 | INFO | Epoch 1951 Train Time 26.725017070770264s

2025-10-28 11:25:26,305 | INFO | Training epoch 1952, Batch 1000/1000: LR=1.15e-06, Loss=1.79e-02 BER=6.99e-03 FER=1.68e-01
2025-10-28 11:25:26,354 | INFO | Epoch 1952 Train Time 27.33414626121521s

2025-10-28 11:25:52,386 | INFO | Training epoch 1953, Batch 1000/1000: LR=1.14e-06, Loss=1.78e-02 BER=6.92e-03 FER=1.66e-01
2025-10-28 11:25:52,436 | INFO | Epoch 1953 Train Time 26.080114364624023s

2025-10-28 11:26:18,991 | INFO | Training epoch 1954, Batch 1000/1000: LR=1.13e-06, Loss=1.81e-02 BER=7.05e-03 FER=1.69e-01
2025-10-28 11:26:19,033 | INFO | Epoch 1954 Train Time 26.59656572341919s

2025-10-28 11:26:45,335 | INFO | Training epoch 1955, Batch 1000/1000: LR=1.13e-06, Loss=1.77e-02 BER=6.91e-03 FER=1.66e-01
2025-10-28 11:26:45,375 | INFO | Epoch 1955 Train Time 26.341240882873535s

2025-10-28 11:27:12,441 | INFO | Training epoch 1956, Batch 1000/1000: LR=1.12e-06, Loss=1.79e-02 BER=7.00e-03 FER=1.68e-01
2025-10-28 11:27:12,492 | INFO | Epoch 1956 Train Time 27.116828441619873s

2025-10-28 11:27:38,892 | INFO | Training epoch 1957, Batch 1000/1000: LR=1.12e-06, Loss=1.78e-02 BER=6.94e-03 FER=1.67e-01
2025-10-28 11:27:38,937 | INFO | Epoch 1957 Train Time 26.44430375099182s

2025-10-28 11:28:05,686 | INFO | Training epoch 1958, Batch 1000/1000: LR=1.11e-06, Loss=1.78e-02 BER=6.95e-03 FER=1.66e-01
2025-10-28 11:28:05,732 | INFO | Epoch 1958 Train Time 26.7942373752594s

2025-10-28 11:28:30,439 | INFO | Training epoch 1959, Batch 1000/1000: LR=1.11e-06, Loss=1.79e-02 BER=7.00e-03 FER=1.67e-01
2025-10-28 11:28:30,480 | INFO | Epoch 1959 Train Time 24.746721267700195s

2025-10-28 11:28:58,267 | INFO | Training epoch 1960, Batch 1000/1000: LR=1.10e-06, Loss=1.76e-02 BER=6.89e-03 FER=1.65e-01
2025-10-28 11:28:58,313 | INFO | Epoch 1960 Train Time 27.83258080482483s

2025-10-28 11:29:24,277 | INFO | Training epoch 1961, Batch 1000/1000: LR=1.10e-06, Loss=1.78e-02 BER=6.95e-03 FER=1.66e-01
2025-10-28 11:29:24,328 | INFO | Epoch 1961 Train Time 26.014599561691284s

2025-10-28 11:29:50,398 | INFO | Training epoch 1962, Batch 1000/1000: LR=1.09e-06, Loss=1.79e-02 BER=6.93e-03 FER=1.68e-01
2025-10-28 11:29:50,447 | INFO | Epoch 1962 Train Time 26.118414878845215s

2025-10-28 11:30:17,035 | INFO | Training epoch 1963, Batch 1000/1000: LR=1.09e-06, Loss=1.80e-02 BER=7.05e-03 FER=1.69e-01
2025-10-28 11:30:17,081 | INFO | Epoch 1963 Train Time 26.63352632522583s

2025-10-28 11:30:44,046 | INFO | Training epoch 1964, Batch 1000/1000: LR=1.08e-06, Loss=1.80e-02 BER=6.96e-03 FER=1.68e-01
2025-10-28 11:30:44,087 | INFO | Epoch 1964 Train Time 27.005375146865845s

2025-10-28 11:31:10,685 | INFO | Training epoch 1965, Batch 1000/1000: LR=1.08e-06, Loss=1.76e-02 BER=6.84e-03 FER=1.65e-01
2025-10-28 11:31:10,727 | INFO | Epoch 1965 Train Time 26.639384269714355s

2025-10-28 11:31:37,566 | INFO | Training epoch 1966, Batch 1000/1000: LR=1.07e-06, Loss=1.80e-02 BER=7.02e-03 FER=1.69e-01
2025-10-28 11:31:37,602 | INFO | Epoch 1966 Train Time 26.873637676239014s

2025-10-28 11:32:03,239 | INFO | Training epoch 1967, Batch 1000/1000: LR=1.07e-06, Loss=1.80e-02 BER=7.04e-03 FER=1.69e-01
2025-10-28 11:32:03,292 | INFO | Epoch 1967 Train Time 25.689677476882935s

2025-10-28 11:32:29,098 | INFO | Training epoch 1968, Batch 1000/1000: LR=1.07e-06, Loss=1.78e-02 BER=6.94e-03 FER=1.66e-01
2025-10-28 11:32:29,146 | INFO | Epoch 1968 Train Time 25.85383629798889s

2025-10-28 11:32:56,191 | INFO | Training epoch 1969, Batch 1000/1000: LR=1.06e-06, Loss=1.79e-02 BER=6.97e-03 FER=1.68e-01
2025-10-28 11:32:56,233 | INFO | Epoch 1969 Train Time 27.08617091178894s

2025-10-28 11:33:23,324 | INFO | Training epoch 1970, Batch 1000/1000: LR=1.06e-06, Loss=1.76e-02 BER=6.86e-03 FER=1.65e-01
2025-10-28 11:33:23,371 | INFO | Epoch 1970 Train Time 27.137104272842407s

2025-10-28 11:33:49,191 | INFO | Training epoch 1971, Batch 1000/1000: LR=1.05e-06, Loss=1.80e-02 BER=7.00e-03 FER=1.68e-01
2025-10-28 11:33:49,247 | INFO | Epoch 1971 Train Time 25.875211477279663s

2025-10-28 11:34:14,953 | INFO | Training epoch 1972, Batch 1000/1000: LR=1.05e-06, Loss=1.78e-02 BER=6.95e-03 FER=1.67e-01
2025-10-28 11:34:14,996 | INFO | Epoch 1972 Train Time 25.74921751022339s

2025-10-28 11:34:39,927 | INFO | Training epoch 1973, Batch 1000/1000: LR=1.05e-06, Loss=1.80e-02 BER=7.00e-03 FER=1.68e-01
2025-10-28 11:34:39,981 | INFO | Epoch 1973 Train Time 24.984058141708374s

2025-10-28 11:35:06,774 | INFO | Training epoch 1974, Batch 1000/1000: LR=1.04e-06, Loss=1.80e-02 BER=7.04e-03 FER=1.69e-01
2025-10-28 11:35:06,817 | INFO | Epoch 1974 Train Time 26.83436942100525s

2025-10-28 11:35:33,399 | INFO | Training epoch 1975, Batch 1000/1000: LR=1.04e-06, Loss=1.79e-02 BER=7.00e-03 FER=1.67e-01
2025-10-28 11:35:33,436 | INFO | Epoch 1975 Train Time 26.619299173355103s

2025-10-28 11:35:59,690 | INFO | Training epoch 1976, Batch 1000/1000: LR=1.04e-06, Loss=1.78e-02 BER=6.98e-03 FER=1.66e-01
2025-10-28 11:35:59,733 | INFO | Epoch 1976 Train Time 26.295884132385254s

2025-10-28 11:36:26,279 | INFO | Training epoch 1977, Batch 1000/1000: LR=1.04e-06, Loss=1.78e-02 BER=6.98e-03 FER=1.67e-01
2025-10-28 11:36:26,323 | INFO | Epoch 1977 Train Time 26.589476346969604s

2025-10-28 11:36:51,909 | INFO | Training epoch 1978, Batch 1000/1000: LR=1.03e-06, Loss=1.79e-02 BER=6.97e-03 FER=1.68e-01
2025-10-28 11:36:51,963 | INFO | Epoch 1978 Train Time 25.639076709747314s

2025-10-28 11:37:17,765 | INFO | Training epoch 1979, Batch 1000/1000: LR=1.03e-06, Loss=1.79e-02 BER=6.97e-03 FER=1.68e-01
2025-10-28 11:37:17,819 | INFO | Epoch 1979 Train Time 25.855111598968506s

2025-10-28 11:37:42,641 | INFO | Training epoch 1980, Batch 1000/1000: LR=1.03e-06, Loss=1.77e-02 BER=6.88e-03 FER=1.65e-01
2025-10-28 11:37:42,693 | INFO | Epoch 1980 Train Time 24.87262225151062s

2025-10-28 11:38:08,404 | INFO | Training epoch 1981, Batch 1000/1000: LR=1.02e-06, Loss=1.79e-02 BER=6.99e-03 FER=1.68e-01
2025-10-28 11:38:08,457 | INFO | Epoch 1981 Train Time 25.763917207717896s

2025-10-28 11:38:35,086 | INFO | Training epoch 1982, Batch 1000/1000: LR=1.02e-06, Loss=1.78e-02 BER=6.95e-03 FER=1.67e-01
2025-10-28 11:38:35,138 | INFO | Epoch 1982 Train Time 26.679731369018555s

2025-10-28 11:39:01,609 | INFO | Training epoch 1983, Batch 1000/1000: LR=1.02e-06, Loss=1.78e-02 BER=6.96e-03 FER=1.67e-01
2025-10-28 11:39:01,656 | INFO | Epoch 1983 Train Time 26.51717710494995s

2025-10-28 11:39:26,251 | INFO | Training epoch 1984, Batch 1000/1000: LR=1.02e-06, Loss=1.80e-02 BER=7.03e-03 FER=1.69e-01
2025-10-28 11:39:26,307 | INFO | Epoch 1984 Train Time 24.650425910949707s

2025-10-28 11:39:52,048 | INFO | Training epoch 1985, Batch 1000/1000: LR=1.02e-06, Loss=1.79e-02 BER=6.98e-03 FER=1.67e-01
2025-10-28 11:39:52,089 | INFO | Epoch 1985 Train Time 25.782182455062866s

2025-10-28 11:40:16,572 | INFO | Training epoch 1986, Batch 1000/1000: LR=1.01e-06, Loss=1.79e-02 BER=6.95e-03 FER=1.67e-01
2025-10-28 11:40:16,622 | INFO | Epoch 1986 Train Time 24.53179097175598s

2025-10-28 11:40:42,344 | INFO | Training epoch 1987, Batch 1000/1000: LR=1.01e-06, Loss=1.78e-02 BER=6.96e-03 FER=1.67e-01
2025-10-28 11:40:42,397 | INFO | Epoch 1987 Train Time 25.774362087249756s

2025-10-28 11:41:08,248 | INFO | Training epoch 1988, Batch 1000/1000: LR=1.01e-06, Loss=1.78e-02 BER=6.94e-03 FER=1.66e-01
2025-10-28 11:41:08,294 | INFO | Epoch 1988 Train Time 25.897050380706787s

2025-10-28 11:41:34,135 | INFO | Training epoch 1989, Batch 1000/1000: LR=1.01e-06, Loss=1.78e-02 BER=6.92e-03 FER=1.66e-01
2025-10-28 11:41:34,185 | INFO | Epoch 1989 Train Time 25.889801025390625s

2025-10-28 11:41:59,482 | INFO | Training epoch 1990, Batch 1000/1000: LR=1.01e-06, Loss=1.78e-02 BER=6.91e-03 FER=1.67e-01
2025-10-28 11:41:59,540 | INFO | Epoch 1990 Train Time 25.355050563812256s

2025-10-28 11:42:26,864 | INFO | Training epoch 1991, Batch 1000/1000: LR=1.01e-06, Loss=1.77e-02 BER=6.89e-03 FER=1.65e-01
2025-10-28 11:42:26,922 | INFO | Epoch 1991 Train Time 27.381133556365967s

2025-10-28 11:42:52,538 | INFO | Training epoch 1992, Batch 1000/1000: LR=1.00e-06, Loss=1.79e-02 BER=7.00e-03 FER=1.67e-01
2025-10-28 11:42:52,583 | INFO | Epoch 1992 Train Time 25.65922713279724s

2025-10-28 11:43:19,841 | INFO | Training epoch 1993, Batch 1000/1000: LR=1.00e-06, Loss=1.80e-02 BER=7.03e-03 FER=1.68e-01
2025-10-28 11:43:19,885 | INFO | Epoch 1993 Train Time 27.301894187927246s

2025-10-28 11:43:46,557 | INFO | Training epoch 1994, Batch 1000/1000: LR=1.00e-06, Loss=1.78e-02 BER=6.92e-03 FER=1.67e-01
2025-10-28 11:43:46,617 | INFO | Epoch 1994 Train Time 26.731135368347168s

2025-10-28 11:44:12,752 | INFO | Training epoch 1995, Batch 1000/1000: LR=1.00e-06, Loss=1.78e-02 BER=6.97e-03 FER=1.68e-01
2025-10-28 11:44:12,801 | INFO | Epoch 1995 Train Time 26.18262267112732s

2025-10-28 11:44:39,287 | INFO | Training epoch 1996, Batch 1000/1000: LR=1.00e-06, Loss=1.75e-02 BER=6.83e-03 FER=1.65e-01
2025-10-28 11:44:39,332 | INFO | Epoch 1996 Train Time 26.53110957145691s

2025-10-28 11:45:05,287 | INFO | Training epoch 1997, Batch 1000/1000: LR=1.00e-06, Loss=1.78e-02 BER=6.99e-03 FER=1.67e-01
2025-10-28 11:45:05,332 | INFO | Epoch 1997 Train Time 25.99957585334778s

2025-10-28 11:45:31,956 | INFO | Training epoch 1998, Batch 1000/1000: LR=1.00e-06, Loss=1.78e-02 BER=6.97e-03 FER=1.67e-01
2025-10-28 11:45:32,008 | INFO | Epoch 1998 Train Time 26.674713134765625s

2025-10-28 11:45:58,896 | INFO | Training epoch 1999, Batch 1000/1000: LR=1.00e-06, Loss=1.77e-02 BER=6.91e-03 FER=1.66e-01
2025-10-28 11:45:58,936 | INFO | Epoch 1999 Train Time 26.92813801765442s

2025-10-28 11:46:27,003 | INFO | Training epoch 2000, Batch 1000/1000: LR=1.00e-06, Loss=1.80e-02 BER=7.03e-03 FER=1.68e-01
2025-10-28 11:46:27,058 | INFO | Epoch 2000 Train Time 28.12072777748108s

2025-10-28 11:46:27,064 | INFO | Checkpoint saved: runs/20251027_162203/stage2_qat__BCH_n63_k51__Ndec2_d32_h8.pth
2025-10-28 11:46:27,069 | INFO | Checkpoint saved: runs/20251027_162203/stage2_qat__BCH_n63_k51__Ndec2_d32_h8__e2000_loss0.017993.pth
2025-10-28 11:46:27,555 | INFO | Loaded checkpoint: runs/20251027_162203/stage2_qat__BCH_n63_k51__Ndec2_d32_h8.pth (strict=False)
2025-10-28 11:46:27,563 | INFO | Checkpoint saved: runs/20251027_162203/stage2_infer_frozen__BCH_n63_k51__Ndec2_d32_h8__e1941_loss0.017464.pth
2025-10-28 11:46:32,802 | INFO | FER count threshold reached for EbN0:4
2025-10-28 11:46:32,896 | INFO | Test EbN0=4, BER=1.07e-02
2025-10-28 11:46:37,570 | INFO | FER count threshold reached for EbN0:5
2025-10-28 11:46:37,626 | INFO | Test EbN0=5, BER=2.52e-03
2025-10-28 11:46:42,116 | INFO | FER count threshold reached for EbN0:6
2025-10-28 11:46:42,207 | INFO | Test EbN0=6, BER=3.33e-04
2025-10-28 11:46:42,207 | INFO | 
Test Loss 4: 2.7343e-02 5: 6.7966e-03 6: 1.0099e-03
2025-10-28 11:46:42,207 | INFO | Test FER 4: 2.7076e-01 5: 7.9769e-02 6: 1.3064e-02
2025-10-28 11:46:42,207 | INFO | Test BER 4: 1.0741e-02 5: 2.5238e-03 6: 3.3296e-04
2025-10-28 11:46:42,207 | INFO | Test -ln(BER) 4: 4.5337e+00 5: 5.9820e+00 6: 8.0075e+00
2025-10-28 11:46:42,207 | INFO | # of testing samples: [100352.0, 100352.0, 100352.0]
 Test Time 14.643332242965698 s

2025-10-28 11:46:42,210 | INFO | Done.
