2025-10-25 08:06:11,364 | INFO | Device: cuda
2025-10-25 08:06:12,525 | INFO | Loaded checkpoint: runs/POLAR_n64_k48__Ndec6_d128_h8/stage1_fp32__POLAR_n64_k48__Ndec6_d128_h8__e1000_loss0.004880.pth (strict=True)
2025-10-25 08:06:49,298 | INFO | Training epoch 1, Batch 1000/1000: LR=1.00e-04, Loss=5.47e-03 BER=1.97e-03 FER=4.12e-02
2025-10-25 08:06:49,342 | INFO | Epoch 1 Train Time 36.815104484558105s

2025-10-25 08:06:49,344 | INFO | [P1] saving best_model with loss 0.005474 at epoch 1
2025-10-25 08:07:26,324 | INFO | Training epoch 2, Batch 1000/1000: LR=1.00e-04, Loss=5.37e-03 BER=1.94e-03 FER=4.04e-02
2025-10-25 08:07:26,408 | INFO | Epoch 2 Train Time 37.01431679725647s

2025-10-25 08:07:26,409 | INFO | [P1] saving best_model with loss 0.005374 at epoch 2
2025-10-25 08:08:03,323 | INFO | Training epoch 3, Batch 1000/1000: LR=1.00e-04, Loss=5.50e-03 BER=1.96e-03 FER=4.18e-02
2025-10-25 08:08:03,408 | INFO | Epoch 3 Train Time 36.942261934280396s

2025-10-25 08:08:39,927 | INFO | Training epoch 4, Batch 1000/1000: LR=1.00e-04, Loss=5.43e-03 BER=1.95e-03 FER=4.08e-02
2025-10-25 08:08:39,996 | INFO | Epoch 4 Train Time 36.58666276931763s

2025-10-25 08:09:16,867 | INFO | Training epoch 5, Batch 1000/1000: LR=1.00e-04, Loss=5.55e-03 BER=1.98e-03 FER=4.14e-02
2025-10-25 08:09:16,959 | INFO | Epoch 5 Train Time 36.961355209350586s

2025-10-25 08:09:52,834 | INFO | Training epoch 6, Batch 1000/1000: LR=1.00e-04, Loss=5.49e-03 BER=1.99e-03 FER=4.20e-02
2025-10-25 08:09:52,905 | INFO | Epoch 6 Train Time 35.94512963294983s

2025-10-25 08:10:30,032 | INFO | Training epoch 7, Batch 1000/1000: LR=1.00e-04, Loss=5.50e-03 BER=1.98e-03 FER=4.15e-02
2025-10-25 08:10:30,096 | INFO | Epoch 7 Train Time 37.18998980522156s

2025-10-25 08:11:07,320 | INFO | Training epoch 8, Batch 1000/1000: LR=1.00e-04, Loss=5.56e-03 BER=1.99e-03 FER=4.15e-02
2025-10-25 08:11:07,396 | INFO | Epoch 8 Train Time 37.29755520820618s

2025-10-25 08:11:44,136 | INFO | Training epoch 9, Batch 1000/1000: LR=1.00e-04, Loss=5.55e-03 BER=2.00e-03 FER=4.18e-02
2025-10-25 08:11:44,210 | INFO | Epoch 9 Train Time 36.812610149383545s

2025-10-25 08:12:21,312 | INFO | Training epoch 10, Batch 1000/1000: LR=1.00e-04, Loss=5.62e-03 BER=1.99e-03 FER=4.13e-02
2025-10-25 08:12:21,396 | INFO | Epoch 10 Train Time 37.1850643157959s

2025-10-25 08:12:58,132 | INFO | Training epoch 11, Batch 1000/1000: LR=1.00e-04, Loss=5.46e-03 BER=1.95e-03 FER=4.12e-02
2025-10-25 08:12:58,209 | INFO | Epoch 11 Train Time 36.81223392486572s

2025-10-25 08:13:34,934 | INFO | Training epoch 12, Batch 1000/1000: LR=1.00e-04, Loss=5.47e-03 BER=1.96e-03 FER=4.12e-02
2025-10-25 08:13:35,025 | INFO | Epoch 12 Train Time 36.81316328048706s

2025-10-25 08:14:11,535 | INFO | Training epoch 13, Batch 1000/1000: LR=1.00e-04, Loss=5.55e-03 BER=2.00e-03 FER=4.16e-02
2025-10-25 08:14:11,627 | INFO | Epoch 13 Train Time 36.60095715522766s

2025-10-25 08:14:48,428 | INFO | Training epoch 14, Batch 1000/1000: LR=1.00e-04, Loss=5.51e-03 BER=1.99e-03 FER=4.12e-02
2025-10-25 08:14:48,531 | INFO | Epoch 14 Train Time 36.90192937850952s

2025-10-25 08:15:25,428 | INFO | Training epoch 15, Batch 1000/1000: LR=1.00e-04, Loss=5.65e-03 BER=2.03e-03 FER=4.18e-02
2025-10-25 08:15:25,522 | INFO | Epoch 15 Train Time 36.98907423019409s

2025-10-25 08:16:02,318 | INFO | Training epoch 16, Batch 1000/1000: LR=9.99e-05, Loss=5.62e-03 BER=2.01e-03 FER=4.17e-02
2025-10-25 08:16:02,399 | INFO | Epoch 16 Train Time 36.8758590221405s

2025-10-25 08:16:38,923 | INFO | Training epoch 17, Batch 1000/1000: LR=9.99e-05, Loss=5.51e-03 BER=1.96e-03 FER=4.16e-02
2025-10-25 08:16:39,021 | INFO | Epoch 17 Train Time 36.62168741226196s

2025-10-25 08:17:15,353 | INFO | Training epoch 18, Batch 1000/1000: LR=9.99e-05, Loss=5.49e-03 BER=1.98e-03 FER=4.12e-02
2025-10-25 08:17:15,424 | INFO | Epoch 18 Train Time 36.40176701545715s

2025-10-25 08:17:51,762 | INFO | Training epoch 19, Batch 1000/1000: LR=9.99e-05, Loss=5.62e-03 BER=2.03e-03 FER=4.25e-02
2025-10-25 08:17:51,850 | INFO | Epoch 19 Train Time 36.423755168914795s

2025-10-25 08:18:28,836 | INFO | Training epoch 20, Batch 1000/1000: LR=9.99e-05, Loss=5.66e-03 BER=2.05e-03 FER=4.25e-02
2025-10-25 08:18:28,911 | INFO | Epoch 20 Train Time 37.0584990978241s

2025-10-25 08:19:06,013 | INFO | Training epoch 21, Batch 1000/1000: LR=9.99e-05, Loss=5.43e-03 BER=1.96e-03 FER=4.08e-02
2025-10-25 08:19:06,087 | INFO | Epoch 21 Train Time 37.173563957214355s

2025-10-25 08:19:42,120 | INFO | Training epoch 22, Batch 1000/1000: LR=9.99e-05, Loss=5.51e-03 BER=1.99e-03 FER=4.15e-02
2025-10-25 08:19:42,204 | INFO | Epoch 22 Train Time 36.11347675323486s

2025-10-25 08:20:19,475 | INFO | Training epoch 23, Batch 1000/1000: LR=9.99e-05, Loss=5.40e-03 BER=1.95e-03 FER=4.04e-02
2025-10-25 08:20:19,563 | INFO | Epoch 23 Train Time 37.35665941238403s

2025-10-25 08:20:59,561 | INFO | Training epoch 24, Batch 1000/1000: LR=9.99e-05, Loss=5.57e-03 BER=2.00e-03 FER=4.13e-02
2025-10-25 08:20:59,669 | INFO | Epoch 24 Train Time 40.1047306060791s

2025-10-25 08:21:39,566 | INFO | Training epoch 25, Batch 1000/1000: LR=9.99e-05, Loss=5.54e-03 BER=2.01e-03 FER=4.20e-02
2025-10-25 08:21:39,663 | INFO | Epoch 25 Train Time 39.99214434623718s

2025-10-25 08:22:18,987 | INFO | Training epoch 26, Batch 1000/1000: LR=9.98e-05, Loss=5.67e-03 BER=2.07e-03 FER=4.25e-02
2025-10-25 08:22:19,071 | INFO | Epoch 26 Train Time 39.40715837478638s

2025-10-25 08:22:58,464 | INFO | Training epoch 27, Batch 1000/1000: LR=9.98e-05, Loss=5.54e-03 BER=1.98e-03 FER=4.10e-02
2025-10-25 08:22:58,564 | INFO | Epoch 27 Train Time 39.491307497024536s

2025-10-25 08:23:38,849 | INFO | Training epoch 28, Batch 1000/1000: LR=9.98e-05, Loss=5.48e-03 BER=1.97e-03 FER=4.16e-02
2025-10-25 08:23:38,937 | INFO | Epoch 28 Train Time 40.370314598083496s

2025-10-25 08:24:18,272 | INFO | Training epoch 29, Batch 1000/1000: LR=9.98e-05, Loss=5.59e-03 BER=1.99e-03 FER=4.18e-02
2025-10-25 08:24:18,352 | INFO | Epoch 29 Train Time 39.41317939758301s

2025-10-25 08:24:57,777 | INFO | Training epoch 30, Batch 1000/1000: LR=9.98e-05, Loss=5.66e-03 BER=2.05e-03 FER=4.28e-02
2025-10-25 08:24:57,863 | INFO | Epoch 30 Train Time 39.50874876976013s

2025-10-25 08:25:37,471 | INFO | Training epoch 31, Batch 1000/1000: LR=9.98e-05, Loss=5.51e-03 BER=1.99e-03 FER=4.18e-02
2025-10-25 08:25:37,560 | INFO | Epoch 31 Train Time 39.695072412490845s

2025-10-25 08:26:17,064 | INFO | Training epoch 32, Batch 1000/1000: LR=9.98e-05, Loss=5.42e-03 BER=1.95e-03 FER=4.11e-02
2025-10-25 08:26:17,138 | INFO | Epoch 32 Train Time 39.57560467720032s

2025-10-25 08:26:56,777 | INFO | Training epoch 33, Batch 1000/1000: LR=9.98e-05, Loss=5.49e-03 BER=1.97e-03 FER=4.11e-02
2025-10-25 08:26:56,868 | INFO | Epoch 33 Train Time 39.728638887405396s

2025-10-25 08:27:36,254 | INFO | Training epoch 34, Batch 1000/1000: LR=9.97e-05, Loss=5.56e-03 BER=2.00e-03 FER=4.23e-02
2025-10-25 08:27:36,338 | INFO | Epoch 34 Train Time 39.46902871131897s

2025-10-25 08:28:16,272 | INFO | Training epoch 35, Batch 1000/1000: LR=9.97e-05, Loss=5.59e-03 BER=2.02e-03 FER=4.20e-02
2025-10-25 08:28:16,366 | INFO | Epoch 35 Train Time 40.02669382095337s

2025-10-25 08:28:56,161 | INFO | Training epoch 36, Batch 1000/1000: LR=9.97e-05, Loss=5.42e-03 BER=1.96e-03 FER=4.11e-02
2025-10-25 08:28:56,265 | INFO | Epoch 36 Train Time 39.89478635787964s

2025-10-25 08:29:35,960 | INFO | Training epoch 37, Batch 1000/1000: LR=9.97e-05, Loss=5.46e-03 BER=1.97e-03 FER=4.17e-02
2025-10-25 08:29:36,048 | INFO | Epoch 37 Train Time 39.78247857093811s

2025-10-25 08:30:15,874 | INFO | Training epoch 38, Batch 1000/1000: LR=9.97e-05, Loss=5.41e-03 BER=1.94e-03 FER=4.04e-02
2025-10-25 08:30:15,966 | INFO | Epoch 38 Train Time 39.91555738449097s

2025-10-25 08:30:55,772 | INFO | Training epoch 39, Batch 1000/1000: LR=9.96e-05, Loss=5.57e-03 BER=2.02e-03 FER=4.19e-02
2025-10-25 08:30:55,850 | INFO | Epoch 39 Train Time 39.88173007965088s

2025-10-25 08:31:35,659 | INFO | Training epoch 40, Batch 1000/1000: LR=9.96e-05, Loss=5.42e-03 BER=1.95e-03 FER=4.04e-02
2025-10-25 08:31:35,753 | INFO | Epoch 40 Train Time 39.9020357131958s

2025-10-25 08:32:15,359 | INFO | Training epoch 41, Batch 1000/1000: LR=9.96e-05, Loss=5.61e-03 BER=2.02e-03 FER=4.22e-02
2025-10-25 08:32:15,450 | INFO | Epoch 41 Train Time 39.6945903301239s

2025-10-25 08:32:54,967 | INFO | Training epoch 42, Batch 1000/1000: LR=9.96e-05, Loss=5.46e-03 BER=1.96e-03 FER=4.12e-02
2025-10-25 08:32:55,052 | INFO | Epoch 42 Train Time 39.600223541259766s

2025-10-25 08:33:34,032 | INFO | Training epoch 43, Batch 1000/1000: LR=9.96e-05, Loss=5.55e-03 BER=1.98e-03 FER=4.05e-02
2025-10-25 08:33:34,124 | INFO | Epoch 43 Train Time 39.070154905319214s

2025-10-25 08:34:14,270 | INFO | Training epoch 44, Batch 1000/1000: LR=9.95e-05, Loss=5.51e-03 BER=1.98e-03 FER=4.20e-02
2025-10-25 08:34:14,352 | INFO | Epoch 44 Train Time 40.22630596160889s

2025-10-25 08:34:54,093 | INFO | Training epoch 45, Batch 1000/1000: LR=9.95e-05, Loss=5.64e-03 BER=2.01e-03 FER=4.19e-02
2025-10-25 08:34:54,169 | INFO | Epoch 45 Train Time 39.81491684913635s

2025-10-25 08:35:33,687 | INFO | Training epoch 46, Batch 1000/1000: LR=9.95e-05, Loss=5.58e-03 BER=1.99e-03 FER=4.14e-02
2025-10-25 08:35:33,790 | INFO | Epoch 46 Train Time 39.619179248809814s

2025-10-25 08:36:13,472 | INFO | Training epoch 47, Batch 1000/1000: LR=9.95e-05, Loss=5.49e-03 BER=1.96e-03 FER=4.08e-02
2025-10-25 08:36:13,561 | INFO | Epoch 47 Train Time 39.77021837234497s

2025-10-25 08:36:53,510 | INFO | Training epoch 48, Batch 1000/1000: LR=9.95e-05, Loss=5.61e-03 BER=2.02e-03 FER=4.13e-02
2025-10-25 08:36:53,592 | INFO | Epoch 48 Train Time 40.02922964096069s

2025-10-25 08:37:33,882 | INFO | Training epoch 49, Batch 1000/1000: LR=9.94e-05, Loss=5.38e-03 BER=1.93e-03 FER=4.09e-02
2025-10-25 08:37:33,985 | INFO | Epoch 49 Train Time 40.3897168636322s

2025-10-25 08:38:13,419 | INFO | Training epoch 50, Batch 1000/1000: LR=9.94e-05, Loss=5.32e-03 BER=1.91e-03 FER=4.02e-02
2025-10-25 08:38:13,497 | INFO | Epoch 50 Train Time 39.51078510284424s

2025-10-25 08:38:13,498 | INFO | [P1] saving best_model with loss 0.005319 at epoch 50
2025-10-25 08:38:53,469 | INFO | Training epoch 51, Batch 1000/1000: LR=9.94e-05, Loss=5.45e-03 BER=1.97e-03 FER=4.07e-02
2025-10-25 08:38:53,553 | INFO | Epoch 51 Train Time 39.97696399688721s

2025-10-25 08:39:33,458 | INFO | Training epoch 52, Batch 1000/1000: LR=9.94e-05, Loss=5.51e-03 BER=1.98e-03 FER=4.12e-02
2025-10-25 08:39:33,556 | INFO | Epoch 52 Train Time 40.00051689147949s

2025-10-25 08:40:13,269 | INFO | Training epoch 53, Batch 1000/1000: LR=9.93e-05, Loss=5.47e-03 BER=1.95e-03 FER=4.06e-02
2025-10-25 08:40:13,365 | INFO | Epoch 53 Train Time 39.80808925628662s

2025-10-25 08:40:53,083 | INFO | Training epoch 54, Batch 1000/1000: LR=9.93e-05, Loss=5.50e-03 BER=1.97e-03 FER=4.13e-02
2025-10-25 08:40:53,180 | INFO | Epoch 54 Train Time 39.81197428703308s

2025-10-25 08:41:33,035 | INFO | Training epoch 55, Batch 1000/1000: LR=9.93e-05, Loss=5.57e-03 BER=2.02e-03 FER=4.26e-02
2025-10-25 08:41:33,119 | INFO | Epoch 55 Train Time 39.93681192398071s

2025-10-25 08:42:12,677 | INFO | Training epoch 56, Batch 1000/1000: LR=9.93e-05, Loss=5.56e-03 BER=2.00e-03 FER=4.14e-02
2025-10-25 08:42:12,766 | INFO | Epoch 56 Train Time 39.64506959915161s

2025-10-25 08:42:52,784 | INFO | Training epoch 57, Batch 1000/1000: LR=9.92e-05, Loss=5.39e-03 BER=1.95e-03 FER=4.13e-02
2025-10-25 08:42:52,879 | INFO | Epoch 57 Train Time 40.11047959327698s

2025-10-25 08:43:32,359 | INFO | Training epoch 58, Batch 1000/1000: LR=9.92e-05, Loss=5.43e-03 BER=1.95e-03 FER=4.06e-02
2025-10-25 08:43:32,449 | INFO | Epoch 58 Train Time 39.56844449043274s

2025-10-25 08:44:11,775 | INFO | Training epoch 59, Batch 1000/1000: LR=9.92e-05, Loss=5.49e-03 BER=1.98e-03 FER=4.12e-02
2025-10-25 08:44:11,864 | INFO | Epoch 59 Train Time 39.41365075111389s

2025-10-25 08:44:51,367 | INFO | Training epoch 60, Batch 1000/1000: LR=9.92e-05, Loss=5.53e-03 BER=1.99e-03 FER=4.12e-02
2025-10-25 08:44:51,451 | INFO | Epoch 60 Train Time 39.58547067642212s

2025-10-25 08:45:31,386 | INFO | Training epoch 61, Batch 1000/1000: LR=9.91e-05, Loss=5.41e-03 BER=1.96e-03 FER=4.08e-02
2025-10-25 08:45:31,476 | INFO | Epoch 61 Train Time 40.022377014160156s

2025-10-25 08:46:11,183 | INFO | Training epoch 62, Batch 1000/1000: LR=9.91e-05, Loss=5.49e-03 BER=1.99e-03 FER=4.08e-02
2025-10-25 08:46:11,274 | INFO | Epoch 62 Train Time 39.7966628074646s

2025-10-25 08:46:50,751 | INFO | Training epoch 63, Batch 1000/1000: LR=9.91e-05, Loss=5.44e-03 BER=1.95e-03 FER=4.06e-02
2025-10-25 08:46:50,829 | INFO | Epoch 63 Train Time 39.55235528945923s

2025-10-25 08:47:30,644 | INFO | Training epoch 64, Batch 1000/1000: LR=9.90e-05, Loss=5.46e-03 BER=1.97e-03 FER=4.11e-02
2025-10-25 08:47:30,734 | INFO | Epoch 64 Train Time 39.90335988998413s

2025-10-25 08:48:10,156 | INFO | Training epoch 65, Batch 1000/1000: LR=9.90e-05, Loss=5.51e-03 BER=1.98e-03 FER=4.13e-02
2025-10-25 08:48:10,251 | INFO | Epoch 65 Train Time 39.51389813423157s

2025-10-25 08:48:49,754 | INFO | Training epoch 66, Batch 1000/1000: LR=9.90e-05, Loss=5.50e-03 BER=1.99e-03 FER=4.12e-02
2025-10-25 08:48:49,837 | INFO | Epoch 66 Train Time 39.585256814956665s

2025-10-25 08:49:29,472 | INFO | Training epoch 67, Batch 1000/1000: LR=9.89e-05, Loss=5.39e-03 BER=1.94e-03 FER=4.04e-02
2025-10-25 08:49:29,549 | INFO | Epoch 67 Train Time 39.71049928665161s

2025-10-25 08:50:09,100 | INFO | Training epoch 68, Batch 1000/1000: LR=9.89e-05, Loss=5.48e-03 BER=1.96e-03 FER=4.13e-02
2025-10-25 08:50:09,189 | INFO | Epoch 68 Train Time 39.63713479042053s

2025-10-25 08:50:49,187 | INFO | Training epoch 69, Batch 1000/1000: LR=9.89e-05, Loss=5.37e-03 BER=1.95e-03 FER=4.10e-02
2025-10-25 08:50:49,301 | INFO | Epoch 69 Train Time 40.11075043678284s

2025-10-25 08:51:28,762 | INFO | Training epoch 70, Batch 1000/1000: LR=9.88e-05, Loss=5.33e-03 BER=1.95e-03 FER=4.06e-02
2025-10-25 08:51:28,840 | INFO | Epoch 70 Train Time 39.537986278533936s

2025-10-25 08:52:08,565 | INFO | Training epoch 71, Batch 1000/1000: LR=9.88e-05, Loss=5.41e-03 BER=1.93e-03 FER=4.04e-02
2025-10-25 08:52:08,658 | INFO | Epoch 71 Train Time 39.8155403137207s

2025-10-25 08:52:48,060 | INFO | Training epoch 72, Batch 1000/1000: LR=9.88e-05, Loss=5.60e-03 BER=2.03e-03 FER=4.20e-02
2025-10-25 08:52:48,152 | INFO | Epoch 72 Train Time 39.491934299468994s

2025-10-25 08:53:27,863 | INFO | Training epoch 73, Batch 1000/1000: LR=9.87e-05, Loss=5.54e-03 BER=2.01e-03 FER=4.14e-02
2025-10-25 08:53:27,947 | INFO | Epoch 73 Train Time 39.79396939277649s

2025-10-25 08:54:07,460 | INFO | Training epoch 74, Batch 1000/1000: LR=9.87e-05, Loss=5.50e-03 BER=1.95e-03 FER=4.07e-02
2025-10-25 08:54:07,545 | INFO | Epoch 74 Train Time 39.59595727920532s

2025-10-25 08:54:47,260 | INFO | Training epoch 75, Batch 1000/1000: LR=9.87e-05, Loss=5.50e-03 BER=1.97e-03 FER=4.08e-02
2025-10-25 08:54:47,341 | INFO | Epoch 75 Train Time 39.79407358169556s

2025-10-25 08:55:26,995 | INFO | Training epoch 76, Batch 1000/1000: LR=9.86e-05, Loss=5.49e-03 BER=1.97e-03 FER=4.08e-02
2025-10-25 08:55:27,085 | INFO | Epoch 76 Train Time 39.742435455322266s

2025-10-25 08:56:07,169 | INFO | Training epoch 77, Batch 1000/1000: LR=9.86e-05, Loss=5.43e-03 BER=1.99e-03 FER=4.12e-02
2025-10-25 08:56:07,257 | INFO | Epoch 77 Train Time 40.17069625854492s

2025-10-25 08:56:47,009 | INFO | Training epoch 78, Batch 1000/1000: LR=9.86e-05, Loss=5.42e-03 BER=1.94e-03 FER=4.08e-02
2025-10-25 08:56:47,096 | INFO | Epoch 78 Train Time 39.837040424346924s

2025-10-25 08:57:26,992 | INFO | Training epoch 79, Batch 1000/1000: LR=9.85e-05, Loss=5.44e-03 BER=1.95e-03 FER=4.06e-02
2025-10-25 08:57:27,074 | INFO | Epoch 79 Train Time 39.97550964355469s

2025-10-25 08:58:06,953 | INFO | Training epoch 80, Batch 1000/1000: LR=9.85e-05, Loss=5.42e-03 BER=1.97e-03 FER=4.09e-02
2025-10-25 08:58:07,035 | INFO | Epoch 80 Train Time 39.95886015892029s

2025-10-25 08:58:46,560 | INFO | Training epoch 81, Batch 1000/1000: LR=9.84e-05, Loss=5.46e-03 BER=1.95e-03 FER=4.10e-02
2025-10-25 08:58:46,646 | INFO | Epoch 81 Train Time 39.609838247299194s

2025-10-25 08:59:26,055 | INFO | Training epoch 82, Batch 1000/1000: LR=9.84e-05, Loss=5.38e-03 BER=1.92e-03 FER=3.96e-02
2025-10-25 08:59:26,143 | INFO | Epoch 82 Train Time 39.495262145996094s

2025-10-25 09:00:05,870 | INFO | Training epoch 83, Batch 1000/1000: LR=9.84e-05, Loss=5.49e-03 BER=1.98e-03 FER=4.06e-02
2025-10-25 09:00:05,951 | INFO | Epoch 83 Train Time 39.807297468185425s

2025-10-25 09:00:45,279 | INFO | Training epoch 84, Batch 1000/1000: LR=9.83e-05, Loss=5.30e-03 BER=1.91e-03 FER=3.99e-02
2025-10-25 09:00:45,357 | INFO | Epoch 84 Train Time 39.40377640724182s

2025-10-25 09:00:45,357 | INFO | [P1] saving best_model with loss 0.005304 at epoch 84
2025-10-25 09:01:24,665 | INFO | Training epoch 85, Batch 1000/1000: LR=9.83e-05, Loss=5.38e-03 BER=1.95e-03 FER=4.09e-02
2025-10-25 09:01:24,750 | INFO | Epoch 85 Train Time 39.3045654296875s

2025-10-25 09:02:04,372 | INFO | Training epoch 86, Batch 1000/1000: LR=9.82e-05, Loss=5.33e-03 BER=1.93e-03 FER=4.04e-02
2025-10-25 09:02:04,450 | INFO | Epoch 86 Train Time 39.69707536697388s

2025-10-25 09:02:43,963 | INFO | Training epoch 87, Batch 1000/1000: LR=9.82e-05, Loss=5.43e-03 BER=1.94e-03 FER=4.03e-02
2025-10-25 09:02:44,057 | INFO | Epoch 87 Train Time 39.606178760528564s

2025-10-25 09:03:23,468 | INFO | Training epoch 88, Batch 1000/1000: LR=9.82e-05, Loss=5.53e-03 BER=1.99e-03 FER=4.09e-02
2025-10-25 09:03:23,573 | INFO | Epoch 88 Train Time 39.51351046562195s

2025-10-25 09:04:03,773 | INFO | Training epoch 89, Batch 1000/1000: LR=9.81e-05, Loss=5.50e-03 BER=1.98e-03 FER=4.08e-02
2025-10-25 09:04:03,854 | INFO | Epoch 89 Train Time 40.28018403053284s

2025-10-25 09:04:43,338 | INFO | Training epoch 90, Batch 1000/1000: LR=9.81e-05, Loss=5.45e-03 BER=1.95e-03 FER=4.05e-02
2025-10-25 09:04:43,424 | INFO | Epoch 90 Train Time 39.56907606124878s

2025-10-25 09:05:23,165 | INFO | Training epoch 91, Batch 1000/1000: LR=9.80e-05, Loss=5.41e-03 BER=1.94e-03 FER=4.10e-02
2025-10-25 09:05:23,260 | INFO | Epoch 91 Train Time 39.83424925804138s

2025-10-25 09:06:02,973 | INFO | Training epoch 92, Batch 1000/1000: LR=9.80e-05, Loss=5.52e-03 BER=1.96e-03 FER=4.07e-02
2025-10-25 09:06:03,064 | INFO | Epoch 92 Train Time 39.802048444747925s

2025-10-25 09:06:42,777 | INFO | Training epoch 93, Batch 1000/1000: LR=9.79e-05, Loss=5.46e-03 BER=1.94e-03 FER=4.04e-02
2025-10-25 09:06:42,866 | INFO | Epoch 93 Train Time 39.79900074005127s

2025-10-25 09:07:23,369 | INFO | Training epoch 94, Batch 1000/1000: LR=9.79e-05, Loss=5.46e-03 BER=1.95e-03 FER=4.05e-02
2025-10-25 09:07:23,456 | INFO | Epoch 94 Train Time 40.58874750137329s

2025-10-25 09:08:03,363 | INFO | Training epoch 95, Batch 1000/1000: LR=9.79e-05, Loss=5.41e-03 BER=1.93e-03 FER=4.00e-02
2025-10-25 09:08:03,451 | INFO | Epoch 95 Train Time 39.99381971359253s

2025-10-25 09:08:42,853 | INFO | Training epoch 96, Batch 1000/1000: LR=9.78e-05, Loss=5.47e-03 BER=1.94e-03 FER=4.02e-02
2025-10-25 09:08:42,944 | INFO | Epoch 96 Train Time 39.4914276599884s

2025-10-25 09:09:22,462 | INFO | Training epoch 97, Batch 1000/1000: LR=9.78e-05, Loss=5.47e-03 BER=1.97e-03 FER=4.11e-02
2025-10-25 09:09:22,548 | INFO | Epoch 97 Train Time 39.60171341896057s

2025-10-25 09:10:02,560 | INFO | Training epoch 98, Batch 1000/1000: LR=9.77e-05, Loss=5.44e-03 BER=1.95e-03 FER=4.03e-02
2025-10-25 09:10:02,641 | INFO | Epoch 98 Train Time 40.09026741981506s

2025-10-25 09:10:42,354 | INFO | Training epoch 99, Batch 1000/1000: LR=9.77e-05, Loss=5.46e-03 BER=1.95e-03 FER=4.05e-02
2025-10-25 09:10:42,442 | INFO | Epoch 99 Train Time 39.7993905544281s

2025-10-25 09:11:21,857 | INFO | Training epoch 100, Batch 1000/1000: LR=9.76e-05, Loss=5.46e-03 BER=1.96e-03 FER=4.06e-02
2025-10-25 09:11:21,952 | INFO | Epoch 100 Train Time 39.50831389427185s

2025-10-25 09:12:01,656 | INFO | Training epoch 101, Batch 1000/1000: LR=9.76e-05, Loss=5.55e-03 BER=2.01e-03 FER=4.13e-02
2025-10-25 09:12:01,763 | INFO | Epoch 101 Train Time 39.80830717086792s

2025-10-25 09:12:41,555 | INFO | Training epoch 102, Batch 1000/1000: LR=9.75e-05, Loss=5.35e-03 BER=1.92e-03 FER=3.97e-02
2025-10-25 09:12:41,649 | INFO | Epoch 102 Train Time 39.88391828536987s

2025-10-25 09:13:20,971 | INFO | Training epoch 103, Batch 1000/1000: LR=9.75e-05, Loss=5.45e-03 BER=1.94e-03 FER=4.02e-02
2025-10-25 09:13:21,063 | INFO | Epoch 103 Train Time 39.41246294975281s

2025-10-25 09:14:00,769 | INFO | Training epoch 104, Batch 1000/1000: LR=9.74e-05, Loss=5.46e-03 BER=1.96e-03 FER=4.10e-02
2025-10-25 09:14:00,848 | INFO | Epoch 104 Train Time 39.78220081329346s

2025-10-25 09:14:40,257 | INFO | Training epoch 105, Batch 1000/1000: LR=9.74e-05, Loss=5.51e-03 BER=1.98e-03 FER=4.10e-02
2025-10-25 09:14:40,336 | INFO | Epoch 105 Train Time 39.48608756065369s

2025-10-25 09:15:20,369 | INFO | Training epoch 106, Batch 1000/1000: LR=9.73e-05, Loss=5.40e-03 BER=1.95e-03 FER=4.00e-02
2025-10-25 09:15:20,457 | INFO | Epoch 106 Train Time 40.11867380142212s

2025-10-25 09:15:59,162 | INFO | Training epoch 107, Batch 1000/1000: LR=9.73e-05, Loss=5.34e-03 BER=1.92e-03 FER=3.97e-02
2025-10-25 09:15:59,240 | INFO | Epoch 107 Train Time 38.781062841415405s

2025-10-25 09:16:38,298 | INFO | Training epoch 108, Batch 1000/1000: LR=9.72e-05, Loss=5.55e-03 BER=2.00e-03 FER=4.12e-02
2025-10-25 09:16:38,377 | INFO | Epoch 108 Train Time 39.13534212112427s

2025-10-25 09:17:18,453 | INFO | Training epoch 109, Batch 1000/1000: LR=9.72e-05, Loss=5.37e-03 BER=1.94e-03 FER=4.02e-02
2025-10-25 09:17:18,539 | INFO | Epoch 109 Train Time 40.16121745109558s

2025-10-25 09:17:58,486 | INFO | Training epoch 110, Batch 1000/1000: LR=9.71e-05, Loss=5.49e-03 BER=1.98e-03 FER=4.10e-02
2025-10-25 09:17:58,571 | INFO | Epoch 110 Train Time 40.03026008605957s

2025-10-25 09:18:37,441 | INFO | Training epoch 111, Batch 1000/1000: LR=9.71e-05, Loss=5.33e-03 BER=1.90e-03 FER=3.96e-02
2025-10-25 09:18:37,518 | INFO | Epoch 111 Train Time 38.94473695755005s

2025-10-25 09:19:16,985 | INFO | Training epoch 112, Batch 1000/1000: LR=9.70e-05, Loss=5.44e-03 BER=1.95e-03 FER=4.02e-02
2025-10-25 09:19:17,070 | INFO | Epoch 112 Train Time 39.55054974555969s

2025-10-25 09:19:56,461 | INFO | Training epoch 113, Batch 1000/1000: LR=9.70e-05, Loss=5.33e-03 BER=1.93e-03 FER=4.05e-02
2025-10-25 09:19:56,545 | INFO | Epoch 113 Train Time 39.472063302993774s

2025-10-25 09:20:35,978 | INFO | Training epoch 114, Batch 1000/1000: LR=9.69e-05, Loss=5.46e-03 BER=1.97e-03 FER=4.04e-02
2025-10-25 09:20:36,071 | INFO | Epoch 114 Train Time 39.52469849586487s

2025-10-25 09:21:15,476 | INFO | Training epoch 115, Batch 1000/1000: LR=9.69e-05, Loss=5.33e-03 BER=1.92e-03 FER=4.02e-02
2025-10-25 09:21:15,563 | INFO | Epoch 115 Train Time 39.49026107788086s

2025-10-25 09:21:55,479 | INFO | Training epoch 116, Batch 1000/1000: LR=9.68e-05, Loss=5.33e-03 BER=1.90e-03 FER=3.95e-02
2025-10-25 09:21:55,566 | INFO | Epoch 116 Train Time 40.00106191635132s

2025-10-25 09:22:35,492 | INFO | Training epoch 117, Batch 1000/1000: LR=9.67e-05, Loss=5.31e-03 BER=1.91e-03 FER=3.95e-02
2025-10-25 09:22:35,583 | INFO | Epoch 117 Train Time 40.015063762664795s

2025-10-25 09:23:14,970 | INFO | Training epoch 118, Batch 1000/1000: LR=9.67e-05, Loss=5.37e-03 BER=1.92e-03 FER=3.95e-02
2025-10-25 09:23:15,049 | INFO | Epoch 118 Train Time 39.46423673629761s

2025-10-25 09:23:54,885 | INFO | Training epoch 119, Batch 1000/1000: LR=9.66e-05, Loss=5.32e-03 BER=1.92e-03 FER=3.97e-02
2025-10-25 09:23:54,971 | INFO | Epoch 119 Train Time 39.92107534408569s

2025-10-25 09:24:33,563 | INFO | Training epoch 120, Batch 1000/1000: LR=9.66e-05, Loss=5.37e-03 BER=1.95e-03 FER=4.07e-02
2025-10-25 09:24:33,656 | INFO | Epoch 120 Train Time 38.68262457847595s

2025-10-25 09:25:13,092 | INFO | Training epoch 121, Batch 1000/1000: LR=9.65e-05, Loss=5.39e-03 BER=1.95e-03 FER=4.02e-02
2025-10-25 09:25:13,168 | INFO | Epoch 121 Train Time 39.50942897796631s

2025-10-25 09:25:52,696 | INFO | Training epoch 122, Batch 1000/1000: LR=9.65e-05, Loss=5.29e-03 BER=1.89e-03 FER=3.90e-02
2025-10-25 09:25:52,774 | INFO | Epoch 122 Train Time 39.60457682609558s

2025-10-25 09:25:52,774 | INFO | [P1] saving best_model with loss 0.005291 at epoch 122
2025-10-25 09:26:32,563 | INFO | Training epoch 123, Batch 1000/1000: LR=9.64e-05, Loss=5.56e-03 BER=1.96e-03 FER=4.04e-02
2025-10-25 09:26:32,649 | INFO | Epoch 123 Train Time 39.822604179382324s

2025-10-25 09:27:12,272 | INFO | Training epoch 124, Batch 1000/1000: LR=9.64e-05, Loss=5.36e-03 BER=1.92e-03 FER=3.98e-02
2025-10-25 09:27:12,366 | INFO | Epoch 124 Train Time 39.71569466590881s

2025-10-25 09:27:52,569 | INFO | Training epoch 125, Batch 1000/1000: LR=9.63e-05, Loss=5.46e-03 BER=1.96e-03 FER=4.04e-02
2025-10-25 09:27:52,656 | INFO | Epoch 125 Train Time 40.28827238082886s

2025-10-25 09:28:31,263 | INFO | Training epoch 126, Batch 1000/1000: LR=9.62e-05, Loss=5.25e-03 BER=1.88e-03 FER=3.90e-02
2025-10-25 09:28:31,341 | INFO | Epoch 126 Train Time 38.68345284461975s

2025-10-25 09:28:31,342 | INFO | [P1] saving best_model with loss 0.005247 at epoch 126
2025-10-25 09:29:10,875 | INFO | Training epoch 127, Batch 1000/1000: LR=9.62e-05, Loss=5.38e-03 BER=1.92e-03 FER=3.97e-02
2025-10-25 09:29:10,963 | INFO | Epoch 127 Train Time 39.5369336605072s

2025-10-25 09:29:50,649 | INFO | Training epoch 128, Batch 1000/1000: LR=9.61e-05, Loss=5.45e-03 BER=1.97e-03 FER=4.06e-02
2025-10-25 09:29:50,736 | INFO | Epoch 128 Train Time 39.77167892456055s

2025-10-25 09:30:30,461 | INFO | Training epoch 129, Batch 1000/1000: LR=9.61e-05, Loss=5.40e-03 BER=1.94e-03 FER=4.00e-02
2025-10-25 09:30:30,546 | INFO | Epoch 129 Train Time 39.80846929550171s

2025-10-25 09:31:09,672 | INFO | Training epoch 130, Batch 1000/1000: LR=9.60e-05, Loss=5.39e-03 BER=1.93e-03 FER=4.00e-02
2025-10-25 09:31:09,759 | INFO | Epoch 130 Train Time 39.211405754089355s

2025-10-25 09:31:49,162 | INFO | Training epoch 131, Batch 1000/1000: LR=9.59e-05, Loss=5.39e-03 BER=1.94e-03 FER=4.00e-02
2025-10-25 09:31:49,252 | INFO | Epoch 131 Train Time 39.49096179008484s

2025-10-25 09:32:28,993 | INFO | Training epoch 132, Batch 1000/1000: LR=9.59e-05, Loss=5.36e-03 BER=1.92e-03 FER=3.98e-02
2025-10-25 09:32:29,070 | INFO | Epoch 132 Train Time 39.81650185585022s

2025-10-25 09:33:08,883 | INFO | Training epoch 133, Batch 1000/1000: LR=9.58e-05, Loss=5.30e-03 BER=1.89e-03 FER=3.94e-02
2025-10-25 09:33:08,975 | INFO | Epoch 133 Train Time 39.902713775634766s

2025-10-25 09:33:48,664 | INFO | Training epoch 134, Batch 1000/1000: LR=9.57e-05, Loss=5.37e-03 BER=1.91e-03 FER=3.96e-02
2025-10-25 09:33:48,766 | INFO | Epoch 134 Train Time 39.790627241134644s

2025-10-25 09:34:28,452 | INFO | Training epoch 135, Batch 1000/1000: LR=9.57e-05, Loss=5.37e-03 BER=1.93e-03 FER=3.96e-02
2025-10-25 09:34:28,540 | INFO | Epoch 135 Train Time 39.77198004722595s

2025-10-25 09:35:07,557 | INFO | Training epoch 136, Batch 1000/1000: LR=9.56e-05, Loss=5.43e-03 BER=1.94e-03 FER=4.02e-02
2025-10-25 09:35:07,646 | INFO | Epoch 136 Train Time 39.10449957847595s

2025-10-25 09:35:47,382 | INFO | Training epoch 137, Batch 1000/1000: LR=9.56e-05, Loss=5.31e-03 BER=1.92e-03 FER=3.99e-02
2025-10-25 09:35:47,476 | INFO | Epoch 137 Train Time 39.82672190666199s

2025-10-25 09:36:27,068 | INFO | Training epoch 138, Batch 1000/1000: LR=9.55e-05, Loss=5.42e-03 BER=1.93e-03 FER=4.00e-02
2025-10-25 09:36:27,156 | INFO | Epoch 138 Train Time 39.677104234695435s

2025-10-25 09:37:07,156 | INFO | Training epoch 139, Batch 1000/1000: LR=9.54e-05, Loss=5.41e-03 BER=1.93e-03 FER=4.01e-02
2025-10-25 09:37:07,234 | INFO | Epoch 139 Train Time 40.07688045501709s

2025-10-25 09:37:46,767 | INFO | Training epoch 140, Batch 1000/1000: LR=9.54e-05, Loss=5.30e-03 BER=1.91e-03 FER=3.94e-02
2025-10-25 09:37:46,866 | INFO | Epoch 140 Train Time 39.63102889060974s

2025-10-25 09:38:26,572 | INFO | Training epoch 141, Batch 1000/1000: LR=9.53e-05, Loss=5.24e-03 BER=1.86e-03 FER=3.88e-02
2025-10-25 09:38:26,651 | INFO | Epoch 141 Train Time 39.78028416633606s

2025-10-25 09:38:26,652 | INFO | [P1] saving best_model with loss 0.005242 at epoch 141
2025-10-25 09:39:06,662 | INFO | Training epoch 142, Batch 1000/1000: LR=9.52e-05, Loss=5.31e-03 BER=1.90e-03 FER=3.90e-02
2025-10-25 09:39:06,765 | INFO | Epoch 142 Train Time 40.018394470214844s

2025-10-25 09:39:46,668 | INFO | Training epoch 143, Batch 1000/1000: LR=9.52e-05, Loss=5.46e-03 BER=1.97e-03 FER=4.03e-02
2025-10-25 09:39:46,757 | INFO | Epoch 143 Train Time 39.99085307121277s

2025-10-25 09:40:27,081 | INFO | Training epoch 144, Batch 1000/1000: LR=9.51e-05, Loss=5.33e-03 BER=1.91e-03 FER=3.99e-02
2025-10-25 09:40:27,180 | INFO | Epoch 144 Train Time 40.42153763771057s

2025-10-25 09:41:06,782 | INFO | Training epoch 145, Batch 1000/1000: LR=9.50e-05, Loss=5.38e-03 BER=1.94e-03 FER=3.97e-02
2025-10-25 09:41:06,857 | INFO | Epoch 145 Train Time 39.675169944763184s

2025-10-25 09:41:46,670 | INFO | Training epoch 146, Batch 1000/1000: LR=9.50e-05, Loss=5.33e-03 BER=1.91e-03 FER=3.96e-02
2025-10-25 09:41:46,752 | INFO | Epoch 146 Train Time 39.89297008514404s

2025-10-25 09:42:25,479 | INFO | Training epoch 147, Batch 1000/1000: LR=9.49e-05, Loss=5.35e-03 BER=1.95e-03 FER=4.00e-02
2025-10-25 09:42:25,566 | INFO | Epoch 147 Train Time 38.81240963935852s

2025-10-25 09:43:05,525 | INFO | Training epoch 148, Batch 1000/1000: LR=9.48e-05, Loss=5.34e-03 BER=1.91e-03 FER=3.91e-02
2025-10-25 09:43:05,612 | INFO | Epoch 148 Train Time 40.044851303100586s

2025-10-25 09:43:45,367 | INFO | Training epoch 149, Batch 1000/1000: LR=9.47e-05, Loss=5.33e-03 BER=1.93e-03 FER=3.95e-02
2025-10-25 09:43:45,453 | INFO | Epoch 149 Train Time 39.83895397186279s

2025-10-25 09:44:24,968 | INFO | Training epoch 150, Batch 1000/1000: LR=9.47e-05, Loss=5.39e-03 BER=1.95e-03 FER=4.05e-02
2025-10-25 09:44:25,068 | INFO | Epoch 150 Train Time 39.61293625831604s

2025-10-25 09:45:03,764 | INFO | Training epoch 151, Batch 1000/1000: LR=9.46e-05, Loss=5.32e-03 BER=1.90e-03 FER=3.92e-02
2025-10-25 09:45:03,835 | INFO | Epoch 151 Train Time 38.76430583000183s

2025-10-25 09:45:43,402 | INFO | Training epoch 152, Batch 1000/1000: LR=9.45e-05, Loss=5.47e-03 BER=1.96e-03 FER=3.99e-02
2025-10-25 09:45:43,478 | INFO | Epoch 152 Train Time 39.64161205291748s

2025-10-25 09:46:23,481 | INFO | Training epoch 153, Batch 1000/1000: LR=9.45e-05, Loss=5.44e-03 BER=1.96e-03 FER=3.97e-02
2025-10-25 09:46:23,554 | INFO | Epoch 153 Train Time 40.07396054267883s

2025-10-25 09:47:03,265 | INFO | Training epoch 154, Batch 1000/1000: LR=9.44e-05, Loss=5.24e-03 BER=1.90e-03 FER=3.98e-02
2025-10-25 09:47:03,359 | INFO | Epoch 154 Train Time 39.80398225784302s

2025-10-25 09:47:03,360 | INFO | [P1] saving best_model with loss 0.005241 at epoch 154
2025-10-25 09:47:43,049 | INFO | Training epoch 155, Batch 1000/1000: LR=9.43e-05, Loss=5.26e-03 BER=1.89e-03 FER=3.90e-02
2025-10-25 09:47:43,156 | INFO | Epoch 155 Train Time 39.71894550323486s

2025-10-25 09:48:22,989 | INFO | Training epoch 156, Batch 1000/1000: LR=9.42e-05, Loss=5.27e-03 BER=1.89e-03 FER=3.87e-02
2025-10-25 09:48:23,067 | INFO | Epoch 156 Train Time 39.90923857688904s

2025-10-25 09:49:02,661 | INFO | Training epoch 157, Batch 1000/1000: LR=9.42e-05, Loss=5.30e-03 BER=1.90e-03 FER=3.90e-02
2025-10-25 09:49:02,757 | INFO | Epoch 157 Train Time 39.68889236450195s

2025-10-25 09:49:42,382 | INFO | Training epoch 158, Batch 1000/1000: LR=9.41e-05, Loss=5.39e-03 BER=1.92e-03 FER=3.94e-02
2025-10-25 09:49:42,471 | INFO | Epoch 158 Train Time 39.7111337184906s

2025-10-25 09:50:22,461 | INFO | Training epoch 159, Batch 1000/1000: LR=9.40e-05, Loss=5.33e-03 BER=1.90e-03 FER=3.91e-02
2025-10-25 09:50:22,548 | INFO | Epoch 159 Train Time 40.0741012096405s

2025-10-25 09:51:02,365 | INFO | Training epoch 160, Batch 1000/1000: LR=9.40e-05, Loss=5.50e-03 BER=1.96e-03 FER=3.98e-02
2025-10-25 09:51:02,452 | INFO | Epoch 160 Train Time 39.90178322792053s

2025-10-25 09:51:42,271 | INFO | Training epoch 161, Batch 1000/1000: LR=9.39e-05, Loss=5.27e-03 BER=1.90e-03 FER=3.91e-02
2025-10-25 09:51:42,359 | INFO | Epoch 161 Train Time 39.90557789802551s

2025-10-25 09:52:21,298 | INFO | Training epoch 162, Batch 1000/1000: LR=9.38e-05, Loss=5.45e-03 BER=1.96e-03 FER=4.00e-02
2025-10-25 09:52:21,388 | INFO | Epoch 162 Train Time 39.02763772010803s

2025-10-25 09:53:01,361 | INFO | Training epoch 163, Batch 1000/1000: LR=9.37e-05, Loss=5.33e-03 BER=1.90e-03 FER=3.94e-02
2025-10-25 09:53:01,437 | INFO | Epoch 163 Train Time 40.04770827293396s

2025-10-25 09:53:41,758 | INFO | Training epoch 164, Batch 1000/1000: LR=9.37e-05, Loss=5.19e-03 BER=1.87e-03 FER=3.86e-02
2025-10-25 09:53:41,840 | INFO | Epoch 164 Train Time 40.4010124206543s

2025-10-25 09:53:41,841 | INFO | [P1] saving best_model with loss 0.005191 at epoch 164
2025-10-25 09:54:21,119 | INFO | Training epoch 165, Batch 1000/1000: LR=9.36e-05, Loss=5.25e-03 BER=1.89e-03 FER=3.90e-02
2025-10-25 09:54:21,196 | INFO | Epoch 165 Train Time 39.28149962425232s

2025-10-25 09:55:00,562 | INFO | Training epoch 166, Batch 1000/1000: LR=9.35e-05, Loss=5.33e-03 BER=1.90e-03 FER=3.95e-02
2025-10-25 09:55:00,642 | INFO | Epoch 166 Train Time 39.44333004951477s

2025-10-25 09:55:40,165 | INFO | Training epoch 167, Batch 1000/1000: LR=9.34e-05, Loss=5.22e-03 BER=1.88e-03 FER=3.91e-02
2025-10-25 09:55:40,245 | INFO | Epoch 167 Train Time 39.60092544555664s

2025-10-25 09:56:20,210 | INFO | Training epoch 168, Batch 1000/1000: LR=9.33e-05, Loss=5.40e-03 BER=1.96e-03 FER=4.00e-02
2025-10-25 09:56:20,288 | INFO | Epoch 168 Train Time 40.04022169113159s

2025-10-25 09:56:59,959 | INFO | Training epoch 169, Batch 1000/1000: LR=9.33e-05, Loss=5.35e-03 BER=1.94e-03 FER=3.97e-02
2025-10-25 09:57:00,053 | INFO | Epoch 169 Train Time 39.76315879821777s

2025-10-25 09:57:39,656 | INFO | Training epoch 170, Batch 1000/1000: LR=9.32e-05, Loss=5.13e-03 BER=1.84e-03 FER=3.80e-02
2025-10-25 09:57:39,753 | INFO | Epoch 170 Train Time 39.69891119003296s

2025-10-25 09:57:39,753 | INFO | [P1] saving best_model with loss 0.005125 at epoch 170
2025-10-25 09:58:19,562 | INFO | Training epoch 171, Batch 1000/1000: LR=9.31e-05, Loss=5.26e-03 BER=1.91e-03 FER=3.94e-02
2025-10-25 09:58:19,646 | INFO | Epoch 171 Train Time 39.817222356796265s

2025-10-25 09:58:59,670 | INFO | Training epoch 172, Batch 1000/1000: LR=9.30e-05, Loss=5.18e-03 BER=1.86e-03 FER=3.90e-02
2025-10-25 09:58:59,757 | INFO | Epoch 172 Train Time 40.110275745391846s

2025-10-25 09:59:38,995 | INFO | Training epoch 173, Batch 1000/1000: LR=9.29e-05, Loss=5.39e-03 BER=1.93e-03 FER=3.97e-02
2025-10-25 09:59:39,064 | INFO | Epoch 173 Train Time 39.304651975631714s

2025-10-25 10:00:18,609 | INFO | Training epoch 174, Batch 1000/1000: LR=9.29e-05, Loss=5.28e-03 BER=1.90e-03 FER=3.89e-02
2025-10-25 10:00:18,681 | INFO | Epoch 174 Train Time 39.615851163864136s

2025-10-25 10:00:58,358 | INFO | Training epoch 175, Batch 1000/1000: LR=9.28e-05, Loss=5.33e-03 BER=1.93e-03 FER=3.95e-02
2025-10-25 10:00:58,431 | INFO | Epoch 175 Train Time 39.748897075653076s

2025-10-25 10:01:38,061 | INFO | Training epoch 176, Batch 1000/1000: LR=9.27e-05, Loss=5.24e-03 BER=1.89e-03 FER=3.86e-02
2025-10-25 10:01:38,143 | INFO | Epoch 176 Train Time 39.71054673194885s

2025-10-25 10:02:18,164 | INFO | Training epoch 177, Batch 1000/1000: LR=9.26e-05, Loss=5.29e-03 BER=1.88e-03 FER=3.85e-02
2025-10-25 10:02:18,246 | INFO | Epoch 177 Train Time 40.10228943824768s

2025-10-25 10:02:58,156 | INFO | Training epoch 178, Batch 1000/1000: LR=9.25e-05, Loss=5.18e-03 BER=1.86e-03 FER=3.88e-02
2025-10-25 10:02:58,242 | INFO | Epoch 178 Train Time 39.9935188293457s

2025-10-25 10:03:37,559 | INFO | Training epoch 179, Batch 1000/1000: LR=9.25e-05, Loss=5.39e-03 BER=1.93e-03 FER=4.01e-02
2025-10-25 10:03:37,660 | INFO | Epoch 179 Train Time 39.41650891304016s

2025-10-25 10:04:17,293 | INFO | Training epoch 180, Batch 1000/1000: LR=9.24e-05, Loss=5.40e-03 BER=1.93e-03 FER=3.97e-02
2025-10-25 10:04:17,380 | INFO | Epoch 180 Train Time 39.71891713142395s

2025-10-25 10:04:57,365 | INFO | Training epoch 181, Batch 1000/1000: LR=9.23e-05, Loss=5.19e-03 BER=1.87e-03 FER=3.84e-02
2025-10-25 10:04:57,444 | INFO | Epoch 181 Train Time 40.06321477890015s

2025-10-25 10:05:37,300 | INFO | Training epoch 182, Batch 1000/1000: LR=9.22e-05, Loss=5.59e-03 BER=2.00e-03 FER=4.08e-02
2025-10-25 10:05:37,384 | INFO | Epoch 182 Train Time 39.93846607208252s

2025-10-25 10:06:17,073 | INFO | Training epoch 183, Batch 1000/1000: LR=9.21e-05, Loss=5.23e-03 BER=1.88e-03 FER=3.87e-02
2025-10-25 10:06:17,161 | INFO | Epoch 183 Train Time 39.775649547576904s

2025-10-25 10:06:56,659 | INFO | Training epoch 184, Batch 1000/1000: LR=9.20e-05, Loss=5.31e-03 BER=1.89e-03 FER=3.89e-02
2025-10-25 10:06:56,729 | INFO | Epoch 184 Train Time 39.565693378448486s

2025-10-25 10:07:36,602 | INFO | Training epoch 185, Batch 1000/1000: LR=9.20e-05, Loss=5.46e-03 BER=1.93e-03 FER=3.98e-02
2025-10-25 10:07:36,683 | INFO | Epoch 185 Train Time 39.9516019821167s

2025-10-25 10:08:16,567 | INFO | Training epoch 186, Batch 1000/1000: LR=9.19e-05, Loss=5.16e-03 BER=1.85e-03 FER=3.81e-02
2025-10-25 10:08:16,649 | INFO | Epoch 186 Train Time 39.96481800079346s

2025-10-25 10:08:56,258 | INFO | Training epoch 187, Batch 1000/1000: LR=9.18e-05, Loss=5.44e-03 BER=1.96e-03 FER=3.99e-02
2025-10-25 10:08:56,343 | INFO | Epoch 187 Train Time 39.691996574401855s

2025-10-25 10:09:36,063 | INFO | Training epoch 188, Batch 1000/1000: LR=9.17e-05, Loss=5.29e-03 BER=1.88e-03 FER=3.87e-02
2025-10-25 10:09:36,131 | INFO | Epoch 188 Train Time 39.786768674850464s

2025-10-25 10:10:16,165 | INFO | Training epoch 189, Batch 1000/1000: LR=9.16e-05, Loss=5.32e-03 BER=1.92e-03 FER=3.93e-02
2025-10-25 10:10:16,239 | INFO | Epoch 189 Train Time 40.1071355342865s

2025-10-25 10:10:55,848 | INFO | Training epoch 190, Batch 1000/1000: LR=9.15e-05, Loss=5.23e-03 BER=1.91e-03 FER=3.90e-02
2025-10-25 10:10:55,934 | INFO | Epoch 190 Train Time 39.69232153892517s

2025-10-25 10:11:35,266 | INFO | Training epoch 191, Batch 1000/1000: LR=9.14e-05, Loss=5.26e-03 BER=1.91e-03 FER=3.94e-02
2025-10-25 10:11:35,341 | INFO | Epoch 191 Train Time 39.405869245529175s

2025-10-25 10:12:15,270 | INFO | Training epoch 192, Batch 1000/1000: LR=9.14e-05, Loss=5.31e-03 BER=1.91e-03 FER=3.94e-02
2025-10-25 10:12:15,361 | INFO | Epoch 192 Train Time 40.018237829208374s

2025-10-25 10:12:54,974 | INFO | Training epoch 193, Batch 1000/1000: LR=9.13e-05, Loss=5.24e-03 BER=1.87e-03 FER=3.81e-02
2025-10-25 10:12:55,050 | INFO | Epoch 193 Train Time 39.68628716468811s

2025-10-25 10:13:35,097 | INFO | Training epoch 194, Batch 1000/1000: LR=9.12e-05, Loss=5.25e-03 BER=1.89e-03 FER=3.83e-02
2025-10-25 10:13:35,181 | INFO | Epoch 194 Train Time 40.12985634803772s

2025-10-25 10:14:15,474 | INFO | Training epoch 195, Batch 1000/1000: LR=9.11e-05, Loss=5.14e-03 BER=1.86e-03 FER=3.79e-02
2025-10-25 10:14:15,561 | INFO | Epoch 195 Train Time 40.37840533256531s

2025-10-25 10:14:55,757 | INFO | Training epoch 196, Batch 1000/1000: LR=9.10e-05, Loss=5.23e-03 BER=1.88e-03 FER=3.85e-02
2025-10-25 10:14:55,836 | INFO | Epoch 196 Train Time 40.27344250679016s

2025-10-25 10:15:35,758 | INFO | Training epoch 197, Batch 1000/1000: LR=9.09e-05, Loss=5.17e-03 BER=1.84e-03 FER=3.76e-02
2025-10-25 10:15:35,844 | INFO | Epoch 197 Train Time 40.005736112594604s

2025-10-25 10:16:15,462 | INFO | Training epoch 198, Batch 1000/1000: LR=9.08e-05, Loss=5.30e-03 BER=1.89e-03 FER=3.83e-02
2025-10-25 10:16:15,555 | INFO | Epoch 198 Train Time 39.70919990539551s

2025-10-25 10:16:55,182 | INFO | Training epoch 199, Batch 1000/1000: LR=9.07e-05, Loss=5.28e-03 BER=1.90e-03 FER=3.88e-02
2025-10-25 10:16:55,252 | INFO | Epoch 199 Train Time 39.69592809677124s

2025-10-25 10:17:35,064 | INFO | Training epoch 200, Batch 1000/1000: LR=9.06e-05, Loss=5.24e-03 BER=1.89e-03 FER=3.88e-02
2025-10-25 10:17:35,139 | INFO | Epoch 200 Train Time 39.88519763946533s

2025-10-25 10:18:15,271 | INFO | Training epoch 201, Batch 1000/1000: LR=9.05e-05, Loss=5.33e-03 BER=1.93e-03 FER=3.98e-02
2025-10-25 10:18:15,354 | INFO | Epoch 201 Train Time 40.21308898925781s

2025-10-25 10:18:54,651 | INFO | Training epoch 202, Batch 1000/1000: LR=9.05e-05, Loss=5.14e-03 BER=1.86e-03 FER=3.78e-02
2025-10-25 10:18:54,719 | INFO | Epoch 202 Train Time 39.36378026008606s

2025-10-25 10:19:34,259 | INFO | Training epoch 203, Batch 1000/1000: LR=9.04e-05, Loss=5.35e-03 BER=1.92e-03 FER=3.96e-02
2025-10-25 10:19:34,347 | INFO | Epoch 203 Train Time 39.62674283981323s

2025-10-25 10:20:13,474 | INFO | Training epoch 204, Batch 1000/1000: LR=9.03e-05, Loss=5.26e-03 BER=1.88e-03 FER=3.86e-02
2025-10-25 10:20:13,561 | INFO | Epoch 204 Train Time 39.213067054748535s

2025-10-25 10:20:52,975 | INFO | Training epoch 205, Batch 1000/1000: LR=9.02e-05, Loss=5.22e-03 BER=1.88e-03 FER=3.87e-02
2025-10-25 10:20:53,055 | INFO | Epoch 205 Train Time 39.49027061462402s

2025-10-25 10:21:32,160 | INFO | Training epoch 206, Batch 1000/1000: LR=9.01e-05, Loss=5.39e-03 BER=1.91e-03 FER=3.89e-02
2025-10-25 10:21:32,252 | INFO | Epoch 206 Train Time 39.19509196281433s

2025-10-25 10:22:11,585 | INFO | Training epoch 207, Batch 1000/1000: LR=9.00e-05, Loss=5.32e-03 BER=1.92e-03 FER=3.92e-02
2025-10-25 10:22:11,655 | INFO | Epoch 207 Train Time 39.40102553367615s

2025-10-25 10:22:51,852 | INFO | Training epoch 208, Batch 1000/1000: LR=8.99e-05, Loss=5.31e-03 BER=1.89e-03 FER=3.86e-02
2025-10-25 10:22:51,923 | INFO | Epoch 208 Train Time 40.265350341796875s

2025-10-25 10:23:31,861 | INFO | Training epoch 209, Batch 1000/1000: LR=8.98e-05, Loss=5.16e-03 BER=1.88e-03 FER=3.85e-02
2025-10-25 10:23:31,942 | INFO | Epoch 209 Train Time 40.01730751991272s

2025-10-25 10:24:11,104 | INFO | Training epoch 210, Batch 1000/1000: LR=8.97e-05, Loss=5.13e-03 BER=1.84e-03 FER=3.73e-02
2025-10-25 10:24:11,183 | INFO | Epoch 210 Train Time 39.23876142501831s

2025-10-25 10:24:50,279 | INFO | Training epoch 211, Batch 1000/1000: LR=8.96e-05, Loss=5.20e-03 BER=1.86e-03 FER=3.83e-02
2025-10-25 10:24:50,361 | INFO | Epoch 211 Train Time 39.17695140838623s

2025-10-25 10:25:30,292 | INFO | Training epoch 212, Batch 1000/1000: LR=8.95e-05, Loss=5.11e-03 BER=1.84e-03 FER=3.80e-02
2025-10-25 10:25:30,378 | INFO | Epoch 212 Train Time 40.014824628829956s

2025-10-25 10:25:30,378 | INFO | [P1] saving best_model with loss 0.005106 at epoch 212
2025-10-25 10:26:09,933 | INFO | Training epoch 213, Batch 1000/1000: LR=8.94e-05, Loss=5.25e-03 BER=1.88e-03 FER=3.82e-02
2025-10-25 10:26:10,031 | INFO | Epoch 213 Train Time 39.5715811252594s

2025-10-25 10:26:49,960 | INFO | Training epoch 214, Batch 1000/1000: LR=8.93e-05, Loss=5.17e-03 BER=1.85e-03 FER=3.80e-02
2025-10-25 10:26:50,030 | INFO | Epoch 214 Train Time 39.99676203727722s

2025-10-25 10:27:29,854 | INFO | Training epoch 215, Batch 1000/1000: LR=8.92e-05, Loss=5.15e-03 BER=1.87e-03 FER=3.77e-02
2025-10-25 10:27:29,939 | INFO | Epoch 215 Train Time 39.90765905380249s

2025-10-25 10:28:09,558 | INFO | Training epoch 216, Batch 1000/1000: LR=8.91e-05, Loss=5.22e-03 BER=1.87e-03 FER=3.88e-02
2025-10-25 10:28:09,643 | INFO | Epoch 216 Train Time 39.70275616645813s

2025-10-25 10:28:49,359 | INFO | Training epoch 217, Batch 1000/1000: LR=8.90e-05, Loss=5.36e-03 BER=1.92e-03 FER=3.87e-02
2025-10-25 10:28:49,428 | INFO | Epoch 217 Train Time 39.78240084648132s

2025-10-25 10:29:28,978 | INFO | Training epoch 218, Batch 1000/1000: LR=8.89e-05, Loss=5.29e-03 BER=1.89e-03 FER=3.83e-02
2025-10-25 10:29:29,063 | INFO | Epoch 218 Train Time 39.6327109336853s

2025-10-25 10:30:08,872 | INFO | Training epoch 219, Batch 1000/1000: LR=8.88e-05, Loss=5.29e-03 BER=1.89e-03 FER=3.86e-02
2025-10-25 10:30:08,965 | INFO | Epoch 219 Train Time 39.900755643844604s

2025-10-25 10:30:48,076 | INFO | Training epoch 220, Batch 1000/1000: LR=8.87e-05, Loss=5.30e-03 BER=1.91e-03 FER=3.95e-02
2025-10-25 10:30:48,161 | INFO | Epoch 220 Train Time 39.19410562515259s

2025-10-25 10:31:28,085 | INFO | Training epoch 221, Batch 1000/1000: LR=8.86e-05, Loss=5.29e-03 BER=1.90e-03 FER=3.90e-02
2025-10-25 10:31:28,163 | INFO | Epoch 221 Train Time 40.000550746917725s

2025-10-25 10:32:07,767 | INFO | Training epoch 222, Batch 1000/1000: LR=8.85e-05, Loss=5.23e-03 BER=1.86e-03 FER=3.77e-02
2025-10-25 10:32:07,851 | INFO | Epoch 222 Train Time 39.68686318397522s

2025-10-25 10:32:47,216 | INFO | Training epoch 223, Batch 1000/1000: LR=8.84e-05, Loss=5.13e-03 BER=1.85e-03 FER=3.79e-02
2025-10-25 10:32:47,290 | INFO | Epoch 223 Train Time 39.43606352806091s

2025-10-25 10:33:27,274 | INFO | Training epoch 224, Batch 1000/1000: LR=8.83e-05, Loss=5.08e-03 BER=1.82e-03 FER=3.73e-02
2025-10-25 10:33:27,366 | INFO | Epoch 224 Train Time 40.07534408569336s

2025-10-25 10:33:27,368 | INFO | [P1] saving best_model with loss 0.005078 at epoch 224
2025-10-25 10:34:06,993 | INFO | Training epoch 225, Batch 1000/1000: LR=8.82e-05, Loss=5.17e-03 BER=1.83e-03 FER=3.76e-02
2025-10-25 10:34:07,070 | INFO | Epoch 225 Train Time 39.62217164039612s

2025-10-25 10:34:46,764 | INFO | Training epoch 226, Batch 1000/1000: LR=8.81e-05, Loss=5.23e-03 BER=1.87e-03 FER=3.81e-02
2025-10-25 10:34:46,851 | INFO | Epoch 226 Train Time 39.77920746803284s

2025-10-25 10:35:26,879 | INFO | Training epoch 227, Batch 1000/1000: LR=8.80e-05, Loss=5.23e-03 BER=1.84e-03 FER=3.79e-02
2025-10-25 10:35:26,960 | INFO | Epoch 227 Train Time 40.10778045654297s

2025-10-25 10:36:06,648 | INFO | Training epoch 228, Batch 1000/1000: LR=8.79e-05, Loss=5.05e-03 BER=1.82e-03 FER=3.77e-02
2025-10-25 10:36:06,738 | INFO | Epoch 228 Train Time 39.774863958358765s

2025-10-25 10:36:06,739 | INFO | [P1] saving best_model with loss 0.005053 at epoch 228
2025-10-25 10:36:46,267 | INFO | Training epoch 229, Batch 1000/1000: LR=8.78e-05, Loss=5.29e-03 BER=1.90e-03 FER=3.89e-02
2025-10-25 10:36:46,337 | INFO | Epoch 229 Train Time 39.52923941612244s

2025-10-25 10:37:26,068 | INFO | Training epoch 230, Batch 1000/1000: LR=8.77e-05, Loss=5.29e-03 BER=1.89e-03 FER=3.88e-02
2025-10-25 10:37:26,162 | INFO | Epoch 230 Train Time 39.82145857810974s

2025-10-25 10:38:06,296 | INFO | Training epoch 231, Batch 1000/1000: LR=8.76e-05, Loss=5.18e-03 BER=1.87e-03 FER=3.81e-02
2025-10-25 10:38:06,388 | INFO | Epoch 231 Train Time 40.2244987487793s

2025-10-25 10:38:45,963 | INFO | Training epoch 232, Batch 1000/1000: LR=8.75e-05, Loss=5.19e-03 BER=1.85e-03 FER=3.77e-02
2025-10-25 10:38:46,052 | INFO | Epoch 232 Train Time 39.66271758079529s

2025-10-25 10:39:25,367 | INFO | Training epoch 233, Batch 1000/1000: LR=8.74e-05, Loss=5.27e-03 BER=1.91e-03 FER=3.89e-02
2025-10-25 10:39:25,447 | INFO | Epoch 233 Train Time 39.39364743232727s

2025-10-25 10:40:05,067 | INFO | Training epoch 234, Batch 1000/1000: LR=8.73e-05, Loss=5.25e-03 BER=1.88e-03 FER=3.84e-02
2025-10-25 10:40:05,145 | INFO | Epoch 234 Train Time 39.69583606719971s

2025-10-25 10:40:45,064 | INFO | Training epoch 235, Batch 1000/1000: LR=8.72e-05, Loss=5.15e-03 BER=1.86e-03 FER=3.82e-02
2025-10-25 10:40:45,168 | INFO | Epoch 235 Train Time 40.02094888687134s

2025-10-25 10:41:24,527 | INFO | Training epoch 236, Batch 1000/1000: LR=8.71e-05, Loss=5.19e-03 BER=1.85e-03 FER=3.78e-02
2025-10-25 10:41:24,600 | INFO | Epoch 236 Train Time 39.426894426345825s

2025-10-25 10:42:03,064 | INFO | Training epoch 237, Batch 1000/1000: LR=8.70e-05, Loss=5.18e-03 BER=1.88e-03 FER=3.86e-02
2025-10-25 10:42:03,136 | INFO | Epoch 237 Train Time 38.53554058074951s

2025-10-25 10:42:42,663 | INFO | Training epoch 238, Batch 1000/1000: LR=8.69e-05, Loss=5.11e-03 BER=1.84e-03 FER=3.74e-02
2025-10-25 10:42:42,741 | INFO | Epoch 238 Train Time 39.60228157043457s

2025-10-25 10:43:22,968 | INFO | Training epoch 239, Batch 1000/1000: LR=8.68e-05, Loss=5.25e-03 BER=1.91e-03 FER=3.91e-02
2025-10-25 10:43:23,056 | INFO | Epoch 239 Train Time 40.31302523612976s

2025-10-25 10:44:03,169 | INFO | Training epoch 240, Batch 1000/1000: LR=8.67e-05, Loss=5.21e-03 BER=1.87e-03 FER=3.81e-02
2025-10-25 10:44:03,249 | INFO | Epoch 240 Train Time 40.191492319107056s

2025-10-25 10:44:42,864 | INFO | Training epoch 241, Batch 1000/1000: LR=8.66e-05, Loss=5.05e-03 BER=1.82e-03 FER=3.69e-02
2025-10-25 10:44:42,939 | INFO | Epoch 241 Train Time 39.687440156936646s

2025-10-25 10:44:42,939 | INFO | [P1] saving best_model with loss 0.005052 at epoch 241
2025-10-25 10:45:22,766 | INFO | Training epoch 242, Batch 1000/1000: LR=8.65e-05, Loss=5.20e-03 BER=1.86e-03 FER=3.80e-02
2025-10-25 10:45:22,846 | INFO | Epoch 242 Train Time 39.825541496276855s

2025-10-25 10:46:02,865 | INFO | Training epoch 243, Batch 1000/1000: LR=8.64e-05, Loss=5.13e-03 BER=1.85e-03 FER=3.77e-02
2025-10-25 10:46:02,948 | INFO | Epoch 243 Train Time 40.100560665130615s

2025-10-25 10:46:42,390 | INFO | Training epoch 244, Batch 1000/1000: LR=8.63e-05, Loss=5.12e-03 BER=1.84e-03 FER=3.72e-02
2025-10-25 10:46:42,468 | INFO | Epoch 244 Train Time 39.517648458480835s

2025-10-25 10:47:22,569 | INFO | Training epoch 245, Batch 1000/1000: LR=8.62e-05, Loss=5.08e-03 BER=1.83e-03 FER=3.76e-02
2025-10-25 10:47:22,645 | INFO | Epoch 245 Train Time 40.175692081451416s

2025-10-25 10:48:02,170 | INFO | Training epoch 246, Batch 1000/1000: LR=8.60e-05, Loss=5.02e-03 BER=1.79e-03 FER=3.69e-02
2025-10-25 10:48:02,254 | INFO | Epoch 246 Train Time 39.60702109336853s

2025-10-25 10:48:02,255 | INFO | [P1] saving best_model with loss 0.005024 at epoch 246
2025-10-25 10:48:41,665 | INFO | Training epoch 247, Batch 1000/1000: LR=8.59e-05, Loss=5.21e-03 BER=1.86e-03 FER=3.79e-02
2025-10-25 10:48:41,734 | INFO | Epoch 247 Train Time 39.42358136177063s

2025-10-25 10:49:21,240 | INFO | Training epoch 248, Batch 1000/1000: LR=8.58e-05, Loss=5.22e-03 BER=1.86e-03 FER=3.83e-02
2025-10-25 10:49:21,310 | INFO | Epoch 248 Train Time 39.57482671737671s

2025-10-25 10:50:01,004 | INFO | Training epoch 249, Batch 1000/1000: LR=8.57e-05, Loss=5.06e-03 BER=1.83e-03 FER=3.79e-02
2025-10-25 10:50:01,077 | INFO | Epoch 249 Train Time 39.76535677909851s

2025-10-25 10:50:40,893 | INFO | Training epoch 250, Batch 1000/1000: LR=8.56e-05, Loss=5.12e-03 BER=1.87e-03 FER=3.82e-02
2025-10-25 10:50:40,972 | INFO | Epoch 250 Train Time 39.89366698265076s

2025-10-25 10:51:20,890 | INFO | Training epoch 251, Batch 1000/1000: LR=8.55e-05, Loss=5.17e-03 BER=1.88e-03 FER=3.83e-02
2025-10-25 10:51:20,975 | INFO | Epoch 251 Train Time 40.000221729278564s

2025-10-25 10:52:00,361 | INFO | Training epoch 252, Batch 1000/1000: LR=8.54e-05, Loss=5.12e-03 BER=1.83e-03 FER=3.74e-02
2025-10-25 10:52:00,457 | INFO | Epoch 252 Train Time 39.48032259941101s

2025-10-25 10:52:40,070 | INFO | Training epoch 253, Batch 1000/1000: LR=8.53e-05, Loss=5.06e-03 BER=1.80e-03 FER=3.73e-02
2025-10-25 10:52:40,141 | INFO | Epoch 253 Train Time 39.68124318122864s

2025-10-25 10:53:20,089 | INFO | Training epoch 254, Batch 1000/1000: LR=8.52e-05, Loss=5.06e-03 BER=1.82e-03 FER=3.76e-02
2025-10-25 10:53:20,158 | INFO | Epoch 254 Train Time 40.01471424102783s

2025-10-25 10:53:59,758 | INFO | Training epoch 255, Batch 1000/1000: LR=8.51e-05, Loss=5.07e-03 BER=1.82e-03 FER=3.71e-02
2025-10-25 10:53:59,849 | INFO | Epoch 255 Train Time 39.688265800476074s

2025-10-25 10:54:39,255 | INFO | Training epoch 256, Batch 1000/1000: LR=8.49e-05, Loss=5.20e-03 BER=1.87e-03 FER=3.81e-02
2025-10-25 10:54:39,342 | INFO | Epoch 256 Train Time 39.49112820625305s

2025-10-25 10:55:18,820 | INFO | Training epoch 257, Batch 1000/1000: LR=8.48e-05, Loss=5.14e-03 BER=1.84e-03 FER=3.74e-02
2025-10-25 10:55:18,895 | INFO | Epoch 257 Train Time 39.55210995674133s

2025-10-25 10:55:58,875 | INFO | Training epoch 258, Batch 1000/1000: LR=8.47e-05, Loss=5.13e-03 BER=1.84e-03 FER=3.73e-02
2025-10-25 10:55:58,957 | INFO | Epoch 258 Train Time 40.060683488845825s

2025-10-25 10:56:38,876 | INFO | Training epoch 259, Batch 1000/1000: LR=8.46e-05, Loss=5.21e-03 BER=1.88e-03 FER=3.83e-02
2025-10-25 10:56:38,954 | INFO | Epoch 259 Train Time 39.996173620224s

2025-10-25 10:57:18,463 | INFO | Training epoch 260, Batch 1000/1000: LR=8.45e-05, Loss=5.21e-03 BER=1.86e-03 FER=3.83e-02
2025-10-25 10:57:18,547 | INFO | Epoch 260 Train Time 39.58996534347534s

2025-10-25 10:57:58,559 | INFO | Training epoch 261, Batch 1000/1000: LR=8.44e-05, Loss=5.07e-03 BER=1.83e-03 FER=3.76e-02
2025-10-25 10:57:58,645 | INFO | Epoch 261 Train Time 40.09684920310974s

2025-10-25 10:58:38,051 | INFO | Training epoch 262, Batch 1000/1000: LR=8.43e-05, Loss=5.19e-03 BER=1.87e-03 FER=3.79e-02
2025-10-25 10:58:38,129 | INFO | Epoch 262 Train Time 39.48300743103027s

2025-10-25 10:59:17,990 | INFO | Training epoch 263, Batch 1000/1000: LR=8.42e-05, Loss=5.15e-03 BER=1.84e-03 FER=3.70e-02
2025-10-25 10:59:18,061 | INFO | Epoch 263 Train Time 39.92987775802612s

2025-10-25 10:59:57,964 | INFO | Training epoch 264, Batch 1000/1000: LR=8.40e-05, Loss=5.15e-03 BER=1.84e-03 FER=3.76e-02
2025-10-25 10:59:58,039 | INFO | Epoch 264 Train Time 39.977500915527344s

2025-10-25 11:00:37,645 | INFO | Training epoch 265, Batch 1000/1000: LR=8.39e-05, Loss=5.13e-03 BER=1.83e-03 FER=3.72e-02
2025-10-25 11:00:37,716 | INFO | Epoch 265 Train Time 39.6745126247406s

2025-10-25 11:01:17,372 | INFO | Training epoch 266, Batch 1000/1000: LR=8.38e-05, Loss=5.07e-03 BER=1.83e-03 FER=3.77e-02
2025-10-25 11:01:17,461 | INFO | Epoch 266 Train Time 39.7436089515686s

2025-10-25 11:01:57,365 | INFO | Training epoch 267, Batch 1000/1000: LR=8.37e-05, Loss=5.20e-03 BER=1.85e-03 FER=3.77e-02
2025-10-25 11:01:57,435 | INFO | Epoch 267 Train Time 39.97214484214783s

2025-10-25 11:02:37,003 | INFO | Training epoch 268, Batch 1000/1000: LR=8.36e-05, Loss=5.09e-03 BER=1.82e-03 FER=3.71e-02
2025-10-25 11:02:37,090 | INFO | Epoch 268 Train Time 39.65379238128662s

2025-10-25 11:03:16,964 | INFO | Training epoch 269, Batch 1000/1000: LR=8.35e-05, Loss=5.18e-03 BER=1.86e-03 FER=3.72e-02
2025-10-25 11:03:17,051 | INFO | Epoch 269 Train Time 39.9595091342926s

2025-10-25 11:03:56,775 | INFO | Training epoch 270, Batch 1000/1000: LR=8.34e-05, Loss=5.25e-03 BER=1.88e-03 FER=3.78e-02
2025-10-25 11:03:56,853 | INFO | Epoch 270 Train Time 39.80122709274292s

2025-10-25 11:04:36,255 | INFO | Training epoch 271, Batch 1000/1000: LR=8.32e-05, Loss=5.24e-03 BER=1.89e-03 FER=3.82e-02
2025-10-25 11:04:36,328 | INFO | Epoch 271 Train Time 39.473236083984375s

2025-10-25 11:05:15,461 | INFO | Training epoch 272, Batch 1000/1000: LR=8.31e-05, Loss=4.99e-03 BER=1.79e-03 FER=3.66e-02
2025-10-25 11:05:15,534 | INFO | Epoch 272 Train Time 39.20487880706787s

2025-10-25 11:05:15,536 | INFO | [P1] saving best_model with loss 0.004986 at epoch 272
2025-10-25 11:05:54,978 | INFO | Training epoch 273, Batch 1000/1000: LR=8.30e-05, Loss=5.14e-03 BER=1.82e-03 FER=3.71e-02
2025-10-25 11:05:55,056 | INFO | Epoch 273 Train Time 39.44424295425415s

2025-10-25 11:06:34,866 | INFO | Training epoch 274, Batch 1000/1000: LR=8.29e-05, Loss=5.13e-03 BER=1.84e-03 FER=3.77e-02
2025-10-25 11:06:34,952 | INFO | Epoch 274 Train Time 39.894099712371826s

2025-10-25 11:07:14,184 | INFO | Training epoch 275, Batch 1000/1000: LR=8.28e-05, Loss=5.17e-03 BER=1.87e-03 FER=3.78e-02
2025-10-25 11:07:14,252 | INFO | Epoch 275 Train Time 39.29852533340454s

2025-10-25 11:07:54,154 | INFO | Training epoch 276, Batch 1000/1000: LR=8.26e-05, Loss=5.12e-03 BER=1.88e-03 FER=3.81e-02
2025-10-25 11:07:54,233 | INFO | Epoch 276 Train Time 39.97952914237976s

2025-10-25 11:08:34,410 | INFO | Training epoch 277, Batch 1000/1000: LR=8.25e-05, Loss=4.94e-03 BER=1.77e-03 FER=3.66e-02
2025-10-25 11:08:34,486 | INFO | Epoch 277 Train Time 40.24970984458923s

2025-10-25 11:08:34,487 | INFO | [P1] saving best_model with loss 0.004938 at epoch 277
2025-10-25 11:09:14,264 | INFO | Training epoch 278, Batch 1000/1000: LR=8.24e-05, Loss=5.11e-03 BER=1.84e-03 FER=3.72e-02
2025-10-25 11:09:14,338 | INFO | Epoch 278 Train Time 39.77685737609863s

2025-10-25 11:09:53,762 | INFO | Training epoch 279, Batch 1000/1000: LR=8.23e-05, Loss=5.02e-03 BER=1.81e-03 FER=3.70e-02
2025-10-25 11:09:53,857 | INFO | Epoch 279 Train Time 39.518178939819336s

2025-10-25 11:10:33,568 | INFO | Training epoch 280, Batch 1000/1000: LR=8.22e-05, Loss=5.07e-03 BER=1.85e-03 FER=3.74e-02
2025-10-25 11:10:33,657 | INFO | Epoch 280 Train Time 39.797487020492554s

2025-10-25 11:11:13,555 | INFO | Training epoch 281, Batch 1000/1000: LR=8.21e-05, Loss=5.06e-03 BER=1.81e-03 FER=3.66e-02
2025-10-25 11:11:13,642 | INFO | Epoch 281 Train Time 39.98464369773865s

2025-10-25 11:11:53,659 | INFO | Training epoch 282, Batch 1000/1000: LR=8.19e-05, Loss=4.97e-03 BER=1.78e-03 FER=3.71e-02
2025-10-25 11:11:53,744 | INFO | Epoch 282 Train Time 40.099921464920044s

2025-10-25 11:12:33,680 | INFO | Training epoch 283, Batch 1000/1000: LR=8.18e-05, Loss=5.11e-03 BER=1.85e-03 FER=3.74e-02
2025-10-25 11:12:33,784 | INFO | Epoch 283 Train Time 40.03910160064697s

2025-10-25 11:13:13,451 | INFO | Training epoch 284, Batch 1000/1000: LR=8.17e-05, Loss=5.07e-03 BER=1.84e-03 FER=3.73e-02
2025-10-25 11:13:13,529 | INFO | Epoch 284 Train Time 39.74364256858826s

2025-10-25 11:13:52,988 | INFO | Training epoch 285, Batch 1000/1000: LR=8.16e-05, Loss=4.98e-03 BER=1.78e-03 FER=3.60e-02
2025-10-25 11:13:53,059 | INFO | Epoch 285 Train Time 39.52832579612732s

2025-10-25 11:14:33,089 | INFO | Training epoch 286, Batch 1000/1000: LR=8.14e-05, Loss=5.03e-03 BER=1.81e-03 FER=3.71e-02
2025-10-25 11:14:33,163 | INFO | Epoch 286 Train Time 40.1019561290741s

2025-10-25 11:15:12,873 | INFO | Training epoch 287, Batch 1000/1000: LR=8.13e-05, Loss=5.19e-03 BER=1.87e-03 FER=3.76e-02
2025-10-25 11:15:12,950 | INFO | Epoch 287 Train Time 39.7836172580719s

2025-10-25 11:15:52,875 | INFO | Training epoch 288, Batch 1000/1000: LR=8.12e-05, Loss=5.06e-03 BER=1.80e-03 FER=3.67e-02
2025-10-25 11:15:52,954 | INFO | Epoch 288 Train Time 40.002394676208496s

2025-10-25 11:16:32,473 | INFO | Training epoch 289, Batch 1000/1000: LR=8.11e-05, Loss=5.07e-03 BER=1.84e-03 FER=3.71e-02
2025-10-25 11:16:32,558 | INFO | Epoch 289 Train Time 39.60216689109802s

2025-10-25 11:17:12,456 | INFO | Training epoch 290, Batch 1000/1000: LR=8.10e-05, Loss=5.13e-03 BER=1.85e-03 FER=3.77e-02
2025-10-25 11:17:12,551 | INFO | Epoch 290 Train Time 39.99130654335022s

2025-10-25 11:17:52,172 | INFO | Training epoch 291, Batch 1000/1000: LR=8.08e-05, Loss=5.00e-03 BER=1.79e-03 FER=3.71e-02
2025-10-25 11:17:52,255 | INFO | Epoch 291 Train Time 39.702958822250366s

2025-10-25 11:18:32,024 | INFO | Training epoch 292, Batch 1000/1000: LR=8.07e-05, Loss=5.12e-03 BER=1.82e-03 FER=3.78e-02
2025-10-25 11:18:32,115 | INFO | Epoch 292 Train Time 39.85861372947693s

2025-10-25 11:19:12,061 | INFO | Training epoch 293, Batch 1000/1000: LR=8.06e-05, Loss=5.08e-03 BER=1.83e-03 FER=3.75e-02
2025-10-25 11:19:12,136 | INFO | Epoch 293 Train Time 40.02044343948364s

2025-10-25 11:19:51,993 | INFO | Training epoch 294, Batch 1000/1000: LR=8.05e-05, Loss=5.10e-03 BER=1.81e-03 FER=3.68e-02
2025-10-25 11:19:52,069 | INFO | Epoch 294 Train Time 39.93109345436096s

2025-10-25 11:20:31,846 | INFO | Training epoch 295, Batch 1000/1000: LR=8.03e-05, Loss=5.09e-03 BER=1.83e-03 FER=3.71e-02
2025-10-25 11:20:31,921 | INFO | Epoch 295 Train Time 39.84989261627197s

2025-10-25 11:21:11,649 | INFO | Training epoch 296, Batch 1000/1000: LR=8.02e-05, Loss=4.94e-03 BER=1.78e-03 FER=3.58e-02
2025-10-25 11:21:11,737 | INFO | Epoch 296 Train Time 39.81441068649292s

2025-10-25 11:21:51,657 | INFO | Training epoch 297, Batch 1000/1000: LR=8.01e-05, Loss=5.01e-03 BER=1.80e-03 FER=3.65e-02
2025-10-25 11:21:51,741 | INFO | Epoch 297 Train Time 40.002968311309814s

2025-10-25 11:22:31,255 | INFO | Training epoch 298, Batch 1000/1000: LR=8.00e-05, Loss=5.09e-03 BER=1.82e-03 FER=3.65e-02
2025-10-25 11:22:31,326 | INFO | Epoch 298 Train Time 39.58230948448181s

2025-10-25 11:23:11,367 | INFO | Training epoch 299, Batch 1000/1000: LR=7.98e-05, Loss=5.15e-03 BER=1.82e-03 FER=3.68e-02
2025-10-25 11:23:11,445 | INFO | Epoch 299 Train Time 40.11707592010498s

2025-10-25 11:23:51,486 | INFO | Training epoch 300, Batch 1000/1000: LR=7.97e-05, Loss=5.09e-03 BER=1.81e-03 FER=3.71e-02
2025-10-25 11:23:51,577 | INFO | Epoch 300 Train Time 40.130549907684326s

2025-10-25 11:24:31,658 | INFO | Training epoch 301, Batch 1000/1000: LR=7.96e-05, Loss=5.12e-03 BER=1.84e-03 FER=3.70e-02
2025-10-25 11:24:31,734 | INFO | Epoch 301 Train Time 40.15571904182434s

2025-10-25 11:25:11,458 | INFO | Training epoch 302, Batch 1000/1000: LR=7.95e-05, Loss=5.03e-03 BER=1.81e-03 FER=3.63e-02
2025-10-25 11:25:11,540 | INFO | Epoch 302 Train Time 39.80386734008789s

2025-10-25 11:25:51,768 | INFO | Training epoch 303, Batch 1000/1000: LR=7.93e-05, Loss=5.10e-03 BER=1.81e-03 FER=3.65e-02
2025-10-25 11:25:51,849 | INFO | Epoch 303 Train Time 40.30718541145325s

2025-10-25 11:26:31,868 | INFO | Training epoch 304, Batch 1000/1000: LR=7.92e-05, Loss=5.21e-03 BER=1.86e-03 FER=3.74e-02
2025-10-25 11:26:31,955 | INFO | Epoch 304 Train Time 40.104323863983154s

2025-10-25 11:27:11,310 | INFO | Training epoch 305, Batch 1000/1000: LR=7.91e-05, Loss=4.99e-03 BER=1.79e-03 FER=3.66e-02
2025-10-25 11:27:11,403 | INFO | Epoch 305 Train Time 39.44686031341553s

2025-10-25 11:27:50,971 | INFO | Training epoch 306, Batch 1000/1000: LR=7.90e-05, Loss=5.18e-03 BER=1.85e-03 FER=3.77e-02
2025-10-25 11:27:51,067 | INFO | Epoch 306 Train Time 39.66259407997131s

2025-10-25 11:28:30,874 | INFO | Training epoch 307, Batch 1000/1000: LR=7.88e-05, Loss=5.14e-03 BER=1.85e-03 FER=3.70e-02
2025-10-25 11:28:30,946 | INFO | Epoch 307 Train Time 39.87802052497864s

2025-10-25 11:29:10,459 | INFO | Training epoch 308, Batch 1000/1000: LR=7.87e-05, Loss=5.16e-03 BER=1.84e-03 FER=3.69e-02
2025-10-25 11:29:10,532 | INFO | Epoch 308 Train Time 39.58297848701477s

2025-10-25 11:29:50,397 | INFO | Training epoch 309, Batch 1000/1000: LR=7.86e-05, Loss=5.02e-03 BER=1.82e-03 FER=3.76e-02
2025-10-25 11:29:50,473 | INFO | Epoch 309 Train Time 39.94019889831543s

2025-10-25 11:30:30,361 | INFO | Training epoch 310, Batch 1000/1000: LR=7.85e-05, Loss=4.90e-03 BER=1.74e-03 FER=3.56e-02
2025-10-25 11:30:30,447 | INFO | Epoch 310 Train Time 39.971152544021606s

2025-10-25 11:30:30,448 | INFO | [P1] saving best_model with loss 0.004904 at epoch 310
2025-10-25 11:31:10,064 | INFO | Training epoch 311, Batch 1000/1000: LR=7.83e-05, Loss=5.06e-03 BER=1.81e-03 FER=3.64e-02
2025-10-25 11:31:10,152 | INFO | Epoch 311 Train Time 39.65191388130188s

2025-10-25 11:31:49,883 | INFO | Training epoch 312, Batch 1000/1000: LR=7.82e-05, Loss=4.95e-03 BER=1.79e-03 FER=3.62e-02
2025-10-25 11:31:49,967 | INFO | Epoch 312 Train Time 39.812751054763794s

2025-10-25 11:32:29,385 | INFO | Training epoch 313, Batch 1000/1000: LR=7.81e-05, Loss=5.08e-03 BER=1.82e-03 FER=3.67e-02
2025-10-25 11:32:29,461 | INFO | Epoch 313 Train Time 39.49278020858765s

2025-10-25 11:33:08,596 | INFO | Training epoch 314, Batch 1000/1000: LR=7.79e-05, Loss=5.09e-03 BER=1.79e-03 FER=3.65e-02
2025-10-25 11:33:08,671 | INFO | Epoch 314 Train Time 39.209336042404175s

2025-10-25 11:33:48,588 | INFO | Training epoch 315, Batch 1000/1000: LR=7.78e-05, Loss=5.10e-03 BER=1.84e-03 FER=3.72e-02
2025-10-25 11:33:48,695 | INFO | Epoch 315 Train Time 40.022109508514404s

2025-10-25 11:34:28,064 | INFO | Training epoch 316, Batch 1000/1000: LR=7.77e-05, Loss=4.91e-03 BER=1.76e-03 FER=3.58e-02
2025-10-25 11:34:28,143 | INFO | Epoch 316 Train Time 39.44638681411743s

2025-10-25 11:35:08,253 | INFO | Training epoch 317, Batch 1000/1000: LR=7.75e-05, Loss=5.03e-03 BER=1.80e-03 FER=3.67e-02
2025-10-25 11:35:08,324 | INFO | Epoch 317 Train Time 40.17765021324158s

2025-10-25 11:35:47,956 | INFO | Training epoch 318, Batch 1000/1000: LR=7.74e-05, Loss=4.97e-03 BER=1.80e-03 FER=3.65e-02
2025-10-25 11:35:48,026 | INFO | Epoch 318 Train Time 39.70102858543396s

2025-10-25 11:36:27,934 | INFO | Training epoch 319, Batch 1000/1000: LR=7.73e-05, Loss=5.10e-03 BER=1.82e-03 FER=3.71e-02
2025-10-25 11:36:28,021 | INFO | Epoch 319 Train Time 39.99332571029663s

2025-10-25 11:37:07,257 | INFO | Training epoch 320, Batch 1000/1000: LR=7.72e-05, Loss=5.20e-03 BER=1.85e-03 FER=3.69e-02
2025-10-25 11:37:07,332 | INFO | Epoch 320 Train Time 39.30939483642578s

2025-10-25 11:37:46,695 | INFO | Training epoch 321, Batch 1000/1000: LR=7.70e-05, Loss=5.03e-03 BER=1.81e-03 FER=3.63e-02
2025-10-25 11:37:46,766 | INFO | Epoch 321 Train Time 39.433064699172974s

2025-10-25 11:38:26,161 | INFO | Training epoch 322, Batch 1000/1000: LR=7.69e-05, Loss=5.12e-03 BER=1.84e-03 FER=3.70e-02
2025-10-25 11:38:26,234 | INFO | Epoch 322 Train Time 39.46691274642944s

2025-10-25 11:39:05,862 | INFO | Training epoch 323, Batch 1000/1000: LR=7.68e-05, Loss=5.08e-03 BER=1.83e-03 FER=3.70e-02
2025-10-25 11:39:05,948 | INFO | Epoch 323 Train Time 39.712098121643066s

2025-10-25 11:39:45,869 | INFO | Training epoch 324, Batch 1000/1000: LR=7.66e-05, Loss=4.98e-03 BER=1.77e-03 FER=3.65e-02
2025-10-25 11:39:45,946 | INFO | Epoch 324 Train Time 39.99605941772461s

2025-10-25 11:40:25,983 | INFO | Training epoch 325, Batch 1000/1000: LR=7.65e-05, Loss=4.94e-03 BER=1.78e-03 FER=3.65e-02
2025-10-25 11:40:26,059 | INFO | Epoch 325 Train Time 40.11026334762573s

2025-10-25 11:41:05,282 | INFO | Training epoch 326, Batch 1000/1000: LR=7.64e-05, Loss=5.05e-03 BER=1.81e-03 FER=3.67e-02
2025-10-25 11:41:05,351 | INFO | Epoch 326 Train Time 39.291508197784424s

2025-10-25 11:41:44,983 | INFO | Training epoch 327, Batch 1000/1000: LR=7.62e-05, Loss=5.08e-03 BER=1.83e-03 FER=3.69e-02
2025-10-25 11:41:45,075 | INFO | Epoch 327 Train Time 39.7220675945282s

2025-10-25 11:42:24,560 | INFO | Training epoch 328, Batch 1000/1000: LR=7.61e-05, Loss=5.25e-03 BER=1.89e-03 FER=3.76e-02
2025-10-25 11:42:24,636 | INFO | Epoch 328 Train Time 39.55936884880066s

2025-10-25 11:43:04,265 | INFO | Training epoch 329, Batch 1000/1000: LR=7.60e-05, Loss=5.11e-03 BER=1.82e-03 FER=3.68e-02
2025-10-25 11:43:04,338 | INFO | Epoch 329 Train Time 39.70003294944763s

2025-10-25 11:43:44,065 | INFO | Training epoch 330, Batch 1000/1000: LR=7.58e-05, Loss=4.96e-03 BER=1.78e-03 FER=3.64e-02
2025-10-25 11:43:44,145 | INFO | Epoch 330 Train Time 39.80563807487488s

2025-10-25 11:44:23,662 | INFO | Training epoch 331, Batch 1000/1000: LR=7.57e-05, Loss=5.07e-03 BER=1.82e-03 FER=3.67e-02
2025-10-25 11:44:23,744 | INFO | Epoch 331 Train Time 39.59787678718567s

2025-10-25 11:45:03,648 | INFO | Training epoch 332, Batch 1000/1000: LR=7.56e-05, Loss=5.11e-03 BER=1.82e-03 FER=3.72e-02
2025-10-25 11:45:03,736 | INFO | Epoch 332 Train Time 39.990314960479736s

2025-10-25 11:45:43,563 | INFO | Training epoch 333, Batch 1000/1000: LR=7.54e-05, Loss=4.98e-03 BER=1.78e-03 FER=3.61e-02
2025-10-25 11:45:43,649 | INFO | Epoch 333 Train Time 39.91226768493652s

2025-10-25 11:46:24,005 | INFO | Training epoch 334, Batch 1000/1000: LR=7.53e-05, Loss=4.96e-03 BER=1.76e-03 FER=3.56e-02
2025-10-25 11:46:24,089 | INFO | Epoch 334 Train Time 40.43800950050354s

2025-10-25 11:47:03,973 | INFO | Training epoch 335, Batch 1000/1000: LR=7.52e-05, Loss=5.04e-03 BER=1.81e-03 FER=3.66e-02
2025-10-25 11:47:04,053 | INFO | Epoch 335 Train Time 39.96266055107117s

2025-10-25 11:47:44,008 | INFO | Training epoch 336, Batch 1000/1000: LR=7.50e-05, Loss=5.04e-03 BER=1.79e-03 FER=3.63e-02
2025-10-25 11:47:44,095 | INFO | Epoch 336 Train Time 40.040751457214355s

2025-10-25 11:48:23,667 | INFO | Training epoch 337, Batch 1000/1000: LR=7.49e-05, Loss=4.88e-03 BER=1.78e-03 FER=3.58e-02
2025-10-25 11:48:23,760 | INFO | Epoch 337 Train Time 39.66140556335449s

2025-10-25 11:48:23,760 | INFO | [P1] saving best_model with loss 0.004879 at epoch 337
2025-10-25 11:49:03,584 | INFO | Training epoch 338, Batch 1000/1000: LR=7.48e-05, Loss=4.95e-03 BER=1.77e-03 FER=3.54e-02
2025-10-25 11:49:03,654 | INFO | Epoch 338 Train Time 39.81852459907532s

2025-10-25 11:49:43,667 | INFO | Training epoch 339, Batch 1000/1000: LR=7.46e-05, Loss=4.97e-03 BER=1.79e-03 FER=3.57e-02
2025-10-25 11:49:43,745 | INFO | Epoch 339 Train Time 40.08915138244629s

2025-10-25 11:50:23,465 | INFO | Training epoch 340, Batch 1000/1000: LR=7.45e-05, Loss=4.93e-03 BER=1.76e-03 FER=3.57e-02
2025-10-25 11:50:23,545 | INFO | Epoch 340 Train Time 39.79643893241882s

2025-10-25 11:51:03,557 | INFO | Training epoch 341, Batch 1000/1000: LR=7.43e-05, Loss=5.05e-03 BER=1.84e-03 FER=3.69e-02
2025-10-25 11:51:03,631 | INFO | Epoch 341 Train Time 40.084766149520874s

2025-10-25 11:51:43,565 | INFO | Training epoch 342, Batch 1000/1000: LR=7.42e-05, Loss=5.03e-03 BER=1.82e-03 FER=3.65e-02
2025-10-25 11:51:43,642 | INFO | Epoch 342 Train Time 40.00926756858826s

2025-10-25 11:52:23,061 | INFO | Training epoch 343, Batch 1000/1000: LR=7.41e-05, Loss=4.88e-03 BER=1.78e-03 FER=3.58e-02
2025-10-25 11:52:23,148 | INFO | Epoch 343 Train Time 39.503669023513794s

2025-10-25 11:52:23,148 | INFO | [P1] saving best_model with loss 0.004878 at epoch 343
2025-10-25 11:53:02,885 | INFO | Training epoch 344, Batch 1000/1000: LR=7.39e-05, Loss=5.07e-03 BER=1.84e-03 FER=3.71e-02
2025-10-25 11:53:02,969 | INFO | Epoch 344 Train Time 39.75025010108948s

2025-10-25 11:53:42,965 | INFO | Training epoch 345, Batch 1000/1000: LR=7.38e-05, Loss=4.84e-03 BER=1.74e-03 FER=3.53e-02
2025-10-25 11:53:43,033 | INFO | Epoch 345 Train Time 40.06221008300781s

2025-10-25 11:53:43,034 | INFO | [P1] saving best_model with loss 0.004837 at epoch 345
2025-10-25 11:54:23,002 | INFO | Training epoch 346, Batch 1000/1000: LR=7.37e-05, Loss=5.00e-03 BER=1.80e-03 FER=3.65e-02
2025-10-25 11:54:23,092 | INFO | Epoch 346 Train Time 39.97632360458374s

2025-10-25 11:55:02,863 | INFO | Training epoch 347, Batch 1000/1000: LR=7.35e-05, Loss=5.00e-03 BER=1.81e-03 FER=3.62e-02
2025-10-25 11:55:02,941 | INFO | Epoch 347 Train Time 39.847670793533325s

2025-10-25 11:55:42,775 | INFO | Training epoch 348, Batch 1000/1000: LR=7.34e-05, Loss=5.03e-03 BER=1.80e-03 FER=3.63e-02
2025-10-25 11:55:42,860 | INFO | Epoch 348 Train Time 39.91750192642212s

2025-10-25 11:56:22,266 | INFO | Training epoch 349, Batch 1000/1000: LR=7.32e-05, Loss=5.01e-03 BER=1.80e-03 FER=3.65e-02
2025-10-25 11:56:22,347 | INFO | Epoch 349 Train Time 39.485512018203735s

2025-10-25 11:57:02,288 | INFO | Training epoch 350, Batch 1000/1000: LR=7.31e-05, Loss=5.03e-03 BER=1.81e-03 FER=3.68e-02
2025-10-25 11:57:02,364 | INFO | Epoch 350 Train Time 40.01508712768555s

2025-10-25 11:57:42,355 | INFO | Training epoch 351, Batch 1000/1000: LR=7.30e-05, Loss=4.90e-03 BER=1.75e-03 FER=3.51e-02
2025-10-25 11:57:42,436 | INFO | Epoch 351 Train Time 40.07059121131897s

2025-10-25 11:58:21,981 | INFO | Training epoch 352, Batch 1000/1000: LR=7.28e-05, Loss=5.03e-03 BER=1.83e-03 FER=3.65e-02
2025-10-25 11:58:22,055 | INFO | Epoch 352 Train Time 39.61795258522034s

2025-10-25 11:59:01,849 | INFO | Training epoch 353, Batch 1000/1000: LR=7.27e-05, Loss=4.96e-03 BER=1.81e-03 FER=3.57e-02
2025-10-25 11:59:01,937 | INFO | Epoch 353 Train Time 39.880287647247314s

2025-10-25 11:59:41,689 | INFO | Training epoch 354, Batch 1000/1000: LR=7.26e-05, Loss=5.01e-03 BER=1.79e-03 FER=3.60e-02
2025-10-25 11:59:41,759 | INFO | Epoch 354 Train Time 39.81843376159668s

2025-10-25 12:00:21,185 | INFO | Training epoch 355, Batch 1000/1000: LR=7.24e-05, Loss=5.00e-03 BER=1.78e-03 FER=3.61e-02
2025-10-25 12:00:21,253 | INFO | Epoch 355 Train Time 39.49327802658081s

2025-10-25 12:01:01,099 | INFO | Training epoch 356, Batch 1000/1000: LR=7.23e-05, Loss=4.99e-03 BER=1.81e-03 FER=3.65e-02
2025-10-25 12:01:01,168 | INFO | Epoch 356 Train Time 39.91351270675659s

2025-10-25 12:01:40,865 | INFO | Training epoch 357, Batch 1000/1000: LR=7.21e-05, Loss=4.86e-03 BER=1.74e-03 FER=3.54e-02
2025-10-25 12:01:40,943 | INFO | Epoch 357 Train Time 39.772077798843384s

2025-10-25 12:02:20,663 | INFO | Training epoch 358, Batch 1000/1000: LR=7.20e-05, Loss=4.98e-03 BER=1.78e-03 FER=3.62e-02
2025-10-25 12:02:20,740 | INFO | Epoch 358 Train Time 39.79564070701599s

2025-10-25 12:03:00,449 | INFO | Training epoch 359, Batch 1000/1000: LR=7.19e-05, Loss=5.00e-03 BER=1.78e-03 FER=3.57e-02
2025-10-25 12:03:00,531 | INFO | Epoch 359 Train Time 39.7877459526062s

2025-10-25 12:03:39,948 | INFO | Training epoch 360, Batch 1000/1000: LR=7.17e-05, Loss=4.88e-03 BER=1.76e-03 FER=3.57e-02
2025-10-25 12:03:40,038 | INFO | Epoch 360 Train Time 39.50589656829834s

2025-10-25 12:04:19,486 | INFO | Training epoch 361, Batch 1000/1000: LR=7.16e-05, Loss=4.96e-03 BER=1.80e-03 FER=3.63e-02
2025-10-25 12:04:19,568 | INFO | Epoch 361 Train Time 39.52814960479736s

2025-10-25 12:04:59,189 | INFO | Training epoch 362, Batch 1000/1000: LR=7.14e-05, Loss=4.94e-03 BER=1.79e-03 FER=3.57e-02
2025-10-25 12:04:59,273 | INFO | Epoch 362 Train Time 39.70347046852112s

2025-10-25 12:05:38,795 | INFO | Training epoch 363, Batch 1000/1000: LR=7.13e-05, Loss=4.89e-03 BER=1.78e-03 FER=3.61e-02
2025-10-25 12:05:38,875 | INFO | Epoch 363 Train Time 39.599796295166016s

2025-10-25 12:06:18,288 | INFO | Training epoch 364, Batch 1000/1000: LR=7.12e-05, Loss=5.08e-03 BER=1.82e-03 FER=3.65e-02
2025-10-25 12:06:18,360 | INFO | Epoch 364 Train Time 39.48347091674805s

2025-10-25 12:06:57,954 | INFO | Training epoch 365, Batch 1000/1000: LR=7.10e-05, Loss=4.84e-03 BER=1.75e-03 FER=3.58e-02
2025-10-25 12:06:58,033 | INFO | Epoch 365 Train Time 39.6716890335083s

2025-10-25 12:07:37,560 | INFO | Training epoch 366, Batch 1000/1000: LR=7.09e-05, Loss=4.91e-03 BER=1.76e-03 FER=3.61e-02
2025-10-25 12:07:37,634 | INFO | Epoch 366 Train Time 39.59986734390259s

2025-10-25 12:08:17,665 | INFO | Training epoch 367, Batch 1000/1000: LR=7.07e-05, Loss=4.85e-03 BER=1.74e-03 FER=3.54e-02
2025-10-25 12:08:17,740 | INFO | Epoch 367 Train Time 40.10473847389221s

2025-10-25 12:08:57,669 | INFO | Training epoch 368, Batch 1000/1000: LR=7.06e-05, Loss=5.03e-03 BER=1.80e-03 FER=3.62e-02
2025-10-25 12:08:57,752 | INFO | Epoch 368 Train Time 40.01034235954285s

2025-10-25 12:09:37,768 | INFO | Training epoch 369, Batch 1000/1000: LR=7.04e-05, Loss=5.05e-03 BER=1.82e-03 FER=3.64e-02
2025-10-25 12:09:37,844 | INFO | Epoch 369 Train Time 40.08989596366882s

2025-10-25 12:10:17,462 | INFO | Training epoch 370, Batch 1000/1000: LR=7.03e-05, Loss=5.20e-03 BER=1.86e-03 FER=3.70e-02
2025-10-25 12:10:17,534 | INFO | Epoch 370 Train Time 39.689037799835205s

2025-10-25 12:10:57,075 | INFO | Training epoch 371, Batch 1000/1000: LR=7.02e-05, Loss=4.88e-03 BER=1.75e-03 FER=3.54e-02
2025-10-25 12:10:57,163 | INFO | Epoch 371 Train Time 39.626702070236206s

2025-10-25 12:11:37,095 | INFO | Training epoch 372, Batch 1000/1000: LR=7.00e-05, Loss=4.82e-03 BER=1.73e-03 FER=3.46e-02
2025-10-25 12:11:37,168 | INFO | Epoch 372 Train Time 40.00313878059387s

2025-10-25 12:11:37,169 | INFO | [P1] saving best_model with loss 0.004822 at epoch 372
2025-10-25 12:12:16,767 | INFO | Training epoch 373, Batch 1000/1000: LR=6.99e-05, Loss=5.13e-03 BER=1.82e-03 FER=3.64e-02
2025-10-25 12:12:16,856 | INFO | Epoch 373 Train Time 39.61683511734009s

2025-10-25 12:12:56,153 | INFO | Training epoch 374, Batch 1000/1000: LR=6.97e-05, Loss=4.99e-03 BER=1.80e-03 FER=3.58e-02
2025-10-25 12:12:56,242 | INFO | Epoch 374 Train Time 39.383883237838745s

2025-10-25 12:13:35,771 | INFO | Training epoch 375, Batch 1000/1000: LR=6.96e-05, Loss=4.98e-03 BER=1.78e-03 FER=3.57e-02
2025-10-25 12:13:35,862 | INFO | Epoch 375 Train Time 39.61861848831177s

2025-10-25 12:14:15,666 | INFO | Training epoch 376, Batch 1000/1000: LR=6.94e-05, Loss=4.86e-03 BER=1.74e-03 FER=3.54e-02
2025-10-25 12:14:15,744 | INFO | Epoch 376 Train Time 39.88002824783325s

2025-10-25 12:14:55,464 | INFO | Training epoch 377, Batch 1000/1000: LR=6.93e-05, Loss=4.98e-03 BER=1.79e-03 FER=3.60e-02
2025-10-25 12:14:55,535 | INFO | Epoch 377 Train Time 39.78956341743469s

2025-10-25 12:15:34,991 | INFO | Training epoch 378, Batch 1000/1000: LR=6.92e-05, Loss=5.13e-03 BER=1.83e-03 FER=3.63e-02
2025-10-25 12:15:35,072 | INFO | Epoch 378 Train Time 39.536258935928345s

2025-10-25 12:16:14,460 | INFO | Training epoch 379, Batch 1000/1000: LR=6.90e-05, Loss=5.14e-03 BER=1.84e-03 FER=3.69e-02
2025-10-25 12:16:14,543 | INFO | Epoch 379 Train Time 39.468870639801025s

2025-10-25 12:16:53,965 | INFO | Training epoch 380, Batch 1000/1000: LR=6.89e-05, Loss=5.04e-03 BER=1.79e-03 FER=3.62e-02
2025-10-25 12:16:54,037 | INFO | Epoch 380 Train Time 39.48985958099365s

2025-10-25 12:17:33,966 | INFO | Training epoch 381, Batch 1000/1000: LR=6.87e-05, Loss=4.98e-03 BER=1.79e-03 FER=3.63e-02
2025-10-25 12:17:34,038 | INFO | Epoch 381 Train Time 40.000115633010864s

2025-10-25 12:18:13,779 | INFO | Training epoch 382, Batch 1000/1000: LR=6.86e-05, Loss=5.05e-03 BER=1.80e-03 FER=3.62e-02
2025-10-25 12:18:13,859 | INFO | Epoch 382 Train Time 39.81927037239075s

2025-10-25 12:18:53,662 | INFO | Training epoch 383, Batch 1000/1000: LR=6.84e-05, Loss=4.99e-03 BER=1.78e-03 FER=3.55e-02
2025-10-25 12:18:53,737 | INFO | Epoch 383 Train Time 39.87601685523987s

2025-10-25 12:19:33,458 | INFO | Training epoch 384, Batch 1000/1000: LR=6.83e-05, Loss=4.91e-03 BER=1.76e-03 FER=3.55e-02
2025-10-25 12:19:33,533 | INFO | Epoch 384 Train Time 39.79462218284607s

2025-10-25 12:20:13,101 | INFO | Training epoch 385, Batch 1000/1000: LR=6.81e-05, Loss=5.01e-03 BER=1.78e-03 FER=3.57e-02
2025-10-25 12:20:13,181 | INFO | Epoch 385 Train Time 39.646971702575684s

2025-10-25 12:20:53,294 | INFO | Training epoch 386, Batch 1000/1000: LR=6.80e-05, Loss=4.93e-03 BER=1.76e-03 FER=3.57e-02
2025-10-25 12:20:53,368 | INFO | Epoch 386 Train Time 40.186100482940674s

2025-10-25 12:21:32,571 | INFO | Training epoch 387, Batch 1000/1000: LR=6.79e-05, Loss=5.07e-03 BER=1.83e-03 FER=3.67e-02
2025-10-25 12:21:32,637 | INFO | Epoch 387 Train Time 39.267526388168335s

2025-10-25 12:22:11,962 | INFO | Training epoch 388, Batch 1000/1000: LR=6.77e-05, Loss=4.98e-03 BER=1.75e-03 FER=3.51e-02
2025-10-25 12:22:12,052 | INFO | Epoch 388 Train Time 39.41314387321472s

2025-10-25 12:22:51,566 | INFO | Training epoch 389, Batch 1000/1000: LR=6.76e-05, Loss=5.02e-03 BER=1.82e-03 FER=3.60e-02
2025-10-25 12:22:51,675 | INFO | Epoch 389 Train Time 39.62211203575134s

2025-10-25 12:23:31,462 | INFO | Training epoch 390, Batch 1000/1000: LR=6.74e-05, Loss=5.11e-03 BER=1.84e-03 FER=3.65e-02
2025-10-25 12:23:31,541 | INFO | Epoch 390 Train Time 39.86435294151306s

2025-10-25 12:24:11,055 | INFO | Training epoch 391, Batch 1000/1000: LR=6.73e-05, Loss=4.84e-03 BER=1.75e-03 FER=3.54e-02
2025-10-25 12:24:11,138 | INFO | Epoch 391 Train Time 39.59481644630432s

2025-10-25 12:24:51,163 | INFO | Training epoch 392, Batch 1000/1000: LR=6.71e-05, Loss=4.86e-03 BER=1.76e-03 FER=3.52e-02
2025-10-25 12:24:51,259 | INFO | Epoch 392 Train Time 40.119734048843384s

2025-10-25 12:25:31,188 | INFO | Training epoch 393, Batch 1000/1000: LR=6.70e-05, Loss=4.87e-03 BER=1.74e-03 FER=3.52e-02
2025-10-25 12:25:31,278 | INFO | Epoch 393 Train Time 40.01751255989075s

2025-10-25 12:26:10,923 | INFO | Training epoch 394, Batch 1000/1000: LR=6.68e-05, Loss=5.12e-03 BER=1.83e-03 FER=3.63e-02
2025-10-25 12:26:10,994 | INFO | Epoch 394 Train Time 39.71499013900757s

2025-10-25 12:26:51,074 | INFO | Training epoch 395, Batch 1000/1000: LR=6.67e-05, Loss=5.04e-03 BER=1.83e-03 FER=3.66e-02
2025-10-25 12:26:51,172 | INFO | Epoch 395 Train Time 40.17638063430786s

2025-10-25 12:27:31,069 | INFO | Training epoch 396, Batch 1000/1000: LR=6.65e-05, Loss=4.88e-03 BER=1.75e-03 FER=3.53e-02
2025-10-25 12:27:31,146 | INFO | Epoch 396 Train Time 39.97230839729309s

2025-10-25 12:28:09,652 | INFO | Training epoch 397, Batch 1000/1000: LR=6.64e-05, Loss=4.93e-03 BER=1.78e-03 FER=3.56e-02
2025-10-25 12:28:09,732 | INFO | Epoch 397 Train Time 38.58401441574097s

2025-10-25 12:28:49,654 | INFO | Training epoch 398, Batch 1000/1000: LR=6.62e-05, Loss=4.87e-03 BER=1.75e-03 FER=3.54e-02
2025-10-25 12:28:49,734 | INFO | Epoch 398 Train Time 40.00021576881409s

2025-10-25 12:29:29,662 | INFO | Training epoch 399, Batch 1000/1000: LR=6.61e-05, Loss=4.97e-03 BER=1.78e-03 FER=3.58e-02
2025-10-25 12:29:29,759 | INFO | Epoch 399 Train Time 40.02306413650513s

2025-10-25 12:30:09,465 | INFO | Training epoch 400, Batch 1000/1000: LR=6.59e-05, Loss=4.96e-03 BER=1.78e-03 FER=3.58e-02
2025-10-25 12:30:09,550 | INFO | Epoch 400 Train Time 39.78978157043457s

2025-10-25 12:30:48,971 | INFO | Training epoch 401, Batch 1000/1000: LR=6.58e-05, Loss=4.88e-03 BER=1.74e-03 FER=3.49e-02
2025-10-25 12:30:49,042 | INFO | Epoch 401 Train Time 39.48977279663086s

2025-10-25 12:31:28,762 | INFO | Training epoch 402, Batch 1000/1000: LR=6.56e-05, Loss=5.04e-03 BER=1.81e-03 FER=3.62e-02
2025-10-25 12:31:28,839 | INFO | Epoch 402 Train Time 39.79478979110718s

2025-10-25 12:32:08,182 | INFO | Training epoch 403, Batch 1000/1000: LR=6.55e-05, Loss=4.86e-03 BER=1.73e-03 FER=3.46e-02
2025-10-25 12:32:08,272 | INFO | Epoch 403 Train Time 39.43070387840271s

2025-10-25 12:32:47,573 | INFO | Training epoch 404, Batch 1000/1000: LR=6.54e-05, Loss=4.95e-03 BER=1.77e-03 FER=3.57e-02
2025-10-25 12:32:47,643 | INFO | Epoch 404 Train Time 39.3694703578949s

2025-10-25 12:33:26,766 | INFO | Training epoch 405, Batch 1000/1000: LR=6.52e-05, Loss=4.80e-03 BER=1.72e-03 FER=3.47e-02
2025-10-25 12:33:26,836 | INFO | Epoch 405 Train Time 39.191771030426025s

2025-10-25 12:33:26,838 | INFO | [P1] saving best_model with loss 0.004801 at epoch 405
2025-10-25 12:34:05,764 | INFO | Training epoch 406, Batch 1000/1000: LR=6.51e-05, Loss=5.04e-03 BER=1.81e-03 FER=3.64e-02
2025-10-25 12:34:05,839 | INFO | Epoch 406 Train Time 38.91055202484131s

2025-10-25 12:34:45,073 | INFO | Training epoch 407, Batch 1000/1000: LR=6.49e-05, Loss=4.94e-03 BER=1.76e-03 FER=3.49e-02
2025-10-25 12:34:45,148 | INFO | Epoch 407 Train Time 39.30703926086426s

2025-10-25 12:35:24,470 | INFO | Training epoch 408, Batch 1000/1000: LR=6.48e-05, Loss=5.02e-03 BER=1.81e-03 FER=3.59e-02
2025-10-25 12:35:24,546 | INFO | Epoch 408 Train Time 39.394643783569336s

2025-10-25 12:36:04,162 | INFO | Training epoch 409, Batch 1000/1000: LR=6.46e-05, Loss=4.98e-03 BER=1.76e-03 FER=3.54e-02
2025-10-25 12:36:04,250 | INFO | Epoch 409 Train Time 39.70330476760864s

2025-10-25 12:36:43,851 | INFO | Training epoch 410, Batch 1000/1000: LR=6.45e-05, Loss=4.95e-03 BER=1.78e-03 FER=3.55e-02
2025-10-25 12:36:43,934 | INFO | Epoch 410 Train Time 39.682210206985474s

2025-10-25 12:37:23,652 | INFO | Training epoch 411, Batch 1000/1000: LR=6.43e-05, Loss=4.87e-03 BER=1.76e-03 FER=3.52e-02
2025-10-25 12:37:23,727 | INFO | Epoch 411 Train Time 39.79153490066528s

2025-10-25 12:38:01,531 | INFO | Training epoch 412, Batch 1000/1000: LR=6.42e-05, Loss=4.82e-03 BER=1.74e-03 FER=3.51e-02
2025-10-25 12:38:01,624 | INFO | Epoch 412 Train Time 37.89587759971619s

2025-10-25 12:38:38,226 | INFO | Training epoch 413, Batch 1000/1000: LR=6.40e-05, Loss=4.97e-03 BER=1.77e-03 FER=3.46e-02
2025-10-25 12:38:38,302 | INFO | Epoch 413 Train Time 36.67656230926514s

2025-10-25 12:39:15,142 | INFO | Training epoch 414, Batch 1000/1000: LR=6.39e-05, Loss=4.92e-03 BER=1.76e-03 FER=3.51e-02
2025-10-25 12:39:15,241 | INFO | Epoch 414 Train Time 36.93870234489441s

2025-10-25 12:39:51,621 | INFO | Training epoch 415, Batch 1000/1000: LR=6.37e-05, Loss=4.88e-03 BER=1.76e-03 FER=3.52e-02
2025-10-25 12:39:51,700 | INFO | Epoch 415 Train Time 36.45778965950012s

2025-10-25 12:40:28,448 | INFO | Training epoch 416, Batch 1000/1000: LR=6.36e-05, Loss=4.90e-03 BER=1.75e-03 FER=3.49e-02
2025-10-25 12:40:28,517 | INFO | Epoch 416 Train Time 36.815502405166626s

2025-10-25 12:41:05,423 | INFO | Training epoch 417, Batch 1000/1000: LR=6.34e-05, Loss=4.85e-03 BER=1.75e-03 FER=3.50e-02
2025-10-25 12:41:05,489 | INFO | Epoch 417 Train Time 36.9705753326416s

2025-10-25 12:41:42,231 | INFO | Training epoch 418, Batch 1000/1000: LR=6.33e-05, Loss=4.80e-03 BER=1.70e-03 FER=3.42e-02
2025-10-25 12:41:42,331 | INFO | Epoch 418 Train Time 36.83973407745361s

2025-10-25 12:41:42,331 | INFO | [P1] saving best_model with loss 0.004801 at epoch 418
2025-10-25 12:42:18,737 | INFO | Training epoch 419, Batch 1000/1000: LR=6.31e-05, Loss=4.87e-03 BER=1.74e-03 FER=3.49e-02
2025-10-25 12:42:18,835 | INFO | Epoch 419 Train Time 36.429829359054565s

2025-10-25 12:42:55,435 | INFO | Training epoch 420, Batch 1000/1000: LR=6.30e-05, Loss=4.86e-03 BER=1.73e-03 FER=3.44e-02
2025-10-25 12:42:55,518 | INFO | Epoch 420 Train Time 36.68190789222717s

2025-10-25 12:43:31,927 | INFO | Training epoch 421, Batch 1000/1000: LR=6.28e-05, Loss=4.83e-03 BER=1.75e-03 FER=3.50e-02
2025-10-25 12:43:32,011 | INFO | Epoch 421 Train Time 36.49099063873291s

2025-10-25 12:44:09,058 | INFO | Training epoch 422, Batch 1000/1000: LR=6.27e-05, Loss=5.09e-03 BER=1.81e-03 FER=3.59e-02
2025-10-25 12:44:09,128 | INFO | Epoch 422 Train Time 37.11572003364563s

2025-10-25 12:44:45,616 | INFO | Training epoch 423, Batch 1000/1000: LR=6.25e-05, Loss=4.99e-03 BER=1.80e-03 FER=3.59e-02
2025-10-25 12:44:45,715 | INFO | Epoch 423 Train Time 36.58567476272583s

2025-10-25 12:45:22,354 | INFO | Training epoch 424, Batch 1000/1000: LR=6.24e-05, Loss=4.85e-03 BER=1.74e-03 FER=3.46e-02
2025-10-25 12:45:22,423 | INFO | Epoch 424 Train Time 36.70678687095642s

2025-10-25 12:45:59,423 | INFO | Training epoch 425, Batch 1000/1000: LR=6.22e-05, Loss=4.92e-03 BER=1.76e-03 FER=3.53e-02
2025-10-25 12:45:59,483 | INFO | Epoch 425 Train Time 37.05872344970703s

2025-10-25 12:46:35,737 | INFO | Training epoch 426, Batch 1000/1000: LR=6.21e-05, Loss=4.80e-03 BER=1.73e-03 FER=3.46e-02
2025-10-25 12:46:35,820 | INFO | Epoch 426 Train Time 36.33379626274109s

2025-10-25 12:47:12,540 | INFO | Training epoch 427, Batch 1000/1000: LR=6.19e-05, Loss=4.91e-03 BER=1.74e-03 FER=3.53e-02
2025-10-25 12:47:12,608 | INFO | Epoch 427 Train Time 36.786794662475586s

2025-10-25 12:47:49,530 | INFO | Training epoch 428, Batch 1000/1000: LR=6.18e-05, Loss=4.77e-03 BER=1.71e-03 FER=3.43e-02
2025-10-25 12:47:49,604 | INFO | Epoch 428 Train Time 36.99500036239624s

2025-10-25 12:47:49,604 | INFO | [P1] saving best_model with loss 0.004769 at epoch 428
2025-10-25 12:48:26,131 | INFO | Training epoch 429, Batch 1000/1000: LR=6.16e-05, Loss=4.59e-03 BER=1.66e-03 FER=3.37e-02
2025-10-25 12:48:26,214 | INFO | Epoch 429 Train Time 36.52572560310364s

2025-10-25 12:48:26,215 | INFO | [P1] saving best_model with loss 0.004592 at epoch 429
2025-10-25 12:49:03,541 | INFO | Training epoch 430, Batch 1000/1000: LR=6.14e-05, Loss=4.86e-03 BER=1.76e-03 FER=3.54e-02
2025-10-25 12:49:03,611 | INFO | Epoch 430 Train Time 37.31992506980896s

2025-10-25 12:49:40,864 | INFO | Training epoch 431, Batch 1000/1000: LR=6.13e-05, Loss=5.06e-03 BER=1.80e-03 FER=3.60e-02
2025-10-25 12:49:40,950 | INFO | Epoch 431 Train Time 37.3371148109436s

2025-10-25 12:50:17,631 | INFO | Training epoch 432, Batch 1000/1000: LR=6.11e-05, Loss=4.99e-03 BER=1.80e-03 FER=3.56e-02
2025-10-25 12:50:17,705 | INFO | Epoch 432 Train Time 36.75415277481079s

2025-10-25 12:50:54,747 | INFO | Training epoch 433, Batch 1000/1000: LR=6.10e-05, Loss=4.91e-03 BER=1.75e-03 FER=3.50e-02
2025-10-25 12:50:54,828 | INFO | Epoch 433 Train Time 37.12225532531738s

2025-10-25 12:51:30,025 | INFO | Training epoch 434, Batch 1000/1000: LR=6.08e-05, Loss=4.79e-03 BER=1.72e-03 FER=3.42e-02
2025-10-25 12:51:30,092 | INFO | Epoch 434 Train Time 35.26173782348633s

2025-10-25 12:52:07,163 | INFO | Training epoch 435, Batch 1000/1000: LR=6.07e-05, Loss=4.82e-03 BER=1.75e-03 FER=3.47e-02
2025-10-25 12:52:07,230 | INFO | Epoch 435 Train Time 37.137189626693726s

2025-10-25 12:52:44,118 | INFO | Training epoch 436, Batch 1000/1000: LR=6.05e-05, Loss=4.88e-03 BER=1.76e-03 FER=3.49e-02
2025-10-25 12:52:44,213 | INFO | Epoch 436 Train Time 36.98061990737915s

2025-10-25 12:53:20,884 | INFO | Training epoch 437, Batch 1000/1000: LR=6.04e-05, Loss=5.07e-03 BER=1.83e-03 FER=3.63e-02
2025-10-25 12:53:20,957 | INFO | Epoch 437 Train Time 36.74230098724365s

2025-10-25 12:53:57,614 | INFO | Training epoch 438, Batch 1000/1000: LR=6.02e-05, Loss=4.79e-03 BER=1.73e-03 FER=3.51e-02
2025-10-25 12:53:57,681 | INFO | Epoch 438 Train Time 36.72314190864563s

2025-10-25 12:54:34,634 | INFO | Training epoch 439, Batch 1000/1000: LR=6.01e-05, Loss=4.78e-03 BER=1.72e-03 FER=3.45e-02
2025-10-25 12:54:34,714 | INFO | Epoch 439 Train Time 37.03105664253235s

2025-10-25 12:55:11,227 | INFO | Training epoch 440, Batch 1000/1000: LR=5.99e-05, Loss=4.87e-03 BER=1.74e-03 FER=3.48e-02
2025-10-25 12:55:11,310 | INFO | Epoch 440 Train Time 36.594287395477295s

2025-10-25 12:55:48,330 | INFO | Training epoch 441, Batch 1000/1000: LR=5.98e-05, Loss=4.91e-03 BER=1.75e-03 FER=3.50e-02
2025-10-25 12:55:48,410 | INFO | Epoch 441 Train Time 37.099342346191406s

2025-10-25 12:56:24,934 | INFO | Training epoch 442, Batch 1000/1000: LR=5.96e-05, Loss=4.82e-03 BER=1.73e-03 FER=3.44e-02
2025-10-25 12:56:25,001 | INFO | Epoch 442 Train Time 36.58951258659363s

2025-10-25 12:57:02,003 | INFO | Training epoch 443, Batch 1000/1000: LR=5.95e-05, Loss=4.83e-03 BER=1.72e-03 FER=3.43e-02
2025-10-25 12:57:02,085 | INFO | Epoch 443 Train Time 37.08317422866821s

2025-10-25 12:57:38,878 | INFO | Training epoch 444, Batch 1000/1000: LR=5.93e-05, Loss=4.78e-03 BER=1.72e-03 FER=3.45e-02
2025-10-25 12:57:38,953 | INFO | Epoch 444 Train Time 36.86637043952942s

2025-10-25 12:58:15,946 | INFO | Training epoch 445, Batch 1000/1000: LR=5.92e-05, Loss=4.76e-03 BER=1.71e-03 FER=3.46e-02
2025-10-25 12:58:16,032 | INFO | Epoch 445 Train Time 37.07754683494568s

2025-10-25 12:58:52,155 | INFO | Training epoch 446, Batch 1000/1000: LR=5.90e-05, Loss=4.84e-03 BER=1.72e-03 FER=3.47e-02
2025-10-25 12:58:52,230 | INFO | Epoch 446 Train Time 36.19666123390198s

2025-10-25 12:59:29,028 | INFO | Training epoch 447, Batch 1000/1000: LR=5.89e-05, Loss=4.91e-03 BER=1.76e-03 FER=3.53e-02
2025-10-25 12:59:29,102 | INFO | Epoch 447 Train Time 36.87107491493225s

2025-10-25 13:00:04,748 | INFO | Training epoch 448, Batch 1000/1000: LR=5.87e-05, Loss=4.74e-03 BER=1.70e-03 FER=3.37e-02
2025-10-25 13:00:04,814 | INFO | Epoch 448 Train Time 35.709372997283936s

2025-10-25 13:00:41,827 | INFO | Training epoch 449, Batch 1000/1000: LR=5.86e-05, Loss=5.03e-03 BER=1.80e-03 FER=3.59e-02
2025-10-25 13:00:41,911 | INFO | Epoch 449 Train Time 37.095494747161865s

2025-10-25 13:01:19,054 | INFO | Training epoch 450, Batch 1000/1000: LR=5.84e-05, Loss=4.77e-03 BER=1.70e-03 FER=3.41e-02
2025-10-25 13:01:19,140 | INFO | Epoch 450 Train Time 37.225767850875854s

2025-10-25 13:01:56,028 | INFO | Training epoch 451, Batch 1000/1000: LR=5.82e-05, Loss=4.92e-03 BER=1.76e-03 FER=3.52e-02
2025-10-25 13:01:56,096 | INFO | Epoch 451 Train Time 36.95544791221619s

2025-10-25 13:02:33,061 | INFO | Training epoch 452, Batch 1000/1000: LR=5.81e-05, Loss=4.97e-03 BER=1.80e-03 FER=3.63e-02
2025-10-25 13:02:33,126 | INFO | Epoch 452 Train Time 37.027735233306885s

2025-10-25 13:03:10,145 | INFO | Training epoch 453, Batch 1000/1000: LR=5.79e-05, Loss=4.73e-03 BER=1.71e-03 FER=3.42e-02
2025-10-25 13:03:10,222 | INFO | Epoch 453 Train Time 37.095175981521606s

2025-10-25 13:03:46,931 | INFO | Training epoch 454, Batch 1000/1000: LR=5.78e-05, Loss=4.83e-03 BER=1.72e-03 FER=3.45e-02
2025-10-25 13:03:47,033 | INFO | Epoch 454 Train Time 36.80944037437439s

2025-10-25 13:04:23,526 | INFO | Training epoch 455, Batch 1000/1000: LR=5.76e-05, Loss=4.78e-03 BER=1.72e-03 FER=3.40e-02
2025-10-25 13:04:23,593 | INFO | Epoch 455 Train Time 36.55976414680481s

2025-10-25 13:05:00,531 | INFO | Training epoch 456, Batch 1000/1000: LR=5.75e-05, Loss=4.91e-03 BER=1.74e-03 FER=3.44e-02
2025-10-25 13:05:00,612 | INFO | Epoch 456 Train Time 37.017757415771484s

2025-10-25 13:05:37,735 | INFO | Training epoch 457, Batch 1000/1000: LR=5.73e-05, Loss=4.84e-03 BER=1.72e-03 FER=3.43e-02
2025-10-25 13:05:37,818 | INFO | Epoch 457 Train Time 37.20328164100647s

2025-10-25 13:06:14,470 | INFO | Training epoch 458, Batch 1000/1000: LR=5.72e-05, Loss=4.93e-03 BER=1.76e-03 FER=3.48e-02
2025-10-25 13:06:14,538 | INFO | Epoch 458 Train Time 36.719327449798584s

2025-10-25 13:06:51,044 | INFO | Training epoch 459, Batch 1000/1000: LR=5.70e-05, Loss=4.89e-03 BER=1.76e-03 FER=3.49e-02
2025-10-25 13:06:51,123 | INFO | Epoch 459 Train Time 36.58260655403137s

2025-10-25 13:07:28,541 | INFO | Training epoch 460, Batch 1000/1000: LR=5.69e-05, Loss=5.06e-03 BER=1.80e-03 FER=3.59e-02
2025-10-25 13:07:28,624 | INFO | Epoch 460 Train Time 37.50016164779663s

2025-10-25 13:08:05,041 | INFO | Training epoch 461, Batch 1000/1000: LR=5.67e-05, Loss=4.86e-03 BER=1.76e-03 FER=3.50e-02
2025-10-25 13:08:05,107 | INFO | Epoch 461 Train Time 36.48190426826477s

2025-10-25 13:08:41,326 | INFO | Training epoch 462, Batch 1000/1000: LR=5.65e-05, Loss=4.86e-03 BER=1.74e-03 FER=3.49e-02
2025-10-25 13:08:41,407 | INFO | Epoch 462 Train Time 36.297805070877075s

2025-10-25 13:09:18,430 | INFO | Training epoch 463, Batch 1000/1000: LR=5.64e-05, Loss=4.88e-03 BER=1.76e-03 FER=3.53e-02
2025-10-25 13:09:18,515 | INFO | Epoch 463 Train Time 37.1054105758667s

2025-10-25 13:09:54,728 | INFO | Training epoch 464, Batch 1000/1000: LR=5.62e-05, Loss=4.82e-03 BER=1.71e-03 FER=3.44e-02
2025-10-25 13:09:54,817 | INFO | Epoch 464 Train Time 36.301090240478516s

2025-10-25 13:10:30,643 | INFO | Training epoch 465, Batch 1000/1000: LR=5.61e-05, Loss=4.76e-03 BER=1.72e-03 FER=3.40e-02
2025-10-25 13:10:30,707 | INFO | Epoch 465 Train Time 35.88838577270508s

2025-10-25 13:11:07,045 | INFO | Training epoch 466, Batch 1000/1000: LR=5.59e-05, Loss=4.92e-03 BER=1.77e-03 FER=3.51e-02
2025-10-25 13:11:07,131 | INFO | Epoch 466 Train Time 36.420743227005005s

2025-10-25 13:11:44,021 | INFO | Training epoch 467, Batch 1000/1000: LR=5.58e-05, Loss=4.73e-03 BER=1.70e-03 FER=3.39e-02
2025-10-25 13:11:44,101 | INFO | Epoch 467 Train Time 36.96856069564819s

2025-10-25 13:12:20,639 | INFO | Training epoch 468, Batch 1000/1000: LR=5.56e-05, Loss=4.86e-03 BER=1.73e-03 FER=3.46e-02
2025-10-25 13:12:20,708 | INFO | Epoch 468 Train Time 36.60470247268677s

2025-10-25 13:12:57,758 | INFO | Training epoch 469, Batch 1000/1000: LR=5.55e-05, Loss=4.75e-03 BER=1.73e-03 FER=3.43e-02
2025-10-25 13:12:57,838 | INFO | Epoch 469 Train Time 37.1294527053833s

2025-10-25 13:13:34,758 | INFO | Training epoch 470, Batch 1000/1000: LR=5.53e-05, Loss=4.81e-03 BER=1.74e-03 FER=3.46e-02
2025-10-25 13:13:34,831 | INFO | Epoch 470 Train Time 36.99169135093689s

2025-10-25 13:14:10,329 | INFO | Training epoch 471, Batch 1000/1000: LR=5.52e-05, Loss=4.84e-03 BER=1.74e-03 FER=3.46e-02
2025-10-25 13:14:10,402 | INFO | Epoch 471 Train Time 35.56876826286316s

2025-10-25 13:14:46,736 | INFO | Training epoch 472, Batch 1000/1000: LR=5.50e-05, Loss=4.94e-03 BER=1.78e-03 FER=3.56e-02
2025-10-25 13:14:46,820 | INFO | Epoch 472 Train Time 36.41711664199829s

2025-10-25 13:15:23,927 | INFO | Training epoch 473, Batch 1000/1000: LR=5.48e-05, Loss=4.78e-03 BER=1.73e-03 FER=3.41e-02
2025-10-25 13:15:23,998 | INFO | Epoch 473 Train Time 37.17449426651001s

2025-10-25 13:16:00,424 | INFO | Training epoch 474, Batch 1000/1000: LR=5.47e-05, Loss=4.88e-03 BER=1.72e-03 FER=3.44e-02
2025-10-25 13:16:00,514 | INFO | Epoch 474 Train Time 36.51453185081482s

2025-10-25 13:16:37,426 | INFO | Training epoch 475, Batch 1000/1000: LR=5.45e-05, Loss=4.91e-03 BER=1.75e-03 FER=3.49e-02
2025-10-25 13:16:37,505 | INFO | Epoch 475 Train Time 36.990339040756226s

2025-10-25 13:17:13,434 | INFO | Training epoch 476, Batch 1000/1000: LR=5.44e-05, Loss=4.81e-03 BER=1.74e-03 FER=3.42e-02
2025-10-25 13:17:13,514 | INFO | Epoch 476 Train Time 36.00814437866211s

2025-10-25 13:17:50,446 | INFO | Training epoch 477, Batch 1000/1000: LR=5.42e-05, Loss=4.89e-03 BER=1.76e-03 FER=3.48e-02
2025-10-25 13:17:50,523 | INFO | Epoch 477 Train Time 37.00788378715515s

2025-10-25 13:18:26,735 | INFO | Training epoch 478, Batch 1000/1000: LR=5.41e-05, Loss=4.92e-03 BER=1.76e-03 FER=3.48e-02
2025-10-25 13:18:26,807 | INFO | Epoch 478 Train Time 36.282429218292236s

2025-10-25 13:19:03,221 | INFO | Training epoch 479, Batch 1000/1000: LR=5.39e-05, Loss=4.69e-03 BER=1.70e-03 FER=3.37e-02
2025-10-25 13:19:03,297 | INFO | Epoch 479 Train Time 36.486576080322266s

2025-10-25 13:19:40,636 | INFO | Training epoch 480, Batch 1000/1000: LR=5.38e-05, Loss=4.83e-03 BER=1.73e-03 FER=3.41e-02
2025-10-25 13:19:40,717 | INFO | Epoch 480 Train Time 37.419578313827515s

2025-10-25 13:20:17,327 | INFO | Training epoch 481, Batch 1000/1000: LR=5.36e-05, Loss=4.91e-03 BER=1.77e-03 FER=3.49e-02
2025-10-25 13:20:17,403 | INFO | Epoch 481 Train Time 36.684996604919434s

2025-10-25 13:20:54,267 | INFO | Training epoch 482, Batch 1000/1000: LR=5.35e-05, Loss=4.84e-03 BER=1.72e-03 FER=3.45e-02
2025-10-25 13:20:54,350 | INFO | Epoch 482 Train Time 36.945677757263184s

2025-10-25 13:21:31,320 | INFO | Training epoch 483, Batch 1000/1000: LR=5.33e-05, Loss=4.92e-03 BER=1.76e-03 FER=3.52e-02
2025-10-25 13:21:31,397 | INFO | Epoch 483 Train Time 37.045252561569214s

2025-10-25 13:22:07,335 | INFO | Training epoch 484, Batch 1000/1000: LR=5.31e-05, Loss=4.80e-03 BER=1.71e-03 FER=3.43e-02
2025-10-25 13:22:07,402 | INFO | Epoch 484 Train Time 36.0039587020874s

2025-10-25 13:22:43,950 | INFO | Training epoch 485, Batch 1000/1000: LR=5.30e-05, Loss=4.72e-03 BER=1.69e-03 FER=3.43e-02
2025-10-25 13:22:44,019 | INFO | Epoch 485 Train Time 36.61358141899109s

2025-10-25 13:23:20,926 | INFO | Training epoch 486, Batch 1000/1000: LR=5.28e-05, Loss=4.84e-03 BER=1.75e-03 FER=3.42e-02
2025-10-25 13:23:20,992 | INFO | Epoch 486 Train Time 36.971524477005005s

2025-10-25 13:23:58,639 | INFO | Training epoch 487, Batch 1000/1000: LR=5.27e-05, Loss=4.75e-03 BER=1.70e-03 FER=3.35e-02
2025-10-25 13:23:58,724 | INFO | Epoch 487 Train Time 37.731420278549194s

2025-10-25 13:24:35,213 | INFO | Training epoch 488, Batch 1000/1000: LR=5.25e-05, Loss=4.80e-03 BER=1.74e-03 FER=3.44e-02
2025-10-25 13:24:35,295 | INFO | Epoch 488 Train Time 36.56964921951294s

2025-10-25 13:25:11,928 | INFO | Training epoch 489, Batch 1000/1000: LR=5.24e-05, Loss=4.82e-03 BER=1.73e-03 FER=3.41e-02
2025-10-25 13:25:12,013 | INFO | Epoch 489 Train Time 36.716869831085205s

2025-10-25 13:25:48,427 | INFO | Training epoch 490, Batch 1000/1000: LR=5.22e-05, Loss=4.82e-03 BER=1.74e-03 FER=3.44e-02
2025-10-25 13:25:48,514 | INFO | Epoch 490 Train Time 36.49914741516113s

2025-10-25 13:26:25,430 | INFO | Training epoch 491, Batch 1000/1000: LR=5.21e-05, Loss=4.75e-03 BER=1.68e-03 FER=3.38e-02
2025-10-25 13:26:25,511 | INFO | Epoch 491 Train Time 36.995689868927s

2025-10-25 13:27:02,155 | INFO | Training epoch 492, Batch 1000/1000: LR=5.19e-05, Loss=4.82e-03 BER=1.72e-03 FER=3.39e-02
2025-10-25 13:27:02,234 | INFO | Epoch 492 Train Time 36.7214195728302s

2025-10-25 13:27:39,112 | INFO | Training epoch 493, Batch 1000/1000: LR=5.17e-05, Loss=4.90e-03 BER=1.78e-03 FER=3.54e-02
2025-10-25 13:27:39,206 | INFO | Epoch 493 Train Time 36.970354080200195s

2025-10-25 13:28:15,916 | INFO | Training epoch 494, Batch 1000/1000: LR=5.16e-05, Loss=4.80e-03 BER=1.72e-03 FER=3.41e-02
2025-10-25 13:28:15,982 | INFO | Epoch 494 Train Time 36.77496409416199s

2025-10-25 13:28:54,534 | INFO | Training epoch 495, Batch 1000/1000: LR=5.14e-05, Loss=4.83e-03 BER=1.73e-03 FER=3.43e-02
2025-10-25 13:28:54,606 | INFO | Epoch 495 Train Time 38.62177395820618s

2025-10-25 13:29:31,663 | INFO | Training epoch 496, Batch 1000/1000: LR=5.13e-05, Loss=4.78e-03 BER=1.71e-03 FER=3.40e-02
2025-10-25 13:29:31,728 | INFO | Epoch 496 Train Time 37.121697187423706s

2025-10-25 13:30:08,845 | INFO | Training epoch 497, Batch 1000/1000: LR=5.11e-05, Loss=4.84e-03 BER=1.74e-03 FER=3.46e-02
2025-10-25 13:30:08,934 | INFO | Epoch 497 Train Time 37.20391654968262s

2025-10-25 13:30:45,250 | INFO | Training epoch 498, Batch 1000/1000: LR=5.10e-05, Loss=4.72e-03 BER=1.72e-03 FER=3.42e-02
2025-10-25 13:30:45,331 | INFO | Epoch 498 Train Time 36.39540219306946s

2025-10-25 13:31:20,756 | INFO | Training epoch 499, Batch 1000/1000: LR=5.08e-05, Loss=4.80e-03 BER=1.71e-03 FER=3.43e-02
2025-10-25 13:31:20,823 | INFO | Epoch 499 Train Time 35.49066114425659s

2025-10-25 13:31:57,436 | INFO | Training epoch 500, Batch 1000/1000: LR=5.07e-05, Loss=4.71e-03 BER=1.69e-03 FER=3.33e-02
2025-10-25 13:31:57,514 | INFO | Epoch 500 Train Time 36.68953037261963s

2025-10-25 13:32:34,225 | INFO | Training epoch 501, Batch 1000/1000: LR=5.05e-05, Loss=4.78e-03 BER=1.75e-03 FER=3.40e-02
2025-10-25 13:32:34,294 | INFO | Epoch 501 Train Time 36.77814602851868s

2025-10-25 13:33:11,430 | INFO | Training epoch 502, Batch 1000/1000: LR=5.03e-05, Loss=4.73e-03 BER=1.69e-03 FER=3.37e-02
2025-10-25 13:33:11,496 | INFO | Epoch 502 Train Time 37.20087122917175s

2025-10-25 13:33:48,473 | INFO | Training epoch 503, Batch 1000/1000: LR=5.02e-05, Loss=4.77e-03 BER=1.70e-03 FER=3.38e-02
2025-10-25 13:33:48,562 | INFO | Epoch 503 Train Time 37.06419253349304s

2025-10-25 13:34:25,533 | INFO | Training epoch 504, Batch 1000/1000: LR=5.00e-05, Loss=4.72e-03 BER=1.72e-03 FER=3.40e-02
2025-10-25 13:34:25,606 | INFO | Epoch 504 Train Time 37.043076038360596s

2025-10-25 13:35:02,453 | INFO | Training epoch 505, Batch 1000/1000: LR=4.99e-05, Loss=4.70e-03 BER=1.66e-03 FER=3.31e-02
2025-10-25 13:35:02,531 | INFO | Epoch 505 Train Time 36.92349672317505s

2025-10-25 13:35:38,825 | INFO | Training epoch 506, Batch 1000/1000: LR=4.97e-05, Loss=4.72e-03 BER=1.68e-03 FER=3.35e-02
2025-10-25 13:35:38,892 | INFO | Epoch 506 Train Time 36.36014151573181s

2025-10-25 13:36:15,558 | INFO | Training epoch 507, Batch 1000/1000: LR=4.96e-05, Loss=4.81e-03 BER=1.71e-03 FER=3.36e-02
2025-10-25 13:36:15,636 | INFO | Epoch 507 Train Time 36.742544651031494s

2025-10-25 13:36:51,148 | INFO | Training epoch 508, Batch 1000/1000: LR=4.94e-05, Loss=4.87e-03 BER=1.76e-03 FER=3.43e-02
2025-10-25 13:36:51,214 | INFO | Epoch 508 Train Time 35.576852321624756s

2025-10-25 13:37:28,557 | INFO | Training epoch 509, Batch 1000/1000: LR=4.93e-05, Loss=4.76e-03 BER=1.70e-03 FER=3.37e-02
2025-10-25 13:37:28,645 | INFO | Epoch 509 Train Time 37.430094957351685s

2025-10-25 13:38:05,659 | INFO | Training epoch 510, Batch 1000/1000: LR=4.91e-05, Loss=4.74e-03 BER=1.67e-03 FER=3.31e-02
2025-10-25 13:38:05,745 | INFO | Epoch 510 Train Time 37.099077463150024s

2025-10-25 13:38:42,238 | INFO | Training epoch 511, Batch 1000/1000: LR=4.89e-05, Loss=4.75e-03 BER=1.71e-03 FER=3.40e-02
2025-10-25 13:38:42,315 | INFO | Epoch 511 Train Time 36.56855630874634s

2025-10-25 13:39:19,331 | INFO | Training epoch 512, Batch 1000/1000: LR=4.88e-05, Loss=4.85e-03 BER=1.73e-03 FER=3.44e-02
2025-10-25 13:39:19,409 | INFO | Epoch 512 Train Time 37.09331798553467s

2025-10-25 13:39:56,143 | INFO | Training epoch 513, Batch 1000/1000: LR=4.86e-05, Loss=4.73e-03 BER=1.66e-03 FER=3.36e-02
2025-10-25 13:39:56,213 | INFO | Epoch 513 Train Time 36.80151724815369s

2025-10-25 13:40:32,839 | INFO | Training epoch 514, Batch 1000/1000: LR=4.85e-05, Loss=4.85e-03 BER=1.75e-03 FER=3.42e-02
2025-10-25 13:40:32,905 | INFO | Epoch 514 Train Time 36.68925738334656s

2025-10-25 13:41:09,826 | INFO | Training epoch 515, Batch 1000/1000: LR=4.83e-05, Loss=4.75e-03 BER=1.71e-03 FER=3.38e-02
2025-10-25 13:41:09,909 | INFO | Epoch 515 Train Time 37.003613233566284s

2025-10-25 13:41:46,337 | INFO | Training epoch 516, Batch 1000/1000: LR=4.82e-05, Loss=4.70e-03 BER=1.70e-03 FER=3.38e-02
2025-10-25 13:41:46,419 | INFO | Epoch 516 Train Time 36.50803089141846s

2025-10-25 13:42:22,538 | INFO | Training epoch 517, Batch 1000/1000: LR=4.80e-05, Loss=4.77e-03 BER=1.71e-03 FER=3.41e-02
2025-10-25 13:42:22,617 | INFO | Epoch 517 Train Time 36.19691061973572s

2025-10-25 13:42:58,216 | INFO | Training epoch 518, Batch 1000/1000: LR=4.79e-05, Loss=4.77e-03 BER=1.72e-03 FER=3.40e-02
2025-10-25 13:42:58,282 | INFO | Epoch 518 Train Time 35.663469076156616s

2025-10-25 13:43:35,022 | INFO | Training epoch 519, Batch 1000/1000: LR=4.77e-05, Loss=4.78e-03 BER=1.71e-03 FER=3.39e-02
2025-10-25 13:43:35,108 | INFO | Epoch 519 Train Time 36.82447838783264s

2025-10-25 13:44:11,836 | INFO | Training epoch 520, Batch 1000/1000: LR=4.75e-05, Loss=4.77e-03 BER=1.71e-03 FER=3.38e-02
2025-10-25 13:44:11,921 | INFO | Epoch 520 Train Time 36.81090474128723s

2025-10-25 13:44:47,132 | INFO | Training epoch 521, Batch 1000/1000: LR=4.74e-05, Loss=4.82e-03 BER=1.74e-03 FER=3.43e-02
2025-10-25 13:44:47,205 | INFO | Epoch 521 Train Time 35.28245687484741s

2025-10-25 13:45:23,932 | INFO | Training epoch 522, Batch 1000/1000: LR=4.72e-05, Loss=4.75e-03 BER=1.69e-03 FER=3.37e-02
2025-10-25 13:45:24,001 | INFO | Epoch 522 Train Time 36.79475545883179s

2025-10-25 13:46:00,534 | INFO | Training epoch 523, Batch 1000/1000: LR=4.71e-05, Loss=4.86e-03 BER=1.76e-03 FER=3.48e-02
2025-10-25 13:46:00,613 | INFO | Epoch 523 Train Time 36.61015510559082s

2025-10-25 13:46:36,834 | INFO | Training epoch 524, Batch 1000/1000: LR=4.69e-05, Loss=4.74e-03 BER=1.71e-03 FER=3.35e-02
2025-10-25 13:46:36,919 | INFO | Epoch 524 Train Time 36.305906772613525s

2025-10-25 13:47:13,426 | INFO | Training epoch 525, Batch 1000/1000: LR=4.68e-05, Loss=4.82e-03 BER=1.73e-03 FER=3.42e-02
2025-10-25 13:47:13,501 | INFO | Epoch 525 Train Time 36.58049774169922s

2025-10-25 13:47:49,618 | INFO | Training epoch 526, Batch 1000/1000: LR=4.66e-05, Loss=4.86e-03 BER=1.72e-03 FER=3.39e-02
2025-10-25 13:47:49,706 | INFO | Epoch 526 Train Time 36.20391869544983s

2025-10-25 13:48:25,833 | INFO | Training epoch 527, Batch 1000/1000: LR=4.65e-05, Loss=4.76e-03 BER=1.69e-03 FER=3.38e-02
2025-10-25 13:48:25,910 | INFO | Epoch 527 Train Time 36.201289892196655s

2025-10-25 13:49:02,475 | INFO | Training epoch 528, Batch 1000/1000: LR=4.63e-05, Loss=4.79e-03 BER=1.71e-03 FER=3.37e-02
2025-10-25 13:49:02,562 | INFO | Epoch 528 Train Time 36.6504111289978s

2025-10-25 13:49:39,618 | INFO | Training epoch 529, Batch 1000/1000: LR=4.62e-05, Loss=4.68e-03 BER=1.68e-03 FER=3.30e-02
2025-10-25 13:49:39,704 | INFO | Epoch 529 Train Time 37.140661001205444s

2025-10-25 13:50:16,716 | INFO | Training epoch 530, Batch 1000/1000: LR=4.60e-05, Loss=4.67e-03 BER=1.67e-03 FER=3.29e-02
2025-10-25 13:50:16,782 | INFO | Epoch 530 Train Time 37.07598519325256s

2025-10-25 13:50:53,862 | INFO | Training epoch 531, Batch 1000/1000: LR=4.58e-05, Loss=4.76e-03 BER=1.69e-03 FER=3.36e-02
2025-10-25 13:50:53,932 | INFO | Epoch 531 Train Time 37.14731478691101s

2025-10-25 13:51:30,876 | INFO | Training epoch 532, Batch 1000/1000: LR=4.57e-05, Loss=4.75e-03 BER=1.70e-03 FER=3.34e-02
2025-10-25 13:51:30,959 | INFO | Epoch 532 Train Time 37.026386737823486s

2025-10-25 13:52:07,437 | INFO | Training epoch 533, Batch 1000/1000: LR=4.55e-05, Loss=4.83e-03 BER=1.74e-03 FER=3.43e-02
2025-10-25 13:52:07,512 | INFO | Epoch 533 Train Time 36.55060529708862s

2025-10-25 13:52:43,658 | INFO | Training epoch 534, Batch 1000/1000: LR=4.54e-05, Loss=4.75e-03 BER=1.73e-03 FER=3.40e-02
2025-10-25 13:52:43,733 | INFO | Epoch 534 Train Time 36.218199253082275s

2025-10-25 13:53:19,345 | INFO | Training epoch 535, Batch 1000/1000: LR=4.52e-05, Loss=4.82e-03 BER=1.74e-03 FER=3.42e-02
2025-10-25 13:53:19,410 | INFO | Epoch 535 Train Time 35.67600703239441s

2025-10-25 13:53:55,934 | INFO | Training epoch 536, Batch 1000/1000: LR=4.51e-05, Loss=4.67e-03 BER=1.66e-03 FER=3.29e-02
2025-10-25 13:53:56,014 | INFO | Epoch 536 Train Time 36.60222029685974s

2025-10-25 13:54:32,239 | INFO | Training epoch 537, Batch 1000/1000: LR=4.49e-05, Loss=4.69e-03 BER=1.67e-03 FER=3.30e-02
2025-10-25 13:54:32,316 | INFO | Epoch 537 Train Time 36.299906730651855s

2025-10-25 13:55:09,718 | INFO | Training epoch 538, Batch 1000/1000: LR=4.48e-05, Loss=4.71e-03 BER=1.68e-03 FER=3.38e-02
2025-10-25 13:55:09,799 | INFO | Epoch 538 Train Time 37.48210263252258s

2025-10-25 13:55:47,043 | INFO | Training epoch 539, Batch 1000/1000: LR=4.46e-05, Loss=4.59e-03 BER=1.64e-03 FER=3.20e-02
2025-10-25 13:55:47,127 | INFO | Epoch 539 Train Time 37.32721447944641s

2025-10-25 13:56:22,946 | INFO | Training epoch 540, Batch 1000/1000: LR=4.45e-05, Loss=4.81e-03 BER=1.70e-03 FER=3.33e-02
2025-10-25 13:56:23,013 | INFO | Epoch 540 Train Time 35.883885622024536s

2025-10-25 13:56:59,348 | INFO | Training epoch 541, Batch 1000/1000: LR=4.43e-05, Loss=4.82e-03 BER=1.75e-03 FER=3.48e-02
2025-10-25 13:56:59,426 | INFO | Epoch 541 Train Time 36.4117214679718s

2025-10-25 13:57:35,954 | INFO | Training epoch 542, Batch 1000/1000: LR=4.41e-05, Loss=4.70e-03 BER=1.68e-03 FER=3.29e-02
2025-10-25 13:57:36,040 | INFO | Epoch 542 Train Time 36.612000703811646s

2025-10-25 13:58:13,812 | INFO | Training epoch 543, Batch 1000/1000: LR=4.40e-05, Loss=4.78e-03 BER=1.74e-03 FER=3.44e-02
2025-10-25 13:58:13,898 | INFO | Epoch 543 Train Time 37.85603404045105s

2025-10-25 13:58:50,763 | INFO | Training epoch 544, Batch 1000/1000: LR=4.38e-05, Loss=4.78e-03 BER=1.70e-03 FER=3.35e-02
2025-10-25 13:58:50,839 | INFO | Epoch 544 Train Time 36.939539432525635s

2025-10-25 13:59:26,929 | INFO | Training epoch 545, Batch 1000/1000: LR=4.37e-05, Loss=4.64e-03 BER=1.66e-03 FER=3.29e-02
2025-10-25 13:59:27,000 | INFO | Epoch 545 Train Time 36.15974044799805s

2025-10-25 14:00:03,832 | INFO | Training epoch 546, Batch 1000/1000: LR=4.35e-05, Loss=4.89e-03 BER=1.73e-03 FER=3.41e-02
2025-10-25 14:00:03,919 | INFO | Epoch 546 Train Time 36.91742181777954s

2025-10-25 14:00:43,059 | INFO | Training epoch 547, Batch 1000/1000: LR=4.34e-05, Loss=4.72e-03 BER=1.70e-03 FER=3.35e-02
2025-10-25 14:00:43,130 | INFO | Epoch 547 Train Time 39.21032166481018s

2025-10-25 14:01:22,780 | INFO | Training epoch 548, Batch 1000/1000: LR=4.32e-05, Loss=4.77e-03 BER=1.70e-03 FER=3.34e-02
2025-10-25 14:01:22,850 | INFO | Epoch 548 Train Time 39.718924045562744s

2025-10-25 14:02:02,083 | INFO | Training epoch 549, Batch 1000/1000: LR=4.31e-05, Loss=4.66e-03 BER=1.65e-03 FER=3.31e-02
2025-10-25 14:02:02,149 | INFO | Epoch 549 Train Time 39.29659295082092s

2025-10-25 14:02:41,554 | INFO | Training epoch 550, Batch 1000/1000: LR=4.29e-05, Loss=4.79e-03 BER=1.72e-03 FER=3.37e-02
2025-10-25 14:02:41,630 | INFO | Epoch 550 Train Time 39.48003005981445s

2025-10-25 14:03:21,149 | INFO | Training epoch 551, Batch 1000/1000: LR=4.28e-05, Loss=4.68e-03 BER=1.65e-03 FER=3.28e-02
2025-10-25 14:03:21,215 | INFO | Epoch 551 Train Time 39.58312106132507s

2025-10-25 14:04:00,561 | INFO | Training epoch 552, Batch 1000/1000: LR=4.26e-05, Loss=4.62e-03 BER=1.65e-03 FER=3.28e-02
2025-10-25 14:04:00,632 | INFO | Epoch 552 Train Time 39.41559839248657s

2025-10-25 14:04:39,928 | INFO | Training epoch 553, Batch 1000/1000: LR=4.24e-05, Loss=4.72e-03 BER=1.72e-03 FER=3.37e-02
2025-10-25 14:04:40,011 | INFO | Epoch 553 Train Time 39.37714600563049s

2025-10-25 14:05:16,551 | INFO | Training epoch 554, Batch 1000/1000: LR=4.23e-05, Loss=4.84e-03 BER=1.73e-03 FER=3.39e-02
2025-10-25 14:05:16,632 | INFO | Epoch 554 Train Time 36.61945700645447s

2025-10-25 14:05:53,741 | INFO | Training epoch 555, Batch 1000/1000: LR=4.21e-05, Loss=4.67e-03 BER=1.66e-03 FER=3.32e-02
2025-10-25 14:05:53,822 | INFO | Epoch 555 Train Time 37.18925189971924s

2025-10-25 14:06:30,733 | INFO | Training epoch 556, Batch 1000/1000: LR=4.20e-05, Loss=4.66e-03 BER=1.68e-03 FER=3.30e-02
2025-10-25 14:06:30,816 | INFO | Epoch 556 Train Time 36.992794036865234s

2025-10-25 14:07:07,915 | INFO | Training epoch 557, Batch 1000/1000: LR=4.18e-05, Loss=4.82e-03 BER=1.73e-03 FER=3.38e-02
2025-10-25 14:07:08,000 | INFO | Epoch 557 Train Time 37.18294620513916s

2025-10-25 14:07:44,960 | INFO | Training epoch 558, Batch 1000/1000: LR=4.17e-05, Loss=4.67e-03 BER=1.65e-03 FER=3.25e-02
2025-10-25 14:07:45,028 | INFO | Epoch 558 Train Time 37.02710461616516s

2025-10-25 14:08:22,757 | INFO | Training epoch 559, Batch 1000/1000: LR=4.15e-05, Loss=4.77e-03 BER=1.70e-03 FER=3.31e-02
2025-10-25 14:08:22,829 | INFO | Epoch 559 Train Time 37.79835867881775s

2025-10-25 14:08:59,633 | INFO | Training epoch 560, Batch 1000/1000: LR=4.14e-05, Loss=4.72e-03 BER=1.69e-03 FER=3.34e-02
2025-10-25 14:08:59,716 | INFO | Epoch 560 Train Time 36.88544821739197s

2025-10-25 14:09:36,824 | INFO | Training epoch 561, Batch 1000/1000: LR=4.12e-05, Loss=4.74e-03 BER=1.68e-03 FER=3.30e-02
2025-10-25 14:09:36,923 | INFO | Epoch 561 Train Time 37.20554566383362s

2025-10-25 14:10:14,108 | INFO | Training epoch 562, Batch 1000/1000: LR=4.11e-05, Loss=4.70e-03 BER=1.67e-03 FER=3.28e-02
2025-10-25 14:10:14,193 | INFO | Epoch 562 Train Time 37.26905298233032s

2025-10-25 14:10:50,731 | INFO | Training epoch 563, Batch 1000/1000: LR=4.09e-05, Loss=4.65e-03 BER=1.65e-03 FER=3.29e-02
2025-10-25 14:10:50,821 | INFO | Epoch 563 Train Time 36.627405405044556s

2025-10-25 14:11:27,331 | INFO | Training epoch 564, Batch 1000/1000: LR=4.08e-05, Loss=4.81e-03 BER=1.73e-03 FER=3.41e-02
2025-10-25 14:11:27,426 | INFO | Epoch 564 Train Time 36.60289120674133s

2025-10-25 14:12:03,831 | INFO | Training epoch 565, Batch 1000/1000: LR=4.06e-05, Loss=4.64e-03 BER=1.64e-03 FER=3.27e-02
2025-10-25 14:12:03,896 | INFO | Epoch 565 Train Time 36.46902847290039s

2025-10-25 14:12:40,048 | INFO | Training epoch 566, Batch 1000/1000: LR=4.05e-05, Loss=4.77e-03 BER=1.72e-03 FER=3.34e-02
2025-10-25 14:12:40,116 | INFO | Epoch 566 Train Time 36.21798229217529s

2025-10-25 14:13:16,315 | INFO | Training epoch 567, Batch 1000/1000: LR=4.03e-05, Loss=4.58e-03 BER=1.64e-03 FER=3.25e-02
2025-10-25 14:13:16,383 | INFO | Epoch 567 Train Time 36.26620888710022s

2025-10-25 14:13:16,384 | INFO | [P1] saving best_model with loss 0.004578 at epoch 567
2025-10-25 14:13:52,138 | INFO | Training epoch 568, Batch 1000/1000: LR=4.02e-05, Loss=4.66e-03 BER=1.70e-03 FER=3.35e-02
2025-10-25 14:13:52,203 | INFO | Epoch 568 Train Time 35.73867082595825s

2025-10-25 14:14:28,952 | INFO | Training epoch 569, Batch 1000/1000: LR=4.00e-05, Loss=4.67e-03 BER=1.66e-03 FER=3.36e-02
2025-10-25 14:14:29,016 | INFO | Epoch 569 Train Time 36.81198596954346s

2025-10-25 14:15:06,115 | INFO | Training epoch 570, Batch 1000/1000: LR=3.99e-05, Loss=4.70e-03 BER=1.68e-03 FER=3.30e-02
2025-10-25 14:15:06,203 | INFO | Epoch 570 Train Time 37.18543720245361s

2025-10-25 14:15:42,543 | INFO | Training epoch 571, Batch 1000/1000: LR=3.97e-05, Loss=4.76e-03 BER=1.71e-03 FER=3.39e-02
2025-10-25 14:15:42,617 | INFO | Epoch 571 Train Time 36.413047075271606s

2025-10-25 14:16:19,435 | INFO | Training epoch 572, Batch 1000/1000: LR=3.96e-05, Loss=4.71e-03 BER=1.69e-03 FER=3.33e-02
2025-10-25 14:16:19,510 | INFO | Epoch 572 Train Time 36.89065217971802s

2025-10-25 14:16:56,359 | INFO | Training epoch 573, Batch 1000/1000: LR=3.94e-05, Loss=4.77e-03 BER=1.71e-03 FER=3.38e-02
2025-10-25 14:16:56,428 | INFO | Epoch 573 Train Time 36.91459131240845s

2025-10-25 14:17:33,329 | INFO | Training epoch 574, Batch 1000/1000: LR=3.92e-05, Loss=4.65e-03 BER=1.68e-03 FER=3.29e-02
2025-10-25 14:17:33,409 | INFO | Epoch 574 Train Time 36.97917175292969s

2025-10-25 14:18:10,529 | INFO | Training epoch 575, Batch 1000/1000: LR=3.91e-05, Loss=4.71e-03 BER=1.66e-03 FER=3.26e-02
2025-10-25 14:18:10,612 | INFO | Epoch 575 Train Time 37.2002854347229s

2025-10-25 14:18:46,762 | INFO | Training epoch 576, Batch 1000/1000: LR=3.89e-05, Loss=4.80e-03 BER=1.72e-03 FER=3.37e-02
2025-10-25 14:18:46,842 | INFO | Epoch 576 Train Time 36.22867941856384s

2025-10-25 14:19:23,141 | INFO | Training epoch 577, Batch 1000/1000: LR=3.88e-05, Loss=4.65e-03 BER=1.68e-03 FER=3.29e-02
2025-10-25 14:19:23,210 | INFO | Epoch 577 Train Time 36.36639904975891s

2025-10-25 14:19:59,422 | INFO | Training epoch 578, Batch 1000/1000: LR=3.86e-05, Loss=4.67e-03 BER=1.67e-03 FER=3.33e-02
2025-10-25 14:19:59,505 | INFO | Epoch 578 Train Time 36.29314827919006s

2025-10-25 14:20:36,226 | INFO | Training epoch 579, Batch 1000/1000: LR=3.85e-05, Loss=4.76e-03 BER=1.70e-03 FER=3.30e-02
2025-10-25 14:20:36,316 | INFO | Epoch 579 Train Time 36.809396743774414s

2025-10-25 14:21:13,355 | INFO | Training epoch 580, Batch 1000/1000: LR=3.83e-05, Loss=4.56e-03 BER=1.64e-03 FER=3.29e-02
2025-10-25 14:21:13,439 | INFO | Epoch 580 Train Time 37.12197828292847s

2025-10-25 14:21:13,440 | INFO | [P1] saving best_model with loss 0.004557 at epoch 580
2025-10-25 14:21:49,736 | INFO | Training epoch 581, Batch 1000/1000: LR=3.82e-05, Loss=4.74e-03 BER=1.70e-03 FER=3.33e-02
2025-10-25 14:21:49,816 | INFO | Epoch 581 Train Time 36.29507803916931s

2025-10-25 14:22:26,892 | INFO | Training epoch 582, Batch 1000/1000: LR=3.80e-05, Loss=4.65e-03 BER=1.67e-03 FER=3.28e-02
2025-10-25 14:22:26,967 | INFO | Epoch 582 Train Time 37.14975070953369s

2025-10-25 14:23:04,513 | INFO | Training epoch 583, Batch 1000/1000: LR=3.79e-05, Loss=4.61e-03 BER=1.65e-03 FER=3.25e-02
2025-10-25 14:23:04,599 | INFO | Epoch 583 Train Time 37.63107419013977s

2025-10-25 14:23:41,530 | INFO | Training epoch 584, Batch 1000/1000: LR=3.77e-05, Loss=4.63e-03 BER=1.64e-03 FER=3.28e-02
2025-10-25 14:23:41,625 | INFO | Epoch 584 Train Time 37.022995471954346s

2025-10-25 14:24:18,132 | INFO | Training epoch 585, Batch 1000/1000: LR=3.76e-05, Loss=4.65e-03 BER=1.67e-03 FER=3.25e-02
2025-10-25 14:24:18,215 | INFO | Epoch 585 Train Time 36.588252544403076s

2025-10-25 14:24:54,959 | INFO | Training epoch 586, Batch 1000/1000: LR=3.74e-05, Loss=4.58e-03 BER=1.65e-03 FER=3.21e-02
2025-10-25 14:24:55,036 | INFO | Epoch 586 Train Time 36.81949973106384s

2025-10-25 14:25:32,161 | INFO | Training epoch 587, Batch 1000/1000: LR=3.73e-05, Loss=4.76e-03 BER=1.71e-03 FER=3.37e-02
2025-10-25 14:25:32,234 | INFO | Epoch 587 Train Time 37.197171688079834s

2025-10-25 14:26:08,541 | INFO | Training epoch 588, Batch 1000/1000: LR=3.71e-05, Loss=4.70e-03 BER=1.68e-03 FER=3.27e-02
2025-10-25 14:26:08,620 | INFO | Epoch 588 Train Time 36.3844096660614s

2025-10-25 14:26:44,849 | INFO | Training epoch 589, Batch 1000/1000: LR=3.70e-05, Loss=4.73e-03 BER=1.71e-03 FER=3.35e-02
2025-10-25 14:26:44,917 | INFO | Epoch 589 Train Time 36.29590153694153s

2025-10-25 14:27:21,430 | INFO | Training epoch 590, Batch 1000/1000: LR=3.68e-05, Loss=4.76e-03 BER=1.70e-03 FER=3.36e-02
2025-10-25 14:27:21,499 | INFO | Epoch 590 Train Time 36.581159830093384s

2025-10-25 14:28:00,486 | INFO | Training epoch 591, Batch 1000/1000: LR=3.67e-05, Loss=4.68e-03 BER=1.70e-03 FER=3.33e-02
2025-10-25 14:28:00,561 | INFO | Epoch 591 Train Time 39.05871248245239s

2025-10-25 14:28:40,778 | INFO | Training epoch 592, Batch 1000/1000: LR=3.65e-05, Loss=4.70e-03 BER=1.69e-03 FER=3.31e-02
2025-10-25 14:28:40,851 | INFO | Epoch 592 Train Time 40.287940979003906s

2025-10-25 14:29:20,556 | INFO | Training epoch 593, Batch 1000/1000: LR=3.64e-05, Loss=4.73e-03 BER=1.70e-03 FER=3.35e-02
2025-10-25 14:29:20,653 | INFO | Epoch 593 Train Time 39.80039310455322s

2025-10-25 14:30:00,710 | INFO | Training epoch 594, Batch 1000/1000: LR=3.62e-05, Loss=4.76e-03 BER=1.72e-03 FER=3.39e-02
2025-10-25 14:30:00,796 | INFO | Epoch 594 Train Time 40.141908168792725s

2025-10-25 14:30:39,755 | INFO | Training epoch 595, Batch 1000/1000: LR=3.61e-05, Loss=4.67e-03 BER=1.66e-03 FER=3.29e-02
2025-10-25 14:30:39,836 | INFO | Epoch 595 Train Time 39.038044691085815s

2025-10-25 14:31:19,115 | INFO | Training epoch 596, Batch 1000/1000: LR=3.59e-05, Loss=4.69e-03 BER=1.67e-03 FER=3.32e-02
2025-10-25 14:31:19,191 | INFO | Epoch 596 Train Time 39.35304546356201s

2025-10-25 14:31:57,996 | INFO | Training epoch 597, Batch 1000/1000: LR=3.58e-05, Loss=4.50e-03 BER=1.61e-03 FER=3.15e-02
2025-10-25 14:31:58,090 | INFO | Epoch 597 Train Time 38.89727425575256s

2025-10-25 14:31:58,090 | INFO | [P1] saving best_model with loss 0.004497 at epoch 597
2025-10-25 14:32:37,765 | INFO | Training epoch 598, Batch 1000/1000: LR=3.56e-05, Loss=4.62e-03 BER=1.66e-03 FER=3.27e-02
2025-10-25 14:32:37,853 | INFO | Epoch 598 Train Time 39.67179846763611s

2025-10-25 14:33:17,483 | INFO | Training epoch 599, Batch 1000/1000: LR=3.55e-05, Loss=4.63e-03 BER=1.65e-03 FER=3.25e-02
2025-10-25 14:33:17,551 | INFO | Epoch 599 Train Time 39.69677710533142s

2025-10-25 14:33:57,197 | INFO | Training epoch 600, Batch 1000/1000: LR=3.54e-05, Loss=4.69e-03 BER=1.69e-03 FER=3.32e-02
2025-10-25 14:33:57,274 | INFO | Epoch 600 Train Time 39.72228479385376s

2025-10-25 14:34:36,659 | INFO | Training epoch 601, Batch 1000/1000: LR=3.52e-05, Loss=4.68e-03 BER=1.69e-03 FER=3.29e-02
2025-10-25 14:34:36,735 | INFO | Epoch 601 Train Time 39.45941615104675s

2025-10-25 14:35:16,062 | INFO | Training epoch 602, Batch 1000/1000: LR=3.51e-05, Loss=4.55e-03 BER=1.64e-03 FER=3.22e-02
2025-10-25 14:35:16,152 | INFO | Epoch 602 Train Time 39.415064096450806s

2025-10-25 14:35:55,484 | INFO | Training epoch 603, Batch 1000/1000: LR=3.49e-05, Loss=4.59e-03 BER=1.68e-03 FER=3.30e-02
2025-10-25 14:35:55,555 | INFO | Epoch 603 Train Time 39.40248727798462s

2025-10-25 14:36:35,349 | INFO | Training epoch 604, Batch 1000/1000: LR=3.48e-05, Loss=4.62e-03 BER=1.66e-03 FER=3.25e-02
2025-10-25 14:36:35,421 | INFO | Epoch 604 Train Time 39.86469006538391s

2025-10-25 14:37:15,182 | INFO | Training epoch 605, Batch 1000/1000: LR=3.46e-05, Loss=4.61e-03 BER=1.67e-03 FER=3.25e-02
2025-10-25 14:37:15,263 | INFO | Epoch 605 Train Time 39.83948469161987s

2025-10-25 14:37:54,974 | INFO | Training epoch 606, Batch 1000/1000: LR=3.45e-05, Loss=4.79e-03 BER=1.72e-03 FER=3.37e-02
2025-10-25 14:37:55,061 | INFO | Epoch 606 Train Time 39.796541690826416s

2025-10-25 14:38:33,860 | INFO | Training epoch 607, Batch 1000/1000: LR=3.43e-05, Loss=4.68e-03 BER=1.66e-03 FER=3.25e-02
2025-10-25 14:38:33,937 | INFO | Epoch 607 Train Time 38.87433934211731s

2025-10-25 14:39:12,967 | INFO | Training epoch 608, Batch 1000/1000: LR=3.42e-05, Loss=4.70e-03 BER=1.69e-03 FER=3.31e-02
2025-10-25 14:39:13,040 | INFO | Epoch 608 Train Time 39.10256338119507s

2025-10-25 14:39:52,501 | INFO | Training epoch 609, Batch 1000/1000: LR=3.40e-05, Loss=4.60e-03 BER=1.63e-03 FER=3.21e-02
2025-10-25 14:39:52,583 | INFO | Epoch 609 Train Time 39.54015398025513s

2025-10-25 14:40:31,861 | INFO | Training epoch 610, Batch 1000/1000: LR=3.39e-05, Loss=4.71e-03 BER=1.68e-03 FER=3.29e-02
2025-10-25 14:40:31,959 | INFO | Epoch 610 Train Time 39.375120639801025s

2025-10-25 14:41:10,704 | INFO | Training epoch 611, Batch 1000/1000: LR=3.37e-05, Loss=4.55e-03 BER=1.63e-03 FER=3.21e-02
2025-10-25 14:41:10,791 | INFO | Epoch 611 Train Time 38.83085775375366s

2025-10-25 14:41:50,163 | INFO | Training epoch 612, Batch 1000/1000: LR=3.36e-05, Loss=4.76e-03 BER=1.72e-03 FER=3.33e-02
2025-10-25 14:41:50,243 | INFO | Epoch 612 Train Time 39.44990110397339s

2025-10-25 14:42:29,473 | INFO | Training epoch 613, Batch 1000/1000: LR=3.34e-05, Loss=4.69e-03 BER=1.68e-03 FER=3.31e-02
2025-10-25 14:42:29,568 | INFO | Epoch 613 Train Time 39.323349475860596s

2025-10-25 14:43:09,064 | INFO | Training epoch 614, Batch 1000/1000: LR=3.33e-05, Loss=4.62e-03 BER=1.65e-03 FER=3.23e-02
2025-10-25 14:43:09,157 | INFO | Epoch 614 Train Time 39.58749580383301s

2025-10-25 14:43:47,761 | INFO | Training epoch 615, Batch 1000/1000: LR=3.31e-05, Loss=4.75e-03 BER=1.69e-03 FER=3.28e-02
2025-10-25 14:43:47,840 | INFO | Epoch 615 Train Time 38.681681871414185s

2025-10-25 14:44:26,964 | INFO | Training epoch 616, Batch 1000/1000: LR=3.30e-05, Loss=4.74e-03 BER=1.68e-03 FER=3.28e-02
2025-10-25 14:44:27,073 | INFO | Epoch 616 Train Time 39.23149633407593s

2025-10-25 14:45:06,665 | INFO | Training epoch 617, Batch 1000/1000: LR=3.29e-05, Loss=4.75e-03 BER=1.71e-03 FER=3.36e-02
2025-10-25 14:45:06,753 | INFO | Epoch 617 Train Time 39.6776909828186s

2025-10-25 14:45:46,092 | INFO | Training epoch 618, Batch 1000/1000: LR=3.27e-05, Loss=4.52e-03 BER=1.64e-03 FER=3.22e-02
2025-10-25 14:45:46,162 | INFO | Epoch 618 Train Time 39.40646147727966s

2025-10-25 14:46:25,397 | INFO | Training epoch 619, Batch 1000/1000: LR=3.26e-05, Loss=4.62e-03 BER=1.65e-03 FER=3.26e-02
2025-10-25 14:46:25,486 | INFO | Epoch 619 Train Time 39.322142362594604s

2025-10-25 14:47:05,306 | INFO | Training epoch 620, Batch 1000/1000: LR=3.24e-05, Loss=4.64e-03 BER=1.67e-03 FER=3.31e-02
2025-10-25 14:47:05,389 | INFO | Epoch 620 Train Time 39.90095543861389s

2025-10-25 14:47:45,352 | INFO | Training epoch 621, Batch 1000/1000: LR=3.23e-05, Loss=4.68e-03 BER=1.67e-03 FER=3.30e-02
2025-10-25 14:47:45,438 | INFO | Epoch 621 Train Time 40.04842972755432s

2025-10-25 14:48:24,454 | INFO | Training epoch 622, Batch 1000/1000: LR=3.21e-05, Loss=4.65e-03 BER=1.67e-03 FER=3.26e-02
2025-10-25 14:48:24,533 | INFO | Epoch 622 Train Time 39.09333872795105s

2025-10-25 14:49:03,466 | INFO | Training epoch 623, Batch 1000/1000: LR=3.20e-05, Loss=4.65e-03 BER=1.66e-03 FER=3.27e-02
2025-10-25 14:49:03,540 | INFO | Epoch 623 Train Time 39.00547504425049s

2025-10-25 14:49:42,767 | INFO | Training epoch 624, Batch 1000/1000: LR=3.18e-05, Loss=4.62e-03 BER=1.66e-03 FER=3.28e-02
2025-10-25 14:49:42,847 | INFO | Epoch 624 Train Time 39.306082248687744s

2025-10-25 14:50:21,538 | INFO | Training epoch 625, Batch 1000/1000: LR=3.17e-05, Loss=4.71e-03 BER=1.68e-03 FER=3.25e-02
2025-10-25 14:50:21,622 | INFO | Epoch 625 Train Time 38.77285838127136s

2025-10-25 14:50:57,271 | INFO | Training epoch 626, Batch 1000/1000: LR=3.16e-05, Loss=4.68e-03 BER=1.69e-03 FER=3.28e-02
2025-10-25 14:50:57,347 | INFO | Epoch 626 Train Time 35.72354698181152s

2025-10-25 14:51:34,554 | INFO | Training epoch 627, Batch 1000/1000: LR=3.14e-05, Loss=4.67e-03 BER=1.68e-03 FER=3.28e-02
2025-10-25 14:51:34,639 | INFO | Epoch 627 Train Time 37.290122509002686s

2025-10-25 14:52:11,234 | INFO | Training epoch 628, Batch 1000/1000: LR=3.13e-05, Loss=4.67e-03 BER=1.68e-03 FER=3.34e-02
2025-10-25 14:52:11,304 | INFO | Epoch 628 Train Time 36.66369342803955s

2025-10-25 14:52:48,042 | INFO | Training epoch 629, Batch 1000/1000: LR=3.11e-05, Loss=4.49e-03 BER=1.61e-03 FER=3.17e-02
2025-10-25 14:52:48,125 | INFO | Epoch 629 Train Time 36.81835913658142s

2025-10-25 14:52:48,126 | INFO | [P1] saving best_model with loss 0.004492 at epoch 629
2025-10-25 14:53:24,920 | INFO | Training epoch 630, Batch 1000/1000: LR=3.10e-05, Loss=4.72e-03 BER=1.68e-03 FER=3.29e-02
2025-10-25 14:53:25,025 | INFO | Epoch 630 Train Time 36.807891607284546s

2025-10-25 14:54:01,680 | INFO | Training epoch 631, Batch 1000/1000: LR=3.08e-05, Loss=4.64e-03 BER=1.67e-03 FER=3.30e-02
2025-10-25 14:54:01,755 | INFO | Epoch 631 Train Time 36.728530406951904s

2025-10-25 14:54:38,150 | INFO | Training epoch 632, Batch 1000/1000: LR=3.07e-05, Loss=4.63e-03 BER=1.67e-03 FER=3.26e-02
2025-10-25 14:54:38,234 | INFO | Epoch 632 Train Time 36.47853970527649s

2025-10-25 14:55:14,830 | INFO | Training epoch 633, Batch 1000/1000: LR=3.06e-05, Loss=4.74e-03 BER=1.69e-03 FER=3.32e-02
2025-10-25 14:55:14,924 | INFO | Epoch 633 Train Time 36.68877863883972s

2025-10-25 14:55:50,630 | INFO | Training epoch 634, Batch 1000/1000: LR=3.04e-05, Loss=4.49e-03 BER=1.62e-03 FER=3.19e-02
2025-10-25 14:55:50,704 | INFO | Epoch 634 Train Time 35.77708649635315s

2025-10-25 14:55:50,704 | INFO | [P1] saving best_model with loss 0.004491 at epoch 634
2025-10-25 14:56:26,944 | INFO | Training epoch 635, Batch 1000/1000: LR=3.03e-05, Loss=4.61e-03 BER=1.67e-03 FER=3.26e-02
2025-10-25 14:56:27,022 | INFO | Epoch 635 Train Time 36.24595022201538s

2025-10-25 14:57:03,672 | INFO | Training epoch 636, Batch 1000/1000: LR=3.01e-05, Loss=4.54e-03 BER=1.63e-03 FER=3.18e-02
2025-10-25 14:57:03,757 | INFO | Epoch 636 Train Time 36.733288049697876s

2025-10-25 14:57:40,641 | INFO | Training epoch 637, Batch 1000/1000: LR=3.00e-05, Loss=4.57e-03 BER=1.65e-03 FER=3.23e-02
2025-10-25 14:57:40,737 | INFO | Epoch 637 Train Time 36.97961354255676s

2025-10-25 14:58:17,444 | INFO | Training epoch 638, Batch 1000/1000: LR=2.98e-05, Loss=4.61e-03 BER=1.68e-03 FER=3.28e-02
2025-10-25 14:58:17,526 | INFO | Epoch 638 Train Time 36.78662085533142s

2025-10-25 14:58:54,039 | INFO | Training epoch 639, Batch 1000/1000: LR=2.97e-05, Loss=4.65e-03 BER=1.68e-03 FER=3.34e-02
2025-10-25 14:58:54,127 | INFO | Epoch 639 Train Time 36.59992742538452s

2025-10-25 14:59:30,535 | INFO | Training epoch 640, Batch 1000/1000: LR=2.96e-05, Loss=4.62e-03 BER=1.64e-03 FER=3.22e-02
2025-10-25 14:59:30,617 | INFO | Epoch 640 Train Time 36.4890398979187s

2025-10-25 15:00:07,441 | INFO | Training epoch 641, Batch 1000/1000: LR=2.94e-05, Loss=4.51e-03 BER=1.61e-03 FER=3.20e-02
2025-10-25 15:00:07,535 | INFO | Epoch 641 Train Time 36.91528058052063s

2025-10-25 15:00:44,397 | INFO | Training epoch 642, Batch 1000/1000: LR=2.93e-05, Loss=4.65e-03 BER=1.67e-03 FER=3.28e-02
2025-10-25 15:00:44,479 | INFO | Epoch 642 Train Time 36.94292616844177s

2025-10-25 15:01:23,759 | INFO | Training epoch 643, Batch 1000/1000: LR=2.91e-05, Loss=4.65e-03 BER=1.64e-03 FER=3.20e-02
2025-10-25 15:01:23,853 | INFO | Epoch 643 Train Time 39.37317442893982s

2025-10-25 15:02:03,464 | INFO | Training epoch 644, Batch 1000/1000: LR=2.90e-05, Loss=4.52e-03 BER=1.63e-03 FER=3.21e-02
2025-10-25 15:02:03,551 | INFO | Epoch 644 Train Time 39.69665837287903s

2025-10-25 15:02:42,968 | INFO | Training epoch 645, Batch 1000/1000: LR=2.89e-05, Loss=4.62e-03 BER=1.65e-03 FER=3.23e-02
2025-10-25 15:02:43,049 | INFO | Epoch 645 Train Time 39.49691891670227s

2025-10-25 15:03:22,788 | INFO | Training epoch 646, Batch 1000/1000: LR=2.87e-05, Loss=4.70e-03 BER=1.68e-03 FER=3.28e-02
2025-10-25 15:03:22,876 | INFO | Epoch 646 Train Time 39.82507920265198s

2025-10-25 15:04:02,162 | INFO | Training epoch 647, Batch 1000/1000: LR=2.86e-05, Loss=4.53e-03 BER=1.64e-03 FER=3.18e-02
2025-10-25 15:04:02,253 | INFO | Epoch 647 Train Time 39.37382650375366s

2025-10-25 15:04:42,171 | INFO | Training epoch 648, Batch 1000/1000: LR=2.84e-05, Loss=4.66e-03 BER=1.67e-03 FER=3.26e-02
2025-10-25 15:04:42,265 | INFO | Epoch 648 Train Time 40.010581254959106s

2025-10-25 15:05:21,570 | INFO | Training epoch 649, Batch 1000/1000: LR=2.83e-05, Loss=4.71e-03 BER=1.69e-03 FER=3.29e-02
2025-10-25 15:05:21,648 | INFO | Epoch 649 Train Time 39.38002848625183s

2025-10-25 15:06:01,979 | INFO | Training epoch 650, Batch 1000/1000: LR=2.82e-05, Loss=4.47e-03 BER=1.62e-03 FER=3.20e-02
2025-10-25 15:06:02,073 | INFO | Epoch 650 Train Time 40.42393350601196s

2025-10-25 15:06:02,074 | INFO | [P1] saving best_model with loss 0.004474 at epoch 650
2025-10-25 15:06:41,766 | INFO | Training epoch 651, Batch 1000/1000: LR=2.80e-05, Loss=4.64e-03 BER=1.66e-03 FER=3.20e-02
2025-10-25 15:06:41,851 | INFO | Epoch 651 Train Time 39.69982123374939s

2025-10-25 15:07:21,350 | INFO | Training epoch 652, Batch 1000/1000: LR=2.79e-05, Loss=4.58e-03 BER=1.64e-03 FER=3.25e-02
2025-10-25 15:07:21,447 | INFO | Epoch 652 Train Time 39.594584226608276s

2025-10-25 15:08:00,859 | INFO | Training epoch 653, Batch 1000/1000: LR=2.78e-05, Loss=4.56e-03 BER=1.62e-03 FER=3.19e-02
2025-10-25 15:08:00,944 | INFO | Epoch 653 Train Time 39.49562215805054s

2025-10-25 15:08:40,569 | INFO | Training epoch 654, Batch 1000/1000: LR=2.76e-05, Loss=4.66e-03 BER=1.68e-03 FER=3.27e-02
2025-10-25 15:08:40,668 | INFO | Epoch 654 Train Time 39.722241163253784s

2025-10-25 15:09:20,177 | INFO | Training epoch 655, Batch 1000/1000: LR=2.75e-05, Loss=4.73e-03 BER=1.73e-03 FER=3.29e-02
2025-10-25 15:09:20,280 | INFO | Epoch 655 Train Time 39.61045241355896s

2025-10-25 15:09:59,870 | INFO | Training epoch 656, Batch 1000/1000: LR=2.73e-05, Loss=4.69e-03 BER=1.67e-03 FER=3.26e-02
2025-10-25 15:09:59,952 | INFO | Epoch 656 Train Time 39.66763877868652s

2025-10-25 15:10:39,957 | INFO | Training epoch 657, Batch 1000/1000: LR=2.72e-05, Loss=4.64e-03 BER=1.65e-03 FER=3.19e-02
2025-10-25 15:10:40,045 | INFO | Epoch 657 Train Time 40.09096956253052s

2025-10-25 15:11:19,961 | INFO | Training epoch 658, Batch 1000/1000: LR=2.71e-05, Loss=4.55e-03 BER=1.65e-03 FER=3.22e-02
2025-10-25 15:11:20,048 | INFO | Epoch 658 Train Time 40.00039601325989s

2025-10-25 15:11:59,562 | INFO | Training epoch 659, Batch 1000/1000: LR=2.69e-05, Loss=4.72e-03 BER=1.70e-03 FER=3.32e-02
2025-10-25 15:11:59,660 | INFO | Epoch 659 Train Time 39.61102867126465s

2025-10-25 15:12:39,098 | INFO | Training epoch 660, Batch 1000/1000: LR=2.68e-05, Loss=4.60e-03 BER=1.64e-03 FER=3.23e-02
2025-10-25 15:12:39,196 | INFO | Epoch 660 Train Time 39.5336492061615s

2025-10-25 15:13:18,570 | INFO | Training epoch 661, Batch 1000/1000: LR=2.67e-05, Loss=4.63e-03 BER=1.69e-03 FER=3.29e-02
2025-10-25 15:13:18,652 | INFO | Epoch 661 Train Time 39.45376634597778s

2025-10-25 15:13:58,060 | INFO | Training epoch 662, Batch 1000/1000: LR=2.65e-05, Loss=4.47e-03 BER=1.62e-03 FER=3.15e-02
2025-10-25 15:13:58,149 | INFO | Epoch 662 Train Time 39.49611973762512s

2025-10-25 15:14:37,554 | INFO | Training epoch 663, Batch 1000/1000: LR=2.64e-05, Loss=4.59e-03 BER=1.64e-03 FER=3.22e-02
2025-10-25 15:14:37,655 | INFO | Epoch 663 Train Time 39.50415372848511s

2025-10-25 15:15:18,078 | INFO | Training epoch 664, Batch 1000/1000: LR=2.62e-05, Loss=4.72e-03 BER=1.68e-03 FER=3.25e-02
2025-10-25 15:15:18,162 | INFO | Epoch 664 Train Time 40.505544662475586s

2025-10-25 15:15:57,764 | INFO | Training epoch 665, Batch 1000/1000: LR=2.61e-05, Loss=4.72e-03 BER=1.69e-03 FER=3.28e-02
2025-10-25 15:15:57,859 | INFO | Epoch 665 Train Time 39.6949987411499s

2025-10-25 15:16:37,469 | INFO | Training epoch 666, Batch 1000/1000: LR=2.60e-05, Loss=4.47e-03 BER=1.62e-03 FER=3.18e-02
2025-10-25 15:16:37,550 | INFO | Epoch 666 Train Time 39.6893265247345s

2025-10-25 15:16:37,551 | INFO | [P1] saving best_model with loss 0.004473 at epoch 666
2025-10-25 15:17:17,153 | INFO | Training epoch 667, Batch 1000/1000: LR=2.58e-05, Loss=4.60e-03 BER=1.64e-03 FER=3.24e-02
2025-10-25 15:17:17,256 | INFO | Epoch 667 Train Time 39.61775755882263s

2025-10-25 15:17:57,175 | INFO | Training epoch 668, Batch 1000/1000: LR=2.57e-05, Loss=4.50e-03 BER=1.61e-03 FER=3.17e-02
2025-10-25 15:17:57,266 | INFO | Epoch 668 Train Time 40.00912094116211s

2025-10-25 15:18:36,981 | INFO | Training epoch 669, Batch 1000/1000: LR=2.56e-05, Loss=4.63e-03 BER=1.65e-03 FER=3.24e-02
2025-10-25 15:18:37,069 | INFO | Epoch 669 Train Time 39.80159068107605s

2025-10-25 15:19:16,386 | INFO | Training epoch 670, Batch 1000/1000: LR=2.54e-05, Loss=4.56e-03 BER=1.64e-03 FER=3.22e-02
2025-10-25 15:19:16,477 | INFO | Epoch 670 Train Time 39.40662503242493s

2025-10-25 15:19:56,485 | INFO | Training epoch 671, Batch 1000/1000: LR=2.53e-05, Loss=4.67e-03 BER=1.67e-03 FER=3.23e-02
2025-10-25 15:19:56,578 | INFO | Epoch 671 Train Time 40.10030269622803s

2025-10-25 15:20:36,865 | INFO | Training epoch 672, Batch 1000/1000: LR=2.52e-05, Loss=4.60e-03 BER=1.66e-03 FER=3.23e-02
2025-10-25 15:20:36,950 | INFO | Epoch 672 Train Time 40.37002730369568s

2025-10-25 15:21:16,966 | INFO | Training epoch 673, Batch 1000/1000: LR=2.50e-05, Loss=4.68e-03 BER=1.67e-03 FER=3.23e-02
2025-10-25 15:21:17,068 | INFO | Epoch 673 Train Time 40.11677932739258s

2025-10-25 15:21:56,569 | INFO | Training epoch 674, Batch 1000/1000: LR=2.49e-05, Loss=4.56e-03 BER=1.65e-03 FER=3.18e-02
2025-10-25 15:21:56,662 | INFO | Epoch 674 Train Time 39.59182906150818s

2025-10-25 15:22:35,965 | INFO | Training epoch 675, Batch 1000/1000: LR=2.48e-05, Loss=4.49e-03 BER=1.61e-03 FER=3.17e-02
2025-10-25 15:22:36,070 | INFO | Epoch 675 Train Time 39.406161069869995s

2025-10-25 15:23:15,349 | INFO | Training epoch 676, Batch 1000/1000: LR=2.46e-05, Loss=4.51e-03 BER=1.62e-03 FER=3.19e-02
2025-10-25 15:23:15,451 | INFO | Epoch 676 Train Time 39.37868618965149s

2025-10-25 15:23:54,990 | INFO | Training epoch 677, Batch 1000/1000: LR=2.45e-05, Loss=4.63e-03 BER=1.67e-03 FER=3.29e-02
2025-10-25 15:23:55,076 | INFO | Epoch 677 Train Time 39.62302494049072s

2025-10-25 15:24:34,575 | INFO | Training epoch 678, Batch 1000/1000: LR=2.44e-05, Loss=4.50e-03 BER=1.62e-03 FER=3.15e-02
2025-10-25 15:24:34,669 | INFO | Epoch 678 Train Time 39.59178590774536s

2025-10-25 15:25:14,071 | INFO | Training epoch 679, Batch 1000/1000: LR=2.42e-05, Loss=4.56e-03 BER=1.62e-03 FER=3.13e-02
2025-10-25 15:25:14,154 | INFO | Epoch 679 Train Time 39.48106074333191s

2025-10-25 15:25:53,673 | INFO | Training epoch 680, Batch 1000/1000: LR=2.41e-05, Loss=4.59e-03 BER=1.63e-03 FER=3.25e-02
2025-10-25 15:25:53,756 | INFO | Epoch 680 Train Time 39.60048222541809s

2025-10-25 15:26:33,772 | INFO | Training epoch 681, Batch 1000/1000: LR=2.40e-05, Loss=4.50e-03 BER=1.62e-03 FER=3.18e-02
2025-10-25 15:26:33,857 | INFO | Epoch 681 Train Time 40.09953331947327s

2025-10-25 15:27:12,967 | INFO | Training epoch 682, Batch 1000/1000: LR=2.38e-05, Loss=4.54e-03 BER=1.63e-03 FER=3.19e-02
2025-10-25 15:27:13,046 | INFO | Epoch 682 Train Time 39.18693566322327s

2025-10-25 15:27:53,102 | INFO | Training epoch 683, Batch 1000/1000: LR=2.37e-05, Loss=4.66e-03 BER=1.67e-03 FER=3.27e-02
2025-10-25 15:27:53,193 | INFO | Epoch 683 Train Time 40.14573264122009s

2025-10-25 15:28:32,769 | INFO | Training epoch 684, Batch 1000/1000: LR=2.36e-05, Loss=4.59e-03 BER=1.64e-03 FER=3.24e-02
2025-10-25 15:28:32,864 | INFO | Epoch 684 Train Time 39.668301582336426s

2025-10-25 15:29:12,487 | INFO | Training epoch 685, Batch 1000/1000: LR=2.35e-05, Loss=4.64e-03 BER=1.68e-03 FER=3.26e-02
2025-10-25 15:29:12,586 | INFO | Epoch 685 Train Time 39.72011160850525s

2025-10-25 15:29:51,789 | INFO | Training epoch 686, Batch 1000/1000: LR=2.33e-05, Loss=4.47e-03 BER=1.59e-03 FER=3.09e-02
2025-10-25 15:29:51,869 | INFO | Epoch 686 Train Time 39.282684087753296s

2025-10-25 15:29:51,870 | INFO | [P1] saving best_model with loss 0.004469 at epoch 686
2025-10-25 15:30:31,888 | INFO | Training epoch 687, Batch 1000/1000: LR=2.32e-05, Loss=4.45e-03 BER=1.61e-03 FER=3.11e-02
2025-10-25 15:30:31,973 | INFO | Epoch 687 Train Time 40.032262563705444s

2025-10-25 15:30:31,974 | INFO | [P1] saving best_model with loss 0.004451 at epoch 687
2025-10-25 15:31:11,861 | INFO | Training epoch 688, Batch 1000/1000: LR=2.31e-05, Loss=4.77e-03 BER=1.69e-03 FER=3.30e-02
2025-10-25 15:31:11,963 | INFO | Epoch 688 Train Time 39.933613538742065s

2025-10-25 15:31:51,860 | INFO | Training epoch 689, Batch 1000/1000: LR=2.29e-05, Loss=4.67e-03 BER=1.66e-03 FER=3.24e-02
2025-10-25 15:31:51,949 | INFO | Epoch 689 Train Time 39.98431968688965s

2025-10-25 15:32:31,762 | INFO | Training epoch 690, Batch 1000/1000: LR=2.28e-05, Loss=4.55e-03 BER=1.63e-03 FER=3.19e-02
2025-10-25 15:32:31,851 | INFO | Epoch 690 Train Time 39.90021228790283s

2025-10-25 15:33:11,373 | INFO | Training epoch 691, Batch 1000/1000: LR=2.27e-05, Loss=4.65e-03 BER=1.67e-03 FER=3.27e-02
2025-10-25 15:33:11,455 | INFO | Epoch 691 Train Time 39.6022093296051s

2025-10-25 15:33:51,061 | INFO | Training epoch 692, Batch 1000/1000: LR=2.25e-05, Loss=4.62e-03 BER=1.65e-03 FER=3.22e-02
2025-10-25 15:33:51,145 | INFO | Epoch 692 Train Time 39.68789577484131s

2025-10-25 15:34:31,081 | INFO | Training epoch 693, Batch 1000/1000: LR=2.24e-05, Loss=4.62e-03 BER=1.65e-03 FER=3.22e-02
2025-10-25 15:34:31,166 | INFO | Epoch 693 Train Time 40.018815755844116s

2025-10-25 15:35:11,010 | INFO | Training epoch 694, Batch 1000/1000: LR=2.23e-05, Loss=4.59e-03 BER=1.65e-03 FER=3.18e-02
2025-10-25 15:35:11,102 | INFO | Epoch 694 Train Time 39.93400835990906s

2025-10-25 15:35:50,666 | INFO | Training epoch 695, Batch 1000/1000: LR=2.22e-05, Loss=4.53e-03 BER=1.66e-03 FER=3.22e-02
2025-10-25 15:35:50,750 | INFO | Epoch 695 Train Time 39.64734172821045s

2025-10-25 15:36:30,065 | INFO | Training epoch 696, Batch 1000/1000: LR=2.20e-05, Loss=4.54e-03 BER=1.61e-03 FER=3.21e-02
2025-10-25 15:36:30,142 | INFO | Epoch 696 Train Time 39.390214920043945s

2025-10-25 15:37:09,161 | INFO | Training epoch 697, Batch 1000/1000: LR=2.19e-05, Loss=4.52e-03 BER=1.62e-03 FER=3.15e-02
2025-10-25 15:37:09,250 | INFO | Epoch 697 Train Time 39.10552954673767s

2025-10-25 15:37:48,545 | INFO | Training epoch 698, Batch 1000/1000: LR=2.18e-05, Loss=4.49e-03 BER=1.63e-03 FER=3.17e-02
2025-10-25 15:37:48,624 | INFO | Epoch 698 Train Time 39.371949195861816s

2025-10-25 15:38:28,065 | INFO | Training epoch 699, Batch 1000/1000: LR=2.17e-05, Loss=4.49e-03 BER=1.62e-03 FER=3.16e-02
2025-10-25 15:38:28,166 | INFO | Epoch 699 Train Time 39.539581060409546s

2025-10-25 15:39:07,861 | INFO | Training epoch 700, Batch 1000/1000: LR=2.15e-05, Loss=4.54e-03 BER=1.63e-03 FER=3.21e-02
2025-10-25 15:39:07,955 | INFO | Epoch 700 Train Time 39.78702974319458s

2025-10-25 15:39:47,450 | INFO | Training epoch 701, Batch 1000/1000: LR=2.14e-05, Loss=4.67e-03 BER=1.69e-03 FER=3.24e-02
2025-10-25 15:39:47,536 | INFO | Epoch 701 Train Time 39.58018779754639s

2025-10-25 15:40:27,370 | INFO | Training epoch 702, Batch 1000/1000: LR=2.13e-05, Loss=4.53e-03 BER=1.64e-03 FER=3.25e-02
2025-10-25 15:40:27,458 | INFO | Epoch 702 Train Time 39.921048641204834s

2025-10-25 15:41:07,084 | INFO | Training epoch 703, Batch 1000/1000: LR=2.12e-05, Loss=4.60e-03 BER=1.65e-03 FER=3.21e-02
2025-10-25 15:41:07,168 | INFO | Epoch 703 Train Time 39.70775103569031s

2025-10-25 15:41:47,298 | INFO | Training epoch 704, Batch 1000/1000: LR=2.10e-05, Loss=4.59e-03 BER=1.66e-03 FER=3.20e-02
2025-10-25 15:41:47,399 | INFO | Epoch 704 Train Time 40.230435371398926s

2025-10-25 15:42:27,065 | INFO | Training epoch 705, Batch 1000/1000: LR=2.09e-05, Loss=4.42e-03 BER=1.58e-03 FER=3.07e-02
2025-10-25 15:42:27,152 | INFO | Epoch 705 Train Time 39.75098919868469s

2025-10-25 15:42:27,154 | INFO | [P1] saving best_model with loss 0.004421 at epoch 705
2025-10-25 15:43:06,664 | INFO | Training epoch 706, Batch 1000/1000: LR=2.08e-05, Loss=4.73e-03 BER=1.69e-03 FER=3.27e-02
2025-10-25 15:43:06,756 | INFO | Epoch 706 Train Time 39.527475357055664s

2025-10-25 15:43:46,461 | INFO | Training epoch 707, Batch 1000/1000: LR=2.07e-05, Loss=4.52e-03 BER=1.61e-03 FER=3.14e-02
2025-10-25 15:43:46,562 | INFO | Epoch 707 Train Time 39.802778005599976s

2025-10-25 15:44:25,667 | INFO | Training epoch 708, Batch 1000/1000: LR=2.05e-05, Loss=4.51e-03 BER=1.62e-03 FER=3.17e-02
2025-10-25 15:44:25,763 | INFO | Epoch 708 Train Time 39.199875593185425s

2025-10-25 15:45:06,063 | INFO | Training epoch 709, Batch 1000/1000: LR=2.04e-05, Loss=4.55e-03 BER=1.63e-03 FER=3.15e-02
2025-10-25 15:45:06,156 | INFO | Epoch 709 Train Time 40.392106771469116s

2025-10-25 15:45:46,312 | INFO | Training epoch 710, Batch 1000/1000: LR=2.03e-05, Loss=4.64e-03 BER=1.65e-03 FER=3.19e-02
2025-10-25 15:45:46,402 | INFO | Epoch 710 Train Time 40.2449848651886s

2025-10-25 15:46:26,379 | INFO | Training epoch 711, Batch 1000/1000: LR=2.02e-05, Loss=4.59e-03 BER=1.65e-03 FER=3.20e-02
2025-10-25 15:46:26,472 | INFO | Epoch 711 Train Time 40.0690643787384s

2025-10-25 15:47:05,865 | INFO | Training epoch 712, Batch 1000/1000: LR=2.00e-05, Loss=4.60e-03 BER=1.67e-03 FER=3.21e-02
2025-10-25 15:47:05,956 | INFO | Epoch 712 Train Time 39.48226022720337s

2025-10-25 15:47:45,565 | INFO | Training epoch 713, Batch 1000/1000: LR=1.99e-05, Loss=4.54e-03 BER=1.65e-03 FER=3.19e-02
2025-10-25 15:47:45,661 | INFO | Epoch 713 Train Time 39.70407152175903s

2025-10-25 15:48:25,394 | INFO | Training epoch 714, Batch 1000/1000: LR=1.98e-05, Loss=4.54e-03 BER=1.62e-03 FER=3.24e-02
2025-10-25 15:48:25,475 | INFO | Epoch 714 Train Time 39.811115980148315s

2025-10-25 15:49:04,671 | INFO | Training epoch 715, Batch 1000/1000: LR=1.97e-05, Loss=4.52e-03 BER=1.63e-03 FER=3.16e-02
2025-10-25 15:49:04,775 | INFO | Epoch 715 Train Time 39.29850482940674s

2025-10-25 15:49:44,189 | INFO | Training epoch 716, Batch 1000/1000: LR=1.96e-05, Loss=4.61e-03 BER=1.65e-03 FER=3.21e-02
2025-10-25 15:49:44,280 | INFO | Epoch 716 Train Time 39.502890825271606s

2025-10-25 15:50:23,765 | INFO | Training epoch 717, Batch 1000/1000: LR=1.94e-05, Loss=4.55e-03 BER=1.63e-03 FER=3.16e-02
2025-10-25 15:50:23,845 | INFO | Epoch 717 Train Time 39.561782360076904s

2025-10-25 15:51:03,062 | INFO | Training epoch 718, Batch 1000/1000: LR=1.93e-05, Loss=4.61e-03 BER=1.61e-03 FER=3.12e-02
2025-10-25 15:51:03,148 | INFO | Epoch 718 Train Time 39.301228284835815s

2025-10-25 15:51:42,922 | INFO | Training epoch 719, Batch 1000/1000: LR=1.92e-05, Loss=4.60e-03 BER=1.67e-03 FER=3.21e-02
2025-10-25 15:51:43,016 | INFO | Epoch 719 Train Time 39.86704468727112s

2025-10-25 15:52:22,585 | INFO | Training epoch 720, Batch 1000/1000: LR=1.91e-05, Loss=4.56e-03 BER=1.64e-03 FER=3.19e-02
2025-10-25 15:52:22,665 | INFO | Epoch 720 Train Time 39.645813941955566s

2025-10-25 15:53:01,956 | INFO | Training epoch 721, Batch 1000/1000: LR=1.89e-05, Loss=4.59e-03 BER=1.64e-03 FER=3.22e-02
2025-10-25 15:53:02,033 | INFO | Epoch 721 Train Time 39.36626148223877s

2025-10-25 15:53:41,967 | INFO | Training epoch 722, Batch 1000/1000: LR=1.88e-05, Loss=4.58e-03 BER=1.61e-03 FER=3.19e-02
2025-10-25 15:53:42,064 | INFO | Epoch 722 Train Time 40.02933692932129s

2025-10-25 15:54:21,766 | INFO | Training epoch 723, Batch 1000/1000: LR=1.87e-05, Loss=4.63e-03 BER=1.68e-03 FER=3.23e-02
2025-10-25 15:54:21,868 | INFO | Epoch 723 Train Time 39.80095100402832s

2025-10-25 15:55:01,257 | INFO | Training epoch 724, Batch 1000/1000: LR=1.86e-05, Loss=4.50e-03 BER=1.59e-03 FER=3.16e-02
2025-10-25 15:55:01,330 | INFO | Epoch 724 Train Time 39.46027970314026s

2025-10-25 15:55:41,478 | INFO | Training epoch 725, Batch 1000/1000: LR=1.85e-05, Loss=4.41e-03 BER=1.59e-03 FER=3.12e-02
2025-10-25 15:55:41,557 | INFO | Epoch 725 Train Time 40.22525143623352s

2025-10-25 15:55:41,558 | INFO | [P1] saving best_model with loss 0.004414 at epoch 725
2025-10-25 15:56:21,486 | INFO | Training epoch 726, Batch 1000/1000: LR=1.84e-05, Loss=4.49e-03 BER=1.61e-03 FER=3.13e-02
2025-10-25 15:56:21,569 | INFO | Epoch 726 Train Time 39.93403887748718s

2025-10-25 15:57:01,198 | INFO | Training epoch 727, Batch 1000/1000: LR=1.82e-05, Loss=4.53e-03 BER=1.62e-03 FER=3.16e-02
2025-10-25 15:57:01,276 | INFO | Epoch 727 Train Time 39.70583248138428s

2025-10-25 15:57:40,666 | INFO | Training epoch 728, Batch 1000/1000: LR=1.81e-05, Loss=4.48e-03 BER=1.61e-03 FER=3.12e-02
2025-10-25 15:57:40,757 | INFO | Epoch 728 Train Time 39.479963302612305s

2025-10-25 15:58:20,383 | INFO | Training epoch 729, Batch 1000/1000: LR=1.80e-05, Loss=4.73e-03 BER=1.69e-03 FER=3.25e-02
2025-10-25 15:58:20,461 | INFO | Epoch 729 Train Time 39.70282220840454s

2025-10-25 15:59:00,668 | INFO | Training epoch 730, Batch 1000/1000: LR=1.79e-05, Loss=4.45e-03 BER=1.58e-03 FER=3.09e-02
2025-10-25 15:59:00,752 | INFO | Epoch 730 Train Time 40.289849042892456s

2025-10-25 15:59:40,264 | INFO | Training epoch 731, Batch 1000/1000: LR=1.78e-05, Loss=4.47e-03 BER=1.60e-03 FER=3.13e-02
2025-10-25 15:59:40,352 | INFO | Epoch 731 Train Time 39.597933769226074s

2025-10-25 16:00:18,884 | INFO | Training epoch 732, Batch 1000/1000: LR=1.76e-05, Loss=4.47e-03 BER=1.60e-03 FER=3.10e-02
2025-10-25 16:00:18,960 | INFO | Epoch 732 Train Time 38.606419801712036s

2025-10-25 16:00:58,850 | INFO | Training epoch 733, Batch 1000/1000: LR=1.75e-05, Loss=4.60e-03 BER=1.67e-03 FER=3.24e-02
2025-10-25 16:00:58,950 | INFO | Epoch 733 Train Time 39.98923635482788s

2025-10-25 16:01:38,881 | INFO | Training epoch 734, Batch 1000/1000: LR=1.74e-05, Loss=4.55e-03 BER=1.60e-03 FER=3.10e-02
2025-10-25 16:01:38,962 | INFO | Epoch 734 Train Time 40.00879216194153s

2025-10-25 16:02:18,668 | INFO | Training epoch 735, Batch 1000/1000: LR=1.73e-05, Loss=4.75e-03 BER=1.70e-03 FER=3.24e-02
2025-10-25 16:02:18,762 | INFO | Epoch 735 Train Time 39.79795002937317s

2025-10-25 16:02:58,806 | INFO | Training epoch 736, Batch 1000/1000: LR=1.72e-05, Loss=4.60e-03 BER=1.65e-03 FER=3.15e-02
2025-10-25 16:02:58,892 | INFO | Epoch 736 Train Time 40.126325845718384s

2025-10-25 16:03:38,066 | INFO | Training epoch 737, Batch 1000/1000: LR=1.71e-05, Loss=4.58e-03 BER=1.64e-03 FER=3.17e-02
2025-10-25 16:03:38,144 | INFO | Epoch 737 Train Time 39.24966335296631s

2025-10-25 16:04:18,175 | INFO | Training epoch 738, Batch 1000/1000: LR=1.70e-05, Loss=4.55e-03 BER=1.61e-03 FER=3.11e-02
2025-10-25 16:04:18,287 | INFO | Epoch 738 Train Time 40.13936257362366s

2025-10-25 16:04:58,188 | INFO | Training epoch 739, Batch 1000/1000: LR=1.68e-05, Loss=4.34e-03 BER=1.56e-03 FER=3.06e-02
2025-10-25 16:04:58,280 | INFO | Epoch 739 Train Time 39.99212598800659s

2025-10-25 16:04:58,282 | INFO | [P1] saving best_model with loss 0.004343 at epoch 739
2025-10-25 16:05:37,769 | INFO | Training epoch 740, Batch 1000/1000: LR=1.67e-05, Loss=4.51e-03 BER=1.62e-03 FER=3.15e-02
2025-10-25 16:05:37,861 | INFO | Epoch 740 Train Time 39.52067565917969s

2025-10-25 16:06:17,297 | INFO | Training epoch 741, Batch 1000/1000: LR=1.66e-05, Loss=4.58e-03 BER=1.63e-03 FER=3.21e-02
2025-10-25 16:06:17,381 | INFO | Epoch 741 Train Time 39.51908254623413s

2025-10-25 16:06:56,987 | INFO | Training epoch 742, Batch 1000/1000: LR=1.65e-05, Loss=4.53e-03 BER=1.61e-03 FER=3.09e-02
2025-10-25 16:06:57,072 | INFO | Epoch 742 Train Time 39.68953824043274s

2025-10-25 16:07:36,457 | INFO | Training epoch 743, Batch 1000/1000: LR=1.64e-05, Loss=4.55e-03 BER=1.66e-03 FER=3.22e-02
2025-10-25 16:07:36,544 | INFO | Epoch 743 Train Time 39.468483209609985s

2025-10-25 16:08:16,169 | INFO | Training epoch 744, Batch 1000/1000: LR=1.63e-05, Loss=4.65e-03 BER=1.69e-03 FER=3.25e-02
2025-10-25 16:08:16,252 | INFO | Epoch 744 Train Time 39.70377016067505s

2025-10-25 16:08:55,993 | INFO | Training epoch 745, Batch 1000/1000: LR=1.62e-05, Loss=4.36e-03 BER=1.54e-03 FER=3.01e-02
2025-10-25 16:08:56,078 | INFO | Epoch 745 Train Time 39.82402515411377s

2025-10-25 16:09:35,455 | INFO | Training epoch 746, Batch 1000/1000: LR=1.61e-05, Loss=4.56e-03 BER=1.65e-03 FER=3.15e-02
2025-10-25 16:09:35,542 | INFO | Epoch 746 Train Time 39.46223044395447s

2025-10-25 16:10:15,160 | INFO | Training epoch 747, Batch 1000/1000: LR=1.59e-05, Loss=4.61e-03 BER=1.65e-03 FER=3.17e-02
2025-10-25 16:10:15,275 | INFO | Epoch 747 Train Time 39.730650663375854s

2025-10-25 16:10:54,894 | INFO | Training epoch 748, Batch 1000/1000: LR=1.58e-05, Loss=4.70e-03 BER=1.68e-03 FER=3.24e-02
2025-10-25 16:10:54,971 | INFO | Epoch 748 Train Time 39.694764375686646s

2025-10-25 16:11:34,990 | INFO | Training epoch 749, Batch 1000/1000: LR=1.57e-05, Loss=4.47e-03 BER=1.59e-03 FER=3.09e-02
2025-10-25 16:11:35,078 | INFO | Epoch 749 Train Time 40.10490012168884s

2025-10-25 16:12:14,462 | INFO | Training epoch 750, Batch 1000/1000: LR=1.56e-05, Loss=4.65e-03 BER=1.69e-03 FER=3.20e-02
2025-10-25 16:12:14,555 | INFO | Epoch 750 Train Time 39.47562336921692s

2025-10-25 16:12:53,464 | INFO | Training epoch 751, Batch 1000/1000: LR=1.55e-05, Loss=4.42e-03 BER=1.58e-03 FER=3.09e-02
2025-10-25 16:12:53,544 | INFO | Epoch 751 Train Time 38.9875910282135s

2025-10-25 16:13:33,171 | INFO | Training epoch 752, Batch 1000/1000: LR=1.54e-05, Loss=4.55e-03 BER=1.65e-03 FER=3.19e-02
2025-10-25 16:13:33,249 | INFO | Epoch 752 Train Time 39.70401930809021s

2025-10-25 16:14:12,802 | INFO | Training epoch 753, Batch 1000/1000: LR=1.53e-05, Loss=4.55e-03 BER=1.61e-03 FER=3.12e-02
2025-10-25 16:14:12,887 | INFO | Epoch 753 Train Time 39.635913610458374s

2025-10-25 16:14:52,471 | INFO | Training epoch 754, Batch 1000/1000: LR=1.52e-05, Loss=4.45e-03 BER=1.59e-03 FER=3.10e-02
2025-10-25 16:14:52,554 | INFO | Epoch 754 Train Time 39.66610908508301s

2025-10-25 16:15:32,266 | INFO | Training epoch 755, Batch 1000/1000: LR=1.51e-05, Loss=4.56e-03 BER=1.60e-03 FER=3.16e-02
2025-10-25 16:15:32,350 | INFO | Epoch 755 Train Time 39.794227838516235s

2025-10-25 16:16:11,975 | INFO | Training epoch 756, Batch 1000/1000: LR=1.50e-05, Loss=4.64e-03 BER=1.68e-03 FER=3.23e-02
2025-10-25 16:16:12,059 | INFO | Epoch 756 Train Time 39.707435846328735s

2025-10-25 16:16:51,188 | INFO | Training epoch 757, Batch 1000/1000: LR=1.48e-05, Loss=4.57e-03 BER=1.65e-03 FER=3.20e-02
2025-10-25 16:16:51,267 | INFO | Epoch 757 Train Time 39.205646276474s

2025-10-25 16:17:30,867 | INFO | Training epoch 758, Batch 1000/1000: LR=1.47e-05, Loss=4.47e-03 BER=1.61e-03 FER=3.10e-02
2025-10-25 16:17:30,947 | INFO | Epoch 758 Train Time 39.678279399871826s

2025-10-25 16:18:10,773 | INFO | Training epoch 759, Batch 1000/1000: LR=1.46e-05, Loss=4.52e-03 BER=1.62e-03 FER=3.13e-02
2025-10-25 16:18:10,867 | INFO | Epoch 759 Train Time 39.918479919433594s

2025-10-25 16:18:50,873 | INFO | Training epoch 760, Batch 1000/1000: LR=1.45e-05, Loss=4.61e-03 BER=1.63e-03 FER=3.18e-02
2025-10-25 16:18:50,970 | INFO | Epoch 760 Train Time 40.10151267051697s

2025-10-25 16:19:30,789 | INFO | Training epoch 761, Batch 1000/1000: LR=1.44e-05, Loss=4.54e-03 BER=1.65e-03 FER=3.17e-02
2025-10-25 16:19:30,881 | INFO | Epoch 761 Train Time 39.907976388931274s

2025-10-25 16:20:10,769 | INFO | Training epoch 762, Batch 1000/1000: LR=1.43e-05, Loss=4.69e-03 BER=1.66e-03 FER=3.20e-02
2025-10-25 16:20:10,861 | INFO | Epoch 762 Train Time 39.97905206680298s

2025-10-25 16:20:51,017 | INFO | Training epoch 763, Batch 1000/1000: LR=1.42e-05, Loss=4.40e-03 BER=1.59e-03 FER=3.10e-02
2025-10-25 16:20:51,107 | INFO | Epoch 763 Train Time 40.243889808654785s

2025-10-25 16:21:30,667 | INFO | Training epoch 764, Batch 1000/1000: LR=1.41e-05, Loss=4.67e-03 BER=1.68e-03 FER=3.24e-02
2025-10-25 16:21:30,746 | INFO | Epoch 764 Train Time 39.638338804244995s

2025-10-25 16:22:10,767 | INFO | Training epoch 765, Batch 1000/1000: LR=1.40e-05, Loss=4.50e-03 BER=1.61e-03 FER=3.13e-02
2025-10-25 16:22:10,855 | INFO | Epoch 765 Train Time 40.10664987564087s

2025-10-25 16:22:50,966 | INFO | Training epoch 766, Batch 1000/1000: LR=1.39e-05, Loss=4.55e-03 BER=1.63e-03 FER=3.18e-02
2025-10-25 16:22:51,043 | INFO | Epoch 766 Train Time 40.18702673912048s

2025-10-25 16:23:30,692 | INFO | Training epoch 767, Batch 1000/1000: LR=1.38e-05, Loss=4.48e-03 BER=1.60e-03 FER=3.11e-02
2025-10-25 16:23:30,794 | INFO | Epoch 767 Train Time 39.74837303161621s

2025-10-25 16:24:10,485 | INFO | Training epoch 768, Batch 1000/1000: LR=1.37e-05, Loss=4.61e-03 BER=1.67e-03 FER=3.21e-02
2025-10-25 16:24:10,590 | INFO | Epoch 768 Train Time 39.79467248916626s

2025-10-25 16:24:50,064 | INFO | Training epoch 769, Batch 1000/1000: LR=1.36e-05, Loss=4.59e-03 BER=1.64e-03 FER=3.20e-02
2025-10-25 16:24:50,147 | INFO | Epoch 769 Train Time 39.55660796165466s

2025-10-25 16:25:29,570 | INFO | Training epoch 770, Batch 1000/1000: LR=1.35e-05, Loss=4.52e-03 BER=1.62e-03 FER=3.09e-02
2025-10-25 16:25:29,662 | INFO | Epoch 770 Train Time 39.51215648651123s

2025-10-25 16:26:09,161 | INFO | Training epoch 771, Batch 1000/1000: LR=1.34e-05, Loss=4.62e-03 BER=1.66e-03 FER=3.20e-02
2025-10-25 16:26:09,240 | INFO | Epoch 771 Train Time 39.5767719745636s

2025-10-25 16:26:48,871 | INFO | Training epoch 772, Batch 1000/1000: LR=1.33e-05, Loss=4.46e-03 BER=1.59e-03 FER=3.11e-02
2025-10-25 16:26:48,958 | INFO | Epoch 772 Train Time 39.71645164489746s

2025-10-25 16:27:28,796 | INFO | Training epoch 773, Batch 1000/1000: LR=1.32e-05, Loss=4.56e-03 BER=1.65e-03 FER=3.18e-02
2025-10-25 16:27:28,888 | INFO | Epoch 773 Train Time 39.92373299598694s

2025-10-25 16:28:08,940 | INFO | Training epoch 774, Batch 1000/1000: LR=1.31e-05, Loss=4.37e-03 BER=1.55e-03 FER=3.05e-02
2025-10-25 16:28:09,045 | INFO | Epoch 774 Train Time 40.155253171920776s

2025-10-25 16:28:48,361 | INFO | Training epoch 775, Batch 1000/1000: LR=1.30e-05, Loss=4.64e-03 BER=1.65e-03 FER=3.16e-02
2025-10-25 16:28:48,446 | INFO | Epoch 775 Train Time 39.39774489402771s

2025-10-25 16:29:27,246 | INFO | Training epoch 776, Batch 1000/1000: LR=1.29e-05, Loss=4.63e-03 BER=1.66e-03 FER=3.23e-02
2025-10-25 16:29:27,309 | INFO | Epoch 776 Train Time 38.86205697059631s

2025-10-25 16:30:06,363 | INFO | Training epoch 777, Batch 1000/1000: LR=1.28e-05, Loss=4.37e-03 BER=1.56e-03 FER=3.04e-02
2025-10-25 16:30:06,451 | INFO | Epoch 777 Train Time 39.14074778556824s

2025-10-25 16:30:46,483 | INFO | Training epoch 778, Batch 1000/1000: LR=1.27e-05, Loss=4.48e-03 BER=1.59e-03 FER=3.09e-02
2025-10-25 16:30:46,565 | INFO | Epoch 778 Train Time 40.11174821853638s

2025-10-25 16:31:26,374 | INFO | Training epoch 779, Batch 1000/1000: LR=1.26e-05, Loss=4.51e-03 BER=1.61e-03 FER=3.10e-02
2025-10-25 16:31:26,452 | INFO | Epoch 779 Train Time 39.884459495544434s

2025-10-25 16:32:05,961 | INFO | Training epoch 780, Batch 1000/1000: LR=1.25e-05, Loss=4.50e-03 BER=1.60e-03 FER=3.08e-02
2025-10-25 16:32:06,048 | INFO | Epoch 780 Train Time 39.59464621543884s

2025-10-25 16:32:45,681 | INFO | Training epoch 781, Batch 1000/1000: LR=1.24e-05, Loss=4.48e-03 BER=1.60e-03 FER=3.11e-02
2025-10-25 16:32:45,763 | INFO | Epoch 781 Train Time 39.7141854763031s

2025-10-25 16:33:25,262 | INFO | Training epoch 782, Batch 1000/1000: LR=1.23e-05, Loss=4.59e-03 BER=1.65e-03 FER=3.16e-02
2025-10-25 16:33:25,355 | INFO | Epoch 782 Train Time 39.590060234069824s

2025-10-25 16:34:05,071 | INFO | Training epoch 783, Batch 1000/1000: LR=1.22e-05, Loss=4.55e-03 BER=1.62e-03 FER=3.14e-02
2025-10-25 16:34:05,173 | INFO | Epoch 783 Train Time 39.81735110282898s

2025-10-25 16:34:44,665 | INFO | Training epoch 784, Batch 1000/1000: LR=1.21e-05, Loss=4.51e-03 BER=1.61e-03 FER=3.13e-02
2025-10-25 16:34:44,743 | INFO | Epoch 784 Train Time 39.56874966621399s

2025-10-25 16:35:24,061 | INFO | Training epoch 785, Batch 1000/1000: LR=1.20e-05, Loss=4.50e-03 BER=1.60e-03 FER=3.10e-02
2025-10-25 16:35:24,144 | INFO | Epoch 785 Train Time 39.39996910095215s

2025-10-25 16:36:01,955 | INFO | Training epoch 786, Batch 1000/1000: LR=1.19e-05, Loss=4.51e-03 BER=1.63e-03 FER=3.15e-02
2025-10-25 16:36:02,054 | INFO | Epoch 786 Train Time 37.908010482788086s

2025-10-25 16:36:39,334 | INFO | Training epoch 787, Batch 1000/1000: LR=1.18e-05, Loss=4.48e-03 BER=1.60e-03 FER=3.08e-02
2025-10-25 16:36:39,430 | INFO | Epoch 787 Train Time 37.37403392791748s

2025-10-25 16:37:16,541 | INFO | Training epoch 788, Batch 1000/1000: LR=1.17e-05, Loss=4.49e-03 BER=1.61e-03 FER=3.10e-02
2025-10-25 16:37:16,626 | INFO | Epoch 788 Train Time 37.19476866722107s

2025-10-25 16:37:53,678 | INFO | Training epoch 789, Batch 1000/1000: LR=1.16e-05, Loss=4.59e-03 BER=1.64e-03 FER=3.18e-02
2025-10-25 16:37:53,758 | INFO | Epoch 789 Train Time 37.12909293174744s

2025-10-25 16:38:31,332 | INFO | Training epoch 790, Batch 1000/1000: LR=1.15e-05, Loss=4.69e-03 BER=1.66e-03 FER=3.19e-02
2025-10-25 16:38:31,419 | INFO | Epoch 790 Train Time 37.659832239151s

2025-10-25 16:39:08,740 | INFO | Training epoch 791, Batch 1000/1000: LR=1.14e-05, Loss=4.59e-03 BER=1.64e-03 FER=3.15e-02
2025-10-25 16:39:08,828 | INFO | Epoch 791 Train Time 37.4074342250824s

2025-10-25 16:39:45,944 | INFO | Training epoch 792, Batch 1000/1000: LR=1.13e-05, Loss=4.59e-03 BER=1.65e-03 FER=3.17e-02
2025-10-25 16:39:46,033 | INFO | Epoch 792 Train Time 37.20230007171631s

2025-10-25 16:40:23,640 | INFO | Training epoch 793, Batch 1000/1000: LR=1.12e-05, Loss=4.52e-03 BER=1.63e-03 FER=3.13e-02
2025-10-25 16:40:23,721 | INFO | Epoch 793 Train Time 37.6867470741272s

2025-10-25 16:41:00,773 | INFO | Training epoch 794, Batch 1000/1000: LR=1.11e-05, Loss=4.58e-03 BER=1.66e-03 FER=3.23e-02
2025-10-25 16:41:00,861 | INFO | Epoch 794 Train Time 37.1389639377594s

2025-10-25 16:41:38,432 | INFO | Training epoch 795, Batch 1000/1000: LR=1.10e-05, Loss=4.59e-03 BER=1.66e-03 FER=3.25e-02
2025-10-25 16:41:38,518 | INFO | Epoch 795 Train Time 37.65679478645325s

2025-10-25 16:42:15,458 | INFO | Training epoch 796, Batch 1000/1000: LR=1.09e-05, Loss=4.50e-03 BER=1.64e-03 FER=3.13e-02
2025-10-25 16:42:15,536 | INFO | Epoch 796 Train Time 37.01621389389038s

2025-10-25 16:42:52,770 | INFO | Training epoch 797, Batch 1000/1000: LR=1.08e-05, Loss=4.56e-03 BER=1.65e-03 FER=3.21e-02
2025-10-25 16:42:52,856 | INFO | Epoch 797 Train Time 37.31908106803894s

2025-10-25 16:43:30,474 | INFO | Training epoch 798, Batch 1000/1000: LR=1.07e-05, Loss=4.37e-03 BER=1.58e-03 FER=3.08e-02
2025-10-25 16:43:30,564 | INFO | Epoch 798 Train Time 37.70583486557007s

2025-10-25 16:44:08,229 | INFO | Training epoch 799, Batch 1000/1000: LR=1.06e-05, Loss=4.61e-03 BER=1.63e-03 FER=3.16e-02
2025-10-25 16:44:08,307 | INFO | Epoch 799 Train Time 37.74153542518616s

2025-10-25 16:44:45,536 | INFO | Training epoch 800, Batch 1000/1000: LR=1.05e-05, Loss=4.40e-03 BER=1.58e-03 FER=3.04e-02
2025-10-25 16:44:45,619 | INFO | Epoch 800 Train Time 37.31040596961975s

2025-10-25 16:45:22,933 | INFO | Training epoch 801, Batch 1000/1000: LR=1.05e-05, Loss=4.38e-03 BER=1.57e-03 FER=3.05e-02
2025-10-25 16:45:23,033 | INFO | Epoch 801 Train Time 37.41133975982666s

2025-10-25 16:46:01,037 | INFO | Training epoch 802, Batch 1000/1000: LR=1.04e-05, Loss=4.48e-03 BER=1.61e-03 FER=3.11e-02
2025-10-25 16:46:01,123 | INFO | Epoch 802 Train Time 38.087971448898315s

2025-10-25 16:46:38,238 | INFO | Training epoch 803, Batch 1000/1000: LR=1.03e-05, Loss=4.56e-03 BER=1.65e-03 FER=3.15e-02
2025-10-25 16:46:38,321 | INFO | Epoch 803 Train Time 37.197091817855835s

2025-10-25 16:47:15,532 | INFO | Training epoch 804, Batch 1000/1000: LR=1.02e-05, Loss=4.42e-03 BER=1.58e-03 FER=3.02e-02
2025-10-25 16:47:15,614 | INFO | Epoch 804 Train Time 37.29176163673401s

2025-10-25 16:47:52,965 | INFO | Training epoch 805, Batch 1000/1000: LR=1.01e-05, Loss=4.49e-03 BER=1.61e-03 FER=3.07e-02
2025-10-25 16:47:53,059 | INFO | Epoch 805 Train Time 37.443259716033936s

2025-10-25 16:48:30,138 | INFO | Training epoch 806, Batch 1000/1000: LR=1.00e-05, Loss=4.50e-03 BER=1.60e-03 FER=3.11e-02
2025-10-25 16:48:30,220 | INFO | Epoch 806 Train Time 37.159099102020264s

2025-10-25 16:49:07,337 | INFO | Training epoch 807, Batch 1000/1000: LR=9.91e-06, Loss=4.57e-03 BER=1.63e-03 FER=3.14e-02
2025-10-25 16:49:07,425 | INFO | Epoch 807 Train Time 37.204012632369995s

2025-10-25 16:49:45,043 | INFO | Training epoch 808, Batch 1000/1000: LR=9.82e-06, Loss=4.43e-03 BER=1.59e-03 FER=3.08e-02
2025-10-25 16:49:45,139 | INFO | Epoch 808 Train Time 37.7130229473114s

2025-10-25 16:50:22,041 | INFO | Training epoch 809, Batch 1000/1000: LR=9.74e-06, Loss=4.62e-03 BER=1.66e-03 FER=3.22e-02
2025-10-25 16:50:22,136 | INFO | Epoch 809 Train Time 36.99516844749451s

2025-10-25 16:50:59,649 | INFO | Training epoch 810, Batch 1000/1000: LR=9.65e-06, Loss=4.51e-03 BER=1.62e-03 FER=3.17e-02
2025-10-25 16:50:59,743 | INFO | Epoch 810 Train Time 37.60560655593872s

2025-10-25 16:51:36,639 | INFO | Training epoch 811, Batch 1000/1000: LR=9.56e-06, Loss=4.39e-03 BER=1.57e-03 FER=3.05e-02
2025-10-25 16:51:36,732 | INFO | Epoch 811 Train Time 36.98784327507019s

2025-10-25 16:52:14,840 | INFO | Training epoch 812, Batch 1000/1000: LR=9.47e-06, Loss=4.53e-03 BER=1.63e-03 FER=3.12e-02
2025-10-25 16:52:14,933 | INFO | Epoch 812 Train Time 38.19883441925049s

2025-10-25 16:52:52,872 | INFO | Training epoch 813, Batch 1000/1000: LR=9.39e-06, Loss=4.54e-03 BER=1.66e-03 FER=3.20e-02
2025-10-25 16:52:52,953 | INFO | Epoch 813 Train Time 38.01813244819641s

2025-10-25 16:53:30,251 | INFO | Training epoch 814, Batch 1000/1000: LR=9.30e-06, Loss=4.55e-03 BER=1.62e-03 FER=3.17e-02
2025-10-25 16:53:30,338 | INFO | Epoch 814 Train Time 37.38383507728577s

2025-10-25 16:54:07,432 | INFO | Training epoch 815, Batch 1000/1000: LR=9.21e-06, Loss=4.42e-03 BER=1.58e-03 FER=3.06e-02
2025-10-25 16:54:07,517 | INFO | Epoch 815 Train Time 37.17726373672485s

2025-10-25 16:54:44,738 | INFO | Training epoch 816, Batch 1000/1000: LR=9.13e-06, Loss=4.59e-03 BER=1.64e-03 FER=3.10e-02
2025-10-25 16:54:44,842 | INFO | Epoch 816 Train Time 37.32371473312378s

2025-10-25 16:55:22,141 | INFO | Training epoch 817, Batch 1000/1000: LR=9.04e-06, Loss=4.49e-03 BER=1.60e-03 FER=3.08e-02
2025-10-25 16:55:22,220 | INFO | Epoch 817 Train Time 37.37683987617493s

2025-10-25 16:55:59,240 | INFO | Training epoch 818, Batch 1000/1000: LR=8.96e-06, Loss=4.49e-03 BER=1.61e-03 FER=3.10e-02
2025-10-25 16:55:59,317 | INFO | Epoch 818 Train Time 37.09626245498657s

2025-10-25 16:56:36,529 | INFO | Training epoch 819, Batch 1000/1000: LR=8.87e-06, Loss=4.61e-03 BER=1.65e-03 FER=3.21e-02
2025-10-25 16:56:36,634 | INFO | Epoch 819 Train Time 37.314799547195435s

2025-10-25 16:57:13,668 | INFO | Training epoch 820, Batch 1000/1000: LR=8.79e-06, Loss=4.48e-03 BER=1.61e-03 FER=3.15e-02
2025-10-25 16:57:13,740 | INFO | Epoch 820 Train Time 37.102235555648804s

2025-10-25 16:57:51,051 | INFO | Training epoch 821, Batch 1000/1000: LR=8.71e-06, Loss=4.29e-03 BER=1.54e-03 FER=3.04e-02
2025-10-25 16:57:51,130 | INFO | Epoch 821 Train Time 37.38913345336914s

2025-10-25 16:57:51,131 | INFO | [P1] saving best_model with loss 0.004293 at epoch 821
2025-10-25 16:58:28,539 | INFO | Training epoch 822, Batch 1000/1000: LR=8.62e-06, Loss=4.53e-03 BER=1.63e-03 FER=3.12e-02
2025-10-25 16:58:28,630 | INFO | Epoch 822 Train Time 37.42653751373291s

2025-10-25 16:59:06,144 | INFO | Training epoch 823, Batch 1000/1000: LR=8.54e-06, Loss=4.45e-03 BER=1.61e-03 FER=3.11e-02
2025-10-25 16:59:06,226 | INFO | Epoch 823 Train Time 37.5934693813324s

2025-10-25 16:59:43,610 | INFO | Training epoch 824, Batch 1000/1000: LR=8.46e-06, Loss=4.41e-03 BER=1.61e-03 FER=3.09e-02
2025-10-25 16:59:43,682 | INFO | Epoch 824 Train Time 37.45547032356262s

2025-10-25 17:00:21,091 | INFO | Training epoch 825, Batch 1000/1000: LR=8.38e-06, Loss=4.58e-03 BER=1.66e-03 FER=3.21e-02
2025-10-25 17:00:21,178 | INFO | Epoch 825 Train Time 37.49376201629639s

2025-10-25 17:00:58,229 | INFO | Training epoch 826, Batch 1000/1000: LR=8.29e-06, Loss=4.48e-03 BER=1.59e-03 FER=3.07e-02
2025-10-25 17:00:58,314 | INFO | Epoch 826 Train Time 37.13389849662781s

2025-10-25 17:01:35,732 | INFO | Training epoch 827, Batch 1000/1000: LR=8.21e-06, Loss=4.55e-03 BER=1.64e-03 FER=3.17e-02
2025-10-25 17:01:35,815 | INFO | Epoch 827 Train Time 37.499228954315186s

2025-10-25 17:02:13,167 | INFO | Training epoch 828, Batch 1000/1000: LR=8.13e-06, Loss=4.46e-03 BER=1.60e-03 FER=3.07e-02
2025-10-25 17:02:13,239 | INFO | Epoch 828 Train Time 37.4227089881897s

2025-10-25 17:02:50,528 | INFO | Training epoch 829, Batch 1000/1000: LR=8.05e-06, Loss=4.45e-03 BER=1.60e-03 FER=3.12e-02
2025-10-25 17:02:50,617 | INFO | Epoch 829 Train Time 37.37652015686035s

2025-10-25 17:03:27,456 | INFO | Training epoch 830, Batch 1000/1000: LR=7.97e-06, Loss=4.45e-03 BER=1.61e-03 FER=3.09e-02
2025-10-25 17:03:27,546 | INFO | Epoch 830 Train Time 36.926119327545166s

2025-10-25 17:04:04,658 | INFO | Training epoch 831, Batch 1000/1000: LR=7.89e-06, Loss=4.51e-03 BER=1.63e-03 FER=3.11e-02
2025-10-25 17:04:04,737 | INFO | Epoch 831 Train Time 37.18916893005371s

2025-10-25 17:04:41,739 | INFO | Training epoch 832, Batch 1000/1000: LR=7.81e-06, Loss=4.44e-03 BER=1.59e-03 FER=3.08e-02
2025-10-25 17:04:41,816 | INFO | Epoch 832 Train Time 37.078857421875s

2025-10-25 17:05:18,539 | INFO | Training epoch 833, Batch 1000/1000: LR=7.74e-06, Loss=4.42e-03 BER=1.58e-03 FER=3.06e-02
2025-10-25 17:05:18,612 | INFO | Epoch 833 Train Time 36.79378581047058s

2025-10-25 17:05:56,136 | INFO | Training epoch 834, Batch 1000/1000: LR=7.66e-06, Loss=4.52e-03 BER=1.61e-03 FER=3.09e-02
2025-10-25 17:05:56,215 | INFO | Epoch 834 Train Time 37.6019344329834s

2025-10-25 17:06:33,336 | INFO | Training epoch 835, Batch 1000/1000: LR=7.58e-06, Loss=4.49e-03 BER=1.61e-03 FER=3.11e-02
2025-10-25 17:06:33,422 | INFO | Epoch 835 Train Time 37.2044894695282s

2025-10-25 17:07:10,743 | INFO | Training epoch 836, Batch 1000/1000: LR=7.50e-06, Loss=4.62e-03 BER=1.66e-03 FER=3.19e-02
2025-10-25 17:07:10,826 | INFO | Epoch 836 Train Time 37.40297269821167s

2025-10-25 17:07:47,728 | INFO | Training epoch 837, Batch 1000/1000: LR=7.43e-06, Loss=4.44e-03 BER=1.60e-03 FER=3.12e-02
2025-10-25 17:07:47,816 | INFO | Epoch 837 Train Time 36.98889660835266s

2025-10-25 17:08:25,243 | INFO | Training epoch 838, Batch 1000/1000: LR=7.35e-06, Loss=4.55e-03 BER=1.63e-03 FER=3.10e-02
2025-10-25 17:08:25,322 | INFO | Epoch 838 Train Time 37.50457978248596s

2025-10-25 17:09:02,543 | INFO | Training epoch 839, Batch 1000/1000: LR=7.27e-06, Loss=4.52e-03 BER=1.63e-03 FER=3.13e-02
2025-10-25 17:09:02,631 | INFO | Epoch 839 Train Time 37.3065767288208s

2025-10-25 17:09:40,490 | INFO | Training epoch 840, Batch 1000/1000: LR=7.20e-06, Loss=4.58e-03 BER=1.64e-03 FER=3.13e-02
2025-10-25 17:09:40,567 | INFO | Epoch 840 Train Time 37.934975385665894s

2025-10-25 17:10:18,443 | INFO | Training epoch 841, Batch 1000/1000: LR=7.12e-06, Loss=4.49e-03 BER=1.59e-03 FER=3.12e-02
2025-10-25 17:10:18,536 | INFO | Epoch 841 Train Time 37.967742681503296s

2025-10-25 17:10:55,543 | INFO | Training epoch 842, Batch 1000/1000: LR=7.05e-06, Loss=4.54e-03 BER=1.62e-03 FER=3.13e-02
2025-10-25 17:10:55,626 | INFO | Epoch 842 Train Time 37.08895182609558s

2025-10-25 17:11:33,343 | INFO | Training epoch 843, Batch 1000/1000: LR=6.97e-06, Loss=4.37e-03 BER=1.56e-03 FER=3.02e-02
2025-10-25 17:11:33,410 | INFO | Epoch 843 Train Time 37.78348636627197s

2025-10-25 17:12:10,642 | INFO | Training epoch 844, Batch 1000/1000: LR=6.90e-06, Loss=4.45e-03 BER=1.60e-03 FER=3.11e-02
2025-10-25 17:12:10,726 | INFO | Epoch 844 Train Time 37.314664125442505s

2025-10-25 17:12:47,829 | INFO | Training epoch 845, Batch 1000/1000: LR=6.83e-06, Loss=4.60e-03 BER=1.64e-03 FER=3.15e-02
2025-10-25 17:12:47,910 | INFO | Epoch 845 Train Time 37.18186616897583s

2025-10-25 17:13:25,458 | INFO | Training epoch 846, Batch 1000/1000: LR=6.75e-06, Loss=4.50e-03 BER=1.60e-03 FER=3.10e-02
2025-10-25 17:13:25,528 | INFO | Epoch 846 Train Time 37.617098331451416s

2025-10-25 17:14:02,838 | INFO | Training epoch 847, Batch 1000/1000: LR=6.68e-06, Loss=4.53e-03 BER=1.62e-03 FER=3.11e-02
2025-10-25 17:14:02,925 | INFO | Epoch 847 Train Time 37.39400386810303s

2025-10-25 17:14:40,439 | INFO | Training epoch 848, Batch 1000/1000: LR=6.61e-06, Loss=4.49e-03 BER=1.61e-03 FER=3.11e-02
2025-10-25 17:14:40,521 | INFO | Epoch 848 Train Time 37.59508562088013s

2025-10-25 17:15:17,834 | INFO | Training epoch 849, Batch 1000/1000: LR=6.54e-06, Loss=4.53e-03 BER=1.62e-03 FER=3.11e-02
2025-10-25 17:15:17,904 | INFO | Epoch 849 Train Time 37.38142156600952s

2025-10-25 17:15:55,033 | INFO | Training epoch 850, Batch 1000/1000: LR=6.47e-06, Loss=4.43e-03 BER=1.58e-03 FER=3.06e-02
2025-10-25 17:15:55,115 | INFO | Epoch 850 Train Time 37.210529088974s

2025-10-25 17:16:32,649 | INFO | Training epoch 851, Batch 1000/1000: LR=6.40e-06, Loss=4.50e-03 BER=1.61e-03 FER=3.11e-02
2025-10-25 17:16:32,724 | INFO | Epoch 851 Train Time 37.605822801589966s

2025-10-25 17:17:10,666 | INFO | Training epoch 852, Batch 1000/1000: LR=6.32e-06, Loss=4.56e-03 BER=1.65e-03 FER=3.16e-02
2025-10-25 17:17:10,750 | INFO | Epoch 852 Train Time 38.02383232116699s

2025-10-25 17:17:48,277 | INFO | Training epoch 853, Batch 1000/1000: LR=6.25e-06, Loss=4.46e-03 BER=1.59e-03 FER=3.13e-02
2025-10-25 17:17:48,363 | INFO | Epoch 853 Train Time 37.611074924468994s

2025-10-25 17:18:25,834 | INFO | Training epoch 854, Batch 1000/1000: LR=6.19e-06, Loss=4.40e-03 BER=1.58e-03 FER=3.08e-02
2025-10-25 17:18:25,917 | INFO | Epoch 854 Train Time 37.55221939086914s

2025-10-25 17:19:02,867 | INFO | Training epoch 855, Batch 1000/1000: LR=6.12e-06, Loss=4.30e-03 BER=1.55e-03 FER=3.01e-02
2025-10-25 17:19:02,947 | INFO | Epoch 855 Train Time 37.02753949165344s

2025-10-25 17:19:40,461 | INFO | Training epoch 856, Batch 1000/1000: LR=6.05e-06, Loss=4.66e-03 BER=1.69e-03 FER=3.20e-02
2025-10-25 17:19:40,533 | INFO | Epoch 856 Train Time 37.58318471908569s

2025-10-25 17:20:18,054 | INFO | Training epoch 857, Batch 1000/1000: LR=5.98e-06, Loss=4.47e-03 BER=1.63e-03 FER=3.18e-02
2025-10-25 17:20:18,129 | INFO | Epoch 857 Train Time 37.594613552093506s

2025-10-25 17:20:54,840 | INFO | Training epoch 858, Batch 1000/1000: LR=5.91e-06, Loss=4.39e-03 BER=1.58e-03 FER=3.03e-02
2025-10-25 17:20:54,941 | INFO | Epoch 858 Train Time 36.81016421318054s

2025-10-25 17:21:31,872 | INFO | Training epoch 859, Batch 1000/1000: LR=5.84e-06, Loss=4.44e-03 BER=1.59e-03 FER=3.08e-02
2025-10-25 17:21:31,955 | INFO | Epoch 859 Train Time 37.01122426986694s

2025-10-25 17:22:09,053 | INFO | Training epoch 860, Batch 1000/1000: LR=5.78e-06, Loss=4.53e-03 BER=1.64e-03 FER=3.17e-02
2025-10-25 17:22:09,128 | INFO | Epoch 860 Train Time 37.1724112033844s

2025-10-25 17:22:46,133 | INFO | Training epoch 861, Batch 1000/1000: LR=5.71e-06, Loss=4.57e-03 BER=1.63e-03 FER=3.18e-02
2025-10-25 17:22:46,209 | INFO | Epoch 861 Train Time 37.07815742492676s

2025-10-25 17:23:23,246 | INFO | Training epoch 862, Batch 1000/1000: LR=5.65e-06, Loss=4.39e-03 BER=1.56e-03 FER=3.04e-02
2025-10-25 17:23:23,334 | INFO | Epoch 862 Train Time 37.12325358390808s

2025-10-25 17:24:00,836 | INFO | Training epoch 863, Batch 1000/1000: LR=5.58e-06, Loss=4.50e-03 BER=1.62e-03 FER=3.09e-02
2025-10-25 17:24:00,909 | INFO | Epoch 863 Train Time 37.572932958602905s

2025-10-25 17:24:37,662 | INFO | Training epoch 864, Batch 1000/1000: LR=5.51e-06, Loss=4.55e-03 BER=1.64e-03 FER=3.15e-02
2025-10-25 17:24:37,754 | INFO | Epoch 864 Train Time 36.843289375305176s

2025-10-25 17:25:15,435 | INFO | Training epoch 865, Batch 1000/1000: LR=5.45e-06, Loss=4.51e-03 BER=1.63e-03 FER=3.11e-02
2025-10-25 17:25:15,524 | INFO | Epoch 865 Train Time 37.768335819244385s

2025-10-25 17:25:52,445 | INFO | Training epoch 866, Batch 1000/1000: LR=5.39e-06, Loss=4.40e-03 BER=1.59e-03 FER=3.11e-02
2025-10-25 17:25:52,525 | INFO | Epoch 866 Train Time 37.000062227249146s

2025-10-25 17:26:29,540 | INFO | Training epoch 867, Batch 1000/1000: LR=5.32e-06, Loss=4.37e-03 BER=1.59e-03 FER=3.09e-02
2025-10-25 17:26:29,628 | INFO | Epoch 867 Train Time 37.10169458389282s

2025-10-25 17:27:07,156 | INFO | Training epoch 868, Batch 1000/1000: LR=5.26e-06, Loss=4.47e-03 BER=1.61e-03 FER=3.14e-02
2025-10-25 17:27:07,227 | INFO | Epoch 868 Train Time 37.596540689468384s

2025-10-25 17:27:44,345 | INFO | Training epoch 869, Batch 1000/1000: LR=5.20e-06, Loss=4.47e-03 BER=1.61e-03 FER=3.09e-02
2025-10-25 17:27:44,419 | INFO | Epoch 869 Train Time 37.191041469573975s

2025-10-25 17:28:21,323 | INFO | Training epoch 870, Batch 1000/1000: LR=5.13e-06, Loss=4.46e-03 BER=1.59e-03 FER=3.08e-02
2025-10-25 17:28:21,409 | INFO | Epoch 870 Train Time 36.98859882354736s

2025-10-25 17:28:59,183 | INFO | Training epoch 871, Batch 1000/1000: LR=5.07e-06, Loss=4.41e-03 BER=1.59e-03 FER=3.08e-02
2025-10-25 17:28:59,260 | INFO | Epoch 871 Train Time 37.84981036186218s

2025-10-25 17:29:36,353 | INFO | Training epoch 872, Batch 1000/1000: LR=5.01e-06, Loss=4.46e-03 BER=1.61e-03 FER=3.14e-02
2025-10-25 17:29:36,426 | INFO | Epoch 872 Train Time 37.163718700408936s

2025-10-25 17:30:13,647 | INFO | Training epoch 873, Batch 1000/1000: LR=4.95e-06, Loss=4.60e-03 BER=1.62e-03 FER=3.14e-02
2025-10-25 17:30:13,732 | INFO | Epoch 873 Train Time 37.30419111251831s

2025-10-25 17:30:51,141 | INFO | Training epoch 874, Batch 1000/1000: LR=4.89e-06, Loss=4.39e-03 BER=1.58e-03 FER=3.10e-02
2025-10-25 17:30:51,228 | INFO | Epoch 874 Train Time 37.49464774131775s

2025-10-25 17:31:27,151 | INFO | Training epoch 875, Batch 1000/1000: LR=4.83e-06, Loss=4.48e-03 BER=1.62e-03 FER=3.10e-02
2025-10-25 17:31:27,221 | INFO | Epoch 875 Train Time 35.991209506988525s

2025-10-25 17:32:04,657 | INFO | Training epoch 876, Batch 1000/1000: LR=4.77e-06, Loss=4.41e-03 BER=1.58e-03 FER=3.07e-02
2025-10-25 17:32:04,734 | INFO | Epoch 876 Train Time 37.511927366256714s

2025-10-25 17:32:42,335 | INFO | Training epoch 877, Batch 1000/1000: LR=4.71e-06, Loss=4.47e-03 BER=1.59e-03 FER=3.05e-02
2025-10-25 17:32:42,424 | INFO | Epoch 877 Train Time 37.68852972984314s

2025-10-25 17:33:20,253 | INFO | Training epoch 878, Batch 1000/1000: LR=4.65e-06, Loss=4.52e-03 BER=1.62e-03 FER=3.11e-02
2025-10-25 17:33:20,334 | INFO | Epoch 878 Train Time 37.90800189971924s

2025-10-25 17:33:57,840 | INFO | Training epoch 879, Batch 1000/1000: LR=4.59e-06, Loss=4.55e-03 BER=1.63e-03 FER=3.15e-02
2025-10-25 17:33:57,927 | INFO | Epoch 879 Train Time 37.591328382492065s

2025-10-25 17:34:35,564 | INFO | Training epoch 880, Batch 1000/1000: LR=4.53e-06, Loss=4.37e-03 BER=1.56e-03 FER=3.04e-02
2025-10-25 17:34:35,653 | INFO | Epoch 880 Train Time 37.72416019439697s

2025-10-25 17:35:12,932 | INFO | Training epoch 881, Batch 1000/1000: LR=4.48e-06, Loss=4.42e-03 BER=1.58e-03 FER=3.05e-02
2025-10-25 17:35:13,014 | INFO | Epoch 881 Train Time 37.3597731590271s

2025-10-25 17:35:50,342 | INFO | Training epoch 882, Batch 1000/1000: LR=4.42e-06, Loss=4.41e-03 BER=1.59e-03 FER=3.07e-02
2025-10-25 17:35:50,437 | INFO | Epoch 882 Train Time 37.4214985370636s

2025-10-25 17:36:27,165 | INFO | Training epoch 883, Batch 1000/1000: LR=4.36e-06, Loss=4.58e-03 BER=1.66e-03 FER=3.13e-02
2025-10-25 17:36:27,251 | INFO | Epoch 883 Train Time 36.81186270713806s

2025-10-25 17:37:04,546 | INFO | Training epoch 884, Batch 1000/1000: LR=4.31e-06, Loss=4.42e-03 BER=1.58e-03 FER=3.05e-02
2025-10-25 17:37:04,623 | INFO | Epoch 884 Train Time 37.37079048156738s

2025-10-25 17:37:41,947 | INFO | Training epoch 885, Batch 1000/1000: LR=4.25e-06, Loss=4.47e-03 BER=1.61e-03 FER=3.10e-02
2025-10-25 17:37:42,031 | INFO | Epoch 885 Train Time 37.40698719024658s

2025-10-25 17:38:19,627 | INFO | Training epoch 886, Batch 1000/1000: LR=4.20e-06, Loss=4.53e-03 BER=1.64e-03 FER=3.15e-02
2025-10-25 17:38:19,711 | INFO | Epoch 886 Train Time 37.67937207221985s

2025-10-25 17:38:56,881 | INFO | Training epoch 887, Batch 1000/1000: LR=4.14e-06, Loss=4.46e-03 BER=1.59e-03 FER=3.08e-02
2025-10-25 17:38:56,965 | INFO | Epoch 887 Train Time 37.25289535522461s

2025-10-25 17:39:34,130 | INFO | Training epoch 888, Batch 1000/1000: LR=4.09e-06, Loss=4.36e-03 BER=1.57e-03 FER=3.09e-02
2025-10-25 17:39:34,215 | INFO | Epoch 888 Train Time 37.24910354614258s

2025-10-25 17:40:11,155 | INFO | Training epoch 889, Batch 1000/1000: LR=4.03e-06, Loss=4.48e-03 BER=1.61e-03 FER=3.12e-02
2025-10-25 17:40:11,239 | INFO | Epoch 889 Train Time 37.02269268035889s

2025-10-25 17:40:47,835 | INFO | Training epoch 890, Batch 1000/1000: LR=3.98e-06, Loss=4.50e-03 BER=1.61e-03 FER=3.11e-02
2025-10-25 17:40:47,916 | INFO | Epoch 890 Train Time 36.67556428909302s

2025-10-25 17:41:24,742 | INFO | Training epoch 891, Batch 1000/1000: LR=3.93e-06, Loss=4.45e-03 BER=1.60e-03 FER=3.12e-02
2025-10-25 17:41:24,837 | INFO | Epoch 891 Train Time 36.919647216796875s

2025-10-25 17:42:02,228 | INFO | Training epoch 892, Batch 1000/1000: LR=3.87e-06, Loss=4.49e-03 BER=1.61e-03 FER=3.08e-02
2025-10-25 17:42:02,313 | INFO | Epoch 892 Train Time 37.474329710006714s

2025-10-25 17:42:38,850 | INFO | Training epoch 893, Batch 1000/1000: LR=3.82e-06, Loss=4.33e-03 BER=1.52e-03 FER=2.97e-02
2025-10-25 17:42:38,929 | INFO | Epoch 893 Train Time 36.614479064941406s

2025-10-25 17:43:16,800 | INFO | Training epoch 894, Batch 1000/1000: LR=3.77e-06, Loss=4.55e-03 BER=1.63e-03 FER=3.15e-02
2025-10-25 17:43:16,873 | INFO | Epoch 894 Train Time 37.94330143928528s

2025-10-25 17:43:54,438 | INFO | Training epoch 895, Batch 1000/1000: LR=3.72e-06, Loss=4.57e-03 BER=1.64e-03 FER=3.13e-02
2025-10-25 17:43:54,514 | INFO | Epoch 895 Train Time 37.63977670669556s

2025-10-25 17:44:31,539 | INFO | Training epoch 896, Batch 1000/1000: LR=3.67e-06, Loss=4.48e-03 BER=1.59e-03 FER=3.11e-02
2025-10-25 17:44:31,631 | INFO | Epoch 896 Train Time 37.11491942405701s

2025-10-25 17:45:08,860 | INFO | Training epoch 897, Batch 1000/1000: LR=3.62e-06, Loss=4.59e-03 BER=1.63e-03 FER=3.11e-02
2025-10-25 17:45:08,941 | INFO | Epoch 897 Train Time 37.30850076675415s

2025-10-25 17:45:46,346 | INFO | Training epoch 898, Batch 1000/1000: LR=3.57e-06, Loss=4.49e-03 BER=1.62e-03 FER=3.15e-02
2025-10-25 17:45:46,424 | INFO | Epoch 898 Train Time 37.47976851463318s

2025-10-25 17:46:23,717 | INFO | Training epoch 899, Batch 1000/1000: LR=3.52e-06, Loss=4.41e-03 BER=1.60e-03 FER=3.11e-02
2025-10-25 17:46:23,808 | INFO | Epoch 899 Train Time 37.38219404220581s

2025-10-25 17:47:00,445 | INFO | Training epoch 900, Batch 1000/1000: LR=3.47e-06, Loss=4.50e-03 BER=1.63e-03 FER=3.12e-02
2025-10-25 17:47:00,521 | INFO | Epoch 900 Train Time 36.7125449180603s

2025-10-25 17:47:37,241 | INFO | Training epoch 901, Batch 1000/1000: LR=3.42e-06, Loss=4.55e-03 BER=1.61e-03 FER=3.07e-02
2025-10-25 17:47:37,317 | INFO | Epoch 901 Train Time 36.794156074523926s

2025-10-25 17:48:13,854 | INFO | Training epoch 902, Batch 1000/1000: LR=3.37e-06, Loss=4.36e-03 BER=1.56e-03 FER=3.00e-02
2025-10-25 17:48:13,925 | INFO | Epoch 902 Train Time 36.60656404495239s

2025-10-25 17:48:51,319 | INFO | Training epoch 903, Batch 1000/1000: LR=3.33e-06, Loss=4.64e-03 BER=1.67e-03 FER=3.18e-02
2025-10-25 17:48:51,393 | INFO | Epoch 903 Train Time 37.46607565879822s

2025-10-25 17:49:28,340 | INFO | Training epoch 904, Batch 1000/1000: LR=3.28e-06, Loss=4.43e-03 BER=1.58e-03 FER=3.04e-02
2025-10-25 17:49:28,415 | INFO | Epoch 904 Train Time 37.020729541778564s

2025-10-25 17:50:05,563 | INFO | Training epoch 905, Batch 1000/1000: LR=3.23e-06, Loss=4.34e-03 BER=1.55e-03 FER=2.97e-02
2025-10-25 17:50:05,649 | INFO | Epoch 905 Train Time 37.232605934143066s

2025-10-25 17:50:43,133 | INFO | Training epoch 906, Batch 1000/1000: LR=3.19e-06, Loss=4.43e-03 BER=1.58e-03 FER=3.06e-02
2025-10-25 17:50:43,219 | INFO | Epoch 906 Train Time 37.56942009925842s

2025-10-25 17:51:20,145 | INFO | Training epoch 907, Batch 1000/1000: LR=3.14e-06, Loss=4.52e-03 BER=1.60e-03 FER=3.09e-02
2025-10-25 17:51:20,213 | INFO | Epoch 907 Train Time 36.99230909347534s

2025-10-25 17:51:56,932 | INFO | Training epoch 908, Batch 1000/1000: LR=3.10e-06, Loss=4.46e-03 BER=1.58e-03 FER=3.07e-02
2025-10-25 17:51:57,012 | INFO | Epoch 908 Train Time 36.798088788986206s

2025-10-25 17:52:35,427 | INFO | Training epoch 909, Batch 1000/1000: LR=3.05e-06, Loss=4.41e-03 BER=1.57e-03 FER=3.05e-02
2025-10-25 17:52:35,493 | INFO | Epoch 909 Train Time 38.479045391082764s

2025-10-25 17:53:12,358 | INFO | Training epoch 910, Batch 1000/1000: LR=3.01e-06, Loss=4.53e-03 BER=1.62e-03 FER=3.11e-02
2025-10-25 17:53:12,434 | INFO | Epoch 910 Train Time 36.93922185897827s

2025-10-25 17:53:49,435 | INFO | Training epoch 911, Batch 1000/1000: LR=2.97e-06, Loss=4.47e-03 BER=1.60e-03 FER=3.06e-02
2025-10-25 17:53:49,523 | INFO | Epoch 911 Train Time 37.088433027267456s

2025-10-25 17:54:26,833 | INFO | Training epoch 912, Batch 1000/1000: LR=2.92e-06, Loss=4.48e-03 BER=1.62e-03 FER=3.11e-02
2025-10-25 17:54:26,910 | INFO | Epoch 912 Train Time 37.38403630256653s

2025-10-25 17:55:03,758 | INFO | Training epoch 913, Batch 1000/1000: LR=2.88e-06, Loss=4.42e-03 BER=1.59e-03 FER=3.06e-02
2025-10-25 17:55:03,854 | INFO | Epoch 913 Train Time 36.94050860404968s

2025-10-25 17:55:41,244 | INFO | Training epoch 914, Batch 1000/1000: LR=2.84e-06, Loss=4.51e-03 BER=1.60e-03 FER=3.07e-02
2025-10-25 17:55:41,316 | INFO | Epoch 914 Train Time 37.46033692359924s

2025-10-25 17:56:18,861 | INFO | Training epoch 915, Batch 1000/1000: LR=2.80e-06, Loss=4.37e-03 BER=1.57e-03 FER=3.03e-02
2025-10-25 17:56:18,937 | INFO | Epoch 915 Train Time 37.619749307632446s

2025-10-25 17:56:56,349 | INFO | Training epoch 916, Batch 1000/1000: LR=2.75e-06, Loss=4.58e-03 BER=1.65e-03 FER=3.18e-02
2025-10-25 17:56:56,421 | INFO | Epoch 916 Train Time 37.48178839683533s

2025-10-25 17:57:32,979 | INFO | Training epoch 917, Batch 1000/1000: LR=2.71e-06, Loss=4.46e-03 BER=1.60e-03 FER=3.10e-02
2025-10-25 17:57:33,052 | INFO | Epoch 917 Train Time 36.63044714927673s

2025-10-25 17:58:10,035 | INFO | Training epoch 918, Batch 1000/1000: LR=2.67e-06, Loss=4.48e-03 BER=1.62e-03 FER=3.10e-02
2025-10-25 17:58:10,123 | INFO | Epoch 918 Train Time 37.069788694381714s

2025-10-25 17:58:47,655 | INFO | Training epoch 919, Batch 1000/1000: LR=2.63e-06, Loss=4.67e-03 BER=1.65e-03 FER=3.16e-02
2025-10-25 17:58:47,727 | INFO | Epoch 919 Train Time 37.60308265686035s

2025-10-25 17:59:24,829 | INFO | Training epoch 920, Batch 1000/1000: LR=2.59e-06, Loss=4.49e-03 BER=1.60e-03 FER=3.09e-02
2025-10-25 17:59:24,913 | INFO | Epoch 920 Train Time 37.184542417526245s

2025-10-25 18:00:02,050 | INFO | Training epoch 921, Batch 1000/1000: LR=2.56e-06, Loss=4.32e-03 BER=1.55e-03 FER=3.01e-02
2025-10-25 18:00:02,133 | INFO | Epoch 921 Train Time 37.21901178359985s

2025-10-25 18:00:40,032 | INFO | Training epoch 922, Batch 1000/1000: LR=2.52e-06, Loss=4.39e-03 BER=1.57e-03 FER=3.04e-02
2025-10-25 18:00:40,119 | INFO | Epoch 922 Train Time 37.984535694122314s

2025-10-25 18:01:17,042 | INFO | Training epoch 923, Batch 1000/1000: LR=2.48e-06, Loss=4.66e-03 BER=1.67e-03 FER=3.17e-02
2025-10-25 18:01:17,127 | INFO | Epoch 923 Train Time 37.00668978691101s

2025-10-25 18:01:53,822 | INFO | Training epoch 924, Batch 1000/1000: LR=2.44e-06, Loss=4.52e-03 BER=1.63e-03 FER=3.11e-02
2025-10-25 18:01:53,891 | INFO | Epoch 924 Train Time 36.76288461685181s

2025-10-25 18:02:30,943 | INFO | Training epoch 925, Batch 1000/1000: LR=2.40e-06, Loss=4.58e-03 BER=1.64e-03 FER=3.13e-02
2025-10-25 18:02:31,018 | INFO | Epoch 925 Train Time 37.126126766204834s

2025-10-25 18:03:07,638 | INFO | Training epoch 926, Batch 1000/1000: LR=2.37e-06, Loss=4.40e-03 BER=1.60e-03 FER=3.10e-02
2025-10-25 18:03:07,720 | INFO | Epoch 926 Train Time 36.70067501068115s

2025-10-25 18:03:45,339 | INFO | Training epoch 927, Batch 1000/1000: LR=2.33e-06, Loss=4.60e-03 BER=1.67e-03 FER=3.14e-02
2025-10-25 18:03:45,426 | INFO | Epoch 927 Train Time 37.704707860946655s

2025-10-25 18:04:23,070 | INFO | Training epoch 928, Batch 1000/1000: LR=2.30e-06, Loss=4.51e-03 BER=1.61e-03 FER=3.10e-02
2025-10-25 18:04:23,148 | INFO | Epoch 928 Train Time 37.72073459625244s

2025-10-25 18:04:59,546 | INFO | Training epoch 929, Batch 1000/1000: LR=2.26e-06, Loss=4.31e-03 BER=1.55e-03 FER=2.99e-02
2025-10-25 18:04:59,618 | INFO | Epoch 929 Train Time 36.46836543083191s

2025-10-25 18:05:35,428 | INFO | Training epoch 930, Batch 1000/1000: LR=2.23e-06, Loss=4.54e-03 BER=1.63e-03 FER=3.09e-02
2025-10-25 18:05:35,501 | INFO | Epoch 930 Train Time 35.88173866271973s

2025-10-25 18:06:13,130 | INFO | Training epoch 931, Batch 1000/1000: LR=2.19e-06, Loss=4.54e-03 BER=1.63e-03 FER=3.14e-02
2025-10-25 18:06:13,220 | INFO | Epoch 931 Train Time 37.717413663864136s

2025-10-25 18:06:49,833 | INFO | Training epoch 932, Batch 1000/1000: LR=2.16e-06, Loss=4.37e-03 BER=1.56e-03 FER=3.06e-02
2025-10-25 18:06:49,923 | INFO | Epoch 932 Train Time 36.70152521133423s

2025-10-25 18:07:26,781 | INFO | Training epoch 933, Batch 1000/1000: LR=2.13e-06, Loss=4.44e-03 BER=1.60e-03 FER=3.06e-02
2025-10-25 18:07:26,849 | INFO | Epoch 933 Train Time 36.92477059364319s

2025-10-25 18:08:04,237 | INFO | Training epoch 934, Batch 1000/1000: LR=2.09e-06, Loss=4.53e-03 BER=1.64e-03 FER=3.11e-02
2025-10-25 18:08:04,301 | INFO | Epoch 934 Train Time 37.45081162452698s

2025-10-25 18:08:41,564 | INFO | Training epoch 935, Batch 1000/1000: LR=2.06e-06, Loss=4.47e-03 BER=1.57e-03 FER=3.07e-02
2025-10-25 18:08:41,641 | INFO | Epoch 935 Train Time 37.33696794509888s

2025-10-25 18:09:19,062 | INFO | Training epoch 936, Batch 1000/1000: LR=2.03e-06, Loss=4.52e-03 BER=1.63e-03 FER=3.12e-02
2025-10-25 18:09:19,137 | INFO | Epoch 936 Train Time 37.49472379684448s

2025-10-25 18:09:56,437 | INFO | Training epoch 937, Batch 1000/1000: LR=2.00e-06, Loss=4.40e-03 BER=1.58e-03 FER=3.06e-02
2025-10-25 18:09:56,533 | INFO | Epoch 937 Train Time 37.393963098526s

2025-10-25 18:10:33,841 | INFO | Training epoch 938, Batch 1000/1000: LR=1.97e-06, Loss=4.44e-03 BER=1.60e-03 FER=3.10e-02
2025-10-25 18:10:33,914 | INFO | Epoch 938 Train Time 37.37994956970215s

2025-10-25 18:11:12,074 | INFO | Training epoch 939, Batch 1000/1000: LR=1.94e-06, Loss=4.34e-03 BER=1.56e-03 FER=3.03e-02
2025-10-25 18:11:12,152 | INFO | Epoch 939 Train Time 38.23637652397156s

2025-10-25 18:11:49,341 | INFO | Training epoch 940, Batch 1000/1000: LR=1.91e-06, Loss=4.41e-03 BER=1.58e-03 FER=3.02e-02
2025-10-25 18:11:49,428 | INFO | Epoch 940 Train Time 37.27355742454529s

2025-10-25 18:12:26,317 | INFO | Training epoch 941, Batch 1000/1000: LR=1.88e-06, Loss=4.41e-03 BER=1.60e-03 FER=3.10e-02
2025-10-25 18:12:26,403 | INFO | Epoch 941 Train Time 36.97355628013611s

2025-10-25 18:13:03,735 | INFO | Training epoch 942, Batch 1000/1000: LR=1.85e-06, Loss=4.32e-03 BER=1.54e-03 FER=2.97e-02
2025-10-25 18:13:03,812 | INFO | Epoch 942 Train Time 37.406970739364624s

2025-10-25 18:13:41,209 | INFO | Training epoch 943, Batch 1000/1000: LR=1.82e-06, Loss=4.52e-03 BER=1.61e-03 FER=3.11e-02
2025-10-25 18:13:41,290 | INFO | Epoch 943 Train Time 37.47717785835266s

2025-10-25 18:14:18,655 | INFO | Training epoch 944, Batch 1000/1000: LR=1.79e-06, Loss=4.43e-03 BER=1.61e-03 FER=3.09e-02
2025-10-25 18:14:18,737 | INFO | Epoch 944 Train Time 37.44643783569336s

2025-10-25 18:14:56,041 | INFO | Training epoch 945, Batch 1000/1000: LR=1.76e-06, Loss=4.48e-03 BER=1.60e-03 FER=3.09e-02
2025-10-25 18:14:56,134 | INFO | Epoch 945 Train Time 37.39509391784668s

2025-10-25 18:15:33,130 | INFO | Training epoch 946, Batch 1000/1000: LR=1.74e-06, Loss=4.48e-03 BER=1.58e-03 FER=3.03e-02
2025-10-25 18:15:33,211 | INFO | Epoch 946 Train Time 37.07450008392334s

2025-10-25 18:16:10,455 | INFO | Training epoch 947, Batch 1000/1000: LR=1.71e-06, Loss=4.50e-03 BER=1.62e-03 FER=3.13e-02
2025-10-25 18:16:10,538 | INFO | Epoch 947 Train Time 37.32594633102417s

2025-10-25 18:16:47,413 | INFO | Training epoch 948, Batch 1000/1000: LR=1.68e-06, Loss=4.37e-03 BER=1.56e-03 FER=3.01e-02
2025-10-25 18:16:47,481 | INFO | Epoch 948 Train Time 36.940086364746094s

2025-10-25 18:17:24,877 | INFO | Training epoch 949, Batch 1000/1000: LR=1.66e-06, Loss=4.45e-03 BER=1.58e-03 FER=3.03e-02
2025-10-25 18:17:24,949 | INFO | Epoch 949 Train Time 37.46620583534241s

2025-10-25 18:18:02,349 | INFO | Training epoch 950, Batch 1000/1000: LR=1.63e-06, Loss=4.61e-03 BER=1.64e-03 FER=3.16e-02
2025-10-25 18:18:02,422 | INFO | Epoch 950 Train Time 37.47001504898071s

2025-10-25 18:18:39,440 | INFO | Training epoch 951, Batch 1000/1000: LR=1.61e-06, Loss=4.44e-03 BER=1.58e-03 FER=3.02e-02
2025-10-25 18:18:39,533 | INFO | Epoch 951 Train Time 37.11032056808472s

2025-10-25 18:19:16,730 | INFO | Training epoch 952, Batch 1000/1000: LR=1.59e-06, Loss=4.66e-03 BER=1.67e-03 FER=3.17e-02
2025-10-25 18:19:16,818 | INFO | Epoch 952 Train Time 37.2834746837616s

2025-10-25 18:19:53,024 | INFO | Training epoch 953, Batch 1000/1000: LR=1.56e-06, Loss=4.46e-03 BER=1.60e-03 FER=3.11e-02
2025-10-25 18:19:53,102 | INFO | Epoch 953 Train Time 36.281818866729736s

2025-10-25 18:20:30,229 | INFO | Training epoch 954, Batch 1000/1000: LR=1.54e-06, Loss=4.38e-03 BER=1.57e-03 FER=3.03e-02
2025-10-25 18:20:30,316 | INFO | Epoch 954 Train Time 37.21255421638489s

2025-10-25 18:21:07,334 | INFO | Training epoch 955, Batch 1000/1000: LR=1.52e-06, Loss=4.38e-03 BER=1.60e-03 FER=3.09e-02
2025-10-25 18:21:07,417 | INFO | Epoch 955 Train Time 37.09998869895935s

2025-10-25 18:21:44,239 | INFO | Training epoch 956, Batch 1000/1000: LR=1.49e-06, Loss=4.46e-03 BER=1.58e-03 FER=3.05e-02
2025-10-25 18:21:44,311 | INFO | Epoch 956 Train Time 36.88879442214966s

2025-10-25 18:22:21,649 | INFO | Training epoch 957, Batch 1000/1000: LR=1.47e-06, Loss=4.51e-03 BER=1.62e-03 FER=3.10e-02
2025-10-25 18:22:21,737 | INFO | Epoch 957 Train Time 37.423946380615234s

2025-10-25 18:22:59,147 | INFO | Training epoch 958, Batch 1000/1000: LR=1.45e-06, Loss=4.48e-03 BER=1.61e-03 FER=3.08e-02
2025-10-25 18:22:59,231 | INFO | Epoch 958 Train Time 37.493059396743774s

2025-10-25 18:23:37,066 | INFO | Training epoch 959, Batch 1000/1000: LR=1.43e-06, Loss=4.56e-03 BER=1.63e-03 FER=3.12e-02
2025-10-25 18:23:37,148 | INFO | Epoch 959 Train Time 37.91524624824524s

2025-10-25 18:24:13,122 | INFO | Training epoch 960, Batch 1000/1000: LR=1.41e-06, Loss=4.45e-03 BER=1.61e-03 FER=3.10e-02
2025-10-25 18:24:13,203 | INFO | Epoch 960 Train Time 36.05339527130127s

2025-10-25 18:24:50,347 | INFO | Training epoch 961, Batch 1000/1000: LR=1.39e-06, Loss=4.48e-03 BER=1.60e-03 FER=3.04e-02
2025-10-25 18:24:50,419 | INFO | Epoch 961 Train Time 37.21427369117737s

2025-10-25 18:25:27,234 | INFO | Training epoch 962, Batch 1000/1000: LR=1.37e-06, Loss=4.41e-03 BER=1.57e-03 FER=3.05e-02
2025-10-25 18:25:27,309 | INFO | Epoch 962 Train Time 36.88900375366211s

2025-10-25 18:26:03,835 | INFO | Training epoch 963, Batch 1000/1000: LR=1.35e-06, Loss=4.32e-03 BER=1.56e-03 FER=3.03e-02
2025-10-25 18:26:03,909 | INFO | Epoch 963 Train Time 36.59766364097595s

2025-10-25 18:26:40,884 | INFO | Training epoch 964, Batch 1000/1000: LR=1.33e-06, Loss=4.47e-03 BER=1.61e-03 FER=3.12e-02
2025-10-25 18:26:40,969 | INFO | Epoch 964 Train Time 37.058002948760986s

2025-10-25 18:27:18,833 | INFO | Training epoch 965, Batch 1000/1000: LR=1.32e-06, Loss=4.46e-03 BER=1.61e-03 FER=3.12e-02
2025-10-25 18:27:18,913 | INFO | Epoch 965 Train Time 37.94332695007324s

2025-10-25 18:27:56,134 | INFO | Training epoch 966, Batch 1000/1000: LR=1.30e-06, Loss=4.53e-03 BER=1.60e-03 FER=3.05e-02
2025-10-25 18:27:56,211 | INFO | Epoch 966 Train Time 37.29666757583618s

2025-10-25 18:28:33,127 | INFO | Training epoch 967, Batch 1000/1000: LR=1.28e-06, Loss=4.38e-03 BER=1.58e-03 FER=3.07e-02
2025-10-25 18:28:33,219 | INFO | Epoch 967 Train Time 37.00597548484802s

2025-10-25 18:29:09,537 | INFO | Training epoch 968, Batch 1000/1000: LR=1.27e-06, Loss=4.46e-03 BER=1.60e-03 FER=3.08e-02
2025-10-25 18:29:09,610 | INFO | Epoch 968 Train Time 36.39016342163086s

2025-10-25 18:29:46,861 | INFO | Training epoch 969, Batch 1000/1000: LR=1.25e-06, Loss=4.52e-03 BER=1.63e-03 FER=3.14e-02
2025-10-25 18:29:46,952 | INFO | Epoch 969 Train Time 37.34118366241455s

2025-10-25 18:30:24,224 | INFO | Training epoch 970, Batch 1000/1000: LR=1.23e-06, Loss=4.48e-03 BER=1.60e-03 FER=3.08e-02
2025-10-25 18:30:24,305 | INFO | Epoch 970 Train Time 37.351725339889526s

2025-10-25 18:31:01,740 | INFO | Training epoch 971, Batch 1000/1000: LR=1.22e-06, Loss=4.44e-03 BER=1.61e-03 FER=3.05e-02
2025-10-25 18:31:01,818 | INFO | Epoch 971 Train Time 37.51115441322327s

2025-10-25 18:31:39,171 | INFO | Training epoch 972, Batch 1000/1000: LR=1.21e-06, Loss=4.50e-03 BER=1.60e-03 FER=3.07e-02
2025-10-25 18:31:39,255 | INFO | Epoch 972 Train Time 37.436264514923096s

2025-10-25 18:32:16,245 | INFO | Training epoch 973, Batch 1000/1000: LR=1.19e-06, Loss=4.38e-03 BER=1.59e-03 FER=3.04e-02
2025-10-25 18:32:16,329 | INFO | Epoch 973 Train Time 37.072181940078735s

2025-10-25 18:32:53,748 | INFO | Training epoch 974, Batch 1000/1000: LR=1.18e-06, Loss=4.48e-03 BER=1.61e-03 FER=3.09e-02
2025-10-25 18:32:53,819 | INFO | Epoch 974 Train Time 37.4892144203186s

2025-10-25 18:33:30,983 | INFO | Training epoch 975, Batch 1000/1000: LR=1.17e-06, Loss=4.26e-03 BER=1.53e-03 FER=2.98e-02
2025-10-25 18:33:31,084 | INFO | Epoch 975 Train Time 37.264381408691406s

2025-10-25 18:33:31,085 | INFO | [P1] saving best_model with loss 0.004264 at epoch 975
2025-10-25 18:34:08,936 | INFO | Training epoch 976, Batch 1000/1000: LR=1.15e-06, Loss=4.47e-03 BER=1.61e-03 FER=3.10e-02
2025-10-25 18:34:09,014 | INFO | Epoch 976 Train Time 37.85269546508789s

2025-10-25 18:34:46,228 | INFO | Training epoch 977, Batch 1000/1000: LR=1.14e-06, Loss=4.44e-03 BER=1.60e-03 FER=3.03e-02
2025-10-25 18:34:46,314 | INFO | Epoch 977 Train Time 37.298532485961914s

2025-10-25 18:35:23,446 | INFO | Training epoch 978, Batch 1000/1000: LR=1.13e-06, Loss=4.44e-03 BER=1.55e-03 FER=2.99e-02
2025-10-25 18:35:23,528 | INFO | Epoch 978 Train Time 37.21322417259216s

2025-10-25 18:36:00,936 | INFO | Training epoch 979, Batch 1000/1000: LR=1.12e-06, Loss=4.59e-03 BER=1.63e-03 FER=3.12e-02
2025-10-25 18:36:01,028 | INFO | Epoch 979 Train Time 37.496901512145996s

2025-10-25 18:36:37,942 | INFO | Training epoch 980, Batch 1000/1000: LR=1.11e-06, Loss=4.45e-03 BER=1.60e-03 FER=3.06e-02
2025-10-25 18:36:38,025 | INFO | Epoch 980 Train Time 36.99415707588196s

2025-10-25 18:37:16,276 | INFO | Training epoch 981, Batch 1000/1000: LR=1.10e-06, Loss=4.40e-03 BER=1.57e-03 FER=3.04e-02
2025-10-25 18:37:16,365 | INFO | Epoch 981 Train Time 38.33913230895996s

2025-10-25 18:37:53,344 | INFO | Training epoch 982, Batch 1000/1000: LR=1.09e-06, Loss=4.37e-03 BER=1.58e-03 FER=3.07e-02
2025-10-25 18:37:53,409 | INFO | Epoch 982 Train Time 37.042412757873535s

2025-10-25 18:38:30,657 | INFO | Training epoch 983, Batch 1000/1000: LR=1.08e-06, Loss=4.51e-03 BER=1.61e-03 FER=3.14e-02
2025-10-25 18:38:30,735 | INFO | Epoch 983 Train Time 37.32497549057007s

2025-10-25 18:39:07,733 | INFO | Training epoch 984, Batch 1000/1000: LR=1.07e-06, Loss=4.44e-03 BER=1.60e-03 FER=3.07e-02
2025-10-25 18:39:07,824 | INFO | Epoch 984 Train Time 37.08754801750183s

2025-10-25 18:39:44,649 | INFO | Training epoch 985, Batch 1000/1000: LR=1.06e-06, Loss=4.34e-03 BER=1.58e-03 FER=3.02e-02
2025-10-25 18:39:44,728 | INFO | Epoch 985 Train Time 36.90215444564819s

2025-10-25 18:40:21,838 | INFO | Training epoch 986, Batch 1000/1000: LR=1.05e-06, Loss=4.46e-03 BER=1.60e-03 FER=3.07e-02
2025-10-25 18:40:21,924 | INFO | Epoch 986 Train Time 37.19476509094238s

2025-10-25 18:40:58,666 | INFO | Training epoch 987, Batch 1000/1000: LR=1.05e-06, Loss=4.60e-03 BER=1.65e-03 FER=3.18e-02
2025-10-25 18:40:58,744 | INFO | Epoch 987 Train Time 36.81768250465393s

2025-10-25 18:41:38,257 | INFO | Training epoch 988, Batch 1000/1000: LR=1.04e-06, Loss=4.59e-03 BER=1.64e-03 FER=3.16e-02
2025-10-25 18:41:38,339 | INFO | Epoch 988 Train Time 39.59153938293457s

2025-10-25 18:42:17,747 | INFO | Training epoch 989, Batch 1000/1000: LR=1.04e-06, Loss=4.38e-03 BER=1.59e-03 FER=3.04e-02
2025-10-25 18:42:17,813 | INFO | Epoch 989 Train Time 39.473782539367676s

2025-10-25 18:42:57,384 | INFO | Training epoch 990, Batch 1000/1000: LR=1.03e-06, Loss=4.47e-03 BER=1.60e-03 FER=3.11e-02
2025-10-25 18:42:57,449 | INFO | Epoch 990 Train Time 39.63455653190613s

2025-10-25 18:43:37,258 | INFO | Training epoch 991, Batch 1000/1000: LR=1.02e-06, Loss=4.57e-03 BER=1.66e-03 FER=3.17e-02
2025-10-25 18:43:37,327 | INFO | Epoch 991 Train Time 39.87626814842224s

2025-10-25 18:44:16,999 | INFO | Training epoch 992, Batch 1000/1000: LR=1.02e-06, Loss=4.46e-03 BER=1.59e-03 FER=3.05e-02
2025-10-25 18:44:17,085 | INFO | Epoch 992 Train Time 39.755911111831665s

2025-10-25 18:44:56,385 | INFO | Training epoch 993, Batch 1000/1000: LR=1.02e-06, Loss=4.34e-03 BER=1.58e-03 FER=3.02e-02
2025-10-25 18:44:56,454 | INFO | Epoch 993 Train Time 39.367929220199585s

2025-10-25 18:45:35,565 | INFO | Training epoch 994, Batch 1000/1000: LR=1.01e-06, Loss=4.54e-03 BER=1.60e-03 FER=3.06e-02
2025-10-25 18:45:35,647 | INFO | Epoch 994 Train Time 39.190882444381714s

2025-10-25 18:46:14,830 | INFO | Training epoch 995, Batch 1000/1000: LR=1.01e-06, Loss=4.45e-03 BER=1.61e-03 FER=3.12e-02
2025-10-25 18:46:14,918 | INFO | Epoch 995 Train Time 39.26972985267639s

2025-10-25 18:46:54,365 | INFO | Training epoch 996, Batch 1000/1000: LR=1.01e-06, Loss=4.46e-03 BER=1.57e-03 FER=3.06e-02
2025-10-25 18:46:54,452 | INFO | Epoch 996 Train Time 39.53291320800781s

2025-10-25 18:47:33,749 | INFO | Training epoch 997, Batch 1000/1000: LR=1.00e-06, Loss=4.40e-03 BER=1.57e-03 FER=3.04e-02
2025-10-25 18:47:33,814 | INFO | Epoch 997 Train Time 39.360204458236694s

2025-10-25 18:48:13,312 | INFO | Training epoch 998, Batch 1000/1000: LR=1.00e-06, Loss=4.42e-03 BER=1.63e-03 FER=3.11e-02
2025-10-25 18:48:13,388 | INFO | Epoch 998 Train Time 39.57350492477417s

2025-10-25 18:48:52,974 | INFO | Training epoch 999, Batch 1000/1000: LR=1.00e-06, Loss=4.64e-03 BER=1.64e-03 FER=3.18e-02
2025-10-25 18:48:53,050 | INFO | Epoch 999 Train Time 39.66021394729614s

2025-10-25 18:49:32,991 | INFO | Training epoch 1000, Batch 1000/1000: LR=1.00e-06, Loss=4.38e-03 BER=1.58e-03 FER=3.03e-02
2025-10-25 18:49:33,068 | INFO | Epoch 1000 Train Time 40.01577615737915s

2025-10-25 18:49:33,088 | INFO | Checkpoint saved: runs/20251025_080611/stage1_fp32__POLAR_n64_k48__Ndec6_d128_h8.pth
2025-10-25 18:49:33,105 | INFO | Checkpoint saved: runs/20251025_080611/stage1_fp32__POLAR_n64_k48__Ndec6_d128_h8__e1000_loss0.004385.pth
2025-10-25 18:49:39,347 | INFO | FER count threshold reached for EbN0:4
2025-10-25 18:49:39,431 | INFO | Test EbN0=4, BER=1.68e-03
2025-10-25 18:49:45,091 | INFO | FER count threshold reached for EbN0:5
2025-10-25 18:49:45,205 | INFO | Test EbN0=5, BER=1.85e-04
2025-10-25 18:50:07,244 | INFO | FER count threshold reached for EbN0:6
2025-10-25 18:50:07,331 | INFO | Test EbN0=6, BER=1.49e-05
2025-10-25 18:50:07,332 | INFO | 
Test Loss 4: 4.9058e-03 5: 5.8504e-04 6: 5.2176e-05
2025-10-25 18:50:07,332 | INFO | Test FER 4: 3.3532e-02 5: 3.8664e-03 6: 2.8141e-04
2025-10-25 18:50:07,332 | INFO | Test BER 4: 1.6845e-03 5: 1.8482e-04 6: 1.4932e-05
2025-10-25 18:50:07,332 | INFO | Test -ln(BER) 4: 6.3863e+00 5: 8.5961e+00 6: 1.1112e+01
2025-10-25 18:50:07,332 | INFO | # of testing samples: [100352.0, 100352.0, 358912.0]
 Test Time 34.2260320186615 s

2025-10-25 18:50:08,167 | INFO | Loaded checkpoint: runs/20251025_080611/stage1_fp32__POLAR_n64_k48__Ndec6_d128_h8.pth (strict=False)
2025-10-25 18:51:17,542 | INFO | Training epoch 1, Batch 1000/1000: LR=1.00e-04, Loss=2.38e-02 BER=8.35e-03 FER=2.40e-01
2025-10-25 18:51:17,611 | INFO | Epoch 1 Train Time 69.44089818000793s

2025-10-25 18:51:17,611 | INFO | [P2] saving best_model (QAT) with loss 0.023791 at epoch 1
2025-10-25 18:52:33,790 | INFO | Training epoch 2, Batch 1000/1000: LR=1.00e-04, Loss=1.50e-02 BER=5.47e-03 FER=1.44e-01
2025-10-25 18:52:33,842 | INFO | Epoch 2 Train Time 76.16527438163757s

2025-10-25 18:52:33,843 | INFO | [P2] saving best_model (QAT) with loss 0.014970 at epoch 2
2025-10-25 18:53:42,064 | INFO | Training epoch 3, Batch 1000/1000: LR=1.00e-04, Loss=1.22e-02 BER=4.47e-03 FER=1.11e-01
2025-10-25 18:53:42,111 | INFO | Epoch 3 Train Time 68.21390891075134s

2025-10-25 18:53:42,111 | INFO | [P2] saving best_model (QAT) with loss 0.012183 at epoch 3
2025-10-25 18:54:52,946 | INFO | Training epoch 4, Batch 1000/1000: LR=1.00e-04, Loss=1.05e-02 BER=3.88e-03 FER=9.45e-02
2025-10-25 18:54:53,023 | INFO | Epoch 4 Train Time 70.85694551467896s

2025-10-25 18:54:53,025 | INFO | [P2] saving best_model (QAT) with loss 0.010540 at epoch 4
2025-10-25 18:56:09,293 | INFO | Training epoch 5, Batch 1000/1000: LR=1.00e-04, Loss=9.44e-03 BER=3.43e-03 FER=8.25e-02
2025-10-25 18:56:09,348 | INFO | Epoch 5 Train Time 76.23896479606628s

2025-10-25 18:56:09,349 | INFO | [P2] saving best_model (QAT) with loss 0.009435 at epoch 5
2025-10-25 18:57:11,125 | INFO | Training epoch 6, Batch 1000/1000: LR=1.00e-04, Loss=8.43e-03 BER=3.07e-03 FER=7.17e-02
2025-10-25 18:57:11,188 | INFO | Epoch 6 Train Time 61.764808177948s

2025-10-25 18:57:11,189 | INFO | [P2] saving best_model (QAT) with loss 0.008433 at epoch 6
2025-10-25 18:58:24,019 | INFO | Training epoch 7, Batch 1000/1000: LR=1.00e-04, Loss=7.96e-03 BER=2.91e-03 FER=6.72e-02
2025-10-25 18:58:24,093 | INFO | Epoch 7 Train Time 72.84847474098206s

2025-10-25 18:58:24,094 | INFO | [P2] saving best_model (QAT) with loss 0.007956 at epoch 7
2025-10-25 18:59:44,229 | INFO | Training epoch 8, Batch 1000/1000: LR=1.00e-04, Loss=7.50e-03 BER=2.71e-03 FER=6.21e-02
2025-10-25 18:59:44,310 | INFO | Epoch 8 Train Time 80.1613118648529s

2025-10-25 18:59:44,311 | INFO | [P2] saving best_model (QAT) with loss 0.007497 at epoch 8
2025-10-25 19:01:10,144 | INFO | Training epoch 9, Batch 1000/1000: LR=1.00e-04, Loss=7.01e-03 BER=2.58e-03 FER=5.86e-02
2025-10-25 19:01:10,210 | INFO | Epoch 9 Train Time 85.81372117996216s

2025-10-25 19:01:10,211 | INFO | [P2] saving best_model (QAT) with loss 0.007009 at epoch 9
2025-10-25 19:02:27,806 | INFO | Training epoch 10, Batch 1000/1000: LR=1.00e-04, Loss=6.98e-03 BER=2.53e-03 FER=5.66e-02
2025-10-25 19:02:27,873 | INFO | Epoch 10 Train Time 77.5921585559845s

2025-10-25 19:02:27,873 | INFO | [P2] saving best_model (QAT) with loss 0.006985 at epoch 10
2025-10-25 19:03:48,601 | INFO | Training epoch 11, Batch 1000/1000: LR=1.00e-04, Loss=6.78e-03 BER=2.47e-03 FER=5.51e-02
2025-10-25 19:03:48,670 | INFO | Epoch 11 Train Time 80.74047803878784s

2025-10-25 19:03:48,670 | INFO | [P2] saving best_model (QAT) with loss 0.006776 at epoch 11
2025-10-25 19:05:07,249 | INFO | Training epoch 12, Batch 1000/1000: LR=1.00e-04, Loss=6.56e-03 BER=2.38e-03 FER=5.30e-02
2025-10-25 19:05:07,367 | INFO | Epoch 12 Train Time 78.63978052139282s

2025-10-25 19:05:07,368 | INFO | [P2] saving best_model (QAT) with loss 0.006558 at epoch 12
2025-10-25 19:06:22,761 | INFO | Training epoch 13, Batch 1000/1000: LR=1.00e-04, Loss=6.56e-03 BER=2.39e-03 FER=5.27e-02
2025-10-25 19:06:22,857 | INFO | Epoch 13 Train Time 75.41851043701172s

2025-10-25 19:06:22,859 | INFO | [P2] saving best_model (QAT) with loss 0.006558 at epoch 13
2025-10-25 19:07:41,610 | INFO | Training epoch 14, Batch 1000/1000: LR=1.00e-04, Loss=6.36e-03 BER=2.30e-03 FER=5.08e-02
2025-10-25 19:07:41,681 | INFO | Epoch 14 Train Time 78.72902011871338s

2025-10-25 19:07:41,682 | INFO | [P2] saving best_model (QAT) with loss 0.006355 at epoch 14
2025-10-25 19:08:52,694 | INFO | Training epoch 15, Batch 1000/1000: LR=1.00e-04, Loss=6.23e-03 BER=2.25e-03 FER=4.99e-02
2025-10-25 19:08:52,746 | INFO | Epoch 15 Train Time 71.00363326072693s

2025-10-25 19:08:52,747 | INFO | [P2] saving best_model (QAT) with loss 0.006225 at epoch 15
2025-10-25 19:10:11,308 | INFO | Training epoch 16, Batch 1000/1000: LR=1.00e-04, Loss=6.32e-03 BER=2.28e-03 FER=5.02e-02
2025-10-25 19:10:11,382 | INFO | Epoch 16 Train Time 78.54962229728699s

2025-10-25 19:11:27,114 | INFO | Training epoch 17, Batch 1000/1000: LR=1.00e-04, Loss=6.09e-03 BER=2.21e-03 FER=4.94e-02
2025-10-25 19:11:27,181 | INFO | Epoch 17 Train Time 75.79881930351257s

2025-10-25 19:11:27,182 | INFO | [P2] saving best_model (QAT) with loss 0.006094 at epoch 17
2025-10-25 19:12:48,333 | INFO | Training epoch 18, Batch 1000/1000: LR=1.00e-04, Loss=6.17e-03 BER=2.23e-03 FER=4.78e-02
2025-10-25 19:12:48,394 | INFO | Epoch 18 Train Time 81.13923954963684s

2025-10-25 19:13:56,800 | INFO | Training epoch 19, Batch 1000/1000: LR=1.00e-04, Loss=6.10e-03 BER=2.21e-03 FER=4.83e-02
2025-10-25 19:13:56,866 | INFO | Epoch 19 Train Time 68.4719009399414s

2025-10-25 19:15:14,044 | INFO | Training epoch 20, Batch 1000/1000: LR=1.00e-04, Loss=6.13e-03 BER=2.20e-03 FER=4.76e-02
2025-10-25 19:15:14,129 | INFO | Epoch 20 Train Time 77.2605938911438s

2025-10-25 19:16:32,628 | INFO | Training epoch 21, Batch 1000/1000: LR=1.00e-04, Loss=6.18e-03 BER=2.21e-03 FER=4.84e-02
2025-10-25 19:16:32,691 | INFO | Epoch 21 Train Time 78.55922627449036s

2025-10-25 19:17:49,572 | INFO | Training epoch 22, Batch 1000/1000: LR=1.00e-04, Loss=6.05e-03 BER=2.20e-03 FER=4.79e-02
2025-10-25 19:17:49,637 | INFO | Epoch 22 Train Time 76.94308066368103s

2025-10-25 19:17:49,637 | INFO | [P2] saving best_model (QAT) with loss 0.006046 at epoch 22
2025-10-25 19:19:00,137 | INFO | Training epoch 23, Batch 1000/1000: LR=1.00e-04, Loss=6.14e-03 BER=2.22e-03 FER=4.77e-02
2025-10-25 19:19:00,193 | INFO | Epoch 23 Train Time 70.50118064880371s

2025-10-25 19:20:24,366 | INFO | Training epoch 24, Batch 1000/1000: LR=1.00e-04, Loss=6.29e-03 BER=2.28e-03 FER=4.89e-02
2025-10-25 19:20:24,441 | INFO | Epoch 24 Train Time 84.24780654907227s

2025-10-25 19:21:40,217 | INFO | Training epoch 25, Batch 1000/1000: LR=1.00e-04, Loss=6.01e-03 BER=2.17e-03 FER=4.71e-02
2025-10-25 19:21:40,281 | INFO | Epoch 25 Train Time 75.83742570877075s

2025-10-25 19:21:40,282 | INFO | [P2] saving best_model (QAT) with loss 0.006014 at epoch 25
2025-10-25 19:23:04,091 | INFO | Training epoch 26, Batch 1000/1000: LR=1.00e-04, Loss=6.09e-03 BER=2.20e-03 FER=4.65e-02
2025-10-25 19:23:04,153 | INFO | Epoch 26 Train Time 83.80148339271545s

2025-10-25 19:24:20,271 | INFO | Training epoch 27, Batch 1000/1000: LR=1.00e-04, Loss=6.01e-03 BER=2.18e-03 FER=4.75e-02
2025-10-25 19:24:20,348 | INFO | Epoch 27 Train Time 76.19111275672913s

2025-10-25 19:24:20,350 | INFO | [P2] saving best_model (QAT) with loss 0.006007 at epoch 27
2025-10-25 19:25:37,288 | INFO | Training epoch 28, Batch 1000/1000: LR=1.00e-04, Loss=5.90e-03 BER=2.12e-03 FER=4.56e-02
2025-10-25 19:25:37,355 | INFO | Epoch 28 Train Time 76.9260425567627s

2025-10-25 19:25:37,355 | INFO | [P2] saving best_model (QAT) with loss 0.005896 at epoch 28
2025-10-25 19:26:59,724 | INFO | Training epoch 29, Batch 1000/1000: LR=1.00e-04, Loss=5.97e-03 BER=2.17e-03 FER=4.70e-02
2025-10-25 19:26:59,814 | INFO | Epoch 29 Train Time 82.38341665267944s

2025-10-25 19:28:09,741 | INFO | Training epoch 30, Batch 1000/1000: LR=9.99e-05, Loss=5.86e-03 BER=2.15e-03 FER=4.64e-02
2025-10-25 19:28:09,832 | INFO | Epoch 30 Train Time 70.01641345024109s

2025-10-25 19:28:09,833 | INFO | [P2] saving best_model (QAT) with loss 0.005858 at epoch 30
2025-10-25 19:29:28,755 | INFO | Training epoch 31, Batch 1000/1000: LR=9.99e-05, Loss=6.06e-03 BER=2.18e-03 FER=4.68e-02
2025-10-25 19:29:28,853 | INFO | Epoch 31 Train Time 78.9552412033081s

2025-10-25 19:30:40,955 | INFO | Training epoch 32, Batch 1000/1000: LR=9.99e-05, Loss=5.96e-03 BER=2.15e-03 FER=4.61e-02
2025-10-25 19:30:41,025 | INFO | Epoch 32 Train Time 72.16882729530334s

2025-10-25 19:31:54,330 | INFO | Training epoch 33, Batch 1000/1000: LR=9.99e-05, Loss=5.78e-03 BER=2.08e-03 FER=4.49e-02
2025-10-25 19:31:54,401 | INFO | Epoch 33 Train Time 73.37467694282532s

2025-10-25 19:31:54,401 | INFO | [P2] saving best_model (QAT) with loss 0.005777 at epoch 33
2025-10-25 19:33:09,624 | INFO | Training epoch 34, Batch 1000/1000: LR=9.99e-05, Loss=5.96e-03 BER=2.15e-03 FER=4.60e-02
2025-10-25 19:33:09,684 | INFO | Epoch 34 Train Time 75.22081875801086s

2025-10-25 19:34:29,014 | INFO | Training epoch 35, Batch 1000/1000: LR=9.99e-05, Loss=5.87e-03 BER=2.11e-03 FER=4.58e-02
2025-10-25 19:34:29,093 | INFO | Epoch 35 Train Time 79.40801954269409s

2025-10-25 19:35:46,793 | INFO | Training epoch 36, Batch 1000/1000: LR=9.99e-05, Loss=5.80e-03 BER=2.07e-03 FER=4.47e-02
2025-10-25 19:35:46,886 | INFO | Epoch 36 Train Time 77.79068446159363s

2025-10-25 19:37:03,794 | INFO | Training epoch 37, Batch 1000/1000: LR=9.99e-05, Loss=6.06e-03 BER=2.18e-03 FER=4.67e-02
2025-10-25 19:37:03,848 | INFO | Epoch 37 Train Time 76.96041512489319s

2025-10-25 19:38:24,244 | INFO | Training epoch 38, Batch 1000/1000: LR=9.99e-05, Loss=5.94e-03 BER=2.16e-03 FER=4.63e-02
2025-10-25 19:38:24,319 | INFO | Epoch 38 Train Time 80.47063517570496s

2025-10-25 19:39:39,634 | INFO | Training epoch 39, Batch 1000/1000: LR=9.99e-05, Loss=5.86e-03 BER=2.09e-03 FER=4.49e-02
2025-10-25 19:39:39,720 | INFO | Epoch 39 Train Time 75.39997887611389s

2025-10-25 19:40:58,183 | INFO | Training epoch 40, Batch 1000/1000: LR=9.99e-05, Loss=5.81e-03 BER=2.07e-03 FER=4.49e-02
2025-10-25 19:40:58,263 | INFO | Epoch 40 Train Time 78.5419511795044s

2025-10-25 19:42:14,814 | INFO | Training epoch 41, Batch 1000/1000: LR=9.99e-05, Loss=5.81e-03 BER=2.11e-03 FER=4.54e-02
2025-10-25 19:42:14,913 | INFO | Epoch 41 Train Time 76.64766240119934s

2025-10-25 19:43:24,283 | INFO | Training epoch 42, Batch 1000/1000: LR=9.99e-05, Loss=5.93e-03 BER=2.16e-03 FER=4.64e-02
2025-10-25 19:43:24,359 | INFO | Epoch 42 Train Time 69.44413471221924s

2025-10-25 19:44:44,205 | INFO | Training epoch 43, Batch 1000/1000: LR=9.99e-05, Loss=5.77e-03 BER=2.09e-03 FER=4.50e-02
2025-10-25 19:44:44,265 | INFO | Epoch 43 Train Time 79.9053966999054s

2025-10-25 19:44:44,267 | INFO | [P2] saving best_model (QAT) with loss 0.005770 at epoch 43
2025-10-25 19:46:01,181 | INFO | Training epoch 44, Batch 1000/1000: LR=9.99e-05, Loss=5.85e-03 BER=2.10e-03 FER=4.47e-02
2025-10-25 19:46:01,260 | INFO | Epoch 44 Train Time 76.92437767982483s

2025-10-25 19:47:09,970 | INFO | Training epoch 45, Batch 1000/1000: LR=9.99e-05, Loss=5.94e-03 BER=2.12e-03 FER=4.52e-02
2025-10-25 19:47:10,049 | INFO | Epoch 45 Train Time 68.78596878051758s

2025-10-25 19:48:25,841 | INFO | Training epoch 46, Batch 1000/1000: LR=9.99e-05, Loss=5.91e-03 BER=2.13e-03 FER=4.56e-02
2025-10-25 19:48:25,942 | INFO | Epoch 46 Train Time 75.89144253730774s

2025-10-25 19:49:34,811 | INFO | Training epoch 47, Batch 1000/1000: LR=9.99e-05, Loss=5.91e-03 BER=2.11e-03 FER=4.54e-02
2025-10-25 19:49:34,878 | INFO | Epoch 47 Train Time 68.93379354476929s

2025-10-25 19:50:43,090 | INFO | Training epoch 48, Batch 1000/1000: LR=9.99e-05, Loss=5.95e-03 BER=2.14e-03 FER=4.57e-02
2025-10-25 19:50:43,175 | INFO | Epoch 48 Train Time 68.29570364952087s

2025-10-25 19:52:05,605 | INFO | Training epoch 49, Batch 1000/1000: LR=9.99e-05, Loss=5.85e-03 BER=2.09e-03 FER=4.49e-02
2025-10-25 19:52:05,682 | INFO | Epoch 49 Train Time 82.5061297416687s

2025-10-25 19:53:24,770 | INFO | Training epoch 50, Batch 1000/1000: LR=9.99e-05, Loss=5.83e-03 BER=2.12e-03 FER=4.52e-02
2025-10-25 19:53:24,874 | INFO | Epoch 50 Train Time 79.19080448150635s

2025-10-25 19:54:39,991 | INFO | Training epoch 51, Batch 1000/1000: LR=9.98e-05, Loss=5.74e-03 BER=2.07e-03 FER=4.43e-02
2025-10-25 19:54:40,050 | INFO | Epoch 51 Train Time 75.17368936538696s

2025-10-25 19:54:40,050 | INFO | [P2] saving best_model (QAT) with loss 0.005745 at epoch 51
2025-10-25 19:55:50,673 | INFO | Training epoch 52, Batch 1000/1000: LR=9.98e-05, Loss=5.72e-03 BER=2.08e-03 FER=4.45e-02
2025-10-25 19:55:50,774 | INFO | Epoch 52 Train Time 70.65947651863098s

2025-10-25 19:55:50,775 | INFO | [P2] saving best_model (QAT) with loss 0.005718 at epoch 52
2025-10-25 19:57:06,857 | INFO | Training epoch 53, Batch 1000/1000: LR=9.98e-05, Loss=5.80e-03 BER=2.09e-03 FER=4.48e-02
2025-10-25 19:57:06,933 | INFO | Epoch 53 Train Time 76.06591391563416s

2025-10-25 19:58:17,112 | INFO | Training epoch 54, Batch 1000/1000: LR=9.98e-05, Loss=5.87e-03 BER=2.11e-03 FER=4.48e-02
2025-10-25 19:58:17,194 | INFO | Epoch 54 Train Time 70.2584900856018s

2025-10-25 19:59:31,612 | INFO | Training epoch 55, Batch 1000/1000: LR=9.98e-05, Loss=5.83e-03 BER=2.11e-03 FER=4.49e-02
2025-10-25 19:59:31,685 | INFO | Epoch 55 Train Time 74.48795866966248s

2025-10-25 20:00:46,758 | INFO | Training epoch 56, Batch 1000/1000: LR=9.98e-05, Loss=5.96e-03 BER=2.16e-03 FER=4.57e-02
2025-10-25 20:00:46,819 | INFO | Epoch 56 Train Time 75.13221478462219s

2025-10-25 20:01:59,499 | INFO | Training epoch 57, Batch 1000/1000: LR=9.98e-05, Loss=5.84e-03 BER=2.11e-03 FER=4.49e-02
2025-10-25 20:01:59,577 | INFO | Epoch 57 Train Time 72.75724649429321s

2025-10-25 20:03:14,522 | INFO | Training epoch 58, Batch 1000/1000: LR=9.98e-05, Loss=5.90e-03 BER=2.12e-03 FER=4.50e-02
2025-10-25 20:03:14,630 | INFO | Epoch 58 Train Time 75.05049252510071s

2025-10-25 20:04:33,853 | INFO | Training epoch 59, Batch 1000/1000: LR=9.98e-05, Loss=5.75e-03 BER=2.06e-03 FER=4.43e-02
2025-10-25 20:04:33,917 | INFO | Epoch 59 Train Time 79.28501772880554s

2025-10-25 20:05:52,461 | INFO | Training epoch 60, Batch 1000/1000: LR=9.98e-05, Loss=5.95e-03 BER=2.13e-03 FER=4.58e-02
2025-10-25 20:05:52,543 | INFO | Epoch 60 Train Time 78.62489414215088s

2025-10-25 20:07:04,979 | INFO | Training epoch 61, Batch 1000/1000: LR=9.98e-05, Loss=5.78e-03 BER=2.07e-03 FER=4.44e-02
2025-10-25 20:07:05,082 | INFO | Epoch 61 Train Time 72.5380346775055s

2025-10-25 20:08:22,240 | INFO | Training epoch 62, Batch 1000/1000: LR=9.98e-05, Loss=5.84e-03 BER=2.11e-03 FER=4.48e-02
2025-10-25 20:08:22,308 | INFO | Epoch 62 Train Time 77.22285103797913s

2025-10-25 20:09:44,277 | INFO | Training epoch 63, Batch 1000/1000: LR=9.98e-05, Loss=5.93e-03 BER=2.11e-03 FER=4.52e-02
2025-10-25 20:09:44,351 | INFO | Epoch 63 Train Time 82.04217290878296s

2025-10-25 20:10:59,009 | INFO | Training epoch 64, Batch 1000/1000: LR=9.98e-05, Loss=5.81e-03 BER=2.09e-03 FER=4.45e-02
2025-10-25 20:10:59,068 | INFO | Epoch 64 Train Time 74.71311664581299s

2025-10-25 20:12:19,320 | INFO | Training epoch 65, Batch 1000/1000: LR=9.98e-05, Loss=5.68e-03 BER=2.02e-03 FER=4.37e-02
2025-10-25 20:12:19,386 | INFO | Epoch 65 Train Time 80.31663703918457s

2025-10-25 20:12:19,387 | INFO | [P2] saving best_model (QAT) with loss 0.005683 at epoch 65
2025-10-25 20:13:39,447 | INFO | Training epoch 66, Batch 1000/1000: LR=9.97e-05, Loss=5.69e-03 BER=2.05e-03 FER=4.37e-02
2025-10-25 20:13:39,548 | INFO | Epoch 66 Train Time 80.08314752578735s

2025-10-25 20:14:56,518 | INFO | Training epoch 67, Batch 1000/1000: LR=9.97e-05, Loss=5.77e-03 BER=2.07e-03 FER=4.42e-02
2025-10-25 20:14:56,585 | INFO | Epoch 67 Train Time 77.03539633750916s

2025-10-25 20:16:20,346 | INFO | Training epoch 68, Batch 1000/1000: LR=9.97e-05, Loss=5.81e-03 BER=2.08e-03 FER=4.41e-02
2025-10-25 20:16:20,418 | INFO | Epoch 68 Train Time 83.83071565628052s

2025-10-25 20:17:33,592 | INFO | Training epoch 69, Batch 1000/1000: LR=9.97e-05, Loss=5.85e-03 BER=2.10e-03 FER=4.51e-02
2025-10-25 20:17:33,673 | INFO | Epoch 69 Train Time 73.25307393074036s

2025-10-25 20:18:48,371 | INFO | Training epoch 70, Batch 1000/1000: LR=9.97e-05, Loss=5.85e-03 BER=2.11e-03 FER=4.53e-02
2025-10-25 20:18:48,454 | INFO | Epoch 70 Train Time 74.7796721458435s

2025-10-25 20:20:02,577 | INFO | Training epoch 71, Batch 1000/1000: LR=9.97e-05, Loss=5.92e-03 BER=2.12e-03 FER=4.53e-02
2025-10-25 20:20:02,647 | INFO | Epoch 71 Train Time 74.19176530838013s

2025-10-25 20:21:19,801 | INFO | Training epoch 72, Batch 1000/1000: LR=9.97e-05, Loss=5.88e-03 BER=2.11e-03 FER=4.44e-02
2025-10-25 20:21:19,875 | INFO | Epoch 72 Train Time 77.22711706161499s

2025-10-25 20:22:36,490 | INFO | Training epoch 73, Batch 1000/1000: LR=9.97e-05, Loss=5.65e-03 BER=2.05e-03 FER=4.41e-02
2025-10-25 20:22:36,574 | INFO | Epoch 73 Train Time 76.6962366104126s

2025-10-25 20:22:36,574 | INFO | [P2] saving best_model (QAT) with loss 0.005649 at epoch 73
2025-10-25 20:23:54,944 | INFO | Training epoch 74, Batch 1000/1000: LR=9.97e-05, Loss=5.83e-03 BER=2.09e-03 FER=4.46e-02
2025-10-25 20:23:55,031 | INFO | Epoch 74 Train Time 78.38216662406921s

2025-10-25 20:25:07,080 | INFO | Training epoch 75, Batch 1000/1000: LR=9.97e-05, Loss=5.86e-03 BER=2.13e-03 FER=4.46e-02
2025-10-25 20:25:07,141 | INFO | Epoch 75 Train Time 72.10860109329224s

2025-10-25 20:26:20,592 | INFO | Training epoch 76, Batch 1000/1000: LR=9.97e-05, Loss=5.86e-03 BER=2.09e-03 FER=4.45e-02
2025-10-25 20:26:20,667 | INFO | Epoch 76 Train Time 73.5249195098877s

2025-10-25 20:27:39,979 | INFO | Training epoch 77, Batch 1000/1000: LR=9.96e-05, Loss=5.89e-03 BER=2.12e-03 FER=4.50e-02
2025-10-25 20:27:40,048 | INFO | Epoch 77 Train Time 79.37897038459778s

2025-10-25 20:28:51,175 | INFO | Training epoch 78, Batch 1000/1000: LR=9.96e-05, Loss=5.91e-03 BER=2.14e-03 FER=4.51e-02
2025-10-25 20:28:51,276 | INFO | Epoch 78 Train Time 71.22717261314392s

2025-10-25 20:30:04,109 | INFO | Training epoch 79, Batch 1000/1000: LR=9.96e-05, Loss=5.79e-03 BER=2.09e-03 FER=4.48e-02
2025-10-25 20:30:04,188 | INFO | Epoch 79 Train Time 72.91071128845215s

2025-10-25 20:31:25,312 | INFO | Training epoch 80, Batch 1000/1000: LR=9.96e-05, Loss=5.84e-03 BER=2.07e-03 FER=4.39e-02
2025-10-25 20:31:25,410 | INFO | Epoch 80 Train Time 81.21980452537537s

2025-10-25 20:32:37,490 | INFO | Training epoch 81, Batch 1000/1000: LR=9.96e-05, Loss=5.80e-03 BER=2.05e-03 FER=4.42e-02
2025-10-25 20:32:37,566 | INFO | Epoch 81 Train Time 72.15355777740479s

2025-10-25 20:33:50,986 | INFO | Training epoch 82, Batch 1000/1000: LR=9.96e-05, Loss=5.66e-03 BER=2.06e-03 FER=4.43e-02
2025-10-25 20:33:51,048 | INFO | Epoch 82 Train Time 73.48089861869812s

2025-10-25 20:35:10,797 | INFO | Training epoch 83, Batch 1000/1000: LR=9.96e-05, Loss=5.85e-03 BER=2.09e-03 FER=4.46e-02
2025-10-25 20:35:10,883 | INFO | Epoch 83 Train Time 79.83281064033508s

2025-10-25 20:36:30,599 | INFO | Training epoch 84, Batch 1000/1000: LR=9.96e-05, Loss=5.89e-03 BER=2.11e-03 FER=4.50e-02
2025-10-25 20:36:30,675 | INFO | Epoch 84 Train Time 79.79019904136658s

2025-10-25 20:37:48,309 | INFO | Training epoch 85, Batch 1000/1000: LR=9.96e-05, Loss=5.64e-03 BER=2.03e-03 FER=4.35e-02
2025-10-25 20:37:48,404 | INFO | Epoch 85 Train Time 77.72776985168457s

2025-10-25 20:37:48,405 | INFO | [P2] saving best_model (QAT) with loss 0.005636 at epoch 85
2025-10-25 20:39:12,672 | INFO | Training epoch 86, Batch 1000/1000: LR=9.96e-05, Loss=5.76e-03 BER=2.06e-03 FER=4.40e-02
2025-10-25 20:39:12,764 | INFO | Epoch 86 Train Time 84.27889657020569s

2025-10-25 20:40:30,302 | INFO | Training epoch 87, Batch 1000/1000: LR=9.95e-05, Loss=5.82e-03 BER=2.10e-03 FER=4.50e-02
2025-10-25 20:40:30,402 | INFO | Epoch 87 Train Time 77.63730669021606s

2025-10-25 20:41:39,975 | INFO | Training epoch 88, Batch 1000/1000: LR=9.95e-05, Loss=5.80e-03 BER=2.09e-03 FER=4.40e-02
2025-10-25 20:41:40,037 | INFO | Epoch 88 Train Time 69.63330340385437s

2025-10-25 20:42:50,114 | INFO | Training epoch 89, Batch 1000/1000: LR=9.95e-05, Loss=5.84e-03 BER=2.12e-03 FER=4.51e-02
2025-10-25 20:42:50,191 | INFO | Epoch 89 Train Time 70.15318512916565s

2025-10-25 20:44:08,805 | INFO | Training epoch 90, Batch 1000/1000: LR=9.95e-05, Loss=5.72e-03 BER=2.04e-03 FER=4.36e-02
2025-10-25 20:44:08,879 | INFO | Epoch 90 Train Time 78.68694925308228s

2025-10-25 20:45:27,267 | INFO | Training epoch 91, Batch 1000/1000: LR=9.95e-05, Loss=5.79e-03 BER=2.09e-03 FER=4.49e-02
2025-10-25 20:45:27,346 | INFO | Epoch 91 Train Time 78.46437406539917s

2025-10-25 20:46:40,170 | INFO | Training epoch 92, Batch 1000/1000: LR=9.95e-05, Loss=5.82e-03 BER=2.09e-03 FER=4.41e-02
2025-10-25 20:46:40,228 | INFO | Epoch 92 Train Time 72.87955784797668s

2025-10-25 20:48:01,006 | INFO | Training epoch 93, Batch 1000/1000: LR=9.95e-05, Loss=5.62e-03 BER=2.02e-03 FER=4.33e-02
2025-10-25 20:48:01,079 | INFO | Epoch 93 Train Time 80.84947872161865s

2025-10-25 20:48:01,079 | INFO | [P2] saving best_model (QAT) with loss 0.005616 at epoch 93
2025-10-25 20:49:17,456 | INFO | Training epoch 94, Batch 1000/1000: LR=9.95e-05, Loss=5.76e-03 BER=2.09e-03 FER=4.44e-02
2025-10-25 20:49:17,548 | INFO | Epoch 94 Train Time 76.39089894294739s

2025-10-25 20:50:36,180 | INFO | Training epoch 95, Batch 1000/1000: LR=9.95e-05, Loss=5.70e-03 BER=2.06e-03 FER=4.37e-02
2025-10-25 20:50:36,243 | INFO | Epoch 95 Train Time 78.69188952445984s

2025-10-25 20:51:54,879 | INFO | Training epoch 96, Batch 1000/1000: LR=9.94e-05, Loss=5.91e-03 BER=2.14e-03 FER=4.45e-02
2025-10-25 20:51:54,952 | INFO | Epoch 96 Train Time 78.70794177055359s

2025-10-25 20:53:09,912 | INFO | Training epoch 97, Batch 1000/1000: LR=9.94e-05, Loss=5.63e-03 BER=2.03e-03 FER=4.30e-02
2025-10-25 20:53:09,993 | INFO | Epoch 97 Train Time 75.03946208953857s

2025-10-25 20:54:28,274 | INFO | Training epoch 98, Batch 1000/1000: LR=9.94e-05, Loss=5.92e-03 BER=2.13e-03 FER=4.49e-02
2025-10-25 20:54:28,349 | INFO | Epoch 98 Train Time 78.35422945022583s

2025-10-25 20:55:39,971 | INFO | Training epoch 99, Batch 1000/1000: LR=9.94e-05, Loss=5.81e-03 BER=2.09e-03 FER=4.41e-02
2025-10-25 20:55:40,038 | INFO | Epoch 99 Train Time 71.68634605407715s

2025-10-25 20:56:51,803 | INFO | Training epoch 100, Batch 1000/1000: LR=9.94e-05, Loss=5.75e-03 BER=2.09e-03 FER=4.39e-02
2025-10-25 20:56:51,865 | INFO | Epoch 100 Train Time 71.82470154762268s

2025-10-25 20:58:01,371 | INFO | Training epoch 101, Batch 1000/1000: LR=9.94e-05, Loss=5.83e-03 BER=2.10e-03 FER=4.46e-02
2025-10-25 20:58:01,439 | INFO | Epoch 101 Train Time 69.57227325439453s

2025-10-25 20:59:15,977 | INFO | Training epoch 102, Batch 1000/1000: LR=9.94e-05, Loss=5.84e-03 BER=2.10e-03 FER=4.45e-02
2025-10-25 20:59:16,050 | INFO | Epoch 102 Train Time 74.60940885543823s

2025-10-25 21:00:33,987 | INFO | Training epoch 103, Batch 1000/1000: LR=9.94e-05, Loss=5.79e-03 BER=2.07e-03 FER=4.41e-02
2025-10-25 21:00:34,055 | INFO | Epoch 103 Train Time 78.00345969200134s

2025-10-25 21:01:52,266 | INFO | Training epoch 104, Batch 1000/1000: LR=9.94e-05, Loss=5.57e-03 BER=2.00e-03 FER=4.29e-02
2025-10-25 21:01:52,346 | INFO | Epoch 104 Train Time 78.2895860671997s

2025-10-25 21:01:52,346 | INFO | [P2] saving best_model (QAT) with loss 0.005572 at epoch 104
2025-10-25 21:03:10,376 | INFO | Training epoch 105, Batch 1000/1000: LR=9.93e-05, Loss=5.93e-03 BER=2.13e-03 FER=4.50e-02
2025-10-25 21:03:10,459 | INFO | Epoch 105 Train Time 78.03732919692993s

2025-10-25 21:04:16,271 | INFO | Training epoch 106, Batch 1000/1000: LR=9.93e-05, Loss=5.75e-03 BER=2.09e-03 FER=4.44e-02
2025-10-25 21:04:16,337 | INFO | Epoch 106 Train Time 65.87630343437195s

2025-10-25 21:05:32,811 | INFO | Training epoch 107, Batch 1000/1000: LR=9.93e-05, Loss=5.69e-03 BER=2.04e-03 FER=4.28e-02
2025-10-25 21:05:32,884 | INFO | Epoch 107 Train Time 76.54493737220764s

2025-10-25 21:06:50,667 | INFO | Training epoch 108, Batch 1000/1000: LR=9.93e-05, Loss=5.74e-03 BER=2.07e-03 FER=4.43e-02
2025-10-25 21:06:50,758 | INFO | Epoch 108 Train Time 77.87153935432434s

2025-10-25 21:08:07,963 | INFO | Training epoch 109, Batch 1000/1000: LR=9.93e-05, Loss=5.82e-03 BER=2.09e-03 FER=4.39e-02
2025-10-25 21:08:08,053 | INFO | Epoch 109 Train Time 77.29323434829712s

2025-10-25 21:09:23,486 | INFO | Training epoch 110, Batch 1000/1000: LR=9.93e-05, Loss=5.72e-03 BER=2.07e-03 FER=4.44e-02
2025-10-25 21:09:23,585 | INFO | Epoch 110 Train Time 75.53058958053589s

2025-10-25 21:10:37,602 | INFO | Training epoch 111, Batch 1000/1000: LR=9.93e-05, Loss=5.84e-03 BER=2.10e-03 FER=4.36e-02
2025-10-25 21:10:37,674 | INFO | Epoch 111 Train Time 74.08791136741638s

2025-10-25 21:11:56,495 | INFO | Training epoch 112, Batch 1000/1000: LR=9.92e-05, Loss=5.76e-03 BER=2.08e-03 FER=4.45e-02
2025-10-25 21:11:56,580 | INFO | Epoch 112 Train Time 78.90506768226624s

2025-10-25 21:13:17,601 | INFO | Training epoch 113, Batch 1000/1000: LR=9.92e-05, Loss=5.80e-03 BER=2.10e-03 FER=4.44e-02
2025-10-25 21:13:17,700 | INFO | Epoch 113 Train Time 81.11821126937866s

2025-10-25 21:14:38,582 | INFO | Training epoch 114, Batch 1000/1000: LR=9.92e-05, Loss=5.71e-03 BER=2.06e-03 FER=4.38e-02
2025-10-25 21:14:38,680 | INFO | Epoch 114 Train Time 80.97916793823242s

2025-10-25 21:15:56,922 | INFO | Training epoch 115, Batch 1000/1000: LR=9.92e-05, Loss=5.65e-03 BER=2.03e-03 FER=4.32e-02
2025-10-25 21:15:56,986 | INFO | Epoch 115 Train Time 78.30415391921997s

2025-10-25 21:17:15,631 | INFO | Training epoch 116, Batch 1000/1000: LR=9.92e-05, Loss=5.70e-03 BER=2.04e-03 FER=4.39e-02
2025-10-25 21:17:15,703 | INFO | Epoch 116 Train Time 78.71498537063599s

2025-10-25 21:18:31,324 | INFO | Training epoch 117, Batch 1000/1000: LR=9.92e-05, Loss=5.78e-03 BER=2.10e-03 FER=4.45e-02
2025-10-25 21:18:31,387 | INFO | Epoch 117 Train Time 75.6832001209259s

2025-10-25 21:19:39,273 | INFO | Training epoch 118, Batch 1000/1000: LR=9.92e-05, Loss=5.93e-03 BER=2.12e-03 FER=4.46e-02
2025-10-25 21:19:39,369 | INFO | Epoch 118 Train Time 67.98088502883911s

2025-10-25 21:20:49,888 | INFO | Training epoch 119, Batch 1000/1000: LR=9.92e-05, Loss=5.73e-03 BER=2.06e-03 FER=4.34e-02
2025-10-25 21:20:49,973 | INFO | Epoch 119 Train Time 70.60270619392395s

2025-10-25 21:22:06,280 | INFO | Training epoch 120, Batch 1000/1000: LR=9.91e-05, Loss=5.75e-03 BER=2.06e-03 FER=4.33e-02
2025-10-25 21:22:06,332 | INFO | Epoch 120 Train Time 76.35779047012329s

2025-10-25 21:23:22,291 | INFO | Training epoch 121, Batch 1000/1000: LR=9.91e-05, Loss=5.72e-03 BER=2.05e-03 FER=4.36e-02
2025-10-25 21:23:22,401 | INFO | Epoch 121 Train Time 76.06776142120361s

2025-10-25 21:24:42,498 | INFO | Training epoch 122, Batch 1000/1000: LR=9.91e-05, Loss=5.72e-03 BER=2.05e-03 FER=4.39e-02
2025-10-25 21:24:42,592 | INFO | Epoch 122 Train Time 80.1892671585083s

2025-10-25 21:25:51,788 | INFO | Training epoch 123, Batch 1000/1000: LR=9.91e-05, Loss=5.67e-03 BER=2.03e-03 FER=4.31e-02
2025-10-25 21:25:51,859 | INFO | Epoch 123 Train Time 69.26557517051697s

2025-10-25 21:27:01,009 | INFO | Training epoch 124, Batch 1000/1000: LR=9.91e-05, Loss=5.72e-03 BER=2.05e-03 FER=4.26e-02
2025-10-25 21:27:01,070 | INFO | Epoch 124 Train Time 69.2093276977539s

2025-10-25 21:28:19,708 | INFO | Training epoch 125, Batch 1000/1000: LR=9.91e-05, Loss=5.81e-03 BER=2.07e-03 FER=4.45e-02
2025-10-25 21:28:19,788 | INFO | Epoch 125 Train Time 78.7169508934021s

2025-10-25 21:29:36,676 | INFO | Training epoch 126, Batch 1000/1000: LR=9.90e-05, Loss=5.60e-03 BER=2.03e-03 FER=4.27e-02
2025-10-25 21:29:36,756 | INFO | Epoch 126 Train Time 76.965407371521s

2025-10-25 21:30:58,483 | INFO | Training epoch 127, Batch 1000/1000: LR=9.90e-05, Loss=5.87e-03 BER=2.09e-03 FER=4.44e-02
2025-10-25 21:30:58,581 | INFO | Epoch 127 Train Time 81.82438611984253s

2025-10-25 21:32:09,479 | INFO | Training epoch 128, Batch 1000/1000: LR=9.90e-05, Loss=5.62e-03 BER=2.02e-03 FER=4.34e-02
2025-10-25 21:32:09,572 | INFO | Epoch 128 Train Time 70.98866510391235s

2025-10-25 21:33:21,645 | INFO | Training epoch 129, Batch 1000/1000: LR=9.90e-05, Loss=5.75e-03 BER=2.09e-03 FER=4.43e-02
2025-10-25 21:33:21,722 | INFO | Epoch 129 Train Time 72.14814829826355s

2025-10-25 21:34:43,006 | INFO | Training epoch 130, Batch 1000/1000: LR=9.90e-05, Loss=5.80e-03 BER=2.09e-03 FER=4.44e-02
2025-10-25 21:34:43,071 | INFO | Epoch 130 Train Time 81.3472363948822s

2025-10-25 21:35:59,743 | INFO | Training epoch 131, Batch 1000/1000: LR=9.90e-05, Loss=5.82e-03 BER=2.10e-03 FER=4.38e-02
2025-10-25 21:35:59,829 | INFO | Epoch 131 Train Time 76.75411820411682s

2025-10-25 21:37:12,033 | INFO | Training epoch 132, Batch 1000/1000: LR=9.90e-05, Loss=5.75e-03 BER=2.10e-03 FER=4.36e-02
2025-10-25 21:37:12,124 | INFO | Epoch 132 Train Time 72.29462313652039s

2025-10-25 21:38:24,460 | INFO | Training epoch 133, Batch 1000/1000: LR=9.89e-05, Loss=5.86e-03 BER=2.10e-03 FER=4.52e-02
2025-10-25 21:38:24,550 | INFO | Epoch 133 Train Time 72.42468547821045s

2025-10-25 21:39:38,366 | INFO | Training epoch 134, Batch 1000/1000: LR=9.89e-05, Loss=5.59e-03 BER=2.01e-03 FER=4.28e-02
2025-10-25 21:39:38,433 | INFO | Epoch 134 Train Time 73.88158202171326s

2025-10-25 21:40:57,695 | INFO | Training epoch 135, Batch 1000/1000: LR=9.89e-05, Loss=5.64e-03 BER=2.04e-03 FER=4.32e-02
2025-10-25 21:40:57,785 | INFO | Epoch 135 Train Time 79.35066056251526s

2025-10-25 21:42:15,959 | INFO | Training epoch 136, Batch 1000/1000: LR=9.89e-05, Loss=5.84e-03 BER=2.09e-03 FER=4.42e-02
2025-10-25 21:42:16,021 | INFO | Epoch 136 Train Time 78.23448753356934s

2025-10-25 21:43:32,229 | INFO | Training epoch 137, Batch 1000/1000: LR=9.89e-05, Loss=5.71e-03 BER=2.07e-03 FER=4.36e-02
2025-10-25 21:43:32,278 | INFO | Epoch 137 Train Time 76.2554063796997s

2025-10-25 21:44:42,435 | INFO | Training epoch 138, Batch 1000/1000: LR=9.89e-05, Loss=5.75e-03 BER=2.06e-03 FER=4.39e-02
2025-10-25 21:44:42,505 | INFO | Epoch 138 Train Time 70.22595071792603s

2025-10-25 21:46:01,051 | INFO | Training epoch 139, Batch 1000/1000: LR=9.88e-05, Loss=5.50e-03 BER=1.96e-03 FER=4.24e-02
2025-10-25 21:46:01,127 | INFO | Epoch 139 Train Time 78.61987161636353s

2025-10-25 21:46:01,128 | INFO | [P2] saving best_model (QAT) with loss 0.005495 at epoch 139
2025-10-25 21:47:11,646 | INFO | Training epoch 140, Batch 1000/1000: LR=9.88e-05, Loss=5.70e-03 BER=2.06e-03 FER=4.33e-02
2025-10-25 21:47:11,734 | INFO | Epoch 140 Train Time 70.5288622379303s

2025-10-25 21:48:27,270 | INFO | Training epoch 141, Batch 1000/1000: LR=9.88e-05, Loss=5.64e-03 BER=2.02e-03 FER=4.29e-02
2025-10-25 21:48:27,348 | INFO | Epoch 141 Train Time 75.61172652244568s

2025-10-25 21:49:42,499 | INFO | Training epoch 142, Batch 1000/1000: LR=9.88e-05, Loss=5.66e-03 BER=2.03e-03 FER=4.29e-02
2025-10-25 21:49:42,582 | INFO | Epoch 142 Train Time 75.23162388801575s

2025-10-25 21:50:57,319 | INFO | Training epoch 143, Batch 1000/1000: LR=9.88e-05, Loss=5.76e-03 BER=2.06e-03 FER=4.38e-02
2025-10-25 21:50:57,393 | INFO | Epoch 143 Train Time 74.808917760849s

2025-10-25 21:52:17,291 | INFO | Training epoch 144, Batch 1000/1000: LR=9.88e-05, Loss=5.55e-03 BER=2.01e-03 FER=4.26e-02
2025-10-25 21:52:17,360 | INFO | Epoch 144 Train Time 79.96532893180847s

2025-10-25 21:53:28,725 | INFO | Training epoch 145, Batch 1000/1000: LR=9.87e-05, Loss=5.58e-03 BER=2.01e-03 FER=4.33e-02
2025-10-25 21:53:28,817 | INFO | Epoch 145 Train Time 71.4553554058075s

2025-10-25 21:54:37,759 | INFO | Training epoch 146, Batch 1000/1000: LR=9.87e-05, Loss=5.78e-03 BER=2.07e-03 FER=4.38e-02
2025-10-25 21:54:37,835 | INFO | Epoch 146 Train Time 69.01683044433594s

2025-10-25 21:55:55,474 | INFO | Training epoch 147, Batch 1000/1000: LR=9.87e-05, Loss=5.71e-03 BER=2.04e-03 FER=4.30e-02
2025-10-25 21:55:55,571 | INFO | Epoch 147 Train Time 77.73417091369629s

2025-10-25 21:57:14,855 | INFO | Training epoch 148, Batch 1000/1000: LR=9.87e-05, Loss=5.64e-03 BER=2.03e-03 FER=4.28e-02
2025-10-25 21:57:14,950 | INFO | Epoch 148 Train Time 79.37723875045776s

2025-10-25 21:58:29,466 | INFO | Training epoch 149, Batch 1000/1000: LR=9.87e-05, Loss=5.64e-03 BER=2.02e-03 FER=4.30e-02
2025-10-25 21:58:29,555 | INFO | Epoch 149 Train Time 74.60387706756592s

2025-10-25 21:59:48,891 | INFO | Training epoch 150, Batch 1000/1000: LR=9.87e-05, Loss=5.57e-03 BER=2.02e-03 FER=4.30e-02
2025-10-25 21:59:48,958 | INFO | Epoch 150 Train Time 79.40143179893494s

2025-10-25 22:00:56,366 | INFO | Training epoch 151, Batch 1000/1000: LR=9.86e-05, Loss=5.84e-03 BER=2.09e-03 FER=4.37e-02
2025-10-25 22:00:56,430 | INFO | Epoch 151 Train Time 67.47019863128662s

2025-10-25 22:02:06,541 | INFO | Training epoch 152, Batch 1000/1000: LR=9.86e-05, Loss=5.82e-03 BER=2.10e-03 FER=4.37e-02
2025-10-25 22:02:06,620 | INFO | Epoch 152 Train Time 70.18909645080566s

2025-10-25 22:03:18,698 | INFO | Training epoch 153, Batch 1000/1000: LR=9.86e-05, Loss=5.74e-03 BER=2.07e-03 FER=4.38e-02
2025-10-25 22:03:18,759 | INFO | Epoch 153 Train Time 72.13601660728455s

2025-10-25 22:04:31,357 | INFO | Training epoch 154, Batch 1000/1000: LR=9.86e-05, Loss=5.64e-03 BER=2.03e-03 FER=4.28e-02
2025-10-25 22:04:31,428 | INFO | Epoch 154 Train Time 72.66565799713135s

2025-10-25 22:05:42,820 | INFO | Training epoch 155, Batch 1000/1000: LR=9.86e-05, Loss=5.87e-03 BER=2.12e-03 FER=4.42e-02
2025-10-25 22:05:42,911 | INFO | Epoch 155 Train Time 71.48145699501038s

2025-10-25 22:06:58,477 | INFO | Training epoch 156, Batch 1000/1000: LR=9.85e-05, Loss=5.81e-03 BER=2.08e-03 FER=4.41e-02
2025-10-25 22:06:58,571 | INFO | Epoch 156 Train Time 75.6586754322052s

2025-10-25 22:08:19,996 | INFO | Training epoch 157, Batch 1000/1000: LR=9.85e-05, Loss=5.62e-03 BER=2.01e-03 FER=4.28e-02
2025-10-25 22:08:20,081 | INFO | Epoch 157 Train Time 81.50721883773804s

2025-10-25 22:09:38,897 | INFO | Training epoch 158, Batch 1000/1000: LR=9.85e-05, Loss=5.79e-03 BER=2.09e-03 FER=4.45e-02
2025-10-25 22:09:38,974 | INFO | Epoch 158 Train Time 78.89232039451599s

2025-10-25 22:10:50,394 | INFO | Training epoch 159, Batch 1000/1000: LR=9.85e-05, Loss=5.68e-03 BER=2.03e-03 FER=4.28e-02
2025-10-25 22:10:50,450 | INFO | Epoch 159 Train Time 71.47418546676636s

2025-10-25 22:11:58,543 | INFO | Training epoch 160, Batch 1000/1000: LR=9.85e-05, Loss=5.70e-03 BER=2.05e-03 FER=4.35e-02
2025-10-25 22:11:58,623 | INFO | Epoch 160 Train Time 68.17213416099548s

2025-10-25 22:13:17,879 | INFO | Training epoch 161, Batch 1000/1000: LR=9.84e-05, Loss=5.71e-03 BER=2.03e-03 FER=4.29e-02
2025-10-25 22:13:17,965 | INFO | Epoch 161 Train Time 79.34038305282593s

2025-10-25 22:14:31,097 | INFO | Training epoch 162, Batch 1000/1000: LR=9.84e-05, Loss=5.65e-03 BER=2.03e-03 FER=4.26e-02
2025-10-25 22:14:31,168 | INFO | Epoch 162 Train Time 73.20072102546692s

2025-10-25 22:15:55,996 | INFO | Training epoch 163, Batch 1000/1000: LR=9.84e-05, Loss=5.62e-03 BER=2.01e-03 FER=4.23e-02
2025-10-25 22:15:56,073 | INFO | Epoch 163 Train Time 84.90395259857178s

2025-10-25 22:17:10,838 | INFO | Training epoch 164, Batch 1000/1000: LR=9.84e-05, Loss=5.69e-03 BER=2.05e-03 FER=4.32e-02
2025-10-25 22:17:10,911 | INFO | Epoch 164 Train Time 74.83678936958313s

2025-10-25 22:18:19,200 | INFO | Training epoch 165, Batch 1000/1000: LR=9.84e-05, Loss=5.65e-03 BER=2.02e-03 FER=4.24e-02
2025-10-25 22:18:19,296 | INFO | Epoch 165 Train Time 68.38338088989258s

2025-10-25 22:19:40,886 | INFO | Training epoch 166, Batch 1000/1000: LR=9.83e-05, Loss=5.66e-03 BER=2.03e-03 FER=4.25e-02
2025-10-25 22:19:40,947 | INFO | Epoch 166 Train Time 81.64883017539978s

2025-10-25 22:20:59,419 | INFO | Training epoch 167, Batch 1000/1000: LR=9.83e-05, Loss=5.72e-03 BER=2.06e-03 FER=4.29e-02
2025-10-25 22:20:59,507 | INFO | Epoch 167 Train Time 78.55876970291138s

2025-10-25 22:22:10,388 | INFO | Training epoch 168, Batch 1000/1000: LR=9.83e-05, Loss=5.69e-03 BER=2.04e-03 FER=4.29e-02
2025-10-25 22:22:10,462 | INFO | Epoch 168 Train Time 70.95292282104492s

2025-10-25 22:23:27,132 | INFO | Training epoch 169, Batch 1000/1000: LR=9.83e-05, Loss=5.72e-03 BER=2.05e-03 FER=4.29e-02
2025-10-25 22:23:27,223 | INFO | Epoch 169 Train Time 76.75901889801025s

2025-10-25 22:24:37,970 | INFO | Training epoch 170, Batch 1000/1000: LR=9.83e-05, Loss=5.66e-03 BER=2.05e-03 FER=4.27e-02
2025-10-25 22:24:38,076 | INFO | Epoch 170 Train Time 70.85103273391724s

2025-10-25 22:25:50,769 | INFO | Training epoch 171, Batch 1000/1000: LR=9.82e-05, Loss=5.67e-03 BER=2.02e-03 FER=4.27e-02
2025-10-25 22:25:50,826 | INFO | Epoch 171 Train Time 72.74814987182617s

2025-10-25 22:27:01,576 | INFO | Training epoch 172, Batch 1000/1000: LR=9.82e-05, Loss=5.59e-03 BER=2.01e-03 FER=4.30e-02
2025-10-25 22:27:01,639 | INFO | Epoch 172 Train Time 70.8113956451416s

2025-10-25 22:28:22,818 | INFO | Training epoch 173, Batch 1000/1000: LR=9.82e-05, Loss=5.59e-03 BER=2.02e-03 FER=4.27e-02
2025-10-25 22:28:22,887 | INFO | Epoch 173 Train Time 81.24774742126465s

2025-10-25 22:29:46,796 | INFO | Training epoch 174, Batch 1000/1000: LR=9.82e-05, Loss=5.63e-03 BER=2.03e-03 FER=4.28e-02
2025-10-25 22:29:46,859 | INFO | Epoch 174 Train Time 83.9701247215271s

2025-10-25 22:31:08,162 | INFO | Training epoch 175, Batch 1000/1000: LR=9.82e-05, Loss=5.69e-03 BER=2.05e-03 FER=4.30e-02
2025-10-25 22:31:08,266 | INFO | Epoch 175 Train Time 81.40581369400024s

2025-10-25 22:32:26,558 | INFO | Training epoch 176, Batch 1000/1000: LR=9.81e-05, Loss=5.55e-03 BER=2.01e-03 FER=4.26e-02
2025-10-25 22:32:26,640 | INFO | Epoch 176 Train Time 78.37316036224365s

2025-10-25 22:33:40,518 | INFO | Training epoch 177, Batch 1000/1000: LR=9.81e-05, Loss=5.62e-03 BER=2.04e-03 FER=4.31e-02
2025-10-25 22:33:40,608 | INFO | Epoch 177 Train Time 73.96531653404236s

2025-10-25 22:35:02,015 | INFO | Training epoch 178, Batch 1000/1000: LR=9.81e-05, Loss=5.67e-03 BER=2.04e-03 FER=4.28e-02
2025-10-25 22:35:02,113 | INFO | Epoch 178 Train Time 81.5019314289093s

2025-10-25 22:36:23,650 | INFO | Training epoch 179, Batch 1000/1000: LR=9.81e-05, Loss=5.65e-03 BER=2.03e-03 FER=4.28e-02
2025-10-25 22:36:23,749 | INFO | Epoch 179 Train Time 81.63357734680176s

2025-10-25 22:37:38,807 | INFO | Training epoch 180, Batch 1000/1000: LR=9.81e-05, Loss=5.60e-03 BER=1.99e-03 FER=4.18e-02
2025-10-25 22:37:38,896 | INFO | Epoch 180 Train Time 75.14476156234741s

2025-10-25 22:38:59,587 | INFO | Training epoch 181, Batch 1000/1000: LR=9.80e-05, Loss=5.66e-03 BER=2.03e-03 FER=4.29e-02
2025-10-25 22:38:59,682 | INFO | Epoch 181 Train Time 80.78260159492493s

2025-10-25 22:40:18,988 | INFO | Training epoch 182, Batch 1000/1000: LR=9.80e-05, Loss=5.68e-03 BER=2.05e-03 FER=4.30e-02
2025-10-25 22:40:19,041 | INFO | Epoch 182 Train Time 79.35807943344116s

2025-10-25 22:41:40,913 | INFO | Training epoch 183, Batch 1000/1000: LR=9.80e-05, Loss=5.54e-03 BER=1.99e-03 FER=4.24e-02
2025-10-25 22:41:41,002 | INFO | Epoch 183 Train Time 81.9593665599823s

2025-10-25 22:43:02,172 | INFO | Training epoch 184, Batch 1000/1000: LR=9.80e-05, Loss=5.68e-03 BER=2.06e-03 FER=4.29e-02
2025-10-25 22:43:02,273 | INFO | Epoch 184 Train Time 81.26878643035889s

2025-10-25 22:44:24,400 | INFO | Training epoch 185, Batch 1000/1000: LR=9.79e-05, Loss=5.64e-03 BER=2.03e-03 FER=4.30e-02
2025-10-25 22:44:24,468 | INFO | Epoch 185 Train Time 82.19442009925842s

2025-10-25 22:45:44,011 | INFO | Training epoch 186, Batch 1000/1000: LR=9.79e-05, Loss=5.77e-03 BER=2.08e-03 FER=4.36e-02
2025-10-25 22:45:44,090 | INFO | Epoch 186 Train Time 79.62102794647217s

2025-10-25 22:47:01,387 | INFO | Training epoch 187, Batch 1000/1000: LR=9.79e-05, Loss=5.67e-03 BER=2.06e-03 FER=4.34e-02
2025-10-25 22:47:01,451 | INFO | Epoch 187 Train Time 77.3596510887146s

2025-10-25 22:48:24,381 | INFO | Training epoch 188, Batch 1000/1000: LR=9.79e-05, Loss=5.56e-03 BER=2.00e-03 FER=4.25e-02
2025-10-25 22:48:24,463 | INFO | Epoch 188 Train Time 83.01066017150879s

2025-10-25 22:49:42,122 | INFO | Training epoch 189, Batch 1000/1000: LR=9.79e-05, Loss=5.63e-03 BER=2.00e-03 FER=4.22e-02
2025-10-25 22:49:42,190 | INFO | Epoch 189 Train Time 77.7254433631897s

2025-10-25 22:51:01,759 | INFO | Training epoch 190, Batch 1000/1000: LR=9.78e-05, Loss=5.62e-03 BER=2.01e-03 FER=4.23e-02
2025-10-25 22:51:01,836 | INFO | Epoch 190 Train Time 79.64320135116577s

2025-10-25 22:52:25,068 | INFO | Training epoch 191, Batch 1000/1000: LR=9.78e-05, Loss=5.67e-03 BER=2.02e-03 FER=4.24e-02
2025-10-25 22:52:25,143 | INFO | Epoch 191 Train Time 83.30342102050781s

2025-10-25 22:53:50,231 | INFO | Training epoch 192, Batch 1000/1000: LR=9.78e-05, Loss=5.69e-03 BER=2.02e-03 FER=4.23e-02
2025-10-25 22:53:50,326 | INFO | Epoch 192 Train Time 85.18092107772827s

2025-10-25 22:55:17,303 | INFO | Training epoch 193, Batch 1000/1000: LR=9.78e-05, Loss=5.61e-03 BER=2.02e-03 FER=4.33e-02
2025-10-25 22:55:17,384 | INFO | Epoch 193 Train Time 87.05579876899719s

2025-10-25 22:56:38,207 | INFO | Training epoch 194, Batch 1000/1000: LR=9.77e-05, Loss=5.64e-03 BER=2.02e-03 FER=4.25e-02
2025-10-25 22:56:38,289 | INFO | Epoch 194 Train Time 80.90445160865784s

2025-10-25 22:57:50,557 | INFO | Training epoch 195, Batch 1000/1000: LR=9.77e-05, Loss=5.51e-03 BER=1.94e-03 FER=4.14e-02
2025-10-25 22:57:50,613 | INFO | Epoch 195 Train Time 72.32173943519592s

2025-10-25 22:58:50,309 | INFO | Training epoch 196, Batch 1000/1000: LR=9.77e-05, Loss=5.62e-03 BER=2.01e-03 FER=4.23e-02
2025-10-25 22:58:50,403 | INFO | Epoch 196 Train Time 59.78851652145386s

2025-10-25 23:00:19,767 | INFO | Training epoch 197, Batch 1000/1000: LR=9.77e-05, Loss=5.70e-03 BER=2.05e-03 FER=4.29e-02
2025-10-25 23:00:19,818 | INFO | Epoch 197 Train Time 89.41445088386536s

2025-10-25 23:01:32,898 | INFO | Training epoch 198, Batch 1000/1000: LR=9.76e-05, Loss=5.73e-03 BER=2.07e-03 FER=4.37e-02
2025-10-25 23:01:32,954 | INFO | Epoch 198 Train Time 73.13364839553833s

2025-10-25 23:02:48,314 | INFO | Training epoch 199, Batch 1000/1000: LR=9.76e-05, Loss=5.70e-03 BER=2.08e-03 FER=4.36e-02
2025-10-25 23:02:48,369 | INFO | Epoch 199 Train Time 75.41435766220093s

2025-10-25 23:04:08,222 | INFO | Training epoch 200, Batch 1000/1000: LR=9.76e-05, Loss=5.54e-03 BER=2.01e-03 FER=4.18e-02
2025-10-25 23:04:08,320 | INFO | Epoch 200 Train Time 79.94976305961609s

2025-10-25 23:05:24,728 | INFO | Training epoch 201, Batch 1000/1000: LR=9.76e-05, Loss=5.74e-03 BER=2.03e-03 FER=4.27e-02
2025-10-25 23:05:24,805 | INFO | Epoch 201 Train Time 76.48299026489258s

2025-10-25 23:06:41,683 | INFO | Training epoch 202, Batch 1000/1000: LR=9.76e-05, Loss=5.56e-03 BER=1.98e-03 FER=4.16e-02
2025-10-25 23:06:41,763 | INFO | Epoch 202 Train Time 76.95660281181335s

2025-10-25 23:08:01,105 | INFO | Training epoch 203, Batch 1000/1000: LR=9.75e-05, Loss=5.64e-03 BER=2.02e-03 FER=4.21e-02
2025-10-25 23:08:01,177 | INFO | Epoch 203 Train Time 79.41158127784729s

2025-10-25 23:09:20,116 | INFO | Training epoch 204, Batch 1000/1000: LR=9.75e-05, Loss=5.60e-03 BER=2.01e-03 FER=4.20e-02
2025-10-25 23:09:20,187 | INFO | Epoch 204 Train Time 79.00946164131165s

2025-10-25 23:10:29,198 | INFO | Training epoch 205, Batch 1000/1000: LR=9.75e-05, Loss=5.53e-03 BER=1.99e-03 FER=4.15e-02
2025-10-25 23:10:29,256 | INFO | Epoch 205 Train Time 69.06705904006958s

2025-10-25 23:11:41,779 | INFO | Training epoch 206, Batch 1000/1000: LR=9.75e-05, Loss=5.64e-03 BER=2.02e-03 FER=4.27e-02
2025-10-25 23:11:41,855 | INFO | Epoch 206 Train Time 72.5979790687561s

2025-10-25 23:13:04,804 | INFO | Training epoch 207, Batch 1000/1000: LR=9.74e-05, Loss=5.43e-03 BER=1.94e-03 FER=4.11e-02
2025-10-25 23:13:04,867 | INFO | Epoch 207 Train Time 83.01008152961731s

2025-10-25 23:13:04,868 | INFO | [P2] saving best_model (QAT) with loss 0.005434 at epoch 207
2025-10-25 23:14:20,362 | INFO | Training epoch 208, Batch 1000/1000: LR=9.74e-05, Loss=5.61e-03 BER=2.00e-03 FER=4.20e-02
2025-10-25 23:14:20,424 | INFO | Epoch 208 Train Time 75.47008037567139s

2025-10-25 23:15:35,799 | INFO | Training epoch 209, Batch 1000/1000: LR=9.74e-05, Loss=5.60e-03 BER=2.01e-03 FER=4.19e-02
2025-10-25 23:15:35,870 | INFO | Epoch 209 Train Time 75.4440746307373s

2025-10-25 23:16:50,424 | INFO | Training epoch 210, Batch 1000/1000: LR=9.74e-05, Loss=5.62e-03 BER=2.02e-03 FER=4.24e-02
2025-10-25 23:16:50,483 | INFO | Epoch 210 Train Time 74.61170482635498s

2025-10-25 23:18:04,935 | INFO | Training epoch 211, Batch 1000/1000: LR=9.73e-05, Loss=5.55e-03 BER=1.97e-03 FER=4.17e-02
2025-10-25 23:18:05,010 | INFO | Epoch 211 Train Time 74.52619123458862s

2025-10-25 23:19:21,055 | INFO | Training epoch 212, Batch 1000/1000: LR=9.73e-05, Loss=5.59e-03 BER=1.99e-03 FER=4.21e-02
2025-10-25 23:19:21,137 | INFO | Epoch 212 Train Time 76.12548160552979s

2025-10-25 23:20:37,831 | INFO | Training epoch 213, Batch 1000/1000: LR=9.73e-05, Loss=5.59e-03 BER=2.04e-03 FER=4.24e-02
2025-10-25 23:20:37,926 | INFO | Epoch 213 Train Time 76.7863142490387s

2025-10-25 23:21:54,697 | INFO | Training epoch 214, Batch 1000/1000: LR=9.73e-05, Loss=5.51e-03 BER=1.98e-03 FER=4.17e-02
2025-10-25 23:21:54,764 | INFO | Epoch 214 Train Time 76.83694911003113s

2025-10-25 23:23:11,361 | INFO | Training epoch 215, Batch 1000/1000: LR=9.72e-05, Loss=5.65e-03 BER=2.03e-03 FER=4.26e-02
2025-10-25 23:23:11,456 | INFO | Epoch 215 Train Time 76.6912682056427s

2025-10-25 23:24:20,712 | INFO | Training epoch 216, Batch 1000/1000: LR=9.72e-05, Loss=5.68e-03 BER=2.02e-03 FER=4.29e-02
2025-10-25 23:24:20,766 | INFO | Epoch 216 Train Time 69.30767679214478s

2025-10-25 23:25:39,087 | INFO | Training epoch 217, Batch 1000/1000: LR=9.72e-05, Loss=5.53e-03 BER=2.00e-03 FER=4.21e-02
2025-10-25 23:25:39,185 | INFO | Epoch 217 Train Time 78.41777205467224s

2025-10-25 23:27:05,926 | INFO | Training epoch 218, Batch 1000/1000: LR=9.72e-05, Loss=5.56e-03 BER=1.98e-03 FER=4.19e-02
2025-10-25 23:27:06,009 | INFO | Epoch 218 Train Time 86.82323241233826s

2025-10-25 23:28:14,298 | INFO | Training epoch 219, Batch 1000/1000: LR=9.71e-05, Loss=5.58e-03 BER=2.01e-03 FER=4.22e-02
2025-10-25 23:28:14,353 | INFO | Epoch 219 Train Time 68.33934473991394s

2025-10-25 23:29:30,211 | INFO | Training epoch 220, Batch 1000/1000: LR=9.71e-05, Loss=5.49e-03 BER=1.96e-03 FER=4.12e-02
2025-10-25 23:29:30,283 | INFO | Epoch 220 Train Time 75.92859983444214s

2025-10-25 23:30:45,071 | INFO | Training epoch 221, Batch 1000/1000: LR=9.71e-05, Loss=5.50e-03 BER=1.97e-03 FER=4.13e-02
2025-10-25 23:30:45,149 | INFO | Epoch 221 Train Time 74.86501336097717s

2025-10-25 23:32:14,123 | INFO | Training epoch 222, Batch 1000/1000: LR=9.70e-05, Loss=5.55e-03 BER=1.98e-03 FER=4.17e-02
2025-10-25 23:32:14,216 | INFO | Epoch 222 Train Time 89.06535625457764s

2025-10-25 23:33:31,757 | INFO | Training epoch 223, Batch 1000/1000: LR=9.70e-05, Loss=5.42e-03 BER=1.94e-03 FER=4.10e-02
2025-10-25 23:33:31,848 | INFO | Epoch 223 Train Time 77.63038682937622s

2025-10-25 23:33:31,849 | INFO | [P2] saving best_model (QAT) with loss 0.005420 at epoch 223
2025-10-25 23:34:40,652 | INFO | Training epoch 224, Batch 1000/1000: LR=9.70e-05, Loss=5.70e-03 BER=2.03e-03 FER=4.19e-02
2025-10-25 23:34:40,733 | INFO | Epoch 224 Train Time 68.78393125534058s

2025-10-25 23:35:56,672 | INFO | Training epoch 225, Batch 1000/1000: LR=9.70e-05, Loss=5.63e-03 BER=2.01e-03 FER=4.23e-02
2025-10-25 23:35:56,746 | INFO | Epoch 225 Train Time 76.01188969612122s

2025-10-25 23:37:09,076 | INFO | Training epoch 226, Batch 1000/1000: LR=9.69e-05, Loss=5.44e-03 BER=1.94e-03 FER=4.10e-02
2025-10-25 23:37:09,133 | INFO | Epoch 226 Train Time 72.38615202903748s

2025-10-25 23:38:25,526 | INFO | Training epoch 227, Batch 1000/1000: LR=9.69e-05, Loss=5.67e-03 BER=2.04e-03 FER=4.21e-02
2025-10-25 23:38:25,589 | INFO | Epoch 227 Train Time 76.45533633232117s

2025-10-25 23:39:41,875 | INFO | Training epoch 228, Batch 1000/1000: LR=9.69e-05, Loss=5.61e-03 BER=2.01e-03 FER=4.17e-02
2025-10-25 23:39:41,962 | INFO | Epoch 228 Train Time 76.37107992172241s

2025-10-25 23:40:50,874 | INFO | Training epoch 229, Batch 1000/1000: LR=9.69e-05, Loss=5.73e-03 BER=2.08e-03 FER=4.27e-02
2025-10-25 23:40:50,934 | INFO | Epoch 229 Train Time 68.97090125083923s

2025-10-25 23:42:06,096 | INFO | Training epoch 230, Batch 1000/1000: LR=9.68e-05, Loss=5.45e-03 BER=1.99e-03 FER=4.11e-02
2025-10-25 23:42:06,152 | INFO | Epoch 230 Train Time 75.21740555763245s

2025-10-25 23:43:14,987 | INFO | Training epoch 231, Batch 1000/1000: LR=9.68e-05, Loss=5.67e-03 BER=2.02e-03 FER=4.26e-02
2025-10-25 23:43:15,059 | INFO | Epoch 231 Train Time 68.90632343292236s

2025-10-25 23:44:35,872 | INFO | Training epoch 232, Batch 1000/1000: LR=9.68e-05, Loss=5.64e-03 BER=2.03e-03 FER=4.28e-02
2025-10-25 23:44:35,951 | INFO | Epoch 232 Train Time 80.8904070854187s

2025-10-25 23:45:49,447 | INFO | Training epoch 233, Batch 1000/1000: LR=9.67e-05, Loss=5.56e-03 BER=2.01e-03 FER=4.18e-02
2025-10-25 23:45:49,526 | INFO | Epoch 233 Train Time 73.57401847839355s

2025-10-25 23:47:03,983 | INFO | Training epoch 234, Batch 1000/1000: LR=9.67e-05, Loss=5.70e-03 BER=2.06e-03 FER=4.33e-02
2025-10-25 23:47:04,051 | INFO | Epoch 234 Train Time 74.52409553527832s

2025-10-25 23:48:14,686 | INFO | Training epoch 235, Batch 1000/1000: LR=9.67e-05, Loss=5.59e-03 BER=2.00e-03 FER=4.18e-02
2025-10-25 23:48:14,753 | INFO | Epoch 235 Train Time 70.70115518569946s

2025-10-25 23:49:30,885 | INFO | Training epoch 236, Batch 1000/1000: LR=9.67e-05, Loss=5.60e-03 BER=2.00e-03 FER=4.18e-02
2025-10-25 23:49:30,953 | INFO | Epoch 236 Train Time 76.1989049911499s

2025-10-25 23:50:39,274 | INFO | Training epoch 237, Batch 1000/1000: LR=9.66e-05, Loss=5.51e-03 BER=1.97e-03 FER=4.15e-02
2025-10-25 23:50:39,344 | INFO | Epoch 237 Train Time 68.38948082923889s

2025-10-25 23:51:50,446 | INFO | Training epoch 238, Batch 1000/1000: LR=9.66e-05, Loss=5.76e-03 BER=2.06e-03 FER=4.32e-02
2025-10-25 23:51:50,554 | INFO | Epoch 238 Train Time 71.20636701583862s

2025-10-25 23:53:09,237 | INFO | Training epoch 239, Batch 1000/1000: LR=9.66e-05, Loss=5.41e-03 BER=1.96e-03 FER=4.08e-02
2025-10-25 23:53:09,305 | INFO | Epoch 239 Train Time 78.749764919281s

2025-10-25 23:53:09,305 | INFO | [P2] saving best_model (QAT) with loss 0.005414 at epoch 239
2025-10-25 23:54:22,678 | INFO | Training epoch 240, Batch 1000/1000: LR=9.66e-05, Loss=5.37e-03 BER=1.94e-03 FER=4.10e-02
2025-10-25 23:54:22,750 | INFO | Epoch 240 Train Time 73.36858057975769s

2025-10-25 23:54:22,751 | INFO | [P2] saving best_model (QAT) with loss 0.005365 at epoch 240
2025-10-25 23:55:36,389 | INFO | Training epoch 241, Batch 1000/1000: LR=9.65e-05, Loss=5.53e-03 BER=2.00e-03 FER=4.19e-02
2025-10-25 23:55:36,431 | INFO | Epoch 241 Train Time 73.59735918045044s

2025-10-25 23:56:47,986 | INFO | Training epoch 242, Batch 1000/1000: LR=9.65e-05, Loss=5.47e-03 BER=1.96e-03 FER=4.12e-02
2025-10-25 23:56:48,052 | INFO | Epoch 242 Train Time 71.6203362941742s

2025-10-25 23:58:00,650 | INFO | Training epoch 243, Batch 1000/1000: LR=9.65e-05, Loss=5.51e-03 BER=1.95e-03 FER=4.09e-02
2025-10-25 23:58:00,741 | INFO | Epoch 243 Train Time 72.68767476081848s

2025-10-25 23:59:12,759 | INFO | Training epoch 244, Batch 1000/1000: LR=9.64e-05, Loss=5.59e-03 BER=1.99e-03 FER=4.27e-02
2025-10-25 23:59:12,854 | INFO | Epoch 244 Train Time 72.11200737953186s

2025-10-26 00:00:26,762 | INFO | Training epoch 245, Batch 1000/1000: LR=9.64e-05, Loss=5.59e-03 BER=2.00e-03 FER=4.16e-02
2025-10-26 00:00:26,824 | INFO | Epoch 245 Train Time 73.96793746948242s

2025-10-26 00:01:41,265 | INFO | Training epoch 246, Batch 1000/1000: LR=9.64e-05, Loss=5.54e-03 BER=2.00e-03 FER=4.15e-02
2025-10-26 00:01:41,321 | INFO | Epoch 246 Train Time 74.49560618400574s

2025-10-26 00:02:57,100 | INFO | Training epoch 247, Batch 1000/1000: LR=9.64e-05, Loss=5.50e-03 BER=1.97e-03 FER=4.13e-02
2025-10-26 00:02:57,162 | INFO | Epoch 247 Train Time 75.83996629714966s

2025-10-26 00:04:07,425 | INFO | Training epoch 248, Batch 1000/1000: LR=9.63e-05, Loss=5.38e-03 BER=1.94e-03 FER=4.12e-02
2025-10-26 00:04:07,496 | INFO | Epoch 248 Train Time 70.33239674568176s

2025-10-26 00:05:21,345 | INFO | Training epoch 249, Batch 1000/1000: LR=9.63e-05, Loss=5.74e-03 BER=2.06e-03 FER=4.30e-02
2025-10-26 00:05:21,433 | INFO | Epoch 249 Train Time 73.93458557128906s

2025-10-26 00:06:36,803 | INFO | Training epoch 250, Batch 1000/1000: LR=9.63e-05, Loss=5.51e-03 BER=1.98e-03 FER=4.11e-02
2025-10-26 00:06:36,882 | INFO | Epoch 250 Train Time 75.44750165939331s

2025-10-26 00:07:54,310 | INFO | Training epoch 251, Batch 1000/1000: LR=9.62e-05, Loss=5.53e-03 BER=1.99e-03 FER=4.13e-02
2025-10-26 00:07:54,368 | INFO | Epoch 251 Train Time 77.48564291000366s

2025-10-26 00:09:12,597 | INFO | Training epoch 252, Batch 1000/1000: LR=9.62e-05, Loss=5.43e-03 BER=1.96e-03 FER=4.06e-02
2025-10-26 00:09:12,674 | INFO | Epoch 252 Train Time 78.3042824268341s

2025-10-26 00:10:19,918 | INFO | Training epoch 253, Batch 1000/1000: LR=9.62e-05, Loss=5.63e-03 BER=2.03e-03 FER=4.25e-02
2025-10-26 00:10:19,987 | INFO | Epoch 253 Train Time 67.31030678749084s

2025-10-26 00:11:40,650 | INFO | Training epoch 254, Batch 1000/1000: LR=9.61e-05, Loss=5.49e-03 BER=1.97e-03 FER=4.08e-02
2025-10-26 00:11:40,744 | INFO | Epoch 254 Train Time 80.756338596344s

2025-10-26 00:12:54,442 | INFO | Training epoch 255, Batch 1000/1000: LR=9.61e-05, Loss=5.62e-03 BER=2.04e-03 FER=4.20e-02
2025-10-26 00:12:54,520 | INFO | Epoch 255 Train Time 73.77343392372131s

2025-10-26 00:14:14,725 | INFO | Training epoch 256, Batch 1000/1000: LR=9.61e-05, Loss=5.51e-03 BER=2.00e-03 FER=4.16e-02
2025-10-26 00:14:14,824 | INFO | Epoch 256 Train Time 80.30190300941467s

2025-10-26 00:15:26,000 | INFO | Training epoch 257, Batch 1000/1000: LR=9.61e-05, Loss=5.48e-03 BER=1.96e-03 FER=4.09e-02
2025-10-26 00:15:26,055 | INFO | Epoch 257 Train Time 71.22616457939148s

2025-10-26 00:16:44,605 | INFO | Training epoch 258, Batch 1000/1000: LR=9.60e-05, Loss=5.52e-03 BER=1.99e-03 FER=4.15e-02
2025-10-26 00:16:44,677 | INFO | Epoch 258 Train Time 78.62064218521118s

2025-10-26 00:18:00,454 | INFO | Training epoch 259, Batch 1000/1000: LR=9.60e-05, Loss=5.46e-03 BER=1.96e-03 FER=4.11e-02
2025-10-26 00:18:00,518 | INFO | Epoch 259 Train Time 75.83836007118225s

2025-10-26 00:19:14,628 | INFO | Training epoch 260, Batch 1000/1000: LR=9.60e-05, Loss=5.55e-03 BER=1.99e-03 FER=4.12e-02
2025-10-26 00:19:14,716 | INFO | Epoch 260 Train Time 74.19704532623291s

2025-10-26 00:20:35,032 | INFO | Training epoch 261, Batch 1000/1000: LR=9.59e-05, Loss=5.57e-03 BER=1.98e-03 FER=4.16e-02
2025-10-26 00:20:35,108 | INFO | Epoch 261 Train Time 80.3878288269043s

2025-10-26 00:21:54,921 | INFO | Training epoch 262, Batch 1000/1000: LR=9.59e-05, Loss=5.48e-03 BER=1.98e-03 FER=4.18e-02
2025-10-26 00:21:54,990 | INFO | Epoch 262 Train Time 79.88134741783142s

2025-10-26 00:23:12,443 | INFO | Training epoch 263, Batch 1000/1000: LR=9.59e-05, Loss=5.46e-03 BER=1.99e-03 FER=4.13e-02
2025-10-26 00:23:12,531 | INFO | Epoch 263 Train Time 77.5389997959137s

2025-10-26 00:24:29,141 | INFO | Training epoch 264, Batch 1000/1000: LR=9.58e-05, Loss=5.67e-03 BER=2.03e-03 FER=4.28e-02
2025-10-26 00:24:29,230 | INFO | Epoch 264 Train Time 76.69613099098206s

2025-10-26 00:25:46,071 | INFO | Training epoch 265, Batch 1000/1000: LR=9.58e-05, Loss=5.44e-03 BER=1.94e-03 FER=4.12e-02
2025-10-26 00:25:46,150 | INFO | Epoch 265 Train Time 76.91757464408875s

2025-10-26 00:26:56,768 | INFO | Training epoch 266, Batch 1000/1000: LR=9.58e-05, Loss=5.55e-03 BER=1.99e-03 FER=4.15e-02
2025-10-26 00:26:56,837 | INFO | Epoch 266 Train Time 70.6863648891449s

2025-10-26 00:28:12,150 | INFO | Training epoch 267, Batch 1000/1000: LR=9.57e-05, Loss=5.65e-03 BER=2.02e-03 FER=4.16e-02
2025-10-26 00:28:12,209 | INFO | Epoch 267 Train Time 75.369943857193s

2025-10-26 00:29:28,467 | INFO | Training epoch 268, Batch 1000/1000: LR=9.57e-05, Loss=5.56e-03 BER=1.98e-03 FER=4.12e-02
2025-10-26 00:29:28,516 | INFO | Epoch 268 Train Time 76.30638909339905s

2025-10-26 00:30:44,549 | INFO | Training epoch 269, Batch 1000/1000: LR=9.57e-05, Loss=5.52e-03 BER=1.98e-03 FER=4.09e-02
2025-10-26 00:30:44,643 | INFO | Epoch 269 Train Time 76.12608766555786s

2025-10-26 00:31:58,795 | INFO | Training epoch 270, Batch 1000/1000: LR=9.56e-05, Loss=5.52e-03 BER=1.98e-03 FER=4.06e-02
2025-10-26 00:31:58,857 | INFO | Epoch 270 Train Time 74.21307563781738s

2025-10-26 00:33:11,864 | INFO | Training epoch 271, Batch 1000/1000: LR=9.56e-05, Loss=5.60e-03 BER=1.99e-03 FER=4.20e-02
2025-10-26 00:33:11,955 | INFO | Epoch 271 Train Time 73.0967812538147s

2025-10-26 00:34:21,990 | INFO | Training epoch 272, Batch 1000/1000: LR=9.56e-05, Loss=5.49e-03 BER=1.96e-03 FER=4.11e-02
2025-10-26 00:34:22,050 | INFO | Epoch 272 Train Time 70.09359455108643s

2025-10-26 00:35:39,163 | INFO | Training epoch 273, Batch 1000/1000: LR=9.56e-05, Loss=5.44e-03 BER=1.96e-03 FER=4.11e-02
2025-10-26 00:35:39,282 | INFO | Epoch 273 Train Time 77.23072862625122s

2025-10-26 00:36:55,402 | INFO | Training epoch 274, Batch 1000/1000: LR=9.55e-05, Loss=5.50e-03 BER=1.97e-03 FER=4.08e-02
2025-10-26 00:36:55,484 | INFO | Epoch 274 Train Time 76.19977188110352s

2025-10-26 00:38:14,962 | INFO | Training epoch 275, Batch 1000/1000: LR=9.55e-05, Loss=5.56e-03 BER=1.99e-03 FER=4.17e-02
2025-10-26 00:38:15,047 | INFO | Epoch 275 Train Time 79.55984997749329s

2025-10-26 00:39:30,046 | INFO | Training epoch 276, Batch 1000/1000: LR=9.55e-05, Loss=5.37e-03 BER=1.95e-03 FER=4.12e-02
2025-10-26 00:39:30,136 | INFO | Epoch 276 Train Time 75.08672046661377s

2025-10-26 00:40:42,037 | INFO | Training epoch 277, Batch 1000/1000: LR=9.54e-05, Loss=5.60e-03 BER=2.03e-03 FER=4.13e-02
2025-10-26 00:40:42,139 | INFO | Epoch 277 Train Time 72.00182676315308s

2025-10-26 00:41:58,902 | INFO | Training epoch 278, Batch 1000/1000: LR=9.54e-05, Loss=5.44e-03 BER=1.95e-03 FER=4.05e-02
2025-10-26 00:41:58,975 | INFO | Epoch 278 Train Time 76.83464694023132s

2025-10-26 00:43:09,339 | INFO | Training epoch 279, Batch 1000/1000: LR=9.54e-05, Loss=5.44e-03 BER=1.95e-03 FER=4.08e-02
2025-10-26 00:43:09,421 | INFO | Epoch 279 Train Time 70.44395732879639s

2025-10-26 00:44:18,665 | INFO | Training epoch 280, Batch 1000/1000: LR=9.53e-05, Loss=5.57e-03 BER=2.00e-03 FER=4.18e-02
2025-10-26 00:44:18,733 | INFO | Epoch 280 Train Time 69.31068754196167s

2025-10-26 00:45:30,092 | INFO | Training epoch 281, Batch 1000/1000: LR=9.53e-05, Loss=5.59e-03 BER=2.00e-03 FER=4.12e-02
2025-10-26 00:45:30,180 | INFO | Epoch 281 Train Time 71.44682478904724s

2025-10-26 00:46:40,813 | INFO | Training epoch 282, Batch 1000/1000: LR=9.53e-05, Loss=5.70e-03 BER=2.02e-03 FER=4.16e-02
2025-10-26 00:46:40,882 | INFO | Epoch 282 Train Time 70.69944381713867s

2025-10-26 00:47:48,602 | INFO | Training epoch 283, Batch 1000/1000: LR=9.52e-05, Loss=5.59e-03 BER=1.99e-03 FER=4.16e-02
2025-10-26 00:47:48,668 | INFO | Epoch 283 Train Time 67.78496956825256s

2025-10-26 00:49:05,178 | INFO | Training epoch 284, Batch 1000/1000: LR=9.52e-05, Loss=5.51e-03 BER=1.98e-03 FER=4.09e-02
2025-10-26 00:49:05,258 | INFO | Epoch 284 Train Time 76.58902215957642s

2025-10-26 00:50:21,588 | INFO | Training epoch 285, Batch 1000/1000: LR=9.52e-05, Loss=5.47e-03 BER=1.99e-03 FER=4.13e-02
2025-10-26 00:50:21,686 | INFO | Epoch 285 Train Time 76.42524743080139s

2025-10-26 00:51:27,561 | INFO | Training epoch 286, Batch 1000/1000: LR=9.51e-05, Loss=5.52e-03 BER=1.99e-03 FER=4.13e-02
2025-10-26 00:51:27,653 | INFO | Epoch 286 Train Time 65.96624231338501s

2025-10-26 00:52:35,962 | INFO | Training epoch 287, Batch 1000/1000: LR=9.51e-05, Loss=5.52e-03 BER=1.96e-03 FER=4.14e-02
2025-10-26 00:52:36,053 | INFO | Epoch 287 Train Time 68.39936065673828s

2025-10-26 00:53:42,903 | INFO | Training epoch 288, Batch 1000/1000: LR=9.51e-05, Loss=5.51e-03 BER=2.00e-03 FER=4.13e-02
2025-10-26 00:53:42,968 | INFO | Epoch 288 Train Time 66.91272044181824s

2025-10-26 00:54:57,758 | INFO | Training epoch 289, Batch 1000/1000: LR=9.50e-05, Loss=5.63e-03 BER=2.02e-03 FER=4.20e-02
2025-10-26 00:54:57,847 | INFO | Epoch 289 Train Time 74.87672924995422s

2025-10-26 00:56:09,757 | INFO | Training epoch 290, Batch 1000/1000: LR=9.50e-05, Loss=5.60e-03 BER=2.01e-03 FER=4.17e-02
2025-10-26 00:56:09,819 | INFO | Epoch 290 Train Time 71.97161674499512s

2025-10-26 00:57:22,274 | INFO | Training epoch 291, Batch 1000/1000: LR=9.50e-05, Loss=5.44e-03 BER=1.96e-03 FER=4.05e-02
2025-10-26 00:57:22,350 | INFO | Epoch 291 Train Time 72.52944374084473s

2025-10-26 00:58:34,196 | INFO | Training epoch 292, Batch 1000/1000: LR=9.49e-05, Loss=5.59e-03 BER=1.98e-03 FER=4.12e-02
2025-10-26 00:58:34,254 | INFO | Epoch 292 Train Time 71.90187859535217s

2025-10-26 00:59:49,812 | INFO | Training epoch 293, Batch 1000/1000: LR=9.49e-05, Loss=5.40e-03 BER=1.95e-03 FER=4.08e-02
2025-10-26 00:59:49,898 | INFO | Epoch 293 Train Time 75.64325046539307s

2025-10-26 01:01:00,188 | INFO | Training epoch 294, Batch 1000/1000: LR=9.48e-05, Loss=5.48e-03 BER=1.95e-03 FER=4.11e-02
2025-10-26 01:01:00,255 | INFO | Epoch 294 Train Time 70.3533034324646s

2025-10-26 01:02:11,180 | INFO | Training epoch 295, Batch 1000/1000: LR=9.48e-05, Loss=5.56e-03 BER=1.99e-03 FER=4.14e-02
2025-10-26 01:02:11,261 | INFO | Epoch 295 Train Time 71.00398111343384s

2025-10-26 01:03:24,861 | INFO | Training epoch 296, Batch 1000/1000: LR=9.48e-05, Loss=5.53e-03 BER=1.98e-03 FER=4.12e-02
2025-10-26 01:03:24,928 | INFO | Epoch 296 Train Time 73.6666214466095s

2025-10-26 01:04:37,170 | INFO | Training epoch 297, Batch 1000/1000: LR=9.47e-05, Loss=5.54e-03 BER=1.99e-03 FER=4.16e-02
2025-10-26 01:04:37,216 | INFO | Epoch 297 Train Time 72.28712272644043s

2025-10-26 01:05:52,973 | INFO | Training epoch 298, Batch 1000/1000: LR=9.47e-05, Loss=5.57e-03 BER=2.00e-03 FER=4.13e-02
2025-10-26 01:05:53,040 | INFO | Epoch 298 Train Time 75.82184624671936s

2025-10-26 01:07:17,715 | INFO | Training epoch 299, Batch 1000/1000: LR=9.47e-05, Loss=5.25e-03 BER=1.89e-03 FER=3.92e-02
2025-10-26 01:07:17,784 | INFO | Epoch 299 Train Time 84.74192380905151s

2025-10-26 01:07:17,785 | INFO | [P2] saving best_model (QAT) with loss 0.005250 at epoch 299
2025-10-26 01:08:42,417 | INFO | Training epoch 300, Batch 1000/1000: LR=9.46e-05, Loss=5.61e-03 BER=2.01e-03 FER=4.13e-02
2025-10-26 01:08:42,510 | INFO | Epoch 300 Train Time 84.65685367584229s

2025-10-26 01:09:59,113 | INFO | Training epoch 301, Batch 1000/1000: LR=9.46e-05, Loss=5.66e-03 BER=2.02e-03 FER=4.16e-02
2025-10-26 01:09:59,173 | INFO | Epoch 301 Train Time 76.66070771217346s

2025-10-26 01:11:14,378 | INFO | Training epoch 302, Batch 1000/1000: LR=9.46e-05, Loss=5.42e-03 BER=1.94e-03 FER=4.07e-02
2025-10-26 01:11:14,460 | INFO | Epoch 302 Train Time 75.28627181053162s

2025-10-26 01:12:31,544 | INFO | Training epoch 303, Batch 1000/1000: LR=9.45e-05, Loss=5.60e-03 BER=2.00e-03 FER=4.11e-02
2025-10-26 01:12:31,631 | INFO | Epoch 303 Train Time 77.16982054710388s

2025-10-26 01:13:44,001 | INFO | Training epoch 304, Batch 1000/1000: LR=9.45e-05, Loss=5.35e-03 BER=1.93e-03 FER=4.03e-02
2025-10-26 01:13:44,058 | INFO | Epoch 304 Train Time 72.42505717277527s

2025-10-26 01:14:56,426 | INFO | Training epoch 305, Batch 1000/1000: LR=9.45e-05, Loss=5.41e-03 BER=1.92e-03 FER=4.00e-02
2025-10-26 01:14:56,504 | INFO | Epoch 305 Train Time 72.44402861595154s

2025-10-26 01:16:10,213 | INFO | Training epoch 306, Batch 1000/1000: LR=9.44e-05, Loss=5.38e-03 BER=1.95e-03 FER=4.03e-02
2025-10-26 01:16:10,266 | INFO | Epoch 306 Train Time 73.76067090034485s

2025-10-26 01:17:22,326 | INFO | Training epoch 307, Batch 1000/1000: LR=9.44e-05, Loss=5.43e-03 BER=1.93e-03 FER=4.03e-02
2025-10-26 01:17:22,375 | INFO | Epoch 307 Train Time 72.10842275619507s

2025-10-26 01:18:46,972 | INFO | Training epoch 308, Batch 1000/1000: LR=9.44e-05, Loss=5.37e-03 BER=1.94e-03 FER=4.03e-02
2025-10-26 01:18:47,060 | INFO | Epoch 308 Train Time 84.68243503570557s

2025-10-26 01:20:08,909 | INFO | Training epoch 309, Batch 1000/1000: LR=9.43e-05, Loss=5.45e-03 BER=1.96e-03 FER=4.04e-02
2025-10-26 01:20:09,016 | INFO | Epoch 309 Train Time 81.95552945137024s

2025-10-26 01:21:31,258 | INFO | Training epoch 310, Batch 1000/1000: LR=9.43e-05, Loss=5.46e-03 BER=1.96e-03 FER=4.05e-02
2025-10-26 01:21:31,326 | INFO | Epoch 310 Train Time 82.30776524543762s

2025-10-26 01:22:55,224 | INFO | Training epoch 311, Batch 1000/1000: LR=9.42e-05, Loss=5.57e-03 BER=2.02e-03 FER=4.24e-02
2025-10-26 01:22:55,275 | INFO | Epoch 311 Train Time 83.94838666915894s

2025-10-26 01:24:04,400 | INFO | Training epoch 312, Batch 1000/1000: LR=9.42e-05, Loss=5.53e-03 BER=1.97e-03 FER=4.10e-02
2025-10-26 01:24:04,463 | INFO | Epoch 312 Train Time 69.18716430664062s

2025-10-26 01:25:22,133 | INFO | Training epoch 313, Batch 1000/1000: LR=9.42e-05, Loss=5.54e-03 BER=1.97e-03 FER=4.11e-02
2025-10-26 01:25:22,189 | INFO | Epoch 313 Train Time 77.72401094436646s

2025-10-26 01:26:42,391 | INFO | Training epoch 314, Batch 1000/1000: LR=9.41e-05, Loss=5.53e-03 BER=1.98e-03 FER=4.13e-02
2025-10-26 01:26:42,453 | INFO | Epoch 314 Train Time 80.26187515258789s

2025-10-26 01:27:56,205 | INFO | Training epoch 315, Batch 1000/1000: LR=9.41e-05, Loss=5.46e-03 BER=1.96e-03 FER=4.05e-02
2025-10-26 01:27:56,271 | INFO | Epoch 315 Train Time 73.81721210479736s

2025-10-26 01:29:03,719 | INFO | Training epoch 316, Batch 1000/1000: LR=9.41e-05, Loss=5.44e-03 BER=1.97e-03 FER=4.05e-02
2025-10-26 01:29:03,773 | INFO | Epoch 316 Train Time 67.50092363357544s

2025-10-26 01:30:17,823 | INFO | Training epoch 317, Batch 1000/1000: LR=9.40e-05, Loss=5.42e-03 BER=1.93e-03 FER=4.02e-02
2025-10-26 01:30:17,885 | INFO | Epoch 317 Train Time 74.1095130443573s

2025-10-26 01:31:36,796 | INFO | Training epoch 318, Batch 1000/1000: LR=9.40e-05, Loss=5.45e-03 BER=1.94e-03 FER=4.06e-02
2025-10-26 01:31:36,868 | INFO | Epoch 318 Train Time 78.98180723190308s

2025-10-26 01:32:51,337 | INFO | Training epoch 319, Batch 1000/1000: LR=9.40e-05, Loss=5.47e-03 BER=1.95e-03 FER=4.10e-02
2025-10-26 01:32:51,405 | INFO | Epoch 319 Train Time 74.53435635566711s

2025-10-26 01:34:09,154 | INFO | Training epoch 320, Batch 1000/1000: LR=9.39e-05, Loss=5.36e-03 BER=1.92e-03 FER=4.01e-02
2025-10-26 01:34:09,231 | INFO | Epoch 320 Train Time 77.82522392272949s

2025-10-26 01:35:19,907 | INFO | Training epoch 321, Batch 1000/1000: LR=9.39e-05, Loss=5.65e-03 BER=2.02e-03 FER=4.11e-02
2025-10-26 01:35:19,979 | INFO | Epoch 321 Train Time 70.74613952636719s

2025-10-26 01:36:36,099 | INFO | Training epoch 322, Batch 1000/1000: LR=9.38e-05, Loss=5.50e-03 BER=1.94e-03 FER=4.03e-02
2025-10-26 01:36:36,149 | INFO | Epoch 322 Train Time 76.16790676116943s

2025-10-26 01:37:52,514 | INFO | Training epoch 323, Batch 1000/1000: LR=9.38e-05, Loss=5.46e-03 BER=1.97e-03 FER=4.06e-02
2025-10-26 01:37:52,569 | INFO | Epoch 323 Train Time 76.4195466041565s

2025-10-26 01:39:06,725 | INFO | Training epoch 324, Batch 1000/1000: LR=9.38e-05, Loss=5.44e-03 BER=1.96e-03 FER=4.01e-02
2025-10-26 01:39:06,826 | INFO | Epoch 324 Train Time 74.2550106048584s

2025-10-26 01:40:27,686 | INFO | Training epoch 325, Batch 1000/1000: LR=9.37e-05, Loss=5.54e-03 BER=2.02e-03 FER=4.18e-02
2025-10-26 01:40:27,761 | INFO | Epoch 325 Train Time 80.93391942977905s

2025-10-26 01:41:46,802 | INFO | Training epoch 326, Batch 1000/1000: LR=9.37e-05, Loss=5.50e-03 BER=1.94e-03 FER=4.04e-02
2025-10-26 01:41:46,864 | INFO | Epoch 326 Train Time 79.1001513004303s

2025-10-26 01:42:57,607 | INFO | Training epoch 327, Batch 1000/1000: LR=9.37e-05, Loss=5.45e-03 BER=1.96e-03 FER=4.02e-02
2025-10-26 01:42:57,685 | INFO | Epoch 327 Train Time 70.81923580169678s

2025-10-26 01:44:19,555 | INFO | Training epoch 328, Batch 1000/1000: LR=9.36e-05, Loss=5.61e-03 BER=2.02e-03 FER=4.14e-02
2025-10-26 01:44:19,636 | INFO | Epoch 328 Train Time 81.9501314163208s

2025-10-26 01:45:34,025 | INFO | Training epoch 329, Batch 1000/1000: LR=9.36e-05, Loss=5.45e-03 BER=1.96e-03 FER=4.07e-02
2025-10-26 01:45:34,110 | INFO | Epoch 329 Train Time 74.4728512763977s

2025-10-26 01:46:52,140 | INFO | Training epoch 330, Batch 1000/1000: LR=9.35e-05, Loss=5.50e-03 BER=1.96e-03 FER=4.06e-02
2025-10-26 01:46:52,201 | INFO | Epoch 330 Train Time 78.08862209320068s

2025-10-26 01:48:15,003 | INFO | Training epoch 331, Batch 1000/1000: LR=9.35e-05, Loss=5.46e-03 BER=1.96e-03 FER=4.07e-02
2025-10-26 01:48:15,071 | INFO | Epoch 331 Train Time 82.86967706680298s

2025-10-26 01:49:31,435 | INFO | Training epoch 332, Batch 1000/1000: LR=9.35e-05, Loss=5.45e-03 BER=1.94e-03 FER=4.04e-02
2025-10-26 01:49:31,528 | INFO | Epoch 332 Train Time 76.4549503326416s

2025-10-26 01:50:36,375 | INFO | Training epoch 333, Batch 1000/1000: LR=9.34e-05, Loss=5.51e-03 BER=1.98e-03 FER=4.09e-02
2025-10-26 01:50:36,433 | INFO | Epoch 333 Train Time 64.90353345870972s

2025-10-26 01:51:47,982 | INFO | Training epoch 334, Batch 1000/1000: LR=9.34e-05, Loss=5.47e-03 BER=1.97e-03 FER=4.05e-02
2025-10-26 01:51:48,059 | INFO | Epoch 334 Train Time 71.62494254112244s

2025-10-26 01:52:59,236 | INFO | Training epoch 335, Batch 1000/1000: LR=9.33e-05, Loss=5.54e-03 BER=2.01e-03 FER=4.16e-02
2025-10-26 01:52:59,304 | INFO | Epoch 335 Train Time 71.24390459060669s

2025-10-26 01:54:10,837 | INFO | Training epoch 336, Batch 1000/1000: LR=9.33e-05, Loss=5.40e-03 BER=1.96e-03 FER=4.07e-02
2025-10-26 01:54:10,893 | INFO | Epoch 336 Train Time 71.58686971664429s

2025-10-26 01:55:23,985 | INFO | Training epoch 337, Batch 1000/1000: LR=9.33e-05, Loss=5.51e-03 BER=1.99e-03 FER=4.10e-02
2025-10-26 01:55:24,059 | INFO | Epoch 337 Train Time 73.1643717288971s

2025-10-26 01:56:41,001 | INFO | Training epoch 338, Batch 1000/1000: LR=9.32e-05, Loss=5.43e-03 BER=1.97e-03 FER=4.06e-02
2025-10-26 01:56:41,080 | INFO | Epoch 338 Train Time 77.01880764961243s

2025-10-26 01:57:56,284 | INFO | Training epoch 339, Batch 1000/1000: LR=9.32e-05, Loss=5.50e-03 BER=1.98e-03 FER=4.08e-02
2025-10-26 01:57:56,357 | INFO | Epoch 339 Train Time 75.27585339546204s

2025-10-26 01:59:14,781 | INFO | Training epoch 340, Batch 1000/1000: LR=9.31e-05, Loss=5.57e-03 BER=2.00e-03 FER=4.11e-02
2025-10-26 01:59:14,842 | INFO | Epoch 340 Train Time 78.48213911056519s

2025-10-26 02:00:25,406 | INFO | Training epoch 341, Batch 1000/1000: LR=9.31e-05, Loss=5.48e-03 BER=1.94e-03 FER=4.04e-02
2025-10-26 02:00:25,496 | INFO | Epoch 341 Train Time 70.65300750732422s

2025-10-26 02:01:35,159 | INFO | Training epoch 342, Batch 1000/1000: LR=9.31e-05, Loss=5.44e-03 BER=1.96e-03 FER=4.06e-02
2025-10-26 02:01:35,259 | INFO | Epoch 342 Train Time 69.76138424873352s

2025-10-26 02:02:51,302 | INFO | Training epoch 343, Batch 1000/1000: LR=9.30e-05, Loss=5.51e-03 BER=1.97e-03 FER=4.09e-02
2025-10-26 02:02:51,359 | INFO | Epoch 343 Train Time 76.0979790687561s

2025-10-26 02:04:12,017 | INFO | Training epoch 344, Batch 1000/1000: LR=9.30e-05, Loss=5.45e-03 BER=1.94e-03 FER=3.97e-02
2025-10-26 02:04:12,059 | INFO | Epoch 344 Train Time 80.69889426231384s

2025-10-26 02:05:19,953 | INFO | Training epoch 345, Batch 1000/1000: LR=9.29e-05, Loss=5.30e-03 BER=1.90e-03 FER=3.95e-02
2025-10-26 02:05:20,012 | INFO | Epoch 345 Train Time 67.95223379135132s

2025-10-26 02:06:38,565 | INFO | Training epoch 346, Batch 1000/1000: LR=9.29e-05, Loss=5.49e-03 BER=2.00e-03 FER=4.06e-02
2025-10-26 02:06:38,654 | INFO | Epoch 346 Train Time 78.64149975776672s

2025-10-26 02:07:46,691 | INFO | Training epoch 347, Batch 1000/1000: LR=9.29e-05, Loss=5.42e-03 BER=1.93e-03 FER=4.02e-02
2025-10-26 02:07:46,748 | INFO | Epoch 347 Train Time 68.09111213684082s

2025-10-26 02:08:54,592 | INFO | Training epoch 348, Batch 1000/1000: LR=9.28e-05, Loss=5.51e-03 BER=1.98e-03 FER=4.09e-02
2025-10-26 02:08:54,667 | INFO | Epoch 348 Train Time 67.91774320602417s

2025-10-26 02:10:06,209 | INFO | Training epoch 349, Batch 1000/1000: LR=9.28e-05, Loss=5.50e-03 BER=1.98e-03 FER=4.11e-02
2025-10-26 02:10:06,280 | INFO | Epoch 349 Train Time 71.61181569099426s

2025-10-26 02:11:16,401 | INFO | Training epoch 350, Batch 1000/1000: LR=9.27e-05, Loss=5.40e-03 BER=1.95e-03 FER=4.04e-02
2025-10-26 02:11:16,469 | INFO | Epoch 350 Train Time 70.18723797798157s

2025-10-26 02:12:29,374 | INFO | Training epoch 351, Batch 1000/1000: LR=9.27e-05, Loss=5.53e-03 BER=2.00e-03 FER=4.16e-02
2025-10-26 02:12:29,431 | INFO | Epoch 351 Train Time 72.96036911010742s

2025-10-26 02:13:42,576 | INFO | Training epoch 352, Batch 1000/1000: LR=9.27e-05, Loss=5.48e-03 BER=1.97e-03 FER=4.07e-02
2025-10-26 02:13:42,644 | INFO | Epoch 352 Train Time 73.21128964424133s

2025-10-26 02:15:14,571 | INFO | Training epoch 353, Batch 1000/1000: LR=9.26e-05, Loss=5.42e-03 BER=1.96e-03 FER=4.07e-02
2025-10-26 02:15:14,669 | INFO | Epoch 353 Train Time 92.02275705337524s

2025-10-26 02:16:24,249 | INFO | Training epoch 354, Batch 1000/1000: LR=9.26e-05, Loss=5.44e-03 BER=1.96e-03 FER=4.02e-02
2025-10-26 02:16:24,337 | INFO | Epoch 354 Train Time 69.66552257537842s

2025-10-26 02:17:40,822 | INFO | Training epoch 355, Batch 1000/1000: LR=9.25e-05, Loss=5.48e-03 BER=1.97e-03 FER=4.08e-02
2025-10-26 02:17:40,896 | INFO | Epoch 355 Train Time 76.55683064460754s

2025-10-26 02:18:54,446 | INFO | Training epoch 356, Batch 1000/1000: LR=9.25e-05, Loss=5.45e-03 BER=1.95e-03 FER=4.03e-02
2025-10-26 02:18:54,546 | INFO | Epoch 356 Train Time 73.64869117736816s

2025-10-26 02:20:19,222 | INFO | Training epoch 357, Batch 1000/1000: LR=9.25e-05, Loss=5.64e-03 BER=2.05e-03 FER=4.16e-02
2025-10-26 02:20:19,290 | INFO | Epoch 357 Train Time 84.74207282066345s

2025-10-26 02:21:36,493 | INFO | Training epoch 358, Batch 1000/1000: LR=9.24e-05, Loss=5.41e-03 BER=1.95e-03 FER=4.05e-02
2025-10-26 02:21:36,565 | INFO | Epoch 358 Train Time 77.27357149124146s

2025-10-26 02:22:54,591 | INFO | Training epoch 359, Batch 1000/1000: LR=9.24e-05, Loss=5.38e-03 BER=1.93e-03 FER=3.99e-02
2025-10-26 02:22:54,651 | INFO | Epoch 359 Train Time 78.08490896224976s

2025-10-26 02:24:11,535 | INFO | Training epoch 360, Batch 1000/1000: LR=9.23e-05, Loss=5.37e-03 BER=1.94e-03 FER=4.06e-02
2025-10-26 02:24:11,588 | INFO | Epoch 360 Train Time 76.9345235824585s

2025-10-26 02:25:23,894 | INFO | Training epoch 361, Batch 1000/1000: LR=9.23e-05, Loss=5.44e-03 BER=1.97e-03 FER=4.09e-02
2025-10-26 02:25:23,955 | INFO | Epoch 361 Train Time 72.36592173576355s

2025-10-26 02:26:40,051 | INFO | Training epoch 362, Batch 1000/1000: LR=9.23e-05, Loss=5.51e-03 BER=2.00e-03 FER=4.05e-02
2025-10-26 02:26:40,119 | INFO | Epoch 362 Train Time 76.16257429122925s

2025-10-26 02:27:59,028 | INFO | Training epoch 363, Batch 1000/1000: LR=9.22e-05, Loss=5.42e-03 BER=1.92e-03 FER=3.94e-02
2025-10-26 02:27:59,106 | INFO | Epoch 363 Train Time 78.98582363128662s

2025-10-26 02:29:09,040 | INFO | Training epoch 364, Batch 1000/1000: LR=9.22e-05, Loss=5.57e-03 BER=1.99e-03 FER=4.04e-02
2025-10-26 02:29:09,118 | INFO | Epoch 364 Train Time 70.01090693473816s

2025-10-26 02:30:24,298 | INFO | Training epoch 365, Batch 1000/1000: LR=9.21e-05, Loss=5.25e-03 BER=1.89e-03 FER=3.91e-02
2025-10-26 02:30:24,369 | INFO | Epoch 365 Train Time 75.24943161010742s

2025-10-26 02:30:24,370 | INFO | [P2] saving best_model (QAT) with loss 0.005247 at epoch 365
2025-10-26 02:31:41,061 | INFO | Training epoch 366, Batch 1000/1000: LR=9.21e-05, Loss=5.39e-03 BER=1.93e-03 FER=4.01e-02
2025-10-26 02:31:41,144 | INFO | Epoch 366 Train Time 76.73647379875183s

2025-10-26 02:32:57,343 | INFO | Training epoch 367, Batch 1000/1000: LR=9.20e-05, Loss=5.45e-03 BER=1.96e-03 FER=4.01e-02
2025-10-26 02:32:57,422 | INFO | Epoch 367 Train Time 76.27624917030334s

2025-10-26 02:34:11,055 | INFO | Training epoch 368, Batch 1000/1000: LR=9.20e-05, Loss=5.29e-03 BER=1.90e-03 FER=3.93e-02
2025-10-26 02:34:11,131 | INFO | Epoch 368 Train Time 73.70747137069702s

2025-10-26 02:35:22,483 | INFO | Training epoch 369, Batch 1000/1000: LR=9.20e-05, Loss=5.51e-03 BER=1.99e-03 FER=4.05e-02
2025-10-26 02:35:22,564 | INFO | Epoch 369 Train Time 71.43128609657288s

2025-10-26 02:36:39,733 | INFO | Training epoch 370, Batch 1000/1000: LR=9.19e-05, Loss=5.38e-03 BER=1.92e-03 FER=3.95e-02
2025-10-26 02:36:39,827 | INFO | Epoch 370 Train Time 77.26046705245972s

2025-10-26 02:37:55,649 | INFO | Training epoch 371, Batch 1000/1000: LR=9.19e-05, Loss=5.42e-03 BER=1.96e-03 FER=4.06e-02
2025-10-26 02:37:55,726 | INFO | Epoch 371 Train Time 75.89805793762207s

2025-10-26 02:39:20,188 | INFO | Training epoch 372, Batch 1000/1000: LR=9.18e-05, Loss=5.53e-03 BER=1.99e-03 FER=4.11e-02
2025-10-26 02:39:20,284 | INFO | Epoch 372 Train Time 84.55676293373108s

2025-10-26 02:40:39,130 | INFO | Training epoch 373, Batch 1000/1000: LR=9.18e-05, Loss=5.38e-03 BER=1.94e-03 FER=4.05e-02
2025-10-26 02:40:39,204 | INFO | Epoch 373 Train Time 78.91821384429932s

2025-10-26 02:41:49,614 | INFO | Training epoch 374, Batch 1000/1000: LR=9.17e-05, Loss=5.48e-03 BER=1.97e-03 FER=4.02e-02
2025-10-26 02:41:49,683 | INFO | Epoch 374 Train Time 70.47852563858032s

2025-10-26 02:43:13,829 | INFO | Training epoch 375, Batch 1000/1000: LR=9.17e-05, Loss=5.43e-03 BER=1.93e-03 FER=3.96e-02
2025-10-26 02:43:13,925 | INFO | Epoch 375 Train Time 84.24068999290466s

2025-10-26 02:44:26,967 | INFO | Training epoch 376, Batch 1000/1000: LR=9.17e-05, Loss=5.54e-03 BER=1.97e-03 FER=4.09e-02
2025-10-26 02:44:27,072 | INFO | Epoch 376 Train Time 73.14524960517883s

2025-10-26 02:45:42,711 | INFO | Training epoch 377, Batch 1000/1000: LR=9.16e-05, Loss=5.31e-03 BER=1.92e-03 FER=4.02e-02
2025-10-26 02:45:42,770 | INFO | Epoch 377 Train Time 75.69744539260864s

2025-10-26 02:46:58,928 | INFO | Training epoch 378, Batch 1000/1000: LR=9.16e-05, Loss=5.32e-03 BER=1.91e-03 FER=3.96e-02
2025-10-26 02:46:58,994 | INFO | Epoch 378 Train Time 76.22132730484009s

2025-10-26 02:48:13,724 | INFO | Training epoch 379, Batch 1000/1000: LR=9.15e-05, Loss=5.41e-03 BER=1.92e-03 FER=3.98e-02
2025-10-26 02:48:13,786 | INFO | Epoch 379 Train Time 74.79105710983276s

2025-10-26 02:49:31,644 | INFO | Training epoch 380, Batch 1000/1000: LR=9.15e-05, Loss=5.26e-03 BER=1.88e-03 FER=3.94e-02
2025-10-26 02:49:31,722 | INFO | Epoch 380 Train Time 77.93511080741882s

2025-10-26 02:50:44,003 | INFO | Training epoch 381, Batch 1000/1000: LR=9.14e-05, Loss=5.45e-03 BER=1.97e-03 FER=4.00e-02
2025-10-26 02:50:44,090 | INFO | Epoch 381 Train Time 72.36612057685852s

2025-10-26 02:52:04,749 | INFO | Training epoch 382, Batch 1000/1000: LR=9.14e-05, Loss=5.40e-03 BER=1.93e-03 FER=3.97e-02
2025-10-26 02:52:04,836 | INFO | Epoch 382 Train Time 80.74410247802734s

2025-10-26 02:53:19,382 | INFO | Training epoch 383, Batch 1000/1000: LR=9.14e-05, Loss=5.42e-03 BER=1.94e-03 FER=4.02e-02
2025-10-26 02:53:19,465 | INFO | Epoch 383 Train Time 74.62560820579529s

2025-10-26 02:54:31,614 | INFO | Training epoch 384, Batch 1000/1000: LR=9.13e-05, Loss=5.36e-03 BER=1.92e-03 FER=3.96e-02
2025-10-26 02:54:31,682 | INFO | Epoch 384 Train Time 72.21596837043762s

2025-10-26 02:55:45,363 | INFO | Training epoch 385, Batch 1000/1000: LR=9.13e-05, Loss=5.28e-03 BER=1.90e-03 FER=3.97e-02
2025-10-26 02:55:45,458 | INFO | Epoch 385 Train Time 73.77402997016907s

2025-10-26 02:57:00,845 | INFO | Training epoch 386, Batch 1000/1000: LR=9.12e-05, Loss=5.41e-03 BER=1.94e-03 FER=4.01e-02
2025-10-26 02:57:00,931 | INFO | Epoch 386 Train Time 75.47119617462158s

2025-10-26 02:58:15,009 | INFO | Training epoch 387, Batch 1000/1000: LR=9.12e-05, Loss=5.36e-03 BER=1.92e-03 FER=4.01e-02
2025-10-26 02:58:15,080 | INFO | Epoch 387 Train Time 74.14649963378906s

2025-10-26 02:59:27,623 | INFO | Training epoch 388, Batch 1000/1000: LR=9.11e-05, Loss=5.50e-03 BER=1.97e-03 FER=4.04e-02
2025-10-26 02:59:27,690 | INFO | Epoch 388 Train Time 72.60895037651062s

2025-10-26 03:00:42,298 | INFO | Training epoch 389, Batch 1000/1000: LR=9.11e-05, Loss=5.39e-03 BER=1.93e-03 FER=3.97e-02
2025-10-26 03:00:42,357 | INFO | Epoch 389 Train Time 74.66559195518494s

2025-10-26 03:02:03,437 | INFO | Training epoch 390, Batch 1000/1000: LR=9.10e-05, Loss=5.32e-03 BER=1.92e-03 FER=3.99e-02
2025-10-26 03:02:03,531 | INFO | Epoch 390 Train Time 81.17165541648865s

2025-10-26 03:03:25,122 | INFO | Training epoch 391, Batch 1000/1000: LR=9.10e-05, Loss=5.35e-03 BER=1.93e-03 FER=3.99e-02
2025-10-26 03:03:25,202 | INFO | Epoch 391 Train Time 81.66947793960571s

2025-10-26 03:04:37,263 | INFO | Training epoch 392, Batch 1000/1000: LR=9.10e-05, Loss=5.43e-03 BER=1.96e-03 FER=4.03e-02
2025-10-26 03:04:37,334 | INFO | Epoch 392 Train Time 72.13080358505249s

2025-10-26 03:05:50,439 | INFO | Training epoch 393, Batch 1000/1000: LR=9.09e-05, Loss=5.45e-03 BER=1.95e-03 FER=4.04e-02
2025-10-26 03:05:50,531 | INFO | Epoch 393 Train Time 73.19547820091248s

2025-10-26 03:06:59,749 | INFO | Training epoch 394, Batch 1000/1000: LR=9.09e-05, Loss=5.39e-03 BER=1.93e-03 FER=3.97e-02
2025-10-26 03:06:59,852 | INFO | Epoch 394 Train Time 69.31850099563599s

2025-10-26 03:08:12,604 | INFO | Training epoch 395, Batch 1000/1000: LR=9.08e-05, Loss=5.27e-03 BER=1.87e-03 FER=3.83e-02
2025-10-26 03:08:12,661 | INFO | Epoch 395 Train Time 72.80606722831726s

2025-10-26 03:09:34,464 | INFO | Training epoch 396, Batch 1000/1000: LR=9.08e-05, Loss=5.41e-03 BER=1.93e-03 FER=3.93e-02
2025-10-26 03:09:34,560 | INFO | Epoch 396 Train Time 81.89818525314331s

2025-10-26 03:10:48,940 | INFO | Training epoch 397, Batch 1000/1000: LR=9.07e-05, Loss=5.27e-03 BER=1.88e-03 FER=3.87e-02
2025-10-26 03:10:49,018 | INFO | Epoch 397 Train Time 74.45627760887146s

2025-10-26 03:12:06,309 | INFO | Training epoch 398, Batch 1000/1000: LR=9.07e-05, Loss=5.39e-03 BER=1.92e-03 FER=3.96e-02
2025-10-26 03:12:06,378 | INFO | Epoch 398 Train Time 77.35812473297119s

2025-10-26 03:13:19,029 | INFO | Training epoch 399, Batch 1000/1000: LR=9.06e-05, Loss=5.33e-03 BER=1.93e-03 FER=3.97e-02
2025-10-26 03:13:19,090 | INFO | Epoch 399 Train Time 72.70954012870789s

2025-10-26 03:14:30,413 | INFO | Training epoch 400, Batch 1000/1000: LR=9.06e-05, Loss=5.43e-03 BER=1.97e-03 FER=4.07e-02
2025-10-26 03:14:30,495 | INFO | Epoch 400 Train Time 71.40391325950623s

2025-10-26 03:15:47,642 | INFO | Training epoch 401, Batch 1000/1000: LR=9.05e-05, Loss=5.40e-03 BER=1.92e-03 FER=3.96e-02
2025-10-26 03:15:47,708 | INFO | Epoch 401 Train Time 77.211501121521s

2025-10-26 03:17:06,434 | INFO | Training epoch 402, Batch 1000/1000: LR=9.05e-05, Loss=5.34e-03 BER=1.92e-03 FER=3.93e-02
2025-10-26 03:17:06,513 | INFO | Epoch 402 Train Time 78.80338191986084s

2025-10-26 03:18:23,766 | INFO | Training epoch 403, Batch 1000/1000: LR=9.05e-05, Loss=5.33e-03 BER=1.90e-03 FER=3.95e-02
2025-10-26 03:18:23,833 | INFO | Epoch 403 Train Time 77.31766271591187s

2025-10-26 03:19:36,771 | INFO | Training epoch 404, Batch 1000/1000: LR=9.04e-05, Loss=5.28e-03 BER=1.89e-03 FER=3.84e-02
2025-10-26 03:19:36,867 | INFO | Epoch 404 Train Time 73.03233575820923s

2025-10-26 03:20:51,799 | INFO | Training epoch 405, Batch 1000/1000: LR=9.04e-05, Loss=5.30e-03 BER=1.91e-03 FER=3.90e-02
2025-10-26 03:20:51,888 | INFO | Epoch 405 Train Time 75.01887655258179s

2025-10-26 03:22:05,203 | INFO | Training epoch 406, Batch 1000/1000: LR=9.03e-05, Loss=5.43e-03 BER=1.94e-03 FER=4.02e-02
2025-10-26 03:22:05,313 | INFO | Epoch 406 Train Time 73.42352986335754s

2025-10-26 03:23:15,719 | INFO | Training epoch 407, Batch 1000/1000: LR=9.03e-05, Loss=5.25e-03 BER=1.88e-03 FER=3.89e-02
2025-10-26 03:23:15,812 | INFO | Epoch 407 Train Time 70.49813938140869s

2025-10-26 03:24:23,921 | INFO | Training epoch 408, Batch 1000/1000: LR=9.02e-05, Loss=5.50e-03 BER=1.96e-03 FER=4.03e-02
2025-10-26 03:24:23,992 | INFO | Epoch 408 Train Time 68.17726254463196s

2025-10-26 03:25:38,093 | INFO | Training epoch 409, Batch 1000/1000: LR=9.02e-05, Loss=5.37e-03 BER=1.92e-03 FER=3.95e-02
2025-10-26 03:25:38,181 | INFO | Epoch 409 Train Time 74.1871886253357s

2025-10-26 03:26:49,665 | INFO | Training epoch 410, Batch 1000/1000: LR=9.01e-05, Loss=5.34e-03 BER=1.90e-03 FER=3.94e-02
2025-10-26 03:26:49,745 | INFO | Epoch 410 Train Time 71.56310629844666s

2025-10-26 03:28:02,298 | INFO | Training epoch 411, Batch 1000/1000: LR=9.01e-05, Loss=5.43e-03 BER=1.94e-03 FER=3.96e-02
2025-10-26 03:28:02,365 | INFO | Epoch 411 Train Time 72.61879897117615s

2025-10-26 03:29:15,993 | INFO | Training epoch 412, Batch 1000/1000: LR=9.00e-05, Loss=5.35e-03 BER=1.92e-03 FER=4.00e-02
2025-10-26 03:29:16,058 | INFO | Epoch 412 Train Time 73.69184112548828s

2025-10-26 03:30:28,690 | INFO | Training epoch 413, Batch 1000/1000: LR=9.00e-05, Loss=5.32e-03 BER=1.92e-03 FER=4.02e-02
2025-10-26 03:30:28,763 | INFO | Epoch 413 Train Time 72.70438361167908s

2025-10-26 03:31:37,308 | INFO | Training epoch 414, Batch 1000/1000: LR=8.99e-05, Loss=5.39e-03 BER=1.92e-03 FER=3.93e-02
2025-10-26 03:31:37,370 | INFO | Epoch 414 Train Time 68.60520911216736s

2025-10-26 03:32:52,774 | INFO | Training epoch 415, Batch 1000/1000: LR=8.99e-05, Loss=5.35e-03 BER=1.90e-03 FER=3.94e-02
2025-10-26 03:32:52,875 | INFO | Epoch 415 Train Time 75.50386095046997s

2025-10-26 03:34:03,794 | INFO | Training epoch 416, Batch 1000/1000: LR=8.98e-05, Loss=5.37e-03 BER=1.93e-03 FER=3.94e-02
2025-10-26 03:34:03,858 | INFO | Epoch 416 Train Time 70.97910213470459s

2025-10-26 03:35:22,811 | INFO | Training epoch 417, Batch 1000/1000: LR=8.98e-05, Loss=5.11e-03 BER=1.85e-03 FER=3.83e-02
2025-10-26 03:35:22,904 | INFO | Epoch 417 Train Time 79.04513502120972s

2025-10-26 03:35:22,905 | INFO | [P2] saving best_model (QAT) with loss 0.005108 at epoch 417
2025-10-26 03:36:40,772 | INFO | Training epoch 418, Batch 1000/1000: LR=8.98e-05, Loss=5.43e-03 BER=1.95e-03 FER=3.99e-02
2025-10-26 03:36:40,880 | INFO | Epoch 418 Train Time 77.9194188117981s

2025-10-26 03:37:54,999 | INFO | Training epoch 419, Batch 1000/1000: LR=8.97e-05, Loss=5.29e-03 BER=1.91e-03 FER=3.92e-02
2025-10-26 03:37:55,085 | INFO | Epoch 419 Train Time 74.20425057411194s

2025-10-26 03:39:06,706 | INFO | Training epoch 420, Batch 1000/1000: LR=8.97e-05, Loss=5.28e-03 BER=1.89e-03 FER=3.88e-02
2025-10-26 03:39:06,779 | INFO | Epoch 420 Train Time 71.6926097869873s

2025-10-26 03:40:27,270 | INFO | Training epoch 421, Batch 1000/1000: LR=8.96e-05, Loss=5.23e-03 BER=1.87e-03 FER=3.92e-02
2025-10-26 03:40:27,348 | INFO | Epoch 421 Train Time 80.56744980812073s

2025-10-26 03:41:49,021 | INFO | Training epoch 422, Batch 1000/1000: LR=8.96e-05, Loss=5.30e-03 BER=1.90e-03 FER=3.90e-02
2025-10-26 03:41:49,098 | INFO | Epoch 422 Train Time 81.74850249290466s

2025-10-26 03:43:05,245 | INFO | Training epoch 423, Batch 1000/1000: LR=8.95e-05, Loss=5.45e-03 BER=1.96e-03 FER=4.01e-02
2025-10-26 03:43:05,322 | INFO | Epoch 423 Train Time 76.22114515304565s

2025-10-26 03:44:26,804 | INFO | Training epoch 424, Batch 1000/1000: LR=8.95e-05, Loss=5.18e-03 BER=1.85e-03 FER=3.79e-02
2025-10-26 03:44:26,874 | INFO | Epoch 424 Train Time 81.54936099052429s

2025-10-26 03:45:40,891 | INFO | Training epoch 425, Batch 1000/1000: LR=8.94e-05, Loss=5.52e-03 BER=1.96e-03 FER=4.00e-02
2025-10-26 03:45:40,972 | INFO | Epoch 425 Train Time 74.09704613685608s

2025-10-26 03:46:58,560 | INFO | Training epoch 426, Batch 1000/1000: LR=8.94e-05, Loss=5.23e-03 BER=1.86e-03 FER=3.82e-02
2025-10-26 03:46:58,662 | INFO | Epoch 426 Train Time 77.68863415718079s

2025-10-26 03:48:12,943 | INFO | Training epoch 427, Batch 1000/1000: LR=8.93e-05, Loss=5.31e-03 BER=1.89e-03 FER=3.87e-02
2025-10-26 03:48:13,016 | INFO | Epoch 427 Train Time 74.35221028327942s

2025-10-26 03:49:26,768 | INFO | Training epoch 428, Batch 1000/1000: LR=8.93e-05, Loss=5.35e-03 BER=1.91e-03 FER=3.94e-02
2025-10-26 03:49:26,848 | INFO | Epoch 428 Train Time 73.82886099815369s

2025-10-26 03:50:43,872 | INFO | Training epoch 429, Batch 1000/1000: LR=8.92e-05, Loss=5.34e-03 BER=1.92e-03 FER=3.93e-02
2025-10-26 03:50:43,940 | INFO | Epoch 429 Train Time 77.08897805213928s

2025-10-26 03:51:50,008 | INFO | Training epoch 430, Batch 1000/1000: LR=8.92e-05, Loss=5.28e-03 BER=1.89e-03 FER=3.90e-02
2025-10-26 03:51:50,065 | INFO | Epoch 430 Train Time 66.1237952709198s

2025-10-26 03:53:08,169 | INFO | Training epoch 431, Batch 1000/1000: LR=8.91e-05, Loss=5.31e-03 BER=1.90e-03 FER=3.92e-02
2025-10-26 03:53:08,255 | INFO | Epoch 431 Train Time 78.18968152999878s

2025-10-26 03:54:16,113 | INFO | Training epoch 432, Batch 1000/1000: LR=8.91e-05, Loss=5.30e-03 BER=1.93e-03 FER=3.95e-02
2025-10-26 03:54:16,182 | INFO | Epoch 432 Train Time 67.92622661590576s

2025-10-26 03:55:33,900 | INFO | Training epoch 433, Batch 1000/1000: LR=8.90e-05, Loss=5.28e-03 BER=1.89e-03 FER=3.90e-02
2025-10-26 03:55:33,981 | INFO | Epoch 433 Train Time 77.79706811904907s

2025-10-26 03:56:57,389 | INFO | Training epoch 434, Batch 1000/1000: LR=8.90e-05, Loss=5.26e-03 BER=1.89e-03 FER=3.90e-02
2025-10-26 03:56:57,487 | INFO | Epoch 434 Train Time 83.50375318527222s

2025-10-26 03:58:18,193 | INFO | Training epoch 435, Batch 1000/1000: LR=8.89e-05, Loss=5.32e-03 BER=1.91e-03 FER=3.95e-02
2025-10-26 03:58:18,282 | INFO | Epoch 435 Train Time 80.7919864654541s

2025-10-26 03:59:31,117 | INFO | Training epoch 436, Batch 1000/1000: LR=8.89e-05, Loss=5.20e-03 BER=1.87e-03 FER=3.89e-02
2025-10-26 03:59:31,194 | INFO | Epoch 436 Train Time 72.91065883636475s

2025-10-26 04:00:47,282 | INFO | Training epoch 437, Batch 1000/1000: LR=8.88e-05, Loss=5.17e-03 BER=1.84e-03 FER=3.76e-02
2025-10-26 04:00:47,377 | INFO | Epoch 437 Train Time 76.18177151679993s

2025-10-26 04:02:05,804 | INFO | Training epoch 438, Batch 1000/1000: LR=8.88e-05, Loss=5.35e-03 BER=1.91e-03 FER=4.01e-02
2025-10-26 04:02:05,891 | INFO | Epoch 438 Train Time 78.51268553733826s

2025-10-26 04:03:22,781 | INFO | Training epoch 439, Batch 1000/1000: LR=8.87e-05, Loss=5.31e-03 BER=1.92e-03 FER=3.93e-02
2025-10-26 04:03:22,858 | INFO | Epoch 439 Train Time 76.96483969688416s

2025-10-26 04:04:33,859 | INFO | Training epoch 440, Batch 1000/1000: LR=8.87e-05, Loss=5.27e-03 BER=1.88e-03 FER=3.85e-02
2025-10-26 04:04:33,910 | INFO | Epoch 440 Train Time 71.05046844482422s

2025-10-26 04:05:52,157 | INFO | Training epoch 441, Batch 1000/1000: LR=8.86e-05, Loss=5.30e-03 BER=1.93e-03 FER=3.95e-02
2025-10-26 04:05:52,243 | INFO | Epoch 441 Train Time 78.33258986473083s

2025-10-26 04:07:10,861 | INFO | Training epoch 442, Batch 1000/1000: LR=8.86e-05, Loss=5.19e-03 BER=1.86e-03 FER=3.84e-02
2025-10-26 04:07:10,935 | INFO | Epoch 442 Train Time 78.69023728370667s

2025-10-26 04:08:26,741 | INFO | Training epoch 443, Batch 1000/1000: LR=8.85e-05, Loss=5.28e-03 BER=1.89e-03 FER=3.94e-02
2025-10-26 04:08:26,800 | INFO | Epoch 443 Train Time 75.86356139183044s

2025-10-26 04:09:24,061 | INFO | Training epoch 444, Batch 1000/1000: LR=8.85e-05, Loss=5.44e-03 BER=1.96e-03 FER=3.99e-02
2025-10-26 04:09:24,113 | INFO | Epoch 444 Train Time 57.31208634376526s

2025-10-26 04:10:34,510 | INFO | Training epoch 445, Batch 1000/1000: LR=8.84e-05, Loss=5.51e-03 BER=1.97e-03 FER=4.00e-02
2025-10-26 04:10:34,601 | INFO | Epoch 445 Train Time 70.48714637756348s

2025-10-26 04:11:45,744 | INFO | Training epoch 446, Batch 1000/1000: LR=8.84e-05, Loss=5.31e-03 BER=1.91e-03 FER=3.95e-02
2025-10-26 04:11:45,839 | INFO | Epoch 446 Train Time 71.23655414581299s

2025-10-26 04:13:03,062 | INFO | Training epoch 447, Batch 1000/1000: LR=8.83e-05, Loss=5.24e-03 BER=1.90e-03 FER=3.94e-02
2025-10-26 04:13:03,130 | INFO | Epoch 447 Train Time 77.28983807563782s

2025-10-26 04:14:17,016 | INFO | Training epoch 448, Batch 1000/1000: LR=8.83e-05, Loss=5.37e-03 BER=1.91e-03 FER=3.95e-02
2025-10-26 04:14:17,087 | INFO | Epoch 448 Train Time 73.95412635803223s

2025-10-26 04:15:29,314 | INFO | Training epoch 449, Batch 1000/1000: LR=8.82e-05, Loss=5.31e-03 BER=1.93e-03 FER=3.88e-02
2025-10-26 04:15:29,396 | INFO | Epoch 449 Train Time 72.30891752243042s

2025-10-26 04:16:44,675 | INFO | Training epoch 450, Batch 1000/1000: LR=8.82e-05, Loss=5.14e-03 BER=1.84e-03 FER=3.82e-02
2025-10-26 04:16:44,736 | INFO | Epoch 450 Train Time 75.33740735054016s

2025-10-26 04:17:59,261 | INFO | Training epoch 451, Batch 1000/1000: LR=8.81e-05, Loss=5.48e-03 BER=1.95e-03 FER=4.00e-02
2025-10-26 04:17:59,332 | INFO | Epoch 451 Train Time 74.59432005882263s

2025-10-26 04:19:13,365 | INFO | Training epoch 452, Batch 1000/1000: LR=8.81e-05, Loss=5.23e-03 BER=1.85e-03 FER=3.82e-02
2025-10-26 04:19:13,424 | INFO | Epoch 452 Train Time 74.09082365036011s

2025-10-26 04:20:26,876 | INFO | Training epoch 453, Batch 1000/1000: LR=8.80e-05, Loss=5.18e-03 BER=1.87e-03 FER=3.77e-02
2025-10-26 04:20:26,970 | INFO | Epoch 453 Train Time 73.54512143135071s

2025-10-26 04:21:43,183 | INFO | Training epoch 454, Batch 1000/1000: LR=8.80e-05, Loss=5.30e-03 BER=1.91e-03 FER=3.93e-02
2025-10-26 04:21:43,249 | INFO | Epoch 454 Train Time 76.27794933319092s

2025-10-26 04:22:57,760 | INFO | Training epoch 455, Batch 1000/1000: LR=8.79e-05, Loss=5.26e-03 BER=1.87e-03 FER=3.87e-02
2025-10-26 04:22:57,835 | INFO | Epoch 455 Train Time 74.58489632606506s

2025-10-26 04:24:10,277 | INFO | Training epoch 456, Batch 1000/1000: LR=8.79e-05, Loss=5.24e-03 BER=1.89e-03 FER=3.90e-02
2025-10-26 04:24:10,349 | INFO | Epoch 456 Train Time 72.51202893257141s

2025-10-26 04:25:21,442 | INFO | Training epoch 457, Batch 1000/1000: LR=8.78e-05, Loss=5.33e-03 BER=1.91e-03 FER=3.90e-02
2025-10-26 04:25:21,520 | INFO | Epoch 457 Train Time 71.16855025291443s

2025-10-26 04:26:34,994 | INFO | Training epoch 458, Batch 1000/1000: LR=8.78e-05, Loss=5.43e-03 BER=1.94e-03 FER=3.94e-02
2025-10-26 04:26:35,049 | INFO | Epoch 458 Train Time 73.52836275100708s

2025-10-26 04:27:48,342 | INFO | Training epoch 459, Batch 1000/1000: LR=8.77e-05, Loss=5.42e-03 BER=1.92e-03 FER=3.92e-02
2025-10-26 04:27:48,439 | INFO | Epoch 459 Train Time 73.386971950531s

2025-10-26 04:29:04,136 | INFO | Training epoch 460, Batch 1000/1000: LR=8.77e-05, Loss=5.32e-03 BER=1.91e-03 FER=3.90e-02
2025-10-26 04:29:04,221 | INFO | Epoch 460 Train Time 75.78166699409485s

2025-10-26 04:30:16,787 | INFO | Training epoch 461, Batch 1000/1000: LR=8.76e-05, Loss=5.28e-03 BER=1.86e-03 FER=3.85e-02
2025-10-26 04:30:16,845 | INFO | Epoch 461 Train Time 72.62199759483337s

2025-10-26 04:31:27,269 | INFO | Training epoch 462, Batch 1000/1000: LR=8.76e-05, Loss=5.32e-03 BER=1.91e-03 FER=3.94e-02
2025-10-26 04:31:27,322 | INFO | Epoch 462 Train Time 70.47642207145691s

2025-10-26 04:32:41,780 | INFO | Training epoch 463, Batch 1000/1000: LR=8.75e-05, Loss=5.26e-03 BER=1.90e-03 FER=3.86e-02
2025-10-26 04:32:41,873 | INFO | Epoch 463 Train Time 74.54809427261353s

2025-10-26 04:34:00,525 | INFO | Training epoch 464, Batch 1000/1000: LR=8.75e-05, Loss=5.24e-03 BER=1.89e-03 FER=3.87e-02
2025-10-26 04:34:00,604 | INFO | Epoch 464 Train Time 78.72924733161926s

2025-10-26 04:35:04,369 | INFO | Training epoch 465, Batch 1000/1000: LR=8.74e-05, Loss=5.43e-03 BER=1.96e-03 FER=3.99e-02
2025-10-26 04:35:04,473 | INFO | Epoch 465 Train Time 63.86586356163025s

2025-10-26 04:36:14,278 | INFO | Training epoch 466, Batch 1000/1000: LR=8.74e-05, Loss=5.22e-03 BER=1.87e-03 FER=3.82e-02
2025-10-26 04:36:14,363 | INFO | Epoch 466 Train Time 69.88605380058289s

2025-10-26 04:37:26,898 | INFO | Training epoch 467, Batch 1000/1000: LR=8.73e-05, Loss=5.21e-03 BER=1.86e-03 FER=3.85e-02
2025-10-26 04:37:26,969 | INFO | Epoch 467 Train Time 72.60302591323853s

2025-10-26 04:38:40,363 | INFO | Training epoch 468, Batch 1000/1000: LR=8.73e-05, Loss=5.20e-03 BER=1.89e-03 FER=3.86e-02
2025-10-26 04:38:40,431 | INFO | Epoch 468 Train Time 73.46038269996643s

2025-10-26 04:39:50,638 | INFO | Training epoch 469, Batch 1000/1000: LR=8.72e-05, Loss=5.15e-03 BER=1.85e-03 FER=3.85e-02
2025-10-26 04:39:50,727 | INFO | Epoch 469 Train Time 70.29501175880432s

2025-10-26 04:41:04,155 | INFO | Training epoch 470, Batch 1000/1000: LR=8.72e-05, Loss=5.36e-03 BER=1.91e-03 FER=3.98e-02
2025-10-26 04:41:04,237 | INFO | Epoch 470 Train Time 73.50889945030212s

2025-10-26 04:42:13,939 | INFO | Training epoch 471, Batch 1000/1000: LR=8.71e-05, Loss=5.49e-03 BER=1.94e-03 FER=3.95e-02
2025-10-26 04:42:14,040 | INFO | Epoch 471 Train Time 69.8018069267273s

2025-10-26 04:43:17,266 | INFO | Training epoch 472, Batch 1000/1000: LR=8.71e-05, Loss=5.27e-03 BER=1.90e-03 FER=3.83e-02
2025-10-26 04:43:17,335 | INFO | Epoch 472 Train Time 63.293216705322266s

2025-10-26 04:44:26,750 | INFO | Training epoch 473, Batch 1000/1000: LR=8.70e-05, Loss=5.51e-03 BER=1.98e-03 FER=4.04e-02
2025-10-26 04:44:26,825 | INFO | Epoch 473 Train Time 69.48963046073914s

2025-10-26 04:45:40,625 | INFO | Training epoch 474, Batch 1000/1000: LR=8.70e-05, Loss=5.10e-03 BER=1.83e-03 FER=3.78e-02
2025-10-26 04:45:40,716 | INFO | Epoch 474 Train Time 73.88888573646545s

2025-10-26 04:45:40,716 | INFO | [P2] saving best_model (QAT) with loss 0.005099 at epoch 474
2025-10-26 04:46:49,395 | INFO | Training epoch 475, Batch 1000/1000: LR=8.69e-05, Loss=5.23e-03 BER=1.87e-03 FER=3.88e-02
2025-10-26 04:46:49,451 | INFO | Epoch 475 Train Time 68.63662552833557s

2025-10-26 04:47:58,025 | INFO | Training epoch 476, Batch 1000/1000: LR=8.68e-05, Loss=5.27e-03 BER=1.88e-03 FER=3.88e-02
2025-10-26 04:47:58,111 | INFO | Epoch 476 Train Time 68.65974450111389s

2025-10-26 04:49:09,954 | INFO | Training epoch 477, Batch 1000/1000: LR=8.68e-05, Loss=5.39e-03 BER=1.91e-03 FER=3.92e-02
2025-10-26 04:49:10,026 | INFO | Epoch 477 Train Time 71.91406297683716s

2025-10-26 04:50:22,829 | INFO | Training epoch 478, Batch 1000/1000: LR=8.67e-05, Loss=5.42e-03 BER=1.95e-03 FER=3.98e-02
2025-10-26 04:50:22,915 | INFO | Epoch 478 Train Time 72.88695096969604s

2025-10-26 04:51:40,570 | INFO | Training epoch 479, Batch 1000/1000: LR=8.67e-05, Loss=5.29e-03 BER=1.93e-03 FER=3.90e-02
2025-10-26 04:51:40,639 | INFO | Epoch 479 Train Time 77.72177267074585s

2025-10-26 04:52:55,212 | INFO | Training epoch 480, Batch 1000/1000: LR=8.66e-05, Loss=5.25e-03 BER=1.88e-03 FER=3.81e-02
2025-10-26 04:52:55,295 | INFO | Epoch 480 Train Time 74.65481305122375s

2025-10-26 04:54:07,229 | INFO | Training epoch 481, Batch 1000/1000: LR=8.66e-05, Loss=5.29e-03 BER=1.91e-03 FER=3.91e-02
2025-10-26 04:54:07,327 | INFO | Epoch 481 Train Time 72.02955198287964s

2025-10-26 04:55:26,608 | INFO | Training epoch 482, Batch 1000/1000: LR=8.65e-05, Loss=5.30e-03 BER=1.92e-03 FER=3.88e-02
2025-10-26 04:55:26,686 | INFO | Epoch 482 Train Time 79.35632276535034s

2025-10-26 04:56:46,685 | INFO | Training epoch 483, Batch 1000/1000: LR=8.65e-05, Loss=5.13e-03 BER=1.85e-03 FER=3.76e-02
2025-10-26 04:56:46,772 | INFO | Epoch 483 Train Time 80.08370399475098s

2025-10-26 04:58:01,099 | INFO | Training epoch 484, Batch 1000/1000: LR=8.64e-05, Loss=5.34e-03 BER=1.92e-03 FER=3.93e-02
2025-10-26 04:58:01,201 | INFO | Epoch 484 Train Time 74.42844104766846s

2025-10-26 04:59:10,928 | INFO | Training epoch 485, Batch 1000/1000: LR=8.64e-05, Loss=5.19e-03 BER=1.85e-03 FER=3.77e-02
2025-10-26 04:59:10,986 | INFO | Epoch 485 Train Time 69.78167009353638s

2025-10-26 05:00:28,022 | INFO | Training epoch 486, Batch 1000/1000: LR=8.63e-05, Loss=5.27e-03 BER=1.87e-03 FER=3.81e-02
2025-10-26 05:00:28,110 | INFO | Epoch 486 Train Time 77.12376880645752s

2025-10-26 05:01:57,535 | INFO | Training epoch 487, Batch 1000/1000: LR=8.63e-05, Loss=5.33e-03 BER=1.91e-03 FER=3.88e-02
2025-10-26 05:01:57,634 | INFO | Epoch 487 Train Time 89.5218071937561s

2025-10-26 05:03:10,632 | INFO | Training epoch 488, Batch 1000/1000: LR=8.62e-05, Loss=5.17e-03 BER=1.86e-03 FER=3.86e-02
2025-10-26 05:03:10,754 | INFO | Epoch 488 Train Time 73.11833024024963s

2025-10-26 05:04:27,513 | INFO | Training epoch 489, Batch 1000/1000: LR=8.62e-05, Loss=5.29e-03 BER=1.92e-03 FER=4.00e-02
2025-10-26 05:04:27,618 | INFO | Epoch 489 Train Time 76.86257886886597s

2025-10-26 05:05:50,336 | INFO | Training epoch 490, Batch 1000/1000: LR=8.61e-05, Loss=5.23e-03 BER=1.87e-03 FER=3.86e-02
2025-10-26 05:05:50,407 | INFO | Epoch 490 Train Time 82.78696870803833s

2025-10-26 05:07:15,134 | INFO | Training epoch 491, Batch 1000/1000: LR=8.60e-05, Loss=5.26e-03 BER=1.90e-03 FER=3.85e-02
2025-10-26 05:07:15,203 | INFO | Epoch 491 Train Time 84.7944598197937s

2025-10-26 05:08:31,819 | INFO | Training epoch 492, Batch 1000/1000: LR=8.60e-05, Loss=5.33e-03 BER=1.94e-03 FER=3.90e-02
2025-10-26 05:08:31,893 | INFO | Epoch 492 Train Time 76.68833684921265s

2025-10-26 05:09:52,201 | INFO | Training epoch 493, Batch 1000/1000: LR=8.59e-05, Loss=5.31e-03 BER=1.91e-03 FER=3.90e-02
2025-10-26 05:09:52,259 | INFO | Epoch 493 Train Time 80.36451244354248s

2025-10-26 05:11:07,034 | INFO | Training epoch 494, Batch 1000/1000: LR=8.59e-05, Loss=5.44e-03 BER=1.92e-03 FER=3.91e-02
2025-10-26 05:11:07,109 | INFO | Epoch 494 Train Time 74.84817886352539s

2025-10-26 05:12:29,179 | INFO | Training epoch 495, Batch 1000/1000: LR=8.58e-05, Loss=5.29e-03 BER=1.91e-03 FER=3.87e-02
2025-10-26 05:12:29,275 | INFO | Epoch 495 Train Time 82.16434216499329s

2025-10-26 05:13:44,608 | INFO | Training epoch 496, Batch 1000/1000: LR=8.58e-05, Loss=5.30e-03 BER=1.90e-03 FER=3.86e-02
2025-10-26 05:13:44,671 | INFO | Epoch 496 Train Time 75.39357161521912s

2025-10-26 05:15:03,520 | INFO | Training epoch 497, Batch 1000/1000: LR=8.57e-05, Loss=5.28e-03 BER=1.90e-03 FER=3.92e-02
2025-10-26 05:15:03,586 | INFO | Epoch 497 Train Time 78.91256976127625s

2025-10-26 05:16:20,722 | INFO | Training epoch 498, Batch 1000/1000: LR=8.57e-05, Loss=5.28e-03 BER=1.92e-03 FER=3.87e-02
2025-10-26 05:16:20,793 | INFO | Epoch 498 Train Time 77.20544505119324s

2025-10-26 05:17:43,658 | INFO | Training epoch 499, Batch 1000/1000: LR=8.56e-05, Loss=5.10e-03 BER=1.85e-03 FER=3.79e-02
2025-10-26 05:17:43,752 | INFO | Epoch 499 Train Time 82.95700025558472s

2025-10-26 05:18:56,776 | INFO | Training epoch 500, Batch 1000/1000: LR=8.56e-05, Loss=5.20e-03 BER=1.85e-03 FER=3.81e-02
2025-10-26 05:18:56,889 | INFO | Epoch 500 Train Time 73.13631749153137s

2025-10-26 05:20:12,361 | INFO | Training epoch 501, Batch 1000/1000: LR=8.55e-05, Loss=5.16e-03 BER=1.86e-03 FER=3.81e-02
2025-10-26 05:20:12,433 | INFO | Epoch 501 Train Time 75.54039120674133s

2025-10-26 05:21:34,388 | INFO | Training epoch 502, Batch 1000/1000: LR=8.54e-05, Loss=5.26e-03 BER=1.90e-03 FER=3.92e-02
2025-10-26 05:21:34,450 | INFO | Epoch 502 Train Time 82.01603651046753s

2025-10-26 05:22:52,892 | INFO | Training epoch 503, Batch 1000/1000: LR=8.54e-05, Loss=5.20e-03 BER=1.88e-03 FER=3.86e-02
2025-10-26 05:22:52,957 | INFO | Epoch 503 Train Time 78.50471210479736s

2025-10-26 05:24:07,297 | INFO | Training epoch 504, Batch 1000/1000: LR=8.53e-05, Loss=5.15e-03 BER=1.87e-03 FER=3.82e-02
2025-10-26 05:24:07,386 | INFO | Epoch 504 Train Time 74.42802619934082s

2025-10-26 05:25:23,852 | INFO | Training epoch 505, Batch 1000/1000: LR=8.53e-05, Loss=5.43e-03 BER=1.95e-03 FER=3.92e-02
2025-10-26 05:25:23,964 | INFO | Epoch 505 Train Time 76.57672882080078s

2025-10-26 05:26:33,186 | INFO | Training epoch 506, Batch 1000/1000: LR=8.52e-05, Loss=5.21e-03 BER=1.86e-03 FER=3.81e-02
2025-10-26 05:26:33,250 | INFO | Epoch 506 Train Time 69.28391933441162s

2025-10-26 05:27:44,384 | INFO | Training epoch 507, Batch 1000/1000: LR=8.52e-05, Loss=5.24e-03 BER=1.88e-03 FER=3.86e-02
2025-10-26 05:27:44,479 | INFO | Epoch 507 Train Time 71.22738528251648s

2025-10-26 05:29:07,271 | INFO | Training epoch 508, Batch 1000/1000: LR=8.51e-05, Loss=5.20e-03 BER=1.88e-03 FER=3.78e-02
2025-10-26 05:29:07,353 | INFO | Epoch 508 Train Time 82.8721878528595s

2025-10-26 05:30:23,585 | INFO | Training epoch 509, Batch 1000/1000: LR=8.51e-05, Loss=5.26e-03 BER=1.88e-03 FER=3.85e-02
2025-10-26 05:30:23,642 | INFO | Epoch 509 Train Time 76.28693222999573s

2025-10-26 05:31:38,064 | INFO | Training epoch 510, Batch 1000/1000: LR=8.50e-05, Loss=5.37e-03 BER=1.91e-03 FER=3.86e-02
2025-10-26 05:31:38,142 | INFO | Epoch 510 Train Time 74.498708486557s

2025-10-26 05:32:56,510 | INFO | Training epoch 511, Batch 1000/1000: LR=8.49e-05, Loss=5.35e-03 BER=1.92e-03 FER=3.94e-02
2025-10-26 05:32:56,589 | INFO | Epoch 511 Train Time 78.44437503814697s

2025-10-26 05:34:14,599 | INFO | Training epoch 512, Batch 1000/1000: LR=8.49e-05, Loss=5.40e-03 BER=1.95e-03 FER=3.99e-02
2025-10-26 05:34:14,673 | INFO | Epoch 512 Train Time 78.08259344100952s

2025-10-26 05:35:27,588 | INFO | Training epoch 513, Batch 1000/1000: LR=8.48e-05, Loss=5.16e-03 BER=1.85e-03 FER=3.81e-02
2025-10-26 05:35:27,665 | INFO | Epoch 513 Train Time 72.99073553085327s

2025-10-26 05:36:45,694 | INFO | Training epoch 514, Batch 1000/1000: LR=8.48e-05, Loss=5.26e-03 BER=1.88e-03 FER=3.82e-02
2025-10-26 05:36:45,749 | INFO | Epoch 514 Train Time 78.08288216590881s

2025-10-26 05:38:04,413 | INFO | Training epoch 515, Batch 1000/1000: LR=8.47e-05, Loss=5.21e-03 BER=1.87e-03 FER=3.89e-02
2025-10-26 05:38:04,479 | INFO | Epoch 515 Train Time 78.7282943725586s

2025-10-26 05:39:18,980 | INFO | Training epoch 516, Batch 1000/1000: LR=8.47e-05, Loss=5.28e-03 BER=1.91e-03 FER=3.90e-02
2025-10-26 05:39:19,065 | INFO | Epoch 516 Train Time 74.5849826335907s

2025-10-26 05:40:34,422 | INFO | Training epoch 517, Batch 1000/1000: LR=8.46e-05, Loss=5.27e-03 BER=1.88e-03 FER=3.85e-02
2025-10-26 05:40:34,526 | INFO | Epoch 517 Train Time 75.45979928970337s

2025-10-26 05:41:56,297 | INFO | Training epoch 518, Batch 1000/1000: LR=8.46e-05, Loss=5.28e-03 BER=1.89e-03 FER=3.87e-02
2025-10-26 05:41:56,382 | INFO | Epoch 518 Train Time 81.85401797294617s

2025-10-26 05:43:11,274 | INFO | Training epoch 519, Batch 1000/1000: LR=8.45e-05, Loss=5.34e-03 BER=1.91e-03 FER=3.84e-02
2025-10-26 05:43:11,356 | INFO | Epoch 519 Train Time 74.97270464897156s

2025-10-26 05:44:31,706 | INFO | Training epoch 520, Batch 1000/1000: LR=8.44e-05, Loss=5.19e-03 BER=1.87e-03 FER=3.83e-02
2025-10-26 05:44:31,767 | INFO | Epoch 520 Train Time 80.40862727165222s

2025-10-26 05:45:52,602 | INFO | Training epoch 521, Batch 1000/1000: LR=8.44e-05, Loss=5.14e-03 BER=1.84e-03 FER=3.77e-02
2025-10-26 05:45:52,672 | INFO | Epoch 521 Train Time 80.90424942970276s

2025-10-26 05:47:09,029 | INFO | Training epoch 522, Batch 1000/1000: LR=8.43e-05, Loss=5.29e-03 BER=1.88e-03 FER=3.84e-02
2025-10-26 05:47:09,113 | INFO | Epoch 522 Train Time 76.43913793563843s

2025-10-26 05:48:28,173 | INFO | Training epoch 523, Batch 1000/1000: LR=8.43e-05, Loss=5.14e-03 BER=1.84e-03 FER=3.80e-02
2025-10-26 05:48:28,235 | INFO | Epoch 523 Train Time 79.11991786956787s

2025-10-26 05:49:50,189 | INFO | Training epoch 524, Batch 1000/1000: LR=8.42e-05, Loss=5.25e-03 BER=1.89e-03 FER=3.88e-02
2025-10-26 05:49:50,282 | INFO | Epoch 524 Train Time 82.04545164108276s

2025-10-26 05:51:09,290 | INFO | Training epoch 525, Batch 1000/1000: LR=8.42e-05, Loss=5.21e-03 BER=1.87e-03 FER=3.82e-02
2025-10-26 05:51:09,370 | INFO | Epoch 525 Train Time 79.08662343025208s

2025-10-26 05:52:22,180 | INFO | Training epoch 526, Batch 1000/1000: LR=8.41e-05, Loss=5.29e-03 BER=1.90e-03 FER=3.84e-02
2025-10-26 05:52:22,260 | INFO | Epoch 526 Train Time 72.88775897026062s

2025-10-26 05:53:43,877 | INFO | Training epoch 527, Batch 1000/1000: LR=8.40e-05, Loss=5.12e-03 BER=1.82e-03 FER=3.75e-02
2025-10-26 05:53:43,930 | INFO | Epoch 527 Train Time 81.66823768615723s

2025-10-26 05:54:54,989 | INFO | Training epoch 528, Batch 1000/1000: LR=8.40e-05, Loss=5.28e-03 BER=1.89e-03 FER=3.85e-02
2025-10-26 05:54:55,080 | INFO | Epoch 528 Train Time 71.14875841140747s

2025-10-26 05:56:15,918 | INFO | Training epoch 529, Batch 1000/1000: LR=8.39e-05, Loss=5.12e-03 BER=1.85e-03 FER=3.74e-02
2025-10-26 05:56:15,991 | INFO | Epoch 529 Train Time 80.90922141075134s

2025-10-26 05:57:29,775 | INFO | Training epoch 530, Batch 1000/1000: LR=8.39e-05, Loss=5.20e-03 BER=1.86e-03 FER=3.79e-02
2025-10-26 05:57:29,854 | INFO | Epoch 530 Train Time 73.86187052726746s

2025-10-26 05:58:52,643 | INFO | Training epoch 531, Batch 1000/1000: LR=8.38e-05, Loss=5.18e-03 BER=1.88e-03 FER=3.82e-02
2025-10-26 05:58:52,719 | INFO | Epoch 531 Train Time 82.86309432983398s

2025-10-26 06:00:12,710 | INFO | Training epoch 532, Batch 1000/1000: LR=8.38e-05, Loss=5.01e-03 BER=1.80e-03 FER=3.71e-02
2025-10-26 06:00:12,795 | INFO | Epoch 532 Train Time 80.07513046264648s

2025-10-26 06:00:12,796 | INFO | [P2] saving best_model (QAT) with loss 0.005008 at epoch 532
2025-10-26 06:01:22,930 | INFO | Training epoch 533, Batch 1000/1000: LR=8.37e-05, Loss=5.22e-03 BER=1.89e-03 FER=3.84e-02
2025-10-26 06:01:23,022 | INFO | Epoch 533 Train Time 70.1454725265503s

2025-10-26 06:02:46,326 | INFO | Training epoch 534, Batch 1000/1000: LR=8.36e-05, Loss=5.25e-03 BER=1.88e-03 FER=3.81e-02
2025-10-26 06:02:46,419 | INFO | Epoch 534 Train Time 83.39372754096985s

2025-10-26 06:04:07,582 | INFO | Training epoch 535, Batch 1000/1000: LR=8.36e-05, Loss=5.12e-03 BER=1.84e-03 FER=3.73e-02
2025-10-26 06:04:07,666 | INFO | Epoch 535 Train Time 81.24308681488037s

2025-10-26 06:05:24,072 | INFO | Training epoch 536, Batch 1000/1000: LR=8.35e-05, Loss=5.21e-03 BER=1.85e-03 FER=3.79e-02
2025-10-26 06:05:24,156 | INFO | Epoch 536 Train Time 76.48614144325256s

2025-10-26 06:06:42,618 | INFO | Training epoch 537, Batch 1000/1000: LR=8.35e-05, Loss=5.12e-03 BER=1.87e-03 FER=3.84e-02
2025-10-26 06:06:42,679 | INFO | Epoch 537 Train Time 78.52198052406311s

2025-10-26 06:08:01,171 | INFO | Training epoch 538, Batch 1000/1000: LR=8.34e-05, Loss=5.19e-03 BER=1.88e-03 FER=3.82e-02
2025-10-26 06:08:01,256 | INFO | Epoch 538 Train Time 78.57356452941895s

2025-10-26 06:09:11,776 | INFO | Training epoch 539, Batch 1000/1000: LR=8.34e-05, Loss=5.12e-03 BER=1.82e-03 FER=3.72e-02
2025-10-26 06:09:11,864 | INFO | Epoch 539 Train Time 70.60563659667969s

2025-10-26 06:10:28,510 | INFO | Training epoch 540, Batch 1000/1000: LR=8.33e-05, Loss=5.21e-03 BER=1.89e-03 FER=3.85e-02
2025-10-26 06:10:28,580 | INFO | Epoch 540 Train Time 76.71290469169617s

2025-10-26 06:11:43,640 | INFO | Training epoch 541, Batch 1000/1000: LR=8.32e-05, Loss=5.13e-03 BER=1.84e-03 FER=3.75e-02
2025-10-26 06:11:43,703 | INFO | Epoch 541 Train Time 75.12066221237183s

2025-10-26 06:13:00,079 | INFO | Training epoch 542, Batch 1000/1000: LR=8.32e-05, Loss=5.04e-03 BER=1.81e-03 FER=3.71e-02
2025-10-26 06:13:00,166 | INFO | Epoch 542 Train Time 76.4619677066803s

2025-10-26 06:14:16,777 | INFO | Training epoch 543, Batch 1000/1000: LR=8.31e-05, Loss=5.21e-03 BER=1.89e-03 FER=3.86e-02
2025-10-26 06:14:16,885 | INFO | Epoch 543 Train Time 76.71639227867126s

2025-10-26 06:15:31,612 | INFO | Training epoch 544, Batch 1000/1000: LR=8.31e-05, Loss=5.16e-03 BER=1.86e-03 FER=3.81e-02
2025-10-26 06:15:31,682 | INFO | Epoch 544 Train Time 74.79365158081055s

2025-10-26 06:16:45,300 | INFO | Training epoch 545, Batch 1000/1000: LR=8.30e-05, Loss=5.21e-03 BER=1.87e-03 FER=3.83e-02
2025-10-26 06:16:45,360 | INFO | Epoch 545 Train Time 73.67723393440247s

2025-10-26 06:18:00,999 | INFO | Training epoch 546, Batch 1000/1000: LR=8.29e-05, Loss=5.25e-03 BER=1.90e-03 FER=3.84e-02
2025-10-26 06:18:01,097 | INFO | Epoch 546 Train Time 75.7353744506836s

2025-10-26 06:19:12,001 | INFO | Training epoch 547, Batch 1000/1000: LR=8.29e-05, Loss=5.26e-03 BER=1.88e-03 FER=3.83e-02
2025-10-26 06:19:12,073 | INFO | Epoch 547 Train Time 70.97479271888733s

2025-10-26 06:20:29,813 | INFO | Training epoch 548, Batch 1000/1000: LR=8.28e-05, Loss=5.10e-03 BER=1.83e-03 FER=3.77e-02
2025-10-26 06:20:29,885 | INFO | Epoch 548 Train Time 77.81009531021118s

2025-10-26 06:21:44,425 | INFO | Training epoch 549, Batch 1000/1000: LR=8.28e-05, Loss=5.22e-03 BER=1.89e-03 FER=3.84e-02
2025-10-26 06:21:44,505 | INFO | Epoch 549 Train Time 74.61921167373657s

2025-10-26 06:23:11,146 | INFO | Training epoch 550, Batch 1000/1000: LR=8.27e-05, Loss=5.23e-03 BER=1.87e-03 FER=3.80e-02
2025-10-26 06:23:11,211 | INFO | Epoch 550 Train Time 86.70479702949524s

2025-10-26 06:24:20,313 | INFO | Training epoch 551, Batch 1000/1000: LR=8.26e-05, Loss=5.25e-03 BER=1.87e-03 FER=3.80e-02
2025-10-26 06:24:20,405 | INFO | Epoch 551 Train Time 69.1926338672638s

2025-10-26 06:25:41,409 | INFO | Training epoch 552, Batch 1000/1000: LR=8.26e-05, Loss=5.15e-03 BER=1.86e-03 FER=3.76e-02
2025-10-26 06:25:41,473 | INFO | Epoch 552 Train Time 81.06658911705017s

2025-10-26 06:26:55,654 | INFO | Training epoch 553, Batch 1000/1000: LR=8.25e-05, Loss=5.25e-03 BER=1.88e-03 FER=3.78e-02
2025-10-26 06:26:55,731 | INFO | Epoch 553 Train Time 74.25672483444214s

2025-10-26 06:28:08,911 | INFO | Training epoch 554, Batch 1000/1000: LR=8.25e-05, Loss=5.24e-03 BER=1.91e-03 FER=3.88e-02
2025-10-26 06:28:08,985 | INFO | Epoch 554 Train Time 73.2516438961029s

2025-10-26 06:29:26,382 | INFO | Training epoch 555, Batch 1000/1000: LR=8.24e-05, Loss=5.32e-03 BER=1.93e-03 FER=3.86e-02
2025-10-26 06:29:26,488 | INFO | Epoch 555 Train Time 77.50206804275513s

2025-10-26 06:30:30,287 | INFO | Training epoch 556, Batch 1000/1000: LR=8.24e-05, Loss=5.14e-03 BER=1.85e-03 FER=3.79e-02
2025-10-26 06:30:30,361 | INFO | Epoch 556 Train Time 63.87019467353821s

2025-10-26 06:31:50,369 | INFO | Training epoch 557, Batch 1000/1000: LR=8.23e-05, Loss=5.23e-03 BER=1.87e-03 FER=3.81e-02
2025-10-26 06:31:50,480 | INFO | Epoch 557 Train Time 80.11725616455078s

2025-10-26 06:33:02,800 | INFO | Training epoch 558, Batch 1000/1000: LR=8.22e-05, Loss=5.20e-03 BER=1.85e-03 FER=3.79e-02
2025-10-26 06:33:02,884 | INFO | Epoch 558 Train Time 72.40312957763672s

2025-10-26 06:34:23,285 | INFO | Training epoch 559, Batch 1000/1000: LR=8.22e-05, Loss=5.18e-03 BER=1.88e-03 FER=3.78e-02
2025-10-26 06:34:23,353 | INFO | Epoch 559 Train Time 80.46612930297852s

2025-10-26 06:35:34,474 | INFO | Training epoch 560, Batch 1000/1000: LR=8.21e-05, Loss=5.21e-03 BER=1.87e-03 FER=3.80e-02
2025-10-26 06:35:34,542 | INFO | Epoch 560 Train Time 71.18722248077393s

2025-10-26 06:36:52,267 | INFO | Training epoch 561, Batch 1000/1000: LR=8.21e-05, Loss=5.14e-03 BER=1.86e-03 FER=3.75e-02
2025-10-26 06:36:52,332 | INFO | Epoch 561 Train Time 77.78822994232178s

2025-10-26 06:38:06,165 | INFO | Training epoch 562, Batch 1000/1000: LR=8.20e-05, Loss=5.12e-03 BER=1.83e-03 FER=3.76e-02
2025-10-26 06:38:06,244 | INFO | Epoch 562 Train Time 73.91091561317444s

2025-10-26 06:39:27,707 | INFO | Training epoch 563, Batch 1000/1000: LR=8.19e-05, Loss=5.22e-03 BER=1.89e-03 FER=3.80e-02
2025-10-26 06:39:27,796 | INFO | Epoch 563 Train Time 81.54999423027039s

2025-10-26 06:40:45,891 | INFO | Training epoch 564, Batch 1000/1000: LR=8.19e-05, Loss=5.17e-03 BER=1.85e-03 FER=3.73e-02
2025-10-26 06:40:45,991 | INFO | Epoch 564 Train Time 78.19203853607178s

2025-10-26 06:42:02,069 | INFO | Training epoch 565, Batch 1000/1000: LR=8.18e-05, Loss=5.14e-03 BER=1.85e-03 FER=3.78e-02
2025-10-26 06:42:02,129 | INFO | Epoch 565 Train Time 76.13663578033447s

2025-10-26 06:43:17,978 | INFO | Training epoch 566, Batch 1000/1000: LR=8.18e-05, Loss=5.21e-03 BER=1.86e-03 FER=3.70e-02
2025-10-26 06:43:18,057 | INFO | Epoch 566 Train Time 75.92497777938843s

2025-10-26 06:44:40,914 | INFO | Training epoch 567, Batch 1000/1000: LR=8.17e-05, Loss=5.17e-03 BER=1.84e-03 FER=3.74e-02
2025-10-26 06:44:40,959 | INFO | Epoch 567 Train Time 82.90159130096436s

2025-10-26 06:46:02,998 | INFO | Training epoch 568, Batch 1000/1000: LR=8.16e-05, Loss=5.01e-03 BER=1.79e-03 FER=3.64e-02
2025-10-26 06:46:03,063 | INFO | Epoch 568 Train Time 82.10317516326904s

2025-10-26 06:47:12,364 | INFO | Training epoch 569, Batch 1000/1000: LR=8.16e-05, Loss=5.25e-03 BER=1.90e-03 FER=3.86e-02
2025-10-26 06:47:12,458 | INFO | Epoch 569 Train Time 69.39389085769653s

2025-10-26 06:48:35,178 | INFO | Training epoch 570, Batch 1000/1000: LR=8.15e-05, Loss=5.06e-03 BER=1.83e-03 FER=3.75e-02
2025-10-26 06:48:35,264 | INFO | Epoch 570 Train Time 82.80399346351624s

2025-10-26 06:49:52,977 | INFO | Training epoch 571, Batch 1000/1000: LR=8.14e-05, Loss=5.09e-03 BER=1.85e-03 FER=3.76e-02
2025-10-26 06:49:53,064 | INFO | Epoch 571 Train Time 77.79872560501099s

2025-10-26 06:51:15,032 | INFO | Training epoch 572, Batch 1000/1000: LR=8.14e-05, Loss=5.24e-03 BER=1.91e-03 FER=3.83e-02
2025-10-26 06:51:15,101 | INFO | Epoch 572 Train Time 82.03509521484375s

2025-10-26 06:52:27,097 | INFO | Training epoch 573, Batch 1000/1000: LR=8.13e-05, Loss=5.19e-03 BER=1.85e-03 FER=3.77e-02
2025-10-26 06:52:27,159 | INFO | Epoch 573 Train Time 72.05705618858337s

2025-10-26 06:53:32,573 | INFO | Training epoch 574, Batch 1000/1000: LR=8.13e-05, Loss=5.16e-03 BER=1.85e-03 FER=3.71e-02
2025-10-26 06:53:32,655 | INFO | Epoch 574 Train Time 65.49481153488159s

2025-10-26 06:54:50,173 | INFO | Training epoch 575, Batch 1000/1000: LR=8.12e-05, Loss=5.26e-03 BER=1.89e-03 FER=3.81e-02
2025-10-26 06:54:50,258 | INFO | Epoch 575 Train Time 77.60110855102539s

2025-10-26 06:56:14,079 | INFO | Training epoch 576, Batch 1000/1000: LR=8.11e-05, Loss=5.06e-03 BER=1.83e-03 FER=3.77e-02
2025-10-26 06:56:14,162 | INFO | Epoch 576 Train Time 83.90224266052246s

2025-10-26 06:57:30,822 | INFO | Training epoch 577, Batch 1000/1000: LR=8.11e-05, Loss=5.15e-03 BER=1.84e-03 FER=3.76e-02
2025-10-26 06:57:30,920 | INFO | Epoch 577 Train Time 76.75707006454468s

2025-10-26 06:58:49,692 | INFO | Training epoch 578, Batch 1000/1000: LR=8.10e-05, Loss=5.20e-03 BER=1.87e-03 FER=3.82e-02
2025-10-26 06:58:49,774 | INFO | Epoch 578 Train Time 78.85217928886414s

2025-10-26 07:00:06,977 | INFO | Training epoch 579, Batch 1000/1000: LR=8.10e-05, Loss=5.15e-03 BER=1.86e-03 FER=3.84e-02
2025-10-26 07:00:07,035 | INFO | Epoch 579 Train Time 77.2593719959259s

2025-10-26 07:01:25,897 | INFO | Training epoch 580, Batch 1000/1000: LR=8.09e-05, Loss=5.24e-03 BER=1.88e-03 FER=3.86e-02
2025-10-26 07:01:25,981 | INFO | Epoch 580 Train Time 78.94481062889099s

2025-10-26 07:02:43,564 | INFO | Training epoch 581, Batch 1000/1000: LR=8.08e-05, Loss=5.16e-03 BER=1.84e-03 FER=3.75e-02
2025-10-26 07:02:43,653 | INFO | Epoch 581 Train Time 77.67145562171936s

2025-10-26 07:03:59,867 | INFO | Training epoch 582, Batch 1000/1000: LR=8.08e-05, Loss=5.26e-03 BER=1.88e-03 FER=3.79e-02
2025-10-26 07:03:59,922 | INFO | Epoch 582 Train Time 76.26662468910217s

2025-10-26 07:05:12,382 | INFO | Training epoch 583, Batch 1000/1000: LR=8.07e-05, Loss=5.13e-03 BER=1.82e-03 FER=3.72e-02
2025-10-26 07:05:12,458 | INFO | Epoch 583 Train Time 72.53490877151489s

2025-10-26 07:06:21,988 | INFO | Training epoch 584, Batch 1000/1000: LR=8.07e-05, Loss=5.16e-03 BER=1.86e-03 FER=3.79e-02
2025-10-26 07:06:22,054 | INFO | Epoch 584 Train Time 69.59489727020264s

2025-10-26 07:07:37,045 | INFO | Training epoch 585, Batch 1000/1000: LR=8.06e-05, Loss=5.17e-03 BER=1.85e-03 FER=3.78e-02
2025-10-26 07:07:37,123 | INFO | Epoch 585 Train Time 75.06725573539734s

2025-10-26 07:08:54,602 | INFO | Training epoch 586, Batch 1000/1000: LR=8.05e-05, Loss=5.29e-03 BER=1.89e-03 FER=3.79e-02
2025-10-26 07:08:54,677 | INFO | Epoch 586 Train Time 77.55210018157959s

2025-10-26 07:10:07,118 | INFO | Training epoch 587, Batch 1000/1000: LR=8.05e-05, Loss=5.30e-03 BER=1.91e-03 FER=3.82e-02
2025-10-26 07:10:07,185 | INFO | Epoch 587 Train Time 72.50630855560303s

2025-10-26 07:11:19,493 | INFO | Training epoch 588, Batch 1000/1000: LR=8.04e-05, Loss=5.25e-03 BER=1.90e-03 FER=3.89e-02
2025-10-26 07:11:19,571 | INFO | Epoch 588 Train Time 72.38471746444702s

2025-10-26 07:12:36,273 | INFO | Training epoch 589, Batch 1000/1000: LR=8.03e-05, Loss=5.30e-03 BER=1.91e-03 FER=3.89e-02
2025-10-26 07:12:36,386 | INFO | Epoch 589 Train Time 76.81472635269165s

2025-10-26 07:13:49,195 | INFO | Training epoch 590, Batch 1000/1000: LR=8.03e-05, Loss=5.14e-03 BER=1.85e-03 FER=3.80e-02
2025-10-26 07:13:49,284 | INFO | Epoch 590 Train Time 72.8956618309021s

2025-10-26 07:15:06,686 | INFO | Training epoch 591, Batch 1000/1000: LR=8.02e-05, Loss=5.00e-03 BER=1.81e-03 FER=3.69e-02
2025-10-26 07:15:06,751 | INFO | Epoch 591 Train Time 77.46593761444092s

2025-10-26 07:15:06,753 | INFO | [P2] saving best_model (QAT) with loss 0.004998 at epoch 591
2025-10-26 07:16:24,293 | INFO | Training epoch 592, Batch 1000/1000: LR=8.02e-05, Loss=5.28e-03 BER=1.89e-03 FER=3.83e-02
2025-10-26 07:16:24,353 | INFO | Epoch 592 Train Time 77.52949166297913s

2025-10-26 07:17:41,310 | INFO | Training epoch 593, Batch 1000/1000: LR=8.01e-05, Loss=5.17e-03 BER=1.86e-03 FER=3.80e-02
2025-10-26 07:17:41,387 | INFO | Epoch 593 Train Time 77.0321056842804s

2025-10-26 07:19:00,477 | INFO | Training epoch 594, Batch 1000/1000: LR=8.00e-05, Loss=5.07e-03 BER=1.83e-03 FER=3.69e-02
2025-10-26 07:19:00,538 | INFO | Epoch 594 Train Time 79.15004253387451s

2025-10-26 07:20:11,991 | INFO | Training epoch 595, Batch 1000/1000: LR=8.00e-05, Loss=5.18e-03 BER=1.85e-03 FER=3.77e-02
2025-10-26 07:20:12,054 | INFO | Epoch 595 Train Time 71.51451683044434s

2025-10-26 07:21:27,488 | INFO | Training epoch 596, Batch 1000/1000: LR=7.99e-05, Loss=5.26e-03 BER=1.89e-03 FER=3.84e-02
2025-10-26 07:21:27,572 | INFO | Epoch 596 Train Time 75.51677393913269s

2025-10-26 07:22:41,694 | INFO | Training epoch 597, Batch 1000/1000: LR=7.98e-05, Loss=5.31e-03 BER=1.90e-03 FER=3.83e-02
2025-10-26 07:22:41,752 | INFO | Epoch 597 Train Time 74.1785569190979s

2025-10-26 07:23:56,492 | INFO | Training epoch 598, Batch 1000/1000: LR=7.98e-05, Loss=5.04e-03 BER=1.82e-03 FER=3.73e-02
2025-10-26 07:23:56,574 | INFO | Epoch 598 Train Time 74.82019877433777s

2025-10-26 07:25:12,139 | INFO | Training epoch 599, Batch 1000/1000: LR=7.97e-05, Loss=5.16e-03 BER=1.84e-03 FER=3.75e-02
2025-10-26 07:25:12,209 | INFO | Epoch 599 Train Time 75.63386368751526s

2025-10-26 07:26:30,596 | INFO | Training epoch 600, Batch 1000/1000: LR=7.97e-05, Loss=5.23e-03 BER=1.89e-03 FER=3.84e-02
2025-10-26 07:26:30,665 | INFO | Epoch 600 Train Time 78.45409822463989s

2025-10-26 07:27:49,850 | INFO | Training epoch 601, Batch 1000/1000: LR=7.96e-05, Loss=5.31e-03 BER=1.91e-03 FER=3.83e-02
2025-10-26 07:27:49,930 | INFO | Epoch 601 Train Time 79.26462531089783s

2025-10-26 07:28:58,118 | INFO | Training epoch 602, Batch 1000/1000: LR=7.95e-05, Loss=5.23e-03 BER=1.87e-03 FER=3.79e-02
2025-10-26 07:28:58,194 | INFO | Epoch 602 Train Time 68.26305866241455s

2025-10-26 07:30:16,076 | INFO | Training epoch 603, Batch 1000/1000: LR=7.95e-05, Loss=5.00e-03 BER=1.79e-03 FER=3.66e-02
2025-10-26 07:30:16,139 | INFO | Epoch 603 Train Time 77.94367265701294s

2025-10-26 07:31:34,853 | INFO | Training epoch 604, Batch 1000/1000: LR=7.94e-05, Loss=5.10e-03 BER=1.80e-03 FER=3.68e-02
2025-10-26 07:31:34,960 | INFO | Epoch 604 Train Time 78.8182303905487s

2025-10-26 07:32:56,336 | INFO | Training epoch 605, Batch 1000/1000: LR=7.93e-05, Loss=4.93e-03 BER=1.77e-03 FER=3.62e-02
2025-10-26 07:32:56,407 | INFO | Epoch 605 Train Time 81.446284532547s

2025-10-26 07:32:56,408 | INFO | [P2] saving best_model (QAT) with loss 0.004933 at epoch 605
2025-10-26 07:34:11,670 | INFO | Training epoch 606, Batch 1000/1000: LR=7.93e-05, Loss=5.19e-03 BER=1.84e-03 FER=3.71e-02
2025-10-26 07:34:11,746 | INFO | Epoch 606 Train Time 75.2842903137207s

2025-10-26 07:35:24,769 | INFO | Training epoch 607, Batch 1000/1000: LR=7.92e-05, Loss=5.13e-03 BER=1.85e-03 FER=3.74e-02
2025-10-26 07:35:24,832 | INFO | Epoch 607 Train Time 73.08549571037292s

2025-10-26 07:36:41,500 | INFO | Training epoch 608, Batch 1000/1000: LR=7.92e-05, Loss=5.15e-03 BER=1.86e-03 FER=3.77e-02
2025-10-26 07:36:41,567 | INFO | Epoch 608 Train Time 76.73383927345276s

2025-10-26 07:37:58,793 | INFO | Training epoch 609, Batch 1000/1000: LR=7.91e-05, Loss=5.04e-03 BER=1.80e-03 FER=3.70e-02
2025-10-26 07:37:58,867 | INFO | Epoch 609 Train Time 77.29851984977722s

2025-10-26 07:39:17,892 | INFO | Training epoch 610, Batch 1000/1000: LR=7.90e-05, Loss=5.12e-03 BER=1.82e-03 FER=3.69e-02
2025-10-26 07:39:17,961 | INFO | Epoch 610 Train Time 79.09300088882446s

2025-10-26 07:40:35,625 | INFO | Training epoch 611, Batch 1000/1000: LR=7.90e-05, Loss=5.08e-03 BER=1.83e-03 FER=3.69e-02
2025-10-26 07:40:35,711 | INFO | Epoch 611 Train Time 77.7479772567749s

2025-10-26 07:41:49,977 | INFO | Training epoch 612, Batch 1000/1000: LR=7.89e-05, Loss=5.22e-03 BER=1.86e-03 FER=3.74e-02
2025-10-26 07:41:50,049 | INFO | Epoch 612 Train Time 74.33761310577393s

2025-10-26 07:42:58,501 | INFO | Training epoch 613, Batch 1000/1000: LR=7.88e-05, Loss=5.07e-03 BER=1.81e-03 FER=3.68e-02
2025-10-26 07:42:58,574 | INFO | Epoch 613 Train Time 68.5237045288086s

2025-10-26 07:44:08,224 | INFO | Training epoch 614, Batch 1000/1000: LR=7.88e-05, Loss=5.13e-03 BER=1.83e-03 FER=3.71e-02
2025-10-26 07:44:08,308 | INFO | Epoch 614 Train Time 69.73198533058167s

2025-10-26 07:45:26,882 | INFO | Training epoch 615, Batch 1000/1000: LR=7.87e-05, Loss=5.21e-03 BER=1.85e-03 FER=3.76e-02
2025-10-26 07:45:26,993 | INFO | Epoch 615 Train Time 78.68387651443481s

2025-10-26 07:46:46,017 | INFO | Training epoch 616, Batch 1000/1000: LR=7.86e-05, Loss=5.12e-03 BER=1.85e-03 FER=3.75e-02
2025-10-26 07:46:46,087 | INFO | Epoch 616 Train Time 79.09143781661987s

2025-10-26 07:47:58,909 | INFO | Training epoch 617, Batch 1000/1000: LR=7.86e-05, Loss=5.15e-03 BER=1.85e-03 FER=3.74e-02
2025-10-26 07:47:58,997 | INFO | Epoch 617 Train Time 72.90896797180176s

2025-10-26 07:49:15,355 | INFO | Training epoch 618, Batch 1000/1000: LR=7.85e-05, Loss=5.13e-03 BER=1.83e-03 FER=3.73e-02
2025-10-26 07:49:15,404 | INFO | Epoch 618 Train Time 76.40591955184937s

2025-10-26 07:50:32,658 | INFO | Training epoch 619, Batch 1000/1000: LR=7.85e-05, Loss=5.09e-03 BER=1.83e-03 FER=3.73e-02
2025-10-26 07:50:32,742 | INFO | Epoch 619 Train Time 77.3374080657959s

2025-10-26 07:51:48,130 | INFO | Training epoch 620, Batch 1000/1000: LR=7.84e-05, Loss=5.03e-03 BER=1.82e-03 FER=3.70e-02
2025-10-26 07:51:48,198 | INFO | Epoch 620 Train Time 75.45385122299194s

2025-10-26 07:53:04,805 | INFO | Training epoch 621, Batch 1000/1000: LR=7.83e-05, Loss=5.10e-03 BER=1.85e-03 FER=3.71e-02
2025-10-26 07:53:04,905 | INFO | Epoch 621 Train Time 76.70507717132568s

2025-10-26 07:54:24,624 | INFO | Training epoch 622, Batch 1000/1000: LR=7.83e-05, Loss=5.15e-03 BER=1.84e-03 FER=3.73e-02
2025-10-26 07:54:24,702 | INFO | Epoch 622 Train Time 79.79568815231323s

2025-10-26 07:55:39,516 | INFO | Training epoch 623, Batch 1000/1000: LR=7.82e-05, Loss=5.01e-03 BER=1.77e-03 FER=3.64e-02
2025-10-26 07:55:39,600 | INFO | Epoch 623 Train Time 74.8954586982727s

2025-10-26 07:56:45,373 | INFO | Training epoch 624, Batch 1000/1000: LR=7.81e-05, Loss=5.21e-03 BER=1.89e-03 FER=3.79e-02
2025-10-26 07:56:45,439 | INFO | Epoch 624 Train Time 65.83700180053711s

2025-10-26 07:57:55,347 | INFO | Training epoch 625, Batch 1000/1000: LR=7.81e-05, Loss=5.24e-03 BER=1.87e-03 FER=3.74e-02
2025-10-26 07:57:55,422 | INFO | Epoch 625 Train Time 69.98106026649475s

2025-10-26 07:59:07,893 | INFO | Training epoch 626, Batch 1000/1000: LR=7.80e-05, Loss=5.19e-03 BER=1.86e-03 FER=3.79e-02
2025-10-26 07:59:07,956 | INFO | Epoch 626 Train Time 72.5333468914032s

2025-10-26 08:00:24,590 | INFO | Training epoch 627, Batch 1000/1000: LR=7.79e-05, Loss=5.07e-03 BER=1.79e-03 FER=3.63e-02
2025-10-26 08:00:24,675 | INFO | Epoch 627 Train Time 76.71773934364319s

2025-10-26 08:01:38,814 | INFO | Training epoch 628, Batch 1000/1000: LR=7.79e-05, Loss=5.10e-03 BER=1.86e-03 FER=3.75e-02
2025-10-26 08:01:38,862 | INFO | Epoch 628 Train Time 74.18642902374268s

2025-10-26 08:02:58,384 | INFO | Training epoch 629, Batch 1000/1000: LR=7.78e-05, Loss=5.12e-03 BER=1.84e-03 FER=3.66e-02
2025-10-26 08:02:58,483 | INFO | Epoch 629 Train Time 79.6192102432251s

2025-10-26 08:04:15,879 | INFO | Training epoch 630, Batch 1000/1000: LR=7.77e-05, Loss=5.20e-03 BER=1.85e-03 FER=3.77e-02
2025-10-26 08:04:15,973 | INFO | Epoch 630 Train Time 77.48895788192749s

2025-10-26 08:05:34,215 | INFO | Training epoch 631, Batch 1000/1000: LR=7.77e-05, Loss=5.09e-03 BER=1.84e-03 FER=3.72e-02
2025-10-26 08:05:34,283 | INFO | Epoch 631 Train Time 78.30435109138489s

2025-10-26 08:06:53,065 | INFO | Training epoch 632, Batch 1000/1000: LR=7.76e-05, Loss=5.33e-03 BER=1.90e-03 FER=3.80e-02
2025-10-26 08:06:53,156 | INFO | Epoch 632 Train Time 78.8723521232605s

2025-10-26 08:08:07,224 | INFO | Training epoch 633, Batch 1000/1000: LR=7.75e-05, Loss=5.04e-03 BER=1.80e-03 FER=3.68e-02
2025-10-26 08:08:07,301 | INFO | Epoch 633 Train Time 74.14283394813538s

2025-10-26 08:09:26,138 | INFO | Training epoch 634, Batch 1000/1000: LR=7.75e-05, Loss=5.16e-03 BER=1.87e-03 FER=3.78e-02
2025-10-26 08:09:26,204 | INFO | Epoch 634 Train Time 78.9009096622467s

2025-10-26 08:10:46,276 | INFO | Training epoch 635, Batch 1000/1000: LR=7.74e-05, Loss=5.29e-03 BER=1.89e-03 FER=3.77e-02
2025-10-26 08:10:46,350 | INFO | Epoch 635 Train Time 80.14422798156738s

2025-10-26 08:12:01,382 | INFO | Training epoch 636, Batch 1000/1000: LR=7.74e-05, Loss=5.08e-03 BER=1.82e-03 FER=3.70e-02
2025-10-26 08:12:01,456 | INFO | Epoch 636 Train Time 75.10538911819458s

2025-10-26 08:13:14,203 | INFO | Training epoch 637, Batch 1000/1000: LR=7.73e-05, Loss=5.13e-03 BER=1.84e-03 FER=3.70e-02
2025-10-26 08:13:14,273 | INFO | Epoch 637 Train Time 72.81570434570312s

2025-10-26 08:14:23,523 | INFO | Training epoch 638, Batch 1000/1000: LR=7.72e-05, Loss=5.09e-03 BER=1.82e-03 FER=3.67e-02
2025-10-26 08:14:23,594 | INFO | Epoch 638 Train Time 69.31849241256714s

2025-10-26 08:15:30,218 | INFO | Training epoch 639, Batch 1000/1000: LR=7.72e-05, Loss=4.93e-03 BER=1.76e-03 FER=3.52e-02
2025-10-26 08:15:30,286 | INFO | Epoch 639 Train Time 66.68984317779541s

2025-10-26 08:15:30,287 | INFO | [P2] saving best_model (QAT) with loss 0.004929 at epoch 639
2025-10-26 08:16:49,245 | INFO | Training epoch 640, Batch 1000/1000: LR=7.71e-05, Loss=5.16e-03 BER=1.86e-03 FER=3.75e-02
2025-10-26 08:16:49,328 | INFO | Epoch 640 Train Time 78.9834508895874s

2025-10-26 08:17:59,792 | INFO | Training epoch 641, Batch 1000/1000: LR=7.70e-05, Loss=5.06e-03 BER=1.82e-03 FER=3.70e-02
2025-10-26 08:17:59,850 | INFO | Epoch 641 Train Time 70.51983642578125s

2025-10-26 08:19:12,772 | INFO | Training epoch 642, Batch 1000/1000: LR=7.70e-05, Loss=5.13e-03 BER=1.86e-03 FER=3.74e-02
2025-10-26 08:19:12,858 | INFO | Epoch 642 Train Time 73.0070013999939s

2025-10-26 08:20:27,927 | INFO | Training epoch 643, Batch 1000/1000: LR=7.69e-05, Loss=5.20e-03 BER=1.89e-03 FER=3.82e-02
2025-10-26 08:20:28,006 | INFO | Epoch 643 Train Time 75.14710235595703s

2025-10-26 08:21:51,297 | INFO | Training epoch 644, Batch 1000/1000: LR=7.68e-05, Loss=5.15e-03 BER=1.85e-03 FER=3.72e-02
2025-10-26 08:21:51,399 | INFO | Epoch 644 Train Time 83.39080905914307s

2025-10-26 08:23:11,199 | INFO | Training epoch 645, Batch 1000/1000: LR=7.68e-05, Loss=5.13e-03 BER=1.83e-03 FER=3.70e-02
2025-10-26 08:23:11,269 | INFO | Epoch 645 Train Time 79.86949110031128s

2025-10-26 08:24:30,571 | INFO | Training epoch 646, Batch 1000/1000: LR=7.67e-05, Loss=5.17e-03 BER=1.86e-03 FER=3.78e-02
2025-10-26 08:24:30,669 | INFO | Epoch 646 Train Time 79.39902424812317s

2025-10-26 08:25:49,508 | INFO | Training epoch 647, Batch 1000/1000: LR=7.66e-05, Loss=5.12e-03 BER=1.85e-03 FER=3.73e-02
2025-10-26 08:25:49,589 | INFO | Epoch 647 Train Time 78.91829490661621s

2025-10-26 08:27:06,665 | INFO | Training epoch 648, Batch 1000/1000: LR=7.66e-05, Loss=5.19e-03 BER=1.88e-03 FER=3.83e-02
2025-10-26 08:27:06,748 | INFO | Epoch 648 Train Time 77.15786790847778s

2025-10-26 08:28:32,385 | INFO | Training epoch 649, Batch 1000/1000: LR=7.65e-05, Loss=5.14e-03 BER=1.85e-03 FER=3.72e-02
2025-10-26 08:28:32,462 | INFO | Epoch 649 Train Time 85.71086955070496s

2025-10-26 08:29:54,599 | INFO | Training epoch 650, Batch 1000/1000: LR=7.64e-05, Loss=5.19e-03 BER=1.87e-03 FER=3.75e-02
2025-10-26 08:29:54,652 | INFO | Epoch 650 Train Time 82.18836522102356s

2025-10-26 08:31:14,259 | INFO | Training epoch 651, Batch 1000/1000: LR=7.64e-05, Loss=5.03e-03 BER=1.80e-03 FER=3.66e-02
2025-10-26 08:31:14,355 | INFO | Epoch 651 Train Time 79.70268750190735s

2025-10-26 08:32:39,033 | INFO | Training epoch 652, Batch 1000/1000: LR=7.63e-05, Loss=4.97e-03 BER=1.79e-03 FER=3.59e-02
2025-10-26 08:32:39,122 | INFO | Epoch 652 Train Time 84.76395988464355s

2025-10-26 08:33:53,883 | INFO | Training epoch 653, Batch 1000/1000: LR=7.62e-05, Loss=5.12e-03 BER=1.82e-03 FER=3.68e-02
2025-10-26 08:33:53,948 | INFO | Epoch 653 Train Time 74.82509255409241s

2025-10-26 08:35:12,080 | INFO | Training epoch 654, Batch 1000/1000: LR=7.62e-05, Loss=5.12e-03 BER=1.84e-03 FER=3.73e-02
2025-10-26 08:35:12,153 | INFO | Epoch 654 Train Time 78.2036440372467s

2025-10-26 08:36:30,566 | INFO | Training epoch 655, Batch 1000/1000: LR=7.61e-05, Loss=5.04e-03 BER=1.81e-03 FER=3.66e-02
2025-10-26 08:36:30,654 | INFO | Epoch 655 Train Time 78.49950838088989s

2025-10-26 08:37:49,798 | INFO | Training epoch 656, Batch 1000/1000: LR=7.60e-05, Loss=5.05e-03 BER=1.83e-03 FER=3.69e-02
2025-10-26 08:37:49,857 | INFO | Epoch 656 Train Time 79.20166039466858s

2025-10-26 08:39:05,714 | INFO | Training epoch 657, Batch 1000/1000: LR=7.60e-05, Loss=5.18e-03 BER=1.86e-03 FER=3.71e-02
2025-10-26 08:39:05,827 | INFO | Epoch 657 Train Time 75.96972250938416s

2025-10-26 08:40:29,040 | INFO | Training epoch 658, Batch 1000/1000: LR=7.59e-05, Loss=5.14e-03 BER=1.85e-03 FER=3.71e-02
2025-10-26 08:40:29,130 | INFO | Epoch 658 Train Time 83.3008804321289s

2025-10-26 08:41:41,909 | INFO | Training epoch 659, Batch 1000/1000: LR=7.58e-05, Loss=5.10e-03 BER=1.85e-03 FER=3.72e-02
2025-10-26 08:41:41,993 | INFO | Epoch 659 Train Time 72.86217856407166s

2025-10-26 08:43:01,448 | INFO | Training epoch 660, Batch 1000/1000: LR=7.58e-05, Loss=5.02e-03 BER=1.81e-03 FER=3.67e-02
2025-10-26 08:43:01,541 | INFO | Epoch 660 Train Time 79.54631805419922s

2025-10-26 08:44:21,213 | INFO | Training epoch 661, Batch 1000/1000: LR=7.57e-05, Loss=5.12e-03 BER=1.82e-03 FER=3.70e-02
2025-10-26 08:44:21,273 | INFO | Epoch 661 Train Time 79.73029065132141s

2025-10-26 08:45:37,920 | INFO | Training epoch 662, Batch 1000/1000: LR=7.56e-05, Loss=5.08e-03 BER=1.82e-03 FER=3.69e-02
2025-10-26 08:45:37,999 | INFO | Epoch 662 Train Time 76.7254958152771s

2025-10-26 08:46:58,709 | INFO | Training epoch 663, Batch 1000/1000: LR=7.56e-05, Loss=5.02e-03 BER=1.78e-03 FER=3.61e-02
2025-10-26 08:46:58,812 | INFO | Epoch 663 Train Time 80.81125736236572s

2025-10-26 08:48:15,308 | INFO | Training epoch 664, Batch 1000/1000: LR=7.55e-05, Loss=5.12e-03 BER=1.83e-03 FER=3.67e-02
2025-10-26 08:48:15,408 | INFO | Epoch 664 Train Time 76.5939872264862s

2025-10-26 08:49:40,280 | INFO | Training epoch 665, Batch 1000/1000: LR=7.54e-05, Loss=5.17e-03 BER=1.86e-03 FER=3.72e-02
2025-10-26 08:49:40,356 | INFO | Epoch 665 Train Time 84.94728446006775s

2025-10-26 08:50:56,881 | INFO | Training epoch 666, Batch 1000/1000: LR=7.54e-05, Loss=5.11e-03 BER=1.83e-03 FER=3.72e-02
2025-10-26 08:50:56,969 | INFO | Epoch 666 Train Time 76.61037516593933s

2025-10-26 08:52:05,495 | INFO | Training epoch 667, Batch 1000/1000: LR=7.53e-05, Loss=4.95e-03 BER=1.78e-03 FER=3.62e-02
2025-10-26 08:52:05,567 | INFO | Epoch 667 Train Time 68.5947368144989s

2025-10-26 08:53:17,491 | INFO | Training epoch 668, Batch 1000/1000: LR=7.52e-05, Loss=5.10e-03 BER=1.80e-03 FER=3.74e-02
2025-10-26 08:53:17,565 | INFO | Epoch 668 Train Time 71.99638891220093s

2025-10-26 08:54:35,517 | INFO | Training epoch 669, Batch 1000/1000: LR=7.52e-05, Loss=4.95e-03 BER=1.79e-03 FER=3.61e-02
2025-10-26 08:54:35,593 | INFO | Epoch 669 Train Time 78.02670288085938s

2025-10-26 08:55:59,155 | INFO | Training epoch 670, Batch 1000/1000: LR=7.51e-05, Loss=5.11e-03 BER=1.84e-03 FER=3.73e-02
2025-10-26 08:55:59,245 | INFO | Epoch 670 Train Time 83.65050268173218s

2025-10-26 08:57:11,179 | INFO | Training epoch 671, Batch 1000/1000: LR=7.50e-05, Loss=5.15e-03 BER=1.86e-03 FER=3.76e-02
2025-10-26 08:57:11,274 | INFO | Epoch 671 Train Time 72.02737474441528s

2025-10-26 08:58:31,270 | INFO | Training epoch 672, Batch 1000/1000: LR=7.50e-05, Loss=5.19e-03 BER=1.86e-03 FER=3.72e-02
2025-10-26 08:58:31,367 | INFO | Epoch 672 Train Time 80.09194850921631s

2025-10-26 08:59:39,497 | INFO | Training epoch 673, Batch 1000/1000: LR=7.49e-05, Loss=5.03e-03 BER=1.81e-03 FER=3.70e-02
2025-10-26 08:59:39,561 | INFO | Epoch 673 Train Time 68.19230389595032s

2025-10-26 09:01:00,585 | INFO | Training epoch 674, Batch 1000/1000: LR=7.48e-05, Loss=5.08e-03 BER=1.84e-03 FER=3.71e-02
2025-10-26 09:01:00,658 | INFO | Epoch 674 Train Time 81.09605693817139s

2025-10-26 09:02:11,212 | INFO | Training epoch 675, Batch 1000/1000: LR=7.48e-05, Loss=5.25e-03 BER=1.90e-03 FER=3.85e-02
2025-10-26 09:02:11,298 | INFO | Epoch 675 Train Time 70.63684034347534s

2025-10-26 09:03:20,380 | INFO | Training epoch 676, Batch 1000/1000: LR=7.47e-05, Loss=5.08e-03 BER=1.83e-03 FER=3.71e-02
2025-10-26 09:03:20,457 | INFO | Epoch 676 Train Time 69.15812659263611s

2025-10-26 09:04:35,716 | INFO | Training epoch 677, Batch 1000/1000: LR=7.46e-05, Loss=5.17e-03 BER=1.85e-03 FER=3.72e-02
2025-10-26 09:04:35,785 | INFO | Epoch 677 Train Time 75.3275580406189s

2025-10-26 09:05:53,686 | INFO | Training epoch 678, Batch 1000/1000: LR=7.46e-05, Loss=5.12e-03 BER=1.82e-03 FER=3.65e-02
2025-10-26 09:05:53,781 | INFO | Epoch 678 Train Time 77.99505662918091s

2025-10-26 09:07:07,020 | INFO | Training epoch 679, Batch 1000/1000: LR=7.45e-05, Loss=5.01e-03 BER=1.81e-03 FER=3.72e-02
2025-10-26 09:07:07,091 | INFO | Epoch 679 Train Time 73.30703139305115s

2025-10-26 09:08:25,313 | INFO | Training epoch 680, Batch 1000/1000: LR=7.44e-05, Loss=5.09e-03 BER=1.82e-03 FER=3.70e-02
2025-10-26 09:08:25,398 | INFO | Epoch 680 Train Time 78.30644083023071s

2025-10-26 09:09:39,288 | INFO | Training epoch 681, Batch 1000/1000: LR=7.43e-05, Loss=5.03e-03 BER=1.82e-03 FER=3.66e-02
2025-10-26 09:09:39,366 | INFO | Epoch 681 Train Time 73.96670389175415s

2025-10-26 09:10:53,058 | INFO | Training epoch 682, Batch 1000/1000: LR=7.43e-05, Loss=5.13e-03 BER=1.85e-03 FER=3.66e-02
2025-10-26 09:10:53,120 | INFO | Epoch 682 Train Time 73.75376343727112s

2025-10-26 09:12:11,898 | INFO | Training epoch 683, Batch 1000/1000: LR=7.42e-05, Loss=5.09e-03 BER=1.82e-03 FER=3.69e-02
2025-10-26 09:12:11,959 | INFO | Epoch 683 Train Time 78.83805179595947s

2025-10-26 09:13:29,424 | INFO | Training epoch 684, Batch 1000/1000: LR=7.41e-05, Loss=4.98e-03 BER=1.79e-03 FER=3.66e-02
2025-10-26 09:13:29,511 | INFO | Epoch 684 Train Time 77.55050945281982s

2025-10-26 09:14:44,600 | INFO | Training epoch 685, Batch 1000/1000: LR=7.41e-05, Loss=5.12e-03 BER=1.87e-03 FER=3.76e-02
2025-10-26 09:14:44,696 | INFO | Epoch 685 Train Time 75.18260860443115s

2025-10-26 09:16:05,640 | INFO | Training epoch 686, Batch 1000/1000: LR=7.40e-05, Loss=5.07e-03 BER=1.82e-03 FER=3.74e-02
2025-10-26 09:16:05,728 | INFO | Epoch 686 Train Time 81.03030586242676s

2025-10-26 09:17:23,694 | INFO | Training epoch 687, Batch 1000/1000: LR=7.39e-05, Loss=5.11e-03 BER=1.84e-03 FER=3.67e-02
2025-10-26 09:17:23,756 | INFO | Epoch 687 Train Time 78.02632212638855s

2025-10-26 09:18:38,917 | INFO | Training epoch 688, Batch 1000/1000: LR=7.39e-05, Loss=5.28e-03 BER=1.88e-03 FER=3.78e-02
2025-10-26 09:18:39,004 | INFO | Epoch 688 Train Time 75.24661159515381s

2025-10-26 09:19:57,608 | INFO | Training epoch 689, Batch 1000/1000: LR=7.38e-05, Loss=5.07e-03 BER=1.83e-03 FER=3.72e-02
2025-10-26 09:19:57,668 | INFO | Epoch 689 Train Time 78.6623604297638s

2025-10-26 09:21:07,608 | INFO | Training epoch 690, Batch 1000/1000: LR=7.37e-05, Loss=5.04e-03 BER=1.82e-03 FER=3.69e-02
2025-10-26 09:21:07,684 | INFO | Epoch 690 Train Time 70.01355504989624s

2025-10-26 09:22:15,011 | INFO | Training epoch 691, Batch 1000/1000: LR=7.37e-05, Loss=5.05e-03 BER=1.83e-03 FER=3.66e-02
2025-10-26 09:22:15,085 | INFO | Epoch 691 Train Time 67.39987230300903s

2025-10-26 09:23:28,513 | INFO | Training epoch 692, Batch 1000/1000: LR=7.36e-05, Loss=5.18e-03 BER=1.84e-03 FER=3.66e-02
2025-10-26 09:23:28,601 | INFO | Epoch 692 Train Time 73.51505398750305s

2025-10-26 09:24:42,063 | INFO | Training epoch 693, Batch 1000/1000: LR=7.35e-05, Loss=5.13e-03 BER=1.83e-03 FER=3.65e-02
2025-10-26 09:24:42,140 | INFO | Epoch 693 Train Time 73.53592538833618s

2025-10-26 09:26:01,522 | INFO | Training epoch 694, Batch 1000/1000: LR=7.35e-05, Loss=5.17e-03 BER=1.85e-03 FER=3.72e-02
2025-10-26 09:26:01,589 | INFO | Epoch 694 Train Time 79.44836759567261s

2025-10-26 09:27:19,254 | INFO | Training epoch 695, Batch 1000/1000: LR=7.34e-05, Loss=5.03e-03 BER=1.80e-03 FER=3.65e-02
2025-10-26 09:27:19,322 | INFO | Epoch 695 Train Time 77.73237609863281s

2025-10-26 09:28:29,617 | INFO | Training epoch 696, Batch 1000/1000: LR=7.33e-05, Loss=5.11e-03 BER=1.82e-03 FER=3.66e-02
2025-10-26 09:28:29,690 | INFO | Epoch 696 Train Time 70.36615705490112s

2025-10-26 09:29:46,005 | INFO | Training epoch 697, Batch 1000/1000: LR=7.32e-05, Loss=5.03e-03 BER=1.81e-03 FER=3.65e-02
2025-10-26 09:29:46,072 | INFO | Epoch 697 Train Time 76.3807327747345s

2025-10-26 09:31:07,499 | INFO | Training epoch 698, Batch 1000/1000: LR=7.32e-05, Loss=5.22e-03 BER=1.86e-03 FER=3.78e-02
2025-10-26 09:31:07,571 | INFO | Epoch 698 Train Time 81.49727702140808s

2025-10-26 09:32:23,873 | INFO | Training epoch 699, Batch 1000/1000: LR=7.31e-05, Loss=5.17e-03 BER=1.85e-03 FER=3.73e-02
2025-10-26 09:32:23,942 | INFO | Epoch 699 Train Time 76.36917400360107s

2025-10-26 09:33:33,996 | INFO | Training epoch 700, Batch 1000/1000: LR=7.30e-05, Loss=5.18e-03 BER=1.85e-03 FER=3.71e-02
2025-10-26 09:33:34,071 | INFO | Epoch 700 Train Time 70.12883448600769s

2025-10-26 09:34:47,217 | INFO | Training epoch 701, Batch 1000/1000: LR=7.30e-05, Loss=4.94e-03 BER=1.76e-03 FER=3.56e-02
2025-10-26 09:34:47,298 | INFO | Epoch 701 Train Time 73.22535753250122s

2025-10-26 09:36:04,515 | INFO | Training epoch 702, Batch 1000/1000: LR=7.29e-05, Loss=5.19e-03 BER=1.88e-03 FER=3.75e-02
2025-10-26 09:36:04,590 | INFO | Epoch 702 Train Time 77.28886771202087s

2025-10-26 09:37:13,732 | INFO | Training epoch 703, Batch 1000/1000: LR=7.28e-05, Loss=4.87e-03 BER=1.76e-03 FER=3.54e-02
2025-10-26 09:37:13,800 | INFO | Epoch 703 Train Time 69.20953941345215s

2025-10-26 09:37:13,801 | INFO | [P2] saving best_model (QAT) with loss 0.004867 at epoch 703
2025-10-26 09:38:34,130 | INFO | Training epoch 704, Batch 1000/1000: LR=7.28e-05, Loss=5.00e-03 BER=1.80e-03 FER=3.61e-02
2025-10-26 09:38:34,193 | INFO | Epoch 704 Train Time 80.32251000404358s

2025-10-26 09:39:54,227 | INFO | Training epoch 705, Batch 1000/1000: LR=7.27e-05, Loss=5.05e-03 BER=1.84e-03 FER=3.71e-02
2025-10-26 09:39:54,318 | INFO | Epoch 705 Train Time 80.12401676177979s

2025-10-26 09:41:08,413 | INFO | Training epoch 706, Batch 1000/1000: LR=7.26e-05, Loss=5.17e-03 BER=1.87e-03 FER=3.73e-02
2025-10-26 09:41:08,485 | INFO | Epoch 706 Train Time 74.16494369506836s

2025-10-26 09:42:23,106 | INFO | Training epoch 707, Batch 1000/1000: LR=7.26e-05, Loss=5.03e-03 BER=1.82e-03 FER=3.63e-02
2025-10-26 09:42:23,183 | INFO | Epoch 707 Train Time 74.6964681148529s

2025-10-26 09:43:39,216 | INFO | Training epoch 708, Batch 1000/1000: LR=7.25e-05, Loss=4.87e-03 BER=1.74e-03 FER=3.56e-02
2025-10-26 09:43:39,286 | INFO | Epoch 708 Train Time 76.10145545005798s

2025-10-26 09:44:51,037 | INFO | Training epoch 709, Batch 1000/1000: LR=7.24e-05, Loss=4.94e-03 BER=1.77e-03 FER=3.60e-02
2025-10-26 09:44:51,086 | INFO | Epoch 709 Train Time 71.79880452156067s

2025-10-26 09:46:08,771 | INFO | Training epoch 710, Batch 1000/1000: LR=7.23e-05, Loss=5.01e-03 BER=1.80e-03 FER=3.65e-02
2025-10-26 09:46:08,833 | INFO | Epoch 710 Train Time 77.74537754058838s

2025-10-26 09:47:17,815 | INFO | Training epoch 711, Batch 1000/1000: LR=7.23e-05, Loss=5.06e-03 BER=1.83e-03 FER=3.71e-02
2025-10-26 09:47:17,880 | INFO | Epoch 711 Train Time 69.04575610160828s

2025-10-26 09:48:31,189 | INFO | Training epoch 712, Batch 1000/1000: LR=7.22e-05, Loss=5.12e-03 BER=1.85e-03 FER=3.72e-02
2025-10-26 09:48:31,285 | INFO | Epoch 712 Train Time 73.40313720703125s

2025-10-26 09:49:43,435 | INFO | Training epoch 713, Batch 1000/1000: LR=7.21e-05, Loss=5.02e-03 BER=1.79e-03 FER=3.60e-02
2025-10-26 09:49:43,524 | INFO | Epoch 713 Train Time 72.23732614517212s

2025-10-26 09:50:59,632 | INFO | Training epoch 714, Batch 1000/1000: LR=7.21e-05, Loss=5.09e-03 BER=1.84e-03 FER=3.68e-02
2025-10-26 09:50:59,726 | INFO | Epoch 714 Train Time 76.1993465423584s

2025-10-26 09:52:18,420 | INFO | Training epoch 715, Batch 1000/1000: LR=7.20e-05, Loss=4.92e-03 BER=1.75e-03 FER=3.60e-02
2025-10-26 09:52:18,491 | INFO | Epoch 715 Train Time 78.76322364807129s

2025-10-26 09:53:37,831 | INFO | Training epoch 716, Batch 1000/1000: LR=7.19e-05, Loss=5.03e-03 BER=1.81e-03 FER=3.72e-02
2025-10-26 09:53:37,919 | INFO | Epoch 716 Train Time 79.42626214027405s

2025-10-26 09:54:54,686 | INFO | Training epoch 717, Batch 1000/1000: LR=7.19e-05, Loss=5.00e-03 BER=1.80e-03 FER=3.65e-02
2025-10-26 09:54:54,768 | INFO | Epoch 717 Train Time 76.84666156768799s

2025-10-26 09:56:09,022 | INFO | Training epoch 718, Batch 1000/1000: LR=7.18e-05, Loss=4.98e-03 BER=1.78e-03 FER=3.63e-02
2025-10-26 09:56:09,093 | INFO | Epoch 718 Train Time 74.32430481910706s

2025-10-26 09:57:27,447 | INFO | Training epoch 719, Batch 1000/1000: LR=7.17e-05, Loss=5.05e-03 BER=1.81e-03 FER=3.59e-02
2025-10-26 09:57:27,545 | INFO | Epoch 719 Train Time 78.45117664337158s

2025-10-26 09:58:41,686 | INFO | Training epoch 720, Batch 1000/1000: LR=7.16e-05, Loss=5.09e-03 BER=1.81e-03 FER=3.67e-02
2025-10-26 09:58:41,796 | INFO | Epoch 720 Train Time 74.24896121025085s

2025-10-26 09:59:51,701 | INFO | Training epoch 721, Batch 1000/1000: LR=7.16e-05, Loss=4.97e-03 BER=1.80e-03 FER=3.64e-02
2025-10-26 09:59:51,768 | INFO | Epoch 721 Train Time 69.97056031227112s

2025-10-26 10:01:05,780 | INFO | Training epoch 722, Batch 1000/1000: LR=7.15e-05, Loss=5.02e-03 BER=1.78e-03 FER=3.60e-02
2025-10-26 10:01:05,864 | INFO | Epoch 722 Train Time 74.09442949295044s

2025-10-26 10:02:23,940 | INFO | Training epoch 723, Batch 1000/1000: LR=7.14e-05, Loss=5.02e-03 BER=1.81e-03 FER=3.63e-02
2025-10-26 10:02:24,030 | INFO | Epoch 723 Train Time 78.16382098197937s

2025-10-26 10:03:44,968 | INFO | Training epoch 724, Batch 1000/1000: LR=7.14e-05, Loss=5.16e-03 BER=1.86e-03 FER=3.75e-02
2025-10-26 10:03:45,051 | INFO | Epoch 724 Train Time 81.01975107192993s

2025-10-26 10:05:04,900 | INFO | Training epoch 725, Batch 1000/1000: LR=7.13e-05, Loss=4.90e-03 BER=1.77e-03 FER=3.59e-02
2025-10-26 10:05:05,000 | INFO | Epoch 725 Train Time 79.94766473770142s

2025-10-26 10:06:14,576 | INFO | Training epoch 726, Batch 1000/1000: LR=7.12e-05, Loss=4.89e-03 BER=1.75e-03 FER=3.52e-02
2025-10-26 10:06:14,665 | INFO | Epoch 726 Train Time 69.66206455230713s

2025-10-26 10:07:25,199 | INFO | Training epoch 727, Batch 1000/1000: LR=7.12e-05, Loss=5.02e-03 BER=1.80e-03 FER=3.64e-02
2025-10-26 10:07:25,258 | INFO | Epoch 727 Train Time 70.59150981903076s

2025-10-26 10:08:46,237 | INFO | Training epoch 728, Batch 1000/1000: LR=7.11e-05, Loss=5.05e-03 BER=1.81e-03 FER=3.63e-02
2025-10-26 10:08:46,308 | INFO | Epoch 728 Train Time 81.04814982414246s

2025-10-26 10:10:05,598 | INFO | Training epoch 729, Batch 1000/1000: LR=7.10e-05, Loss=5.14e-03 BER=1.83e-03 FER=3.68e-02
2025-10-26 10:10:05,664 | INFO | Epoch 729 Train Time 79.35590839385986s

2025-10-26 10:11:14,973 | INFO | Training epoch 730, Batch 1000/1000: LR=7.09e-05, Loss=4.98e-03 BER=1.77e-03 FER=3.57e-02
2025-10-26 10:11:15,038 | INFO | Epoch 730 Train Time 69.37138319015503s

2025-10-26 10:12:22,375 | INFO | Training epoch 731, Batch 1000/1000: LR=7.09e-05, Loss=4.92e-03 BER=1.77e-03 FER=3.52e-02
2025-10-26 10:12:22,435 | INFO | Epoch 731 Train Time 67.39671158790588s

2025-10-26 10:13:38,576 | INFO | Training epoch 732, Batch 1000/1000: LR=7.08e-05, Loss=4.99e-03 BER=1.78e-03 FER=3.62e-02
2025-10-26 10:13:38,676 | INFO | Epoch 732 Train Time 76.23907804489136s

2025-10-26 10:14:54,586 | INFO | Training epoch 733, Batch 1000/1000: LR=7.07e-05, Loss=5.05e-03 BER=1.83e-03 FER=3.66e-02
2025-10-26 10:14:54,670 | INFO | Epoch 733 Train Time 75.99195384979248s

2025-10-26 10:16:09,202 | INFO | Training epoch 734, Batch 1000/1000: LR=7.07e-05, Loss=5.09e-03 BER=1.82e-03 FER=3.63e-02
2025-10-26 10:16:09,276 | INFO | Epoch 734 Train Time 74.60133528709412s

2025-10-26 10:17:26,230 | INFO | Training epoch 735, Batch 1000/1000: LR=7.06e-05, Loss=5.01e-03 BER=1.79e-03 FER=3.64e-02
2025-10-26 10:17:26,302 | INFO | Epoch 735 Train Time 77.02529716491699s

2025-10-26 10:18:45,609 | INFO | Training epoch 736, Batch 1000/1000: LR=7.05e-05, Loss=5.11e-03 BER=1.83e-03 FER=3.64e-02
2025-10-26 10:18:45,661 | INFO | Epoch 736 Train Time 79.35718870162964s

2025-10-26 10:20:00,656 | INFO | Training epoch 737, Batch 1000/1000: LR=7.04e-05, Loss=5.11e-03 BER=1.83e-03 FER=3.62e-02
2025-10-26 10:20:00,718 | INFO | Epoch 737 Train Time 75.05547285079956s

2025-10-26 10:21:18,591 | INFO | Training epoch 738, Batch 1000/1000: LR=7.04e-05, Loss=5.13e-03 BER=1.84e-03 FER=3.67e-02
2025-10-26 10:21:18,663 | INFO | Epoch 738 Train Time 77.94290518760681s

2025-10-26 10:22:29,068 | INFO | Training epoch 739, Batch 1000/1000: LR=7.03e-05, Loss=5.12e-03 BER=1.85e-03 FER=3.71e-02
2025-10-26 10:22:29,163 | INFO | Epoch 739 Train Time 70.49872636795044s

2025-10-26 10:23:48,772 | INFO | Training epoch 740, Batch 1000/1000: LR=7.02e-05, Loss=4.97e-03 BER=1.78e-03 FER=3.58e-02
2025-10-26 10:23:48,852 | INFO | Epoch 740 Train Time 79.68720722198486s

2025-10-26 10:25:02,909 | INFO | Training epoch 741, Batch 1000/1000: LR=7.02e-05, Loss=5.00e-03 BER=1.79e-03 FER=3.61e-02
2025-10-26 10:25:02,991 | INFO | Epoch 741 Train Time 74.13644981384277s

2025-10-26 10:26:13,903 | INFO | Training epoch 742, Batch 1000/1000: LR=7.01e-05, Loss=5.02e-03 BER=1.81e-03 FER=3.62e-02
2025-10-26 10:26:13,974 | INFO | Epoch 742 Train Time 70.9815080165863s

2025-10-26 10:27:24,929 | INFO | Training epoch 743, Batch 1000/1000: LR=7.00e-05, Loss=5.09e-03 BER=1.84e-03 FER=3.67e-02
2025-10-26 10:27:24,997 | INFO | Epoch 743 Train Time 71.02047348022461s

2025-10-26 10:28:39,378 | INFO | Training epoch 744, Batch 1000/1000: LR=6.99e-05, Loss=4.91e-03 BER=1.74e-03 FER=3.52e-02
2025-10-26 10:28:39,442 | INFO | Epoch 744 Train Time 74.44433069229126s

2025-10-26 10:29:56,307 | INFO | Training epoch 745, Batch 1000/1000: LR=6.99e-05, Loss=5.06e-03 BER=1.81e-03 FER=3.67e-02
2025-10-26 10:29:56,362 | INFO | Epoch 745 Train Time 76.91914200782776s

2025-10-26 10:31:02,414 | INFO | Training epoch 746, Batch 1000/1000: LR=6.98e-05, Loss=4.89e-03 BER=1.76e-03 FER=3.55e-02
2025-10-26 10:31:02,475 | INFO | Epoch 746 Train Time 66.11143445968628s

2025-10-26 10:32:20,061 | INFO | Training epoch 747, Batch 1000/1000: LR=6.97e-05, Loss=5.09e-03 BER=1.84e-03 FER=3.68e-02
2025-10-26 10:32:20,169 | INFO | Epoch 747 Train Time 77.69214916229248s

2025-10-26 10:33:41,115 | INFO | Training epoch 748, Batch 1000/1000: LR=6.97e-05, Loss=5.18e-03 BER=1.84e-03 FER=3.69e-02
2025-10-26 10:33:41,182 | INFO | Epoch 748 Train Time 81.01104354858398s

2025-10-26 10:34:55,793 | INFO | Training epoch 749, Batch 1000/1000: LR=6.96e-05, Loss=4.94e-03 BER=1.79e-03 FER=3.60e-02
2025-10-26 10:34:55,865 | INFO | Epoch 749 Train Time 74.68235659599304s

2025-10-26 10:36:02,367 | INFO | Training epoch 750, Batch 1000/1000: LR=6.95e-05, Loss=5.02e-03 BER=1.81e-03 FER=3.66e-02
2025-10-26 10:36:02,457 | INFO | Epoch 750 Train Time 66.59130024909973s

2025-10-26 10:37:17,191 | INFO | Training epoch 751, Batch 1000/1000: LR=6.94e-05, Loss=5.11e-03 BER=1.82e-03 FER=3.60e-02
2025-10-26 10:37:17,293 | INFO | Epoch 751 Train Time 74.83485531806946s

2025-10-26 10:38:38,781 | INFO | Training epoch 752, Batch 1000/1000: LR=6.94e-05, Loss=5.04e-03 BER=1.79e-03 FER=3.64e-02
2025-10-26 10:38:38,855 | INFO | Epoch 752 Train Time 81.56056451797485s

2025-10-26 10:40:00,985 | INFO | Training epoch 753, Batch 1000/1000: LR=6.93e-05, Loss=5.14e-03 BER=1.84e-03 FER=3.71e-02
2025-10-26 10:40:01,066 | INFO | Epoch 753 Train Time 82.20933222770691s

2025-10-26 10:41:15,920 | INFO | Training epoch 754, Batch 1000/1000: LR=6.92e-05, Loss=4.94e-03 BER=1.78e-03 FER=3.59e-02
2025-10-26 10:41:15,980 | INFO | Epoch 754 Train Time 74.91346645355225s

2025-10-26 10:42:29,390 | INFO | Training epoch 755, Batch 1000/1000: LR=6.92e-05, Loss=5.11e-03 BER=1.82e-03 FER=3.64e-02
2025-10-26 10:42:29,459 | INFO | Epoch 755 Train Time 73.4768795967102s

2025-10-26 10:43:40,082 | INFO | Training epoch 756, Batch 1000/1000: LR=6.91e-05, Loss=4.76e-03 BER=1.70e-03 FER=3.49e-02
2025-10-26 10:43:40,179 | INFO | Epoch 756 Train Time 70.7183928489685s

2025-10-26 10:43:40,179 | INFO | [P2] saving best_model (QAT) with loss 0.004762 at epoch 756
2025-10-26 10:44:51,791 | INFO | Training epoch 757, Batch 1000/1000: LR=6.90e-05, Loss=5.03e-03 BER=1.82e-03 FER=3.64e-02
2025-10-26 10:44:51,874 | INFO | Epoch 757 Train Time 71.63695478439331s

2025-10-26 10:46:02,385 | INFO | Training epoch 758, Batch 1000/1000: LR=6.89e-05, Loss=5.12e-03 BER=1.84e-03 FER=3.66e-02
2025-10-26 10:46:02,468 | INFO | Epoch 758 Train Time 70.59277415275574s

2025-10-26 10:47:19,314 | INFO | Training epoch 759, Batch 1000/1000: LR=6.89e-05, Loss=5.09e-03 BER=1.84e-03 FER=3.70e-02
2025-10-26 10:47:19,369 | INFO | Epoch 759 Train Time 76.8987717628479s

2025-10-26 10:48:37,293 | INFO | Training epoch 760, Batch 1000/1000: LR=6.88e-05, Loss=5.04e-03 BER=1.81e-03 FER=3.61e-02
2025-10-26 10:48:37,384 | INFO | Epoch 760 Train Time 78.01233053207397s

2025-10-26 10:49:56,027 | INFO | Training epoch 761, Batch 1000/1000: LR=6.87e-05, Loss=5.04e-03 BER=1.78e-03 FER=3.64e-02
2025-10-26 10:49:56,110 | INFO | Epoch 761 Train Time 78.72516775131226s

2025-10-26 10:51:14,069 | INFO | Training epoch 762, Batch 1000/1000: LR=6.86e-05, Loss=5.00e-03 BER=1.82e-03 FER=3.66e-02
2025-10-26 10:51:14,159 | INFO | Epoch 762 Train Time 78.04848051071167s

2025-10-26 10:52:24,581 | INFO | Training epoch 763, Batch 1000/1000: LR=6.86e-05, Loss=4.92e-03 BER=1.75e-03 FER=3.51e-02
2025-10-26 10:52:24,666 | INFO | Epoch 763 Train Time 70.50502848625183s

2025-10-26 10:53:47,894 | INFO | Training epoch 764, Batch 1000/1000: LR=6.85e-05, Loss=5.11e-03 BER=1.83e-03 FER=3.60e-02
2025-10-26 10:53:47,961 | INFO | Epoch 764 Train Time 83.29356503486633s

2025-10-26 10:55:09,013 | INFO | Training epoch 765, Batch 1000/1000: LR=6.84e-05, Loss=5.06e-03 BER=1.82e-03 FER=3.67e-02
2025-10-26 10:55:09,110 | INFO | Epoch 765 Train Time 81.14741969108582s

2025-10-26 10:56:24,527 | INFO | Training epoch 766, Batch 1000/1000: LR=6.84e-05, Loss=5.05e-03 BER=1.78e-03 FER=3.63e-02
2025-10-26 10:56:24,625 | INFO | Epoch 766 Train Time 75.51473355293274s

2025-10-26 10:57:37,473 | INFO | Training epoch 767, Batch 1000/1000: LR=6.83e-05, Loss=5.13e-03 BER=1.83e-03 FER=3.67e-02
2025-10-26 10:57:37,535 | INFO | Epoch 767 Train Time 72.90810298919678s

2025-10-26 10:58:56,577 | INFO | Training epoch 768, Batch 1000/1000: LR=6.82e-05, Loss=4.95e-03 BER=1.76e-03 FER=3.58e-02
2025-10-26 10:58:56,659 | INFO | Epoch 768 Train Time 79.1219494342804s

2025-10-26 11:00:13,810 | INFO | Training epoch 769, Batch 1000/1000: LR=6.81e-05, Loss=4.88e-03 BER=1.77e-03 FER=3.55e-02
2025-10-26 11:00:13,889 | INFO | Epoch 769 Train Time 77.22768092155457s

2025-10-26 11:01:29,405 | INFO | Training epoch 770, Batch 1000/1000: LR=6.81e-05, Loss=5.15e-03 BER=1.83e-03 FER=3.60e-02
2025-10-26 11:01:29,481 | INFO | Epoch 770 Train Time 75.58896470069885s

2025-10-26 11:02:52,702 | INFO | Training epoch 771, Batch 1000/1000: LR=6.80e-05, Loss=5.02e-03 BER=1.80e-03 FER=3.64e-02
2025-10-26 11:02:52,774 | INFO | Epoch 771 Train Time 83.29262661933899s

2025-10-26 11:04:12,072 | INFO | Training epoch 772, Batch 1000/1000: LR=6.79e-05, Loss=5.05e-03 BER=1.82e-03 FER=3.68e-02
2025-10-26 11:04:12,164 | INFO | Epoch 772 Train Time 79.38822984695435s

2025-10-26 11:05:32,076 | INFO | Training epoch 773, Batch 1000/1000: LR=6.79e-05, Loss=4.93e-03 BER=1.75e-03 FER=3.54e-02
2025-10-26 11:05:32,166 | INFO | Epoch 773 Train Time 80.00002956390381s

2025-10-26 11:06:50,371 | INFO | Training epoch 774, Batch 1000/1000: LR=6.78e-05, Loss=5.14e-03 BER=1.83e-03 FER=3.66e-02
2025-10-26 11:06:50,455 | INFO | Epoch 774 Train Time 78.28636479377747s

2025-10-26 11:08:04,898 | INFO | Training epoch 775, Batch 1000/1000: LR=6.77e-05, Loss=4.92e-03 BER=1.74e-03 FER=3.51e-02
2025-10-26 11:08:04,965 | INFO | Epoch 775 Train Time 74.50809574127197s

2025-10-26 11:09:17,363 | INFO | Training epoch 776, Batch 1000/1000: LR=6.76e-05, Loss=4.99e-03 BER=1.80e-03 FER=3.65e-02
2025-10-26 11:09:17,431 | INFO | Epoch 776 Train Time 72.46512007713318s

2025-10-26 11:10:28,475 | INFO | Training epoch 777, Batch 1000/1000: LR=6.76e-05, Loss=4.95e-03 BER=1.78e-03 FER=3.60e-02
2025-10-26 11:10:28,551 | INFO | Epoch 777 Train Time 71.11918473243713s

2025-10-26 11:11:43,516 | INFO | Training epoch 778, Batch 1000/1000: LR=6.75e-05, Loss=4.96e-03 BER=1.79e-03 FER=3.60e-02
2025-10-26 11:11:43,609 | INFO | Epoch 778 Train Time 75.0562310218811s

2025-10-26 11:13:03,664 | INFO | Training epoch 779, Batch 1000/1000: LR=6.74e-05, Loss=4.85e-03 BER=1.74e-03 FER=3.45e-02
2025-10-26 11:13:03,763 | INFO | Epoch 779 Train Time 80.15142464637756s

2025-10-26 11:14:13,305 | INFO | Training epoch 780, Batch 1000/1000: LR=6.73e-05, Loss=5.05e-03 BER=1.81e-03 FER=3.59e-02
2025-10-26 11:14:13,372 | INFO | Epoch 780 Train Time 69.60433197021484s

2025-10-26 11:15:27,981 | INFO | Training epoch 781, Batch 1000/1000: LR=6.73e-05, Loss=4.98e-03 BER=1.78e-03 FER=3.62e-02
2025-10-26 11:15:28,070 | INFO | Epoch 781 Train Time 74.69684171676636s

2025-10-26 11:16:39,111 | INFO | Training epoch 782, Batch 1000/1000: LR=6.72e-05, Loss=4.99e-03 BER=1.82e-03 FER=3.62e-02
2025-10-26 11:16:39,199 | INFO | Epoch 782 Train Time 71.12697219848633s

2025-10-26 11:17:51,854 | INFO | Training epoch 783, Batch 1000/1000: LR=6.71e-05, Loss=5.00e-03 BER=1.79e-03 FER=3.59e-02
2025-10-26 11:17:51,946 | INFO | Epoch 783 Train Time 72.7442536354065s

2025-10-26 11:19:09,600 | INFO | Training epoch 784, Batch 1000/1000: LR=6.70e-05, Loss=5.12e-03 BER=1.85e-03 FER=3.62e-02
2025-10-26 11:19:09,664 | INFO | Epoch 784 Train Time 77.71616077423096s

2025-10-26 11:20:28,505 | INFO | Training epoch 785, Batch 1000/1000: LR=6.70e-05, Loss=4.92e-03 BER=1.76e-03 FER=3.60e-02
2025-10-26 11:20:28,571 | INFO | Epoch 785 Train Time 78.90464448928833s

2025-10-26 11:21:43,565 | INFO | Training epoch 786, Batch 1000/1000: LR=6.69e-05, Loss=5.01e-03 BER=1.80e-03 FER=3.60e-02
2025-10-26 11:21:43,656 | INFO | Epoch 786 Train Time 75.08412551879883s

2025-10-26 11:23:00,390 | INFO | Training epoch 787, Batch 1000/1000: LR=6.68e-05, Loss=5.19e-03 BER=1.87e-03 FER=3.75e-02
2025-10-26 11:23:00,471 | INFO | Epoch 787 Train Time 76.81366610527039s

2025-10-26 11:24:18,007 | INFO | Training epoch 788, Batch 1000/1000: LR=6.68e-05, Loss=4.79e-03 BER=1.73e-03 FER=3.49e-02
2025-10-26 11:24:18,099 | INFO | Epoch 788 Train Time 77.62640047073364s

2025-10-26 11:25:40,591 | INFO | Training epoch 789, Batch 1000/1000: LR=6.67e-05, Loss=5.01e-03 BER=1.79e-03 FER=3.61e-02
2025-10-26 11:25:40,665 | INFO | Epoch 789 Train Time 82.56463956832886s

2025-10-26 11:26:57,376 | INFO | Training epoch 790, Batch 1000/1000: LR=6.66e-05, Loss=5.04e-03 BER=1.79e-03 FER=3.58e-02
2025-10-26 11:26:57,458 | INFO | Epoch 790 Train Time 76.79117178916931s

2025-10-26 11:28:13,280 | INFO | Training epoch 791, Batch 1000/1000: LR=6.65e-05, Loss=5.02e-03 BER=1.80e-03 FER=3.61e-02
2025-10-26 11:28:13,347 | INFO | Epoch 791 Train Time 75.88749885559082s

2025-10-26 11:29:22,277 | INFO | Training epoch 792, Batch 1000/1000: LR=6.65e-05, Loss=4.97e-03 BER=1.77e-03 FER=3.56e-02
2025-10-26 11:29:22,348 | INFO | Epoch 792 Train Time 68.9997775554657s

2025-10-26 11:30:43,280 | INFO | Training epoch 793, Batch 1000/1000: LR=6.64e-05, Loss=5.01e-03 BER=1.81e-03 FER=3.62e-02
2025-10-26 11:30:43,383 | INFO | Epoch 793 Train Time 81.03416919708252s

2025-10-26 11:32:01,494 | INFO | Training epoch 794, Batch 1000/1000: LR=6.63e-05, Loss=4.77e-03 BER=1.70e-03 FER=3.46e-02
2025-10-26 11:32:01,584 | INFO | Epoch 794 Train Time 78.19955515861511s

2025-10-26 11:33:15,369 | INFO | Training epoch 795, Batch 1000/1000: LR=6.62e-05, Loss=5.01e-03 BER=1.81e-03 FER=3.61e-02
2025-10-26 11:33:15,472 | INFO | Epoch 795 Train Time 73.88640689849854s

2025-10-26 11:34:30,968 | INFO | Training epoch 796, Batch 1000/1000: LR=6.62e-05, Loss=4.92e-03 BER=1.77e-03 FER=3.54e-02
2025-10-26 11:34:31,057 | INFO | Epoch 796 Train Time 75.5818133354187s

2025-10-26 11:35:53,359 | INFO | Training epoch 797, Batch 1000/1000: LR=6.61e-05, Loss=5.12e-03 BER=1.82e-03 FER=3.61e-02
2025-10-26 11:35:53,458 | INFO | Epoch 797 Train Time 82.40068459510803s

2025-10-26 11:37:06,676 | INFO | Training epoch 798, Batch 1000/1000: LR=6.60e-05, Loss=4.95e-03 BER=1.77e-03 FER=3.54e-02
2025-10-26 11:37:06,765 | INFO | Epoch 798 Train Time 73.30426979064941s

2025-10-26 11:38:17,610 | INFO | Training epoch 799, Batch 1000/1000: LR=6.59e-05, Loss=5.04e-03 BER=1.81e-03 FER=3.65e-02
2025-10-26 11:38:17,698 | INFO | Epoch 799 Train Time 70.93053460121155s

2025-10-26 11:39:37,466 | INFO | Training epoch 800, Batch 1000/1000: LR=6.59e-05, Loss=4.99e-03 BER=1.81e-03 FER=3.62e-02
2025-10-26 11:39:37,569 | INFO | Epoch 800 Train Time 79.86865043640137s

2025-10-26 11:40:49,428 | INFO | Training epoch 801, Batch 1000/1000: LR=6.58e-05, Loss=5.03e-03 BER=1.81e-03 FER=3.62e-02
2025-10-26 11:40:49,492 | INFO | Epoch 801 Train Time 71.91703128814697s

2025-10-26 11:42:00,585 | INFO | Training epoch 802, Batch 1000/1000: LR=6.57e-05, Loss=5.11e-03 BER=1.83e-03 FER=3.58e-02
2025-10-26 11:42:00,643 | INFO | Epoch 802 Train Time 71.14998269081116s

2025-10-26 11:43:21,867 | INFO | Training epoch 803, Batch 1000/1000: LR=6.56e-05, Loss=4.86e-03 BER=1.74e-03 FER=3.49e-02
2025-10-26 11:43:21,948 | INFO | Epoch 803 Train Time 81.30298829078674s

2025-10-26 11:44:32,464 | INFO | Training epoch 804, Batch 1000/1000: LR=6.56e-05, Loss=5.04e-03 BER=1.79e-03 FER=3.57e-02
2025-10-26 11:44:32,531 | INFO | Epoch 804 Train Time 70.58219504356384s

2025-10-26 11:45:47,613 | INFO | Training epoch 805, Batch 1000/1000: LR=6.55e-05, Loss=4.99e-03 BER=1.80e-03 FER=3.62e-02
2025-10-26 11:45:47,682 | INFO | Epoch 805 Train Time 75.15013575553894s

2025-10-26 11:46:58,891 | INFO | Training epoch 806, Batch 1000/1000: LR=6.54e-05, Loss=5.14e-03 BER=1.84e-03 FER=3.60e-02
2025-10-26 11:46:58,973 | INFO | Epoch 806 Train Time 71.28947710990906s

2025-10-26 11:48:16,780 | INFO | Training epoch 807, Batch 1000/1000: LR=6.54e-05, Loss=4.88e-03 BER=1.75e-03 FER=3.53e-02
2025-10-26 11:48:16,865 | INFO | Epoch 807 Train Time 77.89054822921753s

2025-10-26 11:49:32,719 | INFO | Training epoch 808, Batch 1000/1000: LR=6.53e-05, Loss=4.99e-03 BER=1.80e-03 FER=3.58e-02
2025-10-26 11:49:32,807 | INFO | Epoch 808 Train Time 75.93985629081726s

2025-10-26 11:50:49,778 | INFO | Training epoch 809, Batch 1000/1000: LR=6.52e-05, Loss=4.99e-03 BER=1.79e-03 FER=3.61e-02
2025-10-26 11:50:49,856 | INFO | Epoch 809 Train Time 77.04636216163635s

2025-10-26 11:52:06,930 | INFO | Training epoch 810, Batch 1000/1000: LR=6.51e-05, Loss=4.91e-03 BER=1.75e-03 FER=3.49e-02
2025-10-26 11:52:06,993 | INFO | Epoch 810 Train Time 77.13558912277222s

2025-10-26 11:53:27,067 | INFO | Training epoch 811, Batch 1000/1000: LR=6.51e-05, Loss=4.97e-03 BER=1.77e-03 FER=3.52e-02
2025-10-26 11:53:27,162 | INFO | Epoch 811 Train Time 80.16734433174133s

2025-10-26 11:54:40,172 | INFO | Training epoch 812, Batch 1000/1000: LR=6.50e-05, Loss=4.96e-03 BER=1.79e-03 FER=3.59e-02
2025-10-26 11:54:40,260 | INFO | Epoch 812 Train Time 73.09649634361267s

2025-10-26 11:56:00,402 | INFO | Training epoch 813, Batch 1000/1000: LR=6.49e-05, Loss=5.02e-03 BER=1.80e-03 FER=3.58e-02
2025-10-26 11:56:00,472 | INFO | Epoch 813 Train Time 80.21043705940247s

2025-10-26 11:57:16,907 | INFO | Training epoch 814, Batch 1000/1000: LR=6.48e-05, Loss=5.06e-03 BER=1.81e-03 FER=3.61e-02
2025-10-26 11:57:16,972 | INFO | Epoch 814 Train Time 76.49794840812683s

2025-10-26 11:58:33,702 | INFO | Training epoch 815, Batch 1000/1000: LR=6.48e-05, Loss=5.01e-03 BER=1.79e-03 FER=3.63e-02
2025-10-26 11:58:33,802 | INFO | Epoch 815 Train Time 76.82918214797974s

2025-10-26 11:59:46,367 | INFO | Training epoch 816, Batch 1000/1000: LR=6.47e-05, Loss=4.89e-03 BER=1.75e-03 FER=3.52e-02
2025-10-26 11:59:46,454 | INFO | Epoch 816 Train Time 72.64972710609436s

2025-10-26 12:01:03,113 | INFO | Training epoch 817, Batch 1000/1000: LR=6.46e-05, Loss=4.90e-03 BER=1.74e-03 FER=3.52e-02
2025-10-26 12:01:03,206 | INFO | Epoch 817 Train Time 76.74922466278076s

2025-10-26 12:02:22,030 | INFO | Training epoch 818, Batch 1000/1000: LR=6.45e-05, Loss=4.93e-03 BER=1.75e-03 FER=3.54e-02
2025-10-26 12:02:22,122 | INFO | Epoch 818 Train Time 78.91469264030457s

2025-10-26 12:03:41,821 | INFO | Training epoch 819, Batch 1000/1000: LR=6.45e-05, Loss=4.99e-03 BER=1.79e-03 FER=3.62e-02
2025-10-26 12:03:41,881 | INFO | Epoch 819 Train Time 79.7568998336792s

2025-10-26 12:04:55,259 | INFO | Training epoch 820, Batch 1000/1000: LR=6.44e-05, Loss=5.13e-03 BER=1.83e-03 FER=3.66e-02
2025-10-26 12:04:55,353 | INFO | Epoch 820 Train Time 73.47097587585449s

2025-10-26 12:06:07,213 | INFO | Training epoch 821, Batch 1000/1000: LR=6.43e-05, Loss=4.90e-03 BER=1.76e-03 FER=3.48e-02
2025-10-26 12:06:07,299 | INFO | Epoch 821 Train Time 71.94336032867432s

2025-10-26 12:07:21,098 | INFO | Training epoch 822, Batch 1000/1000: LR=6.42e-05, Loss=4.96e-03 BER=1.77e-03 FER=3.57e-02
2025-10-26 12:07:21,170 | INFO | Epoch 822 Train Time 73.8697280883789s

2025-10-26 12:08:40,164 | INFO | Training epoch 823, Batch 1000/1000: LR=6.42e-05, Loss=4.91e-03 BER=1.74e-03 FER=3.52e-02
2025-10-26 12:08:40,270 | INFO | Epoch 823 Train Time 79.09916114807129s

2025-10-26 12:09:55,805 | INFO | Training epoch 824, Batch 1000/1000: LR=6.41e-05, Loss=4.95e-03 BER=1.79e-03 FER=3.54e-02
2025-10-26 12:09:55,875 | INFO | Epoch 824 Train Time 75.60384345054626s

2025-10-26 12:11:12,671 | INFO | Training epoch 825, Batch 1000/1000: LR=6.40e-05, Loss=5.10e-03 BER=1.83e-03 FER=3.60e-02
2025-10-26 12:11:12,745 | INFO | Epoch 825 Train Time 76.86841487884521s

2025-10-26 12:12:24,367 | INFO | Training epoch 826, Batch 1000/1000: LR=6.39e-05, Loss=4.89e-03 BER=1.75e-03 FER=3.50e-02
2025-10-26 12:12:24,428 | INFO | Epoch 826 Train Time 71.6828191280365s

2025-10-26 12:13:38,972 | INFO | Training epoch 827, Batch 1000/1000: LR=6.39e-05, Loss=4.82e-03 BER=1.72e-03 FER=3.48e-02
2025-10-26 12:13:39,058 | INFO | Epoch 827 Train Time 74.62886643409729s

2025-10-26 12:14:56,173 | INFO | Training epoch 828, Batch 1000/1000: LR=6.38e-05, Loss=5.09e-03 BER=1.83e-03 FER=3.64e-02
2025-10-26 12:14:56,261 | INFO | Epoch 828 Train Time 77.20121693611145s

2025-10-26 12:16:10,140 | INFO | Training epoch 829, Batch 1000/1000: LR=6.37e-05, Loss=4.87e-03 BER=1.75e-03 FER=3.52e-02
2025-10-26 12:16:10,250 | INFO | Epoch 829 Train Time 73.98729705810547s

2025-10-26 12:17:24,936 | INFO | Training epoch 830, Batch 1000/1000: LR=6.36e-05, Loss=4.92e-03 BER=1.75e-03 FER=3.53e-02
2025-10-26 12:17:24,996 | INFO | Epoch 830 Train Time 74.74350023269653s

2025-10-26 12:18:38,597 | INFO | Training epoch 831, Batch 1000/1000: LR=6.36e-05, Loss=5.05e-03 BER=1.81e-03 FER=3.60e-02
2025-10-26 12:18:38,663 | INFO | Epoch 831 Train Time 73.66540622711182s

2025-10-26 12:19:48,919 | INFO | Training epoch 832, Batch 1000/1000: LR=6.35e-05, Loss=4.87e-03 BER=1.72e-03 FER=3.47e-02
2025-10-26 12:19:48,972 | INFO | Epoch 832 Train Time 70.30812859535217s

2025-10-26 12:21:00,312 | INFO | Training epoch 833, Batch 1000/1000: LR=6.34e-05, Loss=4.84e-03 BER=1.72e-03 FER=3.49e-02
2025-10-26 12:21:00,369 | INFO | Epoch 833 Train Time 71.39519548416138s

2025-10-26 12:22:19,857 | INFO | Training epoch 834, Batch 1000/1000: LR=6.33e-05, Loss=4.90e-03 BER=1.74e-03 FER=3.48e-02
2025-10-26 12:22:19,925 | INFO | Epoch 834 Train Time 79.55478072166443s

2025-10-26 12:23:34,434 | INFO | Training epoch 835, Batch 1000/1000: LR=6.33e-05, Loss=4.95e-03 BER=1.74e-03 FER=3.52e-02
2025-10-26 12:23:34,535 | INFO | Epoch 835 Train Time 74.60887050628662s

2025-10-26 12:24:46,205 | INFO | Training epoch 836, Batch 1000/1000: LR=6.32e-05, Loss=4.94e-03 BER=1.77e-03 FER=3.54e-02
2025-10-26 12:24:46,278 | INFO | Epoch 836 Train Time 71.74011301994324s

2025-10-26 12:26:03,197 | INFO | Training epoch 837, Batch 1000/1000: LR=6.31e-05, Loss=4.93e-03 BER=1.79e-03 FER=3.59e-02
2025-10-26 12:26:03,269 | INFO | Epoch 837 Train Time 76.9889760017395s

2025-10-26 12:27:18,603 | INFO | Training epoch 838, Batch 1000/1000: LR=6.30e-05, Loss=4.87e-03 BER=1.76e-03 FER=3.55e-02
2025-10-26 12:27:18,663 | INFO | Epoch 838 Train Time 75.39239454269409s

2025-10-26 12:28:38,027 | INFO | Training epoch 839, Batch 1000/1000: LR=6.30e-05, Loss=4.87e-03 BER=1.74e-03 FER=3.50e-02
2025-10-26 12:28:38,128 | INFO | Epoch 839 Train Time 79.46397733688354s

2025-10-26 12:29:55,728 | INFO | Training epoch 840, Batch 1000/1000: LR=6.29e-05, Loss=4.92e-03 BER=1.78e-03 FER=3.58e-02
2025-10-26 12:29:55,789 | INFO | Epoch 840 Train Time 77.65998578071594s

2025-10-26 12:31:13,280 | INFO | Training epoch 841, Batch 1000/1000: LR=6.28e-05, Loss=4.95e-03 BER=1.79e-03 FER=3.57e-02
2025-10-26 12:31:13,351 | INFO | Epoch 841 Train Time 77.55920314788818s

2025-10-26 12:32:30,064 | INFO | Training epoch 842, Batch 1000/1000: LR=6.27e-05, Loss=4.88e-03 BER=1.76e-03 FER=3.53e-02
2025-10-26 12:32:30,154 | INFO | Epoch 842 Train Time 76.80140042304993s

2025-10-26 12:33:40,861 | INFO | Training epoch 843, Batch 1000/1000: LR=6.27e-05, Loss=5.03e-03 BER=1.79e-03 FER=3.54e-02
2025-10-26 12:33:40,936 | INFO | Epoch 843 Train Time 70.78073620796204s

2025-10-26 12:34:51,563 | INFO | Training epoch 844, Batch 1000/1000: LR=6.26e-05, Loss=4.98e-03 BER=1.79e-03 FER=3.53e-02
2025-10-26 12:34:51,629 | INFO | Epoch 844 Train Time 70.69184803962708s

2025-10-26 12:36:04,842 | INFO | Training epoch 845, Batch 1000/1000: LR=6.25e-05, Loss=4.89e-03 BER=1.74e-03 FER=3.49e-02
2025-10-26 12:36:04,932 | INFO | Epoch 845 Train Time 73.30162596702576s

2025-10-26 12:37:18,943 | INFO | Training epoch 846, Batch 1000/1000: LR=6.24e-05, Loss=4.95e-03 BER=1.74e-03 FER=3.50e-02
2025-10-26 12:37:19,028 | INFO | Epoch 846 Train Time 74.09300327301025s

2025-10-26 12:38:25,787 | INFO | Training epoch 847, Batch 1000/1000: LR=6.24e-05, Loss=4.93e-03 BER=1.77e-03 FER=3.54e-02
2025-10-26 12:38:25,862 | INFO | Epoch 847 Train Time 66.83295035362244s

2025-10-26 12:39:45,735 | INFO | Training epoch 848, Batch 1000/1000: LR=6.23e-05, Loss=4.95e-03 BER=1.77e-03 FER=3.52e-02
2025-10-26 12:39:45,850 | INFO | Epoch 848 Train Time 79.9872932434082s

2025-10-26 12:41:02,000 | INFO | Training epoch 849, Batch 1000/1000: LR=6.22e-05, Loss=4.87e-03 BER=1.74e-03 FER=3.48e-02
2025-10-26 12:41:02,060 | INFO | Epoch 849 Train Time 76.20841217041016s

2025-10-26 12:42:14,759 | INFO | Training epoch 850, Batch 1000/1000: LR=6.21e-05, Loss=5.07e-03 BER=1.80e-03 FER=3.58e-02
2025-10-26 12:42:14,858 | INFO | Epoch 850 Train Time 72.79704022407532s

2025-10-26 12:43:24,095 | INFO | Training epoch 851, Batch 1000/1000: LR=6.21e-05, Loss=5.04e-03 BER=1.79e-03 FER=3.55e-02
2025-10-26 12:43:24,150 | INFO | Epoch 851 Train Time 69.29050493240356s

2025-10-26 12:44:39,880 | INFO | Training epoch 852, Batch 1000/1000: LR=6.20e-05, Loss=5.04e-03 BER=1.81e-03 FER=3.62e-02
2025-10-26 12:44:39,977 | INFO | Epoch 852 Train Time 75.82554841041565s

2025-10-26 12:45:47,443 | INFO | Training epoch 853, Batch 1000/1000: LR=6.19e-05, Loss=4.92e-03 BER=1.75e-03 FER=3.56e-02
2025-10-26 12:45:47,512 | INFO | Epoch 853 Train Time 67.5348150730133s

2025-10-26 12:47:01,046 | INFO | Training epoch 854, Batch 1000/1000: LR=6.18e-05, Loss=5.01e-03 BER=1.83e-03 FER=3.63e-02
2025-10-26 12:47:01,156 | INFO | Epoch 854 Train Time 73.64093446731567s

2025-10-26 12:48:23,473 | INFO | Training epoch 855, Batch 1000/1000: LR=6.18e-05, Loss=4.93e-03 BER=1.76e-03 FER=3.52e-02
2025-10-26 12:48:23,565 | INFO | Epoch 855 Train Time 82.40805673599243s

2025-10-26 12:49:43,290 | INFO | Training epoch 856, Batch 1000/1000: LR=6.17e-05, Loss=4.86e-03 BER=1.74e-03 FER=3.51e-02
2025-10-26 12:49:43,385 | INFO | Epoch 856 Train Time 79.81866359710693s

2025-10-26 12:51:00,278 | INFO | Training epoch 857, Batch 1000/1000: LR=6.16e-05, Loss=4.91e-03 BER=1.75e-03 FER=3.46e-02
2025-10-26 12:51:00,338 | INFO | Epoch 857 Train Time 76.95149540901184s

2025-10-26 12:52:07,354 | INFO | Training epoch 858, Batch 1000/1000: LR=6.15e-05, Loss=4.98e-03 BER=1.79e-03 FER=3.51e-02
2025-10-26 12:52:07,444 | INFO | Epoch 858 Train Time 67.10426306724548s

2025-10-26 12:53:21,965 | INFO | Training epoch 859, Batch 1000/1000: LR=6.14e-05, Loss=4.75e-03 BER=1.71e-03 FER=3.47e-02
2025-10-26 12:53:22,041 | INFO | Epoch 859 Train Time 74.59519863128662s

2025-10-26 12:53:22,042 | INFO | [P2] saving best_model (QAT) with loss 0.004754 at epoch 859
2025-10-26 12:54:28,775 | INFO | Training epoch 860, Batch 1000/1000: LR=6.14e-05, Loss=5.07e-03 BER=1.80e-03 FER=3.58e-02
2025-10-26 12:54:28,828 | INFO | Epoch 860 Train Time 66.70482611656189s

2025-10-26 12:55:40,167 | INFO | Training epoch 861, Batch 1000/1000: LR=6.13e-05, Loss=4.90e-03 BER=1.75e-03 FER=3.52e-02
2025-10-26 12:55:40,242 | INFO | Epoch 861 Train Time 71.41314625740051s

2025-10-26 12:56:47,991 | INFO | Training epoch 862, Batch 1000/1000: LR=6.12e-05, Loss=4.96e-03 BER=1.78e-03 FER=3.54e-02
2025-10-26 12:56:48,084 | INFO | Epoch 862 Train Time 67.84075021743774s

2025-10-26 12:58:08,646 | INFO | Training epoch 863, Batch 1000/1000: LR=6.11e-05, Loss=4.89e-03 BER=1.77e-03 FER=3.50e-02
2025-10-26 12:58:08,729 | INFO | Epoch 863 Train Time 80.64221692085266s

2025-10-26 12:59:21,643 | INFO | Training epoch 864, Batch 1000/1000: LR=6.11e-05, Loss=4.81e-03 BER=1.71e-03 FER=3.50e-02
2025-10-26 12:59:21,728 | INFO | Epoch 864 Train Time 72.99627614021301s

2025-10-26 13:00:36,900 | INFO | Training epoch 865, Batch 1000/1000: LR=6.10e-05, Loss=5.03e-03 BER=1.81e-03 FER=3.59e-02
2025-10-26 13:00:36,970 | INFO | Epoch 865 Train Time 75.23934245109558s

2025-10-26 13:01:51,884 | INFO | Training epoch 866, Batch 1000/1000: LR=6.09e-05, Loss=5.00e-03 BER=1.80e-03 FER=3.56e-02
2025-10-26 13:01:51,977 | INFO | Epoch 866 Train Time 75.00435018539429s

2025-10-26 13:03:01,822 | INFO | Training epoch 867, Batch 1000/1000: LR=6.08e-05, Loss=4.77e-03 BER=1.70e-03 FER=3.45e-02
2025-10-26 13:03:01,907 | INFO | Epoch 867 Train Time 69.9277069568634s

2025-10-26 13:04:19,562 | INFO | Training epoch 868, Batch 1000/1000: LR=6.08e-05, Loss=4.99e-03 BER=1.78e-03 FER=3.54e-02
2025-10-26 13:04:19,622 | INFO | Epoch 868 Train Time 77.71286129951477s

2025-10-26 13:05:35,978 | INFO | Training epoch 869, Batch 1000/1000: LR=6.07e-05, Loss=5.02e-03 BER=1.80e-03 FER=3.55e-02
2025-10-26 13:05:36,050 | INFO | Epoch 869 Train Time 76.42704820632935s

2025-10-26 13:06:43,847 | INFO | Training epoch 870, Batch 1000/1000: LR=6.06e-05, Loss=5.13e-03 BER=1.83e-03 FER=3.60e-02
2025-10-26 13:06:43,945 | INFO | Epoch 870 Train Time 67.89410281181335s

2025-10-26 13:07:54,047 | INFO | Training epoch 871, Batch 1000/1000: LR=6.05e-05, Loss=4.91e-03 BER=1.77e-03 FER=3.52e-02
2025-10-26 13:07:54,138 | INFO | Epoch 871 Train Time 70.19107937812805s

2025-10-26 13:09:11,276 | INFO | Training epoch 872, Batch 1000/1000: LR=6.05e-05, Loss=5.02e-03 BER=1.80e-03 FER=3.54e-02
2025-10-26 13:09:11,353 | INFO | Epoch 872 Train Time 77.21433329582214s

2025-10-26 13:10:24,943 | INFO | Training epoch 873, Batch 1000/1000: LR=6.04e-05, Loss=4.99e-03 BER=1.78e-03 FER=3.53e-02
2025-10-26 13:10:25,063 | INFO | Epoch 873 Train Time 73.70892262458801s

2025-10-26 13:11:39,137 | INFO | Training epoch 874, Batch 1000/1000: LR=6.03e-05, Loss=4.84e-03 BER=1.72e-03 FER=3.45e-02
2025-10-26 13:11:39,230 | INFO | Epoch 874 Train Time 74.16409158706665s

2025-10-26 13:12:45,066 | INFO | Training epoch 875, Batch 1000/1000: LR=6.02e-05, Loss=4.98e-03 BER=1.80e-03 FER=3.57e-02
2025-10-26 13:12:45,141 | INFO | Epoch 875 Train Time 65.9082977771759s

2025-10-26 13:13:59,298 | INFO | Training epoch 876, Batch 1000/1000: LR=6.02e-05, Loss=4.89e-03 BER=1.77e-03 FER=3.50e-02
2025-10-26 13:13:59,379 | INFO | Epoch 876 Train Time 74.23734092712402s

2025-10-26 13:15:08,558 | INFO | Training epoch 877, Batch 1000/1000: LR=6.01e-05, Loss=4.74e-03 BER=1.70e-03 FER=3.42e-02
2025-10-26 13:15:08,614 | INFO | Epoch 877 Train Time 69.23345470428467s

2025-10-26 13:15:08,614 | INFO | [P2] saving best_model (QAT) with loss 0.004738 at epoch 877
2025-10-26 13:16:19,810 | INFO | Training epoch 878, Batch 1000/1000: LR=6.00e-05, Loss=4.89e-03 BER=1.76e-03 FER=3.50e-02
2025-10-26 13:16:19,887 | INFO | Epoch 878 Train Time 71.19894814491272s

2025-10-26 13:17:30,757 | INFO | Training epoch 879, Batch 1000/1000: LR=5.99e-05, Loss=4.91e-03 BER=1.75e-03 FER=3.49e-02
2025-10-26 13:17:30,826 | INFO | Epoch 879 Train Time 70.9371817111969s

2025-10-26 13:18:43,083 | INFO | Training epoch 880, Batch 1000/1000: LR=5.99e-05, Loss=4.74e-03 BER=1.72e-03 FER=3.39e-02
2025-10-26 13:18:43,159 | INFO | Epoch 880 Train Time 72.3325707912445s

2025-10-26 13:20:00,354 | INFO | Training epoch 881, Batch 1000/1000: LR=5.98e-05, Loss=4.87e-03 BER=1.77e-03 FER=3.51e-02
2025-10-26 13:20:00,445 | INFO | Epoch 881 Train Time 77.28420782089233s

2025-10-26 13:21:15,055 | INFO | Training epoch 882, Batch 1000/1000: LR=5.97e-05, Loss=4.79e-03 BER=1.72e-03 FER=3.47e-02
2025-10-26 13:21:15,126 | INFO | Epoch 882 Train Time 74.67963647842407s

2025-10-26 13:22:33,410 | INFO | Training epoch 883, Batch 1000/1000: LR=5.96e-05, Loss=4.92e-03 BER=1.77e-03 FER=3.55e-02
2025-10-26 13:22:33,479 | INFO | Epoch 883 Train Time 78.34994316101074s

2025-10-26 13:23:51,444 | INFO | Training epoch 884, Batch 1000/1000: LR=5.95e-05, Loss=4.93e-03 BER=1.77e-03 FER=3.53e-02
2025-10-26 13:23:51,512 | INFO | Epoch 884 Train Time 78.03027129173279s

2025-10-26 13:25:13,936 | INFO | Training epoch 885, Batch 1000/1000: LR=5.95e-05, Loss=5.03e-03 BER=1.80e-03 FER=3.55e-02
2025-10-26 13:25:14,029 | INFO | Epoch 885 Train Time 82.5155189037323s

2025-10-26 13:26:32,744 | INFO | Training epoch 886, Batch 1000/1000: LR=5.94e-05, Loss=4.99e-03 BER=1.78e-03 FER=3.52e-02
2025-10-26 13:26:32,844 | INFO | Epoch 886 Train Time 78.81411719322205s

2025-10-26 13:27:51,409 | INFO | Training epoch 887, Batch 1000/1000: LR=5.93e-05, Loss=4.90e-03 BER=1.75e-03 FER=3.45e-02
2025-10-26 13:27:51,493 | INFO | Epoch 887 Train Time 78.64632844924927s

2025-10-26 13:29:05,575 | INFO | Training epoch 888, Batch 1000/1000: LR=5.92e-05, Loss=4.95e-03 BER=1.77e-03 FER=3.57e-02
2025-10-26 13:29:05,662 | INFO | Epoch 888 Train Time 74.16733312606812s

2025-10-26 13:30:19,779 | INFO | Training epoch 889, Batch 1000/1000: LR=5.92e-05, Loss=4.89e-03 BER=1.74e-03 FER=3.48e-02
2025-10-26 13:30:19,882 | INFO | Epoch 889 Train Time 74.21840739250183s

2025-10-26 13:31:29,656 | INFO | Training epoch 890, Batch 1000/1000: LR=5.91e-05, Loss=4.97e-03 BER=1.78e-03 FER=3.51e-02
2025-10-26 13:31:29,725 | INFO | Epoch 890 Train Time 69.84048509597778s

2025-10-26 13:32:43,147 | INFO | Training epoch 891, Batch 1000/1000: LR=5.90e-05, Loss=4.96e-03 BER=1.80e-03 FER=3.55e-02
2025-10-26 13:32:43,250 | INFO | Epoch 891 Train Time 73.52035355567932s

2025-10-26 13:33:55,358 | INFO | Training epoch 892, Batch 1000/1000: LR=5.89e-05, Loss=4.97e-03 BER=1.78e-03 FER=3.56e-02
2025-10-26 13:33:55,414 | INFO | Epoch 892 Train Time 72.16357159614563s

2025-10-26 13:35:02,760 | INFO | Training epoch 893, Batch 1000/1000: LR=5.89e-05, Loss=4.99e-03 BER=1.77e-03 FER=3.55e-02
2025-10-26 13:35:02,836 | INFO | Epoch 893 Train Time 67.42074680328369s

2025-10-26 13:36:18,464 | INFO | Training epoch 894, Batch 1000/1000: LR=5.88e-05, Loss=4.91e-03 BER=1.76e-03 FER=3.47e-02
2025-10-26 13:36:18,529 | INFO | Epoch 894 Train Time 75.691166639328s

2025-10-26 13:37:24,138 | INFO | Training epoch 895, Batch 1000/1000: LR=5.87e-05, Loss=4.95e-03 BER=1.77e-03 FER=3.59e-02
2025-10-26 13:37:24,231 | INFO | Epoch 895 Train Time 65.70023965835571s

2025-10-26 13:38:39,790 | INFO | Training epoch 896, Batch 1000/1000: LR=5.86e-05, Loss=5.11e-03 BER=1.81e-03 FER=3.56e-02
2025-10-26 13:38:39,860 | INFO | Epoch 896 Train Time 75.62785387039185s

2025-10-26 13:39:47,458 | INFO | Training epoch 897, Batch 1000/1000: LR=5.86e-05, Loss=4.85e-03 BER=1.76e-03 FER=3.56e-02
2025-10-26 13:39:47,533 | INFO | Epoch 897 Train Time 67.67090272903442s

2025-10-26 13:41:01,085 | INFO | Training epoch 898, Batch 1000/1000: LR=5.85e-05, Loss=4.81e-03 BER=1.71e-03 FER=3.44e-02
2025-10-26 13:41:01,169 | INFO | Epoch 898 Train Time 73.63435363769531s

2025-10-26 13:42:16,098 | INFO | Training epoch 899, Batch 1000/1000: LR=5.84e-05, Loss=5.02e-03 BER=1.81e-03 FER=3.57e-02
2025-10-26 13:42:16,193 | INFO | Epoch 899 Train Time 75.02287864685059s

2025-10-26 13:43:35,173 | INFO | Training epoch 900, Batch 1000/1000: LR=5.83e-05, Loss=4.91e-03 BER=1.76e-03 FER=3.52e-02
2025-10-26 13:43:35,252 | INFO | Epoch 900 Train Time 79.05873990058899s

2025-10-26 13:44:47,881 | INFO | Training epoch 901, Batch 1000/1000: LR=5.82e-05, Loss=4.95e-03 BER=1.77e-03 FER=3.57e-02
2025-10-26 13:44:47,953 | INFO | Epoch 901 Train Time 72.69909429550171s

2025-10-26 13:46:01,070 | INFO | Training epoch 902, Batch 1000/1000: LR=5.82e-05, Loss=4.89e-03 BER=1.75e-03 FER=3.50e-02
2025-10-26 13:46:01,112 | INFO | Epoch 902 Train Time 73.15731978416443s

2025-10-26 13:47:18,892 | INFO | Training epoch 903, Batch 1000/1000: LR=5.81e-05, Loss=4.92e-03 BER=1.79e-03 FER=3.56e-02
2025-10-26 13:47:18,984 | INFO | Epoch 903 Train Time 77.87042903900146s

2025-10-26 13:48:29,677 | INFO | Training epoch 904, Batch 1000/1000: LR=5.80e-05, Loss=5.01e-03 BER=1.79e-03 FER=3.58e-02
2025-10-26 13:48:29,729 | INFO | Epoch 904 Train Time 70.74263095855713s

2025-10-26 13:49:39,864 | INFO | Training epoch 905, Batch 1000/1000: LR=5.79e-05, Loss=4.93e-03 BER=1.76e-03 FER=3.50e-02
2025-10-26 13:49:39,948 | INFO | Epoch 905 Train Time 70.21797275543213s

2025-10-26 13:50:53,596 | INFO | Training epoch 906, Batch 1000/1000: LR=5.79e-05, Loss=4.68e-03 BER=1.68e-03 FER=3.38e-02
2025-10-26 13:50:53,671 | INFO | Epoch 906 Train Time 73.72191023826599s

2025-10-26 13:50:53,671 | INFO | [P2] saving best_model (QAT) with loss 0.004680 at epoch 906
2025-10-26 13:52:12,462 | INFO | Training epoch 907, Batch 1000/1000: LR=5.78e-05, Loss=4.77e-03 BER=1.70e-03 FER=3.43e-02
2025-10-26 13:52:12,523 | INFO | Epoch 907 Train Time 78.78069019317627s

2025-10-26 13:53:28,573 | INFO | Training epoch 908, Batch 1000/1000: LR=5.77e-05, Loss=4.84e-03 BER=1.73e-03 FER=3.43e-02
2025-10-26 13:53:28,638 | INFO | Epoch 908 Train Time 76.11193656921387s

2025-10-26 13:54:39,728 | INFO | Training epoch 909, Batch 1000/1000: LR=5.76e-05, Loss=4.90e-03 BER=1.76e-03 FER=3.48e-02
2025-10-26 13:54:39,828 | INFO | Epoch 909 Train Time 71.18969202041626s

2025-10-26 13:55:54,267 | INFO | Training epoch 910, Batch 1000/1000: LR=5.76e-05, Loss=4.85e-03 BER=1.73e-03 FER=3.47e-02
2025-10-26 13:55:54,316 | INFO | Epoch 910 Train Time 74.48556733131409s

2025-10-26 13:57:06,944 | INFO | Training epoch 911, Batch 1000/1000: LR=5.75e-05, Loss=4.88e-03 BER=1.75e-03 FER=3.49e-02
2025-10-26 13:57:07,034 | INFO | Epoch 911 Train Time 72.71671485900879s

2025-10-26 13:58:23,098 | INFO | Training epoch 912, Batch 1000/1000: LR=5.74e-05, Loss=4.88e-03 BER=1.74e-03 FER=3.47e-02
2025-10-26 13:58:23,211 | INFO | Epoch 912 Train Time 76.17348957061768s

2025-10-26 13:59:36,163 | INFO | Training epoch 913, Batch 1000/1000: LR=5.73e-05, Loss=4.87e-03 BER=1.74e-03 FER=3.50e-02
2025-10-26 13:59:36,243 | INFO | Epoch 913 Train Time 73.02682185173035s

2025-10-26 14:00:48,748 | INFO | Training epoch 914, Batch 1000/1000: LR=5.72e-05, Loss=4.89e-03 BER=1.77e-03 FER=3.54e-02
2025-10-26 14:00:48,849 | INFO | Epoch 914 Train Time 72.60355925559998s

2025-10-26 14:02:06,189 | INFO | Training epoch 915, Batch 1000/1000: LR=5.72e-05, Loss=4.88e-03 BER=1.75e-03 FER=3.46e-02
2025-10-26 14:02:06,281 | INFO | Epoch 915 Train Time 77.43085217475891s

2025-10-26 14:03:26,383 | INFO | Training epoch 916, Batch 1000/1000: LR=5.71e-05, Loss=4.93e-03 BER=1.77e-03 FER=3.54e-02
2025-10-26 14:03:26,459 | INFO | Epoch 916 Train Time 80.17675399780273s

2025-10-26 14:04:48,042 | INFO | Training epoch 917, Batch 1000/1000: LR=5.70e-05, Loss=4.76e-03 BER=1.72e-03 FER=3.46e-02
2025-10-26 14:04:48,142 | INFO | Epoch 917 Train Time 81.68102717399597s

2025-10-26 14:06:03,032 | INFO | Training epoch 918, Batch 1000/1000: LR=5.69e-05, Loss=4.94e-03 BER=1.78e-03 FER=3.55e-02
2025-10-26 14:06:03,125 | INFO | Epoch 918 Train Time 74.98083639144897s

2025-10-26 14:07:22,699 | INFO | Training epoch 919, Batch 1000/1000: LR=5.69e-05, Loss=4.94e-03 BER=1.77e-03 FER=3.51e-02
2025-10-26 14:07:22,797 | INFO | Epoch 919 Train Time 79.6696412563324s

2025-10-26 14:08:36,065 | INFO | Training epoch 920, Batch 1000/1000: LR=5.68e-05, Loss=4.94e-03 BER=1.79e-03 FER=3.54e-02
2025-10-26 14:08:36,127 | INFO | Epoch 920 Train Time 73.32793140411377s

2025-10-26 14:09:46,444 | INFO | Training epoch 921, Batch 1000/1000: LR=5.67e-05, Loss=5.05e-03 BER=1.82e-03 FER=3.64e-02
2025-10-26 14:09:46,520 | INFO | Epoch 921 Train Time 70.39171433448792s

2025-10-26 14:11:04,644 | INFO | Training epoch 922, Batch 1000/1000: LR=5.66e-05, Loss=5.00e-03 BER=1.79e-03 FER=3.58e-02
2025-10-26 14:11:04,736 | INFO | Epoch 922 Train Time 78.21430706977844s

2025-10-26 14:12:20,260 | INFO | Training epoch 923, Batch 1000/1000: LR=5.65e-05, Loss=4.72e-03 BER=1.70e-03 FER=3.41e-02
2025-10-26 14:12:20,344 | INFO | Epoch 923 Train Time 75.60603547096252s

2025-10-26 14:13:35,098 | INFO | Training epoch 924, Batch 1000/1000: LR=5.65e-05, Loss=5.03e-03 BER=1.79e-03 FER=3.56e-02
2025-10-26 14:13:35,148 | INFO | Epoch 924 Train Time 74.80303740501404s

2025-10-26 14:14:51,451 | INFO | Training epoch 925, Batch 1000/1000: LR=5.64e-05, Loss=5.02e-03 BER=1.80e-03 FER=3.53e-02
2025-10-26 14:14:51,535 | INFO | Epoch 925 Train Time 76.38560366630554s

2025-10-26 14:16:00,246 | INFO | Training epoch 926, Batch 1000/1000: LR=5.63e-05, Loss=4.85e-03 BER=1.73e-03 FER=3.45e-02
2025-10-26 14:16:00,325 | INFO | Epoch 926 Train Time 68.7873010635376s

2025-10-26 14:17:15,506 | INFO | Training epoch 927, Batch 1000/1000: LR=5.62e-05, Loss=4.83e-03 BER=1.73e-03 FER=3.48e-02
2025-10-26 14:17:15,571 | INFO | Epoch 927 Train Time 75.24442386627197s

2025-10-26 14:18:34,692 | INFO | Training epoch 928, Batch 1000/1000: LR=5.62e-05, Loss=5.01e-03 BER=1.79e-03 FER=3.52e-02
2025-10-26 14:18:34,782 | INFO | Epoch 928 Train Time 79.21046423912048s

2025-10-26 14:19:52,972 | INFO | Training epoch 929, Batch 1000/1000: LR=5.61e-05, Loss=4.97e-03 BER=1.78e-03 FER=3.51e-02
2025-10-26 14:19:53,036 | INFO | Epoch 929 Train Time 78.2500650882721s

2025-10-26 14:21:09,853 | INFO | Training epoch 930, Batch 1000/1000: LR=5.60e-05, Loss=4.82e-03 BER=1.72e-03 FER=3.43e-02
2025-10-26 14:21:09,926 | INFO | Epoch 930 Train Time 76.88849401473999s

2025-10-26 14:22:27,525 | INFO | Training epoch 931, Batch 1000/1000: LR=5.59e-05, Loss=4.89e-03 BER=1.75e-03 FER=3.47e-02
2025-10-26 14:22:27,602 | INFO | Epoch 931 Train Time 77.67453646659851s

2025-10-26 14:23:43,671 | INFO | Training epoch 932, Batch 1000/1000: LR=5.59e-05, Loss=4.88e-03 BER=1.75e-03 FER=3.56e-02
2025-10-26 14:23:43,734 | INFO | Epoch 932 Train Time 76.13122510910034s

2025-10-26 14:24:57,560 | INFO | Training epoch 933, Batch 1000/1000: LR=5.58e-05, Loss=4.84e-03 BER=1.74e-03 FER=3.46e-02
2025-10-26 14:24:57,629 | INFO | Epoch 933 Train Time 73.89345216751099s

2025-10-26 14:26:06,447 | INFO | Training epoch 934, Batch 1000/1000: LR=5.57e-05, Loss=4.87e-03 BER=1.74e-03 FER=3.49e-02
2025-10-26 14:26:06,542 | INFO | Epoch 934 Train Time 68.91161608695984s

2025-10-26 14:27:13,919 | INFO | Training epoch 935, Batch 1000/1000: LR=5.56e-05, Loss=5.04e-03 BER=1.82e-03 FER=3.66e-02
2025-10-26 14:27:13,980 | INFO | Epoch 935 Train Time 67.43587589263916s

2025-10-26 14:28:26,449 | INFO | Training epoch 936, Batch 1000/1000: LR=5.55e-05, Loss=4.84e-03 BER=1.73e-03 FER=3.45e-02
2025-10-26 14:28:26,542 | INFO | Epoch 936 Train Time 72.559805393219s

2025-10-26 14:29:41,966 | INFO | Training epoch 937, Batch 1000/1000: LR=5.55e-05, Loss=4.76e-03 BER=1.74e-03 FER=3.44e-02
2025-10-26 14:29:42,048 | INFO | Epoch 937 Train Time 75.5053129196167s

2025-10-26 14:31:04,672 | INFO | Training epoch 938, Batch 1000/1000: LR=5.54e-05, Loss=4.90e-03 BER=1.76e-03 FER=3.56e-02
2025-10-26 14:31:04,730 | INFO | Epoch 938 Train Time 82.67911076545715s

2025-10-26 14:32:19,863 | INFO | Training epoch 939, Batch 1000/1000: LR=5.53e-05, Loss=4.85e-03 BER=1.76e-03 FER=3.50e-02
2025-10-26 14:32:19,929 | INFO | Epoch 939 Train Time 75.19797277450562s

2025-10-26 14:33:34,877 | INFO | Training epoch 940, Batch 1000/1000: LR=5.52e-05, Loss=4.91e-03 BER=1.75e-03 FER=3.48e-02
2025-10-26 14:33:34,945 | INFO | Epoch 940 Train Time 75.0144419670105s

2025-10-26 14:34:51,463 | INFO | Training epoch 941, Batch 1000/1000: LR=5.52e-05, Loss=4.92e-03 BER=1.76e-03 FER=3.50e-02
2025-10-26 14:34:51,549 | INFO | Epoch 941 Train Time 76.60205054283142s

2025-10-26 14:36:03,268 | INFO | Training epoch 942, Batch 1000/1000: LR=5.51e-05, Loss=4.91e-03 BER=1.76e-03 FER=3.46e-02
2025-10-26 14:36:03,325 | INFO | Epoch 942 Train Time 71.77538228034973s

2025-10-26 14:37:18,160 | INFO | Training epoch 943, Batch 1000/1000: LR=5.50e-05, Loss=4.91e-03 BER=1.76e-03 FER=3.50e-02
2025-10-26 14:37:18,228 | INFO | Epoch 943 Train Time 74.90154147148132s

2025-10-26 14:38:31,750 | INFO | Training epoch 944, Batch 1000/1000: LR=5.49e-05, Loss=4.91e-03 BER=1.78e-03 FER=3.53e-02
2025-10-26 14:38:31,824 | INFO | Epoch 944 Train Time 73.59548354148865s

2025-10-26 14:39:43,262 | INFO | Training epoch 945, Batch 1000/1000: LR=5.48e-05, Loss=4.82e-03 BER=1.73e-03 FER=3.45e-02
2025-10-26 14:39:43,333 | INFO | Epoch 945 Train Time 71.50660490989685s

2025-10-26 14:41:02,646 | INFO | Training epoch 946, Batch 1000/1000: LR=5.48e-05, Loss=4.96e-03 BER=1.77e-03 FER=3.54e-02
2025-10-26 14:41:02,743 | INFO | Epoch 946 Train Time 79.40915966033936s

2025-10-26 14:42:16,170 | INFO | Training epoch 947, Batch 1000/1000: LR=5.47e-05, Loss=4.72e-03 BER=1.70e-03 FER=3.40e-02
2025-10-26 14:42:16,268 | INFO | Epoch 947 Train Time 73.52322912216187s

2025-10-26 14:43:40,365 | INFO | Training epoch 948, Batch 1000/1000: LR=5.46e-05, Loss=4.94e-03 BER=1.75e-03 FER=3.51e-02
2025-10-26 14:43:40,434 | INFO | Epoch 948 Train Time 84.16536045074463s

2025-10-26 14:44:52,883 | INFO | Training epoch 949, Batch 1000/1000: LR=5.45e-05, Loss=4.77e-03 BER=1.73e-03 FER=3.44e-02
2025-10-26 14:44:52,934 | INFO | Epoch 949 Train Time 72.49859476089478s

2025-10-26 14:46:05,923 | INFO | Training epoch 950, Batch 1000/1000: LR=5.45e-05, Loss=5.01e-03 BER=1.78e-03 FER=3.52e-02
2025-10-26 14:46:05,976 | INFO | Epoch 950 Train Time 73.04060626029968s

2025-10-26 14:47:24,562 | INFO | Training epoch 951, Batch 1000/1000: LR=5.44e-05, Loss=4.85e-03 BER=1.73e-03 FER=3.43e-02
2025-10-26 14:47:24,636 | INFO | Epoch 951 Train Time 78.65837526321411s

2025-10-26 14:48:37,881 | INFO | Training epoch 952, Batch 1000/1000: LR=5.43e-05, Loss=4.82e-03 BER=1.73e-03 FER=3.43e-02
2025-10-26 14:48:37,954 | INFO | Epoch 952 Train Time 73.31700348854065s

2025-10-26 14:49:49,676 | INFO | Training epoch 953, Batch 1000/1000: LR=5.42e-05, Loss=4.86e-03 BER=1.74e-03 FER=3.46e-02
2025-10-26 14:49:49,768 | INFO | Epoch 953 Train Time 71.81235647201538s

2025-10-26 14:51:03,672 | INFO | Training epoch 954, Batch 1000/1000: LR=5.42e-05, Loss=4.81e-03 BER=1.72e-03 FER=3.48e-02
2025-10-26 14:51:03,768 | INFO | Epoch 954 Train Time 73.99740600585938s

2025-10-26 14:52:11,695 | INFO | Training epoch 955, Batch 1000/1000: LR=5.41e-05, Loss=4.76e-03 BER=1.70e-03 FER=3.42e-02
2025-10-26 14:52:11,751 | INFO | Epoch 955 Train Time 67.98078989982605s

2025-10-26 14:53:21,335 | INFO | Training epoch 956, Batch 1000/1000: LR=5.40e-05, Loss=4.96e-03 BER=1.77e-03 FER=3.47e-02
2025-10-26 14:53:21,429 | INFO | Epoch 956 Train Time 69.67708778381348s

2025-10-26 14:54:40,211 | INFO | Training epoch 957, Batch 1000/1000: LR=5.39e-05, Loss=4.90e-03 BER=1.77e-03 FER=3.50e-02
2025-10-26 14:54:40,288 | INFO | Epoch 957 Train Time 78.8573739528656s

2025-10-26 14:55:43,557 | INFO | Training epoch 958, Batch 1000/1000: LR=5.38e-05, Loss=4.99e-03 BER=1.80e-03 FER=3.60e-02
2025-10-26 14:55:43,622 | INFO | Epoch 958 Train Time 63.33346104621887s

2025-10-26 14:56:49,651 | INFO | Training epoch 959, Batch 1000/1000: LR=5.38e-05, Loss=4.90e-03 BER=1.77e-03 FER=3.52e-02
2025-10-26 14:56:49,723 | INFO | Epoch 959 Train Time 66.09856700897217s

2025-10-26 14:58:02,774 | INFO | Training epoch 960, Batch 1000/1000: LR=5.37e-05, Loss=4.84e-03 BER=1.73e-03 FER=3.43e-02
2025-10-26 14:58:02,833 | INFO | Epoch 960 Train Time 73.10933184623718s

2025-10-26 14:59:17,642 | INFO | Training epoch 961, Batch 1000/1000: LR=5.36e-05, Loss=4.94e-03 BER=1.75e-03 FER=3.47e-02
2025-10-26 14:59:17,733 | INFO | Epoch 961 Train Time 74.89920139312744s

2025-10-26 15:00:34,794 | INFO | Training epoch 962, Batch 1000/1000: LR=5.35e-05, Loss=4.85e-03 BER=1.76e-03 FER=3.51e-02
2025-10-26 15:00:34,879 | INFO | Epoch 962 Train Time 77.14374017715454s

2025-10-26 15:01:48,067 | INFO | Training epoch 963, Batch 1000/1000: LR=5.35e-05, Loss=4.88e-03 BER=1.74e-03 FER=3.46e-02
2025-10-26 15:01:48,141 | INFO | Epoch 963 Train Time 73.26018238067627s

2025-10-26 15:03:14,142 | INFO | Training epoch 964, Batch 1000/1000: LR=5.34e-05, Loss=4.96e-03 BER=1.77e-03 FER=3.54e-02
2025-10-26 15:03:14,232 | INFO | Epoch 964 Train Time 86.08714556694031s

2025-10-26 15:04:24,266 | INFO | Training epoch 965, Batch 1000/1000: LR=5.33e-05, Loss=4.77e-03 BER=1.74e-03 FER=3.44e-02
2025-10-26 15:04:24,368 | INFO | Epoch 965 Train Time 70.13495898246765s

2025-10-26 15:05:41,426 | INFO | Training epoch 966, Batch 1000/1000: LR=5.32e-05, Loss=4.88e-03 BER=1.77e-03 FER=3.48e-02
2025-10-26 15:05:41,539 | INFO | Epoch 966 Train Time 77.17028307914734s

2025-10-26 15:06:48,434 | INFO | Training epoch 967, Batch 1000/1000: LR=5.31e-05, Loss=4.88e-03 BER=1.75e-03 FER=3.49e-02
2025-10-26 15:06:48,509 | INFO | Epoch 967 Train Time 66.96729159355164s

2025-10-26 15:08:00,402 | INFO | Training epoch 968, Batch 1000/1000: LR=5.31e-05, Loss=4.80e-03 BER=1.71e-03 FER=3.39e-02
2025-10-26 15:08:00,457 | INFO | Epoch 968 Train Time 71.94636845588684s

2025-10-26 15:09:09,954 | INFO | Training epoch 969, Batch 1000/1000: LR=5.30e-05, Loss=4.77e-03 BER=1.71e-03 FER=3.41e-02
2025-10-26 15:09:10,024 | INFO | Epoch 969 Train Time 69.56580758094788s

2025-10-26 15:10:18,789 | INFO | Training epoch 970, Batch 1000/1000: LR=5.29e-05, Loss=4.72e-03 BER=1.72e-03 FER=3.43e-02
2025-10-26 15:10:18,884 | INFO | Epoch 970 Train Time 68.85871362686157s

2025-10-26 15:11:37,167 | INFO | Training epoch 971, Batch 1000/1000: LR=5.28e-05, Loss=4.77e-03 BER=1.70e-03 FER=3.46e-02
2025-10-26 15:11:37,217 | INFO | Epoch 971 Train Time 78.32960605621338s

2025-10-26 15:12:49,722 | INFO | Training epoch 972, Batch 1000/1000: LR=5.28e-05, Loss=4.89e-03 BER=1.75e-03 FER=3.44e-02
2025-10-26 15:12:49,771 | INFO | Epoch 972 Train Time 72.55313897132874s

2025-10-26 15:14:13,416 | INFO | Training epoch 973, Batch 1000/1000: LR=5.27e-05, Loss=4.83e-03 BER=1.72e-03 FER=3.44e-02
2025-10-26 15:14:13,499 | INFO | Epoch 973 Train Time 83.72692942619324s

2025-10-26 15:15:28,011 | INFO | Training epoch 974, Batch 1000/1000: LR=5.26e-05, Loss=4.84e-03 BER=1.73e-03 FER=3.47e-02
2025-10-26 15:15:28,101 | INFO | Epoch 974 Train Time 74.60068464279175s

2025-10-26 15:16:50,845 | INFO | Training epoch 975, Batch 1000/1000: LR=5.25e-05, Loss=4.86e-03 BER=1.75e-03 FER=3.48e-02
2025-10-26 15:16:50,933 | INFO | Epoch 975 Train Time 82.8311972618103s

2025-10-26 15:18:05,697 | INFO | Training epoch 976, Batch 1000/1000: LR=5.24e-05, Loss=4.82e-03 BER=1.72e-03 FER=3.39e-02
2025-10-26 15:18:05,767 | INFO | Epoch 976 Train Time 74.83058667182922s

2025-10-26 15:19:24,051 | INFO | Training epoch 977, Batch 1000/1000: LR=5.24e-05, Loss=4.75e-03 BER=1.69e-03 FER=3.41e-02
2025-10-26 15:19:24,112 | INFO | Epoch 977 Train Time 78.34375834465027s

2025-10-26 15:20:31,065 | INFO | Training epoch 978, Batch 1000/1000: LR=5.23e-05, Loss=4.95e-03 BER=1.78e-03 FER=3.52e-02
2025-10-26 15:20:31,120 | INFO | Epoch 978 Train Time 67.00630307197571s

2025-10-26 15:21:54,908 | INFO | Training epoch 979, Batch 1000/1000: LR=5.22e-05, Loss=4.82e-03 BER=1.73e-03 FER=3.44e-02
2025-10-26 15:21:54,984 | INFO | Epoch 979 Train Time 83.8632242679596s

2025-10-26 15:23:10,128 | INFO | Training epoch 980, Batch 1000/1000: LR=5.21e-05, Loss=4.78e-03 BER=1.72e-03 FER=3.44e-02
2025-10-26 15:23:10,204 | INFO | Epoch 980 Train Time 75.21764016151428s

2025-10-26 15:24:34,646 | INFO | Training epoch 981, Batch 1000/1000: LR=5.21e-05, Loss=4.83e-03 BER=1.74e-03 FER=3.42e-02
2025-10-26 15:24:34,707 | INFO | Epoch 981 Train Time 84.5013496875763s

2025-10-26 15:25:51,201 | INFO | Training epoch 982, Batch 1000/1000: LR=5.20e-05, Loss=4.95e-03 BER=1.75e-03 FER=3.44e-02
2025-10-26 15:25:51,291 | INFO | Epoch 982 Train Time 76.58315706253052s

2025-10-26 15:27:05,887 | INFO | Training epoch 983, Batch 1000/1000: LR=5.19e-05, Loss=4.98e-03 BER=1.79e-03 FER=3.56e-02
2025-10-26 15:27:05,943 | INFO | Epoch 983 Train Time 74.64940142631531s

2025-10-26 15:28:21,071 | INFO | Training epoch 984, Batch 1000/1000: LR=5.18e-05, Loss=4.92e-03 BER=1.75e-03 FER=3.48e-02
2025-10-26 15:28:21,151 | INFO | Epoch 984 Train Time 75.20571494102478s

2025-10-26 15:29:44,466 | INFO | Training epoch 985, Batch 1000/1000: LR=5.17e-05, Loss=4.77e-03 BER=1.71e-03 FER=3.40e-02
2025-10-26 15:29:44,539 | INFO | Epoch 985 Train Time 83.38656282424927s

2025-10-26 15:31:01,878 | INFO | Training epoch 986, Batch 1000/1000: LR=5.17e-05, Loss=4.92e-03 BER=1.77e-03 FER=3.44e-02
2025-10-26 15:31:01,961 | INFO | Epoch 986 Train Time 77.42033314704895s

2025-10-26 15:32:19,303 | INFO | Training epoch 987, Batch 1000/1000: LR=5.16e-05, Loss=4.90e-03 BER=1.74e-03 FER=3.50e-02
2025-10-26 15:32:19,358 | INFO | Epoch 987 Train Time 77.39633131027222s

2025-10-26 15:33:37,976 | INFO | Training epoch 988, Batch 1000/1000: LR=5.15e-05, Loss=4.97e-03 BER=1.80e-03 FER=3.55e-02
2025-10-26 15:33:38,032 | INFO | Epoch 988 Train Time 78.67187476158142s

2025-10-26 15:34:53,476 | INFO | Training epoch 989, Batch 1000/1000: LR=5.14e-05, Loss=4.80e-03 BER=1.72e-03 FER=3.46e-02
2025-10-26 15:34:53,543 | INFO | Epoch 989 Train Time 75.51095724105835s

2025-10-26 15:36:11,594 | INFO | Training epoch 990, Batch 1000/1000: LR=5.14e-05, Loss=4.85e-03 BER=1.73e-03 FER=3.47e-02
2025-10-26 15:36:11,669 | INFO | Epoch 990 Train Time 78.12353420257568s

2025-10-26 15:37:25,526 | INFO | Training epoch 991, Batch 1000/1000: LR=5.13e-05, Loss=4.74e-03 BER=1.71e-03 FER=3.42e-02
2025-10-26 15:37:25,584 | INFO | Epoch 991 Train Time 73.91426873207092s

2025-10-26 15:38:40,790 | INFO | Training epoch 992, Batch 1000/1000: LR=5.12e-05, Loss=4.83e-03 BER=1.74e-03 FER=3.43e-02
2025-10-26 15:38:40,853 | INFO | Epoch 992 Train Time 75.26784944534302s

2025-10-26 15:39:53,486 | INFO | Training epoch 993, Batch 1000/1000: LR=5.11e-05, Loss=4.85e-03 BER=1.75e-03 FER=3.41e-02
2025-10-26 15:39:53,550 | INFO | Epoch 993 Train Time 72.69544649124146s

2025-10-26 15:41:15,678 | INFO | Training epoch 994, Batch 1000/1000: LR=5.10e-05, Loss=4.85e-03 BER=1.75e-03 FER=3.47e-02
2025-10-26 15:41:15,738 | INFO | Epoch 994 Train Time 82.1873722076416s

2025-10-26 15:42:34,375 | INFO | Training epoch 995, Batch 1000/1000: LR=5.10e-05, Loss=4.82e-03 BER=1.71e-03 FER=3.41e-02
2025-10-26 15:42:34,437 | INFO | Epoch 995 Train Time 78.69787549972534s

2025-10-26 15:43:39,524 | INFO | Training epoch 996, Batch 1000/1000: LR=5.09e-05, Loss=4.88e-03 BER=1.74e-03 FER=3.46e-02
2025-10-26 15:43:39,593 | INFO | Epoch 996 Train Time 65.15483713150024s

2025-10-26 15:45:00,278 | INFO | Training epoch 997, Batch 1000/1000: LR=5.08e-05, Loss=4.65e-03 BER=1.67e-03 FER=3.35e-02
2025-10-26 15:45:00,332 | INFO | Epoch 997 Train Time 80.73745536804199s

2025-10-26 15:45:00,332 | INFO | [P2] saving best_model (QAT) with loss 0.004650 at epoch 997
2025-10-26 15:46:17,795 | INFO | Training epoch 998, Batch 1000/1000: LR=5.07e-05, Loss=4.91e-03 BER=1.78e-03 FER=3.46e-02
2025-10-26 15:46:17,865 | INFO | Epoch 998 Train Time 77.46105813980103s

2025-10-26 15:47:26,191 | INFO | Training epoch 999, Batch 1000/1000: LR=5.07e-05, Loss=4.84e-03 BER=1.71e-03 FER=3.39e-02
2025-10-26 15:47:26,257 | INFO | Epoch 999 Train Time 68.39100193977356s

2025-10-26 15:48:41,122 | INFO | Training epoch 1000, Batch 1000/1000: LR=5.06e-05, Loss=4.86e-03 BER=1.75e-03 FER=3.42e-02
2025-10-26 15:48:41,183 | INFO | Epoch 1000 Train Time 74.92473006248474s

2025-10-26 15:50:03,103 | INFO | Training epoch 1001, Batch 1000/1000: LR=5.05e-05, Loss=4.81e-03 BER=1.74e-03 FER=3.44e-02
2025-10-26 15:50:03,166 | INFO | Epoch 1001 Train Time 81.98058581352234s

2025-10-26 15:51:23,115 | INFO | Training epoch 1002, Batch 1000/1000: LR=5.04e-05, Loss=4.75e-03 BER=1.69e-03 FER=3.35e-02
2025-10-26 15:51:23,180 | INFO | Epoch 1002 Train Time 80.01183843612671s

2025-10-26 15:52:38,986 | INFO | Training epoch 1003, Batch 1000/1000: LR=5.03e-05, Loss=4.88e-03 BER=1.75e-03 FER=3.44e-02
2025-10-26 15:52:39,060 | INFO | Epoch 1003 Train Time 75.8769302368164s

2025-10-26 15:53:57,109 | INFO | Training epoch 1004, Batch 1000/1000: LR=5.03e-05, Loss=4.93e-03 BER=1.80e-03 FER=3.49e-02
2025-10-26 15:53:57,194 | INFO | Epoch 1004 Train Time 78.13203740119934s

2025-10-26 15:55:03,352 | INFO | Training epoch 1005, Batch 1000/1000: LR=5.02e-05, Loss=4.94e-03 BER=1.78e-03 FER=3.52e-02
2025-10-26 15:55:03,432 | INFO | Epoch 1005 Train Time 66.23522400856018s

2025-10-26 15:56:23,418 | INFO | Training epoch 1006, Batch 1000/1000: LR=5.01e-05, Loss=4.90e-03 BER=1.78e-03 FER=3.47e-02
2025-10-26 15:56:23,499 | INFO | Epoch 1006 Train Time 80.06405639648438s

2025-10-26 15:57:34,794 | INFO | Training epoch 1007, Batch 1000/1000: LR=5.00e-05, Loss=4.83e-03 BER=1.73e-03 FER=3.46e-02
2025-10-26 15:57:34,847 | INFO | Epoch 1007 Train Time 71.34643888473511s

2025-10-26 15:58:49,704 | INFO | Training epoch 1008, Batch 1000/1000: LR=5.00e-05, Loss=4.86e-03 BER=1.74e-03 FER=3.46e-02
2025-10-26 15:58:49,763 | INFO | Epoch 1008 Train Time 74.91558790206909s

2025-10-26 16:00:02,277 | INFO | Training epoch 1009, Batch 1000/1000: LR=4.99e-05, Loss=4.99e-03 BER=1.79e-03 FER=3.52e-02
2025-10-26 16:00:02,342 | INFO | Epoch 1009 Train Time 72.57763934135437s

2025-10-26 16:01:09,902 | INFO | Training epoch 1010, Batch 1000/1000: LR=4.98e-05, Loss=4.94e-03 BER=1.77e-03 FER=3.51e-02
2025-10-26 16:01:09,971 | INFO | Epoch 1010 Train Time 67.62759828567505s

2025-10-26 16:02:30,991 | INFO | Training epoch 1011, Batch 1000/1000: LR=4.97e-05, Loss=4.71e-03 BER=1.70e-03 FER=3.41e-02
2025-10-26 16:02:31,050 | INFO | Epoch 1011 Train Time 81.07731676101685s

2025-10-26 16:03:40,471 | INFO | Training epoch 1012, Batch 1000/1000: LR=4.96e-05, Loss=4.80e-03 BER=1.73e-03 FER=3.43e-02
2025-10-26 16:03:40,535 | INFO | Epoch 1012 Train Time 69.48218441009521s

2025-10-26 16:05:01,196 | INFO | Training epoch 1013, Batch 1000/1000: LR=4.96e-05, Loss=4.87e-03 BER=1.74e-03 FER=3.46e-02
2025-10-26 16:05:01,253 | INFO | Epoch 1013 Train Time 80.71675038337708s

2025-10-26 16:06:22,488 | INFO | Training epoch 1014, Batch 1000/1000: LR=4.95e-05, Loss=4.79e-03 BER=1.72e-03 FER=3.39e-02
2025-10-26 16:06:22,572 | INFO | Epoch 1014 Train Time 81.31740546226501s

2025-10-26 16:07:41,975 | INFO | Training epoch 1015, Batch 1000/1000: LR=4.94e-05, Loss=4.79e-03 BER=1.74e-03 FER=3.42e-02
2025-10-26 16:07:42,034 | INFO | Epoch 1015 Train Time 79.45761466026306s

2025-10-26 16:08:42,979 | INFO | Training epoch 1016, Batch 1000/1000: LR=4.93e-05, Loss=4.90e-03 BER=1.77e-03 FER=3.49e-02
2025-10-26 16:08:43,043 | INFO | Epoch 1016 Train Time 61.007264375686646s

2025-10-26 16:09:57,571 | INFO | Training epoch 1017, Batch 1000/1000: LR=4.93e-05, Loss=4.79e-03 BER=1.72e-03 FER=3.40e-02
2025-10-26 16:09:57,645 | INFO | Epoch 1017 Train Time 74.59962677955627s

2025-10-26 16:11:16,724 | INFO | Training epoch 1018, Batch 1000/1000: LR=4.92e-05, Loss=4.76e-03 BER=1.72e-03 FER=3.41e-02
2025-10-26 16:11:16,788 | INFO | Epoch 1018 Train Time 79.14188122749329s

2025-10-26 16:12:32,585 | INFO | Training epoch 1019, Batch 1000/1000: LR=4.91e-05, Loss=4.84e-03 BER=1.74e-03 FER=3.45e-02
2025-10-26 16:12:32,655 | INFO | Epoch 1019 Train Time 75.8657820224762s

2025-10-26 16:13:46,235 | INFO | Training epoch 1020, Batch 1000/1000: LR=4.90e-05, Loss=4.88e-03 BER=1.73e-03 FER=3.46e-02
2025-10-26 16:13:46,318 | INFO | Epoch 1020 Train Time 73.66121935844421s

2025-10-26 16:14:52,619 | INFO | Training epoch 1021, Batch 1000/1000: LR=4.89e-05, Loss=4.90e-03 BER=1.76e-03 FER=3.47e-02
2025-10-26 16:14:52,697 | INFO | Epoch 1021 Train Time 66.37661123275757s

2025-10-26 16:16:10,495 | INFO | Training epoch 1022, Batch 1000/1000: LR=4.89e-05, Loss=4.90e-03 BER=1.74e-03 FER=3.43e-02
2025-10-26 16:16:10,567 | INFO | Epoch 1022 Train Time 77.86863589286804s

2025-10-26 16:17:31,470 | INFO | Training epoch 1023, Batch 1000/1000: LR=4.88e-05, Loss=4.86e-03 BER=1.76e-03 FER=3.48e-02
2025-10-26 16:17:31,541 | INFO | Epoch 1023 Train Time 80.97248530387878s

2025-10-26 16:18:45,383 | INFO | Training epoch 1024, Batch 1000/1000: LR=4.87e-05, Loss=4.74e-03 BER=1.70e-03 FER=3.34e-02
2025-10-26 16:18:45,452 | INFO | Epoch 1024 Train Time 73.90928363800049s

2025-10-26 16:20:02,809 | INFO | Training epoch 1025, Batch 1000/1000: LR=4.86e-05, Loss=4.76e-03 BER=1.74e-03 FER=3.39e-02
2025-10-26 16:20:02,870 | INFO | Epoch 1025 Train Time 77.41724467277527s

2025-10-26 16:21:19,701 | INFO | Training epoch 1026, Batch 1000/1000: LR=4.86e-05, Loss=4.86e-03 BER=1.75e-03 FER=3.49e-02
2025-10-26 16:21:19,762 | INFO | Epoch 1026 Train Time 76.89122939109802s

2025-10-26 16:22:33,672 | INFO | Training epoch 1027, Batch 1000/1000: LR=4.85e-05, Loss=4.76e-03 BER=1.72e-03 FER=3.42e-02
2025-10-26 16:22:33,728 | INFO | Epoch 1027 Train Time 73.96396589279175s

2025-10-26 16:23:47,470 | INFO | Training epoch 1028, Batch 1000/1000: LR=4.84e-05, Loss=4.88e-03 BER=1.74e-03 FER=3.41e-02
2025-10-26 16:23:47,555 | INFO | Epoch 1028 Train Time 73.82544136047363s

2025-10-26 16:25:03,077 | INFO | Training epoch 1029, Batch 1000/1000: LR=4.83e-05, Loss=4.86e-03 BER=1.75e-03 FER=3.41e-02
2025-10-26 16:25:03,160 | INFO | Epoch 1029 Train Time 75.60308527946472s

2025-10-26 16:26:20,520 | INFO | Training epoch 1030, Batch 1000/1000: LR=4.82e-05, Loss=4.79e-03 BER=1.71e-03 FER=3.36e-02
2025-10-26 16:26:20,582 | INFO | Epoch 1030 Train Time 77.42064809799194s

2025-10-26 16:27:38,085 | INFO | Training epoch 1031, Batch 1000/1000: LR=4.82e-05, Loss=4.77e-03 BER=1.71e-03 FER=3.35e-02
2025-10-26 16:27:38,172 | INFO | Epoch 1031 Train Time 77.5876796245575s

2025-10-26 16:28:59,621 | INFO | Training epoch 1032, Batch 1000/1000: LR=4.81e-05, Loss=4.83e-03 BER=1.75e-03 FER=3.45e-02
2025-10-26 16:28:59,711 | INFO | Epoch 1032 Train Time 81.53774046897888s

2025-10-26 16:30:20,689 | INFO | Training epoch 1033, Batch 1000/1000: LR=4.80e-05, Loss=4.83e-03 BER=1.73e-03 FER=3.46e-02
2025-10-26 16:30:20,752 | INFO | Epoch 1033 Train Time 81.0397527217865s

2025-10-26 16:31:42,770 | INFO | Training epoch 1034, Batch 1000/1000: LR=4.79e-05, Loss=4.79e-03 BER=1.72e-03 FER=3.45e-02
2025-10-26 16:31:42,834 | INFO | Epoch 1034 Train Time 82.080162525177s

2025-10-26 16:32:56,271 | INFO | Training epoch 1035, Batch 1000/1000: LR=4.79e-05, Loss=4.77e-03 BER=1.71e-03 FER=3.42e-02
2025-10-26 16:32:56,327 | INFO | Epoch 1035 Train Time 73.49212503433228s

2025-10-26 16:34:13,175 | INFO | Training epoch 1036, Batch 1000/1000: LR=4.78e-05, Loss=4.76e-03 BER=1.71e-03 FER=3.41e-02
2025-10-26 16:34:13,229 | INFO | Epoch 1036 Train Time 76.89966130256653s

2025-10-26 16:35:24,272 | INFO | Training epoch 1037, Batch 1000/1000: LR=4.77e-05, Loss=4.93e-03 BER=1.75e-03 FER=3.46e-02
2025-10-26 16:35:24,360 | INFO | Epoch 1037 Train Time 71.12945604324341s

2025-10-26 16:36:40,120 | INFO | Training epoch 1038, Batch 1000/1000: LR=4.76e-05, Loss=5.00e-03 BER=1.80e-03 FER=3.54e-02
2025-10-26 16:36:40,200 | INFO | Epoch 1038 Train Time 75.8373441696167s

2025-10-26 16:38:04,903 | INFO | Training epoch 1039, Batch 1000/1000: LR=4.75e-05, Loss=4.74e-03 BER=1.71e-03 FER=3.39e-02
2025-10-26 16:38:04,963 | INFO | Epoch 1039 Train Time 84.7615897655487s

2025-10-26 16:39:20,773 | INFO | Training epoch 1040, Batch 1000/1000: LR=4.75e-05, Loss=4.67e-03 BER=1.69e-03 FER=3.38e-02
2025-10-26 16:39:20,828 | INFO | Epoch 1040 Train Time 75.8645749092102s

2025-10-26 16:40:40,815 | INFO | Training epoch 1041, Batch 1000/1000: LR=4.74e-05, Loss=4.74e-03 BER=1.70e-03 FER=3.35e-02
2025-10-26 16:40:40,886 | INFO | Epoch 1041 Train Time 80.05544018745422s

2025-10-26 16:42:04,619 | INFO | Training epoch 1042, Batch 1000/1000: LR=4.73e-05, Loss=4.81e-03 BER=1.74e-03 FER=3.49e-02
2025-10-26 16:42:04,670 | INFO | Epoch 1042 Train Time 83.78266477584839s

2025-10-26 16:43:21,120 | INFO | Training epoch 1043, Batch 1000/1000: LR=4.72e-05, Loss=4.77e-03 BER=1.72e-03 FER=3.36e-02
2025-10-26 16:43:21,198 | INFO | Epoch 1043 Train Time 76.52616119384766s

2025-10-26 16:44:32,873 | INFO | Training epoch 1044, Batch 1000/1000: LR=4.72e-05, Loss=4.73e-03 BER=1.70e-03 FER=3.37e-02
2025-10-26 16:44:32,943 | INFO | Epoch 1044 Train Time 71.74336194992065s

2025-10-26 16:45:53,716 | INFO | Training epoch 1045, Batch 1000/1000: LR=4.71e-05, Loss=4.90e-03 BER=1.75e-03 FER=3.42e-02
2025-10-26 16:45:53,801 | INFO | Epoch 1045 Train Time 80.85676717758179s

2025-10-26 16:47:13,490 | INFO | Training epoch 1046, Batch 1000/1000: LR=4.70e-05, Loss=4.79e-03 BER=1.70e-03 FER=3.34e-02
2025-10-26 16:47:13,552 | INFO | Epoch 1046 Train Time 79.74819993972778s

2025-10-26 16:48:33,484 | INFO | Training epoch 1047, Batch 1000/1000: LR=4.69e-05, Loss=4.93e-03 BER=1.75e-03 FER=3.44e-02
2025-10-26 16:48:33,547 | INFO | Epoch 1047 Train Time 79.99353432655334s

2025-10-26 16:49:53,379 | INFO | Training epoch 1048, Batch 1000/1000: LR=4.68e-05, Loss=4.80e-03 BER=1.74e-03 FER=3.45e-02
2025-10-26 16:49:53,462 | INFO | Epoch 1048 Train Time 79.91412734985352s

2025-10-26 16:51:12,087 | INFO | Training epoch 1049, Batch 1000/1000: LR=4.68e-05, Loss=4.74e-03 BER=1.70e-03 FER=3.37e-02
2025-10-26 16:51:12,130 | INFO | Epoch 1049 Train Time 78.66611838340759s

2025-10-26 16:52:30,951 | INFO | Training epoch 1050, Batch 1000/1000: LR=4.67e-05, Loss=4.84e-03 BER=1.74e-03 FER=3.43e-02
2025-10-26 16:52:31,018 | INFO | Epoch 1050 Train Time 78.88763952255249s

2025-10-26 16:53:40,999 | INFO | Training epoch 1051, Batch 1000/1000: LR=4.66e-05, Loss=4.74e-03 BER=1.69e-03 FER=3.40e-02
2025-10-26 16:53:41,063 | INFO | Epoch 1051 Train Time 70.04272055625916s

2025-10-26 16:54:57,269 | INFO | Training epoch 1052, Batch 1000/1000: LR=4.65e-05, Loss=4.92e-03 BER=1.73e-03 FER=3.42e-02
2025-10-26 16:54:57,320 | INFO | Epoch 1052 Train Time 76.25568199157715s

2025-10-26 16:56:08,278 | INFO | Training epoch 1053, Batch 1000/1000: LR=4.65e-05, Loss=4.65e-03 BER=1.68e-03 FER=3.37e-02
2025-10-26 16:56:08,351 | INFO | Epoch 1053 Train Time 71.02981805801392s

2025-10-26 16:57:29,187 | INFO | Training epoch 1054, Batch 1000/1000: LR=4.64e-05, Loss=4.80e-03 BER=1.72e-03 FER=3.42e-02
2025-10-26 16:57:29,261 | INFO | Epoch 1054 Train Time 80.90846633911133s

2025-10-26 16:58:37,458 | INFO | Training epoch 1055, Batch 1000/1000: LR=4.63e-05, Loss=4.80e-03 BER=1.70e-03 FER=3.34e-02
2025-10-26 16:58:37,541 | INFO | Epoch 1055 Train Time 68.27804970741272s

2025-10-26 16:59:55,775 | INFO | Training epoch 1056, Batch 1000/1000: LR=4.62e-05, Loss=4.84e-03 BER=1.75e-03 FER=3.49e-02
2025-10-26 16:59:55,837 | INFO | Epoch 1056 Train Time 78.29445552825928s

2025-10-26 17:01:11,075 | INFO | Training epoch 1057, Batch 1000/1000: LR=4.62e-05, Loss=4.83e-03 BER=1.72e-03 FER=3.39e-02
2025-10-26 17:01:11,134 | INFO | Epoch 1057 Train Time 75.29442119598389s

2025-10-26 17:02:25,471 | INFO | Training epoch 1058, Batch 1000/1000: LR=4.61e-05, Loss=4.88e-03 BER=1.76e-03 FER=3.44e-02
2025-10-26 17:02:25,536 | INFO | Epoch 1058 Train Time 74.39980745315552s

2025-10-26 17:03:34,973 | INFO | Training epoch 1059, Batch 1000/1000: LR=4.60e-05, Loss=4.98e-03 BER=1.78e-03 FER=3.51e-02
2025-10-26 17:03:35,065 | INFO | Epoch 1059 Train Time 69.52896499633789s

2025-10-26 17:04:53,488 | INFO | Training epoch 1060, Batch 1000/1000: LR=4.59e-05, Loss=4.98e-03 BER=1.77e-03 FER=3.50e-02
2025-10-26 17:04:53,552 | INFO | Epoch 1060 Train Time 78.48420858383179s

2025-10-26 17:06:09,902 | INFO | Training epoch 1061, Batch 1000/1000: LR=4.58e-05, Loss=4.78e-03 BER=1.69e-03 FER=3.37e-02
2025-10-26 17:06:09,964 | INFO | Epoch 1061 Train Time 76.4110050201416s

2025-10-26 17:07:28,272 | INFO | Training epoch 1062, Batch 1000/1000: LR=4.58e-05, Loss=4.77e-03 BER=1.71e-03 FER=3.38e-02
2025-10-26 17:07:28,330 | INFO | Epoch 1062 Train Time 78.36385655403137s

2025-10-26 17:08:41,670 | INFO | Training epoch 1063, Batch 1000/1000: LR=4.57e-05, Loss=4.92e-03 BER=1.76e-03 FER=3.46e-02
2025-10-26 17:08:41,725 | INFO | Epoch 1063 Train Time 73.39497494697571s

2025-10-26 17:10:00,917 | INFO | Training epoch 1064, Batch 1000/1000: LR=4.56e-05, Loss=4.71e-03 BER=1.70e-03 FER=3.32e-02
2025-10-26 17:10:00,992 | INFO | Epoch 1064 Train Time 79.26584053039551s

2025-10-26 17:11:18,777 | INFO | Training epoch 1065, Batch 1000/1000: LR=4.55e-05, Loss=4.91e-03 BER=1.73e-03 FER=3.44e-02
2025-10-26 17:11:18,856 | INFO | Epoch 1065 Train Time 77.86028409004211s

2025-10-26 17:12:30,009 | INFO | Training epoch 1066, Batch 1000/1000: LR=4.55e-05, Loss=4.88e-03 BER=1.76e-03 FER=3.47e-02
2025-10-26 17:12:30,093 | INFO | Epoch 1066 Train Time 71.23499917984009s

2025-10-26 17:13:49,749 | INFO | Training epoch 1067, Batch 1000/1000: LR=4.54e-05, Loss=4.96e-03 BER=1.78e-03 FER=3.45e-02
2025-10-26 17:13:49,828 | INFO | Epoch 1067 Train Time 79.73400020599365s

2025-10-26 17:15:11,747 | INFO | Training epoch 1068, Batch 1000/1000: LR=4.53e-05, Loss=4.75e-03 BER=1.68e-03 FER=3.35e-02
2025-10-26 17:15:11,823 | INFO | Epoch 1068 Train Time 81.99217414855957s

2025-10-26 17:16:31,465 | INFO | Training epoch 1069, Batch 1000/1000: LR=4.52e-05, Loss=4.65e-03 BER=1.68e-03 FER=3.31e-02
2025-10-26 17:16:31,515 | INFO | Epoch 1069 Train Time 79.69023370742798s

2025-10-26 17:16:31,516 | INFO | [P2] saving best_model (QAT) with loss 0.004648 at epoch 1069
2025-10-26 17:17:48,335 | INFO | Training epoch 1070, Batch 1000/1000: LR=4.51e-05, Loss=4.87e-03 BER=1.75e-03 FER=3.39e-02
2025-10-26 17:17:48,421 | INFO | Epoch 1070 Train Time 76.8357503414154s

2025-10-26 17:18:57,807 | INFO | Training epoch 1071, Batch 1000/1000: LR=4.51e-05, Loss=4.79e-03 BER=1.70e-03 FER=3.35e-02
2025-10-26 17:18:57,859 | INFO | Epoch 1071 Train Time 69.43671607971191s

2025-10-26 17:20:13,277 | INFO | Training epoch 1072, Batch 1000/1000: LR=4.50e-05, Loss=4.78e-03 BER=1.71e-03 FER=3.41e-02
2025-10-26 17:20:13,342 | INFO | Epoch 1072 Train Time 75.48188662528992s

2025-10-26 17:21:31,238 | INFO | Training epoch 1073, Batch 1000/1000: LR=4.49e-05, Loss=4.81e-03 BER=1.71e-03 FER=3.39e-02
2025-10-26 17:21:31,326 | INFO | Epoch 1073 Train Time 77.98151350021362s

2025-10-26 17:22:48,177 | INFO | Training epoch 1074, Batch 1000/1000: LR=4.48e-05, Loss=4.68e-03 BER=1.69e-03 FER=3.37e-02
2025-10-26 17:22:48,239 | INFO | Epoch 1074 Train Time 76.91172885894775s

2025-10-26 17:24:03,664 | INFO | Training epoch 1075, Batch 1000/1000: LR=4.48e-05, Loss=4.72e-03 BER=1.72e-03 FER=3.42e-02
2025-10-26 17:24:03,727 | INFO | Epoch 1075 Train Time 75.48562788963318s

2025-10-26 17:25:25,395 | INFO | Training epoch 1076, Batch 1000/1000: LR=4.47e-05, Loss=4.75e-03 BER=1.71e-03 FER=3.38e-02
2025-10-26 17:25:25,450 | INFO | Epoch 1076 Train Time 81.72185468673706s

2025-10-26 17:26:32,206 | INFO | Training epoch 1077, Batch 1000/1000: LR=4.46e-05, Loss=4.77e-03 BER=1.72e-03 FER=3.42e-02
2025-10-26 17:26:32,259 | INFO | Epoch 1077 Train Time 66.80669569969177s

2025-10-26 17:27:54,957 | INFO | Training epoch 1078, Batch 1000/1000: LR=4.45e-05, Loss=4.82e-03 BER=1.73e-03 FER=3.41e-02
2025-10-26 17:27:55,034 | INFO | Epoch 1078 Train Time 82.7737865447998s

2025-10-26 17:29:04,896 | INFO | Training epoch 1079, Batch 1000/1000: LR=4.45e-05, Loss=4.82e-03 BER=1.74e-03 FER=3.46e-02
2025-10-26 17:29:04,979 | INFO | Epoch 1079 Train Time 69.94392085075378s

2025-10-26 17:30:20,941 | INFO | Training epoch 1080, Batch 1000/1000: LR=4.44e-05, Loss=4.84e-03 BER=1.72e-03 FER=3.40e-02
2025-10-26 17:30:21,005 | INFO | Epoch 1080 Train Time 76.02399802207947s

2025-10-26 17:31:43,396 | INFO | Training epoch 1081, Batch 1000/1000: LR=4.43e-05, Loss=4.68e-03 BER=1.68e-03 FER=3.29e-02
2025-10-26 17:31:43,445 | INFO | Epoch 1081 Train Time 82.43922924995422s

2025-10-26 17:32:56,080 | INFO | Training epoch 1082, Batch 1000/1000: LR=4.42e-05, Loss=4.80e-03 BER=1.72e-03 FER=3.39e-02
2025-10-26 17:32:56,139 | INFO | Epoch 1082 Train Time 72.69161796569824s

2025-10-26 17:34:16,173 | INFO | Training epoch 1083, Batch 1000/1000: LR=4.41e-05, Loss=4.75e-03 BER=1.70e-03 FER=3.37e-02
2025-10-26 17:34:16,230 | INFO | Epoch 1083 Train Time 80.08964443206787s

2025-10-26 17:35:37,503 | INFO | Training epoch 1084, Batch 1000/1000: LR=4.41e-05, Loss=4.85e-03 BER=1.73e-03 FER=3.41e-02
2025-10-26 17:35:37,561 | INFO | Epoch 1084 Train Time 81.32939887046814s

2025-10-26 17:36:54,811 | INFO | Training epoch 1085, Batch 1000/1000: LR=4.40e-05, Loss=4.74e-03 BER=1.71e-03 FER=3.35e-02
2025-10-26 17:36:54,900 | INFO | Epoch 1085 Train Time 77.33884572982788s

2025-10-26 17:38:11,004 | INFO | Training epoch 1086, Batch 1000/1000: LR=4.39e-05, Loss=4.78e-03 BER=1.72e-03 FER=3.37e-02
2025-10-26 17:38:11,072 | INFO | Epoch 1086 Train Time 76.16795635223389s

2025-10-26 17:39:27,871 | INFO | Training epoch 1087, Batch 1000/1000: LR=4.38e-05, Loss=4.70e-03 BER=1.67e-03 FER=3.31e-02
2025-10-26 17:39:27,952 | INFO | Epoch 1087 Train Time 76.8791561126709s

2025-10-26 17:40:43,223 | INFO | Training epoch 1088, Batch 1000/1000: LR=4.38e-05, Loss=4.78e-03 BER=1.71e-03 FER=3.39e-02
2025-10-26 17:40:43,297 | INFO | Epoch 1088 Train Time 75.3416690826416s

2025-10-26 17:42:02,124 | INFO | Training epoch 1089, Batch 1000/1000: LR=4.37e-05, Loss=4.76e-03 BER=1.71e-03 FER=3.43e-02
2025-10-26 17:42:02,209 | INFO | Epoch 1089 Train Time 78.91020441055298s

2025-10-26 17:43:11,894 | INFO | Training epoch 1090, Batch 1000/1000: LR=4.36e-05, Loss=4.70e-03 BER=1.68e-03 FER=3.33e-02
2025-10-26 17:43:11,972 | INFO | Epoch 1090 Train Time 69.76082468032837s

2025-10-26 17:44:31,868 | INFO | Training epoch 1091, Batch 1000/1000: LR=4.35e-05, Loss=4.77e-03 BER=1.70e-03 FER=3.34e-02
2025-10-26 17:44:31,949 | INFO | Epoch 1091 Train Time 79.97490739822388s

2025-10-26 17:45:47,009 | INFO | Training epoch 1092, Batch 1000/1000: LR=4.34e-05, Loss=4.92e-03 BER=1.77e-03 FER=3.50e-02
2025-10-26 17:45:47,096 | INFO | Epoch 1092 Train Time 75.14594531059265s

2025-10-26 17:47:07,473 | INFO | Training epoch 1093, Batch 1000/1000: LR=4.34e-05, Loss=4.74e-03 BER=1.67e-03 FER=3.34e-02
2025-10-26 17:47:07,539 | INFO | Epoch 1093 Train Time 80.4405779838562s

2025-10-26 17:48:21,110 | INFO | Training epoch 1094, Batch 1000/1000: LR=4.33e-05, Loss=4.89e-03 BER=1.76e-03 FER=3.44e-02
2025-10-26 17:48:21,178 | INFO | Epoch 1094 Train Time 73.63811302185059s

2025-10-26 17:49:36,159 | INFO | Training epoch 1095, Batch 1000/1000: LR=4.32e-05, Loss=4.78e-03 BER=1.71e-03 FER=3.36e-02
2025-10-26 17:49:36,215 | INFO | Epoch 1095 Train Time 75.03496837615967s

2025-10-26 17:50:58,568 | INFO | Training epoch 1096, Batch 1000/1000: LR=4.31e-05, Loss=4.73e-03 BER=1.71e-03 FER=3.36e-02
2025-10-26 17:50:58,635 | INFO | Epoch 1096 Train Time 82.41794085502625s

2025-10-26 17:52:14,967 | INFO | Training epoch 1097, Batch 1000/1000: LR=4.31e-05, Loss=4.78e-03 BER=1.71e-03 FER=3.37e-02
2025-10-26 17:52:15,039 | INFO | Epoch 1097 Train Time 76.40143990516663s

2025-10-26 17:53:25,763 | INFO | Training epoch 1098, Batch 1000/1000: LR=4.30e-05, Loss=4.90e-03 BER=1.76e-03 FER=3.44e-02
2025-10-26 17:53:25,814 | INFO | Epoch 1098 Train Time 70.77397203445435s

2025-10-26 17:54:43,776 | INFO | Training epoch 1099, Batch 1000/1000: LR=4.29e-05, Loss=4.76e-03 BER=1.71e-03 FER=3.40e-02
2025-10-26 17:54:43,858 | INFO | Epoch 1099 Train Time 78.04226899147034s

2025-10-26 17:56:02,872 | INFO | Training epoch 1100, Batch 1000/1000: LR=4.28e-05, Loss=4.74e-03 BER=1.70e-03 FER=3.35e-02
2025-10-26 17:56:02,946 | INFO | Epoch 1100 Train Time 79.0850157737732s

2025-10-26 17:57:13,895 | INFO | Training epoch 1101, Batch 1000/1000: LR=4.28e-05, Loss=4.61e-03 BER=1.65e-03 FER=3.32e-02
2025-10-26 17:57:13,961 | INFO | Epoch 1101 Train Time 71.0130786895752s

2025-10-26 17:57:13,962 | INFO | [P2] saving best_model (QAT) with loss 0.004610 at epoch 1101
2025-10-26 17:58:31,876 | INFO | Training epoch 1102, Batch 1000/1000: LR=4.27e-05, Loss=4.76e-03 BER=1.69e-03 FER=3.36e-02
2025-10-26 17:58:31,933 | INFO | Epoch 1102 Train Time 77.90197610855103s

2025-10-26 17:59:46,696 | INFO | Training epoch 1103, Batch 1000/1000: LR=4.26e-05, Loss=4.79e-03 BER=1.69e-03 FER=3.33e-02
2025-10-26 17:59:46,749 | INFO | Epoch 1103 Train Time 74.81509184837341s

2025-10-26 18:01:01,109 | INFO | Training epoch 1104, Batch 1000/1000: LR=4.25e-05, Loss=4.79e-03 BER=1.73e-03 FER=3.37e-02
2025-10-26 18:01:01,177 | INFO | Epoch 1104 Train Time 74.42684435844421s

2025-10-26 18:02:17,474 | INFO | Training epoch 1105, Batch 1000/1000: LR=4.24e-05, Loss=4.69e-03 BER=1.69e-03 FER=3.35e-02
2025-10-26 18:02:17,535 | INFO | Epoch 1105 Train Time 76.35700678825378s

2025-10-26 18:03:33,637 | INFO | Training epoch 1106, Batch 1000/1000: LR=4.24e-05, Loss=4.72e-03 BER=1.72e-03 FER=3.37e-02
2025-10-26 18:03:33,724 | INFO | Epoch 1106 Train Time 76.18693041801453s

2025-10-26 18:04:55,773 | INFO | Training epoch 1107, Batch 1000/1000: LR=4.23e-05, Loss=4.65e-03 BER=1.68e-03 FER=3.33e-02
2025-10-26 18:04:55,845 | INFO | Epoch 1107 Train Time 82.11958432197571s

2025-10-26 18:06:08,278 | INFO | Training epoch 1108, Batch 1000/1000: LR=4.22e-05, Loss=4.74e-03 BER=1.69e-03 FER=3.28e-02
2025-10-26 18:06:08,342 | INFO | Epoch 1108 Train Time 72.4953088760376s

2025-10-26 18:07:26,108 | INFO | Training epoch 1109, Batch 1000/1000: LR=4.21e-05, Loss=4.73e-03 BER=1.71e-03 FER=3.37e-02
2025-10-26 18:07:26,188 | INFO | Epoch 1109 Train Time 77.84481501579285s

2025-10-26 18:08:44,839 | INFO | Training epoch 1110, Batch 1000/1000: LR=4.21e-05, Loss=4.86e-03 BER=1.75e-03 FER=3.42e-02
2025-10-26 18:08:44,922 | INFO | Epoch 1110 Train Time 78.73183631896973s

2025-10-26 18:10:01,482 | INFO | Training epoch 1111, Batch 1000/1000: LR=4.20e-05, Loss=4.77e-03 BER=1.70e-03 FER=3.37e-02
2025-10-26 18:10:01,576 | INFO | Epoch 1111 Train Time 76.65259766578674s

2025-10-26 18:11:19,769 | INFO | Training epoch 1112, Batch 1000/1000: LR=4.19e-05, Loss=4.79e-03 BER=1.73e-03 FER=3.37e-02
2025-10-26 18:11:19,839 | INFO | Epoch 1112 Train Time 78.26064133644104s

2025-10-26 18:12:35,190 | INFO | Training epoch 1113, Batch 1000/1000: LR=4.18e-05, Loss=4.67e-03 BER=1.69e-03 FER=3.34e-02
2025-10-26 18:12:35,257 | INFO | Epoch 1113 Train Time 75.41622376441956s

2025-10-26 18:13:55,486 | INFO | Training epoch 1114, Batch 1000/1000: LR=4.18e-05, Loss=4.63e-03 BER=1.68e-03 FER=3.34e-02
2025-10-26 18:13:55,555 | INFO | Epoch 1114 Train Time 80.29640221595764s

2025-10-26 18:15:18,789 | INFO | Training epoch 1115, Batch 1000/1000: LR=4.17e-05, Loss=4.79e-03 BER=1.70e-03 FER=3.34e-02
2025-10-26 18:15:18,847 | INFO | Epoch 1115 Train Time 83.29039692878723s

2025-10-26 18:16:37,697 | INFO | Training epoch 1116, Batch 1000/1000: LR=4.16e-05, Loss=4.78e-03 BER=1.71e-03 FER=3.37e-02
2025-10-26 18:16:37,752 | INFO | Epoch 1116 Train Time 78.90375328063965s

2025-10-26 18:17:53,477 | INFO | Training epoch 1117, Batch 1000/1000: LR=4.15e-05, Loss=4.74e-03 BER=1.70e-03 FER=3.32e-02
2025-10-26 18:17:53,523 | INFO | Epoch 1117 Train Time 75.76989102363586s

2025-10-26 18:19:03,682 | INFO | Training epoch 1118, Batch 1000/1000: LR=4.15e-05, Loss=4.82e-03 BER=1.72e-03 FER=3.37e-02
2025-10-26 18:19:03,737 | INFO | Epoch 1118 Train Time 70.21240997314453s

2025-10-26 18:20:16,087 | INFO | Training epoch 1119, Batch 1000/1000: LR=4.14e-05, Loss=4.57e-03 BER=1.65e-03 FER=3.30e-02
2025-10-26 18:20:16,139 | INFO | Epoch 1119 Train Time 72.40065717697144s

2025-10-26 18:20:16,140 | INFO | [P2] saving best_model (QAT) with loss 0.004567 at epoch 1119
2025-10-26 18:21:34,960 | INFO | Training epoch 1120, Batch 1000/1000: LR=4.13e-05, Loss=4.89e-03 BER=1.73e-03 FER=3.39e-02
2025-10-26 18:21:35,026 | INFO | Epoch 1120 Train Time 78.8349871635437s

2025-10-26 18:22:56,473 | INFO | Training epoch 1121, Batch 1000/1000: LR=4.12e-05, Loss=4.66e-03 BER=1.68e-03 FER=3.29e-02
2025-10-26 18:22:56,542 | INFO | Epoch 1121 Train Time 81.5145480632782s

2025-10-26 18:24:11,878 | INFO | Training epoch 1122, Batch 1000/1000: LR=4.11e-05, Loss=4.85e-03 BER=1.75e-03 FER=3.44e-02
2025-10-26 18:24:11,955 | INFO | Epoch 1122 Train Time 75.41217565536499s

2025-10-26 18:25:31,493 | INFO | Training epoch 1123, Batch 1000/1000: LR=4.11e-05, Loss=4.71e-03 BER=1.69e-03 FER=3.30e-02
2025-10-26 18:25:31,549 | INFO | Epoch 1123 Train Time 79.59161400794983s

2025-10-26 18:26:50,573 | INFO | Training epoch 1124, Batch 1000/1000: LR=4.10e-05, Loss=4.85e-03 BER=1.74e-03 FER=3.37e-02
2025-10-26 18:26:50,642 | INFO | Epoch 1124 Train Time 79.09217190742493s

2025-10-26 18:28:06,814 | INFO | Training epoch 1125, Batch 1000/1000: LR=4.09e-05, Loss=4.80e-03 BER=1.70e-03 FER=3.32e-02
2025-10-26 18:28:06,884 | INFO | Epoch 1125 Train Time 76.24112796783447s

2025-10-26 18:29:16,819 | INFO | Training epoch 1126, Batch 1000/1000: LR=4.08e-05, Loss=4.73e-03 BER=1.70e-03 FER=3.35e-02
2025-10-26 18:29:16,881 | INFO | Epoch 1126 Train Time 69.99509954452515s

2025-10-26 18:30:39,256 | INFO | Training epoch 1127, Batch 1000/1000: LR=4.08e-05, Loss=4.88e-03 BER=1.76e-03 FER=3.42e-02
2025-10-26 18:30:39,311 | INFO | Epoch 1127 Train Time 82.42952418327332s

2025-10-26 18:31:56,995 | INFO | Training epoch 1128, Batch 1000/1000: LR=4.07e-05, Loss=4.68e-03 BER=1.67e-03 FER=3.29e-02
2025-10-26 18:31:57,060 | INFO | Epoch 1128 Train Time 77.74630975723267s

2025-10-26 18:33:15,383 | INFO | Training epoch 1129, Batch 1000/1000: LR=4.06e-05, Loss=4.90e-03 BER=1.76e-03 FER=3.42e-02
2025-10-26 18:33:15,450 | INFO | Epoch 1129 Train Time 78.38841462135315s

2025-10-26 18:34:31,468 | INFO | Training epoch 1130, Batch 1000/1000: LR=4.05e-05, Loss=4.83e-03 BER=1.71e-03 FER=3.34e-02
2025-10-26 18:34:31,529 | INFO | Epoch 1130 Train Time 76.07660365104675s

2025-10-26 18:35:58,958 | INFO | Training epoch 1131, Batch 1000/1000: LR=4.05e-05, Loss=4.81e-03 BER=1.72e-03 FER=3.38e-02
2025-10-26 18:35:59,048 | INFO | Epoch 1131 Train Time 87.5182273387909s

2025-10-26 18:37:09,004 | INFO | Training epoch 1132, Batch 1000/1000: LR=4.04e-05, Loss=4.80e-03 BER=1.71e-03 FER=3.36e-02
2025-10-26 18:37:09,065 | INFO | Epoch 1132 Train Time 70.01604104042053s

2025-10-26 18:38:24,783 | INFO | Training epoch 1133, Batch 1000/1000: LR=4.03e-05, Loss=4.70e-03 BER=1.67e-03 FER=3.31e-02
2025-10-26 18:38:24,838 | INFO | Epoch 1133 Train Time 75.7707450389862s

2025-10-26 18:39:34,894 | INFO | Training epoch 1134, Batch 1000/1000: LR=4.02e-05, Loss=4.72e-03 BER=1.71e-03 FER=3.40e-02
2025-10-26 18:39:34,969 | INFO | Epoch 1134 Train Time 70.13042664527893s

2025-10-26 18:40:43,190 | INFO | Training epoch 1135, Batch 1000/1000: LR=4.02e-05, Loss=4.88e-03 BER=1.75e-03 FER=3.39e-02
2025-10-26 18:40:43,257 | INFO | Epoch 1135 Train Time 68.28630447387695s

2025-10-26 18:41:47,474 | INFO | Training epoch 1136, Batch 1000/1000: LR=4.01e-05, Loss=4.90e-03 BER=1.76e-03 FER=3.45e-02
2025-10-26 18:41:47,537 | INFO | Epoch 1136 Train Time 64.27921342849731s

2025-10-26 18:43:02,392 | INFO | Training epoch 1137, Batch 1000/1000: LR=4.00e-05, Loss=4.80e-03 BER=1.72e-03 FER=3.37e-02
2025-10-26 18:43:02,465 | INFO | Epoch 1137 Train Time 74.92642951011658s

2025-10-26 18:44:26,070 | INFO | Training epoch 1138, Batch 1000/1000: LR=3.99e-05, Loss=4.77e-03 BER=1.70e-03 FER=3.35e-02
2025-10-26 18:44:26,130 | INFO | Epoch 1138 Train Time 83.66319751739502s

2025-10-26 18:45:43,192 | INFO | Training epoch 1139, Batch 1000/1000: LR=3.99e-05, Loss=4.86e-03 BER=1.74e-03 FER=3.41e-02
2025-10-26 18:45:43,262 | INFO | Epoch 1139 Train Time 77.13103652000427s

2025-10-26 18:46:55,967 | INFO | Training epoch 1140, Batch 1000/1000: LR=3.98e-05, Loss=4.74e-03 BER=1.67e-03 FER=3.29e-02
2025-10-26 18:46:56,054 | INFO | Epoch 1140 Train Time 72.79055333137512s

2025-10-26 18:48:10,584 | INFO | Training epoch 1141, Batch 1000/1000: LR=3.97e-05, Loss=4.76e-03 BER=1.71e-03 FER=3.36e-02
2025-10-26 18:48:10,676 | INFO | Epoch 1141 Train Time 74.61992835998535s

2025-10-26 18:49:21,852 | INFO | Training epoch 1142, Batch 1000/1000: LR=3.96e-05, Loss=4.82e-03 BER=1.70e-03 FER=3.37e-02
2025-10-26 18:49:21,917 | INFO | Epoch 1142 Train Time 71.2383348941803s

2025-10-26 18:50:37,784 | INFO | Training epoch 1143, Batch 1000/1000: LR=3.96e-05, Loss=4.67e-03 BER=1.66e-03 FER=3.29e-02
2025-10-26 18:50:37,845 | INFO | Epoch 1143 Train Time 75.92700290679932s

2025-10-26 18:51:40,614 | INFO | Training epoch 1144, Batch 1000/1000: LR=3.95e-05, Loss=4.74e-03 BER=1.70e-03 FER=3.35e-02
2025-10-26 18:51:40,684 | INFO | Epoch 1144 Train Time 62.838754653930664s

2025-10-26 18:52:57,942 | INFO | Training epoch 1145, Batch 1000/1000: LR=3.94e-05, Loss=4.71e-03 BER=1.71e-03 FER=3.32e-02
2025-10-26 18:52:58,012 | INFO | Epoch 1145 Train Time 77.3269670009613s

2025-10-26 18:54:08,818 | INFO | Training epoch 1146, Batch 1000/1000: LR=3.93e-05, Loss=4.86e-03 BER=1.73e-03 FER=3.42e-02
2025-10-26 18:54:08,879 | INFO | Epoch 1146 Train Time 70.86491656303406s

2025-10-26 18:55:22,075 | INFO | Training epoch 1147, Batch 1000/1000: LR=3.92e-05, Loss=4.74e-03 BER=1.72e-03 FER=3.36e-02
2025-10-26 18:55:22,140 | INFO | Epoch 1147 Train Time 73.25962829589844s

2025-10-26 18:56:40,585 | INFO | Training epoch 1148, Batch 1000/1000: LR=3.92e-05, Loss=4.78e-03 BER=1.73e-03 FER=3.43e-02
2025-10-26 18:56:40,658 | INFO | Epoch 1148 Train Time 78.51629757881165s

2025-10-26 18:57:52,185 | INFO | Training epoch 1149, Batch 1000/1000: LR=3.91e-05, Loss=4.69e-03 BER=1.69e-03 FER=3.28e-02
2025-10-26 18:57:52,269 | INFO | Epoch 1149 Train Time 71.60941433906555s

2025-10-26 18:59:11,376 | INFO | Training epoch 1150, Batch 1000/1000: LR=3.90e-05, Loss=4.89e-03 BER=1.77e-03 FER=3.49e-02
2025-10-26 18:59:11,445 | INFO | Epoch 1150 Train Time 79.17441439628601s

2025-10-26 19:00:29,179 | INFO | Training epoch 1151, Batch 1000/1000: LR=3.89e-05, Loss=4.84e-03 BER=1.75e-03 FER=3.46e-02
2025-10-26 19:00:29,233 | INFO | Epoch 1151 Train Time 77.78695106506348s

2025-10-26 19:01:49,898 | INFO | Training epoch 1152, Batch 1000/1000: LR=3.89e-05, Loss=4.69e-03 BER=1.67e-03 FER=3.33e-02
2025-10-26 19:01:49,975 | INFO | Epoch 1152 Train Time 80.73979711532593s

2025-10-26 19:03:11,597 | INFO | Training epoch 1153, Batch 1000/1000: LR=3.88e-05, Loss=4.74e-03 BER=1.69e-03 FER=3.31e-02
2025-10-26 19:03:11,657 | INFO | Epoch 1153 Train Time 81.6813805103302s

2025-10-26 19:04:22,085 | INFO | Training epoch 1154, Batch 1000/1000: LR=3.87e-05, Loss=4.75e-03 BER=1.73e-03 FER=3.36e-02
2025-10-26 19:04:22,147 | INFO | Epoch 1154 Train Time 70.4888858795166s

2025-10-26 19:05:45,837 | INFO | Training epoch 1155, Batch 1000/1000: LR=3.86e-05, Loss=4.72e-03 BER=1.70e-03 FER=3.33e-02
2025-10-26 19:05:45,899 | INFO | Epoch 1155 Train Time 83.75008964538574s

2025-10-26 19:07:03,193 | INFO | Training epoch 1156, Batch 1000/1000: LR=3.86e-05, Loss=4.88e-03 BER=1.73e-03 FER=3.41e-02
2025-10-26 19:07:03,275 | INFO | Epoch 1156 Train Time 77.37480545043945s

2025-10-26 19:08:20,269 | INFO | Training epoch 1157, Batch 1000/1000: LR=3.85e-05, Loss=4.75e-03 BER=1.70e-03 FER=3.36e-02
2025-10-26 19:08:20,342 | INFO | Epoch 1157 Train Time 77.06396198272705s

2025-10-26 19:09:30,098 | INFO | Training epoch 1158, Batch 1000/1000: LR=3.84e-05, Loss=4.75e-03 BER=1.70e-03 FER=3.31e-02
2025-10-26 19:09:30,159 | INFO | Epoch 1158 Train Time 69.81539916992188s

2025-10-26 19:10:50,056 | INFO | Training epoch 1159, Batch 1000/1000: LR=3.83e-05, Loss=4.72e-03 BER=1.72e-03 FER=3.30e-02
2025-10-26 19:10:50,122 | INFO | Epoch 1159 Train Time 79.96048140525818s

2025-10-26 19:12:08,268 | INFO | Training epoch 1160, Batch 1000/1000: LR=3.83e-05, Loss=4.68e-03 BER=1.67e-03 FER=3.32e-02
2025-10-26 19:12:08,358 | INFO | Epoch 1160 Train Time 78.23415780067444s

2025-10-26 19:13:19,593 | INFO | Training epoch 1161, Batch 1000/1000: LR=3.82e-05, Loss=4.74e-03 BER=1.72e-03 FER=3.43e-02
2025-10-26 19:13:19,654 | INFO | Epoch 1161 Train Time 71.29355835914612s

2025-10-26 19:14:32,992 | INFO | Training epoch 1162, Batch 1000/1000: LR=3.81e-05, Loss=4.77e-03 BER=1.70e-03 FER=3.31e-02
2025-10-26 19:14:33,070 | INFO | Epoch 1162 Train Time 73.41526889801025s

2025-10-26 19:15:42,733 | INFO | Training epoch 1163, Batch 1000/1000: LR=3.80e-05, Loss=4.69e-03 BER=1.67e-03 FER=3.28e-02
2025-10-26 19:15:42,795 | INFO | Epoch 1163 Train Time 69.72174215316772s

2025-10-26 19:16:50,374 | INFO | Training epoch 1164, Batch 1000/1000: LR=3.80e-05, Loss=4.76e-03 BER=1.70e-03 FER=3.35e-02
2025-10-26 19:16:50,453 | INFO | Epoch 1164 Train Time 67.65660285949707s

2025-10-26 19:18:06,966 | INFO | Training epoch 1165, Batch 1000/1000: LR=3.79e-05, Loss=4.63e-03 BER=1.66e-03 FER=3.23e-02
2025-10-26 19:18:07,067 | INFO | Epoch 1165 Train Time 76.6119077205658s

2025-10-26 19:19:23,366 | INFO | Training epoch 1166, Batch 1000/1000: LR=3.78e-05, Loss=4.66e-03 BER=1.69e-03 FER=3.30e-02
2025-10-26 19:19:23,467 | INFO | Epoch 1166 Train Time 76.39795804023743s

2025-10-26 19:20:32,171 | INFO | Training epoch 1167, Batch 1000/1000: LR=3.77e-05, Loss=4.84e-03 BER=1.76e-03 FER=3.44e-02
2025-10-26 19:20:32,266 | INFO | Epoch 1167 Train Time 68.79799365997314s

2025-10-26 19:21:51,268 | INFO | Training epoch 1168, Batch 1000/1000: LR=3.77e-05, Loss=4.75e-03 BER=1.70e-03 FER=3.37e-02
2025-10-26 19:21:51,334 | INFO | Epoch 1168 Train Time 79.06625151634216s

2025-10-26 19:23:04,870 | INFO | Training epoch 1169, Batch 1000/1000: LR=3.76e-05, Loss=4.85e-03 BER=1.76e-03 FER=3.43e-02
2025-10-26 19:23:04,931 | INFO | Epoch 1169 Train Time 73.59660792350769s

2025-10-26 19:24:22,993 | INFO | Training epoch 1170, Batch 1000/1000: LR=3.75e-05, Loss=4.72e-03 BER=1.69e-03 FER=3.32e-02
2025-10-26 19:24:23,079 | INFO | Epoch 1170 Train Time 78.14623022079468s

2025-10-26 19:25:30,681 | INFO | Training epoch 1171, Batch 1000/1000: LR=3.74e-05, Loss=4.71e-03 BER=1.69e-03 FER=3.33e-02
2025-10-26 19:25:30,748 | INFO | Epoch 1171 Train Time 67.66800165176392s

2025-10-26 19:26:45,308 | INFO | Training epoch 1172, Batch 1000/1000: LR=3.74e-05, Loss=4.68e-03 BER=1.69e-03 FER=3.31e-02
2025-10-26 19:26:45,389 | INFO | Epoch 1172 Train Time 74.63997769355774s

2025-10-26 19:27:59,591 | INFO | Training epoch 1173, Batch 1000/1000: LR=3.73e-05, Loss=4.81e-03 BER=1.72e-03 FER=3.36e-02
2025-10-26 19:27:59,652 | INFO | Epoch 1173 Train Time 74.26107048988342s

2025-10-26 19:29:21,705 | INFO | Training epoch 1174, Batch 1000/1000: LR=3.72e-05, Loss=4.64e-03 BER=1.67e-03 FER=3.25e-02
2025-10-26 19:29:21,777 | INFO | Epoch 1174 Train Time 82.1236183643341s

2025-10-26 19:30:35,386 | INFO | Training epoch 1175, Batch 1000/1000: LR=3.71e-05, Loss=4.72e-03 BER=1.67e-03 FER=3.27e-02
2025-10-26 19:30:35,467 | INFO | Epoch 1175 Train Time 73.68783783912659s

2025-10-26 19:31:55,865 | INFO | Training epoch 1176, Batch 1000/1000: LR=3.71e-05, Loss=4.75e-03 BER=1.68e-03 FER=3.33e-02
2025-10-26 19:31:55,936 | INFO | Epoch 1176 Train Time 80.46831202507019s

2025-10-26 19:33:16,294 | INFO | Training epoch 1177, Batch 1000/1000: LR=3.70e-05, Loss=4.77e-03 BER=1.74e-03 FER=3.42e-02
2025-10-26 19:33:16,384 | INFO | Epoch 1177 Train Time 80.44594407081604s

2025-10-26 19:34:29,007 | INFO | Training epoch 1178, Batch 1000/1000: LR=3.69e-05, Loss=4.78e-03 BER=1.72e-03 FER=3.35e-02
2025-10-26 19:34:29,063 | INFO | Epoch 1178 Train Time 72.67619562149048s

2025-10-26 19:35:42,110 | INFO | Training epoch 1179, Batch 1000/1000: LR=3.68e-05, Loss=4.53e-03 BER=1.62e-03 FER=3.19e-02
2025-10-26 19:35:42,197 | INFO | Epoch 1179 Train Time 73.13300228118896s

2025-10-26 19:35:42,198 | INFO | [P2] saving best_model (QAT) with loss 0.004533 at epoch 1179
2025-10-26 19:36:52,999 | INFO | Training epoch 1180, Batch 1000/1000: LR=3.68e-05, Loss=4.69e-03 BER=1.67e-03 FER=3.29e-02
2025-10-26 19:36:53,054 | INFO | Epoch 1180 Train Time 70.77733826637268s

2025-10-26 19:38:14,377 | INFO | Training epoch 1181, Batch 1000/1000: LR=3.67e-05, Loss=4.68e-03 BER=1.65e-03 FER=3.27e-02
2025-10-26 19:38:14,441 | INFO | Epoch 1181 Train Time 81.38545608520508s

2025-10-26 19:39:28,795 | INFO | Training epoch 1182, Batch 1000/1000: LR=3.66e-05, Loss=4.73e-03 BER=1.71e-03 FER=3.37e-02
2025-10-26 19:39:28,859 | INFO | Epoch 1182 Train Time 74.4172010421753s

2025-10-26 19:40:45,344 | INFO | Training epoch 1183, Batch 1000/1000: LR=3.65e-05, Loss=4.71e-03 BER=1.68e-03 FER=3.29e-02
2025-10-26 19:40:45,410 | INFO | Epoch 1183 Train Time 76.54987001419067s

2025-10-26 19:41:57,871 | INFO | Training epoch 1184, Batch 1000/1000: LR=3.65e-05, Loss=4.77e-03 BER=1.73e-03 FER=3.37e-02
2025-10-26 19:41:57,927 | INFO | Epoch 1184 Train Time 72.51432061195374s

2025-10-26 19:43:14,473 | INFO | Training epoch 1185, Batch 1000/1000: LR=3.64e-05, Loss=4.78e-03 BER=1.71e-03 FER=3.39e-02
2025-10-26 19:43:14,557 | INFO | Epoch 1185 Train Time 76.62844467163086s

2025-10-26 19:44:27,895 | INFO | Training epoch 1186, Batch 1000/1000: LR=3.63e-05, Loss=4.72e-03 BER=1.67e-03 FER=3.27e-02
2025-10-26 19:44:27,946 | INFO | Epoch 1186 Train Time 73.38567924499512s

2025-10-26 19:45:43,174 | INFO | Training epoch 1187, Batch 1000/1000: LR=3.62e-05, Loss=4.68e-03 BER=1.67e-03 FER=3.25e-02
2025-10-26 19:45:43,286 | INFO | Epoch 1187 Train Time 75.33871793746948s

2025-10-26 19:47:04,995 | INFO | Training epoch 1188, Batch 1000/1000: LR=3.62e-05, Loss=4.59e-03 BER=1.65e-03 FER=3.26e-02
2025-10-26 19:47:05,085 | INFO | Epoch 1188 Train Time 81.7980706691742s

2025-10-26 19:48:21,674 | INFO | Training epoch 1189, Batch 1000/1000: LR=3.61e-05, Loss=4.78e-03 BER=1.73e-03 FER=3.35e-02
2025-10-26 19:48:21,753 | INFO | Epoch 1189 Train Time 76.6653003692627s

2025-10-26 19:49:41,210 | INFO | Training epoch 1190, Batch 1000/1000: LR=3.60e-05, Loss=4.59e-03 BER=1.65e-03 FER=3.23e-02
2025-10-26 19:49:41,293 | INFO | Epoch 1190 Train Time 79.53735041618347s

2025-10-26 19:50:59,968 | INFO | Training epoch 1191, Batch 1000/1000: LR=3.59e-05, Loss=4.64e-03 BER=1.69e-03 FER=3.31e-02
2025-10-26 19:51:00,033 | INFO | Epoch 1191 Train Time 78.73841094970703s

2025-10-26 19:52:20,507 | INFO | Training epoch 1192, Batch 1000/1000: LR=3.59e-05, Loss=4.79e-03 BER=1.72e-03 FER=3.38e-02
2025-10-26 19:52:20,573 | INFO | Epoch 1192 Train Time 80.53845071792603s

2025-10-26 19:53:37,139 | INFO | Training epoch 1193, Batch 1000/1000: LR=3.58e-05, Loss=4.63e-03 BER=1.66e-03 FER=3.28e-02
2025-10-26 19:53:37,229 | INFO | Epoch 1193 Train Time 76.65492844581604s

2025-10-26 19:54:59,045 | INFO | Training epoch 1194, Batch 1000/1000: LR=3.57e-05, Loss=4.71e-03 BER=1.68e-03 FER=3.31e-02
2025-10-26 19:54:59,140 | INFO | Epoch 1194 Train Time 81.90904498100281s

2025-10-26 19:56:16,375 | INFO | Training epoch 1195, Batch 1000/1000: LR=3.56e-05, Loss=4.70e-03 BER=1.69e-03 FER=3.33e-02
2025-10-26 19:56:16,432 | INFO | Epoch 1195 Train Time 77.29067516326904s

2025-10-26 19:57:27,786 | INFO | Training epoch 1196, Batch 1000/1000: LR=3.56e-05, Loss=4.72e-03 BER=1.67e-03 FER=3.26e-02
2025-10-26 19:57:27,849 | INFO | Epoch 1196 Train Time 71.4158341884613s

2025-10-26 19:58:43,985 | INFO | Training epoch 1197, Batch 1000/1000: LR=3.55e-05, Loss=4.85e-03 BER=1.74e-03 FER=3.38e-02
2025-10-26 19:58:44,057 | INFO | Epoch 1197 Train Time 76.20684766769409s

2025-10-26 20:00:00,462 | INFO | Training epoch 1198, Batch 1000/1000: LR=3.54e-05, Loss=4.84e-03 BER=1.74e-03 FER=3.40e-02
2025-10-26 20:00:00,525 | INFO | Epoch 1198 Train Time 76.46647095680237s

2025-10-26 20:01:10,460 | INFO | Training epoch 1199, Batch 1000/1000: LR=3.54e-05, Loss=4.88e-03 BER=1.76e-03 FER=3.41e-02
2025-10-26 20:01:10,540 | INFO | Epoch 1199 Train Time 70.01398539543152s

2025-10-26 20:02:24,554 | INFO | Training epoch 1200, Batch 1000/1000: LR=3.53e-05, Loss=4.54e-03 BER=1.62e-03 FER=3.20e-02
2025-10-26 20:02:24,628 | INFO | Epoch 1200 Train Time 74.08630156517029s

2025-10-26 20:03:46,890 | INFO | Training epoch 1201, Batch 1000/1000: LR=3.52e-05, Loss=4.62e-03 BER=1.66e-03 FER=3.23e-02
2025-10-26 20:03:46,949 | INFO | Epoch 1201 Train Time 82.31859874725342s

2025-10-26 20:05:04,693 | INFO | Training epoch 1202, Batch 1000/1000: LR=3.51e-05, Loss=4.78e-03 BER=1.68e-03 FER=3.30e-02
2025-10-26 20:05:04,762 | INFO | Epoch 1202 Train Time 77.81156015396118s

2025-10-26 20:06:24,740 | INFO | Training epoch 1203, Batch 1000/1000: LR=3.51e-05, Loss=4.76e-03 BER=1.69e-03 FER=3.30e-02
2025-10-26 20:06:24,795 | INFO | Epoch 1203 Train Time 80.03263115882874s

2025-10-26 20:07:40,472 | INFO | Training epoch 1204, Batch 1000/1000: LR=3.50e-05, Loss=4.70e-03 BER=1.67e-03 FER=3.30e-02
2025-10-26 20:07:40,548 | INFO | Epoch 1204 Train Time 75.75091242790222s

2025-10-26 20:08:55,370 | INFO | Training epoch 1205, Batch 1000/1000: LR=3.49e-05, Loss=4.87e-03 BER=1.76e-03 FER=3.43e-02
2025-10-26 20:08:55,470 | INFO | Epoch 1205 Train Time 74.92089319229126s

2025-10-26 20:10:18,605 | INFO | Training epoch 1206, Batch 1000/1000: LR=3.48e-05, Loss=4.61e-03 BER=1.64e-03 FER=3.30e-02
2025-10-26 20:10:18,706 | INFO | Epoch 1206 Train Time 83.23370480537415s

2025-10-26 20:11:28,884 | INFO | Training epoch 1207, Batch 1000/1000: LR=3.48e-05, Loss=4.66e-03 BER=1.70e-03 FER=3.41e-02
2025-10-26 20:11:28,953 | INFO | Epoch 1207 Train Time 70.24547052383423s

2025-10-26 20:12:48,423 | INFO | Training epoch 1208, Batch 1000/1000: LR=3.47e-05, Loss=4.65e-03 BER=1.67e-03 FER=3.29e-02
2025-10-26 20:12:48,504 | INFO | Epoch 1208 Train Time 79.54930639266968s

2025-10-26 20:14:05,380 | INFO | Training epoch 1209, Batch 1000/1000: LR=3.46e-05, Loss=4.62e-03 BER=1.63e-03 FER=3.21e-02
2025-10-26 20:14:05,443 | INFO | Epoch 1209 Train Time 76.93756222724915s

2025-10-26 20:15:24,499 | INFO | Training epoch 1210, Batch 1000/1000: LR=3.45e-05, Loss=4.78e-03 BER=1.71e-03 FER=3.38e-02
2025-10-26 20:15:24,560 | INFO | Epoch 1210 Train Time 79.11653184890747s

2025-10-26 20:16:39,782 | INFO | Training epoch 1211, Batch 1000/1000: LR=3.45e-05, Loss=4.57e-03 BER=1.64e-03 FER=3.24e-02
2025-10-26 20:16:39,847 | INFO | Epoch 1211 Train Time 75.28539037704468s

2025-10-26 20:17:55,567 | INFO | Training epoch 1212, Batch 1000/1000: LR=3.44e-05, Loss=4.77e-03 BER=1.71e-03 FER=3.36e-02
2025-10-26 20:17:55,635 | INFO | Epoch 1212 Train Time 75.7862663269043s

2025-10-26 20:19:17,072 | INFO | Training epoch 1213, Batch 1000/1000: LR=3.43e-05, Loss=4.64e-03 BER=1.66e-03 FER=3.30e-02
2025-10-26 20:19:17,131 | INFO | Epoch 1213 Train Time 81.49476361274719s

2025-10-26 20:20:41,177 | INFO | Training epoch 1214, Batch 1000/1000: LR=3.42e-05, Loss=4.78e-03 BER=1.72e-03 FER=3.36e-02
2025-10-26 20:20:41,262 | INFO | Epoch 1214 Train Time 84.13016891479492s

2025-10-26 20:22:00,203 | INFO | Training epoch 1215, Batch 1000/1000: LR=3.42e-05, Loss=4.65e-03 BER=1.68e-03 FER=3.28e-02
2025-10-26 20:22:00,280 | INFO | Epoch 1215 Train Time 79.01571917533875s

2025-10-26 20:23:18,469 | INFO | Training epoch 1216, Batch 1000/1000: LR=3.41e-05, Loss=4.80e-03 BER=1.69e-03 FER=3.32e-02
2025-10-26 20:23:18,547 | INFO | Epoch 1216 Train Time 78.26468110084534s

2025-10-26 20:24:28,717 | INFO | Training epoch 1217, Batch 1000/1000: LR=3.40e-05, Loss=4.71e-03 BER=1.70e-03 FER=3.32e-02
2025-10-26 20:24:28,781 | INFO | Epoch 1217 Train Time 70.23290848731995s

2025-10-26 20:25:41,872 | INFO | Training epoch 1218, Batch 1000/1000: LR=3.40e-05, Loss=4.77e-03 BER=1.71e-03 FER=3.35e-02
2025-10-26 20:25:41,919 | INFO | Epoch 1218 Train Time 73.13712978363037s

2025-10-26 20:26:59,338 | INFO | Training epoch 1219, Batch 1000/1000: LR=3.39e-05, Loss=4.57e-03 BER=1.64e-03 FER=3.20e-02
2025-10-26 20:26:59,429 | INFO | Epoch 1219 Train Time 77.50933575630188s

2025-10-26 20:28:19,848 | INFO | Training epoch 1220, Batch 1000/1000: LR=3.38e-05, Loss=4.66e-03 BER=1.66e-03 FER=3.25e-02
2025-10-26 20:28:19,911 | INFO | Epoch 1220 Train Time 80.47930097579956s

2025-10-26 20:29:37,227 | INFO | Training epoch 1221, Batch 1000/1000: LR=3.37e-05, Loss=4.76e-03 BER=1.71e-03 FER=3.29e-02
2025-10-26 20:29:37,302 | INFO | Epoch 1221 Train Time 77.38951778411865s

2025-10-26 20:30:55,864 | INFO | Training epoch 1222, Batch 1000/1000: LR=3.37e-05, Loss=4.69e-03 BER=1.69e-03 FER=3.32e-02
2025-10-26 20:30:55,928 | INFO | Epoch 1222 Train Time 78.6252510547638s

2025-10-26 20:32:04,502 | INFO | Training epoch 1223, Batch 1000/1000: LR=3.36e-05, Loss=4.69e-03 BER=1.69e-03 FER=3.28e-02
2025-10-26 20:32:04,564 | INFO | Epoch 1223 Train Time 68.63493847846985s

2025-10-26 20:33:21,879 | INFO | Training epoch 1224, Batch 1000/1000: LR=3.35e-05, Loss=4.76e-03 BER=1.69e-03 FER=3.30e-02
2025-10-26 20:33:21,935 | INFO | Epoch 1224 Train Time 77.36891674995422s

2025-10-26 20:34:43,132 | INFO | Training epoch 1225, Batch 1000/1000: LR=3.34e-05, Loss=4.65e-03 BER=1.67e-03 FER=3.28e-02
2025-10-26 20:34:43,202 | INFO | Epoch 1225 Train Time 81.26613116264343s

2025-10-26 20:35:50,916 | INFO | Training epoch 1226, Batch 1000/1000: LR=3.34e-05, Loss=4.76e-03 BER=1.72e-03 FER=3.33e-02
2025-10-26 20:35:50,972 | INFO | Epoch 1226 Train Time 67.76757407188416s

2025-10-26 20:37:08,766 | INFO | Training epoch 1227, Batch 1000/1000: LR=3.33e-05, Loss=4.56e-03 BER=1.63e-03 FER=3.22e-02
2025-10-26 20:37:08,826 | INFO | Epoch 1227 Train Time 77.85247778892517s

2025-10-26 20:38:15,399 | INFO | Training epoch 1228, Batch 1000/1000: LR=3.32e-05, Loss=4.84e-03 BER=1.74e-03 FER=3.38e-02
2025-10-26 20:38:15,450 | INFO | Epoch 1228 Train Time 66.62209033966064s

2025-10-26 20:39:35,164 | INFO | Training epoch 1229, Batch 1000/1000: LR=3.31e-05, Loss=4.75e-03 BER=1.70e-03 FER=3.35e-02
2025-10-26 20:39:35,232 | INFO | Epoch 1229 Train Time 79.78108286857605s

2025-10-26 20:40:52,497 | INFO | Training epoch 1230, Batch 1000/1000: LR=3.31e-05, Loss=4.71e-03 BER=1.69e-03 FER=3.31e-02
2025-10-26 20:40:52,576 | INFO | Epoch 1230 Train Time 77.3420181274414s

2025-10-26 20:42:04,873 | INFO | Training epoch 1231, Batch 1000/1000: LR=3.30e-05, Loss=4.55e-03 BER=1.64e-03 FER=3.25e-02
2025-10-26 20:42:04,923 | INFO | Epoch 1231 Train Time 72.34351706504822s

2025-10-26 20:43:11,199 | INFO | Training epoch 1232, Batch 1000/1000: LR=3.29e-05, Loss=4.68e-03 BER=1.67e-03 FER=3.29e-02
2025-10-26 20:43:11,263 | INFO | Epoch 1232 Train Time 66.33885049819946s

2025-10-26 20:44:31,502 | INFO | Training epoch 1233, Batch 1000/1000: LR=3.29e-05, Loss=4.71e-03 BER=1.67e-03 FER=3.22e-02
2025-10-26 20:44:31,551 | INFO | Epoch 1233 Train Time 80.28636050224304s

2025-10-26 20:45:47,669 | INFO | Training epoch 1234, Batch 1000/1000: LR=3.28e-05, Loss=4.66e-03 BER=1.66e-03 FER=3.24e-02
2025-10-26 20:45:47,740 | INFO | Epoch 1234 Train Time 76.18783378601074s

2025-10-26 20:47:06,901 | INFO | Training epoch 1235, Batch 1000/1000: LR=3.27e-05, Loss=4.59e-03 BER=1.65e-03 FER=3.23e-02
2025-10-26 20:47:06,987 | INFO | Epoch 1235 Train Time 79.24526309967041s

2025-10-26 20:48:25,177 | INFO | Training epoch 1236, Batch 1000/1000: LR=3.26e-05, Loss=4.70e-03 BER=1.70e-03 FER=3.30e-02
2025-10-26 20:48:25,275 | INFO | Epoch 1236 Train Time 78.28630590438843s

2025-10-26 20:49:50,316 | INFO | Training epoch 1237, Batch 1000/1000: LR=3.26e-05, Loss=4.68e-03 BER=1.68e-03 FER=3.33e-02
2025-10-26 20:49:50,399 | INFO | Epoch 1237 Train Time 85.12200713157654s

2025-10-26 20:51:15,790 | INFO | Training epoch 1238, Batch 1000/1000: LR=3.25e-05, Loss=4.63e-03 BER=1.68e-03 FER=3.26e-02
2025-10-26 20:51:15,847 | INFO | Epoch 1238 Train Time 85.44745516777039s

2025-10-26 20:52:34,066 | INFO | Training epoch 1239, Batch 1000/1000: LR=3.24e-05, Loss=4.71e-03 BER=1.69e-03 FER=3.31e-02
2025-10-26 20:52:34,133 | INFO | Epoch 1239 Train Time 78.28360223770142s

2025-10-26 20:53:48,966 | INFO | Training epoch 1240, Batch 1000/1000: LR=3.24e-05, Loss=4.81e-03 BER=1.72e-03 FER=3.35e-02
2025-10-26 20:53:49,032 | INFO | Epoch 1240 Train Time 74.89682269096375s

2025-10-26 20:55:04,600 | INFO | Training epoch 1241, Batch 1000/1000: LR=3.23e-05, Loss=4.68e-03 BER=1.68e-03 FER=3.31e-02
2025-10-26 20:55:04,682 | INFO | Epoch 1241 Train Time 75.64859533309937s

2025-10-26 20:56:22,383 | INFO | Training epoch 1242, Batch 1000/1000: LR=3.22e-05, Loss=4.64e-03 BER=1.69e-03 FER=3.32e-02
2025-10-26 20:56:22,473 | INFO | Epoch 1242 Train Time 77.78890013694763s

2025-10-26 20:57:39,704 | INFO | Training epoch 1243, Batch 1000/1000: LR=3.21e-05, Loss=4.62e-03 BER=1.66e-03 FER=3.29e-02
2025-10-26 20:57:39,796 | INFO | Epoch 1243 Train Time 77.32195973396301s

2025-10-26 20:59:01,198 | INFO | Training epoch 1244, Batch 1000/1000: LR=3.21e-05, Loss=4.68e-03 BER=1.68e-03 FER=3.33e-02
2025-10-26 20:59:01,271 | INFO | Epoch 1244 Train Time 81.47395277023315s

2025-10-26 21:00:17,099 | INFO | Training epoch 1245, Batch 1000/1000: LR=3.20e-05, Loss=4.69e-03 BER=1.66e-03 FER=3.25e-02
2025-10-26 21:00:17,184 | INFO | Epoch 1245 Train Time 75.9120192527771s

2025-10-26 21:01:31,885 | INFO | Training epoch 1246, Batch 1000/1000: LR=3.19e-05, Loss=4.65e-03 BER=1.64e-03 FER=3.29e-02
2025-10-26 21:01:31,953 | INFO | Epoch 1246 Train Time 74.7668137550354s

2025-10-26 21:02:51,851 | INFO | Training epoch 1247, Batch 1000/1000: LR=3.18e-05, Loss=4.68e-03 BER=1.69e-03 FER=3.29e-02
2025-10-26 21:02:51,937 | INFO | Epoch 1247 Train Time 79.98149394989014s

2025-10-26 21:04:08,145 | INFO | Training epoch 1248, Batch 1000/1000: LR=3.18e-05, Loss=4.62e-03 BER=1.67e-03 FER=3.25e-02
2025-10-26 21:04:08,237 | INFO | Epoch 1248 Train Time 76.29831719398499s

2025-10-26 21:05:13,082 | INFO | Training epoch 1249, Batch 1000/1000: LR=3.17e-05, Loss=4.74e-03 BER=1.71e-03 FER=3.31e-02
2025-10-26 21:05:13,163 | INFO | Epoch 1249 Train Time 64.92327976226807s

2025-10-26 21:06:35,475 | INFO | Training epoch 1250, Batch 1000/1000: LR=3.16e-05, Loss=4.56e-03 BER=1.65e-03 FER=3.27e-02
2025-10-26 21:06:35,537 | INFO | Epoch 1250 Train Time 82.37323546409607s

2025-10-26 21:07:51,301 | INFO | Training epoch 1251, Batch 1000/1000: LR=3.16e-05, Loss=4.72e-03 BER=1.68e-03 FER=3.31e-02
2025-10-26 21:07:51,367 | INFO | Epoch 1251 Train Time 75.82832312583923s

2025-10-26 21:09:13,105 | INFO | Training epoch 1252, Batch 1000/1000: LR=3.15e-05, Loss=4.68e-03 BER=1.68e-03 FER=3.31e-02
2025-10-26 21:09:13,177 | INFO | Epoch 1252 Train Time 81.80866718292236s

2025-10-26 21:10:33,004 | INFO | Training epoch 1253, Batch 1000/1000: LR=3.14e-05, Loss=4.67e-03 BER=1.70e-03 FER=3.33e-02
2025-10-26 21:10:33,071 | INFO | Epoch 1253 Train Time 79.89291739463806s

2025-10-26 21:11:51,597 | INFO | Training epoch 1254, Batch 1000/1000: LR=3.13e-05, Loss=4.66e-03 BER=1.68e-03 FER=3.24e-02
2025-10-26 21:11:51,666 | INFO | Epoch 1254 Train Time 78.59397959709167s

2025-10-26 21:13:11,284 | INFO | Training epoch 1255, Batch 1000/1000: LR=3.13e-05, Loss=4.60e-03 BER=1.66e-03 FER=3.28e-02
2025-10-26 21:13:11,346 | INFO | Epoch 1255 Train Time 79.6787440776825s

2025-10-26 21:14:26,288 | INFO | Training epoch 1256, Batch 1000/1000: LR=3.12e-05, Loss=4.71e-03 BER=1.67e-03 FER=3.28e-02
2025-10-26 21:14:26,340 | INFO | Epoch 1256 Train Time 74.99278330802917s

2025-10-26 21:15:41,610 | INFO | Training epoch 1257, Batch 1000/1000: LR=3.11e-05, Loss=4.69e-03 BER=1.70e-03 FER=3.34e-02
2025-10-26 21:15:41,667 | INFO | Epoch 1257 Train Time 75.32556772232056s

2025-10-26 21:16:51,102 | INFO | Training epoch 1258, Batch 1000/1000: LR=3.11e-05, Loss=4.76e-03 BER=1.71e-03 FER=3.36e-02
2025-10-26 21:16:51,179 | INFO | Epoch 1258 Train Time 69.51041102409363s

2025-10-26 21:18:04,788 | INFO | Training epoch 1259, Batch 1000/1000: LR=3.10e-05, Loss=4.71e-03 BER=1.68e-03 FER=3.30e-02
2025-10-26 21:18:04,854 | INFO | Epoch 1259 Train Time 73.67329597473145s

2025-10-26 21:19:19,805 | INFO | Training epoch 1260, Batch 1000/1000: LR=3.09e-05, Loss=4.59e-03 BER=1.67e-03 FER=3.29e-02
2025-10-26 21:19:19,868 | INFO | Epoch 1260 Train Time 75.01271796226501s

2025-10-26 21:20:35,006 | INFO | Training epoch 1261, Batch 1000/1000: LR=3.08e-05, Loss=4.72e-03 BER=1.69e-03 FER=3.31e-02
2025-10-26 21:20:35,087 | INFO | Epoch 1261 Train Time 75.21843767166138s

2025-10-26 21:21:46,586 | INFO | Training epoch 1262, Batch 1000/1000: LR=3.08e-05, Loss=4.53e-03 BER=1.63e-03 FER=3.23e-02
2025-10-26 21:21:46,637 | INFO | Epoch 1262 Train Time 71.5471670627594s

2025-10-26 21:23:02,370 | INFO | Training epoch 1263, Batch 1000/1000: LR=3.07e-05, Loss=4.67e-03 BER=1.68e-03 FER=3.26e-02
2025-10-26 21:23:02,449 | INFO | Epoch 1263 Train Time 75.81078243255615s

2025-10-26 21:24:12,581 | INFO | Training epoch 1264, Batch 1000/1000: LR=3.06e-05, Loss=4.67e-03 BER=1.70e-03 FER=3.31e-02
2025-10-26 21:24:12,661 | INFO | Epoch 1264 Train Time 70.21090269088745s

2025-10-26 21:25:23,886 | INFO | Training epoch 1265, Batch 1000/1000: LR=3.06e-05, Loss=4.73e-03 BER=1.71e-03 FER=3.28e-02
2025-10-26 21:25:23,939 | INFO | Epoch 1265 Train Time 71.2774019241333s

2025-10-26 21:26:42,076 | INFO | Training epoch 1266, Batch 1000/1000: LR=3.05e-05, Loss=4.71e-03 BER=1.68e-03 FER=3.29e-02
2025-10-26 21:26:42,148 | INFO | Epoch 1266 Train Time 78.20601916313171s

2025-10-26 21:27:58,481 | INFO | Training epoch 1267, Batch 1000/1000: LR=3.04e-05, Loss=4.68e-03 BER=1.69e-03 FER=3.32e-02
2025-10-26 21:27:58,563 | INFO | Epoch 1267 Train Time 76.41452550888062s

2025-10-26 21:29:13,510 | INFO | Training epoch 1268, Batch 1000/1000: LR=3.03e-05, Loss=4.65e-03 BER=1.67e-03 FER=3.34e-02
2025-10-26 21:29:13,577 | INFO | Epoch 1268 Train Time 75.01319169998169s

2025-10-26 21:30:24,090 | INFO | Training epoch 1269, Batch 1000/1000: LR=3.03e-05, Loss=4.59e-03 BER=1.65e-03 FER=3.20e-02
2025-10-26 21:30:24,156 | INFO | Epoch 1269 Train Time 70.5777792930603s

2025-10-26 21:31:43,702 | INFO | Training epoch 1270, Batch 1000/1000: LR=3.02e-05, Loss=4.72e-03 BER=1.72e-03 FER=3.33e-02
2025-10-26 21:31:43,765 | INFO | Epoch 1270 Train Time 79.60739779472351s

2025-10-26 21:33:03,401 | INFO | Training epoch 1271, Batch 1000/1000: LR=3.01e-05, Loss=4.74e-03 BER=1.70e-03 FER=3.31e-02
2025-10-26 21:33:03,484 | INFO | Epoch 1271 Train Time 79.71711492538452s

2025-10-26 21:34:22,164 | INFO | Training epoch 1272, Batch 1000/1000: LR=3.01e-05, Loss=4.57e-03 BER=1.64e-03 FER=3.21e-02
2025-10-26 21:34:22,225 | INFO | Epoch 1272 Train Time 78.7401967048645s

2025-10-26 21:35:41,807 | INFO | Training epoch 1273, Batch 1000/1000: LR=3.00e-05, Loss=4.61e-03 BER=1.66e-03 FER=3.26e-02
2025-10-26 21:35:41,881 | INFO | Epoch 1273 Train Time 79.65372920036316s

2025-10-26 21:37:01,416 | INFO | Training epoch 1274, Batch 1000/1000: LR=2.99e-05, Loss=4.76e-03 BER=1.69e-03 FER=3.29e-02
2025-10-26 21:37:01,514 | INFO | Epoch 1274 Train Time 79.63189768791199s

2025-10-26 21:38:21,783 | INFO | Training epoch 1275, Batch 1000/1000: LR=2.98e-05, Loss=4.71e-03 BER=1.70e-03 FER=3.28e-02
2025-10-26 21:38:21,885 | INFO | Epoch 1275 Train Time 80.37006711959839s

2025-10-26 21:39:26,996 | INFO | Training epoch 1276, Batch 1000/1000: LR=2.98e-05, Loss=4.55e-03 BER=1.62e-03 FER=3.25e-02
2025-10-26 21:39:27,056 | INFO | Epoch 1276 Train Time 65.16961717605591s

2025-10-26 21:40:43,206 | INFO | Training epoch 1277, Batch 1000/1000: LR=2.97e-05, Loss=4.80e-03 BER=1.73e-03 FER=3.30e-02
2025-10-26 21:40:43,279 | INFO | Epoch 1277 Train Time 76.22175574302673s

2025-10-26 21:42:00,421 | INFO | Training epoch 1278, Batch 1000/1000: LR=2.96e-05, Loss=4.62e-03 BER=1.67e-03 FER=3.23e-02
2025-10-26 21:42:00,495 | INFO | Epoch 1278 Train Time 77.21494626998901s

2025-10-26 21:43:14,065 | INFO | Training epoch 1279, Batch 1000/1000: LR=2.96e-05, Loss=4.71e-03 BER=1.68e-03 FER=3.26e-02
2025-10-26 21:43:14,129 | INFO | Epoch 1279 Train Time 73.63255095481873s

2025-10-26 21:44:34,477 | INFO | Training epoch 1280, Batch 1000/1000: LR=2.95e-05, Loss=4.80e-03 BER=1.73e-03 FER=3.37e-02
2025-10-26 21:44:34,536 | INFO | Epoch 1280 Train Time 80.40462160110474s

2025-10-26 21:45:46,173 | INFO | Training epoch 1281, Batch 1000/1000: LR=2.94e-05, Loss=4.61e-03 BER=1.66e-03 FER=3.21e-02
2025-10-26 21:45:46,260 | INFO | Epoch 1281 Train Time 71.72316813468933s

2025-10-26 21:47:00,676 | INFO | Training epoch 1282, Batch 1000/1000: LR=2.94e-05, Loss=4.56e-03 BER=1.65e-03 FER=3.21e-02
2025-10-26 21:47:00,740 | INFO | Epoch 1282 Train Time 74.479562997818s

2025-10-26 21:48:05,222 | INFO | Training epoch 1283, Batch 1000/1000: LR=2.93e-05, Loss=4.63e-03 BER=1.66e-03 FER=3.22e-02
2025-10-26 21:48:05,297 | INFO | Epoch 1283 Train Time 64.55574917793274s

2025-10-26 21:49:20,331 | INFO | Training epoch 1284, Batch 1000/1000: LR=2.92e-05, Loss=4.65e-03 BER=1.65e-03 FER=3.24e-02
2025-10-26 21:49:20,412 | INFO | Epoch 1284 Train Time 75.11447834968567s

2025-10-26 21:50:39,301 | INFO | Training epoch 1285, Batch 1000/1000: LR=2.91e-05, Loss=4.62e-03 BER=1.67e-03 FER=3.24e-02
2025-10-26 21:50:39,359 | INFO | Epoch 1285 Train Time 78.9450855255127s

2025-10-26 21:51:51,099 | INFO | Training epoch 1286, Batch 1000/1000: LR=2.91e-05, Loss=4.70e-03 BER=1.67e-03 FER=3.30e-02
2025-10-26 21:51:51,165 | INFO | Epoch 1286 Train Time 71.80552577972412s

2025-10-26 21:53:02,127 | INFO | Training epoch 1287, Batch 1000/1000: LR=2.90e-05, Loss=4.72e-03 BER=1.69e-03 FER=3.29e-02
2025-10-26 21:53:02,215 | INFO | Epoch 1287 Train Time 71.04736232757568s

2025-10-26 21:54:20,610 | INFO | Training epoch 1288, Batch 1000/1000: LR=2.89e-05, Loss=4.57e-03 BER=1.65e-03 FER=3.23e-02
2025-10-26 21:54:20,694 | INFO | Epoch 1288 Train Time 78.47659659385681s

2025-10-26 21:55:41,577 | INFO | Training epoch 1289, Batch 1000/1000: LR=2.89e-05, Loss=4.59e-03 BER=1.63e-03 FER=3.21e-02
2025-10-26 21:55:41,633 | INFO | Epoch 1289 Train Time 80.93754601478577s

2025-10-26 21:56:54,474 | INFO | Training epoch 1290, Batch 1000/1000: LR=2.88e-05, Loss=4.67e-03 BER=1.69e-03 FER=3.33e-02
2025-10-26 21:56:54,555 | INFO | Epoch 1290 Train Time 72.92027497291565s

2025-10-26 21:58:01,802 | INFO | Training epoch 1291, Batch 1000/1000: LR=2.87e-05, Loss=4.72e-03 BER=1.70e-03 FER=3.27e-02
2025-10-26 21:58:01,860 | INFO | Epoch 1291 Train Time 67.30393099784851s

2025-10-26 21:59:13,570 | INFO | Training epoch 1292, Batch 1000/1000: LR=2.87e-05, Loss=4.69e-03 BER=1.69e-03 FER=3.32e-02
2025-10-26 21:59:13,624 | INFO | Epoch 1292 Train Time 71.76224851608276s

2025-10-26 22:00:31,395 | INFO | Training epoch 1293, Batch 1000/1000: LR=2.86e-05, Loss=4.57e-03 BER=1.65e-03 FER=3.18e-02
2025-10-26 22:00:31,458 | INFO | Epoch 1293 Train Time 77.83227252960205s

2025-10-26 22:01:46,171 | INFO | Training epoch 1294, Batch 1000/1000: LR=2.85e-05, Loss=4.66e-03 BER=1.70e-03 FER=3.32e-02
2025-10-26 22:01:46,245 | INFO | Epoch 1294 Train Time 74.78633666038513s

2025-10-26 22:03:02,271 | INFO | Training epoch 1295, Batch 1000/1000: LR=2.84e-05, Loss=4.55e-03 BER=1.62e-03 FER=3.20e-02
2025-10-26 22:03:02,355 | INFO | Epoch 1295 Train Time 76.10839438438416s

2025-10-26 22:04:17,069 | INFO | Training epoch 1296, Batch 1000/1000: LR=2.84e-05, Loss=4.61e-03 BER=1.64e-03 FER=3.23e-02
2025-10-26 22:04:17,134 | INFO | Epoch 1296 Train Time 74.77646589279175s

2025-10-26 22:05:27,675 | INFO | Training epoch 1297, Batch 1000/1000: LR=2.83e-05, Loss=4.68e-03 BER=1.68e-03 FER=3.30e-02
2025-10-26 22:05:27,743 | INFO | Epoch 1297 Train Time 70.60813689231873s

2025-10-26 22:06:44,010 | INFO | Training epoch 1298, Batch 1000/1000: LR=2.82e-05, Loss=4.68e-03 BER=1.69e-03 FER=3.31e-02
2025-10-26 22:06:44,068 | INFO | Epoch 1298 Train Time 76.32410550117493s

2025-10-26 22:07:58,206 | INFO | Training epoch 1299, Batch 1000/1000: LR=2.82e-05, Loss=4.71e-03 BER=1.70e-03 FER=3.32e-02
2025-10-26 22:07:58,264 | INFO | Epoch 1299 Train Time 74.19472002983093s

2025-10-26 22:09:14,701 | INFO | Training epoch 1300, Batch 1000/1000: LR=2.81e-05, Loss=4.73e-03 BER=1.70e-03 FER=3.25e-02
2025-10-26 22:09:14,764 | INFO | Epoch 1300 Train Time 76.49775266647339s

2025-10-26 22:10:29,134 | INFO | Training epoch 1301, Batch 1000/1000: LR=2.80e-05, Loss=4.74e-03 BER=1.71e-03 FER=3.30e-02
2025-10-26 22:10:29,193 | INFO | Epoch 1301 Train Time 74.4269483089447s

2025-10-26 22:11:47,085 | INFO | Training epoch 1302, Batch 1000/1000: LR=2.80e-05, Loss=4.63e-03 BER=1.66e-03 FER=3.22e-02
2025-10-26 22:11:47,145 | INFO | Epoch 1302 Train Time 77.95129704475403s

2025-10-26 22:13:03,667 | INFO | Training epoch 1303, Batch 1000/1000: LR=2.79e-05, Loss=4.72e-03 BER=1.69e-03 FER=3.28e-02
2025-10-26 22:13:03,733 | INFO | Epoch 1303 Train Time 76.58715796470642s

2025-10-26 22:14:11,310 | INFO | Training epoch 1304, Batch 1000/1000: LR=2.78e-05, Loss=4.69e-03 BER=1.68e-03 FER=3.28e-02
2025-10-26 22:14:11,384 | INFO | Epoch 1304 Train Time 67.64983797073364s

2025-10-26 22:15:25,095 | INFO | Training epoch 1305, Batch 1000/1000: LR=2.78e-05, Loss=4.69e-03 BER=1.68e-03 FER=3.26e-02
2025-10-26 22:15:25,158 | INFO | Epoch 1305 Train Time 73.77328205108643s

2025-10-26 22:16:40,876 | INFO | Training epoch 1306, Batch 1000/1000: LR=2.77e-05, Loss=4.75e-03 BER=1.69e-03 FER=3.31e-02
2025-10-26 22:16:40,937 | INFO | Epoch 1306 Train Time 75.77679681777954s

2025-10-26 22:17:47,197 | INFO | Training epoch 1307, Batch 1000/1000: LR=2.76e-05, Loss=4.66e-03 BER=1.65e-03 FER=3.26e-02
2025-10-26 22:17:47,253 | INFO | Epoch 1307 Train Time 66.3151433467865s

2025-10-26 22:19:02,795 | INFO | Training epoch 1308, Batch 1000/1000: LR=2.75e-05, Loss=4.53e-03 BER=1.63e-03 FER=3.17e-02
2025-10-26 22:19:02,857 | INFO | Epoch 1308 Train Time 75.60349106788635s

2025-10-26 22:19:02,858 | INFO | [P2] saving best_model (QAT) with loss 0.004528 at epoch 1308
2025-10-26 22:20:16,807 | INFO | Training epoch 1309, Batch 1000/1000: LR=2.75e-05, Loss=4.72e-03 BER=1.70e-03 FER=3.40e-02
2025-10-26 22:20:16,870 | INFO | Epoch 1309 Train Time 73.9483916759491s

2025-10-26 22:21:36,814 | INFO | Training epoch 1310, Batch 1000/1000: LR=2.74e-05, Loss=4.67e-03 BER=1.68e-03 FER=3.26e-02
2025-10-26 22:21:36,871 | INFO | Epoch 1310 Train Time 79.9998710155487s

2025-10-26 22:22:47,582 | INFO | Training epoch 1311, Batch 1000/1000: LR=2.73e-05, Loss=4.66e-03 BER=1.66e-03 FER=3.21e-02
2025-10-26 22:22:47,661 | INFO | Epoch 1311 Train Time 70.7877905368805s

2025-10-26 22:24:04,972 | INFO | Training epoch 1312, Batch 1000/1000: LR=2.73e-05, Loss=4.67e-03 BER=1.69e-03 FER=3.30e-02
2025-10-26 22:24:05,042 | INFO | Epoch 1312 Train Time 77.38014769554138s

2025-10-26 22:25:29,532 | INFO | Training epoch 1313, Batch 1000/1000: LR=2.72e-05, Loss=4.61e-03 BER=1.66e-03 FER=3.25e-02
2025-10-26 22:25:29,592 | INFO | Epoch 1313 Train Time 84.54966568946838s

2025-10-26 22:26:44,667 | INFO | Training epoch 1314, Batch 1000/1000: LR=2.71e-05, Loss=4.55e-03 BER=1.65e-03 FER=3.23e-02
2025-10-26 22:26:44,755 | INFO | Epoch 1314 Train Time 75.16049766540527s

2025-10-26 22:28:00,996 | INFO | Training epoch 1315, Batch 1000/1000: LR=2.71e-05, Loss=4.77e-03 BER=1.69e-03 FER=3.29e-02
2025-10-26 22:28:01,055 | INFO | Epoch 1315 Train Time 76.29785776138306s

2025-10-26 22:29:08,565 | INFO | Training epoch 1316, Batch 1000/1000: LR=2.70e-05, Loss=4.44e-03 BER=1.58e-03 FER=3.08e-02
2025-10-26 22:29:08,629 | INFO | Epoch 1316 Train Time 67.57227349281311s

2025-10-26 22:29:08,630 | INFO | [P2] saving best_model (QAT) with loss 0.004438 at epoch 1316
2025-10-26 22:30:23,785 | INFO | Training epoch 1317, Batch 1000/1000: LR=2.69e-05, Loss=4.62e-03 BER=1.67e-03 FER=3.26e-02
2025-10-26 22:30:23,875 | INFO | Epoch 1317 Train Time 75.20464968681335s

2025-10-26 22:31:35,862 | INFO | Training epoch 1318, Batch 1000/1000: LR=2.69e-05, Loss=4.69e-03 BER=1.68e-03 FER=3.29e-02
2025-10-26 22:31:35,916 | INFO | Epoch 1318 Train Time 72.03912162780762s

2025-10-26 22:32:52,186 | INFO | Training epoch 1319, Batch 1000/1000: LR=2.68e-05, Loss=4.68e-03 BER=1.67e-03 FER=3.27e-02
2025-10-26 22:32:52,241 | INFO | Epoch 1319 Train Time 76.32401132583618s

2025-10-26 22:34:07,671 | INFO | Training epoch 1320, Batch 1000/1000: LR=2.67e-05, Loss=4.81e-03 BER=1.72e-03 FER=3.35e-02
2025-10-26 22:34:07,737 | INFO | Epoch 1320 Train Time 75.49434804916382s

2025-10-26 22:35:24,488 | INFO | Training epoch 1321, Batch 1000/1000: LR=2.67e-05, Loss=4.59e-03 BER=1.64e-03 FER=3.20e-02
2025-10-26 22:35:24,559 | INFO | Epoch 1321 Train Time 76.81981921195984s

2025-10-26 22:36:44,681 | INFO | Training epoch 1322, Batch 1000/1000: LR=2.66e-05, Loss=4.74e-03 BER=1.69e-03 FER=3.26e-02
2025-10-26 22:36:44,743 | INFO | Epoch 1322 Train Time 80.1828019618988s

2025-10-26 22:38:00,558 | INFO | Training epoch 1323, Batch 1000/1000: LR=2.65e-05, Loss=4.67e-03 BER=1.68e-03 FER=3.33e-02
2025-10-26 22:38:00,644 | INFO | Epoch 1323 Train Time 75.89948892593384s

2025-10-26 22:39:12,188 | INFO | Training epoch 1324, Batch 1000/1000: LR=2.64e-05, Loss=4.64e-03 BER=1.68e-03 FER=3.29e-02
2025-10-26 22:39:12,262 | INFO | Epoch 1324 Train Time 71.61621451377869s

2025-10-26 22:40:23,787 | INFO | Training epoch 1325, Batch 1000/1000: LR=2.64e-05, Loss=4.77e-03 BER=1.72e-03 FER=3.32e-02
2025-10-26 22:40:23,849 | INFO | Epoch 1325 Train Time 71.58654499053955s

2025-10-26 22:41:44,903 | INFO | Training epoch 1326, Batch 1000/1000: LR=2.63e-05, Loss=4.67e-03 BER=1.68e-03 FER=3.32e-02
2025-10-26 22:41:44,967 | INFO | Epoch 1326 Train Time 81.1161777973175s

2025-10-26 22:43:01,779 | INFO | Training epoch 1327, Batch 1000/1000: LR=2.62e-05, Loss=4.47e-03 BER=1.57e-03 FER=3.10e-02
2025-10-26 22:43:01,848 | INFO | Epoch 1327 Train Time 76.87948727607727s

2025-10-26 22:44:15,129 | INFO | Training epoch 1328, Batch 1000/1000: LR=2.62e-05, Loss=4.44e-03 BER=1.59e-03 FER=3.15e-02
2025-10-26 22:44:15,187 | INFO | Epoch 1328 Train Time 73.33778977394104s

2025-10-26 22:45:32,365 | INFO | Training epoch 1329, Batch 1000/1000: LR=2.61e-05, Loss=4.66e-03 BER=1.66e-03 FER=3.21e-02
2025-10-26 22:45:32,429 | INFO | Epoch 1329 Train Time 77.23945546150208s

2025-10-26 22:46:55,683 | INFO | Training epoch 1330, Batch 1000/1000: LR=2.60e-05, Loss=4.69e-03 BER=1.69e-03 FER=3.23e-02
2025-10-26 22:46:55,745 | INFO | Epoch 1330 Train Time 83.31324243545532s

2025-10-26 22:48:14,585 | INFO | Training epoch 1331, Batch 1000/1000: LR=2.60e-05, Loss=4.68e-03 BER=1.70e-03 FER=3.31e-02
2025-10-26 22:48:14,668 | INFO | Epoch 1331 Train Time 78.92255187034607s

2025-10-26 22:49:23,172 | INFO | Training epoch 1332, Batch 1000/1000: LR=2.59e-05, Loss=4.63e-03 BER=1.66e-03 FER=3.26e-02
2025-10-26 22:49:23,246 | INFO | Epoch 1332 Train Time 68.57421040534973s

2025-10-26 22:50:40,386 | INFO | Training epoch 1333, Batch 1000/1000: LR=2.58e-05, Loss=4.66e-03 BER=1.68e-03 FER=3.29e-02
2025-10-26 22:50:40,448 | INFO | Epoch 1333 Train Time 77.20013284683228s

2025-10-26 22:51:58,419 | INFO | Training epoch 1334, Batch 1000/1000: LR=2.58e-05, Loss=4.64e-03 BER=1.68e-03 FER=3.29e-02
2025-10-26 22:51:58,497 | INFO | Epoch 1334 Train Time 78.0471830368042s

2025-10-26 22:53:11,489 | INFO | Training epoch 1335, Batch 1000/1000: LR=2.57e-05, Loss=4.62e-03 BER=1.68e-03 FER=3.28e-02
2025-10-26 22:53:11,545 | INFO | Epoch 1335 Train Time 73.04504656791687s

2025-10-26 22:54:23,220 | INFO | Training epoch 1336, Batch 1000/1000: LR=2.56e-05, Loss=4.59e-03 BER=1.63e-03 FER=3.15e-02
2025-10-26 22:54:23,306 | INFO | Epoch 1336 Train Time 71.76013803482056s

2025-10-26 22:55:40,019 | INFO | Training epoch 1337, Batch 1000/1000: LR=2.56e-05, Loss=4.50e-03 BER=1.62e-03 FER=3.21e-02
2025-10-26 22:55:40,094 | INFO | Epoch 1337 Train Time 76.78552150726318s

2025-10-26 22:56:58,762 | INFO | Training epoch 1338, Batch 1000/1000: LR=2.55e-05, Loss=4.64e-03 BER=1.66e-03 FER=3.23e-02
2025-10-26 22:56:58,814 | INFO | Epoch 1338 Train Time 78.71972465515137s

2025-10-26 22:58:14,067 | INFO | Training epoch 1339, Batch 1000/1000: LR=2.54e-05, Loss=4.57e-03 BER=1.67e-03 FER=3.25e-02
2025-10-26 22:58:14,132 | INFO | Epoch 1339 Train Time 75.31672692298889s

2025-10-26 22:59:25,972 | INFO | Training epoch 1340, Batch 1000/1000: LR=2.54e-05, Loss=4.71e-03 BER=1.69e-03 FER=3.28e-02
2025-10-26 22:59:26,036 | INFO | Epoch 1340 Train Time 71.90180683135986s

2025-10-26 23:00:50,393 | INFO | Training epoch 1341, Batch 1000/1000: LR=2.53e-05, Loss=4.65e-03 BER=1.65e-03 FER=3.23e-02
2025-10-26 23:00:50,473 | INFO | Epoch 1341 Train Time 84.43532228469849s

2025-10-26 23:02:05,498 | INFO | Training epoch 1342, Batch 1000/1000: LR=2.52e-05, Loss=4.71e-03 BER=1.69e-03 FER=3.27e-02
2025-10-26 23:02:05,577 | INFO | Epoch 1342 Train Time 75.10098028182983s

2025-10-26 23:03:20,183 | INFO | Training epoch 1343, Batch 1000/1000: LR=2.52e-05, Loss=4.63e-03 BER=1.65e-03 FER=3.24e-02
2025-10-26 23:03:20,256 | INFO | Epoch 1343 Train Time 74.67734575271606s

2025-10-26 23:04:34,684 | INFO | Training epoch 1344, Batch 1000/1000: LR=2.51e-05, Loss=4.59e-03 BER=1.62e-03 FER=3.17e-02
2025-10-26 23:04:34,750 | INFO | Epoch 1344 Train Time 74.49344372749329s

2025-10-26 23:05:43,883 | INFO | Training epoch 1345, Batch 1000/1000: LR=2.50e-05, Loss=4.59e-03 BER=1.64e-03 FER=3.23e-02
2025-10-26 23:05:43,959 | INFO | Epoch 1345 Train Time 69.20674324035645s

2025-10-26 23:07:04,611 | INFO | Training epoch 1346, Batch 1000/1000: LR=2.50e-05, Loss=4.61e-03 BER=1.65e-03 FER=3.23e-02
2025-10-26 23:07:04,693 | INFO | Epoch 1346 Train Time 80.73328828811646s

2025-10-26 23:08:23,993 | INFO | Training epoch 1347, Batch 1000/1000: LR=2.49e-05, Loss=4.58e-03 BER=1.66e-03 FER=3.23e-02
2025-10-26 23:08:24,067 | INFO | Epoch 1347 Train Time 79.3720543384552s

2025-10-26 23:09:44,370 | INFO | Training epoch 1348, Batch 1000/1000: LR=2.48e-05, Loss=4.62e-03 BER=1.67e-03 FER=3.25e-02
2025-10-26 23:09:44,447 | INFO | Epoch 1348 Train Time 80.37867999076843s

2025-10-26 23:10:50,688 | INFO | Training epoch 1349, Batch 1000/1000: LR=2.48e-05, Loss=4.56e-03 BER=1.62e-03 FER=3.15e-02
2025-10-26 23:10:50,745 | INFO | Epoch 1349 Train Time 66.29614281654358s

2025-10-26 23:12:12,283 | INFO | Training epoch 1350, Batch 1000/1000: LR=2.47e-05, Loss=4.69e-03 BER=1.65e-03 FER=3.24e-02
2025-10-26 23:12:12,341 | INFO | Epoch 1350 Train Time 81.59484648704529s

2025-10-26 23:13:28,189 | INFO | Training epoch 1351, Batch 1000/1000: LR=2.46e-05, Loss=4.58e-03 BER=1.65e-03 FER=3.21e-02
2025-10-26 23:13:28,251 | INFO | Epoch 1351 Train Time 75.90784668922424s

2025-10-26 23:14:42,006 | INFO | Training epoch 1352, Batch 1000/1000: LR=2.46e-05, Loss=4.58e-03 BER=1.64e-03 FER=3.19e-02
2025-10-26 23:14:42,066 | INFO | Epoch 1352 Train Time 73.81382083892822s

2025-10-26 23:15:56,908 | INFO | Training epoch 1353, Batch 1000/1000: LR=2.45e-05, Loss=4.69e-03 BER=1.68e-03 FER=3.22e-02
2025-10-26 23:15:56,967 | INFO | Epoch 1353 Train Time 74.8995099067688s

2025-10-26 23:17:12,272 | INFO | Training epoch 1354, Batch 1000/1000: LR=2.44e-05, Loss=4.61e-03 BER=1.67e-03 FER=3.26e-02
2025-10-26 23:17:12,312 | INFO | Epoch 1354 Train Time 75.34301805496216s

2025-10-26 23:18:28,559 | INFO | Training epoch 1355, Batch 1000/1000: LR=2.44e-05, Loss=4.55e-03 BER=1.62e-03 FER=3.19e-02
2025-10-26 23:18:28,627 | INFO | Epoch 1355 Train Time 76.31379342079163s

2025-10-26 23:19:46,579 | INFO | Training epoch 1356, Batch 1000/1000: LR=2.43e-05, Loss=4.66e-03 BER=1.68e-03 FER=3.24e-02
2025-10-26 23:19:46,659 | INFO | Epoch 1356 Train Time 78.03000330924988s

2025-10-26 23:21:04,483 | INFO | Training epoch 1357, Batch 1000/1000: LR=2.42e-05, Loss=4.69e-03 BER=1.66e-03 FER=3.24e-02
2025-10-26 23:21:04,550 | INFO | Epoch 1357 Train Time 77.8902702331543s

2025-10-26 23:22:20,905 | INFO | Training epoch 1358, Batch 1000/1000: LR=2.42e-05, Loss=4.69e-03 BER=1.69e-03 FER=3.26e-02
2025-10-26 23:22:20,987 | INFO | Epoch 1358 Train Time 76.43460822105408s

2025-10-26 23:23:38,659 | INFO | Training epoch 1359, Batch 1000/1000: LR=2.41e-05, Loss=4.59e-03 BER=1.66e-03 FER=3.21e-02
2025-10-26 23:23:38,736 | INFO | Epoch 1359 Train Time 77.74593567848206s

2025-10-26 23:24:47,533 | INFO | Training epoch 1360, Batch 1000/1000: LR=2.40e-05, Loss=4.48e-03 BER=1.61e-03 FER=3.17e-02
2025-10-26 23:24:47,599 | INFO | Epoch 1360 Train Time 68.8600742816925s

2025-10-26 23:26:07,785 | INFO | Training epoch 1361, Batch 1000/1000: LR=2.40e-05, Loss=4.62e-03 BER=1.67e-03 FER=3.28e-02
2025-10-26 23:26:07,864 | INFO | Epoch 1361 Train Time 80.26225399971008s

2025-10-26 23:27:23,782 | INFO | Training epoch 1362, Batch 1000/1000: LR=2.39e-05, Loss=4.65e-03 BER=1.68e-03 FER=3.24e-02
2025-10-26 23:27:23,865 | INFO | Epoch 1362 Train Time 76.0003490447998s

2025-10-26 23:28:41,157 | INFO | Training epoch 1363, Batch 1000/1000: LR=2.38e-05, Loss=4.63e-03 BER=1.68e-03 FER=3.28e-02
2025-10-26 23:28:41,216 | INFO | Epoch 1363 Train Time 77.35027551651001s

2025-10-26 23:30:00,178 | INFO | Training epoch 1364, Batch 1000/1000: LR=2.38e-05, Loss=4.52e-03 BER=1.63e-03 FER=3.18e-02
2025-10-26 23:30:00,247 | INFO | Epoch 1364 Train Time 79.02915096282959s

2025-10-26 23:31:15,386 | INFO | Training epoch 1365, Batch 1000/1000: LR=2.37e-05, Loss=4.57e-03 BER=1.62e-03 FER=3.17e-02
2025-10-26 23:31:15,448 | INFO | Epoch 1365 Train Time 75.19932889938354s

2025-10-26 23:32:35,249 | INFO | Training epoch 1366, Batch 1000/1000: LR=2.36e-05, Loss=4.59e-03 BER=1.65e-03 FER=3.23e-02
2025-10-26 23:32:35,320 | INFO | Epoch 1366 Train Time 79.87035822868347s

2025-10-26 23:33:53,995 | INFO | Training epoch 1367, Batch 1000/1000: LR=2.36e-05, Loss=4.73e-03 BER=1.69e-03 FER=3.30e-02
2025-10-26 23:33:54,061 | INFO | Epoch 1367 Train Time 78.73950028419495s

2025-10-26 23:35:06,372 | INFO | Training epoch 1368, Batch 1000/1000: LR=2.35e-05, Loss=4.69e-03 BER=1.69e-03 FER=3.28e-02
2025-10-26 23:35:06,436 | INFO | Epoch 1368 Train Time 72.3731894493103s

2025-10-26 23:36:20,281 | INFO | Training epoch 1369, Batch 1000/1000: LR=2.35e-05, Loss=4.77e-03 BER=1.71e-03 FER=3.33e-02
2025-10-26 23:36:20,353 | INFO | Epoch 1369 Train Time 73.91623330116272s

2025-10-26 23:37:32,928 | INFO | Training epoch 1370, Batch 1000/1000: LR=2.34e-05, Loss=4.72e-03 BER=1.71e-03 FER=3.31e-02
2025-10-26 23:37:32,979 | INFO | Epoch 1370 Train Time 72.62453818321228s

2025-10-26 23:38:45,276 | INFO | Training epoch 1371, Batch 1000/1000: LR=2.33e-05, Loss=4.62e-03 BER=1.64e-03 FER=3.21e-02
2025-10-26 23:38:45,345 | INFO | Epoch 1371 Train Time 72.36459517478943s

2025-10-26 23:40:04,338 | INFO | Training epoch 1372, Batch 1000/1000: LR=2.33e-05, Loss=4.60e-03 BER=1.67e-03 FER=3.23e-02
2025-10-26 23:40:04,423 | INFO | Epoch 1372 Train Time 79.07544875144958s

2025-10-26 23:41:21,887 | INFO | Training epoch 1373, Batch 1000/1000: LR=2.32e-05, Loss=4.76e-03 BER=1.72e-03 FER=3.30e-02
2025-10-26 23:41:21,982 | INFO | Epoch 1373 Train Time 77.55656003952026s

2025-10-26 23:42:41,489 | INFO | Training epoch 1374, Batch 1000/1000: LR=2.31e-05, Loss=4.70e-03 BER=1.68e-03 FER=3.26e-02
2025-10-26 23:42:41,555 | INFO | Epoch 1374 Train Time 79.5721755027771s

2025-10-26 23:43:58,685 | INFO | Training epoch 1375, Batch 1000/1000: LR=2.31e-05, Loss=4.60e-03 BER=1.67e-03 FER=3.24e-02
2025-10-26 23:43:58,758 | INFO | Epoch 1375 Train Time 77.20163202285767s

2025-10-26 23:45:13,066 | INFO | Training epoch 1376, Batch 1000/1000: LR=2.30e-05, Loss=4.54e-03 BER=1.63e-03 FER=3.19e-02
2025-10-26 23:45:13,146 | INFO | Epoch 1376 Train Time 74.38691186904907s

2025-10-26 23:46:26,194 | INFO | Training epoch 1377, Batch 1000/1000: LR=2.29e-05, Loss=4.58e-03 BER=1.63e-03 FER=3.19e-02
2025-10-26 23:46:26,267 | INFO | Epoch 1377 Train Time 73.11849522590637s

2025-10-26 23:47:43,997 | INFO | Training epoch 1378, Batch 1000/1000: LR=2.29e-05, Loss=4.59e-03 BER=1.65e-03 FER=3.21e-02
2025-10-26 23:47:44,084 | INFO | Epoch 1378 Train Time 77.81686043739319s

2025-10-26 23:49:02,286 | INFO | Training epoch 1379, Batch 1000/1000: LR=2.28e-05, Loss=4.75e-03 BER=1.71e-03 FER=3.26e-02
2025-10-26 23:49:02,372 | INFO | Epoch 1379 Train Time 78.2850694656372s

2025-10-26 23:50:16,906 | INFO | Training epoch 1380, Batch 1000/1000: LR=2.27e-05, Loss=4.66e-03 BER=1.65e-03 FER=3.20e-02
2025-10-26 23:50:16,986 | INFO | Epoch 1380 Train Time 74.6122522354126s

2025-10-26 23:51:36,475 | INFO | Training epoch 1381, Batch 1000/1000: LR=2.27e-05, Loss=4.57e-03 BER=1.62e-03 FER=3.21e-02
2025-10-26 23:51:36,538 | INFO | Epoch 1381 Train Time 79.54866743087769s

2025-10-26 23:52:50,428 | INFO | Training epoch 1382, Batch 1000/1000: LR=2.26e-05, Loss=4.66e-03 BER=1.67e-03 FER=3.19e-02
2025-10-26 23:52:50,481 | INFO | Epoch 1382 Train Time 73.94047617912292s

2025-10-26 23:54:09,119 | INFO | Training epoch 1383, Batch 1000/1000: LR=2.25e-05, Loss=4.42e-03 BER=1.58e-03 FER=3.09e-02
2025-10-26 23:54:09,181 | INFO | Epoch 1383 Train Time 78.7001223564148s

2025-10-26 23:54:09,182 | INFO | [P2] saving best_model (QAT) with loss 0.004423 at epoch 1383
2025-10-26 23:55:22,796 | INFO | Training epoch 1384, Batch 1000/1000: LR=2.25e-05, Loss=4.61e-03 BER=1.65e-03 FER=3.22e-02
2025-10-26 23:55:22,866 | INFO | Epoch 1384 Train Time 73.61866235733032s

2025-10-26 23:56:42,369 | INFO | Training epoch 1385, Batch 1000/1000: LR=2.24e-05, Loss=4.57e-03 BER=1.66e-03 FER=3.20e-02
2025-10-26 23:56:42,439 | INFO | Epoch 1385 Train Time 79.57092475891113s

2025-10-26 23:57:59,205 | INFO | Training epoch 1386, Batch 1000/1000: LR=2.24e-05, Loss=4.44e-03 BER=1.60e-03 FER=3.15e-02
2025-10-26 23:57:59,262 | INFO | Epoch 1386 Train Time 76.82211518287659s

2025-10-26 23:59:03,564 | INFO | Training epoch 1387, Batch 1000/1000: LR=2.23e-05, Loss=4.63e-03 BER=1.67e-03 FER=3.20e-02
2025-10-26 23:59:03,637 | INFO | Epoch 1387 Train Time 64.37395524978638s

2025-10-27 00:00:15,290 | INFO | Training epoch 1388, Batch 1000/1000: LR=2.22e-05, Loss=4.67e-03 BER=1.68e-03 FER=3.26e-02
2025-10-27 00:00:15,354 | INFO | Epoch 1388 Train Time 71.71643781661987s

2025-10-27 00:01:28,184 | INFO | Training epoch 1389, Batch 1000/1000: LR=2.22e-05, Loss=4.71e-03 BER=1.68e-03 FER=3.24e-02
2025-10-27 00:01:28,244 | INFO | Epoch 1389 Train Time 72.88787651062012s

2025-10-27 00:02:48,573 | INFO | Training epoch 1390, Batch 1000/1000: LR=2.21e-05, Loss=4.68e-03 BER=1.67e-03 FER=3.29e-02
2025-10-27 00:02:48,623 | INFO | Epoch 1390 Train Time 80.37630009651184s

2025-10-27 00:04:01,532 | INFO | Training epoch 1391, Batch 1000/1000: LR=2.20e-05, Loss=4.58e-03 BER=1.64e-03 FER=3.15e-02
2025-10-27 00:04:01,597 | INFO | Epoch 1391 Train Time 72.97326946258545s

2025-10-27 00:05:25,006 | INFO | Training epoch 1392, Batch 1000/1000: LR=2.20e-05, Loss=4.56e-03 BER=1.62e-03 FER=3.16e-02
2025-10-27 00:05:25,065 | INFO | Epoch 1392 Train Time 83.46697521209717s

2025-10-27 00:06:45,874 | INFO | Training epoch 1393, Batch 1000/1000: LR=2.19e-05, Loss=4.71e-03 BER=1.67e-03 FER=3.27e-02
2025-10-27 00:06:45,935 | INFO | Epoch 1393 Train Time 80.86747217178345s

2025-10-27 00:08:05,868 | INFO | Training epoch 1394, Batch 1000/1000: LR=2.18e-05, Loss=4.70e-03 BER=1.69e-03 FER=3.25e-02
2025-10-27 00:08:05,932 | INFO | Epoch 1394 Train Time 79.99555110931396s

2025-10-27 00:09:21,286 | INFO | Training epoch 1395, Batch 1000/1000: LR=2.18e-05, Loss=4.73e-03 BER=1.69e-03 FER=3.28e-02
2025-10-27 00:09:21,346 | INFO | Epoch 1395 Train Time 75.41187930107117s

2025-10-27 00:10:32,371 | INFO | Training epoch 1396, Batch 1000/1000: LR=2.17e-05, Loss=4.77e-03 BER=1.70e-03 FER=3.24e-02
2025-10-27 00:10:32,440 | INFO | Epoch 1396 Train Time 71.09255361557007s

2025-10-27 00:11:48,179 | INFO | Training epoch 1397, Batch 1000/1000: LR=2.17e-05, Loss=4.55e-03 BER=1.61e-03 FER=3.18e-02
2025-10-27 00:11:48,245 | INFO | Epoch 1397 Train Time 75.80376553535461s

2025-10-27 00:13:04,471 | INFO | Training epoch 1398, Batch 1000/1000: LR=2.16e-05, Loss=4.60e-03 BER=1.65e-03 FER=3.18e-02
2025-10-27 00:13:04,541 | INFO | Epoch 1398 Train Time 76.2935791015625s

2025-10-27 00:14:23,566 | INFO | Training epoch 1399, Batch 1000/1000: LR=2.15e-05, Loss=4.66e-03 BER=1.65e-03 FER=3.23e-02
2025-10-27 00:14:23,638 | INFO | Epoch 1399 Train Time 79.09599184989929s

2025-10-27 00:15:43,773 | INFO | Training epoch 1400, Batch 1000/1000: LR=2.15e-05, Loss=4.76e-03 BER=1.71e-03 FER=3.27e-02
2025-10-27 00:15:43,829 | INFO | Epoch 1400 Train Time 80.18940091133118s

2025-10-27 00:16:57,284 | INFO | Training epoch 1401, Batch 1000/1000: LR=2.14e-05, Loss=4.67e-03 BER=1.69e-03 FER=3.21e-02
2025-10-27 00:16:57,342 | INFO | Epoch 1401 Train Time 73.5112156867981s

2025-10-27 00:18:14,984 | INFO | Training epoch 1402, Batch 1000/1000: LR=2.13e-05, Loss=4.52e-03 BER=1.61e-03 FER=3.11e-02
2025-10-27 00:18:15,046 | INFO | Epoch 1402 Train Time 77.70233154296875s

2025-10-27 00:19:36,174 | INFO | Training epoch 1403, Batch 1000/1000: LR=2.13e-05, Loss=4.64e-03 BER=1.66e-03 FER=3.19e-02
2025-10-27 00:19:36,249 | INFO | Epoch 1403 Train Time 81.20213270187378s

2025-10-27 00:20:53,365 | INFO | Training epoch 1404, Batch 1000/1000: LR=2.12e-05, Loss=4.62e-03 BER=1.65e-03 FER=3.19e-02
2025-10-27 00:20:53,436 | INFO | Epoch 1404 Train Time 77.18490362167358s

2025-10-27 00:22:10,677 | INFO | Training epoch 1405, Batch 1000/1000: LR=2.12e-05, Loss=4.59e-03 BER=1.65e-03 FER=3.22e-02
2025-10-27 00:22:10,746 | INFO | Epoch 1405 Train Time 77.30837988853455s

2025-10-27 00:23:22,527 | INFO | Training epoch 1406, Batch 1000/1000: LR=2.11e-05, Loss=4.66e-03 BER=1.68e-03 FER=3.23e-02
2025-10-27 00:23:22,593 | INFO | Epoch 1406 Train Time 71.84522700309753s

2025-10-27 00:24:40,480 | INFO | Training epoch 1407, Batch 1000/1000: LR=2.10e-05, Loss=4.52e-03 BER=1.63e-03 FER=3.15e-02
2025-10-27 00:24:40,577 | INFO | Epoch 1407 Train Time 77.9808976650238s

2025-10-27 00:25:59,295 | INFO | Training epoch 1408, Batch 1000/1000: LR=2.10e-05, Loss=4.62e-03 BER=1.65e-03 FER=3.28e-02
2025-10-27 00:25:59,383 | INFO | Epoch 1408 Train Time 78.80559468269348s

2025-10-27 00:27:18,510 | INFO | Training epoch 1409, Batch 1000/1000: LR=2.09e-05, Loss=4.60e-03 BER=1.67e-03 FER=3.25e-02
2025-10-27 00:27:18,566 | INFO | Epoch 1409 Train Time 79.18064045906067s

2025-10-27 00:28:35,786 | INFO | Training epoch 1410, Batch 1000/1000: LR=2.08e-05, Loss=4.57e-03 BER=1.65e-03 FER=3.17e-02
2025-10-27 00:28:35,860 | INFO | Epoch 1410 Train Time 77.29253387451172s

2025-10-27 00:29:51,436 | INFO | Training epoch 1411, Batch 1000/1000: LR=2.08e-05, Loss=4.59e-03 BER=1.61e-03 FER=3.13e-02
2025-10-27 00:29:51,524 | INFO | Epoch 1411 Train Time 75.66094732284546s

2025-10-27 00:31:06,532 | INFO | Training epoch 1412, Batch 1000/1000: LR=2.07e-05, Loss=4.60e-03 BER=1.64e-03 FER=3.22e-02
2025-10-27 00:31:06,631 | INFO | Epoch 1412 Train Time 75.10419750213623s

2025-10-27 00:32:26,994 | INFO | Training epoch 1413, Batch 1000/1000: LR=2.07e-05, Loss=4.56e-03 BER=1.64e-03 FER=3.18e-02
2025-10-27 00:32:27,059 | INFO | Epoch 1413 Train Time 80.42667889595032s

2025-10-27 00:33:48,588 | INFO | Training epoch 1414, Batch 1000/1000: LR=2.06e-05, Loss=4.66e-03 BER=1.67e-03 FER=3.20e-02
2025-10-27 00:33:48,649 | INFO | Epoch 1414 Train Time 81.58956670761108s

2025-10-27 00:35:02,379 | INFO | Training epoch 1415, Batch 1000/1000: LR=2.05e-05, Loss=4.59e-03 BER=1.65e-03 FER=3.21e-02
2025-10-27 00:35:02,454 | INFO | Epoch 1415 Train Time 73.8038022518158s

2025-10-27 00:36:20,392 | INFO | Training epoch 1416, Batch 1000/1000: LR=2.05e-05, Loss=4.69e-03 BER=1.66e-03 FER=3.19e-02
2025-10-27 00:36:20,445 | INFO | Epoch 1416 Train Time 77.98944735527039s

2025-10-27 00:37:36,031 | INFO | Training epoch 1417, Batch 1000/1000: LR=2.04e-05, Loss=4.50e-03 BER=1.62e-03 FER=3.14e-02
2025-10-27 00:37:36,091 | INFO | Epoch 1417 Train Time 75.64474725723267s

2025-10-27 00:38:47,002 | INFO | Training epoch 1418, Batch 1000/1000: LR=2.03e-05, Loss=4.72e-03 BER=1.70e-03 FER=3.25e-02
2025-10-27 00:38:47,068 | INFO | Epoch 1418 Train Time 70.97590589523315s

2025-10-27 00:40:04,820 | INFO | Training epoch 1419, Batch 1000/1000: LR=2.03e-05, Loss=4.64e-03 BER=1.66e-03 FER=3.18e-02
2025-10-27 00:40:04,883 | INFO | Epoch 1419 Train Time 77.81269025802612s

2025-10-27 00:41:22,192 | INFO | Training epoch 1420, Batch 1000/1000: LR=2.02e-05, Loss=4.58e-03 BER=1.63e-03 FER=3.17e-02
2025-10-27 00:41:22,236 | INFO | Epoch 1420 Train Time 77.35176181793213s

2025-10-27 00:42:36,278 | INFO | Training epoch 1421, Batch 1000/1000: LR=2.02e-05, Loss=4.67e-03 BER=1.69e-03 FER=3.27e-02
2025-10-27 00:42:36,363 | INFO | Epoch 1421 Train Time 74.12635922431946s

2025-10-27 00:43:53,968 | INFO | Training epoch 1422, Batch 1000/1000: LR=2.01e-05, Loss=4.40e-03 BER=1.60e-03 FER=3.11e-02
2025-10-27 00:43:54,032 | INFO | Epoch 1422 Train Time 77.66675043106079s

2025-10-27 00:43:54,033 | INFO | [P2] saving best_model (QAT) with loss 0.004400 at epoch 1422
2025-10-27 00:45:07,786 | INFO | Training epoch 1423, Batch 1000/1000: LR=2.00e-05, Loss=4.63e-03 BER=1.65e-03 FER=3.22e-02
2025-10-27 00:45:07,833 | INFO | Epoch 1423 Train Time 73.74776649475098s

2025-10-27 00:46:24,778 | INFO | Training epoch 1424, Batch 1000/1000: LR=2.00e-05, Loss=4.60e-03 BER=1.65e-03 FER=3.16e-02
2025-10-27 00:46:24,849 | INFO | Epoch 1424 Train Time 77.01376628875732s

2025-10-27 00:47:41,869 | INFO | Training epoch 1425, Batch 1000/1000: LR=1.99e-05, Loss=4.66e-03 BER=1.67e-03 FER=3.29e-02
2025-10-27 00:47:41,926 | INFO | Epoch 1425 Train Time 77.07555937767029s

2025-10-27 00:49:01,284 | INFO | Training epoch 1426, Batch 1000/1000: LR=1.99e-05, Loss=4.48e-03 BER=1.60e-03 FER=3.15e-02
2025-10-27 00:49:01,349 | INFO | Epoch 1426 Train Time 79.42216563224792s

2025-10-27 00:50:18,490 | INFO | Training epoch 1427, Batch 1000/1000: LR=1.98e-05, Loss=4.53e-03 BER=1.64e-03 FER=3.19e-02
2025-10-27 00:50:18,577 | INFO | Epoch 1427 Train Time 77.22562456130981s

2025-10-27 00:51:30,986 | INFO | Training epoch 1428, Batch 1000/1000: LR=1.97e-05, Loss=4.61e-03 BER=1.67e-03 FER=3.25e-02
2025-10-27 00:51:31,052 | INFO | Epoch 1428 Train Time 72.47326564788818s

2025-10-27 00:52:49,602 | INFO | Training epoch 1429, Batch 1000/1000: LR=1.97e-05, Loss=4.62e-03 BER=1.65e-03 FER=3.16e-02
2025-10-27 00:52:49,651 | INFO | Epoch 1429 Train Time 78.59727358818054s

2025-10-27 00:53:59,583 | INFO | Training epoch 1430, Batch 1000/1000: LR=1.96e-05, Loss=4.59e-03 BER=1.67e-03 FER=3.23e-02
2025-10-27 00:53:59,653 | INFO | Epoch 1430 Train Time 70.0010290145874s

2025-10-27 00:55:14,466 | INFO | Training epoch 1431, Batch 1000/1000: LR=1.96e-05, Loss=4.60e-03 BER=1.66e-03 FER=3.21e-02
2025-10-27 00:55:14,545 | INFO | Epoch 1431 Train Time 74.89079999923706s

2025-10-27 00:56:28,486 | INFO | Training epoch 1432, Batch 1000/1000: LR=1.95e-05, Loss=4.47e-03 BER=1.59e-03 FER=3.11e-02
2025-10-27 00:56:28,569 | INFO | Epoch 1432 Train Time 74.02243137359619s

2025-10-27 00:57:44,806 | INFO | Training epoch 1433, Batch 1000/1000: LR=1.94e-05, Loss=4.57e-03 BER=1.63e-03 FER=3.15e-02
2025-10-27 00:57:44,872 | INFO | Epoch 1433 Train Time 76.30151605606079s

2025-10-27 00:58:54,819 | INFO | Training epoch 1434, Batch 1000/1000: LR=1.94e-05, Loss=4.61e-03 BER=1.64e-03 FER=3.18e-02
2025-10-27 00:58:54,890 | INFO | Epoch 1434 Train Time 70.0159604549408s

2025-10-27 01:00:11,710 | INFO | Training epoch 1435, Batch 1000/1000: LR=1.93e-05, Loss=4.59e-03 BER=1.66e-03 FER=3.24e-02
2025-10-27 01:00:11,805 | INFO | Epoch 1435 Train Time 76.91218876838684s

2025-10-27 01:01:30,994 | INFO | Training epoch 1436, Batch 1000/1000: LR=1.92e-05, Loss=4.63e-03 BER=1.67e-03 FER=3.21e-02
2025-10-27 01:01:31,079 | INFO | Epoch 1436 Train Time 79.27294850349426s

2025-10-27 01:02:49,677 | INFO | Training epoch 1437, Batch 1000/1000: LR=1.92e-05, Loss=4.51e-03 BER=1.62e-03 FER=3.13e-02
2025-10-27 01:02:49,746 | INFO | Epoch 1437 Train Time 78.666024684906s

2025-10-27 01:04:03,872 | INFO | Training epoch 1438, Batch 1000/1000: LR=1.91e-05, Loss=4.59e-03 BER=1.66e-03 FER=3.19e-02
2025-10-27 01:04:03,950 | INFO | Epoch 1438 Train Time 74.20201587677002s

2025-10-27 01:05:17,302 | INFO | Training epoch 1439, Batch 1000/1000: LR=1.91e-05, Loss=4.48e-03 BER=1.60e-03 FER=3.18e-02
2025-10-27 01:05:17,357 | INFO | Epoch 1439 Train Time 73.404620885849s

2025-10-27 01:06:31,524 | INFO | Training epoch 1440, Batch 1000/1000: LR=1.90e-05, Loss=4.61e-03 BER=1.65e-03 FER=3.18e-02
2025-10-27 01:06:31,596 | INFO | Epoch 1440 Train Time 74.2377986907959s

2025-10-27 01:07:45,956 | INFO | Training epoch 1441, Batch 1000/1000: LR=1.89e-05, Loss=4.63e-03 BER=1.66e-03 FER=3.20e-02
2025-10-27 01:07:46,031 | INFO | Epoch 1441 Train Time 74.43301391601562s

2025-10-27 01:09:01,105 | INFO | Training epoch 1442, Batch 1000/1000: LR=1.89e-05, Loss=4.43e-03 BER=1.57e-03 FER=3.04e-02
2025-10-27 01:09:01,173 | INFO | Epoch 1442 Train Time 75.14159512519836s

2025-10-27 01:10:19,995 | INFO | Training epoch 1443, Batch 1000/1000: LR=1.88e-05, Loss=4.45e-03 BER=1.58e-03 FER=3.10e-02
2025-10-27 01:10:20,056 | INFO | Epoch 1443 Train Time 78.8818850517273s

2025-10-27 01:11:32,902 | INFO | Training epoch 1444, Batch 1000/1000: LR=1.88e-05, Loss=4.73e-03 BER=1.69e-03 FER=3.29e-02
2025-10-27 01:11:32,959 | INFO | Epoch 1444 Train Time 72.90097093582153s

2025-10-27 01:12:41,403 | INFO | Training epoch 1445, Batch 1000/1000: LR=1.87e-05, Loss=4.58e-03 BER=1.65e-03 FER=3.18e-02
2025-10-27 01:12:41,484 | INFO | Epoch 1445 Train Time 68.52436447143555s

2025-10-27 01:14:04,685 | INFO | Training epoch 1446, Batch 1000/1000: LR=1.86e-05, Loss=4.62e-03 BER=1.66e-03 FER=3.19e-02
2025-10-27 01:14:04,751 | INFO | Epoch 1446 Train Time 83.26452541351318s

2025-10-27 01:15:26,269 | INFO | Training epoch 1447, Batch 1000/1000: LR=1.86e-05, Loss=4.44e-03 BER=1.60e-03 FER=3.14e-02
2025-10-27 01:15:26,332 | INFO | Epoch 1447 Train Time 81.57964968681335s

2025-10-27 01:16:45,386 | INFO | Training epoch 1448, Batch 1000/1000: LR=1.85e-05, Loss=4.58e-03 BER=1.65e-03 FER=3.18e-02
2025-10-27 01:16:45,441 | INFO | Epoch 1448 Train Time 79.10684061050415s

2025-10-27 01:18:01,440 | INFO | Training epoch 1449, Batch 1000/1000: LR=1.85e-05, Loss=4.58e-03 BER=1.64e-03 FER=3.17e-02
2025-10-27 01:18:01,514 | INFO | Epoch 1449 Train Time 76.07112979888916s

2025-10-27 01:19:15,873 | INFO | Training epoch 1450, Batch 1000/1000: LR=1.84e-05, Loss=4.48e-03 BER=1.61e-03 FER=3.17e-02
2025-10-27 01:19:15,957 | INFO | Epoch 1450 Train Time 74.44141960144043s

2025-10-27 01:20:34,952 | INFO | Training epoch 1451, Batch 1000/1000: LR=1.84e-05, Loss=4.57e-03 BER=1.65e-03 FER=3.18e-02
2025-10-27 01:20:35,014 | INFO | Epoch 1451 Train Time 79.05408644676208s

2025-10-27 01:21:58,185 | INFO | Training epoch 1452, Batch 1000/1000: LR=1.83e-05, Loss=4.53e-03 BER=1.63e-03 FER=3.20e-02
2025-10-27 01:21:58,267 | INFO | Epoch 1452 Train Time 83.25235056877136s

2025-10-27 01:23:17,377 | INFO | Training epoch 1453, Batch 1000/1000: LR=1.82e-05, Loss=4.71e-03 BER=1.68e-03 FER=3.23e-02
2025-10-27 01:23:17,443 | INFO | Epoch 1453 Train Time 79.17488646507263s

2025-10-27 01:24:36,488 | INFO | Training epoch 1454, Batch 1000/1000: LR=1.82e-05, Loss=4.67e-03 BER=1.66e-03 FER=3.19e-02
2025-10-27 01:24:36,575 | INFO | Epoch 1454 Train Time 79.13035869598389s

2025-10-27 01:25:54,163 | INFO | Training epoch 1455, Batch 1000/1000: LR=1.81e-05, Loss=4.52e-03 BER=1.62e-03 FER=3.16e-02
2025-10-27 01:25:54,258 | INFO | Epoch 1455 Train Time 77.68112325668335s

2025-10-27 01:27:08,565 | INFO | Training epoch 1456, Batch 1000/1000: LR=1.81e-05, Loss=4.48e-03 BER=1.60e-03 FER=3.08e-02
2025-10-27 01:27:08,627 | INFO | Epoch 1456 Train Time 74.36756539344788s

2025-10-27 01:28:28,577 | INFO | Training epoch 1457, Batch 1000/1000: LR=1.80e-05, Loss=4.70e-03 BER=1.66e-03 FER=3.18e-02
2025-10-27 01:28:28,629 | INFO | Epoch 1457 Train Time 80.00131607055664s

2025-10-27 01:29:39,508 | INFO | Training epoch 1458, Batch 1000/1000: LR=1.79e-05, Loss=4.56e-03 BER=1.63e-03 FER=3.15e-02
2025-10-27 01:29:39,623 | INFO | Epoch 1458 Train Time 70.99317169189453s

2025-10-27 01:30:50,455 | INFO | Training epoch 1459, Batch 1000/1000: LR=1.79e-05, Loss=4.50e-03 BER=1.61e-03 FER=3.14e-02
2025-10-27 01:30:50,534 | INFO | Epoch 1459 Train Time 70.90690898895264s

2025-10-27 01:32:11,398 | INFO | Training epoch 1460, Batch 1000/1000: LR=1.78e-05, Loss=4.50e-03 BER=1.60e-03 FER=3.14e-02
2025-10-27 01:32:11,480 | INFO | Epoch 1460 Train Time 80.94316005706787s

2025-10-27 01:33:15,983 | INFO | Training epoch 1461, Batch 1000/1000: LR=1.78e-05, Loss=4.60e-03 BER=1.66e-03 FER=3.25e-02
2025-10-27 01:33:16,052 | INFO | Epoch 1461 Train Time 64.56919431686401s

2025-10-27 01:34:25,512 | INFO | Training epoch 1462, Batch 1000/1000: LR=1.77e-05, Loss=4.60e-03 BER=1.63e-03 FER=3.19e-02
2025-10-27 01:34:25,591 | INFO | Epoch 1462 Train Time 69.53817749023438s

2025-10-27 01:35:41,881 | INFO | Training epoch 1463, Batch 1000/1000: LR=1.76e-05, Loss=4.46e-03 BER=1.61e-03 FER=3.13e-02
2025-10-27 01:35:41,947 | INFO | Epoch 1463 Train Time 76.35370683670044s

2025-10-27 01:37:02,494 | INFO | Training epoch 1464, Batch 1000/1000: LR=1.76e-05, Loss=4.70e-03 BER=1.69e-03 FER=3.25e-02
2025-10-27 01:37:02,592 | INFO | Epoch 1464 Train Time 80.64302515983582s

2025-10-27 01:38:15,972 | INFO | Training epoch 1465, Batch 1000/1000: LR=1.75e-05, Loss=4.56e-03 BER=1.63e-03 FER=3.14e-02
2025-10-27 01:38:16,022 | INFO | Epoch 1465 Train Time 73.42944169044495s

2025-10-27 01:39:30,110 | INFO | Training epoch 1466, Batch 1000/1000: LR=1.75e-05, Loss=4.64e-03 BER=1.67e-03 FER=3.20e-02
2025-10-27 01:39:30,163 | INFO | Epoch 1466 Train Time 74.13982725143433s

2025-10-27 01:40:51,877 | INFO | Training epoch 1467, Batch 1000/1000: LR=1.74e-05, Loss=4.57e-03 BER=1.67e-03 FER=3.20e-02
2025-10-27 01:40:51,934 | INFO | Epoch 1467 Train Time 81.7696099281311s

2025-10-27 01:41:59,366 | INFO | Training epoch 1468, Batch 1000/1000: LR=1.74e-05, Loss=4.55e-03 BER=1.62e-03 FER=3.14e-02
2025-10-27 01:41:59,426 | INFO | Epoch 1468 Train Time 67.49019455909729s

2025-10-27 01:43:21,275 | INFO | Training epoch 1469, Batch 1000/1000: LR=1.73e-05, Loss=4.56e-03 BER=1.61e-03 FER=3.16e-02
2025-10-27 01:43:21,333 | INFO | Epoch 1469 Train Time 81.90541315078735s

2025-10-27 01:44:39,185 | INFO | Training epoch 1470, Batch 1000/1000: LR=1.72e-05, Loss=4.53e-03 BER=1.60e-03 FER=3.09e-02
2025-10-27 01:44:39,243 | INFO | Epoch 1470 Train Time 77.90914869308472s

2025-10-27 01:45:55,149 | INFO | Training epoch 1471, Batch 1000/1000: LR=1.72e-05, Loss=4.51e-03 BER=1.63e-03 FER=3.16e-02
2025-10-27 01:45:55,207 | INFO | Epoch 1471 Train Time 75.9628312587738s

2025-10-27 01:47:15,593 | INFO | Training epoch 1472, Batch 1000/1000: LR=1.71e-05, Loss=4.61e-03 BER=1.65e-03 FER=3.13e-02
2025-10-27 01:47:15,672 | INFO | Epoch 1472 Train Time 80.46251392364502s

2025-10-27 01:48:35,487 | INFO | Training epoch 1473, Batch 1000/1000: LR=1.71e-05, Loss=4.54e-03 BER=1.63e-03 FER=3.16e-02
2025-10-27 01:48:35,571 | INFO | Epoch 1473 Train Time 79.89768624305725s

2025-10-27 01:49:54,907 | INFO | Training epoch 1474, Batch 1000/1000: LR=1.70e-05, Loss=4.57e-03 BER=1.63e-03 FER=3.13e-02
2025-10-27 01:49:54,990 | INFO | Epoch 1474 Train Time 79.41822004318237s

2025-10-27 01:51:14,667 | INFO | Training epoch 1475, Batch 1000/1000: LR=1.70e-05, Loss=4.74e-03 BER=1.70e-03 FER=3.26e-02
2025-10-27 01:51:14,727 | INFO | Epoch 1475 Train Time 79.73412919044495s

2025-10-27 01:52:33,688 | INFO | Training epoch 1476, Batch 1000/1000: LR=1.69e-05, Loss=4.43e-03 BER=1.58e-03 FER=3.07e-02
2025-10-27 01:52:33,754 | INFO | Epoch 1476 Train Time 79.02464890480042s

2025-10-27 01:53:51,804 | INFO | Training epoch 1477, Batch 1000/1000: LR=1.68e-05, Loss=4.67e-03 BER=1.68e-03 FER=3.20e-02
2025-10-27 01:53:51,865 | INFO | Epoch 1477 Train Time 78.11086750030518s

2025-10-27 01:55:11,583 | INFO | Training epoch 1478, Batch 1000/1000: LR=1.68e-05, Loss=4.50e-03 BER=1.60e-03 FER=3.11e-02
2025-10-27 01:55:11,667 | INFO | Epoch 1478 Train Time 79.8004047870636s

2025-10-27 01:56:31,010 | INFO | Training epoch 1479, Batch 1000/1000: LR=1.67e-05, Loss=4.56e-03 BER=1.61e-03 FER=3.07e-02
2025-10-27 01:56:31,070 | INFO | Epoch 1479 Train Time 79.40176963806152s

2025-10-27 01:57:37,296 | INFO | Training epoch 1480, Batch 1000/1000: LR=1.67e-05, Loss=4.48e-03 BER=1.61e-03 FER=3.16e-02
2025-10-27 01:57:37,356 | INFO | Epoch 1480 Train Time 66.28406739234924s

2025-10-27 01:58:48,510 | INFO | Training epoch 1481, Batch 1000/1000: LR=1.66e-05, Loss=4.61e-03 BER=1.65e-03 FER=3.16e-02
2025-10-27 01:58:48,608 | INFO | Epoch 1481 Train Time 71.25196290016174s

2025-10-27 02:00:05,516 | INFO | Training epoch 1482, Batch 1000/1000: LR=1.66e-05, Loss=4.44e-03 BER=1.58e-03 FER=3.02e-02
2025-10-27 02:00:05,602 | INFO | Epoch 1482 Train Time 76.99235773086548s

2025-10-27 02:01:21,982 | INFO | Training epoch 1483, Batch 1000/1000: LR=1.65e-05, Loss=4.57e-03 BER=1.64e-03 FER=3.20e-02
2025-10-27 02:01:22,037 | INFO | Epoch 1483 Train Time 76.43341588973999s

2025-10-27 02:02:39,211 | INFO | Training epoch 1484, Batch 1000/1000: LR=1.64e-05, Loss=4.49e-03 BER=1.61e-03 FER=3.14e-02
2025-10-27 02:02:39,266 | INFO | Epoch 1484 Train Time 77.22719526290894s

2025-10-27 02:03:52,671 | INFO | Training epoch 1485, Batch 1000/1000: LR=1.64e-05, Loss=4.67e-03 BER=1.69e-03 FER=3.24e-02
2025-10-27 02:03:52,750 | INFO | Epoch 1485 Train Time 73.48371863365173s

2025-10-27 02:05:12,783 | INFO | Training epoch 1486, Batch 1000/1000: LR=1.63e-05, Loss=4.59e-03 BER=1.66e-03 FER=3.20e-02
2025-10-27 02:05:12,855 | INFO | Epoch 1486 Train Time 80.10270404815674s

2025-10-27 02:06:27,325 | INFO | Training epoch 1487, Batch 1000/1000: LR=1.63e-05, Loss=4.53e-03 BER=1.60e-03 FER=3.13e-02
2025-10-27 02:06:27,378 | INFO | Epoch 1487 Train Time 74.52184867858887s

2025-10-27 02:07:48,567 | INFO | Training epoch 1488, Batch 1000/1000: LR=1.62e-05, Loss=4.62e-03 BER=1.64e-03 FER=3.17e-02
2025-10-27 02:07:48,657 | INFO | Epoch 1488 Train Time 81.27637457847595s

2025-10-27 02:09:04,987 | INFO | Training epoch 1489, Batch 1000/1000: LR=1.62e-05, Loss=4.59e-03 BER=1.64e-03 FER=3.15e-02
2025-10-27 02:09:05,054 | INFO | Epoch 1489 Train Time 76.39653968811035s

2025-10-27 02:10:14,624 | INFO | Training epoch 1490, Batch 1000/1000: LR=1.61e-05, Loss=4.58e-03 BER=1.63e-03 FER=3.17e-02
2025-10-27 02:10:14,674 | INFO | Epoch 1490 Train Time 69.61740732192993s

2025-10-27 02:11:35,872 | INFO | Training epoch 1491, Batch 1000/1000: LR=1.61e-05, Loss=4.62e-03 BER=1.64e-03 FER=3.20e-02
2025-10-27 02:11:35,945 | INFO | Epoch 1491 Train Time 81.2702362537384s

2025-10-27 02:12:57,481 | INFO | Training epoch 1492, Batch 1000/1000: LR=1.60e-05, Loss=4.39e-03 BER=1.58e-03 FER=3.10e-02
2025-10-27 02:12:57,543 | INFO | Epoch 1492 Train Time 81.59712958335876s

2025-10-27 02:12:57,543 | INFO | [P2] saving best_model (QAT) with loss 0.004390 at epoch 1492
2025-10-27 02:14:17,291 | INFO | Training epoch 1493, Batch 1000/1000: LR=1.59e-05, Loss=4.55e-03 BER=1.62e-03 FER=3.14e-02
2025-10-27 02:14:17,353 | INFO | Epoch 1493 Train Time 79.74005150794983s

2025-10-27 02:15:30,978 | INFO | Training epoch 1494, Batch 1000/1000: LR=1.59e-05, Loss=4.59e-03 BER=1.62e-03 FER=3.15e-02
2025-10-27 02:15:31,043 | INFO | Epoch 1494 Train Time 73.68878817558289s

2025-10-27 02:16:43,081 | INFO | Training epoch 1495, Batch 1000/1000: LR=1.58e-05, Loss=4.45e-03 BER=1.58e-03 FER=3.07e-02
2025-10-27 02:16:43,165 | INFO | Epoch 1495 Train Time 72.12026619911194s

2025-10-27 02:18:07,338 | INFO | Training epoch 1496, Batch 1000/1000: LR=1.58e-05, Loss=4.60e-03 BER=1.65e-03 FER=3.13e-02
2025-10-27 02:18:07,425 | INFO | Epoch 1496 Train Time 84.25844144821167s

2025-10-27 02:19:25,092 | INFO | Training epoch 1497, Batch 1000/1000: LR=1.57e-05, Loss=4.53e-03 BER=1.63e-03 FER=3.11e-02
2025-10-27 02:19:25,155 | INFO | Epoch 1497 Train Time 77.7278003692627s

2025-10-27 02:20:45,217 | INFO | Training epoch 1498, Batch 1000/1000: LR=1.57e-05, Loss=4.54e-03 BER=1.61e-03 FER=3.07e-02
2025-10-27 02:20:45,297 | INFO | Epoch 1498 Train Time 80.14129376411438s

2025-10-27 02:22:03,165 | INFO | Training epoch 1499, Batch 1000/1000: LR=1.56e-05, Loss=4.56e-03 BER=1.65e-03 FER=3.14e-02
2025-10-27 02:22:03,237 | INFO | Epoch 1499 Train Time 77.93788003921509s

2025-10-27 02:23:25,177 | INFO | Training epoch 1500, Batch 1000/1000: LR=1.56e-05, Loss=4.59e-03 BER=1.66e-03 FER=3.19e-02
2025-10-27 02:23:25,236 | INFO | Epoch 1500 Train Time 81.99686241149902s

2025-10-27 02:24:39,526 | INFO | Training epoch 1501, Batch 1000/1000: LR=1.55e-05, Loss=4.62e-03 BER=1.63e-03 FER=3.17e-02
2025-10-27 02:24:39,589 | INFO | Epoch 1501 Train Time 74.35195446014404s

2025-10-27 02:25:54,809 | INFO | Training epoch 1502, Batch 1000/1000: LR=1.54e-05, Loss=4.64e-03 BER=1.67e-03 FER=3.19e-02
2025-10-27 02:25:54,882 | INFO | Epoch 1502 Train Time 75.29086518287659s

2025-10-27 02:27:08,784 | INFO | Training epoch 1503, Batch 1000/1000: LR=1.54e-05, Loss=4.48e-03 BER=1.60e-03 FER=3.09e-02
2025-10-27 02:27:08,866 | INFO | Epoch 1503 Train Time 73.9824607372284s

2025-10-27 02:28:32,309 | INFO | Training epoch 1504, Batch 1000/1000: LR=1.53e-05, Loss=4.59e-03 BER=1.62e-03 FER=3.12e-02
2025-10-27 02:28:32,372 | INFO | Epoch 1504 Train Time 83.50531935691833s

2025-10-27 02:29:47,671 | INFO | Training epoch 1505, Batch 1000/1000: LR=1.53e-05, Loss=4.37e-03 BER=1.56e-03 FER=3.05e-02
2025-10-27 02:29:47,730 | INFO | Epoch 1505 Train Time 75.35647749900818s

2025-10-27 02:29:47,731 | INFO | [P2] saving best_model (QAT) with loss 0.004369 at epoch 1505
2025-10-27 02:30:59,874 | INFO | Training epoch 1506, Batch 1000/1000: LR=1.52e-05, Loss=4.47e-03 BER=1.60e-03 FER=3.09e-02
2025-10-27 02:30:59,947 | INFO | Epoch 1506 Train Time 72.14757657051086s

2025-10-27 02:32:11,301 | INFO | Training epoch 1507, Batch 1000/1000: LR=1.52e-05, Loss=4.45e-03 BER=1.60e-03 FER=3.08e-02
2025-10-27 02:32:11,356 | INFO | Epoch 1507 Train Time 71.40739488601685s

2025-10-27 02:33:27,676 | INFO | Training epoch 1508, Batch 1000/1000: LR=1.51e-05, Loss=4.61e-03 BER=1.66e-03 FER=3.18e-02
2025-10-27 02:33:27,733 | INFO | Epoch 1508 Train Time 76.37482953071594s

2025-10-27 02:34:39,265 | INFO | Training epoch 1509, Batch 1000/1000: LR=1.51e-05, Loss=4.56e-03 BER=1.62e-03 FER=3.11e-02
2025-10-27 02:34:39,337 | INFO | Epoch 1509 Train Time 71.60270810127258s

2025-10-27 02:35:57,071 | INFO | Training epoch 1510, Batch 1000/1000: LR=1.50e-05, Loss=4.47e-03 BER=1.60e-03 FER=3.12e-02
2025-10-27 02:35:57,159 | INFO | Epoch 1510 Train Time 77.82056546211243s

2025-10-27 02:37:16,193 | INFO | Training epoch 1511, Batch 1000/1000: LR=1.50e-05, Loss=4.59e-03 BER=1.64e-03 FER=3.14e-02
2025-10-27 02:37:16,268 | INFO | Epoch 1511 Train Time 79.10758018493652s

2025-10-27 02:38:38,570 | INFO | Training epoch 1512, Batch 1000/1000: LR=1.49e-05, Loss=4.65e-03 BER=1.66e-03 FER=3.16e-02
2025-10-27 02:38:38,632 | INFO | Epoch 1512 Train Time 82.36257839202881s

2025-10-27 02:40:02,264 | INFO | Training epoch 1513, Batch 1000/1000: LR=1.48e-05, Loss=4.61e-03 BER=1.64e-03 FER=3.16e-02
2025-10-27 02:40:02,337 | INFO | Epoch 1513 Train Time 83.70320963859558s

2025-10-27 02:41:21,094 | INFO | Training epoch 1514, Batch 1000/1000: LR=1.48e-05, Loss=4.53e-03 BER=1.62e-03 FER=3.14e-02
2025-10-27 02:41:21,152 | INFO | Epoch 1514 Train Time 78.81376194953918s

2025-10-27 02:42:31,199 | INFO | Training epoch 1515, Batch 1000/1000: LR=1.47e-05, Loss=4.64e-03 BER=1.67e-03 FER=3.22e-02
2025-10-27 02:42:31,252 | INFO | Epoch 1515 Train Time 70.09850764274597s

2025-10-27 02:43:41,136 | INFO | Training epoch 1516, Batch 1000/1000: LR=1.47e-05, Loss=4.51e-03 BER=1.63e-03 FER=3.16e-02
2025-10-27 02:43:41,198 | INFO | Epoch 1516 Train Time 69.94514012336731s

2025-10-27 02:44:58,044 | INFO | Training epoch 1517, Batch 1000/1000: LR=1.46e-05, Loss=4.55e-03 BER=1.65e-03 FER=3.20e-02
2025-10-27 02:44:58,131 | INFO | Epoch 1517 Train Time 76.93113112449646s

2025-10-27 02:46:06,808 | INFO | Training epoch 1518, Batch 1000/1000: LR=1.46e-05, Loss=4.53e-03 BER=1.64e-03 FER=3.14e-02
2025-10-27 02:46:06,875 | INFO | Epoch 1518 Train Time 68.7419102191925s

2025-10-27 02:47:20,299 | INFO | Training epoch 1519, Batch 1000/1000: LR=1.45e-05, Loss=4.47e-03 BER=1.59e-03 FER=3.07e-02
2025-10-27 02:47:20,366 | INFO | Epoch 1519 Train Time 73.49044132232666s

2025-10-27 02:48:38,111 | INFO | Training epoch 1520, Batch 1000/1000: LR=1.45e-05, Loss=4.56e-03 BER=1.66e-03 FER=3.18e-02
2025-10-27 02:48:38,165 | INFO | Epoch 1520 Train Time 77.79737496376038s

2025-10-27 02:49:53,484 | INFO | Training epoch 1521, Batch 1000/1000: LR=1.44e-05, Loss=4.62e-03 BER=1.66e-03 FER=3.14e-02
2025-10-27 02:49:53,556 | INFO | Epoch 1521 Train Time 75.3886239528656s

2025-10-27 02:51:11,480 | INFO | Training epoch 1522, Batch 1000/1000: LR=1.44e-05, Loss=4.54e-03 BER=1.62e-03 FER=3.14e-02
2025-10-27 02:51:11,525 | INFO | Epoch 1522 Train Time 77.96793746948242s

2025-10-27 02:52:24,153 | INFO | Training epoch 1523, Batch 1000/1000: LR=1.43e-05, Loss=4.63e-03 BER=1.64e-03 FER=3.13e-02
2025-10-27 02:52:24,238 | INFO | Epoch 1523 Train Time 72.71137523651123s

2025-10-27 02:53:44,804 | INFO | Training epoch 1524, Batch 1000/1000: LR=1.43e-05, Loss=4.53e-03 BER=1.62e-03 FER=3.17e-02
2025-10-27 02:53:44,869 | INFO | Epoch 1524 Train Time 80.62867164611816s

2025-10-27 02:54:54,706 | INFO | Training epoch 1525, Batch 1000/1000: LR=1.42e-05, Loss=4.42e-03 BER=1.60e-03 FER=3.07e-02
2025-10-27 02:54:54,781 | INFO | Epoch 1525 Train Time 69.91075921058655s

2025-10-27 02:56:07,391 | INFO | Training epoch 1526, Batch 1000/1000: LR=1.42e-05, Loss=4.60e-03 BER=1.63e-03 FER=3.20e-02
2025-10-27 02:56:07,496 | INFO | Epoch 1526 Train Time 72.71413946151733s

2025-10-27 02:57:12,439 | INFO | Training epoch 1527, Batch 1000/1000: LR=1.41e-05, Loss=4.54e-03 BER=1.64e-03 FER=3.13e-02
2025-10-27 02:57:12,496 | INFO | Epoch 1527 Train Time 64.9986412525177s

2025-10-27 02:58:29,798 | INFO | Training epoch 1528, Batch 1000/1000: LR=1.40e-05, Loss=4.61e-03 BER=1.65e-03 FER=3.22e-02
2025-10-27 02:58:29,882 | INFO | Epoch 1528 Train Time 77.3854112625122s

2025-10-27 02:59:46,788 | INFO | Training epoch 1529, Batch 1000/1000: LR=1.40e-05, Loss=4.39e-03 BER=1.56e-03 FER=3.06e-02
2025-10-27 02:59:46,838 | INFO | Epoch 1529 Train Time 76.95312309265137s

2025-10-27 03:01:08,794 | INFO | Training epoch 1530, Batch 1000/1000: LR=1.39e-05, Loss=4.28e-03 BER=1.53e-03 FER=3.01e-02
2025-10-27 03:01:08,854 | INFO | Epoch 1530 Train Time 82.01430606842041s

2025-10-27 03:01:08,855 | INFO | [P2] saving best_model (QAT) with loss 0.004279 at epoch 1530
2025-10-27 03:02:30,253 | INFO | Training epoch 1531, Batch 1000/1000: LR=1.39e-05, Loss=4.51e-03 BER=1.62e-03 FER=3.11e-02
2025-10-27 03:02:30,325 | INFO | Epoch 1531 Train Time 81.39877128601074s

2025-10-27 03:03:48,060 | INFO | Training epoch 1532, Batch 1000/1000: LR=1.38e-05, Loss=4.45e-03 BER=1.59e-03 FER=3.06e-02
2025-10-27 03:03:48,141 | INFO | Epoch 1532 Train Time 77.8149766921997s

2025-10-27 03:05:06,171 | INFO | Training epoch 1533, Batch 1000/1000: LR=1.38e-05, Loss=4.47e-03 BER=1.60e-03 FER=3.12e-02
2025-10-27 03:05:06,232 | INFO | Epoch 1533 Train Time 78.08970642089844s

2025-10-27 03:06:22,409 | INFO | Training epoch 1534, Batch 1000/1000: LR=1.37e-05, Loss=4.41e-03 BER=1.58e-03 FER=3.03e-02
2025-10-27 03:06:22,519 | INFO | Epoch 1534 Train Time 76.28628516197205s

2025-10-27 03:07:38,888 | INFO | Training epoch 1535, Batch 1000/1000: LR=1.37e-05, Loss=4.54e-03 BER=1.64e-03 FER=3.17e-02
2025-10-27 03:07:38,951 | INFO | Epoch 1535 Train Time 76.42957401275635s

2025-10-27 03:08:45,989 | INFO | Training epoch 1536, Batch 1000/1000: LR=1.36e-05, Loss=4.60e-03 BER=1.65e-03 FER=3.19e-02
2025-10-27 03:08:46,059 | INFO | Epoch 1536 Train Time 67.1053249835968s

2025-10-27 03:09:51,847 | INFO | Training epoch 1537, Batch 1000/1000: LR=1.36e-05, Loss=4.63e-03 BER=1.64e-03 FER=3.16e-02
2025-10-27 03:09:51,921 | INFO | Epoch 1537 Train Time 65.86180806159973s

2025-10-27 03:11:07,764 | INFO | Training epoch 1538, Batch 1000/1000: LR=1.35e-05, Loss=4.65e-03 BER=1.65e-03 FER=3.17e-02
2025-10-27 03:11:07,826 | INFO | Epoch 1538 Train Time 75.90363430976868s

2025-10-27 03:12:24,092 | INFO | Training epoch 1539, Batch 1000/1000: LR=1.35e-05, Loss=4.45e-03 BER=1.59e-03 FER=3.09e-02
2025-10-27 03:12:24,175 | INFO | Epoch 1539 Train Time 76.34782290458679s

2025-10-27 03:13:43,993 | INFO | Training epoch 1540, Batch 1000/1000: LR=1.34e-05, Loss=4.55e-03 BER=1.62e-03 FER=3.08e-02
2025-10-27 03:13:44,055 | INFO | Epoch 1540 Train Time 79.87782192230225s

2025-10-27 03:15:03,295 | INFO | Training epoch 1541, Batch 1000/1000: LR=1.34e-05, Loss=4.58e-03 BER=1.64e-03 FER=3.18e-02
2025-10-27 03:15:03,358 | INFO | Epoch 1541 Train Time 79.30009436607361s

2025-10-27 03:16:07,872 | INFO | Training epoch 1542, Batch 1000/1000: LR=1.33e-05, Loss=4.54e-03 BER=1.60e-03 FER=3.09e-02
2025-10-27 03:16:07,922 | INFO | Epoch 1542 Train Time 64.56298446655273s

2025-10-27 03:17:23,410 | INFO | Training epoch 1543, Batch 1000/1000: LR=1.33e-05, Loss=4.63e-03 BER=1.67e-03 FER=3.22e-02
2025-10-27 03:17:23,477 | INFO | Epoch 1543 Train Time 75.55388808250427s

2025-10-27 03:18:39,964 | INFO | Training epoch 1544, Batch 1000/1000: LR=1.32e-05, Loss=4.67e-03 BER=1.65e-03 FER=3.17e-02
2025-10-27 03:18:40,039 | INFO | Epoch 1544 Train Time 76.56104326248169s

2025-10-27 03:19:56,702 | INFO | Training epoch 1545, Batch 1000/1000: LR=1.32e-05, Loss=4.55e-03 BER=1.65e-03 FER=3.14e-02
2025-10-27 03:19:56,770 | INFO | Epoch 1545 Train Time 76.73001790046692s

2025-10-27 03:21:13,293 | INFO | Training epoch 1546, Batch 1000/1000: LR=1.31e-05, Loss=4.49e-03 BER=1.62e-03 FER=3.12e-02
2025-10-27 03:21:13,364 | INFO | Epoch 1546 Train Time 76.59223103523254s

2025-10-27 03:22:23,008 | INFO | Training epoch 1547, Batch 1000/1000: LR=1.31e-05, Loss=4.52e-03 BER=1.63e-03 FER=3.11e-02
2025-10-27 03:22:23,062 | INFO | Epoch 1547 Train Time 69.69692730903625s

2025-10-27 03:23:37,156 | INFO | Training epoch 1548, Batch 1000/1000: LR=1.30e-05, Loss=4.63e-03 BER=1.64e-03 FER=3.14e-02
2025-10-27 03:23:37,230 | INFO | Epoch 1548 Train Time 74.16731357574463s

2025-10-27 03:24:50,069 | INFO | Training epoch 1549, Batch 1000/1000: LR=1.30e-05, Loss=4.48e-03 BER=1.63e-03 FER=3.14e-02
2025-10-27 03:24:50,143 | INFO | Epoch 1549 Train Time 72.91182923316956s

2025-10-27 03:26:05,565 | INFO | Training epoch 1550, Batch 1000/1000: LR=1.29e-05, Loss=4.59e-03 BER=1.65e-03 FER=3.15e-02
2025-10-27 03:26:05,620 | INFO | Epoch 1550 Train Time 75.47679424285889s

2025-10-27 03:27:27,068 | INFO | Training epoch 1551, Batch 1000/1000: LR=1.29e-05, Loss=4.45e-03 BER=1.58e-03 FER=3.08e-02
2025-10-27 03:27:27,135 | INFO | Epoch 1551 Train Time 81.51250457763672s

2025-10-27 03:28:38,566 | INFO | Training epoch 1552, Batch 1000/1000: LR=1.28e-05, Loss=4.48e-03 BER=1.59e-03 FER=3.11e-02
2025-10-27 03:28:38,641 | INFO | Epoch 1552 Train Time 71.50290036201477s

2025-10-27 03:29:56,808 | INFO | Training epoch 1553, Batch 1000/1000: LR=1.28e-05, Loss=4.44e-03 BER=1.61e-03 FER=3.09e-02
2025-10-27 03:29:56,857 | INFO | Epoch 1553 Train Time 78.21504259109497s

2025-10-27 03:31:04,806 | INFO | Training epoch 1554, Batch 1000/1000: LR=1.27e-05, Loss=4.54e-03 BER=1.64e-03 FER=3.17e-02
2025-10-27 03:31:04,856 | INFO | Epoch 1554 Train Time 67.99745273590088s

2025-10-27 03:32:20,093 | INFO | Training epoch 1555, Batch 1000/1000: LR=1.27e-05, Loss=4.54e-03 BER=1.64e-03 FER=3.21e-02
2025-10-27 03:32:20,160 | INFO | Epoch 1555 Train Time 75.30257058143616s

2025-10-27 03:33:39,179 | INFO | Training epoch 1556, Batch 1000/1000: LR=1.26e-05, Loss=4.56e-03 BER=1.65e-03 FER=3.15e-02
2025-10-27 03:33:39,231 | INFO | Epoch 1556 Train Time 79.06839203834534s

2025-10-27 03:34:59,075 | INFO | Training epoch 1557, Batch 1000/1000: LR=1.26e-05, Loss=4.63e-03 BER=1.66e-03 FER=3.15e-02
2025-10-27 03:34:59,154 | INFO | Epoch 1557 Train Time 79.92176294326782s

2025-10-27 03:36:11,592 | INFO | Training epoch 1558, Batch 1000/1000: LR=1.25e-05, Loss=4.41e-03 BER=1.60e-03 FER=3.08e-02
2025-10-27 03:36:11,656 | INFO | Epoch 1558 Train Time 72.50093817710876s

2025-10-27 03:37:29,605 | INFO | Training epoch 1559, Batch 1000/1000: LR=1.25e-05, Loss=4.65e-03 BER=1.65e-03 FER=3.15e-02
2025-10-27 03:37:29,670 | INFO | Epoch 1559 Train Time 78.01202583312988s

2025-10-27 03:38:45,787 | INFO | Training epoch 1560, Batch 1000/1000: LR=1.24e-05, Loss=4.53e-03 BER=1.64e-03 FER=3.15e-02
2025-10-27 03:38:45,851 | INFO | Epoch 1560 Train Time 76.17959976196289s

2025-10-27 03:40:05,911 | INFO | Training epoch 1561, Batch 1000/1000: LR=1.24e-05, Loss=4.54e-03 BER=1.60e-03 FER=3.09e-02
2025-10-27 03:40:05,984 | INFO | Epoch 1561 Train Time 80.13119053840637s

2025-10-27 03:41:24,510 | INFO | Training epoch 1562, Batch 1000/1000: LR=1.23e-05, Loss=4.67e-03 BER=1.67e-03 FER=3.12e-02
2025-10-27 03:41:24,604 | INFO | Epoch 1562 Train Time 78.61793947219849s

2025-10-27 03:42:38,601 | INFO | Training epoch 1563, Batch 1000/1000: LR=1.23e-05, Loss=4.60e-03 BER=1.63e-03 FER=3.11e-02
2025-10-27 03:42:38,691 | INFO | Epoch 1563 Train Time 74.08640456199646s

2025-10-27 03:43:58,702 | INFO | Training epoch 1564, Batch 1000/1000: LR=1.22e-05, Loss=4.40e-03 BER=1.56e-03 FER=2.98e-02
2025-10-27 03:43:58,778 | INFO | Epoch 1564 Train Time 80.08441662788391s

2025-10-27 03:45:18,519 | INFO | Training epoch 1565, Batch 1000/1000: LR=1.22e-05, Loss=4.50e-03 BER=1.61e-03 FER=3.14e-02
2025-10-27 03:45:18,596 | INFO | Epoch 1565 Train Time 79.81574034690857s

2025-10-27 03:46:33,309 | INFO | Training epoch 1566, Batch 1000/1000: LR=1.21e-05, Loss=4.51e-03 BER=1.63e-03 FER=3.09e-02
2025-10-27 03:46:33,395 | INFO | Epoch 1566 Train Time 74.79685997962952s

2025-10-27 03:47:53,806 | INFO | Training epoch 1567, Batch 1000/1000: LR=1.21e-05, Loss=4.33e-03 BER=1.57e-03 FER=3.03e-02
2025-10-27 03:47:53,879 | INFO | Epoch 1567 Train Time 80.48206663131714s

2025-10-27 03:49:08,289 | INFO | Training epoch 1568, Batch 1000/1000: LR=1.20e-05, Loss=4.53e-03 BER=1.63e-03 FER=3.16e-02
2025-10-27 03:49:08,357 | INFO | Epoch 1568 Train Time 74.4773998260498s

2025-10-27 03:50:24,134 | INFO | Training epoch 1569, Batch 1000/1000: LR=1.20e-05, Loss=4.52e-03 BER=1.62e-03 FER=3.12e-02
2025-10-27 03:50:24,217 | INFO | Epoch 1569 Train Time 75.85886740684509s

2025-10-27 03:51:40,663 | INFO | Training epoch 1570, Batch 1000/1000: LR=1.19e-05, Loss=4.54e-03 BER=1.65e-03 FER=3.16e-02
2025-10-27 03:51:40,750 | INFO | Epoch 1570 Train Time 76.53233599662781s

2025-10-27 03:52:59,960 | INFO | Training epoch 1571, Batch 1000/1000: LR=1.19e-05, Loss=4.44e-03 BER=1.60e-03 FER=3.08e-02
2025-10-27 03:53:00,033 | INFO | Epoch 1571 Train Time 79.2806658744812s

2025-10-27 03:54:15,104 | INFO | Training epoch 1572, Batch 1000/1000: LR=1.18e-05, Loss=4.64e-03 BER=1.66e-03 FER=3.19e-02
2025-10-27 03:54:15,180 | INFO | Epoch 1572 Train Time 75.1462824344635s

2025-10-27 03:55:36,105 | INFO | Training epoch 1573, Batch 1000/1000: LR=1.18e-05, Loss=4.49e-03 BER=1.60e-03 FER=3.06e-02
2025-10-27 03:55:36,209 | INFO | Epoch 1573 Train Time 81.02798414230347s

2025-10-27 03:56:55,171 | INFO | Training epoch 1574, Batch 1000/1000: LR=1.17e-05, Loss=4.46e-03 BER=1.60e-03 FER=3.08e-02
2025-10-27 03:56:55,262 | INFO | Epoch 1574 Train Time 79.05093002319336s

2025-10-27 03:58:05,132 | INFO | Training epoch 1575, Batch 1000/1000: LR=1.17e-05, Loss=4.59e-03 BER=1.63e-03 FER=3.14e-02
2025-10-27 03:58:05,210 | INFO | Epoch 1575 Train Time 69.94591164588928s

2025-10-27 03:59:21,914 | INFO | Training epoch 1576, Batch 1000/1000: LR=1.16e-05, Loss=4.56e-03 BER=1.65e-03 FER=3.19e-02
2025-10-27 03:59:21,993 | INFO | Epoch 1576 Train Time 76.78134965896606s

2025-10-27 04:00:35,626 | INFO | Training epoch 1577, Batch 1000/1000: LR=1.16e-05, Loss=4.61e-03 BER=1.64e-03 FER=3.17e-02
2025-10-27 04:00:35,702 | INFO | Epoch 1577 Train Time 73.70828247070312s

2025-10-27 04:01:49,492 | INFO | Training epoch 1578, Batch 1000/1000: LR=1.15e-05, Loss=4.48e-03 BER=1.60e-03 FER=3.11e-02
2025-10-27 04:01:49,591 | INFO | Epoch 1578 Train Time 73.88714790344238s

2025-10-27 04:03:03,119 | INFO | Training epoch 1579, Batch 1000/1000: LR=1.15e-05, Loss=4.41e-03 BER=1.57e-03 FER=3.05e-02
2025-10-27 04:03:03,170 | INFO | Epoch 1579 Train Time 73.5774393081665s

2025-10-27 04:04:16,035 | INFO | Training epoch 1580, Batch 1000/1000: LR=1.14e-05, Loss=4.51e-03 BER=1.62e-03 FER=3.09e-02
2025-10-27 04:04:16,133 | INFO | Epoch 1580 Train Time 72.96233439445496s

2025-10-27 04:05:22,992 | INFO | Training epoch 1581, Batch 1000/1000: LR=1.14e-05, Loss=4.44e-03 BER=1.59e-03 FER=3.09e-02
2025-10-27 04:05:23,083 | INFO | Epoch 1581 Train Time 66.94873547554016s

2025-10-27 04:06:39,397 | INFO | Training epoch 1582, Batch 1000/1000: LR=1.13e-05, Loss=4.51e-03 BER=1.63e-03 FER=3.11e-02
2025-10-27 04:06:39,463 | INFO | Epoch 1582 Train Time 76.37845849990845s

2025-10-27 04:07:55,006 | INFO | Training epoch 1583, Batch 1000/1000: LR=1.13e-05, Loss=4.56e-03 BER=1.67e-03 FER=3.19e-02
2025-10-27 04:07:55,078 | INFO | Epoch 1583 Train Time 75.61380577087402s

2025-10-27 04:09:09,853 | INFO | Training epoch 1584, Batch 1000/1000: LR=1.12e-05, Loss=4.46e-03 BER=1.60e-03 FER=3.05e-02
2025-10-27 04:09:09,950 | INFO | Epoch 1584 Train Time 74.87093615531921s

2025-10-27 04:10:20,079 | INFO | Training epoch 1585, Batch 1000/1000: LR=1.12e-05, Loss=4.47e-03 BER=1.59e-03 FER=3.06e-02
2025-10-27 04:10:20,145 | INFO | Epoch 1585 Train Time 70.19401550292969s

2025-10-27 04:11:41,052 | INFO | Training epoch 1586, Batch 1000/1000: LR=1.12e-05, Loss=4.49e-03 BER=1.60e-03 FER=3.07e-02
2025-10-27 04:11:41,124 | INFO | Epoch 1586 Train Time 80.97656464576721s

2025-10-27 04:12:49,420 | INFO | Training epoch 1587, Batch 1000/1000: LR=1.11e-05, Loss=4.34e-03 BER=1.56e-03 FER=3.00e-02
2025-10-27 04:12:49,478 | INFO | Epoch 1587 Train Time 68.35163903236389s

2025-10-27 04:14:05,570 | INFO | Training epoch 1588, Batch 1000/1000: LR=1.11e-05, Loss=4.46e-03 BER=1.60e-03 FER=3.09e-02
2025-10-27 04:14:05,655 | INFO | Epoch 1588 Train Time 76.17628479003906s

2025-10-27 04:15:21,257 | INFO | Training epoch 1589, Batch 1000/1000: LR=1.10e-05, Loss=4.47e-03 BER=1.61e-03 FER=3.07e-02
2025-10-27 04:15:21,337 | INFO | Epoch 1589 Train Time 75.68063497543335s

2025-10-27 04:16:36,688 | INFO | Training epoch 1590, Batch 1000/1000: LR=1.10e-05, Loss=4.39e-03 BER=1.58e-03 FER=3.03e-02
2025-10-27 04:16:36,758 | INFO | Epoch 1590 Train Time 75.41911745071411s

2025-10-27 04:17:45,109 | INFO | Training epoch 1591, Batch 1000/1000: LR=1.09e-05, Loss=4.37e-03 BER=1.57e-03 FER=3.06e-02
2025-10-27 04:17:45,167 | INFO | Epoch 1591 Train Time 68.40781140327454s

2025-10-27 04:18:56,466 | INFO | Training epoch 1592, Batch 1000/1000: LR=1.09e-05, Loss=4.50e-03 BER=1.63e-03 FER=3.10e-02
2025-10-27 04:18:56,578 | INFO | Epoch 1592 Train Time 71.41044330596924s

2025-10-27 04:20:17,973 | INFO | Training epoch 1593, Batch 1000/1000: LR=1.08e-05, Loss=4.54e-03 BER=1.63e-03 FER=3.15e-02
2025-10-27 04:20:18,075 | INFO | Epoch 1593 Train Time 81.49491930007935s

2025-10-27 04:21:36,613 | INFO | Training epoch 1594, Batch 1000/1000: LR=1.08e-05, Loss=4.43e-03 BER=1.58e-03 FER=3.07e-02
2025-10-27 04:21:36,673 | INFO | Epoch 1594 Train Time 78.59654450416565s

2025-10-27 04:22:49,819 | INFO | Training epoch 1595, Batch 1000/1000: LR=1.07e-05, Loss=4.47e-03 BER=1.58e-03 FER=3.04e-02
2025-10-27 04:22:49,886 | INFO | Epoch 1595 Train Time 73.21201682090759s

2025-10-27 04:24:06,604 | INFO | Training epoch 1596, Batch 1000/1000: LR=1.07e-05, Loss=4.43e-03 BER=1.60e-03 FER=3.07e-02
2025-10-27 04:24:06,689 | INFO | Epoch 1596 Train Time 76.80249953269958s

2025-10-27 04:25:21,988 | INFO | Training epoch 1597, Batch 1000/1000: LR=1.06e-05, Loss=4.42e-03 BER=1.58e-03 FER=3.05e-02
2025-10-27 04:25:22,061 | INFO | Epoch 1597 Train Time 75.36910200119019s

2025-10-27 04:26:38,283 | INFO | Training epoch 1598, Batch 1000/1000: LR=1.06e-05, Loss=4.48e-03 BER=1.60e-03 FER=3.07e-02
2025-10-27 04:26:38,351 | INFO | Epoch 1598 Train Time 76.28916788101196s

2025-10-27 04:27:58,564 | INFO | Training epoch 1599, Batch 1000/1000: LR=1.05e-05, Loss=4.49e-03 BER=1.62e-03 FER=3.08e-02
2025-10-27 04:27:58,660 | INFO | Epoch 1599 Train Time 80.30840992927551s

2025-10-27 04:29:10,387 | INFO | Training epoch 1600, Batch 1000/1000: LR=1.05e-05, Loss=4.59e-03 BER=1.65e-03 FER=3.20e-02
2025-10-27 04:29:10,464 | INFO | Epoch 1600 Train Time 71.80161595344543s

2025-10-27 04:30:26,699 | INFO | Training epoch 1601, Batch 1000/1000: LR=1.05e-05, Loss=4.55e-03 BER=1.64e-03 FER=3.16e-02
2025-10-27 04:30:26,774 | INFO | Epoch 1601 Train Time 76.30798935890198s

2025-10-27 04:31:48,994 | INFO | Training epoch 1602, Batch 1000/1000: LR=1.04e-05, Loss=4.53e-03 BER=1.63e-03 FER=3.09e-02
2025-10-27 04:31:49,077 | INFO | Epoch 1602 Train Time 82.30191493034363s

2025-10-27 04:33:04,881 | INFO | Training epoch 1603, Batch 1000/1000: LR=1.04e-05, Loss=4.59e-03 BER=1.62e-03 FER=3.09e-02
2025-10-27 04:33:04,938 | INFO | Epoch 1603 Train Time 75.85975193977356s

2025-10-27 04:34:25,166 | INFO | Training epoch 1604, Batch 1000/1000: LR=1.03e-05, Loss=4.52e-03 BER=1.61e-03 FER=3.11e-02
2025-10-27 04:34:25,256 | INFO | Epoch 1604 Train Time 80.31724119186401s

2025-10-27 04:35:39,188 | INFO | Training epoch 1605, Batch 1000/1000: LR=1.03e-05, Loss=4.55e-03 BER=1.64e-03 FER=3.17e-02
2025-10-27 04:35:39,253 | INFO | Epoch 1605 Train Time 73.99466562271118s

2025-10-27 04:36:54,654 | INFO | Training epoch 1606, Batch 1000/1000: LR=1.02e-05, Loss=4.53e-03 BER=1.61e-03 FER=3.14e-02
2025-10-27 04:36:54,758 | INFO | Epoch 1606 Train Time 75.50456738471985s

2025-10-27 04:38:16,424 | INFO | Training epoch 1607, Batch 1000/1000: LR=1.02e-05, Loss=4.66e-03 BER=1.67e-03 FER=3.18e-02
2025-10-27 04:38:16,507 | INFO | Epoch 1607 Train Time 81.74691915512085s

2025-10-27 04:39:39,993 | INFO | Training epoch 1608, Batch 1000/1000: LR=1.01e-05, Loss=4.46e-03 BER=1.61e-03 FER=3.12e-02
2025-10-27 04:39:40,072 | INFO | Epoch 1608 Train Time 83.56257438659668s

2025-10-27 04:40:55,010 | INFO | Training epoch 1609, Batch 1000/1000: LR=1.01e-05, Loss=4.49e-03 BER=1.59e-03 FER=3.08e-02
2025-10-27 04:40:55,072 | INFO | Epoch 1609 Train Time 74.99679350852966s

2025-10-27 04:42:15,501 | INFO | Training epoch 1610, Batch 1000/1000: LR=1.00e-05, Loss=4.32e-03 BER=1.58e-03 FER=3.08e-02
2025-10-27 04:42:15,558 | INFO | Epoch 1610 Train Time 80.48529052734375s

2025-10-27 04:43:27,147 | INFO | Training epoch 1611, Batch 1000/1000: LR=1.00e-05, Loss=4.55e-03 BER=1.64e-03 FER=3.13e-02
2025-10-27 04:43:27,212 | INFO | Epoch 1611 Train Time 71.6520094871521s

2025-10-27 04:44:39,578 | INFO | Training epoch 1612, Batch 1000/1000: LR=9.96e-06, Loss=4.42e-03 BER=1.59e-03 FER=3.05e-02
2025-10-27 04:44:39,679 | INFO | Epoch 1612 Train Time 72.46650624275208s

2025-10-27 04:45:55,032 | INFO | Training epoch 1613, Batch 1000/1000: LR=9.91e-06, Loss=4.46e-03 BER=1.58e-03 FER=3.03e-02
2025-10-27 04:45:55,098 | INFO | Epoch 1613 Train Time 75.41733360290527s

2025-10-27 04:47:02,596 | INFO | Training epoch 1614, Batch 1000/1000: LR=9.87e-06, Loss=4.57e-03 BER=1.64e-03 FER=3.17e-02
2025-10-27 04:47:02,665 | INFO | Epoch 1614 Train Time 67.56592726707458s

2025-10-27 04:48:18,006 | INFO | Training epoch 1615, Batch 1000/1000: LR=9.82e-06, Loss=4.43e-03 BER=1.59e-03 FER=3.04e-02
2025-10-27 04:48:18,071 | INFO | Epoch 1615 Train Time 75.40335130691528s

2025-10-27 04:49:32,102 | INFO | Training epoch 1616, Batch 1000/1000: LR=9.78e-06, Loss=4.54e-03 BER=1.61e-03 FER=3.12e-02
2025-10-27 04:49:32,185 | INFO | Epoch 1616 Train Time 74.11400747299194s

2025-10-27 04:50:47,397 | INFO | Training epoch 1617, Batch 1000/1000: LR=9.74e-06, Loss=4.44e-03 BER=1.58e-03 FER=3.03e-02
2025-10-27 04:50:47,475 | INFO | Epoch 1617 Train Time 75.28910422325134s

2025-10-27 04:52:05,583 | INFO | Training epoch 1618, Batch 1000/1000: LR=9.69e-06, Loss=4.47e-03 BER=1.61e-03 FER=3.11e-02
2025-10-27 04:52:05,644 | INFO | Epoch 1618 Train Time 78.1657063961029s

2025-10-27 04:53:20,593 | INFO | Training epoch 1619, Batch 1000/1000: LR=9.65e-06, Loss=4.45e-03 BER=1.59e-03 FER=3.12e-02
2025-10-27 04:53:20,673 | INFO | Epoch 1619 Train Time 75.0278148651123s

2025-10-27 04:54:38,386 | INFO | Training epoch 1620, Batch 1000/1000: LR=9.60e-06, Loss=4.42e-03 BER=1.59e-03 FER=3.07e-02
2025-10-27 04:54:38,473 | INFO | Epoch 1620 Train Time 77.79895424842834s

2025-10-27 04:55:52,466 | INFO | Training epoch 1621, Batch 1000/1000: LR=9.56e-06, Loss=4.51e-03 BER=1.62e-03 FER=3.11e-02
2025-10-27 04:55:52,559 | INFO | Epoch 1621 Train Time 74.08423185348511s

2025-10-27 04:57:07,590 | INFO | Training epoch 1622, Batch 1000/1000: LR=9.52e-06, Loss=4.37e-03 BER=1.56e-03 FER=3.00e-02
2025-10-27 04:57:07,656 | INFO | Epoch 1622 Train Time 75.09561252593994s

2025-10-27 04:58:22,882 | INFO | Training epoch 1623, Batch 1000/1000: LR=9.47e-06, Loss=4.50e-03 BER=1.61e-03 FER=3.08e-02
2025-10-27 04:58:22,948 | INFO | Epoch 1623 Train Time 75.29013228416443s

2025-10-27 04:59:35,004 | INFO | Training epoch 1624, Batch 1000/1000: LR=9.43e-06, Loss=4.44e-03 BER=1.60e-03 FER=3.06e-02
2025-10-27 04:59:35,072 | INFO | Epoch 1624 Train Time 72.12295722961426s

2025-10-27 05:00:56,484 | INFO | Training epoch 1625, Batch 1000/1000: LR=9.39e-06, Loss=4.42e-03 BER=1.58e-03 FER=3.03e-02
2025-10-27 05:00:56,561 | INFO | Epoch 1625 Train Time 81.4873902797699s

2025-10-27 05:02:10,470 | INFO | Training epoch 1626, Batch 1000/1000: LR=9.34e-06, Loss=4.46e-03 BER=1.57e-03 FER=3.01e-02
2025-10-27 05:02:10,550 | INFO | Epoch 1626 Train Time 73.98782587051392s

2025-10-27 05:03:22,046 | INFO | Training epoch 1627, Batch 1000/1000: LR=9.30e-06, Loss=4.40e-03 BER=1.59e-03 FER=3.06e-02
2025-10-27 05:03:22,129 | INFO | Epoch 1627 Train Time 71.5782721042633s

2025-10-27 05:04:35,573 | INFO | Training epoch 1628, Batch 1000/1000: LR=9.26e-06, Loss=4.35e-03 BER=1.58e-03 FER=3.04e-02
2025-10-27 05:04:35,667 | INFO | Epoch 1628 Train Time 73.53569984436035s

2025-10-27 05:05:54,756 | INFO | Training epoch 1629, Batch 1000/1000: LR=9.21e-06, Loss=4.50e-03 BER=1.61e-03 FER=3.09e-02
2025-10-27 05:05:54,845 | INFO | Epoch 1629 Train Time 79.17702269554138s

2025-10-27 05:07:08,620 | INFO | Training epoch 1630, Batch 1000/1000: LR=9.17e-06, Loss=4.56e-03 BER=1.62e-03 FER=3.09e-02
2025-10-27 05:07:08,717 | INFO | Epoch 1630 Train Time 73.86920952796936s

2025-10-27 05:08:27,100 | INFO | Training epoch 1631, Batch 1000/1000: LR=9.13e-06, Loss=4.59e-03 BER=1.65e-03 FER=3.16e-02
2025-10-27 05:08:27,158 | INFO | Epoch 1631 Train Time 78.43940758705139s

2025-10-27 05:09:37,485 | INFO | Training epoch 1632, Batch 1000/1000: LR=9.08e-06, Loss=4.62e-03 BER=1.66e-03 FER=3.12e-02
2025-10-27 05:09:37,539 | INFO | Epoch 1632 Train Time 70.37832856178284s

2025-10-27 05:10:57,981 | INFO | Training epoch 1633, Batch 1000/1000: LR=9.04e-06, Loss=4.49e-03 BER=1.61e-03 FER=3.09e-02
2025-10-27 05:10:58,058 | INFO | Epoch 1633 Train Time 80.51813268661499s

2025-10-27 05:12:20,390 | INFO | Training epoch 1634, Batch 1000/1000: LR=9.00e-06, Loss=4.49e-03 BER=1.64e-03 FER=3.16e-02
2025-10-27 05:12:20,474 | INFO | Epoch 1634 Train Time 82.41346001625061s

2025-10-27 05:13:25,320 | INFO | Training epoch 1635, Batch 1000/1000: LR=8.96e-06, Loss=4.45e-03 BER=1.61e-03 FER=3.11e-02
2025-10-27 05:13:25,395 | INFO | Epoch 1635 Train Time 64.91630339622498s

2025-10-27 05:14:48,734 | INFO | Training epoch 1636, Batch 1000/1000: LR=8.92e-06, Loss=4.44e-03 BER=1.59e-03 FER=3.08e-02
2025-10-27 05:14:48,787 | INFO | Epoch 1636 Train Time 83.39105772972107s

2025-10-27 05:16:12,540 | INFO | Training epoch 1637, Batch 1000/1000: LR=8.87e-06, Loss=4.52e-03 BER=1.60e-03 FER=3.07e-02
2025-10-27 05:16:12,622 | INFO | Epoch 1637 Train Time 83.83444809913635s

2025-10-27 05:17:33,587 | INFO | Training epoch 1638, Batch 1000/1000: LR=8.83e-06, Loss=4.47e-03 BER=1.60e-03 FER=3.08e-02
2025-10-27 05:17:33,681 | INFO | Epoch 1638 Train Time 81.05743527412415s

2025-10-27 05:18:48,441 | INFO | Training epoch 1639, Batch 1000/1000: LR=8.79e-06, Loss=4.40e-03 BER=1.58e-03 FER=3.04e-02
2025-10-27 05:18:48,530 | INFO | Epoch 1639 Train Time 74.84631037712097s

2025-10-27 05:19:59,833 | INFO | Training epoch 1640, Batch 1000/1000: LR=8.75e-06, Loss=4.47e-03 BER=1.60e-03 FER=3.08e-02
2025-10-27 05:19:59,891 | INFO | Epoch 1640 Train Time 71.3593647480011s

2025-10-27 05:21:07,785 | INFO | Training epoch 1641, Batch 1000/1000: LR=8.71e-06, Loss=4.42e-03 BER=1.61e-03 FER=3.04e-02
2025-10-27 05:21:07,848 | INFO | Epoch 1641 Train Time 67.95497870445251s

2025-10-27 05:22:23,656 | INFO | Training epoch 1642, Batch 1000/1000: LR=8.66e-06, Loss=4.38e-03 BER=1.57e-03 FER=3.02e-02
2025-10-27 05:22:23,751 | INFO | Epoch 1642 Train Time 75.90082573890686s

2025-10-27 05:23:35,624 | INFO | Training epoch 1643, Batch 1000/1000: LR=8.62e-06, Loss=4.48e-03 BER=1.63e-03 FER=3.05e-02
2025-10-27 05:23:35,695 | INFO | Epoch 1643 Train Time 71.943288564682s

2025-10-27 05:24:50,219 | INFO | Training epoch 1644, Batch 1000/1000: LR=8.58e-06, Loss=4.52e-03 BER=1.63e-03 FER=3.14e-02
2025-10-27 05:24:50,293 | INFO | Epoch 1644 Train Time 74.59648656845093s

2025-10-27 05:26:04,574 | INFO | Training epoch 1645, Batch 1000/1000: LR=8.54e-06, Loss=4.54e-03 BER=1.64e-03 FER=3.13e-02
2025-10-27 05:26:04,643 | INFO | Epoch 1645 Train Time 74.34946870803833s

2025-10-27 05:27:20,985 | INFO | Training epoch 1646, Batch 1000/1000: LR=8.50e-06, Loss=4.50e-03 BER=1.63e-03 FER=3.08e-02
2025-10-27 05:27:21,053 | INFO | Epoch 1646 Train Time 76.40859460830688s

2025-10-27 05:28:28,590 | INFO | Training epoch 1647, Batch 1000/1000: LR=8.46e-06, Loss=4.61e-03 BER=1.64e-03 FER=3.11e-02
2025-10-27 05:28:28,647 | INFO | Epoch 1647 Train Time 67.59179186820984s

2025-10-27 05:29:36,546 | INFO | Training epoch 1648, Batch 1000/1000: LR=8.42e-06, Loss=4.56e-03 BER=1.65e-03 FER=3.11e-02
2025-10-27 05:29:36,623 | INFO | Epoch 1648 Train Time 67.97465968132019s

2025-10-27 05:30:51,269 | INFO | Training epoch 1649, Batch 1000/1000: LR=8.38e-06, Loss=4.40e-03 BER=1.60e-03 FER=3.10e-02
2025-10-27 05:30:51,362 | INFO | Epoch 1649 Train Time 74.73734331130981s

2025-10-27 05:32:06,885 | INFO | Training epoch 1650, Batch 1000/1000: LR=8.33e-06, Loss=4.47e-03 BER=1.61e-03 FER=3.12e-02
2025-10-27 05:32:06,965 | INFO | Epoch 1650 Train Time 75.60063314437866s

2025-10-27 05:33:24,808 | INFO | Training epoch 1651, Batch 1000/1000: LR=8.29e-06, Loss=4.33e-03 BER=1.54e-03 FER=3.01e-02
2025-10-27 05:33:24,870 | INFO | Epoch 1651 Train Time 77.90431690216064s

2025-10-27 05:34:45,620 | INFO | Training epoch 1652, Batch 1000/1000: LR=8.25e-06, Loss=4.55e-03 BER=1.66e-03 FER=3.19e-02
2025-10-27 05:34:45,683 | INFO | Epoch 1652 Train Time 80.81159377098083s

2025-10-27 05:35:58,031 | INFO | Training epoch 1653, Batch 1000/1000: LR=8.21e-06, Loss=4.53e-03 BER=1.62e-03 FER=3.11e-02
2025-10-27 05:35:58,120 | INFO | Epoch 1653 Train Time 72.43579435348511s

2025-10-27 05:37:08,280 | INFO | Training epoch 1654, Batch 1000/1000: LR=8.17e-06, Loss=4.43e-03 BER=1.60e-03 FER=3.08e-02
2025-10-27 05:37:08,356 | INFO | Epoch 1654 Train Time 70.23435521125793s

2025-10-27 05:38:24,465 | INFO | Training epoch 1655, Batch 1000/1000: LR=8.13e-06, Loss=4.52e-03 BER=1.65e-03 FER=3.16e-02
2025-10-27 05:38:24,564 | INFO | Epoch 1655 Train Time 76.206467628479s

2025-10-27 05:39:46,763 | INFO | Training epoch 1656, Batch 1000/1000: LR=8.09e-06, Loss=4.56e-03 BER=1.62e-03 FER=3.10e-02
2025-10-27 05:39:46,829 | INFO | Epoch 1656 Train Time 82.26304721832275s

2025-10-27 05:40:53,648 | INFO | Training epoch 1657, Batch 1000/1000: LR=8.05e-06, Loss=4.58e-03 BER=1.65e-03 FER=3.18e-02
2025-10-27 05:40:53,723 | INFO | Epoch 1657 Train Time 66.89232230186462s

2025-10-27 05:42:06,582 | INFO | Training epoch 1658, Batch 1000/1000: LR=8.01e-06, Loss=4.36e-03 BER=1.56e-03 FER=3.04e-02
2025-10-27 05:42:06,680 | INFO | Epoch 1658 Train Time 72.95489621162415s

2025-10-27 05:43:15,868 | INFO | Training epoch 1659, Batch 1000/1000: LR=7.97e-06, Loss=4.49e-03 BER=1.61e-03 FER=3.11e-02
2025-10-27 05:43:15,947 | INFO | Epoch 1659 Train Time 69.26562404632568s

2025-10-27 05:44:25,754 | INFO | Training epoch 1660, Batch 1000/1000: LR=7.93e-06, Loss=4.62e-03 BER=1.68e-03 FER=3.16e-02
2025-10-27 05:44:25,828 | INFO | Epoch 1660 Train Time 69.87917566299438s

2025-10-27 05:45:40,478 | INFO | Training epoch 1661, Batch 1000/1000: LR=7.89e-06, Loss=4.38e-03 BER=1.57e-03 FER=3.04e-02
2025-10-27 05:45:40,546 | INFO | Epoch 1661 Train Time 74.716712474823s

2025-10-27 05:46:57,278 | INFO | Training epoch 1662, Batch 1000/1000: LR=7.85e-06, Loss=4.37e-03 BER=1.56e-03 FER=3.00e-02
2025-10-27 05:46:57,343 | INFO | Epoch 1662 Train Time 76.79446482658386s

2025-10-27 05:48:06,856 | INFO | Training epoch 1663, Batch 1000/1000: LR=7.81e-06, Loss=4.55e-03 BER=1.64e-03 FER=3.13e-02
2025-10-27 05:48:06,909 | INFO | Epoch 1663 Train Time 69.56392002105713s

2025-10-27 05:49:22,174 | INFO | Training epoch 1664, Batch 1000/1000: LR=7.78e-06, Loss=4.50e-03 BER=1.62e-03 FER=3.14e-02
2025-10-27 05:49:22,278 | INFO | Epoch 1664 Train Time 75.36770844459534s

2025-10-27 05:50:42,587 | INFO | Training epoch 1665, Batch 1000/1000: LR=7.74e-06, Loss=4.34e-03 BER=1.56e-03 FER=2.97e-02
2025-10-27 05:50:42,662 | INFO | Epoch 1665 Train Time 80.38136339187622s

2025-10-27 05:51:54,370 | INFO | Training epoch 1666, Batch 1000/1000: LR=7.70e-06, Loss=4.47e-03 BER=1.61e-03 FER=3.10e-02
2025-10-27 05:51:54,457 | INFO | Epoch 1666 Train Time 71.79320073127747s

2025-10-27 05:53:02,575 | INFO | Training epoch 1667, Batch 1000/1000: LR=7.66e-06, Loss=4.46e-03 BER=1.60e-03 FER=3.06e-02
2025-10-27 05:53:02,627 | INFO | Epoch 1667 Train Time 68.16823434829712s

2025-10-27 05:54:17,409 | INFO | Training epoch 1668, Batch 1000/1000: LR=7.62e-06, Loss=4.56e-03 BER=1.60e-03 FER=3.05e-02
2025-10-27 05:54:17,486 | INFO | Epoch 1668 Train Time 74.85909533500671s

2025-10-27 05:55:25,072 | INFO | Training epoch 1669, Batch 1000/1000: LR=7.58e-06, Loss=4.42e-03 BER=1.58e-03 FER=2.98e-02
2025-10-27 05:55:25,125 | INFO | Epoch 1669 Train Time 67.63752055168152s

2025-10-27 05:56:37,159 | INFO | Training epoch 1670, Batch 1000/1000: LR=7.54e-06, Loss=4.45e-03 BER=1.60e-03 FER=3.08e-02
2025-10-27 05:56:37,219 | INFO | Epoch 1670 Train Time 72.09239864349365s

2025-10-27 05:57:50,845 | INFO | Training epoch 1671, Batch 1000/1000: LR=7.50e-06, Loss=4.39e-03 BER=1.57e-03 FER=3.04e-02
2025-10-27 05:57:50,902 | INFO | Epoch 1671 Train Time 73.68098044395447s

2025-10-27 05:59:05,644 | INFO | Training epoch 1672, Batch 1000/1000: LR=7.46e-06, Loss=4.53e-03 BER=1.62e-03 FER=3.08e-02
2025-10-27 05:59:05,738 | INFO | Epoch 1672 Train Time 74.8348138332367s

2025-10-27 06:00:20,236 | INFO | Training epoch 1673, Batch 1000/1000: LR=7.43e-06, Loss=4.54e-03 BER=1.63e-03 FER=3.15e-02
2025-10-27 06:00:20,309 | INFO | Epoch 1673 Train Time 74.57004642486572s

2025-10-27 06:01:28,882 | INFO | Training epoch 1674, Batch 1000/1000: LR=7.39e-06, Loss=4.34e-03 BER=1.55e-03 FER=3.02e-02
2025-10-27 06:01:28,978 | INFO | Epoch 1674 Train Time 68.66631364822388s

2025-10-27 06:02:47,596 | INFO | Training epoch 1675, Batch 1000/1000: LR=7.35e-06, Loss=4.32e-03 BER=1.57e-03 FER=3.00e-02
2025-10-27 06:02:47,655 | INFO | Epoch 1675 Train Time 78.67679858207703s

2025-10-27 06:04:01,439 | INFO | Training epoch 1676, Batch 1000/1000: LR=7.31e-06, Loss=4.53e-03 BER=1.60e-03 FER=3.08e-02
2025-10-27 06:04:01,517 | INFO | Epoch 1676 Train Time 73.86049389839172s

2025-10-27 06:05:18,977 | INFO | Training epoch 1677, Batch 1000/1000: LR=7.27e-06, Loss=4.51e-03 BER=1.61e-03 FER=3.06e-02
2025-10-27 06:05:19,042 | INFO | Epoch 1677 Train Time 77.52313947677612s

2025-10-27 06:06:32,665 | INFO | Training epoch 1678, Batch 1000/1000: LR=7.24e-06, Loss=4.44e-03 BER=1.61e-03 FER=3.09e-02
2025-10-27 06:06:32,726 | INFO | Epoch 1678 Train Time 73.68316888809204s

2025-10-27 06:07:51,824 | INFO | Training epoch 1679, Batch 1000/1000: LR=7.20e-06, Loss=4.41e-03 BER=1.58e-03 FER=3.03e-02
2025-10-27 06:07:51,921 | INFO | Epoch 1679 Train Time 79.19356322288513s

2025-10-27 06:09:04,579 | INFO | Training epoch 1680, Batch 1000/1000: LR=7.16e-06, Loss=4.41e-03 BER=1.59e-03 FER=3.07e-02
2025-10-27 06:09:04,660 | INFO | Epoch 1680 Train Time 72.7380199432373s

2025-10-27 06:10:09,481 | INFO | Training epoch 1681, Batch 1000/1000: LR=7.12e-06, Loss=4.47e-03 BER=1.59e-03 FER=3.09e-02
2025-10-27 06:10:09,529 | INFO | Epoch 1681 Train Time 64.868088722229s

2025-10-27 06:11:22,581 | INFO | Training epoch 1682, Batch 1000/1000: LR=7.09e-06, Loss=4.38e-03 BER=1.58e-03 FER=3.06e-02
2025-10-27 06:11:22,646 | INFO | Epoch 1682 Train Time 73.11582612991333s

2025-10-27 06:12:38,299 | INFO | Training epoch 1683, Batch 1000/1000: LR=7.05e-06, Loss=4.52e-03 BER=1.62e-03 FER=3.07e-02
2025-10-27 06:12:38,378 | INFO | Epoch 1683 Train Time 75.72986674308777s

2025-10-27 06:13:52,180 | INFO | Training epoch 1684, Batch 1000/1000: LR=7.01e-06, Loss=4.48e-03 BER=1.61e-03 FER=3.09e-02
2025-10-27 06:13:52,246 | INFO | Epoch 1684 Train Time 73.86613368988037s

2025-10-27 06:15:00,591 | INFO | Training epoch 1685, Batch 1000/1000: LR=6.97e-06, Loss=4.53e-03 BER=1.64e-03 FER=3.10e-02
2025-10-27 06:15:00,653 | INFO | Epoch 1685 Train Time 68.4058268070221s

2025-10-27 06:16:20,277 | INFO | Training epoch 1686, Batch 1000/1000: LR=6.94e-06, Loss=4.47e-03 BER=1.61e-03 FER=3.11e-02
2025-10-27 06:16:20,375 | INFO | Epoch 1686 Train Time 79.72070384025574s

2025-10-27 06:17:31,954 | INFO | Training epoch 1687, Batch 1000/1000: LR=6.90e-06, Loss=4.46e-03 BER=1.59e-03 FER=3.04e-02
2025-10-27 06:17:32,025 | INFO | Epoch 1687 Train Time 71.64902091026306s

2025-10-27 06:18:51,103 | INFO | Training epoch 1688, Batch 1000/1000: LR=6.86e-06, Loss=4.47e-03 BER=1.63e-03 FER=3.09e-02
2025-10-27 06:18:51,189 | INFO | Epoch 1688 Train Time 79.16239047050476s

2025-10-27 06:20:14,876 | INFO | Training epoch 1689, Batch 1000/1000: LR=6.83e-06, Loss=4.58e-03 BER=1.65e-03 FER=3.14e-02
2025-10-27 06:20:14,945 | INFO | Epoch 1689 Train Time 83.7532525062561s

2025-10-27 06:21:22,940 | INFO | Training epoch 1690, Batch 1000/1000: LR=6.79e-06, Loss=4.47e-03 BER=1.61e-03 FER=3.07e-02
2025-10-27 06:21:23,037 | INFO | Epoch 1690 Train Time 68.09093952178955s

2025-10-27 06:22:43,475 | INFO | Training epoch 1691, Batch 1000/1000: LR=6.75e-06, Loss=4.40e-03 BER=1.59e-03 FER=3.09e-02
2025-10-27 06:22:43,539 | INFO | Epoch 1691 Train Time 80.50001621246338s

2025-10-27 06:23:50,754 | INFO | Training epoch 1692, Batch 1000/1000: LR=6.72e-06, Loss=4.44e-03 BER=1.61e-03 FER=3.13e-02
2025-10-27 06:23:50,792 | INFO | Epoch 1692 Train Time 67.25106501579285s

2025-10-27 06:25:00,203 | INFO | Training epoch 1693, Batch 1000/1000: LR=6.68e-06, Loss=4.52e-03 BER=1.62e-03 FER=3.11e-02
2025-10-27 06:25:00,304 | INFO | Epoch 1693 Train Time 69.51048398017883s

2025-10-27 06:26:19,471 | INFO | Training epoch 1694, Batch 1000/1000: LR=6.64e-06, Loss=4.38e-03 BER=1.56e-03 FER=3.00e-02
2025-10-27 06:26:19,521 | INFO | Epoch 1694 Train Time 79.21601963043213s

2025-10-27 06:27:26,678 | INFO | Training epoch 1695, Batch 1000/1000: LR=6.61e-06, Loss=4.58e-03 BER=1.63e-03 FER=3.15e-02
2025-10-27 06:27:26,742 | INFO | Epoch 1695 Train Time 67.21880102157593s

2025-10-27 06:28:39,476 | INFO | Training epoch 1696, Batch 1000/1000: LR=6.57e-06, Loss=4.46e-03 BER=1.61e-03 FER=3.05e-02
2025-10-27 06:28:39,558 | INFO | Epoch 1696 Train Time 72.81357622146606s

2025-10-27 06:29:55,476 | INFO | Training epoch 1697, Batch 1000/1000: LR=6.54e-06, Loss=4.56e-03 BER=1.64e-03 FER=3.14e-02
2025-10-27 06:29:55,579 | INFO | Epoch 1697 Train Time 76.0196943283081s

2025-10-27 06:31:14,810 | INFO | Training epoch 1698, Batch 1000/1000: LR=6.50e-06, Loss=4.38e-03 BER=1.58e-03 FER=3.03e-02
2025-10-27 06:31:14,911 | INFO | Epoch 1698 Train Time 79.32942652702332s

2025-10-27 06:32:26,674 | INFO | Training epoch 1699, Batch 1000/1000: LR=6.47e-06, Loss=4.51e-03 BER=1.63e-03 FER=3.10e-02
2025-10-27 06:32:26,749 | INFO | Epoch 1699 Train Time 71.8372631072998s

2025-10-27 06:33:29,078 | INFO | Training epoch 1700, Batch 1000/1000: LR=6.43e-06, Loss=4.35e-03 BER=1.55e-03 FER=2.96e-02
2025-10-27 06:33:29,137 | INFO | Epoch 1700 Train Time 62.385011434555054s

2025-10-27 06:34:42,153 | INFO | Training epoch 1701, Batch 1000/1000: LR=6.40e-06, Loss=4.55e-03 BER=1.63e-03 FER=3.13e-02
2025-10-27 06:34:42,226 | INFO | Epoch 1701 Train Time 73.08739137649536s

2025-10-27 06:35:56,359 | INFO | Training epoch 1702, Batch 1000/1000: LR=6.36e-06, Loss=4.40e-03 BER=1.61e-03 FER=3.10e-02
2025-10-27 06:35:56,418 | INFO | Epoch 1702 Train Time 74.18995714187622s

2025-10-27 06:37:09,415 | INFO | Training epoch 1703, Batch 1000/1000: LR=6.32e-06, Loss=4.31e-03 BER=1.55e-03 FER=3.00e-02
2025-10-27 06:37:09,495 | INFO | Epoch 1703 Train Time 73.0770537853241s

2025-10-27 06:38:25,090 | INFO | Training epoch 1704, Batch 1000/1000: LR=6.29e-06, Loss=4.37e-03 BER=1.58e-03 FER=3.00e-02
2025-10-27 06:38:25,155 | INFO | Epoch 1704 Train Time 75.6581928730011s

2025-10-27 06:39:36,563 | INFO | Training epoch 1705, Batch 1000/1000: LR=6.25e-06, Loss=4.49e-03 BER=1.61e-03 FER=3.11e-02
2025-10-27 06:39:36,646 | INFO | Epoch 1705 Train Time 71.48960137367249s

2025-10-27 06:40:41,889 | INFO | Training epoch 1706, Batch 1000/1000: LR=6.22e-06, Loss=4.37e-03 BER=1.58e-03 FER=3.05e-02
2025-10-27 06:40:41,948 | INFO | Epoch 1706 Train Time 65.30108761787415s

2025-10-27 06:41:55,792 | INFO | Training epoch 1707, Batch 1000/1000: LR=6.19e-06, Loss=4.45e-03 BER=1.60e-03 FER=3.02e-02
2025-10-27 06:41:55,862 | INFO | Epoch 1707 Train Time 73.91266655921936s

2025-10-27 06:43:08,953 | INFO | Training epoch 1708, Batch 1000/1000: LR=6.15e-06, Loss=4.42e-03 BER=1.59e-03 FER=3.05e-02
2025-10-27 06:43:09,024 | INFO | Epoch 1708 Train Time 73.16040349006653s

2025-10-27 06:44:27,189 | INFO | Training epoch 1709, Batch 1000/1000: LR=6.12e-06, Loss=4.48e-03 BER=1.62e-03 FER=3.08e-02
2025-10-27 06:44:27,264 | INFO | Epoch 1709 Train Time 78.2373685836792s

2025-10-27 06:45:43,948 | INFO | Training epoch 1710, Batch 1000/1000: LR=6.08e-06, Loss=4.35e-03 BER=1.56e-03 FER=3.01e-02
2025-10-27 06:45:44,037 | INFO | Epoch 1710 Train Time 76.76986169815063s

2025-10-27 06:47:01,371 | INFO | Training epoch 1711, Batch 1000/1000: LR=6.05e-06, Loss=4.39e-03 BER=1.57e-03 FER=3.01e-02
2025-10-27 06:47:01,441 | INFO | Epoch 1711 Train Time 77.40086483955383s

2025-10-27 06:48:21,079 | INFO | Training epoch 1712, Batch 1000/1000: LR=6.01e-06, Loss=4.36e-03 BER=1.57e-03 FER=3.06e-02
2025-10-27 06:48:21,176 | INFO | Epoch 1712 Train Time 79.73386287689209s

2025-10-27 06:49:37,999 | INFO | Training epoch 1713, Batch 1000/1000: LR=5.98e-06, Loss=4.47e-03 BER=1.60e-03 FER=3.06e-02
2025-10-27 06:49:38,057 | INFO | Epoch 1713 Train Time 76.87969970703125s

2025-10-27 06:51:05,640 | INFO | Training epoch 1714, Batch 1000/1000: LR=5.95e-06, Loss=4.46e-03 BER=1.59e-03 FER=3.06e-02
2025-10-27 06:51:05,704 | INFO | Epoch 1714 Train Time 87.64463901519775s

2025-10-27 06:52:19,843 | INFO | Training epoch 1715, Batch 1000/1000: LR=5.91e-06, Loss=4.49e-03 BER=1.63e-03 FER=3.10e-02
2025-10-27 06:52:19,932 | INFO | Epoch 1715 Train Time 74.22627782821655s

2025-10-27 06:53:39,837 | INFO | Training epoch 1716, Batch 1000/1000: LR=5.88e-06, Loss=4.55e-03 BER=1.63e-03 FER=3.11e-02
2025-10-27 06:53:39,948 | INFO | Epoch 1716 Train Time 80.01328897476196s

2025-10-27 06:54:48,129 | INFO | Training epoch 1717, Batch 1000/1000: LR=5.84e-06, Loss=4.42e-03 BER=1.59e-03 FER=3.05e-02
2025-10-27 06:54:48,224 | INFO | Epoch 1717 Train Time 68.27358770370483s

2025-10-27 06:55:59,671 | INFO | Training epoch 1718, Batch 1000/1000: LR=5.81e-06, Loss=4.45e-03 BER=1.60e-03 FER=3.07e-02
2025-10-27 06:55:59,750 | INFO | Epoch 1718 Train Time 71.52358174324036s

2025-10-27 06:57:13,613 | INFO | Training epoch 1719, Batch 1000/1000: LR=5.78e-06, Loss=4.39e-03 BER=1.55e-03 FER=3.00e-02
2025-10-27 06:57:13,661 | INFO | Epoch 1719 Train Time 73.90985250473022s

2025-10-27 06:58:29,572 | INFO | Training epoch 1720, Batch 1000/1000: LR=5.74e-06, Loss=4.36e-03 BER=1.57e-03 FER=3.00e-02
2025-10-27 06:58:29,656 | INFO | Epoch 1720 Train Time 75.99376440048218s

2025-10-27 06:59:42,590 | INFO | Training epoch 1721, Batch 1000/1000: LR=5.71e-06, Loss=4.47e-03 BER=1.60e-03 FER=3.06e-02
2025-10-27 06:59:42,655 | INFO | Epoch 1721 Train Time 72.99687719345093s

2025-10-27 07:00:59,500 | INFO | Training epoch 1722, Batch 1000/1000: LR=5.68e-06, Loss=4.47e-03 BER=1.61e-03 FER=3.05e-02
2025-10-27 07:00:59,576 | INFO | Epoch 1722 Train Time 76.9204535484314s

2025-10-27 07:02:18,211 | INFO | Training epoch 1723, Batch 1000/1000: LR=5.65e-06, Loss=4.52e-03 BER=1.62e-03 FER=3.09e-02
2025-10-27 07:02:18,275 | INFO | Epoch 1723 Train Time 78.69533801078796s

2025-10-27 07:03:33,566 | INFO | Training epoch 1724, Batch 1000/1000: LR=5.61e-06, Loss=4.47e-03 BER=1.62e-03 FER=3.08e-02
2025-10-27 07:03:33,619 | INFO | Epoch 1724 Train Time 75.34214687347412s

2025-10-27 07:04:49,341 | INFO | Training epoch 1725, Batch 1000/1000: LR=5.58e-06, Loss=4.46e-03 BER=1.59e-03 FER=3.06e-02
2025-10-27 07:04:49,438 | INFO | Epoch 1725 Train Time 75.81893849372864s

2025-10-27 07:06:00,462 | INFO | Training epoch 1726, Batch 1000/1000: LR=5.55e-06, Loss=4.36e-03 BER=1.57e-03 FER=3.01e-02
2025-10-27 07:06:00,539 | INFO | Epoch 1726 Train Time 71.0994758605957s

2025-10-27 07:07:14,173 | INFO | Training epoch 1727, Batch 1000/1000: LR=5.51e-06, Loss=4.40e-03 BER=1.58e-03 FER=3.05e-02
2025-10-27 07:07:14,238 | INFO | Epoch 1727 Train Time 73.69677948951721s

2025-10-27 07:08:21,189 | INFO | Training epoch 1728, Batch 1000/1000: LR=5.48e-06, Loss=4.40e-03 BER=1.56e-03 FER=3.00e-02
2025-10-27 07:08:21,255 | INFO | Epoch 1728 Train Time 67.01628994941711s

2025-10-27 07:09:41,583 | INFO | Training epoch 1729, Batch 1000/1000: LR=5.45e-06, Loss=4.36e-03 BER=1.57e-03 FER=3.01e-02
2025-10-27 07:09:41,658 | INFO | Epoch 1729 Train Time 80.40159749984741s

2025-10-27 07:11:00,836 | INFO | Training epoch 1730, Batch 1000/1000: LR=5.42e-06, Loss=4.35e-03 BER=1.57e-03 FER=3.01e-02
2025-10-27 07:11:00,892 | INFO | Epoch 1730 Train Time 79.23267889022827s

2025-10-27 07:12:07,697 | INFO | Training epoch 1731, Batch 1000/1000: LR=5.39e-06, Loss=4.48e-03 BER=1.61e-03 FER=3.07e-02
2025-10-27 07:12:07,773 | INFO | Epoch 1731 Train Time 66.88002347946167s

2025-10-27 07:13:22,781 | INFO | Training epoch 1732, Batch 1000/1000: LR=5.35e-06, Loss=4.55e-03 BER=1.62e-03 FER=3.10e-02
2025-10-27 07:13:22,858 | INFO | Epoch 1732 Train Time 75.08296132087708s

2025-10-27 07:14:32,589 | INFO | Training epoch 1733, Batch 1000/1000: LR=5.32e-06, Loss=4.43e-03 BER=1.58e-03 FER=3.01e-02
2025-10-27 07:14:32,655 | INFO | Epoch 1733 Train Time 69.79569411277771s

2025-10-27 07:15:44,801 | INFO | Training epoch 1734, Batch 1000/1000: LR=5.29e-06, Loss=4.43e-03 BER=1.59e-03 FER=3.04e-02
2025-10-27 07:15:44,875 | INFO | Epoch 1734 Train Time 72.2181544303894s

2025-10-27 07:17:01,436 | INFO | Training epoch 1735, Batch 1000/1000: LR=5.26e-06, Loss=4.53e-03 BER=1.61e-03 FER=3.06e-02
2025-10-27 07:17:01,534 | INFO | Epoch 1735 Train Time 76.65799140930176s

2025-10-27 07:18:10,838 | INFO | Training epoch 1736, Batch 1000/1000: LR=5.23e-06, Loss=4.43e-03 BER=1.58e-03 FER=3.04e-02
2025-10-27 07:18:10,926 | INFO | Epoch 1736 Train Time 69.39069175720215s

2025-10-27 07:19:23,234 | INFO | Training epoch 1737, Batch 1000/1000: LR=5.20e-06, Loss=4.45e-03 BER=1.60e-03 FER=3.06e-02
2025-10-27 07:19:23,328 | INFO | Epoch 1737 Train Time 72.39883732795715s

2025-10-27 07:20:42,151 | INFO | Training epoch 1738, Batch 1000/1000: LR=5.16e-06, Loss=4.36e-03 BER=1.54e-03 FER=2.90e-02
2025-10-27 07:20:42,243 | INFO | Epoch 1738 Train Time 78.91258120536804s

2025-10-27 07:21:54,253 | INFO | Training epoch 1739, Batch 1000/1000: LR=5.13e-06, Loss=4.40e-03 BER=1.59e-03 FER=3.01e-02
2025-10-27 07:21:54,333 | INFO | Epoch 1739 Train Time 72.08876085281372s

2025-10-27 07:23:03,580 | INFO | Training epoch 1740, Batch 1000/1000: LR=5.10e-06, Loss=4.45e-03 BER=1.60e-03 FER=3.04e-02
2025-10-27 07:23:03,673 | INFO | Epoch 1740 Train Time 69.33826017379761s

2025-10-27 07:24:14,373 | INFO | Training epoch 1741, Batch 1000/1000: LR=5.07e-06, Loss=4.37e-03 BER=1.56e-03 FER=2.99e-02
2025-10-27 07:24:14,427 | INFO | Epoch 1741 Train Time 70.75302648544312s

2025-10-27 07:25:35,171 | INFO | Training epoch 1742, Batch 1000/1000: LR=5.04e-06, Loss=4.40e-03 BER=1.59e-03 FER=3.04e-02
2025-10-27 07:25:35,251 | INFO | Epoch 1742 Train Time 80.82217764854431s

2025-10-27 07:26:43,164 | INFO | Training epoch 1743, Batch 1000/1000: LR=5.01e-06, Loss=4.40e-03 BER=1.57e-03 FER=3.03e-02
2025-10-27 07:26:43,240 | INFO | Epoch 1743 Train Time 67.98835158348083s

2025-10-27 07:27:56,275 | INFO | Training epoch 1744, Batch 1000/1000: LR=4.98e-06, Loss=4.45e-03 BER=1.58e-03 FER=3.01e-02
2025-10-27 07:27:56,348 | INFO | Epoch 1744 Train Time 73.10534596443176s

2025-10-27 07:29:19,146 | INFO | Training epoch 1745, Batch 1000/1000: LR=4.95e-06, Loss=4.34e-03 BER=1.56e-03 FER=3.04e-02
2025-10-27 07:29:19,223 | INFO | Epoch 1745 Train Time 82.87335181236267s

2025-10-27 07:30:37,063 | INFO | Training epoch 1746, Batch 1000/1000: LR=4.92e-06, Loss=4.45e-03 BER=1.59e-03 FER=3.08e-02
2025-10-27 07:30:37,146 | INFO | Epoch 1746 Train Time 77.92150068283081s

2025-10-27 07:31:54,536 | INFO | Training epoch 1747, Batch 1000/1000: LR=4.89e-06, Loss=4.41e-03 BER=1.59e-03 FER=3.03e-02
2025-10-27 07:31:54,622 | INFO | Epoch 1747 Train Time 77.47458386421204s

2025-10-27 07:32:56,747 | INFO | Training epoch 1748, Batch 1000/1000: LR=4.86e-06, Loss=4.47e-03 BER=1.61e-03 FER=3.05e-02
2025-10-27 07:32:56,861 | INFO | Epoch 1748 Train Time 62.2380588054657s

2025-10-27 07:34:01,360 | INFO | Training epoch 1749, Batch 1000/1000: LR=4.83e-06, Loss=4.39e-03 BER=1.59e-03 FER=3.05e-02
2025-10-27 07:34:01,433 | INFO | Epoch 1749 Train Time 64.57079696655273s

2025-10-27 07:35:19,578 | INFO | Training epoch 1750, Batch 1000/1000: LR=4.80e-06, Loss=4.34e-03 BER=1.55e-03 FER=3.02e-02
2025-10-27 07:35:19,650 | INFO | Epoch 1750 Train Time 78.21574854850769s

2025-10-27 07:36:27,997 | INFO | Training epoch 1751, Batch 1000/1000: LR=4.77e-06, Loss=4.51e-03 BER=1.62e-03 FER=3.06e-02
2025-10-27 07:36:28,054 | INFO | Epoch 1751 Train Time 68.40121340751648s

2025-10-27 07:37:37,060 | INFO | Training epoch 1752, Batch 1000/1000: LR=4.74e-06, Loss=4.44e-03 BER=1.60e-03 FER=3.03e-02
2025-10-27 07:37:37,164 | INFO | Epoch 1752 Train Time 69.10965967178345s

2025-10-27 07:38:56,699 | INFO | Training epoch 1753, Batch 1000/1000: LR=4.71e-06, Loss=4.49e-03 BER=1.61e-03 FER=3.07e-02
2025-10-27 07:38:56,774 | INFO | Epoch 1753 Train Time 79.60730338096619s

2025-10-27 07:40:08,590 | INFO | Training epoch 1754, Batch 1000/1000: LR=4.68e-06, Loss=4.30e-03 BER=1.55e-03 FER=3.03e-02
2025-10-27 07:40:08,650 | INFO | Epoch 1754 Train Time 71.87415552139282s

2025-10-27 07:41:24,339 | INFO | Training epoch 1755, Batch 1000/1000: LR=4.65e-06, Loss=4.32e-03 BER=1.56e-03 FER=3.02e-02
2025-10-27 07:41:24,407 | INFO | Epoch 1755 Train Time 75.75597834587097s

2025-10-27 07:42:41,145 | INFO | Training epoch 1756, Batch 1000/1000: LR=4.62e-06, Loss=4.38e-03 BER=1.58e-03 FER=3.00e-02
2025-10-27 07:42:41,225 | INFO | Epoch 1756 Train Time 76.81643056869507s

2025-10-27 07:43:51,507 | INFO | Training epoch 1757, Batch 1000/1000: LR=4.59e-06, Loss=4.33e-03 BER=1.56e-03 FER=2.97e-02
2025-10-27 07:43:51,598 | INFO | Epoch 1757 Train Time 70.37091326713562s

2025-10-27 07:45:06,353 | INFO | Training epoch 1758, Batch 1000/1000: LR=4.56e-06, Loss=4.43e-03 BER=1.58e-03 FER=3.04e-02
2025-10-27 07:45:06,422 | INFO | Epoch 1758 Train Time 74.82200956344604s

2025-10-27 07:46:23,288 | INFO | Training epoch 1759, Batch 1000/1000: LR=4.53e-06, Loss=4.45e-03 BER=1.60e-03 FER=3.05e-02
2025-10-27 07:46:23,358 | INFO | Epoch 1759 Train Time 76.9349935054779s

2025-10-27 07:47:34,056 | INFO | Training epoch 1760, Batch 1000/1000: LR=4.50e-06, Loss=4.40e-03 BER=1.57e-03 FER=3.03e-02
2025-10-27 07:47:34,132 | INFO | Epoch 1760 Train Time 70.77305293083191s

2025-10-27 07:48:46,697 | INFO | Training epoch 1761, Batch 1000/1000: LR=4.48e-06, Loss=4.30e-03 BER=1.54e-03 FER=2.99e-02
2025-10-27 07:48:46,762 | INFO | Epoch 1761 Train Time 72.62842750549316s

2025-10-27 07:50:00,276 | INFO | Training epoch 1762, Batch 1000/1000: LR=4.45e-06, Loss=4.33e-03 BER=1.56e-03 FER=3.01e-02
2025-10-27 07:50:00,338 | INFO | Epoch 1762 Train Time 73.57394623756409s

2025-10-27 07:51:02,773 | INFO | Training epoch 1763, Batch 1000/1000: LR=4.42e-06, Loss=4.38e-03 BER=1.57e-03 FER=2.97e-02
2025-10-27 07:51:02,827 | INFO | Epoch 1763 Train Time 62.4877393245697s

2025-10-27 07:52:22,870 | INFO | Training epoch 1764, Batch 1000/1000: LR=4.39e-06, Loss=4.26e-03 BER=1.54e-03 FER=2.99e-02
2025-10-27 07:52:22,945 | INFO | Epoch 1764 Train Time 80.1158676147461s

2025-10-27 07:52:22,946 | INFO | [P2] saving best_model (QAT) with loss 0.004255 at epoch 1764
2025-10-27 07:53:35,839 | INFO | Training epoch 1765, Batch 1000/1000: LR=4.36e-06, Loss=4.44e-03 BER=1.61e-03 FER=3.07e-02
2025-10-27 07:53:35,895 | INFO | Epoch 1765 Train Time 72.87048125267029s

2025-10-27 07:54:43,360 | INFO | Training epoch 1766, Batch 1000/1000: LR=4.33e-06, Loss=4.32e-03 BER=1.54e-03 FER=2.93e-02
2025-10-27 07:54:43,412 | INFO | Epoch 1766 Train Time 67.51502656936646s

2025-10-27 07:56:02,064 | INFO | Training epoch 1767, Batch 1000/1000: LR=4.31e-06, Loss=4.40e-03 BER=1.56e-03 FER=2.96e-02
2025-10-27 07:56:02,148 | INFO | Epoch 1767 Train Time 78.73478269577026s

2025-10-27 07:57:12,164 | INFO | Training epoch 1768, Batch 1000/1000: LR=4.28e-06, Loss=4.44e-03 BER=1.57e-03 FER=3.02e-02
2025-10-27 07:57:12,217 | INFO | Epoch 1768 Train Time 70.0680193901062s

2025-10-27 07:58:26,031 | INFO | Training epoch 1769, Batch 1000/1000: LR=4.25e-06, Loss=4.47e-03 BER=1.61e-03 FER=3.05e-02
2025-10-27 07:58:26,107 | INFO | Epoch 1769 Train Time 73.88847303390503s

2025-10-27 07:59:40,735 | INFO | Training epoch 1770, Batch 1000/1000: LR=4.22e-06, Loss=4.47e-03 BER=1.61e-03 FER=3.03e-02
2025-10-27 07:59:40,830 | INFO | Epoch 1770 Train Time 74.72154378890991s

2025-10-27 08:00:53,068 | INFO | Training epoch 1771, Batch 1000/1000: LR=4.20e-06, Loss=4.42e-03 BER=1.59e-03 FER=3.05e-02
2025-10-27 08:00:53,126 | INFO | Epoch 1771 Train Time 72.29444670677185s

2025-10-27 08:02:03,968 | INFO | Training epoch 1772, Batch 1000/1000: LR=4.17e-06, Loss=4.30e-03 BER=1.56e-03 FER=2.99e-02
2025-10-27 08:02:04,046 | INFO | Epoch 1772 Train Time 70.91887140274048s

2025-10-27 08:03:16,986 | INFO | Training epoch 1773, Batch 1000/1000: LR=4.14e-06, Loss=4.43e-03 BER=1.58e-03 FER=3.02e-02
2025-10-27 08:03:17,074 | INFO | Epoch 1773 Train Time 73.02675247192383s

2025-10-27 08:04:31,173 | INFO | Training epoch 1774, Batch 1000/1000: LR=4.11e-06, Loss=4.31e-03 BER=1.54e-03 FER=2.96e-02
2025-10-27 08:04:31,218 | INFO | Epoch 1774 Train Time 74.14200520515442s

2025-10-27 08:05:48,721 | INFO | Training epoch 1775, Batch 1000/1000: LR=4.09e-06, Loss=4.40e-03 BER=1.59e-03 FER=2.97e-02
2025-10-27 08:05:48,781 | INFO | Epoch 1775 Train Time 77.56204462051392s

2025-10-27 08:07:04,978 | INFO | Training epoch 1776, Batch 1000/1000: LR=4.06e-06, Loss=4.36e-03 BER=1.55e-03 FER=2.95e-02
2025-10-27 08:07:05,067 | INFO | Epoch 1776 Train Time 76.28467798233032s

2025-10-27 08:08:25,908 | INFO | Training epoch 1777, Batch 1000/1000: LR=4.03e-06, Loss=4.43e-03 BER=1.59e-03 FER=3.06e-02
2025-10-27 08:08:25,982 | INFO | Epoch 1777 Train Time 80.913982629776s

2025-10-27 08:09:37,873 | INFO | Training epoch 1778, Batch 1000/1000: LR=4.01e-06, Loss=4.43e-03 BER=1.59e-03 FER=3.04e-02
2025-10-27 08:09:37,945 | INFO | Epoch 1778 Train Time 71.96035265922546s

2025-10-27 08:10:54,476 | INFO | Training epoch 1779, Batch 1000/1000: LR=3.98e-06, Loss=4.37e-03 BER=1.58e-03 FER=3.04e-02
2025-10-27 08:10:54,563 | INFO | Epoch 1779 Train Time 76.61785101890564s

2025-10-27 08:12:10,428 | INFO | Training epoch 1780, Batch 1000/1000: LR=3.95e-06, Loss=4.37e-03 BER=1.57e-03 FER=2.99e-02
2025-10-27 08:12:10,518 | INFO | Epoch 1780 Train Time 75.95298790931702s

2025-10-27 08:13:21,718 | INFO | Training epoch 1781, Batch 1000/1000: LR=3.93e-06, Loss=4.49e-03 BER=1.62e-03 FER=3.05e-02
2025-10-27 08:13:21,783 | INFO | Epoch 1781 Train Time 71.26286053657532s

2025-10-27 08:14:41,390 | INFO | Training epoch 1782, Batch 1000/1000: LR=3.90e-06, Loss=4.49e-03 BER=1.61e-03 FER=3.05e-02
2025-10-27 08:14:41,464 | INFO | Epoch 1782 Train Time 79.67880511283875s

2025-10-27 08:15:51,435 | INFO | Training epoch 1783, Batch 1000/1000: LR=3.87e-06, Loss=4.36e-03 BER=1.55e-03 FER=2.99e-02
2025-10-27 08:15:51,514 | INFO | Epoch 1783 Train Time 70.04859280586243s

2025-10-27 08:17:05,492 | INFO | Training epoch 1784, Batch 1000/1000: LR=3.85e-06, Loss=4.44e-03 BER=1.59e-03 FER=2.98e-02
2025-10-27 08:17:05,551 | INFO | Epoch 1784 Train Time 74.03451108932495s

2025-10-27 08:18:11,322 | INFO | Training epoch 1785, Batch 1000/1000: LR=3.82e-06, Loss=4.37e-03 BER=1.57e-03 FER=2.98e-02
2025-10-27 08:18:11,383 | INFO | Epoch 1785 Train Time 65.83113884925842s

2025-10-27 08:19:27,532 | INFO | Training epoch 1786, Batch 1000/1000: LR=3.80e-06, Loss=4.40e-03 BER=1.57e-03 FER=3.00e-02
2025-10-27 08:19:27,630 | INFO | Epoch 1786 Train Time 76.24476218223572s

2025-10-27 08:20:36,872 | INFO | Training epoch 1787, Batch 1000/1000: LR=3.77e-06, Loss=4.40e-03 BER=1.58e-03 FER=3.01e-02
2025-10-27 08:20:36,958 | INFO | Epoch 1787 Train Time 69.32551074028015s

2025-10-27 08:21:44,993 | INFO | Training epoch 1788, Batch 1000/1000: LR=3.74e-06, Loss=4.35e-03 BER=1.58e-03 FER=3.03e-02
2025-10-27 08:21:45,070 | INFO | Epoch 1788 Train Time 68.11058282852173s

2025-10-27 08:22:59,869 | INFO | Training epoch 1789, Batch 1000/1000: LR=3.72e-06, Loss=4.39e-03 BER=1.61e-03 FER=3.02e-02
2025-10-27 08:22:59,942 | INFO | Epoch 1789 Train Time 74.87023377418518s

2025-10-27 08:24:16,158 | INFO | Training epoch 1790, Batch 1000/1000: LR=3.69e-06, Loss=4.48e-03 BER=1.60e-03 FER=3.06e-02
2025-10-27 08:24:16,213 | INFO | Epoch 1790 Train Time 76.26952791213989s

2025-10-27 08:25:31,267 | INFO | Training epoch 1791, Batch 1000/1000: LR=3.67e-06, Loss=4.35e-03 BER=1.55e-03 FER=2.98e-02
2025-10-27 08:25:31,336 | INFO | Epoch 1791 Train Time 75.12192463874817s

2025-10-27 08:26:50,347 | INFO | Training epoch 1792, Batch 1000/1000: LR=3.64e-06, Loss=4.44e-03 BER=1.60e-03 FER=3.02e-02
2025-10-27 08:26:50,428 | INFO | Epoch 1792 Train Time 79.09114027023315s

2025-10-27 08:27:59,630 | INFO | Training epoch 1793, Batch 1000/1000: LR=3.62e-06, Loss=4.28e-03 BER=1.53e-03 FER=2.94e-02
2025-10-27 08:27:59,703 | INFO | Epoch 1793 Train Time 69.2714729309082s

2025-10-27 08:29:17,266 | INFO | Training epoch 1794, Batch 1000/1000: LR=3.59e-06, Loss=4.35e-03 BER=1.58e-03 FER=3.00e-02
2025-10-27 08:29:17,346 | INFO | Epoch 1794 Train Time 77.64211416244507s

2025-10-27 08:30:38,820 | INFO | Training epoch 1795, Batch 1000/1000: LR=3.57e-06, Loss=4.32e-03 BER=1.56e-03 FER=2.97e-02
2025-10-27 08:30:38,880 | INFO | Epoch 1795 Train Time 81.53146362304688s

2025-10-27 08:31:54,495 | INFO | Training epoch 1796, Batch 1000/1000: LR=3.54e-06, Loss=4.41e-03 BER=1.59e-03 FER=3.03e-02
2025-10-27 08:31:54,577 | INFO | Epoch 1796 Train Time 75.69690465927124s

2025-10-27 08:33:02,720 | INFO | Training epoch 1797, Batch 1000/1000: LR=3.52e-06, Loss=4.53e-03 BER=1.63e-03 FER=3.05e-02
2025-10-27 08:33:02,774 | INFO | Epoch 1797 Train Time 68.19454574584961s

2025-10-27 08:34:19,097 | INFO | Training epoch 1798, Batch 1000/1000: LR=3.50e-06, Loss=4.57e-03 BER=1.65e-03 FER=3.08e-02
2025-10-27 08:34:19,211 | INFO | Epoch 1798 Train Time 76.4359405040741s

2025-10-27 08:35:36,990 | INFO | Training epoch 1799, Batch 1000/1000: LR=3.47e-06, Loss=4.50e-03 BER=1.60e-03 FER=3.05e-02
2025-10-27 08:35:37,079 | INFO | Epoch 1799 Train Time 77.86593055725098s

2025-10-27 08:36:45,392 | INFO | Training epoch 1800, Batch 1000/1000: LR=3.45e-06, Loss=4.20e-03 BER=1.50e-03 FER=2.92e-02
2025-10-27 08:36:45,484 | INFO | Epoch 1800 Train Time 68.40281009674072s

2025-10-27 08:36:45,485 | INFO | [P2] saving best_model (QAT) with loss 0.004197 at epoch 1800
2025-10-27 08:37:59,611 | INFO | Training epoch 1801, Batch 1000/1000: LR=3.42e-06, Loss=4.50e-03 BER=1.60e-03 FER=3.02e-02
2025-10-27 08:37:59,703 | INFO | Epoch 1801 Train Time 74.15680718421936s

2025-10-27 08:39:15,872 | INFO | Training epoch 1802, Batch 1000/1000: LR=3.40e-06, Loss=4.34e-03 BER=1.54e-03 FER=2.98e-02
2025-10-27 08:39:15,970 | INFO | Epoch 1802 Train Time 76.26569151878357s

2025-10-27 08:40:34,711 | INFO | Training epoch 1803, Batch 1000/1000: LR=3.37e-06, Loss=4.33e-03 BER=1.56e-03 FER=2.99e-02
2025-10-27 08:40:34,786 | INFO | Epoch 1803 Train Time 78.81375980377197s

2025-10-27 08:41:48,575 | INFO | Training epoch 1804, Batch 1000/1000: LR=3.35e-06, Loss=4.35e-03 BER=1.56e-03 FER=2.98e-02
2025-10-27 08:41:48,642 | INFO | Epoch 1804 Train Time 73.85471320152283s

2025-10-27 08:42:54,580 | INFO | Training epoch 1805, Batch 1000/1000: LR=3.33e-06, Loss=4.33e-03 BER=1.54e-03 FER=2.95e-02
2025-10-27 08:42:54,647 | INFO | Epoch 1805 Train Time 66.0046055316925s

2025-10-27 08:44:02,299 | INFO | Training epoch 1806, Batch 1000/1000: LR=3.30e-06, Loss=4.43e-03 BER=1.59e-03 FER=3.00e-02
2025-10-27 08:44:02,375 | INFO | Epoch 1806 Train Time 67.72666835784912s

2025-10-27 08:45:24,041 | INFO | Training epoch 1807, Batch 1000/1000: LR=3.28e-06, Loss=4.41e-03 BER=1.59e-03 FER=3.03e-02
2025-10-27 08:45:24,143 | INFO | Epoch 1807 Train Time 81.76692366600037s

2025-10-27 08:46:35,995 | INFO | Training epoch 1808, Batch 1000/1000: LR=3.26e-06, Loss=4.44e-03 BER=1.60e-03 FER=3.05e-02
2025-10-27 08:46:36,096 | INFO | Epoch 1808 Train Time 71.95104765892029s

2025-10-27 08:47:50,678 | INFO | Training epoch 1809, Batch 1000/1000: LR=3.23e-06, Loss=4.37e-03 BER=1.58e-03 FER=3.00e-02
2025-10-27 08:47:50,749 | INFO | Epoch 1809 Train Time 74.65063500404358s

2025-10-27 08:49:11,691 | INFO | Training epoch 1810, Batch 1000/1000: LR=3.21e-06, Loss=4.19e-03 BER=1.51e-03 FER=2.87e-02
2025-10-27 08:49:11,766 | INFO | Epoch 1810 Train Time 81.01567053794861s

2025-10-27 08:49:11,768 | INFO | [P2] saving best_model (QAT) with loss 0.004186 at epoch 1810
2025-10-27 08:50:27,674 | INFO | Training epoch 1811, Batch 1000/1000: LR=3.19e-06, Loss=4.32e-03 BER=1.54e-03 FER=2.93e-02
2025-10-27 08:50:27,777 | INFO | Epoch 1811 Train Time 75.93934679031372s

2025-10-27 08:51:47,787 | INFO | Training epoch 1812, Batch 1000/1000: LR=3.17e-06, Loss=4.39e-03 BER=1.57e-03 FER=2.98e-02
2025-10-27 08:51:47,875 | INFO | Epoch 1812 Train Time 80.09674263000488s

2025-10-27 08:53:06,500 | INFO | Training epoch 1813, Batch 1000/1000: LR=3.14e-06, Loss=4.48e-03 BER=1.59e-03 FER=3.08e-02
2025-10-27 08:53:06,600 | INFO | Epoch 1813 Train Time 78.72368669509888s

2025-10-27 08:54:27,298 | INFO | Training epoch 1814, Batch 1000/1000: LR=3.12e-06, Loss=4.33e-03 BER=1.55e-03 FER=2.97e-02
2025-10-27 08:54:27,371 | INFO | Epoch 1814 Train Time 80.76609325408936s

2025-10-27 08:55:38,375 | INFO | Training epoch 1815, Batch 1000/1000: LR=3.10e-06, Loss=4.33e-03 BER=1.57e-03 FER=2.96e-02
2025-10-27 08:55:38,467 | INFO | Epoch 1815 Train Time 71.09444284439087s

2025-10-27 08:56:52,074 | INFO | Training epoch 1816, Batch 1000/1000: LR=3.08e-06, Loss=4.38e-03 BER=1.57e-03 FER=3.02e-02
2025-10-27 08:56:52,153 | INFO | Epoch 1816 Train Time 73.68440318107605s

2025-10-27 08:58:07,405 | INFO | Training epoch 1817, Batch 1000/1000: LR=3.05e-06, Loss=4.36e-03 BER=1.59e-03 FER=3.04e-02
2025-10-27 08:58:07,480 | INFO | Epoch 1817 Train Time 75.32498335838318s

2025-10-27 08:59:31,535 | INFO | Training epoch 1818, Batch 1000/1000: LR=3.03e-06, Loss=4.42e-03 BER=1.59e-03 FER=3.00e-02
2025-10-27 08:59:31,605 | INFO | Epoch 1818 Train Time 84.12254190444946s

2025-10-27 09:00:55,046 | INFO | Training epoch 1819, Batch 1000/1000: LR=3.01e-06, Loss=4.38e-03 BER=1.56e-03 FER=2.98e-02
2025-10-27 09:00:55,128 | INFO | Epoch 1819 Train Time 83.5207097530365s

2025-10-27 09:02:18,501 | INFO | Training epoch 1820, Batch 1000/1000: LR=2.99e-06, Loss=4.45e-03 BER=1.59e-03 FER=3.02e-02
2025-10-27 09:02:18,562 | INFO | Epoch 1820 Train Time 83.43225002288818s

2025-10-27 09:03:35,001 | INFO | Training epoch 1821, Batch 1000/1000: LR=2.97e-06, Loss=4.41e-03 BER=1.56e-03 FER=2.98e-02
2025-10-27 09:03:35,103 | INFO | Epoch 1821 Train Time 76.53977942466736s

2025-10-27 09:04:58,572 | INFO | Training epoch 1822, Batch 1000/1000: LR=2.94e-06, Loss=4.39e-03 BER=1.56e-03 FER=2.96e-02
2025-10-27 09:04:58,662 | INFO | Epoch 1822 Train Time 83.55666708946228s

2025-10-27 09:06:16,210 | INFO | Training epoch 1823, Batch 1000/1000: LR=2.92e-06, Loss=4.29e-03 BER=1.56e-03 FER=2.91e-02
2025-10-27 09:06:16,275 | INFO | Epoch 1823 Train Time 77.61177682876587s

2025-10-27 09:07:27,093 | INFO | Training epoch 1824, Batch 1000/1000: LR=2.90e-06, Loss=4.42e-03 BER=1.59e-03 FER=3.01e-02
2025-10-27 09:07:27,163 | INFO | Epoch 1824 Train Time 70.88652420043945s

2025-10-27 09:08:45,091 | INFO | Training epoch 1825, Batch 1000/1000: LR=2.88e-06, Loss=4.37e-03 BER=1.58e-03 FER=2.98e-02
2025-10-27 09:08:45,174 | INFO | Epoch 1825 Train Time 78.00898003578186s

2025-10-27 09:10:02,616 | INFO | Training epoch 1826, Batch 1000/1000: LR=2.86e-06, Loss=4.41e-03 BER=1.60e-03 FER=3.02e-02
2025-10-27 09:10:02,674 | INFO | Epoch 1826 Train Time 77.4992196559906s

2025-10-27 09:11:14,756 | INFO | Training epoch 1827, Batch 1000/1000: LR=2.84e-06, Loss=4.40e-03 BER=1.59e-03 FER=3.02e-02
2025-10-27 09:11:14,848 | INFO | Epoch 1827 Train Time 72.1725537776947s

2025-10-27 09:12:25,567 | INFO | Training epoch 1828, Batch 1000/1000: LR=2.82e-06, Loss=4.45e-03 BER=1.57e-03 FER=3.00e-02
2025-10-27 09:12:25,680 | INFO | Epoch 1828 Train Time 70.83075737953186s

2025-10-27 09:13:50,428 | INFO | Training epoch 1829, Batch 1000/1000: LR=2.80e-06, Loss=4.30e-03 BER=1.54e-03 FER=2.96e-02
2025-10-27 09:13:50,530 | INFO | Epoch 1829 Train Time 84.84851789474487s

2025-10-27 09:15:05,012 | INFO | Training epoch 1830, Batch 1000/1000: LR=2.77e-06, Loss=4.42e-03 BER=1.59e-03 FER=3.06e-02
2025-10-27 09:15:05,069 | INFO | Epoch 1830 Train Time 74.53652143478394s

2025-10-27 09:16:17,829 | INFO | Training epoch 1831, Batch 1000/1000: LR=2.75e-06, Loss=4.33e-03 BER=1.55e-03 FER=2.97e-02
2025-10-27 09:16:17,888 | INFO | Epoch 1831 Train Time 72.81701636314392s

2025-10-27 09:17:36,175 | INFO | Training epoch 1832, Batch 1000/1000: LR=2.73e-06, Loss=4.29e-03 BER=1.52e-03 FER=2.94e-02
2025-10-27 09:17:36,224 | INFO | Epoch 1832 Train Time 78.33601069450378s

2025-10-27 09:18:53,771 | INFO | Training epoch 1833, Batch 1000/1000: LR=2.71e-06, Loss=4.46e-03 BER=1.59e-03 FER=3.00e-02
2025-10-27 09:18:53,870 | INFO | Epoch 1833 Train Time 77.64455890655518s

2025-10-27 09:20:10,481 | INFO | Training epoch 1834, Batch 1000/1000: LR=2.69e-06, Loss=4.43e-03 BER=1.60e-03 FER=3.03e-02
2025-10-27 09:20:10,555 | INFO | Epoch 1834 Train Time 76.68352556228638s

2025-10-27 09:21:28,887 | INFO | Training epoch 1835, Batch 1000/1000: LR=2.67e-06, Loss=4.40e-03 BER=1.60e-03 FER=2.98e-02
2025-10-27 09:21:28,955 | INFO | Epoch 1835 Train Time 78.39637279510498s

2025-10-27 09:22:50,713 | INFO | Training epoch 1836, Batch 1000/1000: LR=2.65e-06, Loss=4.33e-03 BER=1.55e-03 FER=2.97e-02
2025-10-27 09:22:50,782 | INFO | Epoch 1836 Train Time 81.82629871368408s

2025-10-27 09:24:01,612 | INFO | Training epoch 1837, Batch 1000/1000: LR=2.63e-06, Loss=4.44e-03 BER=1.59e-03 FER=3.00e-02
2025-10-27 09:24:01,691 | INFO | Epoch 1837 Train Time 70.90783143043518s

2025-10-27 09:25:11,245 | INFO | Training epoch 1838, Batch 1000/1000: LR=2.61e-06, Loss=4.35e-03 BER=1.56e-03 FER=2.99e-02
2025-10-27 09:25:11,319 | INFO | Epoch 1838 Train Time 69.62677192687988s

2025-10-27 09:26:28,535 | INFO | Training epoch 1839, Batch 1000/1000: LR=2.59e-06, Loss=4.28e-03 BER=1.56e-03 FER=2.95e-02
2025-10-27 09:26:28,636 | INFO | Epoch 1839 Train Time 77.31610536575317s

2025-10-27 09:27:47,286 | INFO | Training epoch 1840, Batch 1000/1000: LR=2.57e-06, Loss=4.48e-03 BER=1.60e-03 FER=3.07e-02
2025-10-27 09:27:47,369 | INFO | Epoch 1840 Train Time 78.73171520233154s

2025-10-27 09:29:03,074 | INFO | Training epoch 1841, Batch 1000/1000: LR=2.56e-06, Loss=4.47e-03 BER=1.59e-03 FER=3.02e-02
2025-10-27 09:29:03,142 | INFO | Epoch 1841 Train Time 75.77054119110107s

2025-10-27 09:30:10,079 | INFO | Training epoch 1842, Batch 1000/1000: LR=2.54e-06, Loss=4.42e-03 BER=1.59e-03 FER=3.01e-02
2025-10-27 09:30:10,147 | INFO | Epoch 1842 Train Time 67.00307822227478s

2025-10-27 09:31:22,096 | INFO | Training epoch 1843, Batch 1000/1000: LR=2.52e-06, Loss=4.29e-03 BER=1.56e-03 FER=2.98e-02
2025-10-27 09:31:22,176 | INFO | Epoch 1843 Train Time 72.02759265899658s

2025-10-27 09:32:36,995 | INFO | Training epoch 1844, Batch 1000/1000: LR=2.50e-06, Loss=4.30e-03 BER=1.55e-03 FER=2.95e-02
2025-10-27 09:32:37,054 | INFO | Epoch 1844 Train Time 74.8770956993103s

2025-10-27 09:33:59,285 | INFO | Training epoch 1845, Batch 1000/1000: LR=2.48e-06, Loss=4.28e-03 BER=1.52e-03 FER=2.95e-02
2025-10-27 09:33:59,344 | INFO | Epoch 1845 Train Time 82.28780722618103s

2025-10-27 09:35:07,198 | INFO | Training epoch 1846, Batch 1000/1000: LR=2.46e-06, Loss=4.37e-03 BER=1.58e-03 FER=3.01e-02
2025-10-27 09:35:07,249 | INFO | Epoch 1846 Train Time 67.90424132347107s

2025-10-27 09:36:25,896 | INFO | Training epoch 1847, Batch 1000/1000: LR=2.44e-06, Loss=4.36e-03 BER=1.56e-03 FER=2.97e-02
2025-10-27 09:36:25,974 | INFO | Epoch 1847 Train Time 78.72361588478088s

2025-10-27 09:37:41,964 | INFO | Training epoch 1848, Batch 1000/1000: LR=2.42e-06, Loss=4.39e-03 BER=1.56e-03 FER=2.97e-02
2025-10-27 09:37:42,020 | INFO | Epoch 1848 Train Time 76.04481172561646s

2025-10-27 09:38:53,957 | INFO | Training epoch 1849, Batch 1000/1000: LR=2.40e-06, Loss=4.38e-03 BER=1.56e-03 FER=2.96e-02
2025-10-27 09:38:54,046 | INFO | Epoch 1849 Train Time 72.02458190917969s

2025-10-27 09:40:03,630 | INFO | Training epoch 1850, Batch 1000/1000: LR=2.39e-06, Loss=4.34e-03 BER=1.56e-03 FER=2.99e-02
2025-10-27 09:40:03,692 | INFO | Epoch 1850 Train Time 69.64467167854309s

2025-10-27 09:41:23,885 | INFO | Training epoch 1851, Batch 1000/1000: LR=2.37e-06, Loss=4.41e-03 BER=1.59e-03 FER=3.03e-02
2025-10-27 09:41:23,977 | INFO | Epoch 1851 Train Time 80.28450751304626s

2025-10-27 09:42:39,872 | INFO | Training epoch 1852, Batch 1000/1000: LR=2.35e-06, Loss=4.37e-03 BER=1.56e-03 FER=2.95e-02
2025-10-27 09:42:39,922 | INFO | Epoch 1852 Train Time 75.94084048271179s

2025-10-27 09:43:49,191 | INFO | Training epoch 1853, Batch 1000/1000: LR=2.33e-06, Loss=4.38e-03 BER=1.60e-03 FER=2.98e-02
2025-10-27 09:43:49,262 | INFO | Epoch 1853 Train Time 69.33920550346375s

2025-10-27 09:45:03,886 | INFO | Training epoch 1854, Batch 1000/1000: LR=2.31e-06, Loss=4.33e-03 BER=1.54e-03 FER=2.96e-02
2025-10-27 09:45:03,946 | INFO | Epoch 1854 Train Time 74.68231248855591s

2025-10-27 09:46:16,130 | INFO | Training epoch 1855, Batch 1000/1000: LR=2.30e-06, Loss=4.35e-03 BER=1.55e-03 FER=2.97e-02
2025-10-27 09:46:16,217 | INFO | Epoch 1855 Train Time 72.26978540420532s

2025-10-27 09:47:25,676 | INFO | Training epoch 1856, Batch 1000/1000: LR=2.28e-06, Loss=4.39e-03 BER=1.54e-03 FER=2.93e-02
2025-10-27 09:47:25,740 | INFO | Epoch 1856 Train Time 69.52043676376343s

2025-10-27 09:48:38,070 | INFO | Training epoch 1857, Batch 1000/1000: LR=2.26e-06, Loss=4.34e-03 BER=1.56e-03 FER=2.93e-02
2025-10-27 09:48:38,137 | INFO | Epoch 1857 Train Time 72.39595150947571s

2025-10-27 09:50:01,289 | INFO | Training epoch 1858, Batch 1000/1000: LR=2.24e-06, Loss=4.43e-03 BER=1.57e-03 FER=2.99e-02
2025-10-27 09:50:01,367 | INFO | Epoch 1858 Train Time 83.22713804244995s

2025-10-27 09:51:16,169 | INFO | Training epoch 1859, Batch 1000/1000: LR=2.23e-06, Loss=4.31e-03 BER=1.55e-03 FER=2.97e-02
2025-10-27 09:51:16,226 | INFO | Epoch 1859 Train Time 74.85885882377625s

2025-10-27 09:52:24,371 | INFO | Training epoch 1860, Batch 1000/1000: LR=2.21e-06, Loss=4.39e-03 BER=1.60e-03 FER=3.03e-02
2025-10-27 09:52:24,429 | INFO | Epoch 1860 Train Time 68.20086860656738s

2025-10-27 09:53:36,871 | INFO | Training epoch 1861, Batch 1000/1000: LR=2.19e-06, Loss=4.22e-03 BER=1.51e-03 FER=2.88e-02
2025-10-27 09:53:36,937 | INFO | Epoch 1861 Train Time 72.5059654712677s

2025-10-27 09:54:57,770 | INFO | Training epoch 1862, Batch 1000/1000: LR=2.18e-06, Loss=4.40e-03 BER=1.59e-03 FER=3.00e-02
2025-10-27 09:54:57,827 | INFO | Epoch 1862 Train Time 80.88968896865845s

2025-10-27 09:56:06,725 | INFO | Training epoch 1863, Batch 1000/1000: LR=2.16e-06, Loss=4.24e-03 BER=1.55e-03 FER=3.00e-02
2025-10-27 09:56:06,773 | INFO | Epoch 1863 Train Time 68.94361734390259s

2025-10-27 09:57:21,771 | INFO | Training epoch 1864, Batch 1000/1000: LR=2.14e-06, Loss=4.39e-03 BER=1.59e-03 FER=2.99e-02
2025-10-27 09:57:21,850 | INFO | Epoch 1864 Train Time 75.07646322250366s

2025-10-27 09:58:40,170 | INFO | Training epoch 1865, Batch 1000/1000: LR=2.13e-06, Loss=4.41e-03 BER=1.57e-03 FER=2.98e-02
2025-10-27 09:58:40,237 | INFO | Epoch 1865 Train Time 78.3852162361145s

2025-10-27 09:59:53,074 | INFO | Training epoch 1866, Batch 1000/1000: LR=2.11e-06, Loss=4.17e-03 BER=1.50e-03 FER=2.88e-02
2025-10-27 09:59:53,115 | INFO | Epoch 1866 Train Time 72.876309633255s

2025-10-27 09:59:53,116 | INFO | [P2] saving best_model (QAT) with loss 0.004173 at epoch 1866
2025-10-27 10:01:05,470 | INFO | Training epoch 1867, Batch 1000/1000: LR=2.09e-06, Loss=4.42e-03 BER=1.56e-03 FER=2.99e-02
2025-10-27 10:01:05,553 | INFO | Epoch 1867 Train Time 72.3818199634552s

2025-10-27 10:02:22,295 | INFO | Training epoch 1868, Batch 1000/1000: LR=2.08e-06, Loss=4.33e-03 BER=1.57e-03 FER=2.95e-02
2025-10-27 10:02:22,371 | INFO | Epoch 1868 Train Time 76.81751275062561s

2025-10-27 10:03:32,453 | INFO | Training epoch 1869, Batch 1000/1000: LR=2.06e-06, Loss=4.31e-03 BER=1.55e-03 FER=2.95e-02
2025-10-27 10:03:32,514 | INFO | Epoch 1869 Train Time 70.14158821105957s

2025-10-27 10:04:44,057 | INFO | Training epoch 1870, Batch 1000/1000: LR=2.04e-06, Loss=4.41e-03 BER=1.62e-03 FER=3.06e-02
2025-10-27 10:04:44,130 | INFO | Epoch 1870 Train Time 71.61442160606384s

2025-10-27 10:05:59,770 | INFO | Training epoch 1871, Batch 1000/1000: LR=2.03e-06, Loss=4.34e-03 BER=1.56e-03 FER=2.97e-02
2025-10-27 10:05:59,849 | INFO | Epoch 1871 Train Time 75.71859693527222s

2025-10-27 10:07:18,744 | INFO | Training epoch 1872, Batch 1000/1000: LR=2.01e-06, Loss=4.27e-03 BER=1.55e-03 FER=2.92e-02
2025-10-27 10:07:18,800 | INFO | Epoch 1872 Train Time 78.94923186302185s

2025-10-27 10:08:24,703 | INFO | Training epoch 1873, Batch 1000/1000: LR=2.00e-06, Loss=4.54e-03 BER=1.59e-03 FER=3.04e-02
2025-10-27 10:08:24,759 | INFO | Epoch 1873 Train Time 65.95735096931458s

2025-10-27 10:09:44,473 | INFO | Training epoch 1874, Batch 1000/1000: LR=1.98e-06, Loss=4.37e-03 BER=1.58e-03 FER=3.02e-02
2025-10-27 10:09:44,532 | INFO | Epoch 1874 Train Time 79.77136301994324s

2025-10-27 10:11:02,353 | INFO | Training epoch 1875, Batch 1000/1000: LR=1.97e-06, Loss=4.26e-03 BER=1.51e-03 FER=2.91e-02
2025-10-27 10:11:02,432 | INFO | Epoch 1875 Train Time 77.8985698223114s

2025-10-27 10:12:15,152 | INFO | Training epoch 1876, Batch 1000/1000: LR=1.95e-06, Loss=4.48e-03 BER=1.60e-03 FER=3.10e-02
2025-10-27 10:12:15,237 | INFO | Epoch 1876 Train Time 72.80415534973145s

2025-10-27 10:13:29,482 | INFO | Training epoch 1877, Batch 1000/1000: LR=1.94e-06, Loss=4.46e-03 BER=1.61e-03 FER=3.00e-02
2025-10-27 10:13:29,554 | INFO | Epoch 1877 Train Time 74.31467318534851s

2025-10-27 10:14:46,071 | INFO | Training epoch 1878, Batch 1000/1000: LR=1.92e-06, Loss=4.35e-03 BER=1.53e-03 FER=2.93e-02
2025-10-27 10:14:46,137 | INFO | Epoch 1878 Train Time 76.5817596912384s

2025-10-27 10:16:06,895 | INFO | Training epoch 1879, Batch 1000/1000: LR=1.91e-06, Loss=4.40e-03 BER=1.56e-03 FER=2.96e-02
2025-10-27 10:16:06,962 | INFO | Epoch 1879 Train Time 80.82345676422119s

2025-10-27 10:17:25,322 | INFO | Training epoch 1880, Batch 1000/1000: LR=1.89e-06, Loss=4.33e-03 BER=1.57e-03 FER=2.96e-02
2025-10-27 10:17:25,376 | INFO | Epoch 1880 Train Time 78.41297674179077s

2025-10-27 10:18:42,366 | INFO | Training epoch 1881, Batch 1000/1000: LR=1.88e-06, Loss=4.40e-03 BER=1.58e-03 FER=3.00e-02
2025-10-27 10:18:42,435 | INFO | Epoch 1881 Train Time 77.05651521682739s

2025-10-27 10:20:01,490 | INFO | Training epoch 1882, Batch 1000/1000: LR=1.86e-06, Loss=4.45e-03 BER=1.59e-03 FER=3.01e-02
2025-10-27 10:20:01,569 | INFO | Epoch 1882 Train Time 79.13262557983398s

2025-10-27 10:21:22,182 | INFO | Training epoch 1883, Batch 1000/1000: LR=1.85e-06, Loss=4.34e-03 BER=1.56e-03 FER=2.95e-02
2025-10-27 10:21:22,278 | INFO | Epoch 1883 Train Time 80.70656228065491s

2025-10-27 10:22:39,566 | INFO | Training epoch 1884, Batch 1000/1000: LR=1.83e-06, Loss=4.25e-03 BER=1.52e-03 FER=2.96e-02
2025-10-27 10:22:39,633 | INFO | Epoch 1884 Train Time 77.35363030433655s

2025-10-27 10:23:57,094 | INFO | Training epoch 1885, Batch 1000/1000: LR=1.82e-06, Loss=4.36e-03 BER=1.55e-03 FER=2.96e-02
2025-10-27 10:23:57,163 | INFO | Epoch 1885 Train Time 77.52929782867432s

2025-10-27 10:25:05,868 | INFO | Training epoch 1886, Batch 1000/1000: LR=1.81e-06, Loss=4.48e-03 BER=1.59e-03 FER=3.04e-02
2025-10-27 10:25:05,925 | INFO | Epoch 1886 Train Time 68.76080203056335s

2025-10-27 10:26:22,697 | INFO | Training epoch 1887, Batch 1000/1000: LR=1.79e-06, Loss=4.35e-03 BER=1.56e-03 FER=2.98e-02
2025-10-27 10:26:22,753 | INFO | Epoch 1887 Train Time 76.82671546936035s

2025-10-27 10:27:37,693 | INFO | Training epoch 1888, Batch 1000/1000: LR=1.78e-06, Loss=4.45e-03 BER=1.60e-03 FER=2.98e-02
2025-10-27 10:27:37,749 | INFO | Epoch 1888 Train Time 74.99378681182861s

2025-10-27 10:28:43,765 | INFO | Training epoch 1889, Batch 1000/1000: LR=1.76e-06, Loss=4.30e-03 BER=1.56e-03 FER=2.94e-02
2025-10-27 10:28:43,832 | INFO | Epoch 1889 Train Time 66.08166551589966s

2025-10-27 10:30:03,465 | INFO | Training epoch 1890, Batch 1000/1000: LR=1.75e-06, Loss=4.23e-03 BER=1.52e-03 FER=2.91e-02
2025-10-27 10:30:03,533 | INFO | Epoch 1890 Train Time 79.69974255561829s

2025-10-27 10:31:13,971 | INFO | Training epoch 1891, Batch 1000/1000: LR=1.74e-06, Loss=4.30e-03 BER=1.56e-03 FER=2.95e-02
2025-10-27 10:31:14,031 | INFO | Epoch 1891 Train Time 70.49667191505432s

2025-10-27 10:32:26,499 | INFO | Training epoch 1892, Batch 1000/1000: LR=1.72e-06, Loss=4.31e-03 BER=1.55e-03 FER=2.95e-02
2025-10-27 10:32:26,563 | INFO | Epoch 1892 Train Time 72.53070116043091s

2025-10-27 10:33:34,661 | INFO | Training epoch 1893, Batch 1000/1000: LR=1.71e-06, Loss=4.45e-03 BER=1.62e-03 FER=3.04e-02
2025-10-27 10:33:34,738 | INFO | Epoch 1893 Train Time 68.17371916770935s

2025-10-27 10:34:47,970 | INFO | Training epoch 1894, Batch 1000/1000: LR=1.70e-06, Loss=4.23e-03 BER=1.52e-03 FER=2.92e-02
2025-10-27 10:34:48,029 | INFO | Epoch 1894 Train Time 73.28985381126404s

2025-10-27 10:35:58,171 | INFO | Training epoch 1895, Batch 1000/1000: LR=1.68e-06, Loss=4.38e-03 BER=1.54e-03 FER=2.97e-02
2025-10-27 10:35:58,234 | INFO | Epoch 1895 Train Time 70.20295000076294s

2025-10-27 10:37:20,722 | INFO | Training epoch 1896, Batch 1000/1000: LR=1.67e-06, Loss=4.30e-03 BER=1.53e-03 FER=2.90e-02
2025-10-27 10:37:20,803 | INFO | Epoch 1896 Train Time 82.56827688217163s

2025-10-27 10:38:42,179 | INFO | Training epoch 1897, Batch 1000/1000: LR=1.66e-06, Loss=4.34e-03 BER=1.56e-03 FER=2.98e-02
2025-10-27 10:38:42,253 | INFO | Epoch 1897 Train Time 81.44807147979736s

2025-10-27 10:39:58,629 | INFO | Training epoch 1898, Batch 1000/1000: LR=1.65e-06, Loss=4.31e-03 BER=1.55e-03 FER=2.93e-02
2025-10-27 10:39:58,695 | INFO | Epoch 1898 Train Time 76.43961095809937s

2025-10-27 10:41:17,971 | INFO | Training epoch 1899, Batch 1000/1000: LR=1.63e-06, Loss=4.36e-03 BER=1.54e-03 FER=2.97e-02
2025-10-27 10:41:18,043 | INFO | Epoch 1899 Train Time 79.34633779525757s

2025-10-27 10:42:36,172 | INFO | Training epoch 1900, Batch 1000/1000: LR=1.62e-06, Loss=4.40e-03 BER=1.59e-03 FER=3.01e-02
2025-10-27 10:42:36,230 | INFO | Epoch 1900 Train Time 78.18526339530945s

2025-10-27 10:43:42,376 | INFO | Training epoch 1901, Batch 1000/1000: LR=1.61e-06, Loss=4.43e-03 BER=1.58e-03 FER=3.02e-02
2025-10-27 10:43:42,435 | INFO | Epoch 1901 Train Time 66.20314478874207s

2025-10-27 10:45:02,706 | INFO | Training epoch 1902, Batch 1000/1000: LR=1.60e-06, Loss=4.47e-03 BER=1.60e-03 FER=3.08e-02
2025-10-27 10:45:02,756 | INFO | Epoch 1902 Train Time 80.31988835334778s

2025-10-27 10:46:18,883 | INFO | Training epoch 1903, Batch 1000/1000: LR=1.59e-06, Loss=4.35e-03 BER=1.57e-03 FER=2.98e-02
2025-10-27 10:46:18,935 | INFO | Epoch 1903 Train Time 76.17820715904236s

2025-10-27 10:47:33,396 | INFO | Training epoch 1904, Batch 1000/1000: LR=1.57e-06, Loss=4.43e-03 BER=1.59e-03 FER=3.02e-02
2025-10-27 10:47:33,466 | INFO | Epoch 1904 Train Time 74.52958154678345s

2025-10-27 10:48:48,501 | INFO | Training epoch 1905, Batch 1000/1000: LR=1.56e-06, Loss=4.43e-03 BER=1.59e-03 FER=2.98e-02
2025-10-27 10:48:48,560 | INFO | Epoch 1905 Train Time 75.0926399230957s

2025-10-27 10:50:07,174 | INFO | Training epoch 1906, Batch 1000/1000: LR=1.55e-06, Loss=4.49e-03 BER=1.61e-03 FER=3.04e-02
2025-10-27 10:50:07,240 | INFO | Epoch 1906 Train Time 78.67900705337524s

2025-10-27 10:51:18,706 | INFO | Training epoch 1907, Batch 1000/1000: LR=1.54e-06, Loss=4.30e-03 BER=1.55e-03 FER=2.88e-02
2025-10-27 10:51:18,763 | INFO | Epoch 1907 Train Time 71.52087187767029s

2025-10-27 10:52:34,788 | INFO | Training epoch 1908, Batch 1000/1000: LR=1.53e-06, Loss=4.36e-03 BER=1.55e-03 FER=2.91e-02
2025-10-27 10:52:34,848 | INFO | Epoch 1908 Train Time 76.083660364151s

2025-10-27 10:53:55,848 | INFO | Training epoch 1909, Batch 1000/1000: LR=1.52e-06, Loss=4.43e-03 BER=1.60e-03 FER=3.01e-02
2025-10-27 10:53:55,919 | INFO | Epoch 1909 Train Time 81.06943321228027s

2025-10-27 10:55:09,879 | INFO | Training epoch 1910, Batch 1000/1000: LR=1.50e-06, Loss=4.38e-03 BER=1.59e-03 FER=3.01e-02
2025-10-27 10:55:09,936 | INFO | Epoch 1910 Train Time 74.01532506942749s

2025-10-27 10:56:18,368 | INFO | Training epoch 1911, Batch 1000/1000: LR=1.49e-06, Loss=4.42e-03 BER=1.59e-03 FER=3.02e-02
2025-10-27 10:56:18,420 | INFO | Epoch 1911 Train Time 68.48258233070374s

2025-10-27 10:57:35,100 | INFO | Training epoch 1912, Batch 1000/1000: LR=1.48e-06, Loss=4.39e-03 BER=1.58e-03 FER=3.00e-02
2025-10-27 10:57:35,185 | INFO | Epoch 1912 Train Time 76.76225805282593s

2025-10-27 10:58:47,768 | INFO | Training epoch 1913, Batch 1000/1000: LR=1.47e-06, Loss=4.26e-03 BER=1.54e-03 FER=2.94e-02
2025-10-27 10:58:47,845 | INFO | Epoch 1913 Train Time 72.65813779830933s

2025-10-27 11:00:02,467 | INFO | Training epoch 1914, Batch 1000/1000: LR=1.46e-06, Loss=4.35e-03 BER=1.56e-03 FER=2.91e-02
2025-10-27 11:00:02,527 | INFO | Epoch 1914 Train Time 74.68022918701172s

2025-10-27 11:01:05,930 | INFO | Training epoch 1915, Batch 1000/1000: LR=1.45e-06, Loss=4.33e-03 BER=1.54e-03 FER=2.90e-02
2025-10-27 11:01:06,009 | INFO | Epoch 1915 Train Time 63.48086380958557s

2025-10-27 11:02:23,887 | INFO | Training epoch 1916, Batch 1000/1000: LR=1.44e-06, Loss=4.35e-03 BER=1.58e-03 FER=3.00e-02
2025-10-27 11:02:23,945 | INFO | Epoch 1916 Train Time 77.93425798416138s

2025-10-27 11:03:28,765 | INFO | Training epoch 1917, Batch 1000/1000: LR=1.43e-06, Loss=4.29e-03 BER=1.54e-03 FER=2.94e-02
2025-10-27 11:03:28,816 | INFO | Epoch 1917 Train Time 64.86969256401062s

2025-10-27 11:04:41,878 | INFO | Training epoch 1918, Batch 1000/1000: LR=1.42e-06, Loss=4.25e-03 BER=1.53e-03 FER=2.94e-02
2025-10-27 11:04:41,938 | INFO | Epoch 1918 Train Time 73.12018918991089s

2025-10-27 11:05:57,662 | INFO | Training epoch 1919, Batch 1000/1000: LR=1.41e-06, Loss=4.26e-03 BER=1.53e-03 FER=2.91e-02
2025-10-27 11:05:57,734 | INFO | Epoch 1919 Train Time 75.79529428482056s

2025-10-27 11:07:06,570 | INFO | Training epoch 1920, Batch 1000/1000: LR=1.40e-06, Loss=4.48e-03 BER=1.61e-03 FER=3.05e-02
2025-10-27 11:07:06,639 | INFO | Epoch 1920 Train Time 68.902761220932s

2025-10-27 11:08:18,699 | INFO | Training epoch 1921, Batch 1000/1000: LR=1.39e-06, Loss=4.30e-03 BER=1.54e-03 FER=2.92e-02
2025-10-27 11:08:18,772 | INFO | Epoch 1921 Train Time 72.13123655319214s

2025-10-27 11:09:34,939 | INFO | Training epoch 1922, Batch 1000/1000: LR=1.38e-06, Loss=4.46e-03 BER=1.61e-03 FER=3.06e-02
2025-10-27 11:09:35,010 | INFO | Epoch 1922 Train Time 76.23654007911682s

2025-10-27 11:10:48,987 | INFO | Training epoch 1923, Batch 1000/1000: LR=1.37e-06, Loss=4.33e-03 BER=1.53e-03 FER=2.93e-02
2025-10-27 11:10:49,054 | INFO | Epoch 1923 Train Time 74.04371690750122s

2025-10-27 11:12:06,351 | INFO | Training epoch 1924, Batch 1000/1000: LR=1.36e-06, Loss=4.18e-03 BER=1.50e-03 FER=2.85e-02
2025-10-27 11:12:06,403 | INFO | Epoch 1924 Train Time 77.34632182121277s

2025-10-27 11:13:26,088 | INFO | Training epoch 1925, Batch 1000/1000: LR=1.35e-06, Loss=4.39e-03 BER=1.58e-03 FER=3.01e-02
2025-10-27 11:13:26,179 | INFO | Epoch 1925 Train Time 79.7747790813446s

2025-10-27 11:14:43,276 | INFO | Training epoch 1926, Batch 1000/1000: LR=1.34e-06, Loss=4.36e-03 BER=1.57e-03 FER=2.97e-02
2025-10-27 11:14:43,336 | INFO | Epoch 1926 Train Time 77.15546894073486s

2025-10-27 11:15:58,991 | INFO | Training epoch 1927, Batch 1000/1000: LR=1.33e-06, Loss=4.35e-03 BER=1.56e-03 FER=2.98e-02
2025-10-27 11:15:59,084 | INFO | Epoch 1927 Train Time 75.74692058563232s

2025-10-27 11:17:15,212 | INFO | Training epoch 1928, Batch 1000/1000: LR=1.33e-06, Loss=4.31e-03 BER=1.53e-03 FER=2.90e-02
2025-10-27 11:17:15,263 | INFO | Epoch 1928 Train Time 76.17557311058044s

2025-10-27 11:18:22,091 | INFO | Training epoch 1929, Batch 1000/1000: LR=1.32e-06, Loss=4.40e-03 BER=1.57e-03 FER=3.00e-02
2025-10-27 11:18:22,163 | INFO | Epoch 1929 Train Time 66.89766025543213s

2025-10-27 11:19:35,282 | INFO | Training epoch 1930, Batch 1000/1000: LR=1.31e-06, Loss=4.46e-03 BER=1.59e-03 FER=3.01e-02
2025-10-27 11:19:35,358 | INFO | Epoch 1930 Train Time 73.19363379478455s

2025-10-27 11:20:47,405 | INFO | Training epoch 1931, Batch 1000/1000: LR=1.30e-06, Loss=4.31e-03 BER=1.57e-03 FER=2.98e-02
2025-10-27 11:20:47,466 | INFO | Epoch 1931 Train Time 72.10716128349304s

2025-10-27 11:22:05,664 | INFO | Training epoch 1932, Batch 1000/1000: LR=1.29e-06, Loss=4.38e-03 BER=1.56e-03 FER=2.98e-02
2025-10-27 11:22:05,722 | INFO | Epoch 1932 Train Time 78.25368905067444s

2025-10-27 11:23:16,172 | INFO | Training epoch 1933, Batch 1000/1000: LR=1.28e-06, Loss=4.42e-03 BER=1.58e-03 FER=3.04e-02
2025-10-27 11:23:16,238 | INFO | Epoch 1933 Train Time 70.5144362449646s

2025-10-27 11:24:23,294 | INFO | Training epoch 1934, Batch 1000/1000: LR=1.27e-06, Loss=4.46e-03 BER=1.60e-03 FER=2.99e-02
2025-10-27 11:24:23,370 | INFO | Epoch 1934 Train Time 67.13082003593445s

2025-10-27 11:25:45,667 | INFO | Training epoch 1935, Batch 1000/1000: LR=1.27e-06, Loss=4.33e-03 BER=1.56e-03 FER=2.94e-02
2025-10-27 11:25:45,741 | INFO | Epoch 1935 Train Time 82.36970353126526s

2025-10-27 11:26:53,996 | INFO | Training epoch 1936, Batch 1000/1000: LR=1.26e-06, Loss=4.32e-03 BER=1.54e-03 FER=2.91e-02
2025-10-27 11:26:54,058 | INFO | Epoch 1936 Train Time 68.31500887870789s

2025-10-27 11:28:04,992 | INFO | Training epoch 1937, Batch 1000/1000: LR=1.25e-06, Loss=4.36e-03 BER=1.57e-03 FER=2.98e-02
2025-10-27 11:28:05,061 | INFO | Epoch 1937 Train Time 71.0018904209137s

2025-10-27 11:29:20,381 | INFO | Training epoch 1938, Batch 1000/1000: LR=1.24e-06, Loss=4.09e-03 BER=1.48e-03 FER=2.87e-02
2025-10-27 11:29:20,422 | INFO | Epoch 1938 Train Time 75.35907053947449s

2025-10-27 11:29:20,422 | INFO | [P2] saving best_model (QAT) with loss 0.004092 at epoch 1938
2025-10-27 11:30:32,282 | INFO | Training epoch 1939, Batch 1000/1000: LR=1.23e-06, Loss=4.29e-03 BER=1.55e-03 FER=2.98e-02
2025-10-27 11:30:32,364 | INFO | Epoch 1939 Train Time 71.87196612358093s

2025-10-27 11:31:51,275 | INFO | Training epoch 1940, Batch 1000/1000: LR=1.23e-06, Loss=4.28e-03 BER=1.53e-03 FER=2.95e-02
2025-10-27 11:31:51,327 | INFO | Epoch 1940 Train Time 78.96084260940552s

2025-10-27 11:33:06,288 | INFO | Training epoch 1941, Batch 1000/1000: LR=1.22e-06, Loss=4.25e-03 BER=1.52e-03 FER=2.87e-02
2025-10-27 11:33:06,352 | INFO | Epoch 1941 Train Time 75.02423930168152s

2025-10-27 11:34:17,070 | INFO | Training epoch 1942, Batch 1000/1000: LR=1.21e-06, Loss=4.17e-03 BER=1.49e-03 FER=2.88e-02
2025-10-27 11:34:17,157 | INFO | Epoch 1942 Train Time 70.80242562294006s

2025-10-27 11:35:27,980 | INFO | Training epoch 1943, Batch 1000/1000: LR=1.21e-06, Loss=4.42e-03 BER=1.59e-03 FER=3.05e-02
2025-10-27 11:35:28,041 | INFO | Epoch 1943 Train Time 70.88201141357422s

2025-10-27 11:36:40,367 | INFO | Training epoch 1944, Batch 1000/1000: LR=1.20e-06, Loss=4.45e-03 BER=1.57e-03 FER=2.94e-02
2025-10-27 11:36:40,431 | INFO | Epoch 1944 Train Time 72.3891658782959s

2025-10-27 11:38:02,065 | INFO | Training epoch 1945, Batch 1000/1000: LR=1.19e-06, Loss=4.34e-03 BER=1.56e-03 FER=2.99e-02
2025-10-27 11:38:02,124 | INFO | Epoch 1945 Train Time 81.69092464447021s

2025-10-27 11:39:21,395 | INFO | Training epoch 1946, Batch 1000/1000: LR=1.18e-06, Loss=4.25e-03 BER=1.52e-03 FER=2.89e-02
2025-10-27 11:39:21,467 | INFO | Epoch 1946 Train Time 79.34205937385559s

2025-10-27 11:40:39,592 | INFO | Training epoch 1947, Batch 1000/1000: LR=1.18e-06, Loss=4.32e-03 BER=1.55e-03 FER=2.94e-02
2025-10-27 11:40:39,654 | INFO | Epoch 1947 Train Time 78.18525838851929s

2025-10-27 11:42:00,079 | INFO | Training epoch 1948, Batch 1000/1000: LR=1.17e-06, Loss=4.26e-03 BER=1.55e-03 FER=2.93e-02
2025-10-27 11:42:00,145 | INFO | Epoch 1948 Train Time 80.49017977714539s

2025-10-27 11:43:24,186 | INFO | Training epoch 1949, Batch 1000/1000: LR=1.17e-06, Loss=4.28e-03 BER=1.52e-03 FER=2.90e-02
2025-10-27 11:43:24,249 | INFO | Epoch 1949 Train Time 84.10311317443848s

2025-10-27 11:44:42,264 | INFO | Training epoch 1950, Batch 1000/1000: LR=1.16e-06, Loss=4.33e-03 BER=1.56e-03 FER=2.92e-02
2025-10-27 11:44:42,329 | INFO | Epoch 1950 Train Time 78.07871174812317s

2025-10-27 11:46:03,285 | INFO | Training epoch 1951, Batch 1000/1000: LR=1.15e-06, Loss=4.26e-03 BER=1.50e-03 FER=2.86e-02
2025-10-27 11:46:03,358 | INFO | Epoch 1951 Train Time 81.02695989608765s

2025-10-27 11:47:19,476 | INFO | Training epoch 1952, Batch 1000/1000: LR=1.15e-06, Loss=4.39e-03 BER=1.57e-03 FER=3.00e-02
2025-10-27 11:47:19,554 | INFO | Epoch 1952 Train Time 76.19450759887695s

2025-10-27 11:48:29,769 | INFO | Training epoch 1953, Batch 1000/1000: LR=1.14e-06, Loss=4.26e-03 BER=1.54e-03 FER=2.90e-02
2025-10-27 11:48:29,872 | INFO | Epoch 1953 Train Time 70.31654405593872s

2025-10-27 11:49:36,869 | INFO | Training epoch 1954, Batch 1000/1000: LR=1.13e-06, Loss=4.34e-03 BER=1.55e-03 FER=2.93e-02
2025-10-27 11:49:36,938 | INFO | Epoch 1954 Train Time 67.06328177452087s

2025-10-27 11:50:44,793 | INFO | Training epoch 1955, Batch 1000/1000: LR=1.13e-06, Loss=4.21e-03 BER=1.50e-03 FER=2.88e-02
2025-10-27 11:50:44,849 | INFO | Epoch 1955 Train Time 67.90985703468323s

2025-10-27 11:51:59,412 | INFO | Training epoch 1956, Batch 1000/1000: LR=1.12e-06, Loss=4.38e-03 BER=1.57e-03 FER=2.94e-02
2025-10-27 11:51:59,508 | INFO | Epoch 1956 Train Time 74.65613770484924s

2025-10-27 11:53:13,565 | INFO | Training epoch 1957, Batch 1000/1000: LR=1.12e-06, Loss=4.33e-03 BER=1.57e-03 FER=2.97e-02
2025-10-27 11:53:13,618 | INFO | Epoch 1957 Train Time 74.109530210495s

2025-10-27 11:54:29,164 | INFO | Training epoch 1958, Batch 1000/1000: LR=1.11e-06, Loss=4.33e-03 BER=1.56e-03 FER=3.01e-02
2025-10-27 11:54:29,226 | INFO | Epoch 1958 Train Time 75.60602307319641s

2025-10-27 11:55:50,065 | INFO | Training epoch 1959, Batch 1000/1000: LR=1.11e-06, Loss=4.42e-03 BER=1.56e-03 FER=2.94e-02
2025-10-27 11:55:50,154 | INFO | Epoch 1959 Train Time 80.92681980133057s

2025-10-27 11:57:05,757 | INFO | Training epoch 1960, Batch 1000/1000: LR=1.10e-06, Loss=4.35e-03 BER=1.55e-03 FER=2.92e-02
2025-10-27 11:57:05,810 | INFO | Epoch 1960 Train Time 75.6544885635376s

2025-10-27 11:58:23,402 | INFO | Training epoch 1961, Batch 1000/1000: LR=1.10e-06, Loss=4.38e-03 BER=1.55e-03 FER=2.96e-02
2025-10-27 11:58:23,449 | INFO | Epoch 1961 Train Time 77.6375801563263s

2025-10-27 11:59:36,545 | INFO | Training epoch 1962, Batch 1000/1000: LR=1.09e-06, Loss=4.36e-03 BER=1.58e-03 FER=2.97e-02
2025-10-27 11:59:36,635 | INFO | Epoch 1962 Train Time 73.18351793289185s

2025-10-27 12:00:50,298 | INFO | Training epoch 1963, Batch 1000/1000: LR=1.09e-06, Loss=4.31e-03 BER=1.53e-03 FER=2.94e-02
2025-10-27 12:00:50,357 | INFO | Epoch 1963 Train Time 73.72084665298462s

2025-10-27 12:02:09,162 | INFO | Training epoch 1964, Batch 1000/1000: LR=1.08e-06, Loss=4.31e-03 BER=1.56e-03 FER=2.99e-02
2025-10-27 12:02:09,266 | INFO | Epoch 1964 Train Time 78.90664172172546s

2025-10-27 12:03:18,214 | INFO | Training epoch 1965, Batch 1000/1000: LR=1.08e-06, Loss=4.41e-03 BER=1.57e-03 FER=2.98e-02
2025-10-27 12:03:18,273 | INFO | Epoch 1965 Train Time 69.00448250770569s

2025-10-27 12:04:34,188 | INFO | Training epoch 1966, Batch 1000/1000: LR=1.07e-06, Loss=4.34e-03 BER=1.56e-03 FER=2.95e-02
2025-10-27 12:04:34,244 | INFO | Epoch 1966 Train Time 75.9700539112091s

2025-10-27 12:05:51,870 | INFO | Training epoch 1967, Batch 1000/1000: LR=1.07e-06, Loss=4.37e-03 BER=1.57e-03 FER=2.92e-02
2025-10-27 12:05:51,960 | INFO | Epoch 1967 Train Time 77.71475720405579s

2025-10-27 12:07:08,392 | INFO | Training epoch 1968, Batch 1000/1000: LR=1.07e-06, Loss=4.29e-03 BER=1.55e-03 FER=2.96e-02
2025-10-27 12:07:08,454 | INFO | Epoch 1968 Train Time 76.49228429794312s

2025-10-27 12:08:22,063 | INFO | Training epoch 1969, Batch 1000/1000: LR=1.06e-06, Loss=4.28e-03 BER=1.52e-03 FER=2.91e-02
2025-10-27 12:08:22,138 | INFO | Epoch 1969 Train Time 73.68316078186035s

2025-10-27 12:09:34,469 | INFO | Training epoch 1970, Batch 1000/1000: LR=1.06e-06, Loss=4.33e-03 BER=1.57e-03 FER=2.98e-02
2025-10-27 12:09:34,559 | INFO | Epoch 1970 Train Time 72.41909384727478s

2025-10-27 12:10:51,570 | INFO | Training epoch 1971, Batch 1000/1000: LR=1.05e-06, Loss=4.28e-03 BER=1.53e-03 FER=2.94e-02
2025-10-27 12:10:51,628 | INFO | Epoch 1971 Train Time 77.06734991073608s

2025-10-27 12:12:11,771 | INFO | Training epoch 1972, Batch 1000/1000: LR=1.05e-06, Loss=4.40e-03 BER=1.57e-03 FER=2.98e-02
2025-10-27 12:12:11,841 | INFO | Epoch 1972 Train Time 80.21132063865662s

2025-10-27 12:13:26,385 | INFO | Training epoch 1973, Batch 1000/1000: LR=1.05e-06, Loss=4.46e-03 BER=1.62e-03 FER=3.07e-02
2025-10-27 12:13:26,456 | INFO | Epoch 1973 Train Time 74.61397910118103s

2025-10-27 12:14:43,078 | INFO | Training epoch 1974, Batch 1000/1000: LR=1.04e-06, Loss=4.51e-03 BER=1.59e-03 FER=3.00e-02
2025-10-27 12:14:43,158 | INFO | Epoch 1974 Train Time 76.7001085281372s

2025-10-27 12:15:47,273 | INFO | Training epoch 1975, Batch 1000/1000: LR=1.04e-06, Loss=4.42e-03 BER=1.57e-03 FER=3.04e-02
2025-10-27 12:15:47,338 | INFO | Epoch 1975 Train Time 64.17803597450256s

2025-10-27 12:17:03,087 | INFO | Training epoch 1976, Batch 1000/1000: LR=1.04e-06, Loss=4.48e-03 BER=1.60e-03 FER=2.99e-02
2025-10-27 12:17:03,161 | INFO | Epoch 1976 Train Time 75.82080554962158s

2025-10-27 12:18:20,592 | INFO | Training epoch 1977, Batch 1000/1000: LR=1.04e-06, Loss=4.37e-03 BER=1.56e-03 FER=2.96e-02
2025-10-27 12:18:20,677 | INFO | Epoch 1977 Train Time 77.51428461074829s

2025-10-27 12:19:31,288 | INFO | Training epoch 1978, Batch 1000/1000: LR=1.03e-06, Loss=4.38e-03 BER=1.59e-03 FER=3.01e-02
2025-10-27 12:19:31,368 | INFO | Epoch 1978 Train Time 70.68951272964478s

2025-10-27 12:20:44,993 | INFO | Training epoch 1979, Batch 1000/1000: LR=1.03e-06, Loss=4.33e-03 BER=1.53e-03 FER=2.93e-02
2025-10-27 12:20:45,077 | INFO | Epoch 1979 Train Time 73.70634245872498s

2025-10-27 12:22:05,871 | INFO | Training epoch 1980, Batch 1000/1000: LR=1.03e-06, Loss=4.20e-03 BER=1.51e-03 FER=2.90e-02
2025-10-27 12:22:05,934 | INFO | Epoch 1980 Train Time 80.853835105896s

2025-10-27 12:23:27,206 | INFO | Training epoch 1981, Batch 1000/1000: LR=1.02e-06, Loss=4.36e-03 BER=1.58e-03 FER=3.00e-02
2025-10-27 12:23:27,259 | INFO | Epoch 1981 Train Time 81.32275485992432s

2025-10-27 12:24:38,269 | INFO | Training epoch 1982, Batch 1000/1000: LR=1.02e-06, Loss=4.33e-03 BER=1.55e-03 FER=2.93e-02
2025-10-27 12:24:38,330 | INFO | Epoch 1982 Train Time 71.07038164138794s

2025-10-27 12:25:51,969 | INFO | Training epoch 1983, Batch 1000/1000: LR=1.02e-06, Loss=4.31e-03 BER=1.53e-03 FER=2.89e-02
2025-10-27 12:25:52,052 | INFO | Epoch 1983 Train Time 73.72121453285217s

2025-10-27 12:27:03,287 | INFO | Training epoch 1984, Batch 1000/1000: LR=1.02e-06, Loss=4.29e-03 BER=1.53e-03 FER=2.91e-02
2025-10-27 12:27:03,351 | INFO | Epoch 1984 Train Time 71.2963011264801s

2025-10-27 12:28:13,495 | INFO | Training epoch 1985, Batch 1000/1000: LR=1.02e-06, Loss=4.34e-03 BER=1.55e-03 FER=2.95e-02
2025-10-27 12:28:13,572 | INFO | Epoch 1985 Train Time 70.21870374679565s

2025-10-27 12:29:22,471 | INFO | Training epoch 1986, Batch 1000/1000: LR=1.01e-06, Loss=4.31e-03 BER=1.55e-03 FER=2.97e-02
2025-10-27 12:29:22,539 | INFO | Epoch 1986 Train Time 68.964426279068s

2025-10-27 12:30:36,455 | INFO | Training epoch 1987, Batch 1000/1000: LR=1.01e-06, Loss=4.36e-03 BER=1.56e-03 FER=2.95e-02
2025-10-27 12:30:36,514 | INFO | Epoch 1987 Train Time 73.97236680984497s

2025-10-27 12:31:55,796 | INFO | Training epoch 1988, Batch 1000/1000: LR=1.01e-06, Loss=4.30e-03 BER=1.53e-03 FER=2.88e-02
2025-10-27 12:31:55,853 | INFO | Epoch 1988 Train Time 79.33811616897583s

2025-10-27 12:33:08,806 | INFO | Training epoch 1989, Batch 1000/1000: LR=1.01e-06, Loss=4.31e-03 BER=1.55e-03 FER=2.93e-02
2025-10-27 12:33:08,872 | INFO | Epoch 1989 Train Time 73.01776385307312s

2025-10-27 12:34:24,987 | INFO | Training epoch 1990, Batch 1000/1000: LR=1.01e-06, Loss=4.35e-03 BER=1.55e-03 FER=2.95e-02
2025-10-27 12:34:25,059 | INFO | Epoch 1990 Train Time 76.18648266792297s

2025-10-27 12:35:44,627 | INFO | Training epoch 1991, Batch 1000/1000: LR=1.01e-06, Loss=4.28e-03 BER=1.54e-03 FER=2.91e-02
2025-10-27 12:35:44,697 | INFO | Epoch 1991 Train Time 79.63691186904907s

2025-10-27 12:36:57,374 | INFO | Training epoch 1992, Batch 1000/1000: LR=1.00e-06, Loss=4.18e-03 BER=1.48e-03 FER=2.87e-02
2025-10-27 12:36:57,435 | INFO | Epoch 1992 Train Time 72.73565244674683s

2025-10-27 12:38:12,066 | INFO | Training epoch 1993, Batch 1000/1000: LR=1.00e-06, Loss=4.33e-03 BER=1.58e-03 FER=2.98e-02
2025-10-27 12:38:12,115 | INFO | Epoch 1993 Train Time 74.67871165275574s

2025-10-27 12:39:23,590 | INFO | Training epoch 1994, Batch 1000/1000: LR=1.00e-06, Loss=4.43e-03 BER=1.59e-03 FER=2.95e-02
2025-10-27 12:39:23,652 | INFO | Epoch 1994 Train Time 71.53607177734375s

2025-10-27 12:40:42,895 | INFO | Training epoch 1995, Batch 1000/1000: LR=1.00e-06, Loss=4.31e-03 BER=1.55e-03 FER=2.90e-02
2025-10-27 12:40:42,953 | INFO | Epoch 1995 Train Time 79.30048036575317s

2025-10-27 12:41:57,282 | INFO | Training epoch 1996, Batch 1000/1000: LR=1.00e-06, Loss=4.51e-03 BER=1.62e-03 FER=3.04e-02
2025-10-27 12:41:57,357 | INFO | Epoch 1996 Train Time 74.40250396728516s

2025-10-27 12:43:14,594 | INFO | Training epoch 1997, Batch 1000/1000: LR=1.00e-06, Loss=4.34e-03 BER=1.56e-03 FER=2.92e-02
2025-10-27 12:43:14,651 | INFO | Epoch 1997 Train Time 77.29157280921936s

2025-10-27 12:44:25,113 | INFO | Training epoch 1998, Batch 1000/1000: LR=1.00e-06, Loss=4.23e-03 BER=1.50e-03 FER=2.91e-02
2025-10-27 12:44:25,183 | INFO | Epoch 1998 Train Time 70.53047299385071s

2025-10-27 12:45:38,276 | INFO | Training epoch 1999, Batch 1000/1000: LR=1.00e-06, Loss=4.28e-03 BER=1.54e-03 FER=2.94e-02
2025-10-27 12:45:38,344 | INFO | Epoch 1999 Train Time 73.15952825546265s

2025-10-27 12:47:00,070 | INFO | Training epoch 2000, Batch 1000/1000: LR=1.00e-06, Loss=4.39e-03 BER=1.58e-03 FER=2.97e-02
2025-10-27 12:47:00,138 | INFO | Epoch 2000 Train Time 81.79200029373169s

2025-10-27 12:47:00,157 | INFO | Checkpoint saved: runs/20251025_080611/stage2_qat__POLAR_n64_k48__Ndec6_d128_h8.pth
2025-10-27 12:47:00,174 | INFO | Checkpoint saved: runs/20251025_080611/stage2_qat__POLAR_n64_k48__Ndec6_d128_h8__e2000_loss0.004388.pth
2025-10-27 12:47:01,019 | INFO | Loaded checkpoint: runs/20251025_080611/stage2_qat__POLAR_n64_k48__Ndec6_d128_h8.pth (strict=False)
2025-10-27 12:47:01,050 | INFO | Checkpoint saved: runs/20251025_080611/stage2_infer_frozen__POLAR_n64_k48__Ndec6_d128_h8__e1938_loss0.004092.pth
2025-10-27 12:47:07,488 | INFO | FER count threshold reached for EbN0:4
2025-10-27 12:47:07,546 | INFO | Test EbN0=4, BER=1.61e-03
2025-10-27 12:47:14,352 | INFO | FER count threshold reached for EbN0:5
2025-10-27 12:47:14,411 | INFO | Test EbN0=5, BER=1.94e-04
2025-10-27 12:47:34,950 | INFO | FER count threshold reached for EbN0:6
2025-10-27 12:47:35,040 | INFO | Test EbN0=6, BER=1.65e-05
2025-10-27 12:47:35,040 | INFO | 
Test Loss 4: 4.6176e-03 5: 5.9250e-04 6: 5.5070e-05
2025-10-27 12:47:35,040 | INFO | Test FER 4: 3.1948e-02 5: 4.0657e-03 6: 3.2660e-04
2025-10-27 12:47:35,040 | INFO | Test BER 4: 1.6124e-03 5: 1.9400e-04 6: 1.6471e-05
2025-10-27 12:47:35,040 | INFO | Test -ln(BER) 4: 6.4300e+00 5: 8.5476e+00 6: 1.1014e+01
2025-10-27 12:47:35,040 | INFO | # of testing samples: [100352.0, 100352.0, 309248.0]
 Test Time 33.98961138725281 s

2025-10-27 12:47:35,046 | INFO | Done.
